event_id,symbol,underlying,ex_date,reality_amount,basis_before,basis_after,tier,issuer_declared,issuer_realised,perp_notice,calendar_ex_date,prior_realised,evidence,reason
rADI-2026-06-02-1,rADI,ADI,2026-06-02,1.1000000000000000,UNRESOLVED,GROSS,2,1.10,1.1,,,1.1 ex 2026-03-03,nasdaq_declared: 1.10 ex 2026-06-02 declared 05/19/2026 (third-party); yahoo_realised: 1.1 ex 2026-06-02 (third-party),tier 2
rAAON-2026-06-05-1,rAAON,AAON,2026-06-05,0.1000000000000000,UNRESOLVED,GROSS,2,0.10,0.1,,,0.1 ex 2026-03-18,nasdaq_declared: 0.10 ex 2026-06-05 declared 05/12/2026 (third-party); yahoo_realised: 0.1 ex 2026-06-05 (third-party),tier 2
rABEV-2026-06-24-1,rABEV,ABEV,2026-06-24,0.0057280000000000,UNRESOLVED,UNRESOLVED,,,0.009,,,,,amount conflict: yahoo_realised 0.009 vs Reality 0.0057280000000000 (ratio 0.636)
rA-2026-06-30-1,rA,A,2026-06-30,0.2550000000000000,UNRESOLVED,GROSS,2,,0.255,,,0.255 ex 2026-03-31,yahoo_realised: 0.255 ex 2026-06-30 (third-party),tier 2
rABCB-2026-06-30-1,rABCB,ABCB,2026-06-30,0.2000000000000000,UNRESOLVED,GROSS,2,,0.2,,,0.2 ex 2026-03-31,yahoo_realised: 0.2 ex 2026-06-30 (third-party),tier 2
rADC-2026-06-30-1,rADC,ADC,2026-06-30,0.2670000000000000,UNRESOLVED,GROSS,2,,0.267,,,0.267 ex 2026-05-29,yahoo_realised: 0.267 ex 2026-06-30 (third-party),tier 2
rACM-2026-07-01-1,rACM,ACM,2026-07-01,0.3100000000000000,UNRESOLVED,GROSS,2,,0.31,,,0.31 ex 2026-04-01,yahoo_realised: 0.31 ex 2026-07-01 (third-party),tier 2
rACN-2026-07-09-1,rACN,ACN,2026-07-09,1.6300000000000000,UNRESOLVED,GROSS,2,,1.63,,,1.63 ex 2026-04-09,yahoo_realised: 1.63 ex 2026-07-09 (third-party),tier 2
rABBV-2026-07-15-1,rABBV,ABBV,2026-07-15,1.7300000000000000,UNRESOLVED,GROSS,2,,1.73,,,1.73 ex 2026-04-15,yahoo_realised: 1.73 ex 2026-07-15 (third-party),tier 2
rABT-2026-07-15-1,rABT,ABT,2026-07-15,0.6300000000000000,UNRESOLVED,GROSS,2,,0.63,,,0.63 ex 2026-04-15,yahoo_realised: 0.63 ex 2026-07-15 (third-party),tier 2
rACI-2026-07-24-1,rACI,ACI,2026-07-24,0.1700000000000000,UNRESOLVED,GROSS,2,,0.17,,,0.17 ex 2026-04-24,yahoo_realised: 0.17 ex 2026-07-24 (third-party),tier 2
rADC-2026-07-31-1,rADC,ADC,2026-07-31,0.2670000000000000,UNRESOLVED,GROSS,2,,0.267,,,0.267 ex 2026-06-30,yahoo_realised: 0.267 ex 2026-07-31 (third-party),tier 2
rAAPL-2026-08-10-1,rAAPL,AAPL,2026-08-10,0.2700000000000000,UNRESOLVED,GROSS,2,0.27,0.27,,,0.27 ex 2026-05-11,nasdaq_declared: 0.27 ex 2026-08-10 declared 07/30/2026 (third-party); yahoo_realised: 0.27 ex 2026-08-10 (third-party),tier 2
rAA-2026-08-11-1,rAA,AA,2026-08-11,0.1000000000000000,UNRESOLVED,GROSS,2,,0.1,,,0.1 ex 2026-05-19,yahoo_realised: 0.1 ex 2026-08-11 (third-party),tier 2
rACT-2026-08-20-1,rACT,ACT,2026-08-20,0.2400000000000000,UNRESOLVED,GROSS,2,0.24,0.24,,,0.24 ex 2026-05-28,nasdaq_declared: 0.24 ex 2026-08-20 declared 08/05/2026 (third-party); yahoo_realised: 0.24 ex 2026-08-20 (third-party),tier 2
rADC-2026-08-31-1,rADC,ADC,2026-08-31,0.2670000000000000,UNRESOLVED,GROSS,2,,0.267,,,0.267 ex 2026-07-31,yahoo_realised: 0.267 ex 2026-08-31 (third-party),tier 2
rADI-2026-09-01-1,rADI,ADI,2026-09-01,1.1000000000000000,UNRESOLVED,GROSS,2,1.10,1.1,,,1.1 ex 2026-06-02,nasdaq_declared: 1.10 ex 2026-09-01 declared 08/18/2026 (third-party); yahoo_realised: 1.1 ex 2026-09-01 (third-party),tier 2
rAAON-2026-09-04-1,rAAON,AAON,2026-09-04,0.1000000000000000,UNRESOLVED,GROSS,2,0.10,0.1,,,0.1 ex 2026-06-05,nasdaq_declared: 0.10 ex 2026-09-04 declared 08/12/2026 (third-party); yahoo_realised: 0.1 ex 2026-09-04 (third-party),tier 2
rABEV-2026-09-23-1,rABEV,ABEV,2026-09-23,0.0139660000000000,UNRESOLVED,UNRESOLVED,,,,,2026-09-23,0.009 ex 2026-06-24,yahoo_calendar: announced next ex-date 2026-09-23 (third-party),"no issuer row at ex-date; tier 3 needs first-party amount corroboration, prior-period amount"
rABCB-2026-09-30-1,rABCB,ABCB,2026-09-30,0.2000000000000000,UNRESOLVED,UNRESOLVED,,,,,2026-09-30,0.2 ex 2026-06-30,yahoo_calendar: announced next ex-date 2026-09-30 (third-party); prior realised 0.2 ex 2026-06-30 equals amount (ASSUMED unchanged),no issuer row at ex-date; tier 3 needs first-party amount corroboration
rADC-2026-09-30-1,rADC,ADC,2026-09-30,0.2670000000000000,UNRESOLVED,UNRESOLVED,,,,,2026-09-30,0.267 ex 2026-08-31,yahoo_calendar: announced next ex-date 2026-09-30 (third-party); prior realised 0.267 ex 2026-08-31 equals amount (ASSUMED unchanged),no issuer row at ex-date; tier 3 needs first-party amount corroboration
rA-2026-10-06-1,rA,A,2026-10-06,0.2550000000000000,UNRESOLVED,UNRESOLVED,,,,,2026-10-06,0.255 ex 2026-06-30,yahoo_calendar: announced next ex-date 2026-10-06 (third-party); prior realised 0.255 ex 2026-06-30 equals amount (ASSUMED unchanged),no issuer row at ex-date; tier 3 needs first-party amount corroboration
rABBV-2026-10-15-1,rABBV,ABBV,2026-10-15,1.7300000000000000,UNRESOLVED,UNRESOLVED,,,,,2026-10-15,1.73 ex 2026-07-15,yahoo_calendar: announced next ex-date 2026-10-15 (third-party); prior realised 1.73 ex 2026-07-15 equals amount (ASSUMED unchanged),no issuer row at ex-date; tier 3 needs first-party amount corroboration
rAEM-2026-06-01-1,rAEM,AEM,2026-06-01,0.4500000000000000,UNRESOLVED,GROSS,2,,0.45,,,0.45 ex 2026-03-02,yahoo_realised: 0.45 ex 2026-06-01 (third-party),tier 2
rAGG-2026-06-01-1,rAGG,AGG,2026-06-01,0.3314900000000000,UNRESOLVED,GROSS,2,,0.331,,,0.33 ex 2026-05-01,yahoo_realised: 0.331 ex 2026-06-01 (third-party),tier 2
rAEE-2026-06-09-1,rAEE,AEE,2026-06-09,0.7500000000000000,UNRESOLVED,GROSS,2,,0.75,,,0.75 ex 2026-03-10,yahoo_realised: 0.75 ex 2026-06-09 (third-party),tier 2
rADT-2026-06-11-1,rADT,ADT,2026-06-11,0.0550000000000000,UNRESOLVED,GROSS,2,,0.055,,,0.055 ex 2026-03-12,yahoo_realised: 0.055 ex 2026-06-11 (third-party),tier 2
rAGI-2026-06-11-1,rAGI,AGI,2026-06-11,0.0400000000000000,UNRESOLVED,GROSS,2,,0.04,,,0.04 ex 2026-03-12,yahoo_realised: 0.04 ex 2026-06-11 (third-party),tier 2
rADP-2026-06-12-1,rADP,ADP,2026-06-12,1.7000000000000000,UNRESOLVED,GROSS,2,1.70,1.7,,,1.7 ex 2026-03-13,nasdaq_declared: 1.70 ex 2026-06-12 declared 04/08/2026 (third-party); yahoo_realised: 1.7 ex 2026-06-12 (third-party),tier 2
rAEG-2026-06-15-1,rAEG,AEG,2026-06-15,0.2098620000000000,UNRESOLVED,UNRESOLVED,,,0.247,,,,,amount conflict: yahoo_realised 0.247 vs Reality 0.2098620000000000 (ratio 0.850)
rAIG-2026-06-15-1,rAIG,AIG,2026-06-15,0.5000000000000000,UNRESOLVED,GROSS,2,,0.5,,,0.45 ex 2026-03-16,yahoo_realised: 0.5 ex 2026-06-15 (third-party),tier 2
rAGNC-2026-06-30-1,rAGNC,AGNC,2026-06-30,0.1200000000000000,UNRESOLVED,GROSS,2,0.12,0.12,,,0.12 ex 2026-05-29,nasdaq_declared: 0.12 ex 2026-06-30 declared 06/11/2026 (third-party); yahoo_realised: 0.12 ex 2026-06-30 (third-party),tier 2
rAHR-2026-06-30-1,rAHR,AHR,2026-06-30,0.2500000000000000,UNRESOLVED,GROSS,2,,0.25,,,0.25 ex 2026-03-31,yahoo_realised: 0.25 ex 2026-06-30 (third-party),tier 2
rAGG-2026-07-01-1,rAGG,AGG,2026-07-01,0.3306880000000000,UNRESOLVED,GROSS,2,,0.331,,,0.331 ex 2026-06-01,yahoo_realised: 0.331 ex 2026-07-01 (third-party),tier 2
rAFG-2026-07-15-1,rAFG,AFG,2026-07-15,0.8800000000000000,UNRESOLVED,GROSS,2,,0.88,,,0.88 ex 2026-04-15,yahoo_realised: 0.88 ex 2026-07-15 (third-party),tier 2
rAGX-2026-07-23-1,rAGX,AGX,2026-07-23,0.5000000000000000,UNRESOLVED,GROSS,2,,0.5,,,0.5 ex 2026-04-22,yahoo_realised: 0.5 ex 2026-07-23 (third-party),tier 2
rAES-2026-07-31-1,rAES,AES,2026-07-31,0.1759500000000000,UNRESOLVED,GROSS,2,,0.176,,,0.176 ex 2026-05-01,yahoo_realised: 0.176 ex 2026-07-31 (third-party),tier 2
rAGNC-2026-07-31-1,rAGNC,AGNC,2026-07-31,0.1200000000000000,UNRESOLVED,GROSS,2,0.12,0.12,,,0.12 ex 2026-06-30,nasdaq_declared: 0.12 ex 2026-07-31 declared 07/08/2026 (third-party); yahoo_realised: 0.12 ex 2026-07-31 (third-party),tier 2
rAGG-2026-08-03-1,rAGG,AGG,2026-08-03,0.3375680200000000,UNRESOLVED,GROSS,2,,0.338,,,0.331 ex 2026-07-01,yahoo_realised: 0.338 ex 2026-08-03 (third-party),tier 2
rAEP-2026-08-10-1,rAEP,AEP,2026-08-10,0.9500000000000000,UNRESOLVED,GROSS,2,0.95,0.95,,,0.95 ex 2026-05-08,nasdaq_declared: 0.95 ex 2026-08-10 declared 07/20/2026 (third-party); yahoo_realised: 0.95 ex 2026-08-10 (third-party),tier 2
rAER-2026-08-12-1,rAER,AER,2026-08-12,0.4000000000000000,UNRESOLVED,GROSS,2,,0.4,,,0.4 ex 2026-05-13,yahoo_realised: 0.4 ex 2026-08-12 (third-party),tier 2
rAG-2026-08-14-1,rAG,AG,2026-08-14,0.0152000000000000,UNRESOLVED,GROSS,2,,0.015,,,0.017 ex 2026-05-20,yahoo_realised: 0.015 ex 2026-08-14 (third-party),tier 2
rAGCO-2026-08-14-1,rAGCO,AGCO,2026-08-14,0.3000000000000000,UNRESOLVED,GROSS,2,,0.3,,,0.3 ex 2026-05-15,yahoo_realised: 0.3 ex 2026-08-14 (third-party),tier 2
rADM-2026-08-19-1,rADM,ADM,2026-08-19,0.5200000000000000,UNRESOLVED,GROSS,2,,0.52,,,0.52 ex 2026-05-20,yahoo_realised: 0.52 ex 2026-08-19 (third-party),tier 2
rAFL-2026-08-19-1,rAFL,AFL,2026-08-19,0.6100000000000000,UNRESOLVED,GROSS,2,,0.61,,,0.61 ex 2026-05-20,yahoo_realised: 0.61 ex 2026-08-19 (third-party),tier 2
rAEIS-2026-08-24-1,rAEIS,AEIS,2026-08-24,0.1000000000000000,UNRESOLVED,GROSS,2,0.10,0.1,,,0.1 ex 2026-05-22,nasdaq_declared: 0.10 ex 2026-08-24 declared 08/03/2026 (third-party); yahoo_realised: 0.1 ex 2026-08-24 (third-party),tier 2
rAGNC-2026-08-31-1,rAGNC,AGNC,2026-08-31,0.1200000000000000,UNRESOLVED,GROSS,2,0.12,0.12,,,0.12 ex 2026-07-31,nasdaq_declared: 0.12 ex 2026-08-31 declared 08/12/2026 (third-party); yahoo_realised: 0.12 ex 2026-08-31 (third-party),tier 2
rAEM-2026-09-01-1,rAEM,AEM,2026-09-01,0.4500000000000000,UNRESOLVED,GROSS,2,,0.45,,,0.45 ex 2026-06-01,yahoo_realised: 0.45 ex 2026-09-01 (third-party),tier 2
rAGG-2026-09-01-1,rAGG,AGG,2026-09-01,0.3370620000000000,UNRESOLVED,GROSS,2,,0.337,,,0.338 ex 2026-08-03,yahoo_realised: 0.337 ex 2026-09-01 (third-party),tier 2
rAEG-2026-09-03-1,rAEG,AEG,2026-09-03,0.2086840000000000,UNRESOLVED,UNRESOLVED,,,0.246,,,0.247 ex 2026-06-15,,amount conflict: yahoo_realised 0.246 vs Reality 0.2086840000000000 (ratio 0.848)
rAEE-2026-09-08-1,rAEE,AEE,2026-09-08,0.7500000000000000,UNRESOLVED,GROSS,2,,0.75,,,0.75 ex 2026-06-09,yahoo_realised: 0.75 ex 2026-09-08 (third-party),tier 2
rADT-2026-09-10-1,rADT,ADT,2026-09-10,0.0550000000000000,UNRESOLVED,GROSS,2,,0.055,,,0.055 ex 2026-06-11,yahoo_realised: 0.055 ex 2026-09-10 (third-party),tier 2
rAGI-2026-09-10-1,rAGI,AGI,2026-09-10,0.0400000000000000,UNRESOLVED,GROSS,2,,0.04,,,0.04 ex 2026-06-11,yahoo_realised: 0.04 ex 2026-09-10 (third-party),tier 2
rADP-2026-09-11-1,rADP,ADP,2026-09-11,1.7000000000000000,UNRESOLVED,GROSS,2,1.70,1.7,,,1.7 ex 2026-06-12,nasdaq_declared: 1.70 ex 2026-09-11 declared 08/05/2026 (third-party); yahoo_realised: 1.7 ex 2026-09-11 (third-party),tier 2
rAIG-2026-09-16-1,rAIG,AIG,2026-09-16,0.5000000000000000,UNRESOLVED,GROSS,2,,0.5,,,0.5 ex 2026-06-15,yahoo_realised: 0.5 ex 2026-09-16 (third-party),tier 2
rAGNC-2026-09-30-1,rAGNC,AGNC,2026-09-30,0.1200000000000000,UNRESOLVED,GROSS,2,0.12,,,,0.12 ex 2026-08-31,nasdaq_declared: 0.12 ex 2026-09-30 declared 09/09/2026 (third-party),tier 2
rAGX-2026-10-22-1,rAGX,AGX,2026-10-22,0.7000000000000000,UNRESOLVED,UNRESOLVED,,,,,2026-10-22,0.5 ex 2026-07-23,yahoo_calendar: announced next ex-date 2026-10-22 (third-party),"no issuer row at ex-date; tier 3 needs first-party amount corroboration, prior-period amount"
rALL-2026-06-01-1,rALL,ALL,2026-06-01,1.0800000000000000,UNRESOLVED,GROSS,2,,1.08,,,1.08 ex 2026-03-02,yahoo_realised: 1.08 ex 2026-06-01 (third-party),tier 2
rAJG-2026-06-05-1,rAJG,AJG,2026-06-05,0.7000000000000000,UNRESOLVED,GROSS,2,,0.7,,,0.7 ex 2026-03-06,yahoo_realised: 0.7 ex 2026-06-05 (third-party),tier 2
rAIZ-2026-06-08-1,rAIZ,AIZ,2026-06-08,0.8800000000000000,UNRESOLVED,GROSS,2,,0.88,,,0.88 ex 2026-02-17,yahoo_realised: 0.88 ex 2026-06-08 (third-party),tier 2
rALB-2026-06-12-1,rALB,ALB,2026-06-12,0.4050000000000000,UNRESOLVED,GROSS,2,,0.405,,,0.405 ex 2026-03-13,yahoo_realised: 0.405 ex 2026-06-12 (third-party),tier 2
rALLE-2026-06-15-1,rALLE,ALLE,2026-06-15,0.5500000000000000,UNRESOLVED,GROSS,2,,0.55,,,0.55 ex 2026-03-13,yahoo_realised: 0.55 ex 2026-06-15 (third-party),tier 2
rAME-2026-06-15-1,rAME,AME,2026-06-15,0.3400000000000000,UNRESOLVED,GROSS,2,,0.34,,,0.34 ex 2026-03-16,yahoo_realised: 0.34 ex 2026-06-15 (third-party),tier 2
rALLY-2026-07-31-1,rALLY,ALLY,2026-07-31,0.3000000000000000,UNRESOLVED,GROSS,2,,0.3,,,0.3 ex 2026-05-01,yahoo_realised: 0.3 ex 2026-07-31 (third-party),tier 2
rAIT-2026-08-14-1,rAIT,AIT,2026-08-14,0.5100000000000000,UNRESOLVED,GROSS,2,,0.51,,,0.51 ex 2026-05-15,yahoo_realised: 0.51 ex 2026-08-14 (third-party),tier 2
rAMAT-2026-08-20-1,rAMAT,AMAT,2026-08-20,0.5300000000000000,UNRESOLVED,GROSS,2,0.53,0.53,,,0.53 ex 2026-05-21,nasdaq_declared: 0.53 ex 2026-08-20 declared 06/09/2026 (third-party); yahoo_realised: 0.53 ex 2026-08-20 (third-party),tier 2
rALSN-2026-08-21-1,rALSN,ALSN,2026-08-21,0.2900000000000000,UNRESOLVED,GROSS,2,,0.29,,,0.29 ex 2026-05-18,yahoo_realised: 0.29 ex 2026-08-21 (third-party),tier 2
rALV-2026-08-28-1,rALV,ALV,2026-08-28,0.8700000000000000,UNRESOLVED,GROSS,2,,0.87,,,0.87 ex 2026-05-20,yahoo_realised: 0.87 ex 2026-08-28 (third-party),tier 2
rAIZ-2026-08-31-1,rAIZ,AIZ,2026-08-31,0.8800000000000000,UNRESOLVED,GROSS,2,,0.88,,,0.88 ex 2026-06-08,yahoo_realised: 0.88 ex 2026-08-31 (third-party),tier 2
rALL-2026-08-31-1,rALL,ALL,2026-08-31,1.0800000000000000,UNRESOLVED,GROSS,2,,1.08,,,1.08 ex 2026-06-01,yahoo_realised: 1.08 ex 2026-08-31 (third-party),tier 2
rAMCR-2026-09-04-1,rAMCR,AMCR,2026-09-04,0.6500000000000000,UNRESOLVED,GROSS,2,,0.65,,,0.65 ex 2026-05-28,yahoo_realised: 0.65 ex 2026-09-04 (third-party),tier 2
rAJG-2026-09-08-1,rAJG,AJG,2026-09-08,0.7000000000000000,UNRESOLVED,GROSS,2,,0.7,,,0.7 ex 2026-06-05,yahoo_realised: 0.7 ex 2026-09-08 (third-party),tier 2
rALB-2026-09-11-1,rALB,ALB,2026-09-11,0.4100000000000000,UNRESOLVED,GROSS,2,,0.41,,,0.405 ex 2026-06-12,yahoo_realised: 0.41 ex 2026-09-11 (third-party),tier 2
rALLE-2026-09-15-1,rALLE,ALLE,2026-09-15,0.5500000000000000,UNRESOLVED,GROSS,2,,0.55,,,0.55 ex 2026-06-15,yahoo_realised: 0.55 ex 2026-09-15 (third-party),tier 2
rAME-2026-09-15-1,rAME,AME,2026-09-15,0.3400000000000000,UNRESOLVED,GROSS,2,,0.34,,,0.34 ex 2026-06-15,yahoo_realised: 0.34 ex 2026-09-15 (third-party),tier 2
rAMAT-2026-11-19-1,rAMAT,AMAT,2026-11-19,0.5300000000000000,UNRESOLVED,GROSS,2,0.53,,,,0.53 ex 2026-08-20,nasdaq_declared: 0.53 ex 2026-11-19 declared 09/10/2026 (third-party),tier 2
rAMKR-2026-06-03-1,rAMKR,AMKR,2026-06-03,0.0835200000000000,UNRESOLVED,GROSS,2,0.08352,0.084,,,0.084 ex 2026-03-12,nasdaq_declared: 0.08352 ex 2026-06-03 declared 05/13/2026 (third-party); yahoo_realised: 0.084 ex 2026-06-03 (third-party),tier 2
rAMT-2026-06-12-1,rAMT,AMT,2026-06-12,1.7900000000000000,UNRESOLVED,GROSS,2,,1.79,,,1.79 ex 2026-04-14,yahoo_realised: 1.79 ex 2026-06-12 (third-party),tier 2
rAMH-2026-06-15-1,rAMH,AMH,2026-06-15,0.3300000000000000,UNRESOLVED,GROSS,2,,0.33,,,0.33 ex 2026-03-13,yahoo_realised: 0.33 ex 2026-06-15 (third-party),tier 2
rAPH-2026-06-23-1,rAPH,APH,2026-06-23,0.2500000000000000,GROSS,GROSS,1,,,,,,bitget_notice_2026_07_24: amount and ex-date match; 30% withholding DOCUMENTED,tier 1: 2026-07-24 notice match (builder rule)
rAPD-2026-07-01-1,rAPD,APD,2026-07-01,1.8100000000000000,UNRESOLVED,GROSS,2,,1.81,,,1.81 ex 2026-04-01,yahoo_realised: 1.81 ex 2026-07-01 (third-party),tier 2
rAPA-2026-07-22-1,rAPA,APA,2026-07-22,0.2500000000000000,UNRESOLVED,GROSS,2,0.25,0.25,,,0.25 ex 2026-04-22,nasdaq_declared: 0.25 ex 2026-07-22 declared 05/20/2026 (third-party); yahoo_realised: 0.25 ex 2026-07-22 (third-party),tier 2
rAOS-2026-07-31-1,rAOS,AOS,2026-07-31,0.3600000000000000,UNRESOLVED,GROSS,2,,0.36,,,0.36 ex 2026-04-30,yahoo_realised: 0.36 ex 2026-07-31 (third-party),tier 2
rAMP-2026-08-03-1,rAMP,AMP,2026-08-03,1.7000000000000000,UNRESOLVED,GROSS,2,,1.7,,,1.7 ex 2026-05-04,yahoo_realised: 1.7 ex 2026-08-03 (third-party),tier 2
rAON-2026-08-03-1,rAON,AON,2026-08-03,0.8200000000000000,UNRESOLVED,GROSS,2,,0.82,,,0.82 ex 2026-05-01,yahoo_realised: 0.82 ex 2026-08-03 (third-party),tier 2
rAMG-2026-08-10-1,rAMG,AMG,2026-08-10,0.0100000000000000,UNRESOLVED,GROSS,2,,0.01,,,0.01 ex 2026-05-11,yahoo_realised: 0.01 ex 2026-08-10 (third-party),tier 2
rAMRZ-2026-08-18-1,rAMRZ,AMRZ,2026-08-18,0.1100000000000000,UNRESOLVED,GROSS,2,,0.11,,,0.11 ex 2026-05-12,yahoo_realised: 0.11 ex 2026-08-18 (third-party),tier 2
rAPO-2026-08-19-1,rAPO,APO,2026-08-19,0.5625000000000000,UNRESOLVED,GROSS,2,,0.563,,,0.563 ex 2026-05-19,yahoo_realised: 0.563 ex 2026-08-19 (third-party),tier 2
rAMGN-2026-08-21-1,rAMGN,AMGN,2026-08-21,2.5200000000000000,UNRESOLVED,GROSS,2,2.52,2.52,,,2.52 ex 2026-05-15,nasdaq_declared: 2.52 ex 2026-08-21 declared 07/30/2026 (third-party); yahoo_realised: 2.52 ex 2026-08-21 (third-party),tier 2
rAMKR-2026-09-02-1,rAMKR,AMKR,2026-09-02,0.0835200000000000,UNRESOLVED,GROSS,2,0.08352,0.084,,,0.084 ex 2026-06-03,nasdaq_declared: 0.08352 ex 2026-09-02 declared 08/12/2026 (third-party); yahoo_realised: 0.084 ex 2026-09-02 (third-party),tier 2
rAPH-2026-09-03-1,rAPH,APH,2026-09-03,,UNRESOLVED,UNRESOLVED,,,,,,,,not a cash dividend
rAMH-2026-09-15-1,rAMH,AMH,2026-09-15,0.3300000000000000,UNRESOLVED,GROSS,2,,0.33,,,0.33 ex 2026-06-15,yahoo_realised: 0.33 ex 2026-09-15 (third-party),tier 2
rAPH-2026-09-22-1,rAPH,APH,2026-09-22,0.1250000000000000,UNRESOLVED,UNRESOLVED,,,,,2026-09-22,0.125 ex 2026-06-23,yahoo_calendar: announced next ex-date 2026-09-22 (third-party); prior realised 0.125 ex 2026-06-23 equals amount (ASSUMED unchanged),no issuer row at ex-date; tier 3 needs first-party amount corroboration
rAPD-2026-10-01-1,rAPD,APD,2026-10-01,1.8100000000000000,UNRESOLVED,UNRESOLVED,,,,,2026-10-01,1.81 ex 2026-07-01,yahoo_calendar: announced next ex-date 2026-10-01 (third-party); prior realised 1.81 ex 2026-07-01 equals amount (ASSUMED unchanged),no issuer row at ex-date; tier 3 needs first-party amount corroboration
rASB-2026-06-01-1,rASB,ASB,2026-06-01,0.2400000000000000,UNRESOLVED,GROSS,2,,0.24,,,0.24 ex 2026-03-02,yahoo_realised: 0.24 ex 2026-06-01 (third-party),tier 2
rATAT-2026-06-05-1,rATAT,ATAT,2026-06-05,0.5100000000000000,UNRESOLVED,UNRESOLVED,,0.54,0.54,,,0.36 ex 2025-12-05,,amount conflict: nasdaq_declared 0.54 vs Reality 0.5100000000000000 (ratio 0.944); yahoo_realised 0.54 vs Reality 0.5100000000000000 (ratio 0.944)
rARCC-2026-06-15-1,rARCC,ARCC,2026-06-15,0.4800000000000000,UNRESOLVED,GROSS,2,0.48,0.48,,,0.48 ex 2026-03-13,nasdaq_declared: 0.48 ex 2026-06-15 declared 04/28/2026 (third-party); yahoo_realised: 0.48 ex 2026-06-15 (third-party),tier 2
rARES-2026-06-16-1,rARES,ARES,2026-06-16,1.3500000000000000,UNRESOLVED,GROSS,2,,1.35,,,1.35 ex 2026-03-17,yahoo_realised: 1.35 ex 2026-06-16 (third-party),tier 2
rAQN-2026-06-30-1,rAQN,AQN,2026-06-30,0.0650000000000000,UNRESOLVED,GROSS,2,,0.065,,,0.065 ex 2026-03-31,yahoo_realised: 0.065 ex 2026-06-30 (third-party),tier 2
rASX-2026-07-06-1,rASX,ASX,2026-07-06,0.3095020000000000,UNRESOLVED,UNRESOLVED,,,0.417,,,,,amount conflict: yahoo_realised 0.417 vs Reality 0.3095020000000000 (ratio 0.742)
rASML-2026-07-28-1,rASML,ASML,2026-07-28,1.8281120000000000,UNRESOLVED,UNRESOLVED,,2.15072,2.138,,,3.177 ex 2026-04-27,,amount conflict: nasdaq_declared 2.15072 vs Reality 1.8281120000000000 (ratio 0.850); yahoo_realised 2.138 vs Reality 1.8281120000000000 (ratio 0.855)
rATR-2026-07-30-1,rATR,ATR,2026-07-30,0.4800000000000000,UNRESOLVED,GROSS,2,,0.48,,,0.48 ex 2026-05-06,yahoo_realised: 0.48 ex 2026-07-30 (third-party),tier 2
rAROC-2026-08-04-1,rAROC,AROC,2026-08-04,0.2300000000000000,UNRESOLVED,GROSS,2,,0.23,,,0.22 ex 2026-05-12,yahoo_realised: 0.23 ex 2026-08-04 (third-party),tier 2
rARMK-2026-08-19-1,rARMK,ARMK,2026-08-19,0.1200000000000000,UNRESOLVED,GROSS,2,,0.12,,,0.12 ex 2026-05-20,yahoo_realised: 0.12 ex 2026-08-19 (third-party),tier 2
rATO-2026-08-24-1,rATO,ATO,2026-08-24,1.0000000000000000,UNRESOLVED,GROSS,2,,1.0,,,1.0 ex 2026-05-26,yahoo_realised: 1.0 ex 2026-08-24 (third-party),tier 2
rASB-2026-09-01-1,rASB,ASB,2026-09-01,0.2400000000000000,UNRESOLVED,GROSS,2,,0.24,,,0.24 ex 2026-06-01,yahoo_realised: 0.24 ex 2026-09-01 (third-party),tier 2
rARCC-2026-09-15-1,rARCC,ARCC,2026-09-15,0.4800000000000000,UNRESOLVED,GROSS,2,0.48,0.48,,,0.48 ex 2026-06-15,nasdaq_declared: 0.48 ex 2026-09-15 declared 07/29/2026 (third-party); yahoo_realised: 0.48 ex 2026-09-15 (third-party),tier 2
rARES-2026-09-16-1,rARES,ARES,2026-09-16,1.3500000000000000,UNRESOLVED,GROSS,2,,1.35,,,1.35 ex 2026-06-16,yahoo_realised: 1.35 ex 2026-09-16 (third-party),tier 2
rAQN-2026-09-29-1,rAQN,AQN,2026-09-29,0.0650000000000000,UNRESOLVED,UNRESOLVED,,,,,2026-09-29,0.065 ex 2026-06-30,yahoo_calendar: announced next ex-date 2026-09-29 (third-party); prior realised 0.065 ex 2026-06-30 equals amount (ASSUMED unchanged),no issuer row at ex-date; tier 3 needs first-party amount corroboration
rAVT-2026-06-03-1,rAVT,AVT,2026-06-03,0.3500000000000000,UNRESOLVED,GROSS,2,0.35,0.35,,,0.35 ex 2026-03-04,nasdaq_declared: 0.35 ex 2026-06-03 declared 05/20/2026 (third-party); yahoo_realised: 0.35 ex 2026-06-03 (third-party),tier 2
rAVY-2026-06-03-1,rAVY,AVY,2026-06-03,1.0000000000000000,UNRESOLVED,GROSS,2,,1.0,,,0.94 ex 2026-03-04,yahoo_realised: 1.0 ex 2026-06-03 (third-party),tier 2
rAVGO-2026-06-22-1,rAVGO,AVGO,2026-06-22,0.6500000000000000,GROSS,GROSS,1,,,,,,bitget_notice_2026_07_24: amount and ex-date match; 30% withholding DOCUMENTED,tier 1: 2026-07-24 notice match (builder rule)
rAVL-2026-06-23-1,rAVL,AVL,2026-06-23,0.2003900000000000,GROSS,GROSS,1,,,,,,bitget_notice_2026_07_24: amount and ex-date match; 30% withholding DOCUMENTED,tier 1: 2026-07-24 notice match (builder rule)
rAVAL-2026-06-30-1,rAVAL,AVAL,2026-06-30,0.0115500000000000,UNRESOLVED,UNRESOLVED,,,0.014,,,0.014 ex 2026-05-29,,amount conflict: yahoo_realised 0.014 vs Reality 0.0115500000000000 (ratio 0.825)
rAXS-2026-06-30-1,rAXS,AXS,2026-06-30,0.4400000000000000,UNRESOLVED,GROSS,2,,0.44,,,0.44 ex 2026-03-31,yahoo_realised: 0.44 ex 2026-06-30 (third-party),tier 2
rAXP-2026-07-02-1,rAXP,AXP,2026-07-02,0.9500000000000000,UNRESOLVED,GROSS,2,,0.95,,,0.95 ex 2026-04-02,yahoo_realised: 0.95 ex 2026-07-02 (third-party),tier 2
rAZZ-2026-07-09-1,rAZZ,AZZ,2026-07-09,0.2400000000000000,UNRESOLVED,GROSS,2,,0.24,,,0.2 ex 2026-04-23,yahoo_realised: 0.24 ex 2026-07-09 (third-party),tier 2
rAYI-2026-07-17-1,rAYI,AYI,2026-07-17,0.2000000000000000,UNRESOLVED,GROSS,2,,0.2,,,0.2 ex 2026-04-17,yahoo_realised: 0.2 ex 2026-07-17 (third-party),tier 2
rAVAL-2026-07-31-1,rAVAL,AVAL,2026-07-31,0.0115500000000000,UNRESOLVED,UNRESOLVED,,,0.017,,,0.014 ex 2026-06-30,,amount conflict: yahoo_realised 0.017 vs Reality 0.0115500000000000 (ratio 0.679)
rAWI-2026-08-05-1,rAWI,AWI,2026-08-05,0.3390000000000000,UNRESOLVED,GROSS,2,,0.339,,,0.339 ex 2026-05-11,yahoo_realised: 0.339 ex 2026-08-05 (third-party),tier 2
rAUB-2026-08-07-1,rAUB,AUB,2026-08-07,0.3700000000000000,UNRESOLVED,GROSS,2,,0.37,,,0.37 ex 2026-05-22,yahoo_realised: 0.37 ex 2026-08-07 (third-party),tier 2
rAZN-2026-08-07-1,rAZN,AZN,2026-08-07,1.0600000000000000,UNRESOLVED,UNRESOLVED,,,,,2026-08-07,2.153 ex 2026-02-19,yahoo_calendar: announced next ex-date 2026-08-07 (third-party),"no issuer row at ex-date; tier 3 needs first-party amount corroboration, prior-period amount"
rAWK-2026-08-11-1,rAWK,AWK,2026-08-11,0.8950000000000000,UNRESOLVED,GROSS,2,,0.895,,,0.895 ex 2026-05-12,yahoo_realised: 0.895 ex 2026-08-11 (third-party),tier 2
rAUGO-2026-08-18-1,rAUGO,AUGO,2026-08-18,0.7200000000000000,UNRESOLVED,GROSS,2,0.72,0.72,,,0.78 ex 2026-05-19,nasdaq_declared: 0.72 ex 2026-08-18 declared 08/05/2026 (third-party); yahoo_realised: 0.72 ex 2026-08-18 (third-party),tier 2
rAU-2026-08-21-1,rAU,AU,2026-08-21,0.7200000000000000,UNRESOLVED,GROSS,2,,0.72,,,1.16 ex 2026-05-29,yahoo_realised: 0.72 ex 2026-08-21 (third-party),tier 2
rAVAL-2026-08-31-1,rAVAL,AVAL,2026-08-31,0.0115500000000000,UNRESOLVED,UNRESOLVED,,,0.014,,,0.017 ex 2026-07-31,,amount conflict: yahoo_realised 0.014 vs Reality 0.0115500000000000 (ratio 0.825)
rB-2026-08-31-1,rB,B,2026-08-31,0.1750000000000000,UNRESOLVED,GROSS,2,,0.175,,,0.175 ex 2026-05-29,yahoo_realised: 0.175 ex 2026-08-31 (third-party),tier 2
rAVY-2026-09-02-1,rAVY,AVY,2026-09-02,1.0000000000000000,UNRESOLVED,GROSS,2,,1.0,,,1.0 ex 2026-06-03,yahoo_realised: 1.0 ex 2026-09-02 (third-party),tier 2
rAVT-2026-09-09-1,rAVT,AVT,2026-09-09,0.3700000000000000,UNRESOLVED,GROSS,2,0.37,0.37,,,0.35 ex 2026-06-03,nasdaq_declared: 0.37 ex 2026-09-09 declared 08/20/2026 (third-party); yahoo_realised: 0.37 ex 2026-09-09 (third-party),tier 2
rAVGO-2026-09-21-1,rAVGO,AVGO,2026-09-21,0.6500000000000000,UNRESOLVED,GROSS,2,0.65,,0.65,,0.65 ex 2026-06-22,"nasdaq_declared: 0.65 ex 2026-09-21 declared 09/01/2026 (third-party); perp_dividend_2026_09_16: 0.65 ex 2026-09-21 (first-party; amount only, no tax statement)",tier 2
rAVAL-2026-09-30-1,rAVAL,AVAL,2026-09-30,0.0165490000000000,UNRESOLVED,UNRESOLVED,,,,,2026-09-30,0.014 ex 2026-08-31,yahoo_calendar: announced next ex-date 2026-09-30 (third-party),"no issuer row at ex-date; tier 3 needs first-party amount corroboration, prior-period amount"
rAVAL-2026-11-02-1,rAVAL,AVAL,2026-11-02,0.0165490000000000,UNRESOLVED,UNRESOLVED,,,,,2026-09-30,0.014 ex 2026-08-31,,"no issuer row at ex-date; tier 3 needs first-party amount corroboration, issuer announced ex-date, prior-period amount"
rAVAL-2026-12-31-1,rAVAL,AVAL,2026-12-31,0.0132400000000000,UNRESOLVED,UNRESOLVED,,,,,2026-09-30,0.014 ex 2026-08-31,,"no issuer row at ex-date; tier 3 needs first-party amount corroboration, issuer announced ex-date, prior-period amount"
rAVAL-2027-01-29-1,rAVAL,AVAL,2027-01-29,0.0132400000000000,UNRESOLVED,UNRESOLVED,,,,,2026-09-30,0.014 ex 2026-08-31,,"no issuer row at ex-date; tier 3 needs first-party amount corroboration, issuer announced ex-date, prior-period amount"
rAVAL-2027-02-26-1,rAVAL,AVAL,2027-02-26,0.0132400000000000,UNRESOLVED,UNRESOLVED,,,,,2026-09-30,0.014 ex 2026-08-31,,"no issuer row at ex-date; tier 3 needs first-party amount corroboration, issuer announced ex-date, prior-period amount"
rBALL-2026-06-01-1,rBALL,BALL,2026-06-01,0.2000000000000000,UNRESOLVED,GROSS,2,,0.2,,,0.2 ex 2026-03-02,yahoo_realised: 0.2 ex 2026-06-01 (third-party),tier 2
rBBD-2026-06-03-1,rBBD,BBD,2026-06-03,0.0024220000000000,UNRESOLVED,UNRESOLVED,,,0.004,,,0.004 ex 2026-05-06,,amount conflict: yahoo_realised 0.004 vs Reality 0.0024220000000000 (ratio 0.606)
rBBDO-2026-06-03-1,rBBDO,BBDO,2026-06-03,0.0022020000000000,UNRESOLVED,UNRESOLVED,,,0.004,,,0.003 ex 2026-05-06,,amount conflict: yahoo_realised 0.004 vs Reality 0.0022020000000000 (ratio 0.550)
rBAC-2026-06-05-1,rBAC,BAC,2026-06-05,0.2800000000000000,UNRESOLVED,GROSS,2,,0.28,,,0.28 ex 2026-03-06,yahoo_realised: 0.28 ex 2026-06-05 (third-party),tier 2
rBDX-2026-06-09-1,rBDX,BDX,2026-06-09,1.0500000000000000,UNRESOLVED,GROSS,2,,1.05,,,1.05 ex 2026-03-10,yahoo_realised: 1.05 ex 2026-06-09 (third-party),tier 2
rBAH-2026-06-10-1,rBAH,BAH,2026-06-10,0.5900000000000000,UNRESOLVED,GROSS,2,,0.59,,,0.59 ex 2026-02-13,yahoo_realised: 0.59 ex 2026-06-10 (third-party),tier 2
rBABA-2026-06-11-1,rBABA,BABA,2026-06-11,1.0300000000000000,GROSS,GROSS,1,,,,,,bitget_notice_2026_07_24: amount and ex-date match; 30% withholding DOCUMENTED,tier 1: 2026-07-24 notice match (builder rule)
rBCE-2026-06-15-1,rBCE,BCE,2026-06-15,0.3202500000000000,UNRESOLVED,UNRESOLVED,,,0.313,,,0.319 ex 2026-03-16,,amount conflict: yahoo_realised 0.313 vs Reality 0.3202500000000000 (ratio 1.023)
rBBY-2026-06-18-1,rBBY,BBY,2026-06-18,0.9600000000000000,UNRESOLVED,GROSS,2,,0.96,,,0.96 ex 2026-03-24,yahoo_realised: 0.96 ex 2026-06-18 (third-party),tier 2
rBEN-2026-06-29-1,rBEN,BEN,2026-06-29,0.3300000000000000,UNRESOLVED,GROSS,2,,0.33,,,0.33 ex 2026-03-31,yahoo_realised: 0.33 ex 2026-06-29 (third-party),tier 2
rBBD-2026-07-06-1,rBBD,BBD,2026-07-06,0.0023510000000000,UNRESOLVED,UNRESOLVED,,,0.004,,,0.004 ex 2026-06-03,,amount conflict: yahoo_realised 0.004 vs Reality 0.0023510000000000 (ratio 0.588)
rBBDO-2026-07-06-1,rBBDO,BBDO,2026-07-06,0.0021370000000000,UNRESOLVED,UNRESOLVED,,,0.003,,,0.004 ex 2026-06-03,,amount conflict: yahoo_realised 0.003 vs Reality 0.0021370000000000 (ratio 0.712)
rBBD-2026-07-07-1,rBBD,BBD,2026-07-07,0.0419000000000000,UNRESOLVED,UNRESOLVED,,,0.067,,,0.004 ex 2026-07-06,,amount conflict: yahoo_realised 0.067 vs Reality 0.0419000000000000 (ratio 0.625)
rBBDO-2026-07-07-1,rBBDO,BBDO,2026-07-07,0.0380910000000000,UNRESOLVED,UNRESOLVED,,,0.061,,,0.003 ex 2026-07-06,,amount conflict: yahoo_realised 0.061 vs Reality 0.0380910000000000 (ratio 0.624)
rBCO-2026-07-27-1,rBCO,BCO,2026-07-27,0.2550000000000000,UNRESOLVED,GROSS,2,,0.255,,,0.255 ex 2026-05-18,yahoo_realised: 0.255 ex 2026-07-27 (third-party),tier 2
rBBD-2026-08-05-1,rBBD,BBD,2026-08-05,0.0023140000000000,UNRESOLVED,UNRESOLVED,,,0.004,,,0.067 ex 2026-07-07,,amount conflict: yahoo_realised 0.004 vs Reality 0.0023140000000000 (ratio 0.579)
rBBDO-2026-08-05-1,rBBDO,BBDO,2026-08-05,0.0021040000000000,UNRESOLVED,UNRESOLVED,,,0.003,,,0.061 ex 2026-07-07,,amount conflict: yahoo_realised 0.003 vs Reality 0.0021040000000000 (ratio 0.701)
rBAH-2026-08-14-1,rBAH,BAH,2026-08-14,0.5900000000000000,UNRESOLVED,GROSS,2,,0.59,,,0.59 ex 2026-06-10,yahoo_realised: 0.59 ex 2026-08-14 (third-party),tier 2
rBG-2026-08-18-1,rBG,BG,2026-08-18,0.7200000000000000,UNRESOLVED,GROSS,2,,0.72,,,0.72 ex 2026-05-22,yahoo_realised: 0.72 ex 2026-08-18 (third-party),tier 2
rBC-2026-08-20-1,rBC,BC,2026-08-20,0.4400000000000000,UNRESOLVED,GROSS,2,,0.44,,,0.44 ex 2026-05-18,yahoo_realised: 0.44 ex 2026-08-20 (third-party),tier 2
rBAX-2026-08-28-1,rBAX,BAX,2026-08-28,0.0100000000000000,UNRESOLVED,GROSS,2,,0.01,,,0.01 ex 2026-05-29,yahoo_realised: 0.01 ex 2026-08-28 (third-party),tier 2
rBAM-2026-08-31-1,rBAM,BAM,2026-08-31,0.5025000000000000,UNRESOLVED,GROSS,2,,0.502,,,0.502 ex 2026-05-29,yahoo_realised: 0.502 ex 2026-08-31 (third-party),tier 2
rBEP-2026-08-31-1,rBEP,BEP,2026-08-31,0.3920000000000000,UNRESOLVED,GROSS,2,,0.392,,,0.392 ex 2026-05-29,yahoo_realised: 0.392 ex 2026-08-31 (third-party),tier 2
rBEPC-2026-08-31-1,rBEPC,BEPC,2026-08-31,0.3920000000000000,UNRESOLVED,GROSS,2,,0.392,,,0.392 ex 2026-05-29,yahoo_realised: 0.392 ex 2026-08-31 (third-party),tier 2
rBALL-2026-09-01-1,rBALL,BALL,2026-09-01,0.2000000000000000,UNRESOLVED,GROSS,2,,0.2,,,0.2 ex 2026-06-01,yahoo_realised: 0.2 ex 2026-09-01 (third-party),tier 2
rBBD-2026-09-03-1,rBBD,BBD,2026-09-03,0.0023250000000000,UNRESOLVED,UNRESOLVED,,,0.004,,,0.004 ex 2026-08-05,,amount conflict: yahoo_realised 0.004 vs Reality 0.0023250000000000 (ratio 0.581)
rBBDO-2026-09-03-1,rBBDO,BBDO,2026-09-03,0.0021140000000000,UNRESOLVED,UNRESOLVED,,,0.003,,,0.003 ex 2026-08-05,,amount conflict: yahoo_realised 0.003 vs Reality 0.0021140000000000 (ratio 0.705)
rBAC-2026-09-04-1,rBAC,BAC,2026-09-04,0.3200000000000000,UNRESOLVED,GROSS,2,,0.32,,,0.28 ex 2026-06-05,yahoo_realised: 0.32 ex 2026-09-04 (third-party),tier 2
rBDX-2026-09-09-1,rBDX,BDX,2026-09-09,1.0500000000000000,UNRESOLVED,GROSS,2,,1.05,,,1.05 ex 2026-06-09,yahoo_realised: 1.05 ex 2026-09-09 (third-party),tier 2
rBCE-2026-09-15-1,rBCE,BCE,2026-09-15,0.3121562500000000,UNRESOLVED,UNRESOLVED,,,0.315,,,0.313 ex 2026-06-15,,amount conflict: yahoo_realised 0.315 vs Reality 0.3121562500000000 (ratio 0.991)
rBBY-2026-09-17-1,rBBY,BBY,2026-09-17,0.9600000000000000,UNRESOLVED,GROSS,2,,0.96,,,0.96 ex 2026-06-18,yahoo_realised: 0.96 ex 2026-09-17 (third-party),tier 2
rBBD-2026-09-21-1,rBBD,BBD,2026-09-21,0.0001620000000000,UNRESOLVED,UNRESOLVED,,,,,2026-09-21,0.004 ex 2026-09-03,yahoo_calendar: announced next ex-date 2026-09-21 (third-party),"no issuer row at ex-date; tier 3 needs first-party amount corroboration, prior-period amount"
rBBDO-2026-09-21-1,rBBDO,BBDO,2026-09-21,0.0013550000000000,UNRESOLVED,UNRESOLVED,,,,,2026-09-21,0.003 ex 2026-09-03,yahoo_calendar: announced next ex-date 2026-09-21 (third-party),"no issuer row at ex-date; tier 3 needs first-party amount corroboration, prior-period amount"
rBEN-2026-09-30-1,rBEN,BEN,2026-09-30,0.3300000000000000,UNRESOLVED,UNRESOLVED,,,,,2026-09-30,0.33 ex 2026-06-29,yahoo_calendar: announced next ex-date 2026-09-30 (third-party); prior realised 0.33 ex 2026-06-29 equals amount (ASSUMED unchanged),no issuer row at ex-date; tier 3 needs first-party amount corroboration
rBBD-2026-10-05-1,rBBD,BBD,2026-10-05,0.0037350000000000,UNRESOLVED,UNRESOLVED,,,,,2026-09-21,0.004 ex 2026-09-03,prior realised 0.004 ex 2026-09-03 equals amount (ASSUMED unchanged),"no issuer row at ex-date; tier 3 needs first-party amount corroboration, issuer announced ex-date"
rBBDO-2026-10-05-1,rBBDO,BBDO,2026-10-05,0.0033950000000000,UNRESOLVED,UNRESOLVED,,,,,2026-09-21,0.003 ex 2026-09-03,prior realised 0.003 ex 2026-09-03 equals amount (ASSUMED unchanged),"no issuer row at ex-date; tier 3 needs first-party amount corroboration, issuer announced ex-date"
rBG-2026-11-17-1,rBG,BG,2026-11-17,0.7200000000000000,UNRESOLVED,UNRESOLVED,,,,,2026-11-17,0.72 ex 2026-08-18,yahoo_calendar: announced next ex-date 2026-11-17 (third-party); prior realised 0.72 ex 2026-08-18 equals amount (ASSUMED unchanged),no issuer row at ex-date; tier 3 needs first-party amount corroboration
rBG-2027-02-16-1,rBG,BG,2027-02-16,0.7200000000000000,UNRESOLVED,UNRESOLVED,,,,,2026-11-17,0.72 ex 2026-08-18,prior realised 0.72 ex 2026-08-18 equals amount (ASSUMED unchanged),"no issuer row at ex-date; tier 3 needs first-party amount corroboration, issuer announced ex-date"
rBINC-2026-06-01-1,rBINC,BINC,2026-06-01,0.2393210000000000,UNRESOLVED,GROSS,2,,0.239,,,0.22 ex 2026-05-01,yahoo_realised: 0.239 ex 2026-06-01 (third-party),tier 2
rBITI-2026-06-01-1,rBITI,BITI,2026-06-01,0.2381130000000000,UNRESOLVED,GROSS,2,,0.238,,,0.197 ex 2026-05-01,yahoo_realised: 0.238 ex 2026-06-01 (third-party),tier 2
rBITO-2026-06-01-1,rBITO,BITO,2026-06-01,0.0141140000000000,UNRESOLVED,GROSS,2,,0.014,,,0.016 ex 2026-05-01,yahoo_realised: 0.014 ex 2026-06-01 (third-party),tier 2
rBMA-2026-06-02-1,rBMA,BMA,2026-06-02,0.4892250000000000,UNRESOLVED,UNRESOLVED,,,0.53,,,0.545 ex 2026-05-18,,amount conflict: yahoo_realised 0.53 vs Reality 0.4892250000000000 (ratio 0.923)
rBKNG-2026-06-05-1,rBKNG,BKNG,2026-06-05,0.4200000000000000,UNRESOLVED,GROSS,2,0.42,0.42,,,0.42 ex 2026-03-06,nasdaq_declared: 0.42 ex 2026-06-05 declared 04/26/2026 (third-party); yahoo_realised: 0.42 ex 2026-06-05 (third-party),tier 2
rBLK-2026-06-05-1,rBLK,BLK,2026-06-05,5.7300000000000000,UNRESOLVED,GROSS,2,,5.73,,,5.73 ex 2026-03-06,yahoo_realised: 5.73 ex 2026-06-05 (third-party),tier 2
rBINC-2026-07-01-1,rBINC,BINC,2026-07-01,0.2283840000000000,UNRESOLVED,GROSS,2,,0.228,,,0.239 ex 2026-06-01,yahoo_realised: 0.228 ex 2026-07-01 (third-party),tier 2
rBITI-2026-07-01-1,rBITI,BITI,2026-07-01,1.4487660000000000,GROSS,GROSS,1,,,,,,bitget_notice_2026_07_24: amount and ex-date match; 30% withholding DOCUMENTED,tier 1: 2026-07-24 notice match (builder rule)
rBITO-2026-07-01-1,rBITO,BITO,2026-07-01,0.0103750000000000,GROSS,GROSS,1,,,,,,bitget_notice_2026_07_24: amount and ex-date match; 30% withholding DOCUMENTED,tier 1: 2026-07-24 notice match (builder rule)
rBMA-2026-07-06-1,rBMA,BMA,2026-07-06,0.4728220000000000,UNRESOLVED,UNRESOLVED,,,0.53,,,0.53 ex 2026-06-02,,amount conflict: yahoo_realised 0.53 vs Reality 0.4728220000000000 (ratio 0.892)
rBINC-2026-08-03-1,rBINC,BINC,2026-08-03,0.2303240000000000,UNRESOLVED,GROSS,2,,0.23,,,0.228 ex 2026-07-01,yahoo_realised: 0.23 ex 2026-08-03 (third-party),tier 2
rBITI-2026-08-03-1,rBITI,BITI,2026-08-03,1.3293050500000000,UNRESOLVED,GROSS,2,,1.329,,,1.449 ex 2026-07-01,yahoo_realised: 1.329 ex 2026-08-03 (third-party),tier 2
rBITO-2026-08-03-1,rBITO,BITO,2026-08-03,0.0137490000000000,UNRESOLVED,GROSS,2,,0.014,,,0.01 ex 2026-07-01,yahoo_realised: 0.014 ex 2026-08-03 (third-party),tier 2
rBKR-2026-08-07-1,rBKR,BKR,2026-08-07,0.2300000000000000,UNRESOLVED,GROSS,2,0.23,0.23,,,0.23 ex 2026-05-05,nasdaq_declared: 0.23 ex 2026-08-07 declared 07/22/2026 (third-party); yahoo_realised: 0.23 ex 2026-08-07 (third-party),tier 2
rBKH-2026-08-17-1,rBKH,BKH,2026-08-17,0.7030000000000000,UNRESOLVED,GROSS,2,,0.703,,,0.703 ex 2026-05-15,yahoo_realised: 0.703 ex 2026-08-17 (third-party),tier 2
rBGC-2026-08-19-1,rBGC,BGC,2026-08-19,0.0200000000000000,UNRESOLVED,GROSS,2,0.02,0.02,,,0.02 ex 2026-05-27,nasdaq_declared: 0.02 ex 2026-08-19 declared 07/29/2026 (third-party); yahoo_realised: 0.02 ex 2026-08-19 (third-party),tier 2
rBIP-2026-08-31-1,rBIP,BIP,2026-08-31,0.4550000000000000,UNRESOLVED,GROSS,2,,0.455,,,0.455 ex 2026-05-29,yahoo_realised: 0.455 ex 2026-08-31 (third-party),tier 2
rBIPC-2026-08-31-1,rBIPC,BIPC,2026-08-31,0.4550000000000000,UNRESOLVED,GROSS,2,,0.455,,,0.455 ex 2026-05-29,yahoo_realised: 0.455 ex 2026-08-31 (third-party),tier 2
rBINC-2026-09-01-1,rBINC,BINC,2026-09-01,0.2279210000000000,UNRESOLVED,GROSS,2,,0.228,,,0.23 ex 2026-08-03,yahoo_realised: 0.228 ex 2026-09-01 (third-party),tier 2
rBITI-2026-09-01-1,rBITI,BITI,2026-09-01,0.3762380000000000,UNRESOLVED,GROSS,2,,0.376,,,1.329 ex 2026-08-03,yahoo_realised: 0.376 ex 2026-09-01 (third-party),tier 2
rBITO-2026-09-01-1,rBITO,BITO,2026-09-01,0.0108100000000000,UNRESOLVED,GROSS,2,,0.011,,,0.014 ex 2026-08-03,yahoo_realised: 0.011 ex 2026-09-01 (third-party),tier 2
rBLK-2026-09-08-1,rBLK,BLK,2026-09-08,5.7300000000000000,UNRESOLVED,GROSS,2,,5.73,,,5.73 ex 2026-06-05,yahoo_realised: 5.73 ex 2026-09-08 (third-party),tier 2
rBKNG-2026-09-11-1,rBKNG,BKNG,2026-09-11,0.4200000000000000,UNRESOLVED,GROSS,2,0.42,0.42,,,0.42 ex 2026-06-05,nasdaq_declared: 0.42 ex 2026-09-11 declared 08/03/2026 (third-party); yahoo_realised: 0.42 ex 2026-09-11 (third-party),tier 2
rBND-2026-06-01-1,rBND,BND,2026-06-01,0.2472590000000000,UNRESOLVED,GROSS,2,0.247259,0.247,,,0.242 ex 2026-05-01,nasdaq_declared: 0.247259 ex 2026-06-01 declared 05/28/2026 (third-party); yahoo_realised: 0.247 ex 2026-06-01 (third-party),tier 2
rBSY-2026-06-02-1,rBSY,BSY,2026-06-02,0.0700000000000000,UNRESOLVED,GROSS,2,0.07,0.07,,,0.07 ex 2026-03-10,nasdaq_declared: 0.07 ex 2026-06-02 declared 05/21/2026 (third-party); yahoo_realised: 0.07 ex 2026-06-02 (third-party),tier 2
rBTG-2026-06-10-1,rBTG,BTG,2026-06-10,0.0200000000000000,UNRESOLVED,GROSS,2,,0.02,,,0.02 ex 2026-03-06,yahoo_realised: 0.02 ex 2026-06-10 (third-party),tier 2
rBR-2026-06-12-1,rBR,BR,2026-06-12,0.9750000000000000,UNRESOLVED,GROSS,2,,0.975,,,0.975 ex 2026-03-16,yahoo_realised: 0.975 ex 2026-06-12 (third-party),tier 2
rBNT-2026-06-15-1,rBNT,BNT,2026-06-15,0.0700000000000000,UNRESOLVED,GROSS,2,,0.07,,,0.07 ex 2026-03-17,yahoo_realised: 0.07 ex 2026-06-15 (third-party),tier 2
rBRKR-2026-06-22-1,rBRKR,BRKR,2026-06-22,0.0500000000000000,UNRESOLVED,GROSS,2,0.05,0.05,,,0.05 ex 2026-03-23,nasdaq_declared: 0.05 ex 2026-06-22 declared 05/14/2026 (third-party); yahoo_realised: 0.05 ex 2026-06-22 (third-party),tier 2
rBOTZ-2026-06-29-1,rBOTZ,BOTZ,2026-06-29,0.0179860000000000,GROSS,GROSS,1,,,,,,bitget_notice_2026_07_24: amount and ex-date match; 30% withholding DOCUMENTED,tier 1: 2026-07-24 notice match (builder rule)
rBND-2026-07-01-1,rBND,BND,2026-07-01,0.2444700000000000,UNRESOLVED,GROSS,2,0.24447,0.244,,,0.247 ex 2026-06-01,nasdaq_declared: 0.24447 ex 2026-07-01 declared 06/29/2026 (third-party); yahoo_realised: 0.244 ex 2026-07-01 (third-party),tier 2
rBMY-2026-07-02-1,rBMY,BMY,2026-07-02,0.6300000000000000,UNRESOLVED,GROSS,2,,0.63,,,0.63 ex 2026-04-02,yahoo_realised: 0.63 ex 2026-07-02 (third-party),tier 2
rBRX-2026-07-02-1,rBRX,BRX,2026-07-02,0.3075000000000000,UNRESOLVED,GROSS,2,,0.308,,,0.308 ex 2026-04-02,yahoo_realised: 0.308 ex 2026-07-02 (third-party),tier 2
rBRC-2026-07-10-1,rBRC,BRC,2026-07-10,0.2450000000000000,UNRESOLVED,GROSS,2,,0.245,,,0.245 ex 2026-04-09,yahoo_realised: 0.245 ex 2026-07-10 (third-party),tier 2
rBNY-2026-07-27-1,rBNY,BNY,2026-07-27,0.6300000000000000,UNRESOLVED,GROSS,2,,0.63,,,0.53 ex 2026-04-27,yahoo_realised: 0.63 ex 2026-07-27 (third-party),tier 2
rBSBR-2026-07-30-1,rBSBR,BSBR,2026-07-30,0.0684670000000000,UNRESOLVED,UNRESOLVED,,,0.105,,,0.106 ex 2026-04-23,,amount conflict: yahoo_realised 0.105 vs Reality 0.0684670000000000 (ratio 0.652)
rBND-2026-08-03-1,rBND,BND,2026-08-03,0.2515499900000000,UNRESOLVED,GROSS,2,0.25155,0.252,,,0.244 ex 2026-07-01,nasdaq_declared: 0.25155 ex 2026-08-03 declared 07/30/2026 (third-party); yahoo_realised: 0.252 ex 2026-08-03 (third-party),tier 2
rBRO-2026-08-12-1,rBRO,BRO,2026-08-12,0.1650000000000000,UNRESOLVED,GROSS,2,,0.165,,,0.165 ex 2026-05-11,yahoo_realised: 0.165 ex 2026-08-12 (third-party),tier 2
rBP-2026-08-14-1,rBP,BP,2026-08-14,0.5196000000000000,UNRESOLVED,GROSS,2,,0.52,,,0.499 ex 2026-05-15,yahoo_realised: 0.52 ex 2026-08-14 (third-party),tier 2
rBRSL-2026-08-18-1,rBRSL,BRSL,2026-08-18,0.2300000000000000,UNRESOLVED,GROSS,2,,0.23,,,0.23 ex 2026-05-28,yahoo_realised: 0.23 ex 2026-08-18 (third-party),tier 2
rBOKF-2026-08-19-1,rBOKF,BOKF,2026-08-19,0.6300000000000000,UNRESOLVED,GROSS,2,0.63,0.63,,,0.63 ex 2026-05-13,nasdaq_declared: 0.63 ex 2026-08-19 declared 08/04/2026 (third-party); yahoo_realised: 0.63 ex 2026-08-19 (third-party),tier 2
rBND-2026-09-01-1,rBND,BND,2026-09-01,0.2529000000000000,UNRESOLVED,GROSS,2,0.252886,0.253,,,0.252 ex 2026-08-03,nasdaq_declared: 0.252886 ex 2026-09-01 declared 08/28/2026 (third-party); yahoo_realised: 0.253 ex 2026-09-01 (third-party),tier 2
rBR-2026-09-03-1,rBR,BR,2026-09-03,1.0900000000000000,UNRESOLVED,GROSS,2,,1.09,,,0.975 ex 2026-06-12,yahoo_realised: 1.09 ex 2026-09-03 (third-party),tier 2
rBPOP-2026-09-10-1,rBPOP,BPOP,2026-09-10,0.9000000000000000,UNRESOLVED,GROSS,2,0.90,0.9,,,0.75 ex 2026-05-29,nasdaq_declared: 0.90 ex 2026-09-10 declared 08/20/2026 (third-party); yahoo_realised: 0.9 ex 2026-09-10 (third-party),tier 2
rBTG-2026-09-10-1,rBTG,BTG,2026-09-10,0.0200000000000000,UNRESOLVED,GROSS,2,,0.02,,,0.02 ex 2026-06-10,yahoo_realised: 0.02 ex 2026-09-10 (third-party),tier 2
rBNT-2026-09-14-1,rBNT,BNT,2026-09-14,0.0700000000000000,UNRESOLVED,GROSS,2,,0.07,,,0.07 ex 2026-06-15,yahoo_realised: 0.07 ex 2026-09-14 (third-party),tier 2
rBRKR-2026-09-21-1,rBRKR,BRKR,2026-09-21,0.0500000000000000,UNRESOLVED,GROSS,2,0.05,,,,0.05 ex 2026-06-22,nasdaq_declared: 0.05 ex 2026-09-21 declared 08/14/2026 (third-party),tier 2
rBSY-2026-09-22-1,rBSY,BSY,2026-09-22,0.0700000000000000,UNRESOLVED,GROSS,2,0.07,,,,0.07 ex 2026-06-02,nasdaq_declared: 0.07 ex 2026-09-22 declared 09/10/2026 (third-party),tier 2
rBMY-2026-10-02-1,rBMY,BMY,2026-10-02,0.6300000000000000,UNRESOLVED,UNRESOLVED,,,,,2026-10-02,0.63 ex 2026-07-02,yahoo_calendar: announced next ex-date 2026-10-02 (third-party); prior realised 0.63 ex 2026-07-02 equals amount (ASSUMED unchanged),no issuer row at ex-date; tier 3 needs first-party amount corroboration
rBRX-2026-10-02-1,rBRX,BRX,2026-10-02,0.3075000000000000,UNRESOLVED,UNRESOLVED,,,,,2026-10-02,0.308 ex 2026-07-02,yahoo_calendar: announced next ex-date 2026-10-02 (third-party); prior realised 0.308 ex 2026-07-02 equals amount (ASSUMED unchanged),no issuer row at ex-date; tier 3 needs first-party amount corroboration
rBRC-2026-10-09-1,rBRC,BRC,2026-10-09,0.2500000000000000,UNRESOLVED,UNRESOLVED,,,,,2026-10-09,0.245 ex 2026-07-10,yahoo_calendar: announced next ex-date 2026-10-09 (third-party),"no issuer row at ex-date; tier 3 needs first-party amount corroboration, prior-period amount"
rBWA-2026-06-01-1,rBWA,BWA,2026-06-01,0.1700000000000000,UNRESOLVED,GROSS,2,,0.17,,,0.17 ex 2026-03-02,yahoo_realised: 0.17 ex 2026-06-01 (third-party),tier 2
rBYD-2026-06-15-1,rBYD,BYD,2026-06-15,0.2000000000000000,UNRESOLVED,GROSS,2,,0.2,,,0.2 ex 2026-03-16,yahoo_realised: 0.2 ex 2026-06-15 (third-party),tier 2
rBXP-2026-06-30-1,rBXP,BXP,2026-06-30,0.7000000000000000,UNRESOLVED,GROSS,2,,0.7,,,0.7 ex 2026-03-31,yahoo_realised: 0.7 ex 2026-06-30 (third-party),tier 2
rBXSL-2026-06-30-1,rBXSL,BXSL,2026-06-30,0.7700000000000000,UNRESOLVED,GROSS,2,,0.77,,,0.77 ex 2026-03-31,yahoo_realised: 0.77 ex 2026-06-30 (third-party),tier 2
rCAH-2026-07-01-1,rCAH,CAH,2026-07-01,0.5158000000000000,UNRESOLVED,GROSS,2,,0.516,,,0.511 ex 2026-04-01,yahoo_realised: 0.516 ex 2026-07-01 (third-party),tier 2
rBTI-2026-07-10-1,rBTI,BTI,2026-07-10,0.8248510000000000,UNRESOLVED,UNRESOLVED,,,0.835,,,0.835 ex 2026-03-27,,amount conflict: yahoo_realised 0.835 vs Reality 0.8248510000000000 (ratio 0.988)
rCARR-2026-07-21-1,rCARR,CARR,2026-07-21,0.2400000000000000,UNRESOLVED,GROSS,2,,0.24,,,0.24 ex 2026-05-04,yahoo_realised: 0.24 ex 2026-07-21 (third-party),tier 2
rCAG-2026-07-30-1,rCAG,CAG,2026-07-30,0.1750000000000000,UNRESOLVED,GROSS,2,,0.175,,,0.35 ex 2026-04-30,yahoo_realised: 0.175 ex 2026-07-30 (third-party),tier 2
rBX-2026-08-03-1,rBX,BX,2026-08-03,1.2900000000000000,UNRESOLVED,GROSS,2,,1.29,,,1.16 ex 2026-05-04,yahoo_realised: 1.29 ex 2026-08-03 (third-party),tier 2
rC-2026-08-03-1,rC,C,2026-08-03,0.6700000000000000,UNRESOLVED,GROSS,2,,0.67,,,0.6 ex 2026-05-04,yahoo_realised: 0.67 ex 2026-08-03 (third-party),tier 2
rBWXT-2026-08-18-1,rBWXT,BWXT,2026-08-18,0.2700000000000000,UNRESOLVED,GROSS,2,,0.27,,,0.27 ex 2026-05-19,yahoo_realised: 0.27 ex 2026-08-18 (third-party),tier 2
rBWA-2026-09-01-1,rBWA,BWA,2026-09-01,0.1700000000000000,UNRESOLVED,GROSS,2,,0.17,,,0.17 ex 2026-06-01,yahoo_realised: 0.17 ex 2026-09-01 (third-party),tier 2
rBYD-2026-09-15-1,rBYD,BYD,2026-09-15,0.2000000000000000,UNRESOLVED,GROSS,2,,0.2,,,0.2 ex 2026-06-15,yahoo_realised: 0.2 ex 2026-09-15 (third-party),tier 2
rBZ-2026-09-28-1,rBZ,BZ,2026-09-28,0.5100000000000000,UNRESOLVED,GROSS,2,0.51,,,,,nasdaq_declared: 0.51 ex 2026-09-28 declared 08/25/2026 (third-party),tier 2
rBXSL-2026-09-30-1,rBXSL,BXSL,2026-09-30,0.7700000000000000,UNRESOLVED,UNRESOLVED,,,,,2026-09-30,0.77 ex 2026-06-30,yahoo_calendar: announced next ex-date 2026-09-30 (third-party); prior realised 0.77 ex 2026-06-30 equals amount (ASSUMED unchanged),no issuer row at ex-date; tier 3 needs first-party amount corroboration
rCAH-2026-10-01-1,rCAH,CAH,2026-10-01,0.5158000000000000,UNRESOLVED,UNRESOLVED,,,,,2026-10-01,0.516 ex 2026-07-01,yahoo_calendar: announced next ex-date 2026-10-01 (third-party); prior realised 0.516 ex 2026-07-01 equals amount (ASSUMED unchanged),no issuer row at ex-date; tier 3 needs first-party amount corroboration
rBTI-2026-10-02-1,rBTI,BTI,2026-10-02,0.8348510000000000,UNRESOLVED,UNRESOLVED,,,,,2026-10-02,0.835 ex 2026-07-10,yahoo_calendar: announced next ex-date 2026-10-02 (third-party); prior realised 0.835 ex 2026-07-10 equals amount (ASSUMED unchanged),no issuer row at ex-date; tier 3 needs first-party amount corroboration
rBTI-2026-12-29-1,rBTI,BTI,2026-12-29,0.8248510000000000,UNRESOLVED,UNRESOLVED,,,,,2026-10-02,0.835 ex 2026-07-10,,"no issuer row at ex-date; tier 3 needs first-party amount corroboration, issuer announced ex-date, prior-period amount"
rCBSH-2026-06-05-1,rCBSH,CBSH,2026-06-05,0.2750000000000000,UNRESOLVED,GROSS,2,0.275,0.275,,,0.275 ex 2026-03-06,nasdaq_declared: 0.275 ex 2026-06-05 declared 04/24/2026 (third-party); yahoo_realised: 0.275 ex 2026-06-05 (third-party),tier 2
rCB-2026-06-12-1,rCB,CB,2026-06-12,1.0200000000000000,UNRESOLVED,GROSS,2,,1.02,,,0.97 ex 2026-03-13,yahoo_realised: 1.02 ex 2026-06-12 (third-party),tier 2
rCCI-2026-06-15-1,rCCI,CCI,2026-06-15,1.0625000000000000,UNRESOLVED,GROSS,2,,1.063,,,1.063 ex 2026-03-13,yahoo_realised: 1.063 ex 2026-06-15 (third-party),tier 2
rCE-2026-07-28-1,rCE,CE,2026-07-28,0.0300000000000000,UNRESOLVED,GROSS,2,,0.03,,,0.03 ex 2026-04-27,yahoo_realised: 0.03 ex 2026-07-28 (third-party),tier 2
rCFG-2026-07-30-1,rCFG,CFG,2026-07-30,0.4600000000000000,UNRESOLVED,GROSS,2,,0.46,,,0.46 ex 2026-04-30,yahoo_realised: 0.46 ex 2026-07-30 (third-party),tier 2
rCASY-2026-07-31-1,rCASY,CASY,2026-07-31,0.6500000000000000,UNRESOLVED,GROSS,2,0.65,0.65,,,0.57 ex 2026-05-01,nasdaq_declared: 0.65 ex 2026-07-31 declared 06/04/2026 (third-party); yahoo_realised: 0.65 ex 2026-07-31 (third-party),tier 2
rCCK-2026-08-06-1,rCCK,CCK,2026-08-06,0.3500000000000000,UNRESOLVED,GROSS,2,,0.35,,,0.35 ex 2026-05-14,yahoo_realised: 0.35 ex 2026-08-06 (third-party),tier 2
rCCL-2026-08-07-1,rCCL,CCL,2026-08-07,0.1500000000000000,UNRESOLVED,GROSS,2,,0.15,,,0.15 ex 2026-05-18,yahoo_realised: 0.15 ex 2026-08-07 (third-party),tier 2
rCF-2026-08-14-1,rCF,CF,2026-08-14,0.6000000000000000,UNRESOLVED,GROSS,2,,0.6,,,0.5 ex 2026-05-15,yahoo_realised: 0.6 ex 2026-08-14 (third-party),tier 2
rCEG-2026-08-18-1,rCEG,CEG,2026-08-18,0.4265000000000000,UNRESOLVED,GROSS,2,0.4265,0.427,,,0.427 ex 2026-05-15,nasdaq_declared: 0.4265 ex 2026-08-18 declared 08/04/2026 (third-party); yahoo_realised: 0.427 ex 2026-08-18 (third-party),tier 2
rCBC-2026-08-21-1,rCBC,CBC,2026-08-21,0.1200000000000000,UNRESOLVED,GROSS,2,0.12,0.12,,,0.12 ex 2026-05-22,nasdaq_declared: 0.12 ex 2026-08-21 declared 08/03/2026 (third-party); yahoo_realised: 0.12 ex 2026-08-21 (third-party),tier 2
rCDW-2026-08-25-1,rCDW,CDW,2026-08-25,0.6300000000000000,UNRESOLVED,GROSS,2,0.63,0.63,,,0.63 ex 2026-05-22,nasdaq_declared: 0.63 ex 2026-08-25 declared N/A (third-party); yahoo_realised: 0.63 ex 2026-08-25 (third-party),tier 2
rCBT-2026-08-28-1,rCBT,CBT,2026-08-28,0.4725000000000000,UNRESOLVED,GROSS,2,,0.473,,,0.473 ex 2026-05-29,yahoo_realised: 0.473 ex 2026-08-28 (third-party),tier 2
rCBOE-2026-08-31-1,rCBOE,CBOE,2026-08-31,0.8600000000000000,UNRESOLVED,GROSS,2,,0.86,,,0.72 ex 2026-05-29,yahoo_realised: 0.86 ex 2026-08-31 (third-party),tier 2
rCBSH-2026-09-04-1,rCBSH,CBSH,2026-09-04,0.2750000000000000,UNRESOLVED,GROSS,2,0.275,0.275,,,0.275 ex 2026-06-05,nasdaq_declared: 0.275 ex 2026-09-04 declared 07/31/2026 (third-party); yahoo_realised: 0.275 ex 2026-09-04 (third-party),tier 2
rCB-2026-09-11-1,rCB,CB,2026-09-11,1.0200000000000000,UNRESOLVED,GROSS,2,,1.02,,,1.02 ex 2026-06-12,yahoo_realised: 1.02 ex 2026-09-11 (third-party),tier 2
rCCI-2026-09-15-1,rCCI,CCI,2026-09-15,1.0625000000000000,UNRESOLVED,GROSS,2,,1.063,,,1.063 ex 2026-06-15,yahoo_realised: 1.063 ex 2026-09-15 (third-party),tier 2
rCASY-2026-10-30-1,rCASY,CASY,2026-10-30,0.6500000000000000,UNRESOLVED,GROSS,2,0.65,,,,0.65 ex 2026-07-31,nasdaq_declared: 0.65 ex 2026-10-30 declared 09/03/2026 (third-party),tier 2
rCI-2026-06-04-1,rCI,CI,2026-06-04,1.5600000000000000,UNRESOLVED,GROSS,2,,1.56,,,1.56 ex 2026-03-05,yahoo_realised: 1.56 ex 2026-06-04 (third-party),tier 2
rCHRW-2026-06-05-1,rCHRW,CHRW,2026-06-05,0.6300000000000000,UNRESOLVED,GROSS,2,0.63,0.63,,,0.63 ex 2026-03-06,nasdaq_declared: 0.63 ex 2026-06-05 declared 05/07/2026 (third-party); yahoo_realised: 0.63 ex 2026-06-05 (third-party),tier 2
rCINF-2026-06-23-1,rCINF,CINF,2026-06-23,0.9400000000000000,UNRESOLVED,GROSS,2,0.94,0.94,,,0.94 ex 2026-03-24,nasdaq_declared: 0.94 ex 2026-06-23 declared 05/02/2026 (third-party); yahoo_realised: 0.94 ex 2026-06-23 (third-party),tier 2
rCIBR-2026-06-25-1,rCIBR,CIBR,2026-06-25,0.0721000000000000,UNRESOLVED,GROSS,2,0.0721,0.072,,,0.11 ex 2026-03-26,nasdaq_declared: 0.0721 ex 2026-06-25 declared 06/24/2026 (third-party); yahoo_realised: 0.072 ex 2026-06-25 (third-party),tier 2
rCIB-2026-06-30-1,rCIB,CIB,2026-06-30,1.3039680000000000,UNRESOLVED,GROSS,2,,1.304,,,1.218 ex 2026-03-31,yahoo_realised: 1.304 ex 2026-06-30 (third-party),tier 2
rCIGI-2026-06-30-1,rCIGI,CIGI,2026-06-30,0.1500000000000000,UNRESOLVED,GROSS,2,0.15,0.15,,,0.15 ex 2025-12-31,nasdaq_declared: 0.15 ex 2026-06-30 declared 05/11/2026 (third-party); yahoo_realised: 0.15 ex 2026-06-30 (third-party),tier 2
rCHH-2026-07-01-1,rCHH,CHH,2026-07-01,0.2875000000000000,UNRESOLVED,GROSS,2,,0.288,,,0.288 ex 2026-04-01,yahoo_realised: 0.288 ex 2026-07-01 (third-party),tier 2
rCIG-2026-07-02-1,rCIG,CIG,2026-07-02,0.0353640000000000,UNRESOLVED,UNRESOLVED,,,0.043,,,0.048 ex 2026-05-14,,amount conflict: yahoo_realised 0.043 vs Reality 0.0353640000000000 (ratio 0.822)
rCHT-2026-07-09-1,rCHT,CHT,2026-07-09,1.2854940000000000,UNRESOLVED,UNRESOLVED,,,1.653,,,,,amount conflict: yahoo_realised 1.653 vs Reality 1.2854940000000000 (ratio 0.778)
rCL-2026-07-20-1,rCL,CL,2026-07-20,0.5300000000000000,UNRESOLVED,GROSS,2,,0.53,,,0.53 ex 2026-04-20,yahoo_realised: 0.53 ex 2026-07-20 (third-party),tier 2
rCHD-2026-08-14-1,rCHD,CHD,2026-08-14,0.3075000000000000,UNRESOLVED,GROSS,2,,0.308,,,0.308 ex 2026-05-15,yahoo_realised: 0.308 ex 2026-08-14 (third-party),tier 2
rCG-2026-08-17-1,rCG,CG,2026-08-17,0.3500000000000000,UNRESOLVED,GROSS,2,0.35,0.35,,,0.35 ex 2026-05-18,nasdaq_declared: 0.35 ex 2026-08-17 declared 07/24/2026 (third-party); yahoo_realised: 0.35 ex 2026-08-17 (third-party),tier 2
rCHE-2026-08-17-1,rCHE,CHE,2026-08-17,0.7000000000000000,UNRESOLVED,GROSS,2,,0.7,,,0.6 ex 2026-05-28,yahoo_realised: 0.7 ex 2026-08-17 (third-party),tier 2
rCGNX-2026-08-20-1,rCGNX,CGNX,2026-08-20,0.0850000000000000,UNRESOLVED,GROSS,2,0.085,0.085,,,0.085 ex 2026-05-21,nasdaq_declared: 0.085 ex 2026-08-20 declared 08/05/2026 (third-party); yahoo_realised: 0.085 ex 2026-08-20 (third-party),tier 2
rCHRD-2026-08-20-1,rCHRD,CHRD,2026-08-20,1.3000000000000000,UNRESOLVED,GROSS,2,1.30,1.3,,,1.3 ex 2026-05-20,nasdaq_declared: 1.30 ex 2026-08-20 declared N/A (third-party); yahoo_realised: 1.3 ex 2026-08-20 (third-party),tier 2
rCFR-2026-08-31-1,rCFR,CFR,2026-08-31,1.0300000000000000,UNRESOLVED,GROSS,2,,1.03,,,1.03 ex 2026-05-29,yahoo_realised: 1.03 ex 2026-08-31 (third-party),tier 2
rCHRW-2026-09-04-1,rCHRW,CHRW,2026-09-04,0.6300000000000000,UNRESOLVED,GROSS,2,0.63,0.63,,,0.63 ex 2026-06-05,nasdaq_declared: 0.63 ex 2026-09-04 declared 08/06/2026 (third-party); yahoo_realised: 0.63 ex 2026-09-04 (third-party),tier 2
rCI-2026-09-08-1,rCI,CI,2026-09-08,1.5600000000000000,UNRESOLVED,GROSS,2,,1.56,,,1.56 ex 2026-06-04,yahoo_realised: 1.56 ex 2026-09-08 (third-party),tier 2
rCIB-2026-09-08-1,rCIB,CIB,2026-09-08,1.6323700000000000,UNRESOLVED,GROSS,2,,1.632,,,1.304 ex 2026-06-30,yahoo_realised: 1.632 ex 2026-09-08 (third-party),tier 2
rCINF-2026-09-23-1,rCINF,CINF,2026-09-23,0.9400000000000000,UNRESOLVED,GROSS,2,0.94,,,,0.94 ex 2026-06-23,nasdaq_declared: 0.94 ex 2026-09-23 declared 08/21/2026 (third-party),tier 2
rCIB-2026-09-30-1,rCIB,CIB,2026-09-30,1.4438400000000000,UNRESOLVED,UNRESOLVED,,,,,2026-09-30,1.632 ex 2026-09-08,yahoo_calendar: announced next ex-date 2026-09-30 (third-party),"no issuer row at ex-date; tier 3 needs first-party amount corroboration, prior-period amount"
rCLOA-2026-06-01-1,rCLOA,CLOA,2026-06-01,0.2046140000000000,UNRESOLVED,GROSS,2,0.204614,0.205,,,0.197 ex 2026-05-01,nasdaq_declared: 0.204614 ex 2026-06-01 declared 05/29/2026 (third-party); yahoo_realised: 0.205 ex 2026-06-01 (third-party),tier 2
rCLOI-2026-06-01-1,rCLOI,CLOI,2026-06-01,0.2234000000000000,UNRESOLVED,GROSS,2,,0.223,,,0.219 ex 2026-05-01,yahoo_realised: 0.223 ex 2026-06-01 (third-party),tier 2
rCMBT-2026-06-03-1,rCMBT,CMBT,2026-06-03,0.2000000000000000,UNRESOLVED,UNRESOLVED,,,,,2026-06-03,0.64 ex 2026-06-02,yahoo_calendar: announced next ex-date 2026-06-03 (third-party),"no issuer row at ex-date; tier 3 needs first-party amount corroboration, prior-period amount"
rCMBT-2026-06-03-2,rCMBT,CMBT,2026-06-03,0.4400000000000000,UNRESOLVED,UNRESOLVED,,,,,2026-06-03,0.64 ex 2026-06-02,yahoo_calendar: announced next ex-date 2026-06-03 (third-party),"no issuer row at ex-date; tier 3 needs first-party amount corroboration, prior-period amount"
rCME-2026-06-09-1,rCME,CME,2026-06-09,1.3000000000000000,UNRESOLVED,GROSS,2,1.30,1.3,,,7.45 ex 2026-03-10,nasdaq_declared: 1.30 ex 2026-06-09 declared 05/07/2026 (third-party); yahoo_realised: 1.3 ex 2026-06-09 (third-party),tier 2
rCNI-2026-06-09-1,rCNI,CNI,2026-06-09,0.6687735000000000,UNRESOLVED,UNRESOLVED,,,0.656,,,0.674 ex 2026-03-10,,amount conflict: yahoo_realised 0.656 vs Reality 0.6687735000000000 (ratio 1.019)
rCNO-2026-06-10-1,rCNO,CNO,2026-06-10,0.1800000000000000,UNRESOLVED,GROSS,2,,0.18,,,0.17 ex 2026-03-10,yahoo_realised: 0.18 ex 2026-06-10 (third-party),tier 2
rCNQ-2026-06-23-1,rCNQ,CNQ,2026-06-23,0.4575000000000000,UNRESOLVED,UNRESOLVED,,,0.442,,,0.455 ex 2026-03-20,,amount conflict: yahoo_realised 0.442 vs Reality 0.4575000000000000 (ratio 1.035)
rCLOA-2026-07-01-1,rCLOA,CLOA,2026-07-01,0.1960260000000000,UNRESOLVED,GROSS,2,0.196026,0.196,,,0.205 ex 2026-06-01,nasdaq_declared: 0.196026 ex 2026-07-01 declared 06/30/2026 (third-party); yahoo_realised: 0.196 ex 2026-07-01 (third-party),tier 2
rCLOI-2026-07-01-1,rCLOI,CLOI,2026-07-01,0.2051000000000000,GROSS,GROSS,1,,,,,,bitget_notice_2026_07_24: amount and ex-date match; 30% withholding DOCUMENTED,tier 1: 2026-07-24 notice match (builder rule)
rCMCSA-2026-07-01-1,rCMCSA,CMCSA,2026-07-01,0.3300000000000000,GROSS,GROSS,1,,,,,,bitget_notice_2026_07_24: amount and ex-date match; 30% withholding DOCUMENTED,tier 1: 2026-07-24 notice match (builder rule)
rCMC-2026-07-06-1,rCMC,CMC,2026-07-06,0.2000000000000000,UNRESOLVED,GROSS,2,,0.2,,,0.2 ex 2026-04-06,yahoo_realised: 0.2 ex 2026-07-06 (third-party),tier 2
rCLOA-2026-08-03-1,rCLOA,CLOA,2026-08-03,0.2060700100000000,UNRESOLVED,GROSS,2,0.20607,0.206,,,0.196 ex 2026-07-01,nasdaq_declared: 0.20607 ex 2026-08-03 declared 07/31/2026 (third-party); yahoo_realised: 0.206 ex 2026-08-03 (third-party),tier 2
rCLOI-2026-08-03-1,rCLOI,CLOI,2026-08-03,0.2152999900000000,UNRESOLVED,GROSS,2,,0.215,,,0.205 ex 2026-07-01,yahoo_realised: 0.215 ex 2026-08-03 (third-party),tier 2
rCMS-2026-08-07-1,rCMS,CMS,2026-08-07,0.5700000000000000,UNRESOLVED,GROSS,2,,0.57,,,0.57 ex 2026-05-08,yahoo_realised: 0.57 ex 2026-08-07 (third-party),tier 2
rCLX-2026-08-12-1,rCLX,CLX,2026-08-12,1.2500000000000000,UNRESOLVED,GROSS,2,,1.25,,,1.24 ex 2026-04-22,yahoo_realised: 1.25 ex 2026-08-12 (third-party),tier 2
rCNA-2026-08-17-1,rCNA,CNA,2026-08-17,0.4800000000000000,UNRESOLVED,GROSS,2,,0.48,,,0.48 ex 2026-05-18,yahoo_realised: 0.48 ex 2026-08-17 (third-party),tier 2
rCNP-2026-08-20-1,rCNP,CNP,2026-08-20,0.2400000000000000,UNRESOLVED,GROSS,2,,0.24,,,0.23 ex 2026-05-21,yahoo_realised: 0.24 ex 2026-08-20 (third-party),tier 2
rCMI-2026-08-21-1,rCMI,CMI,2026-08-21,2.2000000000000000,UNRESOLVED,GROSS,2,,2.2,,,2.0 ex 2026-05-22,yahoo_realised: 2.2 ex 2026-08-21 (third-party),tier 2
rCLOA-2026-09-01-1,rCLOA,CLOA,2026-09-01,0.2131940000000000,UNRESOLVED,GROSS,2,0.213194,0.213,,,0.206 ex 2026-08-03,nasdaq_declared: 0.213194 ex 2026-09-01 declared 08/31/2026 (third-party); yahoo_realised: 0.213 ex 2026-09-01 (third-party),tier 2
rCLOI-2026-09-01-1,rCLOI,CLOI,2026-09-01,0.2247000000000000,UNRESOLVED,GROSS,2,,0.225,,,0.215 ex 2026-08-03,yahoo_realised: 0.225 ex 2026-09-01 (third-party),tier 2
rCNI-2026-09-08-1,rCNI,CNI,2026-09-08,0.6495585000000000,UNRESOLVED,UNRESOLVED,,,0.663,,,0.656 ex 2026-06-09,,amount conflict: yahoo_realised 0.663 vs Reality 0.6495585000000000 (ratio 0.980)
rCME-2026-09-09-1,rCME,CME,2026-09-09,1.3000000000000000,UNRESOLVED,GROSS,2,1.30,1.3,,,1.3 ex 2026-06-09,nasdaq_declared: 1.30 ex 2026-09-09 declared 08/06/2026 (third-party); yahoo_realised: 1.3 ex 2026-09-09 (third-party),tier 2
rCNO-2026-09-10-1,rCNO,CNO,2026-09-10,0.1800000000000000,UNRESOLVED,GROSS,2,,0.18,,,0.18 ex 2026-06-10,yahoo_realised: 0.18 ex 2026-09-10 (third-party),tier 2
rCNQ-2026-09-11-1,rCNQ,CNQ,2026-09-11,0.4460625000000000,UNRESOLVED,UNRESOLVED,,,0.452,,,0.442 ex 2026-06-23,,amount conflict: yahoo_realised 0.452 vs Reality 0.4460625000000000 (ratio 0.987)
rCMCSA-2026-10-07-1,rCMCSA,CMCSA,2026-10-07,0.3300000000000000,UNRESOLVED,GROSS,2,0.33,,,,0.33 ex 2026-07-01,nasdaq_declared: 0.33 ex 2026-10-07 declared 07/23/2026 (third-party),tier 2
rCRBG-2026-06-16-1,rCRBG,CRBG,2026-06-16,0.2500000000000000,UNRESOLVED,GROSS,2,,0.25,,,0.25 ex 2026-03-17,yahoo_realised: 0.25 ex 2026-06-16 (third-party),tier 2
rCOPX-2026-06-29-1,rCOPX,COPX,2026-06-29,0.2579760000000000,GROSS,GROSS,1,,,,,,bitget_notice_2026_07_24: amount and ex-date match; 30% withholding DOCUMENTED,tier 1: 2026-07-24 notice match (builder rule)
rCOLD-2026-06-30-1,rCOLD,COLD,2026-06-30,0.2300000000000000,UNRESOLVED,GROSS,2,,0.23,,,0.23 ex 2026-03-31,yahoo_realised: 0.23 ex 2026-06-30 (third-party),tier 2
rCPT-2026-06-30-1,rCPT,CPT,2026-06-30,1.0600000000000000,UNRESOLVED,GROSS,2,,1.06,,,1.06 ex 2026-03-31,yahoo_realised: 1.06 ex 2026-06-30 (third-party),tier 2
rCPB-2026-07-02-1,rCPB,CPB,2026-07-02,0.3900000000000000,UNRESOLVED,GROSS,2,0.39,0.39,,,0.39 ex 2026-04-02,nasdaq_declared: 0.39 ex 2026-07-02 declared 05/13/2026 (third-party); yahoo_realised: 0.39 ex 2026-07-02 (third-party),tier 2
rCOKE-2026-07-24-1,rCOKE,COKE,2026-07-24,0.2500000000000000,UNRESOLVED,GROSS,2,0.25,0.25,,,0.25 ex 2026-04-24,nasdaq_declared: 0.25 ex 2026-07-24 declared 07/10/2026 (third-party); yahoo_realised: 0.25 ex 2026-07-24 (third-party),tier 2
rCOST-2026-07-24-1,rCOST,COST,2026-07-24,1.4700000000000000,UNRESOLVED,GROSS,2,1.47,1.47,,,1.47 ex 2026-05-01,nasdaq_declared: 1.47 ex 2026-07-24 declared 07/08/2026 (third-party); yahoo_realised: 1.47 ex 2026-07-24 (third-party),tier 2
rCQP-2026-08-07-1,rCQP,CQP,2026-08-07,0.0450000000000000,UNRESOLVED,UNRESOLVED,,,0.82,,,0.79 ex 2026-05-08,,amount conflict: yahoo_realised 0.82 vs Reality 0.0450000000000000 (ratio 0.055)
rCQP-2026-08-07-2,rCQP,CQP,2026-08-07,0.7750000000000000,UNRESOLVED,UNRESOLVED,,,0.82,,,0.79 ex 2026-05-08,,amount conflict: yahoo_realised 0.82 vs Reality 0.7750000000000000 (ratio 0.945)
rCOR-2026-08-14-1,rCOR,COR,2026-08-14,0.6000000000000000,UNRESOLVED,GROSS,2,,0.6,,,0.6 ex 2026-05-15,yahoo_realised: 0.6 ex 2026-08-14 (third-party),tier 2
rCOF-2026-08-17-1,rCOF,COF,2026-08-17,0.8000000000000000,UNRESOLVED,GROSS,2,,0.8,,,0.8 ex 2026-05-19,yahoo_realised: 0.8 ex 2026-08-17 (third-party),tier 2
rCOP-2026-08-17-1,rCOP,COP,2026-08-17,0.8400000000000000,UNRESOLVED,GROSS,2,,0.84,,,0.84 ex 2026-05-11,yahoo_realised: 0.84 ex 2026-08-17 (third-party),tier 2
rCOLB-2026-08-28-1,rCOLB,COLB,2026-08-28,0.3700000000000000,UNRESOLVED,GROSS,2,0.37,0.37,,,0.37 ex 2026-05-29,nasdaq_declared: 0.37 ex 2026-08-28 declared N/A (third-party); yahoo_realised: 0.37 ex 2026-08-28 (third-party),tier 2
rCPA-2026-08-31-1,rCPA,CPA,2026-08-31,1.7100000000000000,UNRESOLVED,GROSS,2,,1.71,,,1.71 ex 2026-05-29,yahoo_realised: 1.71 ex 2026-08-31 (third-party),tier 2
rCR-2026-08-31-1,rCR,CR,2026-08-31,0.2550000000000000,UNRESOLVED,GROSS,2,,0.255,,,0.255 ex 2026-05-29,yahoo_realised: 0.255 ex 2026-08-31 (third-party),tier 2
rCRBG-2026-09-16-1,rCRBG,CRBG,2026-09-16,0.2500000000000000,UNRESOLVED,GROSS,2,,0.25,,,0.25 ex 2026-06-16,yahoo_realised: 0.25 ex 2026-09-16 (third-party),tier 2
rCOLD-2026-09-30-1,rCOLD,COLD,2026-09-30,0.2300000000000000,UNRESOLVED,UNRESOLVED,,,,,2026-09-30,0.23 ex 2026-06-30,yahoo_calendar: announced next ex-date 2026-09-30 (third-party); prior realised 0.23 ex 2026-06-30 equals amount (ASSUMED unchanged),no issuer row at ex-date; tier 3 needs first-party amount corroboration
rCPT-2026-09-30-1,rCPT,CPT,2026-09-30,1.0600000000000000,UNRESOLVED,UNRESOLVED,,,,,2026-09-30,1.06 ex 2026-06-30,yahoo_calendar: announced next ex-date 2026-09-30 (third-party); prior realised 1.06 ex 2026-06-30 equals amount (ASSUMED unchanged),no issuer row at ex-date; tier 3 needs first-party amount corroboration
rCPB-2026-10-01-1,rCPB,CPB,2026-10-01,0.2500000000000000,UNRESOLVED,GROSS,2,0.25,,,,0.39 ex 2026-07-02,nasdaq_declared: 0.25 ex 2026-10-01 declared 09/03/2026 (third-party),tier 2
rCTVA-2026-06-01-1,rCTVA,CTVA,2026-06-01,0.1800000000000000,UNRESOLVED,GROSS,2,,0.18,,,0.18 ex 2026-03-02,yahoo_realised: 0.18 ex 2026-06-01 (third-party),tier 2
rCRM-2026-06-11-1,rCRM,CRM,2026-06-11,0.4400000000000000,GROSS,GROSS,1,,,,,,bitget_notice_2026_07_24: amount and ex-date match; 30% withholding DOCUMENTED,tier 1: 2026-07-24 notice match (builder rule)
rCRCA-2026-06-24-1,rCRCA,CRCA,2026-06-24,0.1811380000000000,GROSS,GROSS,1,,,,,,bitget_notice_2026_07_24: amount and ex-date match; 30% withholding DOCUMENTED,tier 1: 2026-07-24 notice match (builder rule)
rCTRE-2026-06-30-1,rCTRE,CTRE,2026-06-30,0.3900000000000000,UNRESOLVED,GROSS,2,,0.39,,,0.39 ex 2026-03-31,yahoo_realised: 0.39 ex 2026-06-30 (third-party),tier 2
rCUBE-2026-07-01-1,rCUBE,CUBE,2026-07-01,0.5300000000000000,UNRESOLVED,GROSS,2,,0.53,,,0.53 ex 2026-04-01,yahoo_realised: 0.53 ex 2026-07-01 (third-party),tier 2
rCRWD-2026-07-02-1,rCRWD,CRWD,2026-07-02,,UNRESOLVED,UNRESOLVED,,,,,,,,not a cash dividend
rCSCO-2026-07-06-1,rCSCO,CSCO,2026-07-06,0.4200000000000000,GROSS,GROSS,1,,,,,,bitget_notice_2026_07_24: amount and ex-date match; 30% withholding DOCUMENTED,tier 1: 2026-07-24 notice match (builder rule)
rCUZ-2026-07-06-1,rCUZ,CUZ,2026-07-06,0.3200000000000000,UNRESOLVED,GROSS,2,,0.32,,,0.32 ex 2026-04-07,yahoo_realised: 0.32 ex 2026-07-06 (third-party),tier 2
rCSW-2026-07-31-1,rCSW,CSW,2026-07-31,0.3000000000000000,UNRESOLVED,GROSS,2,,0.3,,,0.3 ex 2026-04-24,yahoo_realised: 0.3 ex 2026-07-31 (third-party),tier 2
rCRH-2026-08-14-1,rCRH,CRH,2026-08-14,0.3900000000000000,UNRESOLVED,GROSS,2,,0.39,,,0.39 ex 2026-05-15,yahoo_realised: 0.39 ex 2026-08-14 (third-party),tier 2
rCTAS-2026-08-14-1,rCTAS,CTAS,2026-08-14,0.5200000000000000,UNRESOLVED,GROSS,2,0.52,0.52,,,0.45 ex 2026-05-15,nasdaq_declared: 0.52 ex 2026-08-14 declared 07/28/2026 (third-party); yahoo_realised: 0.52 ex 2026-08-14 (third-party),tier 2
rCTSH-2026-08-18-1,rCTSH,CTSH,2026-08-18,0.3300000000000000,UNRESOLVED,GROSS,2,0.33,0.33,,,0.33 ex 2026-05-18,nasdaq_declared: 0.33 ex 2026-08-18 declared 07/29/2026 (third-party); yahoo_realised: 0.33 ex 2026-08-18 (third-party),tier 2
rCSL-2026-08-19-1,rCSL,CSL,2026-08-19,1.2500000000000000,UNRESOLVED,GROSS,2,,1.25,,,1.1 ex 2026-05-18,yahoo_realised: 1.25 ex 2026-08-19 (third-party),tier 2
rCRS-2026-08-25-1,rCRS,CRS,2026-08-25,0.2000000000000000,UNRESOLVED,GROSS,2,,0.2,,,0.2 ex 2026-04-28,yahoo_realised: 0.2 ex 2026-08-25 (third-party),tier 2
rCSX-2026-08-31-1,rCSX,CSX,2026-08-31,0.1400000000000000,UNRESOLVED,GROSS,2,0.14,0.14,,,0.14 ex 2026-05-29,nasdaq_declared: 0.14 ex 2026-08-31 declared 07/17/2026 (third-party); yahoo_realised: 0.14 ex 2026-08-31 (third-party),tier 2
rCTVA-2026-09-01-1,rCTVA,CTVA,2026-09-01,0.1800000000000000,UNRESOLVED,GROSS,2,,0.18,,,0.18 ex 2026-06-01,yahoo_realised: 0.18 ex 2026-09-01 (third-party),tier 2
rCRC-2026-09-04-1,rCRC,CRC,2026-09-04,0.4050000000000000,UNRESOLVED,GROSS,2,,0.405,,,0.405 ex 2026-05-29,yahoo_realised: 0.405 ex 2026-09-04 (third-party),tier 2
rCRM-2026-09-17-1,rCRM,CRM,2026-09-17,0.4400000000000000,UNRESOLVED,UNRESOLVED,,,,,2026-09-17,0.44 ex 2026-06-11,yahoo_calendar: announced next ex-date 2026-09-17 (third-party); prior realised 0.44 ex 2026-06-11 equals amount (ASSUMED unchanged),no issuer row at ex-date; tier 3 needs first-party amount corroboration
rCTRE-2026-09-30-1,rCTRE,CTRE,2026-09-30,0.3900000000000000,UNRESOLVED,UNRESOLVED,,,,,2026-09-30,0.39 ex 2026-06-30,yahoo_calendar: announced next ex-date 2026-09-30 (third-party); prior realised 0.39 ex 2026-06-30 equals amount (ASSUMED unchanged),no issuer row at ex-date; tier 3 needs first-party amount corroboration
rCUBE-2026-10-01-1,rCUBE,CUBE,2026-10-01,0.5300000000000000,UNRESOLVED,UNRESOLVED,,,,,2026-10-01,0.53 ex 2026-07-01,yahoo_calendar: announced next ex-date 2026-10-01 (third-party); prior realised 0.53 ex 2026-07-01 equals amount (ASSUMED unchanged),no issuer row at ex-date; tier 3 needs first-party amount corroboration
rCSCO-2026-10-02-1,rCSCO,CSCO,2026-10-02,0.4200000000000000,UNRESOLVED,GROSS,2,0.42,,,,0.42 ex 2026-07-06,nasdaq_declared: 0.42 ex 2026-10-02 declared 08/12/2026 (third-party),tier 2
rCWEN-2026-06-01-1,rCWEN,CWEN,2026-06-01,0.4676000000000000,UNRESOLVED,GROSS,2,,0.468,,,0.46 ex 2026-03-02,yahoo_realised: 0.468 ex 2026-06-01 (third-party),tier 2
rCVE-2026-06-15-1,rCVE,CVE,2026-06-15,0.1613040000000000,UNRESOLVED,UNRESOLVED,,,0.157,,,0.147 ex 2026-03-13,,amount conflict: yahoo_realised 0.157 vs Reality 0.1613040000000000 (ratio 1.027)
rCW-2026-06-15-1,rCW,CW,2026-06-15,0.2600000000000000,UNRESOLVED,GROSS,2,,0.26,,,0.24 ex 2026-03-26,yahoo_realised: 0.26 ex 2026-06-15 (third-party),tier 2
rDCI-2026-06-15-1,rDCI,DCI,2026-06-15,0.3200000000000000,UNRESOLVED,GROSS,2,,0.32,,,0.3 ex 2026-02-12,yahoo_realised: 0.32 ex 2026-06-15 (third-party),tier 2
rCX-2026-06-17-1,rCX,CX,2026-06-17,0.0311700000000000,UNRESOLVED,GROSS,2,,0.031,,,0.023 ex 2026-03-11,yahoo_realised: 0.031 ex 2026-06-17 (third-party),tier 2
rDD-2026-06-24-1,rDD,DD,2026-06-24,,UNRESOLVED,UNRESOLVED,,,,,,,,not a cash dividend
rDDS-2026-06-30-1,rDDS,DDS,2026-06-30,0.3000000000000000,UNRESOLVED,GROSS,2,,0.3,,,0.3 ex 2026-03-31,yahoo_realised: 0.3 ex 2026-06-30 (third-party),tier 2
rDE-2026-06-30-1,rDE,DE,2026-06-30,1.6200000000000000,UNRESOLVED,GROSS,2,,1.62,,,1.62 ex 2026-03-31,yahoo_realised: 1.62 ex 2026-06-30 (third-party),tier 2
rDAL-2026-07-09-1,rDAL,DAL,2026-07-09,0.2150000000000000,UNRESOLVED,GROSS,2,,0.215,,,0.188 ex 2026-05-14,yahoo_realised: 0.215 ex 2026-07-09 (third-party),tier 2
rCVS-2026-07-23-1,rCVS,CVS,2026-07-23,0.6650000000000000,UNRESOLVED,GROSS,2,,0.665,,,0.665 ex 2026-04-23,yahoo_realised: 0.665 ex 2026-07-23 (third-party),tier 2
rDCI-2026-08-17-1,rDCI,DCI,2026-08-17,0.3200000000000000,UNRESOLVED,GROSS,2,,0.32,,,0.32 ex 2026-06-15,yahoo_realised: 0.32 ex 2026-08-17 (third-party),tier 2
rCVX-2026-08-19-1,rCVX,CVX,2026-08-19,1.7800000000000000,UNRESOLVED,GROSS,2,,1.78,,,1.78 ex 2026-05-19,yahoo_realised: 1.78 ex 2026-08-19 (third-party),tier 2
rDD-2026-08-28-1,rDD,DD,2026-08-28,0.3500000000000000,UNRESOLVED,UNRESOLVED,,,,,2026-08-31,0.6 ex 2026-05-15,,"no issuer row at ex-date; tier 3 needs first-party amount corroboration, issuer announced ex-date, prior-period amount"
rDD-2026-08-31-1,rDD,DD,2026-08-31,0.6000000000000000,UNRESOLVED,GROSS,2,,0.6,,,0.6 ex 2026-05-15,yahoo_realised: 0.6 ex 2026-08-31 (third-party),tier 2
rCWEN-2026-09-01-1,rCWEN,CWEN,2026-09-01,0.4750000000000000,UNRESOLVED,GROSS,2,,0.475,,,0.468 ex 2026-06-01,yahoo_realised: 0.475 ex 2026-09-01 (third-party),tier 2
rD-2026-09-04-1,rD,D,2026-09-04,0.6675000000000000,UNRESOLVED,GROSS,2,,0.668,,,0.668 ex 2026-05-29,yahoo_realised: 0.668 ex 2026-09-04 (third-party),tier 2
rCVE-2026-09-15-1,rCVE,CVE,2026-09-15,0.1567280000000000,UNRESOLVED,UNRESOLVED,,,0.158,,,0.157 ex 2026-06-15,,amount conflict: yahoo_realised 0.158 vs Reality 0.1567280000000000 (ratio 0.992)
rCX-2026-09-15-1,rCX,CX,2026-09-15,0.0311700000000000,UNRESOLVED,GROSS,2,,0.031,,,0.031 ex 2026-06-17,yahoo_realised: 0.031 ex 2026-09-15 (third-party),tier 2
rCW-2026-09-25-1,rCW,CW,2026-09-25,0.2600000000000000,UNRESOLVED,UNRESOLVED,,,,,2026-09-25,0.26 ex 2026-06-15,yahoo_calendar: announced next ex-date 2026-09-25 (third-party); prior realised 0.26 ex 2026-06-15 equals amount (ASSUMED unchanged),no issuer row at ex-date; tier 3 needs first-party amount corroboration
rDDS-2026-09-30-1,rDDS,DDS,2026-09-30,0.3000000000000000,UNRESOLVED,UNRESOLVED,,,,,2026-09-30,0.3 ex 2026-06-30,yahoo_calendar: announced next ex-date 2026-09-30 (third-party); prior realised 0.3 ex 2026-06-30 equals amount (ASSUMED unchanged),no issuer row at ex-date; tier 3 needs first-party amount corroboration
rDE-2026-09-30-1,rDE,DE,2026-09-30,1.6200000000000000,UNRESOLVED,UNRESOLVED,,,,,2026-09-30,1.62 ex 2026-06-30,yahoo_calendar: announced next ex-date 2026-09-30 (third-party); prior realised 1.62 ex 2026-06-30 equals amount (ASSUMED unchanged),no issuer row at ex-date; tier 3 needs first-party amount corroboration
rDKS-2026-06-12-1,rDKS,DKS,2026-06-12,1.2500000000000000,UNRESOLVED,GROSS,2,,1.25,,,1.25 ex 2026-03-27,yahoo_realised: 1.25 ex 2026-06-12 (third-party),tier 2
rDLR-2026-06-15-1,rDLR,DLR,2026-06-15,1.2200000000000000,UNRESOLVED,GROSS,2,,1.22,,,1.22 ex 2026-03-13,yahoo_realised: 1.22 ex 2026-06-15 (third-party),tier 2
rDOC-2026-06-15-1,rDOC,DOC,2026-06-15,0.1016700000000000,UNRESOLVED,GROSS,2,,0.102,,,0.102 ex 2026-05-18,yahoo_realised: 0.102 ex 2026-06-15 (third-party),tier 2
rDIA-2026-06-18-1,rDIA,DIA,2026-06-18,1.4054200000000000,UNRESOLVED,GROSS,2,,1.405,,,0.276 ex 2026-05-15,yahoo_realised: 1.405 ex 2026-06-18 (third-party),tier 2
rDGRW-2026-06-25-1,rDGRW,DGRW,2026-06-25,0.1600000000000000,GROSS,GROSS,1,,,,,,bitget_notice_2026_07_24: amount and ex-date match; 30% withholding DOCUMENTED,tier 1: 2026-07-24 notice match (builder rule)
rDHR-2026-06-26-1,rDHR,DHR,2026-06-26,0.4000000000000000,UNRESOLVED,GROSS,2,,0.4,,,0.4 ex 2026-03-27,yahoo_realised: 0.4 ex 2026-06-26 (third-party),tier 2
rDLLL-2026-06-26-1,rDLLL,DLLL,2026-06-26,,UNRESOLVED,UNRESOLVED,,,,,,,,not a cash dividend
rDIS-2026-06-30-1,rDIS,DIS,2026-06-30,0.7500000000000000,GROSS,GROSS,1,,,,,,bitget_notice_2026_07_24: amount and ex-date match; 30% withholding DOCUMENTED,tier 1: 2026-07-24 notice match (builder rule)
rDG-2026-07-07-1,rDG,DG,2026-07-07,0.5900000000000000,UNRESOLVED,GROSS,2,,0.59,,,0.59 ex 2026-04-07,yahoo_realised: 0.59 ex 2026-07-07 (third-party),tier 2
rDGX-2026-07-08-1,rDGX,DGX,2026-07-08,0.8600000000000000,UNRESOLVED,GROSS,2,,0.86,,,0.86 ex 2026-04-06,yahoo_realised: 0.86 ex 2026-07-08 (third-party),tier 2
rDIA-2026-07-17-1,rDIA,DIA,2026-07-17,0.1486600000000000,UNRESOLVED,GROSS,2,,0.149,,,1.405 ex 2026-06-18,yahoo_realised: 0.149 ex 2026-07-17 (third-party),tier 2
rDOC-2026-07-20-1,rDOC,DOC,2026-07-20,0.1016700000000000,UNRESOLVED,GROSS,2,,0.102,,,0.102 ex 2026-06-15,yahoo_realised: 0.102 ex 2026-07-20 (third-party),tier 2
rDELL-2026-07-21-1,rDELL,DELL,2026-07-21,0.6300000000000000,UNRESOLVED,GROSS,2,,0.63,,,0.63 ex 2026-04-21,yahoo_realised: 0.63 ex 2026-07-21 (third-party),tier 2
rDGRW-2026-07-28-1,rDGRW,DGRW,2026-07-28,0.0650000000000000,UNRESOLVED,GROSS,2,0.065,0.065,,,0.16 ex 2026-06-25,nasdaq_declared: 0.065 ex 2026-07-28 declared 07/27/2026 (third-party); yahoo_realised: 0.065 ex 2026-07-28 (third-party),tier 2
rDHI-2026-08-06-1,rDHI,DHI,2026-08-06,0.4500000000000000,UNRESOLVED,GROSS,2,,0.45,,,0.45 ex 2026-05-07,yahoo_realised: 0.45 ex 2026-08-06 (third-party),tier 2
rDINO-2026-08-11-1,rDINO,DINO,2026-08-11,0.5250000000000000,UNRESOLVED,GROSS,2,,0.525,,,0.5 ex 2026-05-11,yahoo_realised: 0.525 ex 2026-08-11 (third-party),tier 2
rDLB-2026-08-11-1,rDLB,DLB,2026-08-11,0.3600000000000000,UNRESOLVED,GROSS,2,,0.36,,,0.36 ex 2026-05-12,yahoo_realised: 0.36 ex 2026-08-11 (third-party),tier 2
rDOC-2026-08-17-1,rDOC,DOC,2026-08-17,0.1016700000000000,UNRESOLVED,GROSS,2,,0.102,,,0.102 ex 2026-07-20,yahoo_realised: 0.102 ex 2026-08-17 (third-party),tier 2
rDIA-2026-08-21-1,rDIA,DIA,2026-08-21,0.4370200000000000,UNRESOLVED,GROSS,2,,0.437,,,0.149 ex 2026-07-17,yahoo_realised: 0.437 ex 2026-08-21 (third-party),tier 2
rDGRW-2026-08-26-1,rDGRW,DGRW,2026-08-26,0.0550000000000000,UNRESOLVED,GROSS,2,0.055,0.055,,,0.065 ex 2026-07-28,nasdaq_declared: 0.055 ex 2026-08-26 declared 08/25/2026 (third-party); yahoo_realised: 0.055 ex 2026-08-26 (third-party),tier 2
rDKS-2026-09-11-1,rDKS,DKS,2026-09-11,1.2500000000000000,UNRESOLVED,GROSS,2,,1.25,,,1.25 ex 2026-06-12,yahoo_realised: 1.25 ex 2026-09-11 (third-party),tier 2
rDOC-2026-09-14-1,rDOC,DOC,2026-09-14,0.1016700000000000,UNRESOLVED,GROSS,2,,0.102,,,0.102 ex 2026-08-17,yahoo_realised: 0.102 ex 2026-09-14 (third-party),tier 2
rDLR-2026-09-15-1,rDLR,DLR,2026-09-15,1.2200000000000000,UNRESOLVED,GROSS,2,,1.22,,,1.22 ex 2026-06-15,yahoo_realised: 1.22 ex 2026-09-15 (third-party),tier 2
rDIA-2026-09-18-1,rDIA,DIA,2026-09-18,1.1920000000000000,UNRESOLVED,GROSS,2,,1.192,,,0.437 ex 2026-08-21,yahoo_realised: 1.192 ex 2026-09-18 (third-party),tier 2
rDHR-2026-09-30-1,rDHR,DHR,2026-09-30,0.4000000000000000,UNRESOLVED,UNRESOLVED,,,,,2026-09-30,0.4 ex 2026-06-26,yahoo_calendar: announced next ex-date 2026-09-30 (third-party); prior realised 0.4 ex 2026-06-26 equals amount (ASSUMED unchanged),no issuer row at ex-date; tier 3 needs first-party amount corroboration
rDG-2026-10-06-1,rDG,DG,2026-10-06,0.5900000000000000,UNRESOLVED,UNRESOLVED,,,,,2026-10-06,0.59 ex 2026-07-07,yahoo_calendar: announced next ex-date 2026-10-06 (third-party); prior realised 0.59 ex 2026-07-07 equals amount (ASSUMED unchanged),no issuer row at ex-date; tier 3 needs first-party amount corroboration
rDGX-2026-10-06-1,rDGX,DGX,2026-10-06,0.8600000000000000,UNRESOLVED,UNRESOLVED,,,,,2026-10-06,0.86 ex 2026-07-08,yahoo_calendar: announced next ex-date 2026-10-06 (third-party); prior realised 0.86 ex 2026-07-08 equals amount (ASSUMED unchanged),no issuer row at ex-date; tier 3 needs first-party amount corroboration
rDEO-2026-10-16-1,rDEO,DEO,2026-10-16,1.2000000000000000,UNRESOLVED,UNRESOLVED,,,,,2026-10-16,0.8 ex 2026-04-17,yahoo_calendar: announced next ex-date 2026-10-16 (third-party),"no issuer row at ex-date; tier 3 needs first-party amount corroboration, prior-period amount"
rDELL-2026-10-20-1,rDELL,DELL,2026-10-20,0.6300000000000000,UNRESOLVED,UNRESOLVED,,,,,2026-10-20,0.63 ex 2026-07-21,yahoo_calendar: announced next ex-date 2026-10-20 (third-party); prior realised 0.63 ex 2026-07-21 equals amount (ASSUMED unchanged),no issuer row at ex-date; tier 3 needs first-party amount corroboration
rEBC-2026-06-05-1,rEBC,EBC,2026-06-05,0.1500000000000000,UNRESOLVED,GROSS,2,0.15,0.15,,,0.13 ex 2026-03-06,nasdaq_declared: 0.15 ex 2026-06-05 declared 04/23/2026 (third-party); yahoo_realised: 0.15 ex 2026-06-05 (third-party),tier 2
rDPZ-2026-06-15-1,rDPZ,DPZ,2026-06-15,1.9900000000000000,UNRESOLVED,GROSS,2,1.99,1.99,,,1.99 ex 2026-03-13,nasdaq_declared: 1.99 ex 2026-06-15 declared 04/21/2026 (third-party); yahoo_realised: 1.99 ex 2026-06-15 (third-party),tier 2
rDTM-2026-06-15-1,rDTM,DTM,2026-06-15,0.8800000000000000,UNRESOLVED,GROSS,2,,0.88,,,0.88 ex 2026-03-16,yahoo_realised: 0.88 ex 2026-06-15 (third-party),tier 2
rDVN-2026-06-15-1,rDVN,DVN,2026-06-15,0.3200000000000000,UNRESOLVED,GROSS,2,,0.32,,,0.24 ex 2026-03-13,yahoo_realised: 0.32 ex 2026-06-15 (third-party),tier 2
rDTE-2026-06-22-1,rDTE,DTE,2026-06-22,1.1650000000000000,UNRESOLVED,GROSS,2,,1.165,,,1.165 ex 2026-03-16,yahoo_realised: 1.165 ex 2026-06-22 (third-party),tier 2
rDOO-2026-06-30-1,rDOO,DOO,2026-06-30,0.1805750000000000,UNRESOLVED,UNRESOLVED,,0.176466,0.176,,,0.181 ex 2026-04-10,,amount conflict: nasdaq_declared 0.176466 vs Reality 0.1805750000000000 (ratio 1.023); yahoo_realised 0.176 vs Reality 0.1805750000000000 (ratio 1.026)
rDOX-2026-06-30-1,rDOX,DOX,2026-06-30,0.5690000000000000,UNRESOLVED,GROSS,2,0.569,0.569,,,0.569 ex 2026-03-31,nasdaq_declared: 0.569 ex 2026-06-30 declared 05/13/2026 (third-party); yahoo_realised: 0.569 ex 2026-06-30 (third-party),tier 2
rDRI-2026-07-10-1,rDRI,DRI,2026-07-10,1.6200000000000000,UNRESOLVED,GROSS,2,,1.62,,,1.5 ex 2026-04-10,yahoo_realised: 1.62 ex 2026-07-10 (third-party),tier 2
rDRS-2026-08-13-1,rDRS,DRS,2026-08-13,0.0900000000000000,UNRESOLVED,GROSS,2,0.09,0.09,,,0.09 ex 2026-05-19,nasdaq_declared: 0.09 ex 2026-08-13 declared N/A (third-party); yahoo_realised: 0.09 ex 2026-08-13 (third-party),tier 2
rDUK-2026-08-14-1,rDUK,DUK,2026-08-14,1.0850000000000000,UNRESOLVED,GROSS,2,,1.085,,,1.065 ex 2026-05-15,yahoo_realised: 1.085 ex 2026-08-14 (third-party),tier 2
rEBAY-2026-08-28-1,rEBAY,EBAY,2026-08-28,0.3100000000000000,UNRESOLVED,GROSS,2,0.31,0.31,,,0.31 ex 2026-05-29,nasdaq_declared: 0.31 ex 2026-08-28 declared 07/27/2026 (third-party); yahoo_realised: 0.31 ex 2026-08-28 (third-party),tier 2
rDOV-2026-08-31-1,rDOV,DOV,2026-08-31,0.5250000000000000,UNRESOLVED,GROSS,2,,0.525,,,0.52 ex 2026-05-29,yahoo_realised: 0.525 ex 2026-08-31 (third-party),tier 2
rDOW-2026-08-31-1,rDOW,DOW,2026-08-31,0.3500000000000000,UNRESOLVED,GROSS,2,,0.35,,,0.35 ex 2026-05-29,yahoo_realised: 0.35 ex 2026-08-31 (third-party),tier 2
rEBC-2026-09-08-1,rEBC,EBC,2026-09-08,0.1500000000000000,UNRESOLVED,GROSS,2,0.15,0.15,,,0.15 ex 2026-06-05,nasdaq_declared: 0.15 ex 2026-09-08 declared 07/23/2026 (third-party); yahoo_realised: 0.15 ex 2026-09-08 (third-party),tier 2
rDPZ-2026-09-15-1,rDPZ,DPZ,2026-09-15,1.9900000000000000,UNRESOLVED,GROSS,2,1.99,1.99,,,1.99 ex 2026-06-15,nasdaq_declared: 1.99 ex 2026-09-15 declared 07/14/2026 (third-party); yahoo_realised: 1.99 ex 2026-09-15 (third-party),tier 2
rDVN-2026-09-15-1,rDVN,DVN,2026-09-15,0.3200000000000000,UNRESOLVED,GROSS,2,,0.32,,,0.32 ex 2026-06-15,yahoo_realised: 0.32 ex 2026-09-15 (third-party),tier 2
rDTE-2026-09-21-1,rDTE,DTE,2026-09-21,1.1650000000000000,UNRESOLVED,UNRESOLVED,,,,,2026-09-21,1.165 ex 2026-06-22,yahoo_calendar: announced next ex-date 2026-09-21 (third-party); prior realised 1.165 ex 2026-06-22 equals amount (ASSUMED unchanged),no issuer row at ex-date; tier 3 needs first-party amount corroboration
rDTM-2026-09-21-1,rDTM,DTM,2026-09-21,0.8800000000000000,UNRESOLVED,UNRESOLVED,,,,,2026-09-21,0.88 ex 2026-06-15,yahoo_calendar: announced next ex-date 2026-09-21 (third-party); prior realised 0.88 ex 2026-06-15 equals amount (ASSUMED unchanged),no issuer row at ex-date; tier 3 needs first-party amount corroboration
rDOO-2026-09-29-1,rDOO,DOO,2026-09-29,0.2500000000000000,UNRESOLVED,UNRESOLVED,,,,,2026-09-29,0.176 ex 2026-06-30,yahoo_calendar: announced next ex-date 2026-09-29 (third-party),"no issuer row at ex-date; tier 3 needs first-party amount corroboration, prior-period amount"
rDOX-2026-09-30-1,rDOX,DOX,2026-09-30,0.5690000000000000,UNRESOLVED,GROSS,2,0.569,,,,0.569 ex 2026-06-30,nasdaq_declared: 0.569 ex 2026-09-30 declared 08/05/2026 (third-party),tier 2
rEGO-2026-06-02-1,rEGO,EGO,2026-06-02,0.0750000000000000,UNRESOLVED,GROSS,2,,0.075,,,0.075 ex 2026-02-27,yahoo_realised: 0.075 ex 2026-06-02 (third-party),tier 2
rELV-2026-06-10-1,rELV,ELV,2026-06-10,1.7200000000000000,UNRESOLVED,GROSS,2,,1.72,,,1.72 ex 2026-03-10,yahoo_realised: 1.72 ex 2026-06-10 (third-party),tier 2
rEG-2026-06-12-1,rEG,EG,2026-06-12,2.0000000000000000,UNRESOLVED,GROSS,2,,2.0,,,2.0 ex 2026-03-13,yahoo_realised: 2.0 ex 2026-06-12 (third-party),tier 2
rECH-2026-06-15-1,rECH,ECH,2026-06-15,0.6446050000000000,UNRESOLVED,GROSS,2,,0.645,,,0.078 ex 2025-12-30,yahoo_realised: 0.645 ex 2026-06-15 (third-party),tier 2
rEEM-2026-06-15-1,rEEM,EEM,2026-06-15,0.3508020000000000,UNRESOLVED,GROSS,2,,0.351,,,0.763 ex 2025-12-16,yahoo_realised: 0.351 ex 2026-06-15 (third-party),tier 2
rEFA-2026-06-15-1,rEFA,EFA,2026-06-15,1.6363880000000000,UNRESOLVED,GROSS,2,,1.636,,,1.728 ex 2025-12-16,yahoo_realised: 1.636 ex 2026-06-15 (third-party),tier 2
rEMN-2026-06-15-1,rEMN,EMN,2026-06-15,0.8400000000000000,UNRESOLVED,GROSS,2,,0.84,,,0.84 ex 2026-03-13,yahoo_realised: 0.84 ex 2026-06-15 (third-party),tier 2
rECL-2026-06-16-1,rECL,ECL,2026-06-16,0.7300000000000000,UNRESOLVED,GROSS,2,,0.73,,,0.73 ex 2026-03-17,yahoo_realised: 0.73 ex 2026-06-16 (third-party),tier 2
rELS-2026-06-26-1,rELS,ELS,2026-06-26,0.5425000000000000,UNRESOLVED,GROSS,2,,0.543,,,0.543 ex 2026-03-27,yahoo_realised: 0.543 ex 2026-06-26 (third-party),tier 2
rEGP-2026-06-30-1,rEGP,EGP,2026-06-30,1.5500000000000000,UNRESOLVED,GROSS,2,,1.55,,,1.55 ex 2026-03-31,yahoo_realised: 1.55 ex 2026-06-30 (third-party),tier 2
rEHC-2026-07-01-1,rEHC,EHC,2026-07-01,0.1900000000000000,UNRESOLVED,GROSS,2,,0.19,,,0.19 ex 2026-04-01,yahoo_realised: 0.19 ex 2026-07-01 (third-party),tier 2
rEMBJ-2026-07-02-1,rEMBJ,EMBJ,2026-07-02,0.1521830000000000,UNRESOLVED,UNRESOLVED,,,0.218,,,0.009 ex 2026-05-15,,amount conflict: yahoo_realised 0.218 vs Reality 0.1521830000000000 (ratio 0.698)
rEIX-2026-07-07-1,rEIX,EIX,2026-07-07,0.8775000000000000,UNRESOLVED,GROSS,2,,0.878,,,0.878 ex 2026-04-07,yahoo_realised: 0.878 ex 2026-07-07 (third-party),tier 2
rEME-2026-07-15-1,rEME,EME,2026-07-15,0.4000000000000000,UNRESOLVED,GROSS,2,,0.4,,,0.4 ex 2026-04-16,yahoo_realised: 0.4 ex 2026-07-15 (third-party),tier 2
rEMA-2026-07-31-1,rEMA,EMA,2026-07-31,0.7325000000000000,UNRESOLVED,UNRESOLVED,,,0.523,,,0.539 ex 2026-05-01,,amount conflict: yahoo_realised 0.523 vs Reality 0.7325000000000000 (ratio 1.401)
rEMA-2026-08-03-1,rEMA,EMA,2026-08-03,0.5176577500000000,UNRESOLVED,UNRESOLVED,,,,,2026-07-31,0.523 ex 2026-07-31,,"no issuer row at ex-date; tier 3 needs first-party amount corroboration, issuer announced ex-date, prior-period amount"
rEMR-2026-08-14-1,rEMR,EMR,2026-08-14,0.5550000000000000,UNRESOLVED,GROSS,2,,0.555,,,0.555 ex 2026-05-15,yahoo_realised: 0.555 ex 2026-08-14 (third-party),tier 2
rEE-2026-08-19-1,rEE,EE,2026-08-19,0.0900000000000000,UNRESOLVED,GROSS,2,,0.09,,,0.08 ex 2026-05-20,yahoo_realised: 0.09 ex 2026-08-19 (third-party),tier 2
rEFX-2026-08-31-1,rEFX,EFX,2026-08-31,0.5600000000000000,UNRESOLVED,GROSS,2,,0.56,,,0.56 ex 2026-05-22,yahoo_realised: 0.56 ex 2026-08-31 (third-party),tier 2
rEL-2026-08-31-1,rEL,EL,2026-08-31,0.3500000000000000,UNRESOLVED,GROSS,2,,0.35,,,0.35 ex 2026-05-29,yahoo_realised: 0.35 ex 2026-08-31 (third-party),tier 2
rEGO-2026-09-01-1,rEGO,EGO,2026-09-01,0.0750000000000000,UNRESOLVED,GROSS,2,,0.075,,,0.075 ex 2026-06-02,yahoo_realised: 0.075 ex 2026-09-01 (third-party),tier 2
rEG-2026-09-09-1,rEG,EG,2026-09-09,2.0000000000000000,UNRESOLVED,GROSS,2,,2.0,,,2.0 ex 2026-06-12,yahoo_realised: 2.0 ex 2026-09-09 (third-party),tier 2
rELV-2026-09-10-1,rELV,ELV,2026-09-10,1.7200000000000000,UNRESOLVED,GROSS,2,,1.72,,,1.72 ex 2026-06-10,yahoo_realised: 1.72 ex 2026-09-10 (third-party),tier 2
rECL-2026-09-15-1,rECL,ECL,2026-09-15,0.7300000000000000,UNRESOLVED,GROSS,2,,0.73,,,0.73 ex 2026-06-16,yahoo_realised: 0.73 ex 2026-09-15 (third-party),tier 2
rEMN-2026-09-15-1,rEMN,EMN,2026-09-15,0.8400000000000000,UNRESOLVED,GROSS,2,,0.84,,,0.84 ex 2026-06-15,yahoo_realised: 0.84 ex 2026-09-15 (third-party),tier 2
rEMBJ-2026-09-23-1,rEMBJ,EMBJ,2026-09-23,0.1650550000000000,UNRESOLVED,UNRESOLVED,,,,,2026-09-23,0.218 ex 2026-07-02,yahoo_calendar: announced next ex-date 2026-09-23 (third-party),"no issuer row at ex-date; tier 3 needs first-party amount corroboration, prior-period amount"
rELS-2026-09-25-1,rELS,ELS,2026-09-25,0.5425000000000000,UNRESOLVED,UNRESOLVED,,,,,2026-09-25,0.543 ex 2026-06-26,yahoo_calendar: announced next ex-date 2026-09-25 (third-party); prior realised 0.543 ex 2026-06-26 equals amount (ASSUMED unchanged),no issuer row at ex-date; tier 3 needs first-party amount corroboration
rEGP-2026-09-30-1,rEGP,EGP,2026-09-30,1.7500000000000000,UNRESOLVED,UNRESOLVED,,,,,2026-09-30,1.55 ex 2026-06-30,yahoo_calendar: announced next ex-date 2026-09-30 (third-party),"no issuer row at ex-date; tier 3 needs first-party amount corroboration, prior-period amount"
rEHC-2026-10-01-1,rEHC,EHC,2026-10-01,0.2100000000000000,UNRESOLVED,UNRESOLVED,,,,,2026-10-01,0.19 ex 2026-07-01,yahoo_calendar: announced next ex-date 2026-10-01 (third-party),"no issuer row at ex-date; tier 3 needs first-party amount corroboration, prior-period amount"
rEQH-2026-06-01-1,rEQH,EQH,2026-06-01,0.3000000000000000,UNRESOLVED,GROSS,2,,0.3,,,0.27 ex 2026-03-04,yahoo_realised: 0.3 ex 2026-06-01 (third-party),tier 2
rESI-2026-06-01-1,rESI,ESI,2026-06-01,0.0800000000000000,UNRESOLVED,GROSS,2,,0.08,,,0.08 ex 2026-03-02,yahoo_realised: 0.08 ex 2026-06-01 (third-party),tier 2
rENS-2026-06-18-1,rENS,ENS,2026-06-18,0.2625000000000000,UNRESOLVED,GROSS,2,,0.263,,,0.263 ex 2026-03-13,yahoo_realised: 0.263 ex 2026-06-18 (third-party),tier 2
rENSG-2026-06-30-1,rENSG,ENSG,2026-06-30,0.0650000000000000,UNRESOLVED,GROSS,2,0.065,0.065,,,0.065 ex 2026-03-31,nasdaq_declared: 0.065 ex 2026-06-30 declared N/A (third-party); yahoo_realised: 0.065 ex 2026-06-30 (third-party),tier 2
rEPR-2026-06-30-1,rEPR,EPR,2026-06-30,0.3100000000000000,UNRESOLVED,GROSS,2,,0.31,,,0.31 ex 2026-05-29,yahoo_realised: 0.31 ex 2026-06-30 (third-party),tier 2
rEPRT-2026-06-30-1,rEPRT,EPRT,2026-06-30,0.3200000000000000,UNRESOLVED,GROSS,2,,0.32,,,0.31 ex 2026-03-31,yahoo_realised: 0.32 ex 2026-06-30 (third-party),tier 2
rESAB-2026-07-02-1,rESAB,ESAB,2026-07-02,0.1200000000000000,UNRESOLVED,GROSS,2,,0.12,,,0.1 ex 2026-04-02,yahoo_realised: 0.12 ex 2026-07-02 (third-party),tier 2
rESE-2026-07-02-1,rESE,ESE,2026-07-02,0.0800000000000000,UNRESOLVED,GROSS,2,,0.08,,,0.08 ex 2026-04-02,yahoo_realised: 0.08 ex 2026-07-02 (third-party),tier 2
rERIE-2026-07-07-1,rERIE,ERIE,2026-07-07,1.4625000000000000,UNRESOLVED,GROSS,2,1.4625,1.463,,,1.463 ex 2026-04-07,nasdaq_declared: 1.4625 ex 2026-07-07 declared 04/21/2026 (third-party); yahoo_realised: 1.463 ex 2026-07-07 (third-party),tier 2
rEOG-2026-07-17-1,rEOG,EOG,2026-07-17,1.0200000000000000,UNRESOLVED,GROSS,2,,1.02,,,1.02 ex 2026-04-16,yahoo_realised: 1.02 ex 2026-07-17 (third-party),tier 2
rENTG-2026-07-29-1,rENTG,ENTG,2026-07-29,0.1000000000000000,UNRESOLVED,GROSS,2,0.10,0.1,,,0.1 ex 2026-04-29,nasdaq_declared: 0.10 ex 2026-07-29 declared N/A (third-party); yahoo_realised: 0.1 ex 2026-07-29 (third-party),tier 2
rEPR-2026-07-31-1,rEPR,EPR,2026-07-31,0.3100000000000000,UNRESOLVED,GROSS,2,,0.31,,,0.31 ex 2026-06-30,yahoo_realised: 0.31 ex 2026-07-31 (third-party),tier 2
rEQH-2026-08-03-1,rEQH,EQH,2026-08-03,0.3000000000000000,UNRESOLVED,GROSS,2,,0.3,,,0.3 ex 2026-06-01,yahoo_realised: 0.3 ex 2026-08-03 (third-party),tier 2
rEQT-2026-08-05-1,rEQT,EQT,2026-08-05,0.1650000000000000,UNRESOLVED,GROSS,2,,0.165,,,0.165 ex 2026-05-06,yahoo_realised: 0.165 ex 2026-08-05 (third-party),tier 2
rENB-2026-08-14-1,rENB,ENB,2026-08-14,0.6866630000000000,UNRESOLVED,UNRESOLVED,,,0.696,,,0.707 ex 2026-05-15,,amount conflict: yahoo_realised 0.696 vs Reality 0.6866630000000000 (ratio 0.987)
rEQIX-2026-08-19-1,rEQIX,EQIX,2026-08-19,5.1600000000000000,UNRESOLVED,GROSS,2,5.16,5.16,,,5.16 ex 2026-05-20,nasdaq_declared: 5.16 ex 2026-08-19 declared 07/29/2026 (third-party); yahoo_realised: 5.16 ex 2026-08-19 (third-party),tier 2
rEQX-2026-08-19-1,rEQX,EQX,2026-08-19,0.0225000000000000,UNRESOLVED,GROSS,2,,0.023,,,0.015 ex 2026-05-21,yahoo_realised: 0.023 ex 2026-08-19 (third-party),tier 2
rEPR-2026-08-31-1,rEPR,EPR,2026-08-31,0.3100000000000000,UNRESOLVED,GROSS,2,,0.31,,,0.31 ex 2026-07-31,yahoo_realised: 0.31 ex 2026-08-31 (third-party),tier 2
rESI-2026-09-01-1,rESI,ESI,2026-09-01,0.0800000000000000,UNRESOLVED,GROSS,2,,0.08,,,0.08 ex 2026-06-01,yahoo_realised: 0.08 ex 2026-09-01 (third-party),tier 2
rENS-2026-09-18-1,rENS,ENS,2026-09-18,0.2875000000000000,UNRESOLVED,GROSS,2,,0.288,,,0.263 ex 2026-06-18,yahoo_realised: 0.288 ex 2026-09-18 (third-party),tier 2
rES-2026-09-21-1,rES,ES,2026-09-21,0.7875000000000000,UNRESOLVED,UNRESOLVED,,,,,2026-09-21,0.788 ex 2026-05-18,yahoo_calendar: announced next ex-date 2026-09-21 (third-party); prior realised 0.788 ex 2026-05-18 equals amount (ASSUMED unchanged),no issuer row at ex-date; tier 3 needs first-party amount corroboration
rERIC-2026-09-29-1,rERIC,ERIC,2026-09-29,0.1579200000000000,UNRESOLVED,GROSS,2,0.15792,,,,0.166 ex 2026-04-02,nasdaq_declared: 0.15792 ex 2026-09-29 declared N/A (third-party),tier 2
rEPR-2026-09-30-1,rEPR,EPR,2026-09-30,0.3100000000000000,UNRESOLVED,UNRESOLVED,,,,,2026-09-30,0.31 ex 2026-08-31,yahoo_calendar: announced next ex-date 2026-09-30 (third-party); prior realised 0.31 ex 2026-08-31 equals amount (ASSUMED unchanged),no issuer row at ex-date; tier 3 needs first-party amount corroboration
rEPRT-2026-09-30-1,rEPRT,EPRT,2026-09-30,0.3200000000000000,UNRESOLVED,UNRESOLVED,,,,,2026-09-30,0.32 ex 2026-06-30,yahoo_calendar: announced next ex-date 2026-09-30 (third-party); prior realised 0.32 ex 2026-06-30 equals amount (ASSUMED unchanged),no issuer row at ex-date; tier 3 needs first-party amount corroboration
rESE-2026-10-01-1,rESE,ESE,2026-10-01,0.0800000000000000,UNRESOLVED,UNRESOLVED,,,,,2026-10-01,0.08 ex 2026-07-02,yahoo_calendar: announced next ex-date 2026-10-01 (third-party); prior realised 0.08 ex 2026-07-02 equals amount (ASSUMED unchanged),no issuer row at ex-date; tier 3 needs first-party amount corroboration
rESAB-2026-10-02-1,rESAB,ESAB,2026-10-02,0.1200000000000000,UNRESOLVED,UNRESOLVED,,,,,2026-10-02,0.12 ex 2026-07-02,yahoo_calendar: announced next ex-date 2026-10-02 (third-party); prior realised 0.12 ex 2026-07-02 equals amount (ASSUMED unchanged),no issuer row at ex-date; tier 3 needs first-party amount corroboration
rERIE-2026-10-05-1,rERIE,ERIE,2026-10-05,1.4625000000000000,UNRESOLVED,GROSS,2,1.4625,,,,1.463 ex 2026-07-07,nasdaq_declared: 1.4625 ex 2026-10-05 declared 07/28/2026 (third-party),tier 2
rEOG-2026-10-16-1,rEOG,EOG,2026-10-16,1.0200000000000000,UNRESOLVED,UNRESOLVED,,,,,2026-10-16,1.02 ex 2026-07-17,yahoo_calendar: announced next ex-date 2026-10-16 (third-party); prior realised 1.02 ex 2026-07-17 equals amount (ASSUMED unchanged),no issuer row at ex-date; tier 3 needs first-party amount corroboration
rESNT-2026-06-01-1,rESNT,ESNT,2026-06-01,0.3500000000000000,UNRESOLVED,GROSS,2,,0.35,,,0.35 ex 2026-03-13,yahoo_realised: 0.35 ex 2026-06-01 (third-party),tier 2
rEXPD-2026-06-01-1,rEXPD,EXPD,2026-06-01,0.8100000000000000,UNRESOLVED,GROSS,2,,0.81,,,0.77 ex 2025-12-01,yahoo_realised: 0.81 ex 2026-06-01 (third-party),tier 2
rEXC-2026-06-04-1,rEXC,EXC,2026-06-04,0.4200000000000000,UNRESOLVED,GROSS,2,0.42,0.42,,,0.42 ex 2026-03-02,nasdaq_declared: 0.42 ex 2026-06-04 declared 04/28/2026 (third-party); yahoo_realised: 0.42 ex 2026-06-04 (third-party),tier 2
rEWJ-2026-06-15-1,rEWJ,EWJ,2026-06-15,0.5009750000000000,UNRESOLVED,GROSS,2,,0.501,,,3.061 ex 2025-12-16,yahoo_realised: 0.501 ex 2026-06-15 (third-party),tier 2
rEWZ-2026-06-15-1,rEWZ,EWZ,2026-06-15,0.3307040000000000,UNRESOLVED,GROSS,2,,0.331,,,0.106 ex 2025-12-30,yahoo_realised: 0.331 ex 2026-06-15 (third-party),tier 2
rEXP-2026-06-15-1,rEXP,EXP,2026-06-15,0.2500000000000000,UNRESOLVED,GROSS,2,,0.25,,,0.25 ex 2026-03-16,yahoo_realised: 0.25 ex 2026-06-15 (third-party),tier 2
rESLT-2026-06-23-1,rESLT,ESLT,2026-06-23,1.0000000000000000,UNRESOLVED,GROSS,2,1.00,1.0,,,1.0 ex 2026-04-13,nasdaq_declared: 1.00 ex 2026-06-23 declared 05/25/2026 (third-party); yahoo_realised: 1.0 ex 2026-06-23 (third-party),tier 2
rESS-2026-06-30-1,rESS,ESS,2026-06-30,2.5900000000000000,UNRESOLVED,GROSS,2,,2.59,,,2.59 ex 2026-03-31,yahoo_realised: 2.59 ex 2026-06-30 (third-party),tier 2
rEWBC-2026-08-03-1,rEWBC,EWBC,2026-08-03,0.8000000000000000,UNRESOLVED,GROSS,2,0.80,0.8,,,0.8 ex 2026-05-04,nasdaq_declared: 0.80 ex 2026-08-03 declared 07/21/2026 (third-party); yahoo_realised: 0.8 ex 2026-08-03 (third-party),tier 2
rETN-2026-08-07-1,rETN,ETN,2026-08-07,1.1000000000000000,UNRESOLVED,GROSS,2,,1.1,,,1.1 ex 2026-05-08,yahoo_realised: 1.1 ex 2026-08-07 (third-party),tier 2
rETR-2026-08-13-1,rETR,ETR,2026-08-13,0.6400000000000000,UNRESOLVED,GROSS,2,,0.64,,,0.64 ex 2026-05-01,yahoo_realised: 0.64 ex 2026-08-13 (third-party),tier 2
rEXE-2026-08-13-1,rEXE,EXE,2026-08-13,0.5750000000000000,UNRESOLVED,GROSS,2,0.575,0.575,,,0.575 ex 2026-05-14,nasdaq_declared: 0.575 ex 2026-08-13 declared 07/28/2026 (third-party); yahoo_realised: 0.575 ex 2026-08-13 (third-party),tier 2
rEVRG-2026-08-18-1,rEVRG,EVRG,2026-08-18,0.6950000000000000,UNRESOLVED,GROSS,2,0.695,0.695,,,0.695 ex 2026-05-22,nasdaq_declared: 0.695 ex 2026-08-18 declared 07/31/2026 (third-party); yahoo_realised: 0.695 ex 2026-08-18 (third-party),tier 2
rEXPE-2026-08-27-1,rEXPE,EXPE,2026-08-27,0.4800000000000000,UNRESOLVED,GROSS,2,0.48,0.48,,,0.48 ex 2026-05-28,nasdaq_declared: 0.48 ex 2026-08-27 declared 08/05/2026 (third-party); yahoo_realised: 0.48 ex 2026-08-27 (third-party),tier 2
rEVR-2026-08-28-1,rEVR,EVR,2026-08-28,0.8900000000000000,UNRESOLVED,GROSS,2,,0.89,,,0.89 ex 2026-05-29,yahoo_realised: 0.89 ex 2026-08-28 (third-party),tier 2
rESNT-2026-08-31-1,rESNT,ESNT,2026-08-31,0.3500000000000000,UNRESOLVED,GROSS,2,,0.35,,,0.35 ex 2026-06-01,yahoo_realised: 0.35 ex 2026-08-31 (third-party),tier 2
rEXC-2026-09-04-1,rEXC,EXC,2026-09-04,0.4200000000000000,UNRESOLVED,GROSS,2,0.42,0.42,,,0.42 ex 2026-06-04,nasdaq_declared: 0.42 ex 2026-09-04 declared 07/28/2026 (third-party); yahoo_realised: 0.42 ex 2026-09-04 (third-party),tier 2
rEXP-2026-09-14-1,rEXP,EXP,2026-09-14,0.2500000000000000,UNRESOLVED,GROSS,2,,0.25,,,0.25 ex 2026-06-15,yahoo_realised: 0.25 ex 2026-09-14 (third-party),tier 2
rESS-2026-09-30-1,rESS,ESS,2026-09-30,2.5900000000000000,UNRESOLVED,UNRESOLVED,,,,,2026-09-30,2.59 ex 2026-06-30,yahoo_calendar: announced next ex-date 2026-09-30 (third-party); prior realised 2.59 ex 2026-06-30 equals amount (ASSUMED unchanged),no issuer row at ex-date; tier 3 needs first-party amount corroboration
rESLT-2026-10-13-1,rESLT,ESLT,2026-10-13,1.0000000000000000,UNRESOLVED,GROSS,2,1.00,,,,1.0 ex 2026-06-23,nasdaq_declared: 1.00 ex 2026-10-13 declared 08/10/2026 (third-party),tier 2
rFDX-2026-06-01-1,rFDX,FDX,2026-06-01,,UNRESOLVED,UNRESOLVED,,,,,,,,not a cash dividend
rFAF-2026-06-08-1,rFAF,FAF,2026-06-08,0.5500000000000000,UNRESOLVED,GROSS,2,,0.55,,,0.55 ex 2026-03-09,yahoo_realised: 0.55 ex 2026-06-08 (third-party),tier 2
rFFIN-2026-06-12-1,rFFIN,FFIN,2026-06-12,0.2200000000000000,UNRESOLVED,GROSS,2,0.22,0.22,,,0.19 ex 2026-03-13,nasdaq_declared: 0.22 ex 2026-06-12 declared 04/28/2026 (third-party); yahoo_realised: 0.22 ex 2026-06-12 (third-party),tier 2
rFHN-2026-06-12-1,rFHN,FHN,2026-06-12,0.1700000000000000,UNRESOLVED,GROSS,2,,0.17,,,0.17 ex 2026-03-13,yahoo_realised: 0.17 ex 2026-06-12 (third-party),tier 2
rEXR-2026-06-15-1,rEXR,EXR,2026-06-15,1.6200000000000000,UNRESOLVED,GROSS,2,,1.62,,,1.62 ex 2026-03-16,yahoo_realised: 1.62 ex 2026-06-15 (third-party),tier 2
rFDX-2026-06-22-1,rFDX,FDX,2026-06-22,1.2200000000000000,UNRESOLVED,GROSS,2,,1.22,,,1.168413 ex 2026-03-09,yahoo_realised: 1.22 ex 2026-06-22 (third-party),tier 2
rFCX-2026-07-15-1,rFCX,FCX,2026-07-15,0.0750000000000000,UNRESOLVED,UNRESOLVED,,,0.15,,,0.15 ex 2026-04-15,,amount conflict: yahoo_realised 0.15 vs Reality 0.0750000000000000 (ratio 0.500)
rFCX-2026-07-15-2,rFCX,FCX,2026-07-15,0.0750000000000000,UNRESOLVED,UNRESOLVED,,,0.15,,,0.15 ex 2026-04-15,,amount conflict: yahoo_realised 0.15 vs Reality 0.0750000000000000 (ratio 0.500)
rFAST-2026-07-28-1,rFAST,FAST,2026-07-28,0.2600000000000000,UNRESOLVED,GROSS,2,0.26,0.26,,,0.24 ex 2026-04-28,nasdaq_declared: 0.26 ex 2026-07-28 declared 07/10/2026 (third-party); yahoo_realised: 0.26 ex 2026-07-28 (third-party),tier 2
rFELE-2026-08-06-1,rFELE,FELE,2026-08-06,0.2800000000000000,UNRESOLVED,GROSS,2,0.28,0.28,,,0.28 ex 2026-05-07,nasdaq_declared: 0.28 ex 2026-08-06 declared N/A (third-party); yahoo_realised: 0.28 ex 2026-08-06 (third-party),tier 2
rFE-2026-08-07-1,rFE,FE,2026-08-07,0.4650000000000000,UNRESOLVED,GROSS,2,,0.465,,,0.465 ex 2026-05-07,yahoo_realised: 0.465 ex 2026-08-07 (third-party),tier 2
rFHI-2026-08-07-1,rFHI,FHI,2026-08-07,0.3800000000000000,UNRESOLVED,GROSS,2,,0.38,,,0.38 ex 2026-05-08,yahoo_realised: 0.38 ex 2026-08-07 (third-party),tier 2
rF-2026-08-11-1,rF,F,2026-08-11,0.1500000000000000,UNRESOLVED,GROSS,2,,0.15,,,0.15 ex 2026-05-12,yahoo_realised: 0.15 ex 2026-08-11 (third-party),tier 2
rFANG-2026-08-13-1,rFANG,FANG,2026-08-13,1.1000000000000000,UNRESOLVED,GROSS,2,1.10,1.1,,,1.1 ex 2026-05-14,nasdaq_declared: 1.10 ex 2026-08-13 declared 07/30/2026 (third-party); yahoo_realised: 1.1 ex 2026-08-13 (third-party),tier 2
rFCFS-2026-08-14-1,rFCFS,FCFS,2026-08-14,0.4200000000000000,UNRESOLVED,GROSS,2,0.42,0.42,,,0.42 ex 2026-05-15,nasdaq_declared: 0.42 ex 2026-08-14 declared 07/22/2026 (third-party); yahoo_realised: 0.42 ex 2026-08-14 (third-party),tier 2
rFBIN-2026-08-21-1,rFBIN,FBIN,2026-08-21,0.2600000000000000,UNRESOLVED,GROSS,2,,0.26,,,0.26 ex 2026-05-22,yahoo_realised: 0.26 ex 2026-08-21 (third-party),tier 2
rFERG-2026-08-21-1,rFERG,FERG,2026-08-21,0.8900000000000000,UNRESOLVED,GROSS,2,,0.89,,,0.89 ex 2026-05-15,yahoo_realised: 0.89 ex 2026-08-21 (third-party),tier 2
rFCNCA-2026-08-31-1,rFCNCA,FCNCA,2026-08-31,2.1000000000000000,UNRESOLVED,GROSS,2,2.10,2.1,,,2.1 ex 2026-05-29,nasdaq_declared: 2.10 ex 2026-08-31 declared 07/21/2026 (third-party); yahoo_realised: 2.1 ex 2026-08-31 (third-party),tier 2
rFDS-2026-08-31-1,rFDS,FDS,2026-08-31,1.1600000000000000,UNRESOLVED,GROSS,2,,1.16,,,1.16 ex 2026-05-29,yahoo_realised: 1.16 ex 2026-08-31 (third-party),tier 2
rFHN-2026-09-11-1,rFHN,FHN,2026-09-11,0.1700000000000000,UNRESOLVED,GROSS,2,,0.17,,,0.17 ex 2026-06-12,yahoo_realised: 0.17 ex 2026-09-11 (third-party),tier 2
rFDX-2026-09-14-1,rFDX,FDX,2026-09-14,1.2200000000000000,UNRESOLVED,GROSS,2,,1.22,,,1.22 ex 2026-06-22,yahoo_realised: 1.22 ex 2026-09-14 (third-party),tier 2
rFFIN-2026-09-14-1,rFFIN,FFIN,2026-09-14,0.2200000000000000,UNRESOLVED,GROSS,2,0.22,0.22,,,0.22 ex 2026-06-12,nasdaq_declared: 0.22 ex 2026-09-14 declared 07/28/2026 (third-party); yahoo_realised: 0.22 ex 2026-09-14 (third-party),tier 2
rEXR-2026-09-15-1,rEXR,EXR,2026-09-15,1.6200000000000000,UNRESOLVED,GROSS,2,,1.62,,,1.62 ex 2026-06-15,yahoo_realised: 1.62 ex 2026-09-15 (third-party),tier 2
rFLHY-2026-06-01-1,rFLHY,FLHY,2026-06-01,0.1266000000000000,UNRESOLVED,GROSS,2,,0.127,,,0.126 ex 2026-05-01,yahoo_realised: 0.127 ex 2026-06-01 (third-party),tier 2
rFNB-2026-06-01-1,rFNB,FNB,2026-06-01,0.1300000000000000,UNRESOLVED,GROSS,2,,0.13,,,0.12 ex 2026-03-02,yahoo_realised: 0.13 ex 2026-06-01 (third-party),tier 2
rFLG-2026-06-05-1,rFLG,FLG,2026-06-05,0.0100000000000000,UNRESOLVED,GROSS,2,,0.01,,,0.01 ex 2026-03-06,yahoo_realised: 0.01 ex 2026-06-05 (third-party),tier 2
rFIS-2026-06-11-1,rFIS,FIS,2026-06-11,0.4400000000000000,UNRESOLVED,GROSS,2,,0.44,,,0.44 ex 2026-03-10,yahoo_realised: 0.44 ex 2026-06-11 (third-party),tier 2
rFNF-2026-06-16-1,rFNF,FNF,2026-06-16,0.5200000000000000,UNRESOLVED,GROSS,2,,0.52,,,0.52 ex 2026-03-17,yahoo_realised: 0.52 ex 2026-06-16 (third-party),tier 2
rFLQL-2026-06-26-1,rFLQL,FLQL,2026-06-26,0.2235000000000000,GROSS,GROSS,1,,,,,,bitget_notice_2026_07_24: amount and ex-date match; 30% withholding DOCUMENTED,tier 1: 2026-07-24 notice match (builder rule)
rFLS-2026-06-26-1,rFLS,FLS,2026-06-26,0.2200000000000000,UNRESOLVED,GROSS,2,,0.22,,,0.22 ex 2026-03-27,yahoo_realised: 0.22 ex 2026-06-26 (third-party),tier 2
rFLHY-2026-07-01-1,rFLHY,FLHY,2026-07-01,0.1284100000000000,UNRESOLVED,GROSS,2,,0.128,,,0.127 ex 2026-06-01,yahoo_realised: 0.128 ex 2026-07-01 (third-party),tier 2
rFMX-2026-07-15-1,rFMX,FMX,2026-07-15,1.0344024000000000,UNRESOLVED,UNRESOLVED,,,1.827,,,1.795 ex 2026-04-22,,amount conflict: yahoo_realised 1.827 vs Reality 1.0344024000000000 (ratio 0.566)
rFMX-2026-07-15-2,rFMX,FMX,2026-07-15,0.6098841000000000,UNRESOLVED,UNRESOLVED,,,1.827,,,1.795 ex 2026-04-22,,amount conflict: yahoo_realised 1.827 vs Reality 0.6098841000000000 (ratio 0.334)
rFLHY-2026-08-03-1,rFLHY,FLHY,2026-08-03,0.1435000000000000,UNRESOLVED,GROSS,2,,0.143,,,0.128 ex 2026-07-01,yahoo_realised: 0.143 ex 2026-08-03 (third-party),tier 2
rFIX-2026-08-13-1,rFIX,FIX,2026-08-13,0.9000000000000000,UNRESOLVED,GROSS,2,,0.9,,,0.8 ex 2026-05-15,yahoo_realised: 0.9 ex 2026-08-13 (third-party),tier 2
rFLHY-2026-09-01-1,rFLHY,FLHY,2026-09-01,0.1248000000000000,UNRESOLVED,GROSS,2,,0.125,,,0.143 ex 2026-08-03,yahoo_realised: 0.125 ex 2026-09-01 (third-party),tier 2
rFNB-2026-09-01-1,rFNB,FNB,2026-09-01,0.1300000000000000,UNRESOLVED,GROSS,2,,0.13,,,0.13 ex 2026-06-01,yahoo_realised: 0.13 ex 2026-09-01 (third-party),tier 2
rFOXA-2026-09-02-1,rFOXA,FOXA,2026-09-02,0.2900000000000000,UNRESOLVED,GROSS,2,0.29,0.29,,,0.28 ex 2026-03-04,nasdaq_declared: 0.29 ex 2026-09-02 declared 08/05/2026 (third-party); yahoo_realised: 0.29 ex 2026-09-02 (third-party),tier 2
rFLG-2026-09-04-1,rFLG,FLG,2026-09-04,0.0100000000000000,UNRESOLVED,GROSS,2,,0.01,,,0.01 ex 2026-06-05,yahoo_realised: 0.01 ex 2026-09-04 (third-party),tier 2
rFIS-2026-09-11-1,rFIS,FIS,2026-09-11,0.4400000000000000,UNRESOLVED,GROSS,2,,0.44,,,0.44 ex 2026-06-11,yahoo_realised: 0.44 ex 2026-09-11 (third-party),tier 2
rFNF-2026-09-16-1,rFNF,FNF,2026-09-16,0.5200000000000000,UNRESOLVED,GROSS,2,,0.52,,,0.52 ex 2026-06-16,yahoo_realised: 0.52 ex 2026-09-16 (third-party),tier 2
rFLQL-2026-09-18-1,rFLQL,FLQL,2026-09-18,0.1940000000000000,UNRESOLVED,GROSS,2,,0.194,,,0.224 ex 2026-06-26,yahoo_realised: 0.194 ex 2026-09-18 (third-party),tier 2
rFLS-2026-09-25-1,rFLS,FLS,2026-09-25,0.2200000000000000,UNRESOLVED,UNRESOLVED,,,,,2026-09-25,0.22 ex 2026-06-26,yahoo_calendar: announced next ex-date 2026-09-25 (third-party); prior realised 0.22 ex 2026-06-26 equals amount (ASSUMED unchanged),no issuer row at ex-date; tier 3 needs first-party amount corroboration
rFRO-2026-06-12-1,rFRO,FRO,2026-06-12,1.5500000000000000,UNRESOLVED,GROSS,2,,1.55,,,1.03 ex 2026-03-12,yahoo_realised: 1.55 ex 2026-06-12 (third-party),tier 2
rFTV-2026-06-22-1,rFTV,FTV,2026-06-22,0.0600000000000000,UNRESOLVED,GROSS,2,,0.06,,,0.06 ex 2026-03-13,yahoo_realised: 0.06 ex 2026-06-22 (third-party),tier 2
rFSOL-2026-06-23-1,rFSOL,FSOL,2026-06-23,0.0355000000000000,UNRESOLVED,UNRESOLVED,,,,,,,,"no issuer row at ex-date; tier 3 needs first-party amount corroboration, issuer announced ex-date, prior-period amount"
rFTGC-2026-06-25-1,rFTGC,FTGC,2026-06-25,0.1691000000000000,GROSS,GROSS,1,,,,,,bitget_notice_2026_07_24: amount and ex-date match; 30% withholding DOCUMENTED,tier 1: 2026-07-24 notice match (builder rule)
rFR-2026-06-30-1,rFR,FR,2026-06-30,0.5000000000000000,UNRESOLVED,GROSS,2,,0.5,,,0.5 ex 2026-03-31,yahoo_realised: 0.5 ex 2026-06-30 (third-party),tier 2
rFSV-2026-06-30-1,rFSV,FSV,2026-06-30,0.3050000000000000,UNRESOLVED,GROSS,2,0.305,0.305,,,0.305 ex 2026-03-31,nasdaq_declared: 0.305 ex 2026-06-30 declared 05/06/2026 (third-party); yahoo_realised: 0.305 ex 2026-06-30 (third-party),tier 2
rFRT-2026-07-01-1,rFRT,FRT,2026-07-01,1.1300000000000000,UNRESOLVED,GROSS,2,,1.13,,,1.13 ex 2026-04-01,yahoo_realised: 1.13 ex 2026-07-01 (third-party),tier 2
rFULT-2026-07-01-1,rFULT,FULT,2026-07-01,0.1900000000000000,UNRESOLVED,GROSS,2,0.19,0.19,,,0.19 ex 2026-04-01,nasdaq_declared: 0.19 ex 2026-07-01 declared 06/16/2026 (third-party); yahoo_realised: 0.19 ex 2026-07-01 (third-party),tier 2
rFTAI-2026-08-12-1,rFTAI,FTAI,2026-08-12,0.5000000000000000,UNRESOLVED,GROSS,2,0.50,0.5,,,0.45 ex 2026-05-13,nasdaq_declared: 0.50 ex 2026-08-12 declared 07/28/2026 (third-party); yahoo_realised: 0.5 ex 2026-08-12 (third-party),tier 2
rFSS-2026-08-14-1,rFSS,FSS,2026-08-14,0.1500000000000000,UNRESOLVED,GROSS,2,,0.15,,,0.15 ex 2026-05-15,yahoo_realised: 0.15 ex 2026-08-14 (third-party),tier 2
rFTI-2026-08-18-1,rFTI,FTI,2026-08-18,0.0500000000000000,UNRESOLVED,GROSS,2,,0.05,,,0.05 ex 2026-05-19,yahoo_realised: 0.05 ex 2026-08-18 (third-party),tier 2
rFTS-2026-08-19-1,rFTS,FTS,2026-08-19,0.4559360000000000,UNRESOLVED,UNRESOLVED,,,0.461,,,0.467 ex 2026-05-15,,amount conflict: yahoo_realised 0.461 vs Reality 0.4559360000000000 (ratio 0.989)
rFTV-2026-09-04-1,rFTV,FTV,2026-09-04,0.0700000000000000,UNRESOLVED,GROSS,2,,0.07,,,0.06 ex 2026-06-22,yahoo_realised: 0.07 ex 2026-09-04 (third-party),tier 2
rFSOL-2026-09-16-1,rFSOL,FSOL,2026-09-16,0.1179000000000000,UNRESOLVED,UNRESOLVED,,,,,,,,"no issuer row at ex-date; tier 3 needs first-party amount corroboration, issuer announced ex-date, prior-period amount"
rFRO-2026-09-18-1,rFRO,FRO,2026-09-18,2.6100000000000000,UNRESOLVED,UNRESOLVED,,,3.41,,,1.55 ex 2026-06-12,,amount conflict: yahoo_realised 3.41 vs Reality 2.6100000000000000 (ratio 0.765)
rFRO-2026-09-18-2,rFRO,FRO,2026-09-18,0.8000000000000000,UNRESOLVED,UNRESOLVED,,,3.41,,,1.55 ex 2026-06-12,,amount conflict: yahoo_realised 3.41 vs Reality 0.8000000000000000 (ratio 0.235)
rFR-2026-09-30-1,rFR,FR,2026-09-30,0.5000000000000000,UNRESOLVED,UNRESOLVED,,,,,2026-09-30,0.5 ex 2026-06-30,yahoo_calendar: announced next ex-date 2026-09-30 (third-party); prior realised 0.5 ex 2026-06-30 equals amount (ASSUMED unchanged),no issuer row at ex-date; tier 3 needs first-party amount corroboration
rFRT-2026-10-01-1,rFRT,FRT,2026-10-01,1.1600000000000000,UNRESOLVED,UNRESOLVED,,,,,2026-10-01,1.13 ex 2026-07-01,yahoo_calendar: announced next ex-date 2026-10-01 (third-party),"no issuer row at ex-date; tier 3 needs first-party amount corroboration, prior-period amount"
rFULT-2026-10-01-1,rFULT,FULT,2026-10-01,0.1900000000000000,UNRESOLVED,GROSS,2,0.19,,,,0.19 ex 2026-07-01,nasdaq_declared: 0.19 ex 2026-10-01 declared 09/15/2026 (third-party),tier 2
rG-2026-06-10-1,rG,G,2026-06-10,0.1875000000000000,UNRESOLVED,GROSS,2,,0.188,,,0.188 ex 2026-03-16,yahoo_realised: 0.188 ex 2026-06-10 (third-party),tier 2
rFXI-2026-06-15-1,rFXI,FXI,2026-06-15,0.2634390000000000,UNRESOLVED,GROSS,2,,0.263,,,0.416 ex 2025-12-16,yahoo_realised: 0.263 ex 2026-06-15 (third-party),tier 2
rGATX-2026-06-15-1,rGATX,GATX,2026-06-15,0.6600000000000000,UNRESOLVED,GROSS,2,,0.66,,,0.66 ex 2026-03-02,yahoo_realised: 0.66 ex 2026-06-15 (third-party),tier 2
rGILD-2026-06-15-1,rGILD,GILD,2026-06-15,0.8200000000000000,UNRESOLVED,GROSS,2,0.82,0.82,,,0.82 ex 2026-03-13,nasdaq_declared: 0.82 ex 2026-06-15 declared 04/29/2026 (third-party); yahoo_realised: 0.82 ex 2026-06-15 (third-party),tier 2
rGEV-2026-06-16-1,rGEV,GEV,2026-06-16,0.5000000000000000,GROSS,GROSS,1,,,,,,bitget_notice_2026_07_24: amount and ex-date match; 30% withholding DOCUMENTED,tier 1: 2026-07-24 notice match (builder rule)
rGFS-2026-06-24-1,rGFS,GFS,2026-06-24,0.1200000000000000,GROSS,GROSS,1,,,,,,bitget_notice_2026_07_24: amount and ex-date match; 30% withholding DOCUMENTED,tier 1: 2026-07-24 notice match (builder rule)
rGD-2026-07-02-1,rGD,GD,2026-07-02,1.5900000000000000,UNRESOLVED,GROSS,2,,1.59,,,1.59 ex 2026-04-10,yahoo_realised: 1.59 ex 2026-07-02 (third-party),tier 2
rGE-2026-07-06-1,rGE,GE,2026-07-06,0.4700000000000000,UNRESOLVED,GROSS,2,,0.47,,,0.47 ex 2026-03-09,yahoo_realised: 0.47 ex 2026-07-06 (third-party),tier 2
rGBCI-2026-07-07-1,rGBCI,GBCI,2026-07-07,0.3300000000000000,UNRESOLVED,GROSS,2,,0.33,,,0.33 ex 2026-04-07,yahoo_realised: 0.33 ex 2026-07-07 (third-party),tier 2
rGAP-2026-07-08-1,rGAP,GAP,2026-07-08,0.1750000000000000,UNRESOLVED,GROSS,2,,0.175,,,0.175 ex 2026-04-08,yahoo_realised: 0.175 ex 2026-07-08 (third-party),tier 2
rGFL-2026-07-13-1,rGFL,GFL,2026-07-13,0.0169000000000000,UNRESOLVED,GROSS,2,,0.017,,,0.017 ex 2026-04-13,yahoo_realised: 0.017 ex 2026-07-13 (third-party),tier 2
rGHC-2026-07-16-1,rGHC,GHC,2026-07-16,1.8800000000000000,UNRESOLVED,GROSS,2,,1.88,,,1.88 ex 2026-04-16,yahoo_realised: 1.88 ex 2026-07-16 (third-party),tier 2
rGGG-2026-07-20-1,rGGG,GGG,2026-07-20,0.2950000000000000,UNRESOLVED,GROSS,2,,0.295,,,0.295 ex 2026-04-13,yahoo_realised: 0.295 ex 2026-07-20 (third-party),tier 2
rGEHC-2026-07-24-1,rGEHC,GEHC,2026-07-24,0.0350000000000000,UNRESOLVED,GROSS,2,0.035,0.035,,,0.035 ex 2026-04-02,nasdaq_declared: 0.035 ex 2026-07-24 declared 06/30/2026 (third-party); yahoo_realised: 0.035 ex 2026-07-24 (third-party),tier 2
rGGAL-2026-08-03-1,rGGAL,GGAL,2026-08-03,0.0489920000000000,UNRESOLVED,GROSS,2,0.048992,0.049,,,0.623 ex 2026-05-11,nasdaq_declared: 0.048992 ex 2026-08-03 declared 07/24/2026 (third-party); yahoo_realised: 0.049 ex 2026-08-03 (third-party),tier 2
rGIB-2026-08-14-1,rGIB,GIB,2026-08-14,0.1204960000000000,UNRESOLVED,UNRESOLVED,,,0.122,,,0.124 ex 2026-05-15,,amount conflict: yahoo_realised 0.122 vs Reality 0.1204960000000000 (ratio 0.988)
rGEN-2026-08-17-1,rGEN,GEN,2026-08-17,0.1250000000000000,UNRESOLVED,GROSS,2,0.125,0.125,,,0.125 ex 2026-05-18,nasdaq_declared: 0.125 ex 2026-08-17 declared 08/06/2026 (third-party); yahoo_realised: 0.125 ex 2026-08-17 (third-party),tier 2
rGIL-2026-08-20-1,rGIL,GIL,2026-08-20,0.2490000000000000,UNRESOLVED,GROSS,2,,0.249,,,0.249 ex 2026-05-20,yahoo_realised: 0.249 ex 2026-08-20 (third-party),tier 2
rGGB-2026-08-21-1,rGGB,GGB,2026-08-21,0.0378640000000000,UNRESOLVED,UNRESOLVED,,,0.045,,,0.036 ex 2026-05-15,,amount conflict: yahoo_realised 0.045 vs Reality 0.0378640000000000 (ratio 0.841)
rGGAL-2026-08-24-1,rGGAL,GGAL,2026-08-24,0.0481660000000000,UNRESOLVED,GROSS,2,0.048166,0.048,,,0.049 ex 2026-08-03,nasdaq_declared: 0.048166 ex 2026-08-24 declared 08/14/2026 (third-party); yahoo_realised: 0.048 ex 2026-08-24 (third-party),tier 2
rG-2026-09-10-1,rG,G,2026-09-10,0.1875000000000000,UNRESOLVED,GROSS,2,,0.188,,,0.188 ex 2026-06-10,yahoo_realised: 0.188 ex 2026-09-10 (third-party),tier 2
rGFI-2026-09-11-1,rGFI,GFI,2026-09-11,0.8115410000000000,UNRESOLVED,UNRESOLVED,,,1.014,,,1.442 ex 2026-03-13,,amount conflict: yahoo_realised 1.014 vs Reality 0.8115410000000000 (ratio 0.800)
rGATX-2026-09-15-1,rGATX,GATX,2026-09-15,0.6600000000000000,UNRESOLVED,GROSS,2,,0.66,,,0.66 ex 2026-06-15,yahoo_realised: 0.66 ex 2026-09-15 (third-party),tier 2
rGILD-2026-09-15-1,rGILD,GILD,2026-09-15,0.8200000000000000,UNRESOLVED,GROSS,2,0.82,0.82,,,0.82 ex 2026-06-15,nasdaq_declared: 0.82 ex 2026-09-15 declared 07/28/2026 (third-party); yahoo_realised: 0.82 ex 2026-09-15 (third-party),tier 2
rGFS-2026-09-23-1,rGFS,GFS,2026-09-23,0.1200000000000000,UNRESOLVED,GROSS,2,0.12,,,,0.12 ex 2026-06-24,nasdaq_declared: 0.12 ex 2026-09-23 declared 07/28/2026 (third-party),tier 2
rGAP-2026-10-07-1,rGAP,GAP,2026-10-07,0.1750000000000000,UNRESOLVED,UNRESOLVED,,,,,2026-10-07,0.175 ex 2026-07-08,yahoo_calendar: announced next ex-date 2026-10-07 (third-party); prior realised 0.175 ex 2026-07-08 equals amount (ASSUMED unchanged),no issuer row at ex-date; tier 3 needs first-party amount corroboration
rGD-2026-10-09-1,rGD,GD,2026-10-09,1.5900000000000000,UNRESOLVED,UNRESOLVED,,,,,2026-10-09,1.59 ex 2026-07-02,yahoo_calendar: announced next ex-date 2026-10-09 (third-party); prior realised 1.59 ex 2026-07-02 equals amount (ASSUMED unchanged),no issuer row at ex-date; tier 3 needs first-party amount corroboration
rGHC-2026-10-15-1,rGHC,GHC,2026-10-15,1.8800000000000000,UNRESOLVED,UNRESOLVED,,,,,2026-10-15,1.88 ex 2026-07-16,yahoo_calendar: announced next ex-date 2026-10-15 (third-party); prior realised 1.88 ex 2026-07-16 equals amount (ASSUMED unchanged),no issuer row at ex-date; tier 3 needs first-party amount corroboration
rGGG-2026-10-19-1,rGGG,GGG,2026-10-19,0.2950000000000000,UNRESOLVED,UNRESOLVED,,,,,2026-10-19,0.295 ex 2026-07-20,yahoo_calendar: announced next ex-date 2026-10-19 (third-party); prior realised 0.295 ex 2026-07-20 equals amount (ASSUMED unchanged),no issuer row at ex-date; tier 3 needs first-party amount corroboration
rGLNG-2026-06-01-1,rGLNG,GLNG,2026-06-01,0.2500000000000000,UNRESOLVED,GROSS,2,0.25,0.25,,,0.25 ex 2026-03-09,nasdaq_declared: 0.25 ex 2026-06-01 declared 05/20/2026 (third-party); yahoo_realised: 0.25 ex 2026-06-01 (third-party),tier 2
rGS-2026-06-01-1,rGS,GS,2026-06-01,4.5000000000000000,UNRESOLVED,GROSS,2,,4.5,,,4.5 ex 2026-03-02,yahoo_realised: 4.5 ex 2026-06-01 (third-party),tier 2
rGM-2026-06-05-1,rGM,GM,2026-06-05,0.1800000000000000,UNRESOLVED,GROSS,2,,0.18,,,0.18 ex 2026-03-06,yahoo_realised: 0.18 ex 2026-06-05 (third-party),tier 2
rGOLF-2026-06-05-1,rGOLF,GOLF,2026-06-05,0.2550000000000000,UNRESOLVED,GROSS,2,,0.255,,,0.255 ex 2026-03-06,yahoo_realised: 0.255 ex 2026-06-05 (third-party),tier 2
rGPC-2026-06-05-1,rGPC,GPC,2026-06-05,1.0625000000000000,UNRESOLVED,GROSS,2,,1.063,,,1.063 ex 2026-03-06,yahoo_realised: 1.063 ex 2026-06-05 (third-party),tier 2
rGOOGL-2026-06-08-1,rGOOGL,GOOGL,2026-06-08,0.2200000000000000,UNRESOLVED,GROSS,2,0.22,0.22,,,0.21 ex 2026-03-09,nasdaq_declared: 0.22 ex 2026-06-08 declared 04/27/2026 (third-party); yahoo_realised: 0.22 ex 2026-06-08 (third-party),tier 2
rGLPI-2026-06-12-1,rGLPI,GLPI,2026-06-12,0.8200000000000000,UNRESOLVED,GROSS,2,0.82,0.82,,,0.78 ex 2026-03-13,nasdaq_declared: 0.82 ex 2026-06-12 declared 05/20/2026 (third-party); yahoo_realised: 0.82 ex 2026-06-12 (third-party),tier 2
rGPN-2026-06-12-1,rGPN,GPN,2026-06-12,0.2500000000000000,UNRESOLVED,GROSS,2,,0.25,,,0.25 ex 2026-03-09,yahoo_realised: 0.25 ex 2026-06-12 (third-party),tier 2
rGRMN-2026-06-15-1,rGRMN,GRMN,2026-06-15,1.0500000000000000,UNRESOLVED,GROSS,2,,1.05,,,0.9 ex 2026-03-13,yahoo_realised: 1.05 ex 2026-06-15 (third-party),tier 2
rGRFS-2026-07-02-1,rGRFS,GRFS,2026-07-02,0.0765110000000000,UNRESOLVED,UNRESOLVED,,0.094458,0.094,,,,,amount conflict: nasdaq_declared 0.094458 vs Reality 0.0765110000000000 (ratio 0.810); yahoo_realised 0.094 vs Reality 0.0765110000000000 (ratio 0.814)
rGL-2026-07-06-1,rGL,GL,2026-07-06,0.3300000000000000,UNRESOLVED,GROSS,2,,0.33,,,0.33 ex 2026-04-02,yahoo_realised: 0.33 ex 2026-07-06 (third-party),tier 2
rGNTX-2026-07-08-1,rGNTX,GNTX,2026-07-08,0.1200000000000000,UNRESOLVED,GROSS,2,0.12,0.12,,,0.12 ex 2026-04-08,nasdaq_declared: 0.12 ex 2026-07-08 declared 05/28/2026 (third-party); yahoo_realised: 0.12 ex 2026-07-08 (third-party),tier 2
rGIS-2026-07-10-1,rGIS,GIS,2026-07-10,0.6100000000000000,UNRESOLVED,GROSS,2,,0.61,,,0.61 ex 2026-04-10,yahoo_realised: 0.61 ex 2026-07-10 (third-party),tier 2
rGLNG-2026-08-24-1,rGLNG,GLNG,2026-08-24,0.2500000000000000,UNRESOLVED,GROSS,2,0.25,0.25,,,0.25 ex 2026-06-01,nasdaq_declared: 0.25 ex 2026-08-24 declared 08/13/2026 (third-party); yahoo_realised: 0.25 ex 2026-08-24 (third-party),tier 2
rGLW-2026-08-31-1,rGLW,GLW,2026-08-31,0.2800000000000000,UNRESOLVED,GROSS,2,,0.28,,,0.28 ex 2026-05-29,yahoo_realised: 0.28 ex 2026-08-31 (third-party),tier 2
rGS-2026-09-01-1,rGS,GS,2026-09-01,5.0000000000000000,UNRESOLVED,GROSS,2,,5.0,,,4.5 ex 2026-06-01,yahoo_realised: 5.0 ex 2026-09-01 (third-party),tier 2
rGM-2026-09-04-1,rGM,GM,2026-09-04,0.1800000000000000,UNRESOLVED,GROSS,2,,0.18,,,0.18 ex 2026-06-05,yahoo_realised: 0.18 ex 2026-09-04 (third-party),tier 2
rGOLF-2026-09-04-1,rGOLF,GOLF,2026-09-04,0.2550000000000000,UNRESOLVED,GROSS,2,,0.255,,,0.255 ex 2026-06-05,yahoo_realised: 0.255 ex 2026-09-04 (third-party),tier 2
rGOOGL-2026-09-04-1,rGOOGL,GOOGL,2026-09-04,0.2200000000000000,UNRESOLVED,GROSS,2,0.22,0.22,,,0.22 ex 2026-06-08,nasdaq_declared: 0.22 ex 2026-09-04 declared 07/22/2026 (third-party); yahoo_realised: 0.22 ex 2026-09-04 (third-party),tier 2
rGPC-2026-09-04-1,rGPC,GPC,2026-09-04,1.0625000000000000,UNRESOLVED,GROSS,2,,1.063,,,1.063 ex 2026-06-05,yahoo_realised: 1.063 ex 2026-09-04 (third-party),tier 2
rGLPI-2026-09-11-1,rGLPI,GLPI,2026-09-11,0.8200000000000000,UNRESOLVED,GROSS,2,0.82,0.82,,,0.82 ex 2026-06-12,nasdaq_declared: 0.82 ex 2026-09-11 declared 09/01/2026 (third-party); yahoo_realised: 0.82 ex 2026-09-11 (third-party),tier 2
rGPN-2026-09-11-1,rGPN,GPN,2026-09-11,0.2500000000000000,UNRESOLVED,GROSS,2,,0.25,,,0.25 ex 2026-06-12,yahoo_realised: 0.25 ex 2026-09-11 (third-party),tier 2
rGRMN-2026-09-11-1,rGRMN,GRMN,2026-09-11,1.0500000000000000,UNRESOLVED,GROSS,2,,1.05,,,1.05 ex 2026-06-15,yahoo_realised: 1.05 ex 2026-09-11 (third-party),tier 2
rGL-2026-10-05-1,rGL,GL,2026-10-05,0.3300000000000000,UNRESOLVED,UNRESOLVED,,,,,2026-10-05,0.33 ex 2026-07-06,yahoo_calendar: announced next ex-date 2026-10-05 (third-party); prior realised 0.33 ex 2026-07-06 equals amount (ASSUMED unchanged),no issuer row at ex-date; tier 3 needs first-party amount corroboration
rGNTX-2026-10-07-1,rGNTX,GNTX,2026-10-07,0.1200000000000000,UNRESOLVED,GROSS,2,0.12,,,,0.12 ex 2026-07-08,nasdaq_declared: 0.12 ex 2026-10-07 declared 08/28/2026 (third-party),tier 2
rGRMN-2026-12-11-1,rGRMN,GRMN,2026-12-11,1.0500000000000000,UNRESOLVED,UNRESOLVED,,,,,2026-12-11,1.05 ex 2026-09-11,yahoo_calendar: announced next ex-date 2026-12-11 (third-party); prior realised 1.05 ex 2026-09-11 equals amount (ASSUMED unchanged),no issuer row at ex-date; tier 3 needs first-party amount corroboration
rGRMN-2027-03-12-1,rGRMN,GRMN,2027-03-12,1.0500000000000000,UNRESOLVED,UNRESOLVED,,,,,2026-12-11,1.05 ex 2026-09-11,prior realised 1.05 ex 2026-09-11 equals amount (ASSUMED unchanged),"no issuer row at ex-date; tier 3 needs first-party amount corroboration, issuer announced ex-date"
rGTX-2026-06-01-1,rGTX,GTX,2026-06-01,0.0800000000000000,UNRESOLVED,GROSS,2,0.08,0.08,,,0.08 ex 2026-03-02,nasdaq_declared: 0.08 ex 2026-06-01 declared 04/30/2026 (third-party); yahoo_realised: 0.08 ex 2026-06-01 (third-party),tier 2
rHAS-2026-06-01-1,rHAS,HAS,2026-06-01,0.7000000000000000,UNRESOLVED,GROSS,2,0.70,0.7,,,0.7 ex 2026-02-18,nasdaq_declared: 0.70 ex 2026-06-01 declared 05/12/2026 (third-party); yahoo_realised: 0.7 ex 2026-06-01 (third-party),tier 2
rHAL-2026-06-03-1,rHAL,HAL,2026-06-03,0.1700000000000000,UNRESOLVED,GROSS,2,,0.17,,,0.17 ex 2026-03-04,yahoo_realised: 0.17 ex 2026-06-03 (third-party),tier 2
rHD-2026-06-04-1,rHD,HD,2026-06-04,2.3300000000000000,UNRESOLVED,GROSS,2,,2.33,,,2.33 ex 2026-03-12,yahoo_realised: 2.33 ex 2026-06-04 (third-party),tier 2
rHBM-2026-06-09-1,rHBM,HBM,2026-06-09,0.0073630100000000,UNRESOLVED,GROSS,2,,0.007,,,0.007 ex 2026-03-10,yahoo_realised: 0.007 ex 2026-06-09 (third-party),tier 2
rHDV-2026-06-15-1,rHDV,HDV,2026-06-15,0.1850490000000000,UNRESOLVED,GROSS,2,,0.185,,,0.1686 ex 2026-03-17,yahoo_realised: 0.185 ex 2026-06-15 (third-party),tier 2
rHCA-2026-06-16-1,rHCA,HCA,2026-06-16,0.7800000000000000,UNRESOLVED,GROSS,2,,0.78,,,0.78 ex 2026-03-17,yahoo_realised: 0.78 ex 2026-06-16 (third-party),tier 2
rHBAN-2026-06-17-1,rHBAN,HBAN,2026-06-17,0.1550000000000000,UNRESOLVED,GROSS,2,0.155,0.155,,,0.155 ex 2026-03-18,nasdaq_declared: 0.155 ex 2026-06-17 declared 04/23/2026 (third-party); yahoo_realised: 0.155 ex 2026-06-17 (third-party),tier 2
rHDB-2026-06-17-1,rHDB,HDB,2026-06-17,0.3530700000000000,UNRESOLVED,UNRESOLVED,,,,,2026-06-18,,,"no issuer row at ex-date; tier 3 needs first-party amount corroboration, issuer announced ex-date, prior-period amount"
rGVA-2026-06-30-1,rGVA,GVA,2026-06-30,0.1300000000000000,UNRESOLVED,GROSS,2,,0.13,,,0.13 ex 2026-03-31,yahoo_realised: 0.13 ex 2026-06-30 (third-party),tier 2
rHEI-2026-07-01-1,rHEI,HEI,2026-07-01,0.1300000000000000,GROSS,GROSS,1,,,,,,bitget_notice_2026_07_24: amount and ex-date match; 30% withholding DOCUMENTED,tier 1: 2026-07-24 notice match (builder rule)
rHASI-2026-07-02-1,rHASI,HASI,2026-07-02,0.4250000000000000,UNRESOLVED,GROSS,2,,0.425,,,0.425 ex 2026-04-02,yahoo_realised: 0.425 ex 2026-07-02 (third-party),tier 2
rHDV-2026-07-15-1,rHDV,HDV,2026-07-15,0.0874000000000000,UNRESOLVED,GROSS,2,,0.087,,,0.185 ex 2026-06-15,yahoo_realised: 0.087 ex 2026-07-15 (third-party),tier 2
rHESM-2026-08-06-1,rHESM,HESM,2026-08-06,0.7888000000000000,UNRESOLVED,GROSS,2,,0.789,,,0.779 ex 2026-05-07,yahoo_realised: 0.789 ex 2026-08-06 (third-party),tier 2
rHDB-2026-08-07-1,rHDB,HDB,2026-08-07,0.3530700000000000,UNRESOLVED,UNRESOLVED,,,,,2026-06-18,,,"no issuer row at ex-date; tier 3 needs first-party amount corroboration, issuer announced ex-date, prior-period amount"
rGWW-2026-08-10-1,rGWW,GWW,2026-08-10,2.4900000000000000,UNRESOLVED,GROSS,2,,2.49,,,2.49 ex 2026-05-11,yahoo_realised: 2.49 ex 2026-08-10 (third-party),tier 2
rHCC-2026-08-10-1,rHCC,HCC,2026-08-10,0.0800000000000000,UNRESOLVED,GROSS,2,,0.08,,,0.08 ex 2026-05-01,yahoo_realised: 0.08 ex 2026-08-10 (third-party),tier 2
rGSK-2026-08-14-1,rGSK,GSK,2026-08-14,0.4440200000000000,UNRESOLVED,UNRESOLVED,,,0.452,,,0.461 ex 2026-05-15,,amount conflict: yahoo_realised 0.452 vs Reality 0.4440200000000000 (ratio 0.982)
rHAS-2026-08-19-1,rHAS,HAS,2026-08-19,0.7000000000000000,UNRESOLVED,GROSS,2,0.70,0.7,,,0.7 ex 2026-06-01,nasdaq_declared: 0.70 ex 2026-08-19 declared 07/16/2026 (third-party); yahoo_realised: 0.7 ex 2026-08-19 (third-party),tier 2
rHDV-2026-08-19-1,rHDV,HDV,2026-08-19,0.1046160000000000,UNRESOLVED,GROSS,2,,0.105,,,0.087 ex 2026-07-15,yahoo_realised: 0.105 ex 2026-08-19 (third-party),tier 2
rH-2026-08-27-1,rH,H,2026-08-27,0.1500000000000000,UNRESOLVED,GROSS,2,,0.15,,,0.15 ex 2026-05-29,yahoo_realised: 0.15 ex 2026-08-27 (third-party),tier 2
rGTX-2026-09-01-1,rGTX,GTX,2026-09-01,0.0800000000000000,UNRESOLVED,GROSS,2,0.08,0.08,,,0.08 ex 2026-06-01,nasdaq_declared: 0.08 ex 2026-09-01 declared 07/29/2026 (third-party); yahoo_realised: 0.08 ex 2026-09-01 (third-party),tier 2
rHAL-2026-09-02-1,rHAL,HAL,2026-09-02,0.1700000000000000,UNRESOLVED,GROSS,2,,0.17,,,0.17 ex 2026-06-03,yahoo_realised: 0.17 ex 2026-09-02 (third-party),tier 2
rHD-2026-09-03-1,rHD,HD,2026-09-03,2.3300000000000000,UNRESOLVED,GROSS,2,,2.33,,,2.33 ex 2026-06-04,yahoo_realised: 2.33 ex 2026-09-03 (third-party),tier 2
rHBM-2026-09-08-1,rHBM,HBM,2026-09-08,0.0070880000000000,UNRESOLVED,GROSS,2,,0.007,,,0.007 ex 2026-06-09,yahoo_realised: 0.007 ex 2026-09-08 (third-party),tier 2
rHCA-2026-09-16-1,rHCA,HCA,2026-09-16,0.7800000000000000,UNRESOLVED,GROSS,2,,0.78,,,0.78 ex 2026-06-16,yahoo_realised: 0.78 ex 2026-09-16 (third-party),tier 2
rHDV-2026-09-16-1,rHDV,HDV,2026-09-16,0.0559590000000000,UNRESOLVED,GROSS,2,,0.056,,,0.105 ex 2026-08-19,yahoo_realised: 0.056 ex 2026-09-16 (third-party),tier 2
rHBAN-2026-09-17-1,rHBAN,HBAN,2026-09-17,0.1550000000000000,UNRESOLVED,GROSS,2,0.155,0.155,,,0.155 ex 2026-06-17,nasdaq_declared: 0.155 ex 2026-09-17 declared N/A (third-party); yahoo_realised: 0.155 ex 2026-09-17 (third-party),tier 2
rGVA-2026-09-30-1,rGVA,GVA,2026-09-30,0.1300000000000000,UNRESOLVED,UNRESOLVED,,,,,2026-09-30,0.13 ex 2026-06-30,yahoo_calendar: announced next ex-date 2026-09-30 (third-party); prior realised 0.13 ex 2026-06-30 equals amount (ASSUMED unchanged),no issuer row at ex-date; tier 3 needs first-party amount corroboration
rHASI-2026-10-02-1,rHASI,HASI,2026-10-02,0.4250000000000000,UNRESOLVED,UNRESOLVED,,,,,2026-10-02,0.425 ex 2026-07-02,yahoo_calendar: announced next ex-date 2026-10-02 (third-party); prior realised 0.425 ex 2026-07-02 equals amount (ASSUMED unchanged),no issuer row at ex-date; tier 3 needs first-party amount corroboration
rHIG-2026-06-01-1,rHIG,HIG,2026-06-01,0.6000000000000000,UNRESOLVED,GROSS,2,,0.6,,,0.6 ex 2026-03-02,yahoo_realised: 0.6 ex 2026-06-01 (third-party),tier 2
rHLI-2026-06-01-1,rHLI,HLI,2026-06-01,0.7000000000000000,UNRESOLVED,GROSS,2,,0.7,,,0.6 ex 2026-03-02,yahoo_realised: 0.7 ex 2026-06-01 (third-party),tier 2
rHRB-2026-06-03-1,rHRB,HRB,2026-06-03,0.4200000000000000,UNRESOLVED,GROSS,2,,0.42,,,0.42 ex 2026-03-04,yahoo_realised: 0.42 ex 2026-06-03 (third-party),tier 2
rHPQ-2026-06-10-1,rHPQ,HPQ,2026-06-10,0.3000000000000000,UNRESOLVED,GROSS,2,,0.3,,,0.3 ex 2026-03-11,yahoo_realised: 0.3 ex 2026-06-10 (third-party),tier 2
rHPE-2026-06-16-1,rHPE,HPE,2026-06-16,0.1425000000000000,GROSS,GROSS,1,,,,,,bitget_notice_2026_07_24: amount and ex-date match; 30% withholding DOCUMENTED,tier 1: 2026-07-24 notice match (builder rule)
rHLNE-2026-06-18-1,rHLNE,HLNE,2026-06-18,0.6000000000000000,UNRESOLVED,GROSS,2,0.60,0.6,,,0.54 ex 2026-03-20,nasdaq_declared: 0.60 ex 2026-06-18 declared N/A (third-party); yahoo_realised: 0.6 ex 2026-06-18 (third-party),tier 2
rHON-2026-06-29-1,rHON,HON,2026-06-29,,UNRESOLVED,UNRESOLVED,,,,,,,,not a cash dividend
rHON-2026-06-29-2,rHON,HON,2026-06-29,,UNRESOLVED,UNRESOLVED,,,,,,,,not a cash dividend
rHIMX-2026-06-30-1,rHIMX,HIMX,2026-06-30,0.2420000000000000,GROSS,GROSS,1,,,,,,bitget_notice_2026_07_24: amount and ex-date match; 30% withholding DOCUMENTED,tier 1: 2026-07-24 notice match (builder rule)
rHST-2026-06-30-1,rHST,HST,2026-06-30,0.2000000000000000,UNRESOLVED,UNRESOLVED,,0.92,0.92,,,0.2 ex 2026-03-31,,amount conflict: nasdaq_declared 0.92 vs Reality 0.2000000000000000 (ratio 0.217); yahoo_realised 0.92 vs Reality 0.2000000000000000 (ratio 0.217)
rHST-2026-06-30-2,rHST,HST,2026-06-30,0.7200000000000000,UNRESOLVED,UNRESOLVED,,0.92,0.92,,,0.2 ex 2026-03-31,,amount conflict: nasdaq_declared 0.92 vs Reality 0.7200000000000000 (ratio 0.783); yahoo_realised 0.92 vs Reality 0.7200000000000000 (ratio 0.783)
rHRL-2026-07-13-1,rHRL,HRL,2026-07-13,0.2925000000000000,UNRESOLVED,GROSS,2,,0.293,,,0.293 ex 2026-04-13,yahoo_realised: 0.293 ex 2026-07-13 (third-party),tier 2
rHR-2026-08-11-1,rHR,HR,2026-08-11,0.2400000000000000,UNRESOLVED,GROSS,2,,0.24,,,0.24 ex 2026-05-11,yahoo_realised: 0.24 ex 2026-08-11 (third-party),tier 2
rHOMB-2026-08-12-1,rHOMB,HOMB,2026-08-12,0.2300000000000000,UNRESOLVED,GROSS,2,,0.23,,,0.21 ex 2026-05-13,yahoo_realised: 0.23 ex 2026-08-12 (third-party),tier 2
rHLN-2026-08-14-1,rHLN,HLN,2026-08-14,0.0606850000000000,UNRESOLVED,UNRESOLVED,,,0.064,,,0.131 ex 2026-04-10,,amount conflict: yahoo_realised 0.064 vs Reality 0.0606850000000000 (ratio 0.948)
rHON-2026-08-14-1,rHON,HON,2026-08-14,0.7000000000000000,UNRESOLVED,GROSS,2,0.70,0.7,,,1.248034 ex 2026-05-15,nasdaq_declared: 0.70 ex 2026-08-14 declared 07/24/2026 (third-party); yahoo_realised: 0.7 ex 2026-08-14 (third-party),tier 2
rHLT-2026-08-21-1,rHLT,HLT,2026-08-21,0.1500000000000000,UNRESOLVED,GROSS,2,,0.15,,,0.15 ex 2026-05-22,yahoo_realised: 0.15 ex 2026-08-21 (third-party),tier 2
rHL-2026-08-26-1,rHL,HL,2026-08-26,0.0037500000000000,UNRESOLVED,GROSS,2,,0.004,,,0.004 ex 2026-05-22,yahoo_realised: 0.004 ex 2026-08-26 (third-party),tier 2
rHII-2026-08-28-1,rHII,HII,2026-08-28,1.3800000000000000,UNRESOLVED,GROSS,2,,1.38,,,1.38 ex 2026-05-29,yahoo_realised: 1.38 ex 2026-08-28 (third-party),tier 2
rHIG-2026-09-01-1,rHIG,HIG,2026-09-01,0.6000000000000000,UNRESOLVED,GROSS,2,,0.6,,,0.6 ex 2026-06-01,yahoo_realised: 0.6 ex 2026-09-01 (third-party),tier 2
rHLI-2026-09-01-1,rHLI,HLI,2026-09-01,0.7000000000000000,UNRESOLVED,GROSS,2,,0.7,,,0.7 ex 2026-06-01,yahoo_realised: 0.7 ex 2026-09-01 (third-party),tier 2
rHRI-2026-09-02-1,rHRI,HRI,2026-09-02,0.7000000000000000,UNRESOLVED,GROSS,2,,0.7,,,0.7 ex 2026-05-29,yahoo_realised: 0.7 ex 2026-09-02 (third-party),tier 2
rHRB-2026-09-03-1,rHRB,HRB,2026-09-03,0.4600000000000000,UNRESOLVED,GROSS,2,,0.46,,,0.42 ex 2026-06-03,yahoo_realised: 0.46 ex 2026-09-03 (third-party),tier 2
rHPQ-2026-09-09-1,rHPQ,HPQ,2026-09-09,0.3000000000000000,UNRESOLVED,GROSS,2,,0.3,,,0.3 ex 2026-06-10,yahoo_realised: 0.3 ex 2026-09-09 (third-party),tier 2
rHPE-2026-09-17-1,rHPE,HPE,2026-09-17,0.1425000000000000,UNRESOLVED,UNRESOLVED,,,,,2026-09-17,0.143 ex 2026-06-16,yahoo_calendar: announced next ex-date 2026-09-17 (third-party); prior realised 0.143 ex 2026-06-16 equals amount (ASSUMED unchanged),no issuer row at ex-date; tier 3 needs first-party amount corroboration
rHLNE-2026-09-21-1,rHLNE,HLNE,2026-09-21,0.6000000000000000,UNRESOLVED,GROSS,2,0.60,,,,0.6 ex 2026-06-18,nasdaq_declared: 0.60 ex 2026-09-21 declared N/A (third-party),tier 2
rHST-2026-09-30-1,rHST,HST,2026-09-30,0.2000000000000000,UNRESOLVED,GROSS,2,0.20,,,,0.92 ex 2026-06-30,nasdaq_declared: 0.20 ex 2026-09-30 declared 09/15/2026 (third-party),tier 2
rHYG-2026-06-01-1,rHYG,HYG,2026-06-01,0.4089670000000000,UNRESOLVED,GROSS,2,,0.409,,,0.419 ex 2026-05-01,yahoo_realised: 0.409 ex 2026-06-01 (third-party),tier 2
rHYS-2026-06-01-1,rHYS,HYS,2026-06-01,0.5700000000000000,UNRESOLVED,GROSS,2,,0.57,,,0.56 ex 2026-05-01,yahoo_realised: 0.57 ex 2026-06-01 (third-party),tier 2
rIBKR-2026-06-01-1,rIBKR,IBKR,2026-06-01,0.0875000000000000,UNRESOLVED,GROSS,2,0.0875,0.088,,,0.08 ex 2026-02-27,nasdaq_declared: 0.0875 ex 2026-06-01 declared 04/21/2026 (third-party); yahoo_realised: 0.088 ex 2026-06-01 (third-party),tier 2
rICL-2026-06-02-1,rICL,ICL,2026-06-02,0.0535000000000000,UNRESOLVED,GROSS,2,,0.053,,,0.047 ex 2026-03-10,yahoo_realised: 0.053 ex 2026-06-02 (third-party),tier 2
rHWC-2026-06-05-1,rHWC,HWC,2026-06-05,0.5000000000000000,UNRESOLVED,GROSS,2,0.50,0.5,,,0.5 ex 2026-03-05,nasdaq_declared: 0.50 ex 2026-06-05 declared N/A (third-party); yahoo_realised: 0.5 ex 2026-06-05 (third-party),tier 2
rIBB-2026-06-15-1,rIBB,IBB,2026-06-15,0.0237740000000000,UNRESOLVED,GROSS,2,0.023774,0.024,,,0.122 ex 2026-03-17,nasdaq_declared: 0.023774 ex 2026-06-15 declared 06/12/2026 (third-party); yahoo_realised: 0.024 ex 2026-06-15 (third-party),tier 2
rIBP-2026-06-15-1,rIBP,IBP,2026-06-15,0.3900000000000000,UNRESOLVED,GROSS,2,,0.39,,,2.19 ex 2026-03-13,yahoo_realised: 0.39 ex 2026-06-15 (third-party),tier 2
rICE-2026-06-15-1,rICE,ICE,2026-06-15,0.5200000000000000,UNRESOLVED,GROSS,2,,0.52,,,0.52 ex 2026-03-17,yahoo_realised: 0.52 ex 2026-06-15 (third-party),tier 2
rICLN-2026-06-15-1,rICLN,ICLN,2026-06-15,0.0560630000000000,UNRESOLVED,GROSS,2,0.056063,0.056,,,0.128 ex 2025-12-16,nasdaq_declared: 0.056063 ex 2026-06-15 declared 06/12/2026 (third-party); yahoo_realised: 0.056 ex 2026-06-15 (third-party),tier 2
rHUM-2026-06-26-1,rHUM,HUM,2026-06-26,0.8850000000000000,UNRESOLVED,GROSS,2,,0.885,,,0.885 ex 2026-03-27,yahoo_realised: 0.885 ex 2026-06-26 (third-party),tier 2
rHYG-2026-07-01-1,rHYG,HYG,2026-07-01,0.3687910000000000,UNRESOLVED,GROSS,2,,0.369,,,0.409 ex 2026-06-01,yahoo_realised: 0.369 ex 2026-07-01 (third-party),tier 2
rHYS-2026-07-01-1,rHYS,HYS,2026-07-01,0.5700000000000000,GROSS,GROSS,1,,,,,,bitget_notice_2026_07_24: amount and ex-date match; 30% withholding DOCUMENTED,tier 1: 2026-07-24 notice match (builder rule)
rHYG-2026-08-03-1,rHYG,HYG,2026-08-03,0.3842890000000000,UNRESOLVED,GROSS,2,,0.384,,,0.369 ex 2026-07-01,yahoo_realised: 0.384 ex 2026-08-03 (third-party),tier 2
rHYS-2026-08-03-1,rHYS,HYS,2026-08-03,0.5500000100000000,UNRESOLVED,GROSS,2,,0.55,,,0.57 ex 2026-07-01,yahoo_realised: 0.55 ex 2026-08-03 (third-party),tier 2
rIDA-2026-08-05-1,rIDA,IDA,2026-08-05,0.8800000000000000,UNRESOLVED,GROSS,2,,0.88,,,0.88 ex 2026-05-05,yahoo_realised: 0.88 ex 2026-08-05 (third-party),tier 2
rHWM-2026-08-07-1,rHWM,HWM,2026-08-07,0.1400000000000000,UNRESOLVED,GROSS,2,,0.14,,,0.12 ex 2026-05-08,yahoo_realised: 0.14 ex 2026-08-07 (third-party),tier 2
rHXL-2026-08-10-1,rHXL,HXL,2026-08-10,0.1800000000000000,UNRESOLVED,GROSS,2,,0.18,,,0.18 ex 2026-05-04,yahoo_realised: 0.18 ex 2026-08-10 (third-party),tier 2
rIBM-2026-08-10-1,rIBM,IBM,2026-08-10,1.6900000000000000,UNRESOLVED,GROSS,2,,1.69,,,1.69 ex 2026-05-08,yahoo_realised: 1.69 ex 2026-08-10 (third-party),tier 2
rHSY-2026-08-14-1,rHSY,HSY,2026-08-14,1.4520000000000000,UNRESOLVED,GROSS,2,,1.452,,,1.452 ex 2026-05-15,yahoo_realised: 1.452 ex 2026-08-14 (third-party),tier 2
rIBOC-2026-08-14-1,rIBOC,IBOC,2026-08-14,0.7300000000000000,UNRESOLVED,GROSS,2,0.73,0.73,,,0.73 ex 2026-02-13,nasdaq_declared: 0.73 ex 2026-08-14 declared 07/31/2026 (third-party); yahoo_realised: 0.73 ex 2026-08-14 (third-party),tier 2
rHUBB-2026-08-31-1,rHUBB,HUBB,2026-08-31,1.4200000000000000,UNRESOLVED,GROSS,2,,1.42,,,1.42 ex 2026-05-29,yahoo_realised: 1.42 ex 2026-08-31 (third-party),tier 2
rHYG-2026-09-01-1,rHYG,HYG,2026-09-01,0.4350250000000000,UNRESOLVED,GROSS,2,,0.435,,,0.384 ex 2026-08-03,yahoo_realised: 0.435 ex 2026-09-01 (third-party),tier 2
rHYS-2026-09-01-1,rHYS,HYS,2026-09-01,0.4900000000000000,UNRESOLVED,GROSS,2,,0.49,,,0.55 ex 2026-08-03,yahoo_realised: 0.49 ex 2026-09-01 (third-party),tier 2
rIBKR-2026-09-01-1,rIBKR,IBKR,2026-09-01,0.0875000000000000,UNRESOLVED,GROSS,2,0.0875,0.088,,,0.088 ex 2026-06-01,nasdaq_declared: 0.0875 ex 2026-09-01 declared N/A (third-party); yahoo_realised: 0.088 ex 2026-09-01 (third-party),tier 2
rICL-2026-09-02-1,rICL,ICL,2026-09-02,0.0581100000000000,UNRESOLVED,GROSS,2,,0.058,,,0.053 ex 2026-06-02,yahoo_realised: 0.058 ex 2026-09-02 (third-party),tier 2
rHWC-2026-09-04-1,rHWC,HWC,2026-09-04,0.5000000000000000,UNRESOLVED,GROSS,2,0.50,0.5,,,0.5 ex 2026-06-05,nasdaq_declared: 0.50 ex 2026-09-04 declared N/A (third-party); yahoo_realised: 0.5 ex 2026-09-04 (third-party),tier 2
rHTHT-2026-09-08-1,rHTHT,HTHT,2026-09-08,0.8500000000000000,UNRESOLVED,UNRESOLVED,,0.87,0.87,,,1.3 ex 2026-05-04,,amount conflict: nasdaq_declared 0.87 vs Reality 0.8500000000000000 (ratio 0.977); yahoo_realised 0.87 vs Reality 0.8500000000000000 (ratio 0.977)
rIBB-2026-09-15-1,rIBB,IBB,2026-09-15,0.0111940000000000,UNRESOLVED,GROSS,2,0.011194,0.011,,,0.024 ex 2026-06-15,nasdaq_declared: 0.011194 ex 2026-09-15 declared 09/14/2026 (third-party); yahoo_realised: 0.011 ex 2026-09-15 (third-party),tier 2
rIBP-2026-09-15-1,rIBP,IBP,2026-09-15,0.3900000000000000,UNRESOLVED,GROSS,2,,0.39,,,0.39 ex 2026-06-15,yahoo_realised: 0.39 ex 2026-09-15 (third-party),tier 2
rICE-2026-09-16-1,rICE,ICE,2026-09-16,0.5200000000000000,UNRESOLVED,GROSS,2,,0.52,,,0.52 ex 2026-06-15,yahoo_realised: 0.52 ex 2026-09-16 (third-party),tier 2
rHUM-2026-10-30-1,rHUM,HUM,2026-10-30,0.8849999900000000,UNRESOLVED,UNRESOLVED,,,,,2026-10-30,0.885 ex 2026-06-26,yahoo_calendar: announced next ex-date 2026-10-30 (third-party); prior realised 0.885 ex 2026-06-26 equals amount (ASSUMED unchanged),no issuer row at ex-date; tier 3 needs first-party amount corroboration
rICE-2026-12-16-1,rICE,ICE,2026-12-16,0.5200000000000000,UNRESOLVED,UNRESOLVED,,,,,2026-12-16,0.52 ex 2026-09-16,yahoo_calendar: announced next ex-date 2026-12-16 (third-party); prior realised 0.52 ex 2026-09-16 equals amount (ASSUMED unchanged),no issuer row at ex-date; tier 3 needs first-party amount corroboration
rIEF-2026-06-01-1,rIEF,IEF,2026-06-01,0.3171970000000000,UNRESOLVED,GROSS,2,0.317197,0.317,,,0.312 ex 2026-05-01,nasdaq_declared: 0.317197 ex 2026-06-01 declared 05/29/2026 (third-party); yahoo_realised: 0.317 ex 2026-06-01 (third-party),tier 2
rIMO-2026-06-04-1,rIMO,IMO,2026-06-04,0.6397110000000000,UNRESOLVED,UNRESOLVED,,,0.626,,,0.638 ex 2026-03-05,,amount conflict: yahoo_realised 0.626 vs Reality 0.6397110000000000 (ratio 1.022)
rINFY-2026-06-10-1,rINFY,INFY,2026-06-10,0.2202910000000000,UNRESOLVED,UNRESOLVED,,,0.259,,,,,amount conflict: yahoo_realised 0.259 vs Reality 0.2202910000000000 (ratio 0.851)
rIEFA-2026-06-15-1,rIEFA,IEFA,2026-06-15,1.5780600000000000,UNRESOLVED,GROSS,2,,1.578,,,1.711 ex 2025-12-16,yahoo_realised: 1.578 ex 2026-06-15 (third-party),tier 2
rIEMG-2026-06-15-1,rIEMG,IEMG,2026-06-15,0.6584390000000000,UNRESOLVED,GROSS,2,,0.658,,,1.139 ex 2025-12-16,yahoo_realised: 0.658 ex 2026-06-15 (third-party),tier 2
rIGV-2026-06-15-1,rIGV,IGV,2026-06-15,0.0168320000000000,UNRESOLVED,GROSS,2,,0.017,,,,yahoo_realised: 0.017 ex 2026-06-15 (third-party),tier 2
rIJH-2026-06-15-1,rIJH,IJH,2026-06-15,0.1894610000000000,UNRESOLVED,GROSS,2,,0.189,,,0.157 ex 2026-03-17,yahoo_realised: 0.189 ex 2026-06-15 (third-party),tier 2
rIFF-2026-06-18-1,rIFF,IFF,2026-06-18,0.4000000000000000,UNRESOLVED,GROSS,2,,0.4,,,0.4 ex 2026-03-20,yahoo_realised: 0.4 ex 2026-06-18 (third-party),tier 2
rINCE-2026-06-30-1,rINCE,INCE,2026-06-30,0.2500000000000000,UNRESOLVED,GROSS,2,,0.25,,,0.25 ex 2026-05-29,yahoo_realised: 0.25 ex 2026-06-30 (third-party),tier 2
rIEF-2026-07-01-1,rIEF,IEF,2026-07-01,0.3110590000000000,UNRESOLVED,GROSS,2,0.311059,0.311,,,0.317 ex 2026-06-01,nasdaq_declared: 0.311059 ex 2026-07-01 declared 06/30/2026 (third-party); yahoo_realised: 0.311 ex 2026-07-01 (third-party),tier 2
rINGR-2026-07-01-1,rINGR,INGR,2026-07-01,0.8200000000000000,UNRESOLVED,GROSS,2,,0.82,,,0.82 ex 2026-04-01,yahoo_realised: 0.82 ex 2026-07-01 (third-party),tier 2
rIEX-2026-07-06-1,rIEX,IEX,2026-07-06,0.7300000000000000,UNRESOLVED,GROSS,2,,0.73,,,0.73 ex 2026-05-22,yahoo_realised: 0.73 ex 2026-07-06 (third-party),tier 2
rIDCC-2026-07-08-1,rIDCC,IDCC,2026-07-08,0.7000000000000000,UNRESOLVED,GROSS,2,0.70,0.7,,,0.7 ex 2026-04-08,nasdaq_declared: 0.70 ex 2026-07-08 declared 06/11/2026 (third-party); yahoo_realised: 0.7 ex 2026-07-08 (third-party),tier 2
rINCE-2026-07-31-1,rINCE,INCE,2026-07-31,0.3000000000000000,UNRESOLVED,GROSS,2,,0.3,,,0.25 ex 2026-06-30,yahoo_realised: 0.3 ex 2026-07-31 (third-party),tier 2
rIEF-2026-08-03-1,rIEF,IEF,2026-08-03,0.3175489900000000,UNRESOLVED,GROSS,2,0.317549,0.318,,,0.311 ex 2026-07-01,nasdaq_declared: 0.317549 ex 2026-08-03 declared 07/31/2026 (third-party); yahoo_realised: 0.318 ex 2026-08-03 (third-party),tier 2
rINGM-2026-08-11-1,rINGM,INGM,2026-08-11,0.0860000000000000,UNRESOLVED,GROSS,2,,0.086,,,0.084 ex 2026-05-12,yahoo_realised: 0.086 ex 2026-08-11 (third-party),tier 2
rIEP-2026-08-17-1,rIEP,IEP,2026-08-17,0.5000000000000000,UNRESOLVED,GROSS,2,0.50,0.5,,,0.5 ex 2026-05-18,nasdaq_declared: 0.50 ex 2026-08-17 declared 08/03/2026 (third-party); yahoo_realised: 0.5 ex 2026-08-17 (third-party),tier 2
rIHG-2026-08-21-1,rIHG,IHG,2026-08-21,0.6250000000000000,UNRESOLVED,UNRESOLVED,,,0.645,,,1.259 ex 2026-04-10,,amount conflict: yahoo_realised 0.645 vs Reality 0.6250000000000000 (ratio 0.969)
rIESC-2026-08-24-1,rIESC,IESC,2026-08-24,,UNRESOLVED,UNRESOLVED,,,,,,,,not a cash dividend
rINCE-2026-08-31-1,rINCE,INCE,2026-08-31,0.3000000100000000,UNRESOLVED,GROSS,2,,0.3,,,0.3 ex 2026-07-31,yahoo_realised: 0.3 ex 2026-08-31 (third-party),tier 2
rIEF-2026-09-01-1,rIEF,IEF,2026-09-01,0.3320440000000000,UNRESOLVED,GROSS,2,0.332044,0.332,,,0.318 ex 2026-08-03,nasdaq_declared: 0.332044 ex 2026-09-01 declared 08/31/2026 (third-party); yahoo_realised: 0.332 ex 2026-09-01 (third-party),tier 2
rIMO-2026-09-04-1,rIMO,IMO,2026-09-04,0.6199620000000000,UNRESOLVED,UNRESOLVED,,,0.631,,,0.626 ex 2026-06-04,,amount conflict: yahoo_realised 0.631 vs Reality 0.6199620000000000 (ratio 0.983)
rIJH-2026-09-15-1,rIJH,IJH,2026-09-15,0.2258570000000000,UNRESOLVED,GROSS,2,,0.226,,,0.189 ex 2026-06-15,yahoo_realised: 0.226 ex 2026-09-15 (third-party),tier 2
rIFF-2026-09-18-1,rIFF,IFF,2026-09-18,0.4000000000000000,UNRESOLVED,GROSS,2,,0.4,,,0.4 ex 2026-06-18,yahoo_realised: 0.4 ex 2026-09-18 (third-party),tier 2
rIEX-2026-10-02-1,rIEX,IEX,2026-10-02,0.7300000000000000,UNRESOLVED,UNRESOLVED,,,,,2026-10-02,0.73 ex 2026-07-06,yahoo_calendar: announced next ex-date 2026-10-02 (third-party); prior realised 0.73 ex 2026-07-06 equals amount (ASSUMED unchanged),no issuer row at ex-date; tier 3 needs first-party amount corroboration
rIDCC-2026-10-14-1,rIDCC,IDCC,2026-10-14,0.7500000000000000,UNRESOLVED,GROSS,2,0.75,,,,0.7 ex 2026-07-08,nasdaq_declared: 0.75 ex 2026-10-14 declared 09/09/2026 (third-party),tier 2
rITT-2026-06-08-1,rITT,ITT,2026-06-08,0.3860000000000000,UNRESOLVED,GROSS,2,,0.386,,,0.386 ex 2026-03-06,yahoo_realised: 0.386 ex 2026-06-08 (third-party),tier 2
rINSW-2026-06-12-1,rINSW,INSW,2026-06-12,0.1200000000000000,UNRESOLVED,UNRESOLVED,,,4.55,,,2.15 ex 2026-03-20,,amount conflict: yahoo_realised 4.55 vs Reality 0.1200000000000000 (ratio 0.026)
rINSW-2026-06-12-2,rINSW,INSW,2026-06-12,4.4300000000000000,UNRESOLVED,UNRESOLVED,,,4.55,,,2.15 ex 2026-03-20,,amount conflict: yahoo_realised 4.55 vs Reality 4.4300000000000000 (ratio 0.974)
rIRDM-2026-06-15-1,rIRDM,IRDM,2026-06-15,0.1500000000000000,UNRESOLVED,GROSS,2,0.15,0.15,,,0.15 ex 2026-03-16,nasdaq_declared: 0.15 ex 2026-06-15 declared 05/20/2026 (third-party); yahoo_realised: 0.15 ex 2026-06-15 (third-party),tier 2
rIRM-2026-06-15-1,rIRM,IRM,2026-06-15,0.8640000000000000,UNRESOLVED,GROSS,2,,0.864,,,0.864 ex 2026-03-16,yahoo_realised: 0.864 ex 2026-06-15 (third-party),tier 2
rITA-2026-06-15-1,rITA,ITA,2026-06-15,0.1635800000000000,UNRESOLVED,GROSS,2,,0.164,,,0.151 ex 2026-03-17,yahoo_realised: 0.164 ex 2026-06-15 (third-party),tier 2
rITOT-2026-06-15-1,rITOT,ITOT,2026-06-15,0.4193070000000000,UNRESOLVED,GROSS,2,,0.419,,,0.327 ex 2026-03-17,yahoo_realised: 0.419 ex 2026-06-15 (third-party),tier 2
rIVV-2026-06-15-1,rIVV,IVV,2026-06-15,1.9956530000000000,UNRESOLVED,GROSS,2,,1.996,,,1.784 ex 2026-03-17,yahoo_realised: 1.996 ex 2026-06-15 (third-party),tier 2
rIWF-2026-06-15-1,rIWF,IWF,2026-06-15,0.1067760000000000,UNRESOLVED,GROSS,2,,0.107,,,0.0975 ex 2026-03-17,yahoo_realised: 0.107 ex 2026-06-15 (third-party),tier 2
rIWM-2026-06-15-1,rIWM,IWM,2026-06-15,0.6951290000000000,UNRESOLVED,GROSS,2,,0.695,,,0.442 ex 2026-03-17,yahoo_realised: 0.695 ex 2026-06-15 (third-party),tier 2
rINVH-2026-06-25-1,rINVH,INVH,2026-06-25,0.3000000000000000,UNRESOLVED,GROSS,2,,0.3,,,0.3 ex 2026-03-26,yahoo_realised: 0.3 ex 2026-06-25 (third-party),tier 2
rITW-2026-06-30-1,rITW,ITW,2026-06-30,1.6100000000000000,UNRESOLVED,GROSS,2,,1.61,,,1.61 ex 2026-03-31,yahoo_realised: 1.61 ex 2026-06-30 (third-party),tier 2
rINTU-2026-07-09-1,rINTU,INTU,2026-07-09,1.2000000000000000,GROSS,GROSS,1,,,,,,bitget_notice_2026_07_24: amount and ex-date match; 30% withholding DOCUMENTED,tier 1: 2026-07-24 notice match (builder rule)
rIR-2026-08-13-1,rIR,IR,2026-08-13,0.0200000000000000,UNRESOLVED,GROSS,2,,0.02,,,0.02 ex 2026-05-14,yahoo_realised: 0.02 ex 2026-08-13 (third-party),tier 2
rIP-2026-08-14-1,rIP,IP,2026-08-14,0.4625000000000000,UNRESOLVED,GROSS,2,,0.463,,,0.463 ex 2026-05-22,yahoo_realised: 0.463 ex 2026-08-14 (third-party),tier 2
rIVZ-2026-08-14-1,rIVZ,IVZ,2026-08-14,0.2150000000000000,UNRESOLVED,GROSS,2,,0.215,,,0.215 ex 2026-05-15,yahoo_realised: 0.215 ex 2026-08-14 (third-party),tier 2
rITT-2026-09-08-1,rITT,ITT,2026-09-08,0.3860000000000000,UNRESOLVED,GROSS,2,,0.386,,,0.386 ex 2026-06-08,yahoo_realised: 0.386 ex 2026-09-08 (third-party),tier 2
rINSW-2026-09-10-1,rINSW,INSW,2026-09-10,5.0500000000000000,UNRESOLVED,GROSS,2,,5.05,,,4.55 ex 2026-06-12,yahoo_realised: 5.05 ex 2026-09-10 (third-party),tier 2
rIRDM-2026-09-15-1,rIRDM,IRDM,2026-09-15,0.1500000000000000,UNRESOLVED,GROSS,2,0.15,0.15,,,0.15 ex 2026-06-15,nasdaq_declared: 0.15 ex 2026-09-15 declared 08/10/2026 (third-party); yahoo_realised: 0.15 ex 2026-09-15 (third-party),tier 2
rIRM-2026-09-15-1,rIRM,IRM,2026-09-15,0.8640000000000000,UNRESOLVED,GROSS,2,,0.864,,,0.864 ex 2026-06-15,yahoo_realised: 0.864 ex 2026-09-15 (third-party),tier 2
rITA-2026-09-15-1,rITA,ITA,2026-09-15,0.2505200000000000,UNRESOLVED,GROSS,2,,0.251,,,0.164 ex 2026-06-15,yahoo_realised: 0.251 ex 2026-09-15 (third-party),tier 2
rITOT-2026-09-15-1,rITOT,ITOT,2026-09-15,0.4526690000000000,UNRESOLVED,GROSS,2,,0.453,,,0.419 ex 2026-06-15,yahoo_realised: 0.453 ex 2026-09-15 (third-party),tier 2
rIVV-2026-09-15-1,rIVV,IVV,2026-09-15,2.2026070000000000,UNRESOLVED,GROSS,2,,2.203,,,1.996 ex 2026-06-15,yahoo_realised: 2.203 ex 2026-09-15 (third-party),tier 2
rIWF-2026-09-15-1,rIWF,IWF,2026-09-15,0.1089350000000000,UNRESOLVED,GROSS,2,,0.109,,,0.107 ex 2026-06-15,yahoo_realised: 0.109 ex 2026-09-15 (third-party),tier 2
rIWM-2026-09-15-1,rIWM,IWM,2026-09-15,0.7504360000000000,UNRESOLVED,GROSS,2,,0.75,,,0.695 ex 2026-06-15,yahoo_realised: 0.75 ex 2026-09-15 (third-party),tier 2
rINVH-2026-09-24-1,rINVH,INVH,2026-09-24,0.3000000000000000,UNRESOLVED,UNRESOLVED,,,,,2026-09-24,0.3 ex 2026-06-25,yahoo_calendar: announced next ex-date 2026-09-24 (third-party); prior realised 0.3 ex 2026-06-25 equals amount (ASSUMED unchanged),no issuer row at ex-date; tier 3 needs first-party amount corroboration
rITW-2026-09-30-1,rITW,ITW,2026-09-30,1.7200000000000000,UNRESOLVED,UNRESOLVED,,,,,2026-09-30,1.61 ex 2026-06-30,yahoo_calendar: announced next ex-date 2026-09-30 (third-party),"no issuer row at ex-date; tier 3 needs first-party amount corroboration, prior-period amount"
rINTU-2026-10-08-1,rINTU,INTU,2026-10-08,1.3800000000000000,UNRESOLVED,GROSS,2,1.38,,,,1.2 ex 2026-07-09,nasdaq_declared: 1.38 ex 2026-10-08 declared 08/20/2026 (third-party),tier 2
rJEPI-2026-06-01-1,rJEPI,JEPI,2026-06-01,0.3892100000000000,UNRESOLVED,GROSS,2,,0.389,,,0.448 ex 2026-05-01,yahoo_realised: 0.389 ex 2026-06-01 (third-party),tier 2
rJEPQ-2026-06-01-1,rJEPQ,JEPQ,2026-06-01,0.5644400000000000,UNRESOLVED,GROSS,2,0.56444,0.564,,,0.591 ex 2026-05-01,nasdaq_declared: 0.56444 ex 2026-06-01 declared 05/29/2026 (third-party); yahoo_realised: 0.564 ex 2026-06-01 (third-party),tier 2
rJKHY-2026-06-01-1,rJKHY,JKHY,2026-06-01,0.6100000000000000,UNRESOLVED,GROSS,2,0.61,0.61,,,0.61 ex 2026-03-05,nasdaq_declared: 0.61 ex 2026-06-01 declared 05/08/2026 (third-party); yahoo_realised: 0.61 ex 2026-06-01 (third-party),tier 2
rJXN-2026-06-11-1,rJXN,JXN,2026-06-11,0.9000000000000000,UNRESOLVED,GROSS,2,,0.9,,,0.9 ex 2026-03-16,yahoo_realised: 0.9 ex 2026-06-11 (third-party),tier 2
rJAN-2026-06-12-1,rJAN,JAN,2026-06-12,0.1599000000000000,UNRESOLVED,GROSS,2,,0.16,,,,yahoo_realised: 0.16 ex 2026-06-12 (third-party),tier 2
rIWN-2026-06-15-1,rIWN,IWN,2026-06-15,0.7850410000000000,UNRESOLVED,GROSS,2,,0.785,,,0.518 ex 2026-03-17,yahoo_realised: 0.785 ex 2026-06-15 (third-party),tier 2
rJCI-2026-06-15-1,rJCI,JCI,2026-06-15,0.4000000000000000,UNRESOLVED,GROSS,2,,0.4,,,0.4 ex 2026-03-16,yahoo_realised: 0.4 ex 2026-06-15 (third-party),tier 2
rJAAA-2026-06-30-1,rJAAA,JAAA,2026-06-30,0.2003510000000000,UNRESOLVED,GROSS,2,,0.2,,,0.198 ex 2026-05-29,yahoo_realised: 0.2 ex 2026-06-30 (third-party),tier 2
rJEPI-2026-07-01-1,rJEPI,JEPI,2026-07-01,0.3871600000000000,UNRESOLVED,GROSS,2,,0.387,,,0.389 ex 2026-06-01,yahoo_realised: 0.387 ex 2026-07-01 (third-party),tier 2
rJEPQ-2026-07-01-1,rJEPQ,JEPQ,2026-07-01,0.6365800000000000,UNRESOLVED,GROSS,2,0.63658,0.637,,,0.564 ex 2026-06-01,nasdaq_declared: 0.63658 ex 2026-07-01 declared 06/30/2026 (third-party); yahoo_realised: 0.637 ex 2026-07-01 (third-party),tier 2
rJPM-2026-07-06-1,rJPM,JPM,2026-07-06,1.5000000000000000,UNRESOLVED,GROSS,2,,1.5,,,1.5 ex 2026-04-06,yahoo_realised: 1.5 ex 2026-07-06 (third-party),tier 2
rJAN-2026-07-17-1,rJAN,JAN,2026-07-17,0.0475000000000000,UNRESOLVED,GROSS,2,,0.048,,,0.16 ex 2026-06-12,yahoo_realised: 0.048 ex 2026-07-17 (third-party),tier 2
rJAAA-2026-07-31-1,rJAAA,JAAA,2026-07-31,0.1993660000000000,UNRESOLVED,GROSS,2,,0.199,,,0.2 ex 2026-06-30,yahoo_realised: 0.199 ex 2026-07-31 (third-party),tier 2
rJEPI-2026-08-03-1,rJEPI,JEPI,2026-08-03,0.3666400000000000,UNRESOLVED,GROSS,2,,0.367,,,0.387 ex 2026-07-01,yahoo_realised: 0.367 ex 2026-08-03 (third-party),tier 2
rJEPQ-2026-08-03-1,rJEPQ,JEPQ,2026-08-03,0.7049700000000000,UNRESOLVED,GROSS,2,0.70497,0.705,,,0.637 ex 2026-07-01,nasdaq_declared: 0.70497 ex 2026-08-03 declared 07/31/2026 (third-party); yahoo_realised: 0.705 ex 2026-08-03 (third-party),tier 2
rKB-2026-08-06-1,rKB,KB,2026-08-06,0.8114089900000000,UNRESOLVED,UNRESOLVED,,,,,2026-08-06,,yahoo_calendar: announced next ex-date 2026-08-06 (third-party),"no issuer row at ex-date; tier 3 needs first-party amount corroboration, prior-period amount"
rJBHT-2026-08-07-1,rJBHT,JBHT,2026-08-07,0.4500000000000000,UNRESOLVED,GROSS,2,0.45,0.45,,,0.45 ex 2026-05-08,nasdaq_declared: 0.45 ex 2026-08-07 declared 07/22/2026 (third-party); yahoo_realised: 0.45 ex 2026-08-07 (third-party),tier 2
rJAN-2026-08-14-1,rJAN,JAN,2026-08-14,0.0475000000000000,UNRESOLVED,GROSS,2,,0.048,,,0.048 ex 2026-07-17,yahoo_realised: 0.048 ex 2026-08-14 (third-party),tier 2
rJBL-2026-08-14-1,rJBL,JBL,2026-08-14,0.0800000000000000,UNRESOLVED,GROSS,2,,0.08,,,0.08 ex 2026-05-15,yahoo_realised: 0.08 ex 2026-08-14 (third-party),tier 2
rJBTM-2026-08-17-1,rJBTM,JBTM,2026-08-17,0.1000000000000000,UNRESOLVED,GROSS,2,,0.1,,,0.1 ex 2026-05-26,yahoo_realised: 0.1 ex 2026-08-17 (third-party),tier 2
rJEF-2026-08-18-1,rJEF,JEF,2026-08-18,0.4000000000000000,UNRESOLVED,GROSS,2,,0.4,,,0.4 ex 2026-05-18,yahoo_realised: 0.4 ex 2026-08-18 (third-party),tier 2
rJ-2026-08-21-1,rJ,J,2026-08-21,0.3600000000000000,UNRESOLVED,GROSS,2,,0.36,,,0.36 ex 2026-05-22,yahoo_realised: 0.36 ex 2026-08-21 (third-party),tier 2
rJNJ-2026-08-25-1,rJNJ,JNJ,2026-08-25,1.3400000000000000,UNRESOLVED,GROSS,2,,1.34,,,1.34 ex 2026-05-26,yahoo_realised: 1.34 ex 2026-08-25 (third-party),tier 2
rJAAA-2026-08-31-1,rJAAA,JAAA,2026-08-31,0.2076660000000000,UNRESOLVED,GROSS,2,,0.208,,,0.199 ex 2026-07-31,yahoo_realised: 0.208 ex 2026-08-31 (third-party),tier 2
rJEPI-2026-09-01-1,rJEPI,JEPI,2026-09-01,0.3714200000000000,UNRESOLVED,GROSS,2,,0.371,,,0.367 ex 2026-08-03,yahoo_realised: 0.371 ex 2026-09-01 (third-party),tier 2
rJEPQ-2026-09-01-1,rJEPQ,JEPQ,2026-09-01,0.6825500000000000,UNRESOLVED,GROSS,2,0.68255,0.683,,,0.705 ex 2026-08-03,nasdaq_declared: 0.68255 ex 2026-09-01 declared 08/31/2026 (third-party); yahoo_realised: 0.683 ex 2026-09-01 (third-party),tier 2
rJKHY-2026-09-04-1,rJKHY,JKHY,2026-09-04,0.6100000000000000,UNRESOLVED,GROSS,2,0.61,0.61,,,0.61 ex 2026-06-01,nasdaq_declared: 0.61 ex 2026-09-04 declared 08/21/2026 (third-party); yahoo_realised: 0.61 ex 2026-09-04 (third-party),tier 2
rJAN-2026-09-11-1,rJAN,JAN,2026-09-11,0.0475000000000000,UNRESOLVED,GROSS,2,,0.048,,,0.048 ex 2026-08-14,yahoo_realised: 0.048 ex 2026-09-11 (third-party),tier 2
rIWN-2026-09-15-1,rIWN,IWN,2026-09-15,0.8845560000000000,UNRESOLVED,GROSS,2,,0.885,,,0.785 ex 2026-06-15,yahoo_realised: 0.885 ex 2026-09-15 (third-party),tier 2
rJXN-2026-09-15-1,rJXN,JXN,2026-09-15,0.9000000000000000,UNRESOLVED,GROSS,2,,0.9,,,0.9 ex 2026-06-11,yahoo_realised: 0.9 ex 2026-09-15 (third-party),tier 2
rJCI-2026-09-21-1,rJCI,JCI,2026-09-21,0.4000000000000000,UNRESOLVED,UNRESOLVED,,,,,2026-09-21,0.4 ex 2026-06-15,yahoo_calendar: announced next ex-date 2026-09-21 (third-party); prior realised 0.4 ex 2026-06-15 equals amount (ASSUMED unchanged),no issuer row at ex-date; tier 3 needs first-party amount corroboration
rJPM-2026-10-06-1,rJPM,JPM,2026-10-06,1.6500000000000000,UNRESOLVED,UNRESOLVED,,,,,2026-10-06,1.5 ex 2026-07-06,yahoo_calendar: announced next ex-date 2026-10-06 (third-party),"no issuer row at ex-date; tier 3 needs first-party amount corroboration, prior-period amount"
rJAN-2026-10-16-1,rJAN,JAN,2026-10-16,0.0475000000000000,UNRESOLVED,UNRESOLVED,,,,,2026-10-16,0.048 ex 2026-09-11,yahoo_calendar: announced next ex-date 2026-10-16 (third-party); prior realised 0.048 ex 2026-09-11 equals amount (ASSUMED unchanged),no issuer row at ex-date; tier 3 needs first-party amount corroboration
rJAN-2026-11-12-1,rJAN,JAN,2026-11-12,0.0475000000000000,UNRESOLVED,UNRESOLVED,,,,,2026-10-16,0.048 ex 2026-09-11,prior realised 0.048 ex 2026-09-11 equals amount (ASSUMED unchanged),"no issuer row at ex-date; tier 3 needs first-party amount corroboration, issuer announced ex-date"
rJAN-2026-12-18-1,rJAN,JAN,2026-12-18,0.0475000000000000,UNRESOLVED,UNRESOLVED,,,,,2026-10-16,0.048 ex 2026-09-11,prior realised 0.048 ex 2026-09-11 equals amount (ASSUMED unchanged),"no issuer row at ex-date; tier 3 needs first-party amount corroboration, issuer announced ex-date"
rKEY-2026-06-02-1,rKEY,KEY,2026-06-02,0.2050000000000000,UNRESOLVED,GROSS,2,,0.205,,,0.205 ex 2026-03-03,yahoo_realised: 0.205 ex 2026-06-02 (third-party),tier 2
rKHC-2026-06-05-1,rKHC,KHC,2026-06-05,0.4000000000000000,UNRESOLVED,GROSS,2,,0.4,,,0.4 ex 2026-03-06,yahoo_realised: 0.4 ex 2026-06-05 (third-party),tier 2
rKIM-2026-06-05-1,rKIM,KIM,2026-06-05,0.2600000000000000,UNRESOLVED,GROSS,2,,0.26,,,0.26 ex 2026-03-06,yahoo_realised: 0.26 ex 2026-06-05 (third-party),tier 2
rKMB-2026-06-05-1,rKMB,KMB,2026-06-05,1.2800000000000000,UNRESOLVED,GROSS,2,1.28,1.28,,,1.28 ex 2026-03-06,nasdaq_declared: 1.28 ex 2026-06-05 declared 05/14/2026 (third-party); yahoo_realised: 1.28 ex 2026-06-05 (third-party),tier 2
rKNX-2026-06-08-1,rKNX,KNX,2026-06-08,0.2000000000000000,UNRESOLVED,GROSS,2,,0.2,,,0.2 ex 2026-03-06,yahoo_realised: 0.2 ex 2026-06-08 (third-party),tier 2
rKLAC-2026-06-12-1,rKLAC,KLAC,2026-06-12,,UNRESOLVED,UNRESOLVED,,,,,,,,not a cash dividend
rKBR-2026-06-15-1,rKBR,KBR,2026-06-15,0.1650000000000000,UNRESOLVED,GROSS,2,,0.165,,,0.165 ex 2026-03-13,yahoo_realised: 0.165 ex 2026-06-15 (third-party),tier 2
rKO-2026-06-15-1,rKO,KO,2026-06-15,0.5300000000000000,GROSS,GROSS,1,,,,,,bitget_notice_2026_07_24: amount and ex-date match; 30% withholding DOCUMENTED,tier 1: 2026-07-24 notice match (builder rule)
rKLIC-2026-06-18-1,rKLIC,KLIC,2026-06-18,0.2050000000000000,UNRESOLVED,GROSS,2,0.205,0.205,,,0.205 ex 2026-03-19,nasdaq_declared: 0.205 ex 2026-06-18 declared 05/26/2026 (third-party); yahoo_realised: 0.205 ex 2026-06-18 (third-party),tier 2
rKDP-2026-06-26-1,rKDP,KDP,2026-06-26,0.2300000000000000,UNRESOLVED,GROSS,2,0.23,0.23,,,0.23 ex 2026-03-27,nasdaq_declared: 0.23 ex 2026-06-26 declared 05/20/2026 (third-party); yahoo_realised: 0.23 ex 2026-06-26 (third-party),tier 2
rKOF-2026-07-13-1,rKOF,KOF,2026-07-13,0.9972820000000000,UNRESOLVED,UNRESOLVED,,,1.125,,,1.087 ex 2026-04-20,,amount conflict: yahoo_realised 1.125 vs Reality 0.9972820000000000 (ratio 0.886)
rKNTK-2026-07-24-1,rKNTK,KNTK,2026-07-24,0.8100000000000000,UNRESOLVED,GROSS,2,,0.81,,,0.81 ex 2026-04-24,yahoo_realised: 0.81 ex 2026-07-24 (third-party),tier 2
rKMI-2026-08-03-1,rKMI,KMI,2026-08-03,0.2975000000000000,UNRESOLVED,GROSS,2,,0.298,,,0.298 ex 2026-05-04,yahoo_realised: 0.298 ex 2026-08-03 (third-party),tier 2
rKKR-2026-08-10-1,rKKR,KKR,2026-08-10,0.1950000000000000,UNRESOLVED,GROSS,2,,0.195,,,0.195 ex 2026-05-15,yahoo_realised: 0.195 ex 2026-08-10 (third-party),tier 2
rKR-2026-08-14-1,rKR,KR,2026-08-14,0.3900000000000000,UNRESOLVED,GROSS,2,,0.39,,,0.35 ex 2026-05-15,yahoo_realised: 0.39 ex 2026-08-14 (third-party),tier 2
rKGS-2026-08-17-1,rKGS,KGS,2026-08-17,0.4900000000000000,UNRESOLVED,GROSS,2,,0.49,,,0.49 ex 2026-05-18,yahoo_realised: 0.49 ex 2026-08-17 (third-party),tier 2
rKLAC-2026-08-17-1,rKLAC,KLAC,2026-08-17,0.2300000000000000,UNRESOLVED,GROSS,2,0.23,0.23,,,0.23 ex 2026-05-18,nasdaq_declared: 0.23 ex 2026-08-17 declared 08/06/2026 (third-party); yahoo_realised: 0.23 ex 2026-08-17 (third-party),tier 2
rKGC-2026-08-20-1,rKGC,KGC,2026-08-20,0.0400000000000000,UNRESOLVED,GROSS,2,,0.04,,,0.04 ex 2026-05-21,yahoo_realised: 0.04 ex 2026-08-20 (third-party),tier 2
rKNSL-2026-08-28-1,rKNSL,KNSL,2026-08-28,0.2500000000000000,UNRESOLVED,GROSS,2,,0.25,,,0.25 ex 2026-05-28,yahoo_realised: 0.25 ex 2026-08-28 (third-party),tier 2
rKEY-2026-09-01-1,rKEY,KEY,2026-09-01,0.2050000000000000,UNRESOLVED,GROSS,2,,0.205,,,0.205 ex 2026-06-02,yahoo_realised: 0.205 ex 2026-09-01 (third-party),tier 2
rKHC-2026-09-04-1,rKHC,KHC,2026-09-04,0.4000000000000000,UNRESOLVED,GROSS,2,,0.4,,,0.4 ex 2026-06-05,yahoo_realised: 0.4 ex 2026-09-04 (third-party),tier 2
rKIM-2026-09-04-1,rKIM,KIM,2026-09-04,0.2800000000000000,UNRESOLVED,GROSS,2,,0.28,,,0.26 ex 2026-06-05,yahoo_realised: 0.28 ex 2026-09-04 (third-party),tier 2
rKMB-2026-09-04-1,rKMB,KMB,2026-09-04,1.2800000000000000,UNRESOLVED,GROSS,2,1.28,1.28,,,1.28 ex 2026-06-05,nasdaq_declared: 1.28 ex 2026-09-04 declared 08/03/2026 (third-party); yahoo_realised: 1.28 ex 2026-09-04 (third-party),tier 2
rKNX-2026-09-04-1,rKNX,KNX,2026-09-04,0.2000000000000000,UNRESOLVED,GROSS,2,,0.2,,,0.2 ex 2026-06-08,yahoo_realised: 0.2 ex 2026-09-04 (third-party),tier 2
rKBR-2026-09-15-1,rKBR,KBR,2026-09-15,0.1650000000000000,UNRESOLVED,GROSS,2,,0.165,,,0.165 ex 2026-06-15,yahoo_realised: 0.165 ex 2026-09-15 (third-party),tier 2
rKO-2026-09-15-1,rKO,KO,2026-09-15,0.5300000000000000,UNRESOLVED,GROSS,2,,0.53,,,0.53 ex 2026-06-15,yahoo_realised: 0.53 ex 2026-09-15 (third-party),tier 2
rKLIC-2026-09-17-1,rKLIC,KLIC,2026-09-17,0.2050000000000000,UNRESOLVED,GROSS,2,0.205,0.205,,,0.205 ex 2026-06-18,nasdaq_declared: 0.205 ex 2026-09-17 declared 08/26/2026 (third-party); yahoo_realised: 0.205 ex 2026-09-17 (third-party),tier 2
rLB-2026-06-04-1,rLB,LB,2026-06-04,0.1200000000000000,UNRESOLVED,GROSS,2,,0.12,,,0.12 ex 2026-03-05,yahoo_realised: 0.12 ex 2026-06-04 (third-party),tier 2
rKTB-2026-06-08-1,rKTB,KTB,2026-06-08,0.5300000000000000,UNRESOLVED,GROSS,2,,0.53,,,0.53 ex 2026-03-10,yahoo_realised: 0.53 ex 2026-06-08 (third-party),tier 2
rKSS-2026-06-10-1,rKSS,KSS,2026-06-10,0.1250000000000000,UNRESOLVED,GROSS,2,,0.125,,,0.125 ex 2026-03-18,yahoo_realised: 0.125 ex 2026-06-10 (third-party),tier 2
rKSPI-2026-06-12-1,rKSPI,KSPI,2026-06-12,1.7977500000000000,UNRESOLVED,GROSS,2,1.79775,1.798,,,1.76 ex 2026-04-16,nasdaq_declared: 1.79775 ex 2026-06-12 declared 05/15/2026 (third-party); yahoo_realised: 1.798 ex 2026-06-12 (third-party),tier 2
rLDOS-2026-06-15-1,rLDOS,LDOS,2026-06-15,0.4300000000000000,UNRESOLVED,GROSS,2,,0.43,,,0.43 ex 2026-03-16,yahoo_realised: 0.43 ex 2026-06-15 (third-party),tier 2
rLAMR-2026-06-16-1,rLAMR,LAMR,2026-06-16,1.6000000000000000,UNRESOLVED,GROSS,2,1.60,1.6,,,1.6 ex 2026-03-16,nasdaq_declared: 1.60 ex 2026-06-16 declared 05/14/2026 (third-party); yahoo_realised: 1.6 ex 2026-06-16 (third-party),tier 2
rLABD-2026-06-23-1,rLABD,LABD,2026-06-23,0.0752300000000000,GROSS,GROSS,1,,,,,,bitget_notice_2026_07_24: amount and ex-date match; 30% withholding DOCUMENTED,tier 1: 2026-07-24 notice match (builder rule)
rKRC-2026-06-30-1,rKRC,KRC,2026-06-30,0.5400000000000000,UNRESOLVED,GROSS,2,,0.54,,,0.54 ex 2026-03-31,yahoo_realised: 0.54 ex 2026-06-30 (third-party),tier 2
rKRG-2026-07-09-1,rKRG,KRG,2026-07-09,0.2900000000000000,UNRESOLVED,GROSS,2,,0.29,,,0.29 ex 2026-04-09,yahoo_realised: 0.29 ex 2026-07-09 (third-party),tier 2
rKT-2026-07-29-1,rKT,KT,2026-07-29,0.1733960100000000,UNRESOLVED,UNRESOLVED,,,,,2026-07-29,,yahoo_calendar: announced next ex-date 2026-07-29 (third-party),"no issuer row at ex-date; tier 3 needs first-party amount corroboration, prior-period amount"
rLAD-2026-08-07-1,rLAD,LAD,2026-08-07,0.7000000000000000,UNRESOLVED,GROSS,2,,0.7,,,0.57 ex 2026-05-08,yahoo_realised: 0.7 ex 2026-08-07 (third-party),tier 2
rKVUE-2026-08-12-1,rKVUE,KVUE,2026-08-12,0.2100000000000000,UNRESOLVED,GROSS,2,,0.21,,,0.208 ex 2026-05-13,yahoo_realised: 0.21 ex 2026-08-12 (third-party),tier 2
rL-2026-08-19-1,rL,L,2026-08-19,0.0625000000000000,UNRESOLVED,GROSS,2,,0.063,,,0.063 ex 2026-05-27,yahoo_realised: 0.063 ex 2026-08-19 (third-party),tier 2
rLB-2026-08-27-1,rLB,LB,2026-08-27,0.1200000000000000,UNRESOLVED,GROSS,2,,0.12,,,0.12 ex 2026-06-04,yahoo_realised: 0.12 ex 2026-08-27 (third-party),tier 2
rKTB-2026-09-08-1,rKTB,KTB,2026-09-08,0.5300000000000000,UNRESOLVED,GROSS,2,,0.53,,,0.53 ex 2026-06-08,yahoo_realised: 0.53 ex 2026-09-08 (third-party),tier 2
rKSS-2026-09-09-1,rKSS,KSS,2026-09-09,0.1250000000000000,UNRESOLVED,GROSS,2,,0.125,,,0.125 ex 2026-06-10,yahoo_realised: 0.125 ex 2026-09-09 (third-party),tier 2
rKSPI-2026-09-10-1,rKSPI,KSPI,2026-09-10,2.0990000000000000,UNRESOLVED,UNRESOLVED,,2.174385,2.149,,,1.798 ex 2026-06-12,,amount conflict: nasdaq_declared 2.174385 vs Reality 2.0990000000000000 (ratio 0.965); yahoo_realised 2.149 vs Reality 2.0990000000000000 (ratio 0.977)
rLDOS-2026-09-15-1,rLDOS,LDOS,2026-09-15,0.4300000000000000,UNRESOLVED,GROSS,2,,0.43,,,0.43 ex 2026-06-15,yahoo_realised: 0.43 ex 2026-09-15 (third-party),tier 2
rKVUE-2026-09-21-1,rKVUE,KVUE,2026-09-21,0.2100000000000000,UNRESOLVED,UNRESOLVED,,,,,2026-09-21,0.21 ex 2026-08-12,yahoo_calendar: announced next ex-date 2026-09-21 (third-party); prior realised 0.21 ex 2026-08-12 equals amount (ASSUMED unchanged),no issuer row at ex-date; tier 3 needs first-party amount corroboration
rLAMR-2026-09-21-1,rLAMR,LAMR,2026-09-21,1.6500000000000000,UNRESOLVED,GROSS,2,1.65,,,,1.6 ex 2026-06-16,nasdaq_declared: 1.65 ex 2026-09-21 declared 09/01/2026 (third-party),tier 2
rKRC-2026-09-30-1,rKRC,KRC,2026-09-30,0.5400000000000000,UNRESOLVED,UNRESOLVED,,,,,2026-09-30,0.54 ex 2026-06-30,yahoo_calendar: announced next ex-date 2026-09-30 (third-party); prior realised 0.54 ex 2026-06-30 equals amount (ASSUMED unchanged),no issuer row at ex-date; tier 3 needs first-party amount corroboration
rKRG-2026-10-09-1,rKRG,KRG,2026-10-09,0.2900000000000000,UNRESOLVED,UNRESOLVED,,,,,2026-10-09,0.29 ex 2026-07-09,yahoo_calendar: announced next ex-date 2026-10-09 (third-party); prior realised 0.29 ex 2026-07-09 equals amount (ASSUMED unchanged),no issuer row at ex-date; tier 3 needs first-party amount corroboration
rLMT-2026-06-01-1,rLMT,LMT,2026-06-01,3.4500000000000000,UNRESOLVED,GROSS,2,,3.45,,,3.45 ex 2026-03-02,yahoo_realised: 3.45 ex 2026-06-01 (third-party),tier 2
rLEA-2026-06-03-1,rLEA,LEA,2026-06-03,0.7700000000000000,UNRESOLVED,GROSS,2,,0.77,,,0.77 ex 2026-03-05,yahoo_realised: 0.77 ex 2026-06-03 (third-party),tier 2
rLIN-2026-06-04-1,rLIN,LIN,2026-06-04,1.6000000000000000,UNRESOLVED,GROSS,2,1.60,1.6,,,1.6 ex 2026-03-11,nasdaq_declared: 1.60 ex 2026-06-04 declared 04/27/2026 (third-party); yahoo_realised: 1.6 ex 2026-06-04 (third-party),tier 2
rLHX-2026-06-05-1,rLHX,LHX,2026-06-05,1.2500000000000000,UNRESOLVED,GROSS,2,,1.25,,,1.25 ex 2026-03-06,yahoo_realised: 1.25 ex 2026-06-05 (third-party),tier 2
rLIT-2026-06-29-1,rLIT,LIT,2026-06-29,0.3248620000000000,GROSS,GROSS,1,,,,,,bitget_notice_2026_07_24: amount and ex-date match; 30% withholding DOCUMENTED,tier 1: 2026-07-24 notice match (builder rule)
rLECO-2026-06-30-1,rLECO,LECO,2026-06-30,0.7900000000000000,UNRESOLVED,GROSS,2,0.79,0.79,,,0.79 ex 2026-03-31,nasdaq_declared: 0.79 ex 2026-06-30 declared 04/16/2026 (third-party); yahoo_realised: 0.79 ex 2026-06-30 (third-party),tier 2
rLII-2026-06-30-1,rLII,LII,2026-06-30,1.3600000000000000,UNRESOLVED,GROSS,2,,1.36,,,1.3 ex 2026-03-31,yahoo_realised: 1.36 ex 2026-06-30 (third-party),tier 2
rLEN-2026-07-10-1,rLEN,LEN,2026-07-10,0.5000000000000000,UNRESOLVED,GROSS,2,,0.5,,,0.5 ex 2026-04-22,yahoo_realised: 0.5 ex 2026-07-10 (third-party),tier 2
rLNC-2026-07-10-1,rLNC,LNC,2026-07-10,0.4500000000000000,UNRESOLVED,GROSS,2,,0.45,,,0.45 ex 2026-04-10,yahoo_realised: 0.45 ex 2026-07-10 (third-party),tier 2
rLEVI-2026-07-22-1,rLEVI,LEVI,2026-07-22,0.1600000000000000,UNRESOLVED,GROSS,2,,0.16,,,0.14 ex 2026-04-22,yahoo_realised: 0.16 ex 2026-07-22 (third-party),tier 2
rLNG-2026-08-10-1,rLNG,LNG,2026-08-10,0.5550000000000000,UNRESOLVED,GROSS,2,,0.555,,,0.555 ex 2026-05-11,yahoo_realised: 0.555 ex 2026-08-10 (third-party),tier 2
rLLY-2026-08-14-1,rLLY,LLY,2026-08-14,1.7300000000000000,UNRESOLVED,GROSS,2,,1.73,,,1.73 ex 2026-05-15,yahoo_realised: 1.73 ex 2026-08-14 (third-party),tier 2
rLFUS-2026-08-20-1,rLFUS,LFUS,2026-08-20,0.8000000000000000,UNRESOLVED,GROSS,2,0.80,0.8,,,0.75 ex 2026-05-21,nasdaq_declared: 0.80 ex 2026-08-20 declared 07/23/2026 (third-party); yahoo_realised: 0.8 ex 2026-08-20 (third-party),tier 2
rLKQ-2026-08-20-1,rLKQ,LKQ,2026-08-20,0.3000000000000000,UNRESOLVED,GROSS,2,0.30,0.3,,,0.3 ex 2026-05-21,nasdaq_declared: 0.30 ex 2026-08-20 declared 07/28/2026 (third-party); yahoo_realised: 0.3 ex 2026-08-20 (third-party),tier 2
rLH-2026-08-28-1,rLH,LH,2026-08-28,0.7200000000000000,UNRESOLVED,GROSS,2,,0.72,,,0.72 ex 2026-05-29,yahoo_realised: 0.72 ex 2026-08-28 (third-party),tier 2
rLMT-2026-09-01-1,rLMT,LMT,2026-09-01,3.4500000000000000,UNRESOLVED,GROSS,2,,3.45,,,3.45 ex 2026-06-01,yahoo_realised: 3.45 ex 2026-09-01 (third-party),tier 2
rLEA-2026-09-02-1,rLEA,LEA,2026-09-02,0.7700000000000000,UNRESOLVED,GROSS,2,,0.77,,,0.77 ex 2026-06-03,yahoo_realised: 0.77 ex 2026-09-02 (third-party),tier 2
rLIN-2026-09-03-1,rLIN,LIN,2026-09-03,1.6000000000000000,UNRESOLVED,GROSS,2,1.60,1.6,,,1.6 ex 2026-06-04,nasdaq_declared: 1.60 ex 2026-09-03 declared 07/28/2026 (third-party); yahoo_realised: 1.6 ex 2026-09-03 (third-party),tier 2
rLHX-2026-09-04-1,rLHX,LHX,2026-09-04,1.2500000000000000,UNRESOLVED,GROSS,2,,1.25,,,1.25 ex 2026-06-05,yahoo_realised: 1.25 ex 2026-09-04 (third-party),tier 2
rLECO-2026-09-30-1,rLECO,LECO,2026-09-30,0.7900000000000000,UNRESOLVED,GROSS,2,0.79,,,,0.79 ex 2026-06-30,nasdaq_declared: 0.79 ex 2026-09-30 declared 07/22/2026 (third-party),tier 2
rLNC-2026-10-09-1,rLNC,LNC,2026-10-09,0.4500000000000000,UNRESOLVED,UNRESOLVED,,,,,2026-10-09,0.45 ex 2026-07-10,yahoo_calendar: announced next ex-date 2026-10-09 (third-party); prior realised 0.45 ex 2026-07-10 equals amount (ASSUMED unchanged),no issuer row at ex-date; tier 3 needs first-party amount corroboration
rLYB-2026-06-01-1,rLYB,LYB,2026-06-01,0.6900000000000000,UNRESOLVED,GROSS,2,,0.69,,,0.69 ex 2026-03-02,yahoo_realised: 0.69 ex 2026-06-01 (third-party),tier 2
rLUV-2026-06-11-1,rLUV,LUV,2026-06-11,0.1800000000000000,UNRESOLVED,GROSS,2,,0.18,,,0.18 ex 2026-03-12,yahoo_realised: 0.18 ex 2026-06-11 (third-party),tier 2
rLRCX-2026-06-17-1,rLRCX,LRCX,2026-06-17,0.2600000000000000,GROSS,GROSS,1,,,,,,bitget_notice_2026_07_24: amount and ex-date match; 30% withholding DOCUMENTED,tier 1: 2026-07-24 notice match (builder rule)
rLOW-2026-07-22-1,rLOW,LOW,2026-07-22,1.2500000000000000,UNRESOLVED,GROSS,2,,1.25,,,1.2 ex 2026-04-22,yahoo_realised: 1.25 ex 2026-07-22 (third-party),tier 2
rLNT-2026-07-31-1,rLNT,LNT,2026-07-31,0.5350000000000000,UNRESOLVED,GROSS,2,0.535,0.535,,,0.535 ex 2026-04-30,nasdaq_declared: 0.535 ex 2026-07-31 declared 07/16/2026 (third-party); yahoo_realised: 0.535 ex 2026-07-31 (third-party),tier 2
rLVS-2026-08-04-1,rLVS,LVS,2026-08-04,0.3000000000000000,UNRESOLVED,GROSS,2,,0.3,,,0.3 ex 2026-05-05,yahoo_realised: 0.3 ex 2026-08-04 (third-party),tier 2
rLW-2026-08-07-1,rLW,LW,2026-08-07,0.3800000000000000,UNRESOLVED,GROSS,2,,0.38,,,0.38 ex 2026-05-08,yahoo_realised: 0.38 ex 2026-08-07 (third-party),tier 2
rLPLA-2026-08-14-1,rLPLA,LPLA,2026-08-14,0.3000000000000000,UNRESOLVED,GROSS,2,0.30,0.3,,,0.3 ex 2026-05-21,nasdaq_declared: 0.30 ex 2026-08-14 declared 07/23/2026 (third-party); yahoo_realised: 0.3 ex 2026-08-14 (third-party),tier 2
rLPX-2026-08-14-1,rLPX,LPX,2026-08-14,0.3000000000000000,UNRESOLVED,GROSS,2,,0.3,,,0.3 ex 2026-05-14,yahoo_realised: 0.3 ex 2026-08-14 (third-party),tier 2
rLSTR-2026-08-18-1,rLSTR,LSTR,2026-08-18,0.4400000000000000,UNRESOLVED,GROSS,2,0.44,0.44,,,0.4 ex 2026-05-19,nasdaq_declared: 0.44 ex 2026-08-18 declared 07/27/2026 (third-party); yahoo_realised: 0.44 ex 2026-08-18 (third-party),tier 2
rLYB-2026-08-24-1,rLYB,LYB,2026-08-24,0.6900000000000000,UNRESOLVED,GROSS,2,,0.69,,,0.69 ex 2026-06-01,yahoo_realised: 0.69 ex 2026-08-24 (third-party),tier 2
rLUV-2026-09-03-1,rLUV,LUV,2026-09-03,0.1800000000000000,UNRESOLVED,GROSS,2,,0.18,,,0.18 ex 2026-06-11,yahoo_realised: 0.18 ex 2026-09-03 (third-party),tier 2
rLOGI-2026-09-21-1,rLOGI,LOGI,2026-09-21,1.0985468000000000,UNRESOLVED,UNRESOLVED,,,,,2026-09-21,,yahoo_calendar: announced next ex-date 2026-09-21 (third-party),"no issuer row at ex-date; tier 3 needs first-party amount corroboration, prior-period amount"
rLOGI-2026-09-22-1,rLOGI,LOGI,2026-09-22,1.3600000000000000,UNRESOLVED,UNRESOLVED,,1.682136,,,,,,amount conflict: nasdaq_declared 1.682136 vs Reality 1.3600000000000000 (ratio 0.808)
rLRCX-2026-09-23-1,rLRCX,LRCX,2026-09-23,0.3300000000000000,UNRESOLVED,GROSS,2,0.33,,,,0.26 ex 2026-06-17,nasdaq_declared: 0.33 ex 2026-09-23 declared 08/26/2026 (third-party),tier 2
rLOW-2026-10-21-1,rLOW,LOW,2026-10-21,1.2500000000000000,UNRESOLVED,UNRESOLVED,,,,,2026-10-21,1.25 ex 2026-07-22,yahoo_calendar: announced next ex-date 2026-10-21 (third-party); prior realised 1.25 ex 2026-07-22 equals amount (ASSUMED unchanged),no issuer row at ex-date; tier 3 needs first-party amount corroboration
rMCK-2026-06-01-1,rMCK,MCK,2026-06-01,0.8200000000000000,UNRESOLVED,GROSS,2,,0.82,,,0.82 ex 2026-03-02,yahoo_realised: 0.82 ex 2026-06-01 (third-party),tier 2
rMCD-2026-06-02-1,rMCD,MCD,2026-06-02,1.8600000000000000,UNRESOLVED,GROSS,2,,1.86,,,1.86 ex 2026-03-03,yahoo_realised: 1.86 ex 2026-06-02 (third-party),tier 2
rMAIN-2026-06-08-1,rMAIN,MAIN,2026-06-08,0.2600000000000000,UNRESOLVED,GROSS,2,,0.26,,,0.26 ex 2026-05-08,yahoo_realised: 0.26 ex 2026-06-08 (third-party),tier 2
rMCY-2026-06-11-1,rMCY,MCY,2026-06-11,0.3175000000000000,UNRESOLVED,GROSS,2,,0.318,,,0.318 ex 2026-03-12,yahoo_realised: 0.318 ex 2026-06-11 (third-party),tier 2
rM-2026-06-15-1,rM,M,2026-06-15,0.1915000000000000,UNRESOLVED,GROSS,2,,0.192,,,0.192 ex 2026-03-13,yahoo_realised: 0.192 ex 2026-06-15 (third-party),tier 2
rMAC-2026-06-15-1,rMAC,MAC,2026-06-15,0.1700000000000000,UNRESOLVED,GROSS,2,,0.17,,,0.17 ex 2026-03-16,yahoo_realised: 0.17 ex 2026-06-15 (third-party),tier 2
rMAIN-2026-06-22-1,rMAIN,MAIN,2026-06-22,0.3000000000000000,UNRESOLVED,GROSS,2,,0.3,,,0.26 ex 2026-06-08,yahoo_realised: 0.3 ex 2026-06-22 (third-party),tier 2
rMAIN-2026-07-08-1,rMAIN,MAIN,2026-07-08,0.2650000000000000,UNRESOLVED,GROSS,2,,0.265,,,0.3 ex 2026-06-22,yahoo_realised: 0.265 ex 2026-07-08 (third-party),tier 2
rMA-2026-07-09-1,rMA,MA,2026-07-09,0.8700000000000000,UNRESOLVED,GROSS,2,,0.87,,,0.87 ex 2026-04-09,yahoo_realised: 0.87 ex 2026-07-09 (third-party),tier 2
rMAA-2026-07-15-1,rMAA,MAA,2026-07-15,1.5300000000000000,UNRESOLVED,GROSS,2,,1.53,,,1.53 ex 2026-04-15,yahoo_realised: 1.53 ex 2026-07-15 (third-party),tier 2
rMATX-2026-08-06-1,rMATX,MATX,2026-08-06,0.3800000000000000,UNRESOLVED,GROSS,2,,0.38,,,0.36 ex 2026-05-07,yahoo_realised: 0.38 ex 2026-08-06 (third-party),tier 2
rMAIN-2026-08-07-1,rMAIN,MAIN,2026-08-07,0.2650000000000000,UNRESOLVED,GROSS,2,,0.265,,,0.265 ex 2026-07-08,yahoo_realised: 0.265 ex 2026-08-07 (third-party),tier 2
rMC-2026-08-10-1,rMC,MC,2026-08-10,0.6500000000000000,UNRESOLVED,GROSS,2,,0.65,,,0.65 ex 2026-05-11,yahoo_realised: 0.65 ex 2026-08-10 (third-party),tier 2
rMCO-2026-08-14-1,rMCO,MCO,2026-08-14,1.0300000000000000,UNRESOLVED,GROSS,2,,1.03,,,1.03 ex 2026-05-15,yahoo_realised: 1.03 ex 2026-08-14 (third-party),tier 2
rMAR-2026-08-20-1,rMAR,MAR,2026-08-20,0.7300000000000000,UNRESOLVED,GROSS,2,0.73,0.73,,,0.73 ex 2026-05-22,nasdaq_declared: 0.73 ex 2026-08-20 declared 08/06/2026 (third-party); yahoo_realised: 0.73 ex 2026-08-20 (third-party),tier 2
rMAS-2026-08-24-1,rMAS,MAS,2026-08-24,0.3200000000000000,UNRESOLVED,GROSS,2,,0.32,,,0.32 ex 2026-05-22,yahoo_realised: 0.32 ex 2026-08-24 (third-party),tier 2
rMCHP-2026-08-24-1,rMCHP,MCHP,2026-08-24,0.4550000000000000,UNRESOLVED,GROSS,2,0.455,0.455,,,0.455 ex 2026-05-22,nasdaq_declared: 0.455 ex 2026-08-24 declared 08/06/2026 (third-party); yahoo_realised: 0.455 ex 2026-08-24 (third-party),tier 2
rMBGL-2026-08-27-1,rMBGL,MBGL,2026-08-27,0.0600000000000000,UNRESOLVED,GROSS,2,,0.06,,,,yahoo_realised: 0.06 ex 2026-08-27 (third-party),tier 2
rMCD-2026-09-01-1,rMCD,MCD,2026-09-01,1.8600000000000000,UNRESOLVED,GROSS,2,,1.86,,,1.86 ex 2026-06-02,yahoo_realised: 1.86 ex 2026-09-01 (third-party),tier 2
rMCK-2026-09-01-1,rMCK,MCK,2026-09-01,0.9400000000000000,UNRESOLVED,GROSS,2,,0.94,,,0.82 ex 2026-06-01,yahoo_realised: 0.94 ex 2026-09-01 (third-party),tier 2
rMAIN-2026-09-08-1,rMAIN,MAIN,2026-09-08,0.2650000000000000,UNRESOLVED,GROSS,2,,0.265,,,0.265 ex 2026-08-07,yahoo_realised: 0.265 ex 2026-09-08 (third-party),tier 2
rMCY-2026-09-10-1,rMCY,MCY,2026-09-10,0.3175000000000000,UNRESOLVED,GROSS,2,,0.318,,,0.318 ex 2026-06-11,yahoo_realised: 0.318 ex 2026-09-10 (third-party),tier 2
rMAC-2026-09-14-1,rMAC,MAC,2026-09-14,0.1700000000000000,UNRESOLVED,GROSS,2,,0.17,,,0.17 ex 2026-06-15,yahoo_realised: 0.17 ex 2026-09-14 (third-party),tier 2
rM-2026-09-15-1,rM,M,2026-09-15,0.1915000000000000,UNRESOLVED,GROSS,2,,0.192,,,0.192 ex 2026-06-15,yahoo_realised: 0.192 ex 2026-09-15 (third-party),tier 2
rMAIN-2026-09-21-1,rMAIN,MAIN,2026-09-21,0.3000000000000000,UNRESOLVED,UNRESOLVED,,,,,2026-09-21,0.265 ex 2026-09-08,yahoo_calendar: announced next ex-date 2026-09-21 (third-party),"no issuer row at ex-date; tier 3 needs first-party amount corroboration, prior-period amount"
rMAIN-2026-10-08-1,rMAIN,MAIN,2026-10-08,0.2650000000000000,UNRESOLVED,UNRESOLVED,,,,,2026-09-21,0.265 ex 2026-09-08,prior realised 0.265 ex 2026-09-08 equals amount (ASSUMED unchanged),"no issuer row at ex-date; tier 3 needs first-party amount corroboration, issuer announced ex-date"
rMAIN-2026-11-06-1,rMAIN,MAIN,2026-11-06,0.2650000000000000,UNRESOLVED,UNRESOLVED,,,,,2026-09-21,0.265 ex 2026-09-08,prior realised 0.265 ex 2026-09-08 equals amount (ASSUMED unchanged),"no issuer row at ex-date; tier 3 needs first-party amount corroboration, issuer announced ex-date"
rMAIN-2026-12-08-1,rMAIN,MAIN,2026-12-08,0.2650000000000000,UNRESOLVED,UNRESOLVED,,,,,2026-09-21,0.265 ex 2026-09-08,prior realised 0.265 ex 2026-09-08 equals amount (ASSUMED unchanged),"no issuer row at ex-date; tier 3 needs first-party amount corroboration, issuer announced ex-date"
rMLM-2026-06-01-1,rMLM,MLM,2026-06-01,0.8300000000000000,UNRESOLVED,GROSS,2,,0.83,,,0.83 ex 2026-03-02,yahoo_realised: 0.83 ex 2026-06-01 (third-party),tier 2
rMKSI-2026-06-03-1,rMKSI,MKSI,2026-06-03,0.2500000000000000,UNRESOLVED,GROSS,2,0.25,0.25,,,0.25 ex 2026-02-23,nasdaq_declared: 0.25 ex 2026-06-03 declared 05/11/2026 (third-party); yahoo_realised: 0.25 ex 2026-06-03 (third-party),tier 2
rMLI-2026-06-05-1,rMLI,MLI,2026-06-05,0.3500000000000000,UNRESOLVED,UNRESOLVED,,,0.175,,,0.175 ex 2026-03-13,,amount conflict: yahoo_realised 0.175 vs Reality 0.3500000000000000 (ratio 2.000)
rMDU-2026-06-11-1,rMDU,MDU,2026-06-11,0.1400000000000000,UNRESOLVED,GROSS,2,,0.14,,,0.14 ex 2026-03-12,yahoo_realised: 0.14 ex 2026-06-11 (third-party),tier 2
rMETA-2026-06-15-1,rMETA,META,2026-06-15,0.5250000000000000,UNRESOLVED,GROSS,2,0.525,0.525,,,0.525 ex 2026-03-16,nasdaq_declared: 0.525 ex 2026-06-15 declared 05/28/2026 (third-party); yahoo_realised: 0.525 ex 2026-06-15 (third-party),tier 2
rMDT-2026-06-26-1,rMDT,MDT,2026-06-26,0.7200000000000000,UNRESOLVED,GROSS,2,,0.72,,,0.71 ex 2026-03-27,yahoo_realised: 0.72 ex 2026-06-26 (third-party),tier 2
rMDLZ-2026-06-30-1,rMDLZ,MDLZ,2026-06-30,0.5000000000000000,UNRESOLVED,GROSS,2,0.50,0.5,,,0.5 ex 2026-03-31,nasdaq_declared: 0.50 ex 2026-06-30 declared 05/19/2026 (third-party); yahoo_realised: 0.5 ex 2026-06-30 (third-party),tier 2
rMLI-2026-07-01-1,rMLI,MLI,2026-07-01,,UNRESOLVED,UNRESOLVED,,,,,,,,not a cash dividend
rMKC-2026-07-06-1,rMKC,MKC,2026-07-06,0.4800000000000000,UNRESOLVED,GROSS,2,,0.48,,,0.48 ex 2026-04-20,yahoo_realised: 0.48 ex 2026-07-06 (third-party),tier 2
rMIDD-2026-07-07-1,rMIDD,MIDD,2026-07-07,,UNRESOLVED,UNRESOLVED,,,,,,,,not a cash dividend
rMET-2026-08-04-1,rMET,MET,2026-08-04,0.5925000000000000,UNRESOLVED,GROSS,2,,0.593,,,0.593 ex 2026-05-12,yahoo_realised: 0.593 ex 2026-08-04 (third-party),tier 2
rMGY-2026-08-10-1,rMGY,MGY,2026-08-10,0.1800000000000000,UNRESOLVED,GROSS,2,,0.18,,,0.165 ex 2026-05-12,yahoo_realised: 0.18 ex 2026-08-10 (third-party),tier 2
rMGA-2026-08-14-1,rMGA,MGA,2026-08-14,0.4950000000000000,UNRESOLVED,GROSS,2,,0.495,,,0.495 ex 2026-05-15,yahoo_realised: 0.495 ex 2026-08-14 (third-party),tier 2
rMFC-2026-08-21-1,rMFC,MFC,2026-08-21,0.3461445000000000,UNRESOLVED,UNRESOLVED,,,0.352,,,0.352 ex 2026-05-29,,amount conflict: yahoo_realised 0.352 vs Reality 0.3461445000000000 (ratio 0.983)
rMMM-2026-08-24-1,rMMM,MMM,2026-08-24,0.7800000000000000,UNRESOLVED,GROSS,2,,0.78,,,0.78 ex 2026-05-22,yahoo_realised: 0.78 ex 2026-08-24 (third-party),tier 2
rMKSI-2026-08-25-1,rMKSI,MKSI,2026-08-25,0.2500000000000000,UNRESOLVED,GROSS,2,0.25,0.25,,,0.25 ex 2026-06-03,nasdaq_declared: 0.25 ex 2026-08-25 declared 08/03/2026 (third-party); yahoo_realised: 0.25 ex 2026-08-25 (third-party),tier 2
rMLM-2026-09-01-1,rMLM,MLM,2026-09-01,0.8400000000000000,UNRESOLVED,GROSS,2,,0.84,,,0.83 ex 2026-06-01,yahoo_realised: 0.84 ex 2026-09-01 (third-party),tier 2
rMLI-2026-09-04-1,rMLI,MLI,2026-09-04,0.1750000000000000,UNRESOLVED,GROSS,2,,0.175,,,0.175 ex 2026-06-05,yahoo_realised: 0.175 ex 2026-09-04 (third-party),tier 2
rMDU-2026-09-10-1,rMDU,MDU,2026-09-10,0.1450000000000000,UNRESOLVED,GROSS,2,,0.145,,,0.14 ex 2026-06-11,yahoo_realised: 0.145 ex 2026-09-10 (third-party),tier 2
rMETA-2026-09-21-1,rMETA,META,2026-09-21,0.5250000000000000,UNRESOLVED,GROSS,2,0.525,,,,0.525 ex 2026-06-15,nasdaq_declared: 0.525 ex 2026-09-21 declared 09/10/2026 (third-party),tier 2
rMDT-2026-09-25-1,rMDT,MDT,2026-09-25,0.7200000000000000,UNRESOLVED,UNRESOLVED,,,,,2026-09-25,0.72 ex 2026-06-26,yahoo_calendar: announced next ex-date 2026-09-25 (third-party); prior realised 0.72 ex 2026-06-26 equals amount (ASSUMED unchanged),no issuer row at ex-date; tier 3 needs first-party amount corroboration
rMDLZ-2026-09-30-1,rMDLZ,MDLZ,2026-09-30,0.5200000000000000,UNRESOLVED,GROSS,2,0.52,,,,0.5 ex 2026-06-30,nasdaq_declared: 0.52 ex 2026-09-30 declared 07/28/2026 (third-party),tier 2
rMO-2026-06-15-1,rMO,MO,2026-06-15,1.0600000000000000,GROSS,GROSS,1,,,,,,bitget_notice_2026_07_24: amount and ex-date match; 30% withholding DOCUMENTED,tier 1: 2026-07-24 notice match (builder rule)
rMRK-2026-06-15-1,rMRK,MRK,2026-06-15,0.8500000000000000,UNRESOLVED,GROSS,2,,0.85,,,0.85 ex 2026-03-16,yahoo_realised: 0.85 ex 2026-06-15 (third-party),tier 2
rMSI-2026-06-17-1,rMSI,MSI,2026-06-17,1.2100000000000000,UNRESOLVED,GROSS,2,,1.21,,,1.21 ex 2026-03-20,yahoo_realised: 1.21 ex 2026-06-17 (third-party),tier 2
rMPWR-2026-06-30-1,rMPWR,MPWR,2026-06-30,2.0000000000000000,GROSS,GROSS,1,,,,,,bitget_notice_2026_07_24: amount and ex-date match; 30% withholding DOCUMENTED,tier 1: 2026-07-24 notice match (builder rule)
rMRP-2026-07-06-1,rMRP,MRP,2026-07-06,0.7700000000000000,UNRESOLVED,GROSS,2,,0.77,,,0.76 ex 2026-04-02,yahoo_realised: 0.77 ex 2026-07-06 (third-party),tier 2
rMSM-2026-07-08-1,rMSM,MSM,2026-07-08,0.8700000000000000,UNRESOLVED,GROSS,2,,0.87,,,0.87 ex 2026-04-08,yahoo_realised: 0.87 ex 2026-07-08 (third-party),tier 2
rMORN-2026-07-10-1,rMORN,MORN,2026-07-10,0.5000000000000000,UNRESOLVED,GROSS,2,0.50,0.5,,,0.5 ex 2026-04-02,nasdaq_declared: 0.50 ex 2026-07-10 declared 06/18/2026 (third-party); yahoo_realised: 0.5 ex 2026-07-10 (third-party),tier 2
rMRVL-2026-07-10-1,rMRVL,MRVL,2026-07-10,0.0600000000000000,UNRESOLVED,GROSS,2,0.06,0.06,,,0.06 ex 2026-04-10,nasdaq_declared: 0.06 ex 2026-07-10 declared 06/24/2026 (third-party); yahoo_realised: 0.06 ex 2026-07-10 (third-party),tier 2
rMRSH-2026-07-23-1,rMRSH,MRSH,2026-07-23,0.9900000000000000,UNRESOLVED,GROSS,2,,0.99,,,0.9 ex 2026-04-09,yahoo_realised: 0.99 ex 2026-07-23 (third-party),tier 2
rMS-2026-07-31-1,rMS,MS,2026-07-31,1.1500000000000000,UNRESOLVED,GROSS,2,,1.15,,,1.0 ex 2026-04-30,yahoo_realised: 1.15 ex 2026-07-31 (third-party),tier 2
rMPLX-2026-08-07-1,rMPLX,MPLX,2026-08-07,1.0765000000000000,UNRESOLVED,GROSS,2,,1.077,,,1.077 ex 2026-05-08,yahoo_realised: 1.077 ex 2026-08-07 (third-party),tier 2
rMNST-2026-08-11-1,rMNST,MNST,2026-08-11,,UNRESOLVED,UNRESOLVED,,,,,,,,not a cash dividend
rMSA-2026-08-14-1,rMSA,MSA,2026-08-14,0.5400000000000000,UNRESOLVED,GROSS,2,,0.54,,,0.54 ex 2026-05-15,yahoo_realised: 0.54 ex 2026-08-14 (third-party),tier 2
rMSCI-2026-08-14-1,rMSCI,MSCI,2026-08-14,2.0500000000000000,UNRESOLVED,GROSS,2,,2.05,,,2.05 ex 2026-05-15,yahoo_realised: 2.05 ex 2026-08-14 (third-party),tier 2
rMPC-2026-08-19-1,rMPC,MPC,2026-08-19,1.0000000000000000,UNRESOLVED,GROSS,2,,1.0,,,1.0 ex 2026-05-20,yahoo_realised: 1.0 ex 2026-08-19 (third-party),tier 2
rMSFT-2026-08-20-1,rMSFT,MSFT,2026-08-20,0.9100000000000000,UNRESOLVED,GROSS,2,0.91,0.91,,,0.91 ex 2026-05-21,nasdaq_declared: 0.91 ex 2026-08-20 declared 06/10/2026 (third-party); yahoo_realised: 0.91 ex 2026-08-20 (third-party),tier 2
rMRX-2026-08-24-1,rMRX,MRX,2026-08-24,0.1600000000000000,UNRESOLVED,GROSS,2,0.16,0.16,,,0.16 ex 2026-05-18,nasdaq_declared: 0.16 ex 2026-08-24 declared 08/07/2026 (third-party); yahoo_realised: 0.16 ex 2026-08-24 (third-party),tier 2
rMOS-2026-09-10-1,rMOS,MOS,2026-09-10,0.2200000000000000,UNRESOLVED,GROSS,2,,0.22,,,0.22 ex 2026-05-21,yahoo_realised: 0.22 ex 2026-09-10 (third-party),tier 2
rMO-2026-09-15-1,rMO,MO,2026-09-15,1.1100000000000000,UNRESOLVED,GROSS,2,,1.11,,,1.06 ex 2026-06-15,yahoo_realised: 1.11 ex 2026-09-15 (third-party),tier 2
rMRK-2026-09-15-1,rMRK,MRK,2026-09-15,0.8500000000000000,UNRESOLVED,GROSS,2,,0.85,,,0.85 ex 2026-06-15,yahoo_realised: 0.85 ex 2026-09-15 (third-party),tier 2
rMSI-2026-09-16-1,rMSI,MSI,2026-09-16,1.2100000000000000,UNRESOLVED,GROSS,2,,1.21,,,1.21 ex 2026-06-17,yahoo_realised: 1.21 ex 2026-09-16 (third-party),tier 2
rMPWR-2026-09-30-1,rMPWR,MPWR,2026-09-30,2.0000000000000000,UNRESOLVED,GROSS,2,2.00,,,,2.0 ex 2026-06-30,nasdaq_declared: 2.00 ex 2026-09-30 declared 09/10/2026 (third-party),tier 2
rMORN-2026-10-02-1,rMORN,MORN,2026-10-02,0.5000000000000000,UNRESOLVED,UNRESOLVED,,,,,2026-10-02,0.5 ex 2026-07-10,yahoo_calendar: announced next ex-date 2026-10-02 (third-party); prior realised 0.5 ex 2026-07-10 equals amount (ASSUMED unchanged),no issuer row at ex-date; tier 3 needs first-party amount corroboration
rMSFT-2026-11-19-1,rMSFT,MSFT,2026-11-19,0.9800000000000000,UNRESOLVED,GROSS,2,0.98,,,,0.91 ex 2026-08-20,nasdaq_declared: 0.98 ex 2026-11-19 declared 09/15/2026 (third-party),tier 2
rMTB-2026-06-01-1,rMTB,MTB,2026-06-01,1.5000000000000000,UNRESOLVED,GROSS,2,,1.5,,,1.5 ex 2026-03-02,yahoo_realised: 1.5 ex 2026-06-01 (third-party),tier 2
rMTH-2026-06-16-1,rMTH,MTH,2026-06-16,0.4800000000000000,UNRESOLVED,GROSS,2,,0.48,,,0.48 ex 2026-03-17,yahoo_realised: 0.48 ex 2026-06-16 (third-party),tier 2
rMTN-2026-06-25-1,rMTN,MTN,2026-06-25,2.2200000000000000,UNRESOLVED,GROSS,2,,2.22,,,2.22 ex 2026-03-26,yahoo_realised: 2.22 ex 2026-06-25 (third-party),tier 2
rMVLL-2026-06-26-1,rMVLL,MVLL,2026-06-26,,UNRESOLVED,UNRESOLVED,,,,,,,,not a cash dividend
rMU-2026-07-06-1,rMU,MU,2026-07-06,0.1500000000000000,GROSS,GROSS,1,,,,,,bitget_notice_2026_07_24: amount and ex-date match; 30% withholding DOCUMENTED,tier 1: 2026-07-24 notice match (builder rule)
rMTCH-2026-07-07-1,rMTCH,MTCH,2026-07-07,0.2000000000000000,UNRESOLVED,GROSS,2,0.20,0.2,,,0.2 ex 2026-04-07,nasdaq_declared: 0.20 ex 2026-07-07 declared 05/03/2026 (third-party); yahoo_realised: 0.2 ex 2026-07-07 (third-party),tier 2
rMTG-2026-08-05-1,rMTG,MTG,2026-08-05,0.1700000000000000,UNRESOLVED,GROSS,2,,0.17,,,0.15 ex 2026-05-06,yahoo_realised: 0.17 ex 2026-08-05 (third-party),tier 2
rMT-2026-08-07-1,rMT,MT,2026-08-07,0.1275000000000000,UNRESOLVED,UNRESOLVED,,,0.15,,,0.15 ex 2026-05-13,,amount conflict: yahoo_realised 0.15 vs Reality 0.1275000000000000 (ratio 0.850)
rMTDR-2026-08-10-1,rMTDR,MTDR,2026-08-10,0.3750000000000000,UNRESOLVED,GROSS,2,,0.375,,,0.375 ex 2026-05-08,yahoo_realised: 0.375 ex 2026-08-10 (third-party),tier 2
rMUR-2026-08-17-1,rMUR,MUR,2026-08-17,0.3500000000000000,UNRESOLVED,GROSS,2,,0.35,,,0.35 ex 2026-05-18,yahoo_realised: 0.35 ex 2026-08-17 (third-party),tier 2
rMTRN-2026-08-20-1,rMTRN,MTRN,2026-08-20,0.1450000000000000,UNRESOLVED,GROSS,2,,0.145,,,0.145 ex 2026-05-28,yahoo_realised: 0.145 ex 2026-08-20 (third-party),tier 2
rMSTU-2026-08-24-1,rMSTU,MSTU,2026-08-24,,UNRESOLVED,UNRESOLVED,,,,,,,,not a cash dividend
rMUSA-2026-08-24-1,rMUSA,MUSA,2026-08-24,0.6500000000000000,UNRESOLVED,GROSS,2,,0.65,,,0.64 ex 2026-05-18,yahoo_realised: 0.65 ex 2026-08-24 (third-party),tier 2
rMSTU-2026-08-25-1,rMSTU,MSTU,2026-08-25,0.2880500000000000,UNRESOLVED,GROSS,2,,0.288,,,,yahoo_realised: 0.288 ex 2026-08-25 (third-party),tier 2
rMTB-2026-09-01-1,rMTB,MTB,2026-09-01,1.5000000000000000,UNRESOLVED,GROSS,2,,1.5,,,1.5 ex 2026-06-01,yahoo_realised: 1.5 ex 2026-09-01 (third-party),tier 2
rMTH-2026-09-15-1,rMTH,MTH,2026-09-15,0.4800000000000000,UNRESOLVED,GROSS,2,,0.48,,,0.48 ex 2026-06-16,yahoo_realised: 0.48 ex 2026-09-15 (third-party),tier 2
rMTCH-2026-10-05-1,rMTCH,MTCH,2026-10-05,0.2000000000000000,UNRESOLVED,GROSS,2,0.20,,,,0.2 ex 2026-07-07,nasdaq_declared: 0.20 ex 2026-10-05 declared 08/03/2026 (third-party),tier 2
rMT-2026-11-13-1,rMT,MT,2026-11-13,0.1500000000000000,UNRESOLVED,UNRESOLVED,,,,,2026-11-13,0.15 ex 2026-08-07,yahoo_calendar: announced next ex-date 2026-11-13 (third-party); prior realised 0.15 ex 2026-08-07 equals amount (ASSUMED unchanged),no issuer row at ex-date; tier 3 needs first-party amount corroboration
rNKE-2026-06-01-1,rNKE,NKE,2026-06-01,0.4100000000000000,UNRESOLVED,GROSS,2,,0.41,,,0.41 ex 2026-03-02,yahoo_realised: 0.41 ex 2026-06-01 (third-party),tier 2
rNNI-2026-06-01-1,rNNI,NNI,2026-06-01,0.3300000000000000,UNRESOLVED,GROSS,2,,0.33,,,0.33 ex 2026-02-27,yahoo_realised: 0.33 ex 2026-06-01 (third-party),tier 2
rNOC-2026-06-01-1,rNOC,NOC,2026-06-01,2.4700000000000000,UNRESOLVED,GROSS,2,,2.47,,,2.31 ex 2026-02-23,yahoo_realised: 2.47 ex 2026-06-01 (third-party),tier 2
rNOV-2026-06-01-1,rNOV,NOV,2026-06-01,0.0900000000000000,UNRESOLVED,GROSS,2,,0.09,,,0.09 ex 2026-03-13,yahoo_realised: 0.09 ex 2026-06-01 (third-party),tier 2
rNE-2026-06-04-1,rNE,NE,2026-06-04,0.5000000000000000,UNRESOLVED,GROSS,2,,0.5,,,0.5 ex 2026-03-04,yahoo_realised: 0.5 ex 2026-06-04 (third-party),tier 2
rNEE-2026-06-05-1,rNEE,NEE,2026-06-05,0.6232000000000000,UNRESOLVED,GROSS,2,,0.623,,,0.623 ex 2026-02-27,yahoo_realised: 0.623 ex 2026-06-05 (third-party),tier 2
rNJR-2026-06-10-1,rNJR,NJR,2026-06-10,0.4750000000000000,UNRESOLVED,GROSS,2,,0.475,,,0.475 ex 2026-03-11,yahoo_realised: 0.475 ex 2026-06-10 (third-party),tier 2
rNDAQ-2026-06-12-1,rNDAQ,NDAQ,2026-06-12,0.3100000000000000,UNRESOLVED,GROSS,2,0.31,0.31,,,0.27 ex 2026-03-16,nasdaq_declared: 0.31 ex 2026-06-12 declared N/A (third-party); yahoo_realised: 0.31 ex 2026-06-12 (third-party),tier 2
rNOV-2026-06-12-1,rNOV,NOV,2026-06-12,0.0900000000000000,UNRESOLVED,GROSS,2,,0.09,,,0.09 ex 2026-06-01,yahoo_realised: 0.09 ex 2026-06-12 (third-party),tier 2
rNEU-2026-06-15-1,rNEU,NEU,2026-06-15,3.0000000000000000,UNRESOLVED,GROSS,2,,3.0,,,3.0 ex 2026-03-16,yahoo_realised: 3.0 ex 2026-06-15 (third-party),tier 2
rNDSN-2026-06-18-1,rNDSN,NDSN,2026-06-18,0.8200000000000000,UNRESOLVED,GROSS,2,0.82,0.82,,,0.82 ex 2026-03-19,nasdaq_declared: 0.82 ex 2026-06-18 declared 06/02/2026 (third-party); yahoo_realised: 0.82 ex 2026-06-18 (third-party),tier 2
rNFG-2026-06-30-1,rNFG,NFG,2026-06-30,0.5550000000000000,UNRESOLVED,GROSS,2,,0.555,,,0.535 ex 2026-03-31,yahoo_realised: 0.555 ex 2026-06-30 (third-party),tier 2
rNLY-2026-06-30-1,rNLY,NLY,2026-06-30,0.7500000000000000,UNRESOLVED,GROSS,2,,0.75,,,0.7 ex 2026-03-31,yahoo_realised: 0.75 ex 2026-06-30 (third-party),tier 2
rNOK-2026-07-28-1,rNOK,NOK,2026-07-28,0.0335630000000000,UNRESOLVED,UNRESOLVED,,,,,2026-07-28,,yahoo_calendar: announced next ex-date 2026-07-28 (third-party),"no issuer row at ex-date; tier 3 needs first-party amount corroboration, prior-period amount"
rNI-2026-07-31-1,rNI,NI,2026-07-31,0.3000000000000000,UNRESOLVED,GROSS,2,,0.3,,,0.3 ex 2026-04-30,yahoo_realised: 0.3 ex 2026-07-31 (third-party),tier 2
rNNN-2026-07-31-1,rNNN,NNN,2026-07-31,0.6200000000000000,UNRESOLVED,GROSS,2,,0.62,,,0.6 ex 2026-04-30,yahoo_realised: 0.62 ex 2026-07-31 (third-party),tier 2
rNEE-2026-08-28-1,rNEE,NEE,2026-08-28,0.6232000000000000,UNRESOLVED,GROSS,2,,0.623,,,0.623 ex 2026-06-05,yahoo_realised: 0.623 ex 2026-08-28 (third-party),tier 2
rNOC-2026-08-31-1,rNOC,NOC,2026-08-31,2.4700000000000000,UNRESOLVED,GROSS,2,,2.47,,,2.47 ex 2026-06-01,yahoo_realised: 2.47 ex 2026-08-31 (third-party),tier 2
rNKE-2026-09-01-1,rNKE,NKE,2026-09-01,0.4100000000000000,UNRESOLVED,GROSS,2,,0.41,,,0.41 ex 2026-06-01,yahoo_realised: 0.41 ex 2026-09-01 (third-party),tier 2
rNNI-2026-09-01-1,rNNI,NNI,2026-09-01,0.3300000000000000,UNRESOLVED,GROSS,2,,0.33,,,0.33 ex 2026-06-01,yahoo_realised: 0.33 ex 2026-09-01 (third-party),tier 2
rNE-2026-09-03-1,rNE,NE,2026-09-03,0.5000000000000000,UNRESOLVED,GROSS,2,,0.5,,,0.5 ex 2026-06-04,yahoo_realised: 0.5 ex 2026-09-03 (third-party),tier 2
rNEM-2026-09-03-1,rNEM,NEM,2026-09-03,0.2600000000000000,UNRESOLVED,GROSS,2,,0.26,,,0.26 ex 2026-05-27,yahoo_realised: 0.26 ex 2026-09-03 (third-party),tier 2
rNDSN-2026-09-10-1,rNDSN,NDSN,2026-09-10,0.9400000000000000,UNRESOLVED,GROSS,2,0.94,0.94,,,0.82 ex 2026-06-18,nasdaq_declared: 0.94 ex 2026-09-10 declared 08/27/2026 (third-party); yahoo_realised: 0.94 ex 2026-09-10 (third-party),tier 2
rNDAQ-2026-09-11-1,rNDAQ,NDAQ,2026-09-11,0.3100000000000000,UNRESOLVED,GROSS,2,0.31,0.31,,,0.31 ex 2026-06-12,nasdaq_declared: 0.31 ex 2026-09-11 declared N/A (third-party); yahoo_realised: 0.31 ex 2026-09-11 (third-party),tier 2
rNOV-2026-09-11-1,rNOV,NOV,2026-09-11,0.0900000000000000,UNRESOLVED,GROSS,2,,0.09,,,0.09 ex 2026-06-12,yahoo_realised: 0.09 ex 2026-09-11 (third-party),tier 2
rNEU-2026-09-15-1,rNEU,NEU,2026-09-15,3.0000000000000000,UNRESOLVED,GROSS,2,,3.0,,,3.0 ex 2026-06-15,yahoo_realised: 3.0 ex 2026-09-15 (third-party),tier 2
rNJR-2026-09-24-1,rNJR,NJR,2026-09-24,0.5000000000000000,UNRESOLVED,UNRESOLVED,,,,,2026-09-24,0.475 ex 2026-06-10,yahoo_calendar: announced next ex-date 2026-09-24 (third-party),"no issuer row at ex-date; tier 3 needs first-party amount corroboration, prior-period amount"
rNLY-2026-09-30-1,rNLY,NLY,2026-09-30,0.7500000000000000,UNRESOLVED,UNRESOLVED,,,,,2026-09-30,0.75 ex 2026-06-30,yahoo_calendar: announced next ex-date 2026-09-30 (third-party); prior realised 0.75 ex 2026-06-30 equals amount (ASSUMED unchanged),no issuer row at ex-date; tier 3 needs first-party amount corroboration
rNI-2026-10-30-1,rNI,NI,2026-10-30,0.3000000000000000,UNRESOLVED,UNRESOLVED,,,,,2026-10-30,0.3 ex 2026-07-31,yahoo_calendar: announced next ex-date 2026-10-30 (third-party); prior realised 0.3 ex 2026-07-31 equals amount (ASSUMED unchanged),no issuer row at ex-date; tier 3 needs first-party amount corroboration
rNPO-2026-06-03-1,rNPO,NPO,2026-06-03,0.3200000000000000,UNRESOLVED,GROSS,2,,0.32,,,0.32 ex 2026-03-04,yahoo_realised: 0.32 ex 2026-06-03 (third-party),tier 2
rNVDA-2026-06-04-1,rNVDA,NVDA,2026-06-04,0.2500000000000000,UNRESOLVED,GROSS,2,0.25,0.25,,,0.01 ex 2026-03-11,nasdaq_declared: 0.25 ex 2026-06-04 declared 05/20/2026 (third-party); yahoo_realised: 0.25 ex 2026-06-04 (third-party),tier 2
rNTES-2026-06-05-1,rNTES,NTES,2026-06-05,0.7175000000000000,UNRESOLVED,GROSS,2,0.72,0.72,,,1.16 ex 2026-03-16,nasdaq_declared: 0.72 ex 2026-06-05 declared 05/22/2026 (third-party); yahoo_realised: 0.72 ex 2026-06-05 (third-party),tier 2
rNTRS-2026-06-05-1,rNTRS,NTRS,2026-06-05,0.8000000000000000,UNRESOLVED,GROSS,2,0.80,0.8,,,0.8 ex 2026-03-06,nasdaq_declared: 0.80 ex 2026-06-05 declared 04/21/2026 (third-party); yahoo_realised: 0.8 ex 2026-06-05 (third-party),tier 2
rNWE-2026-06-15-1,rNWE,NWE,2026-06-15,0.6700000000000000,UNRESOLVED,GROSS,2,0.67,0.67,,,0.67 ex 2026-03-13,nasdaq_declared: 0.67 ex 2026-06-15 declared 04/29/2026 (third-party); yahoo_realised: 0.67 ex 2026-06-15 (third-party),tier 2
rNVDL-2026-06-26-1,rNVDL,NVDL,2026-06-26,,UNRESOLVED,UNRESOLVED,,,,,,,,not a cash dividend
rNUE-2026-06-30-1,rNUE,NUE,2026-06-30,0.5600000000000000,UNRESOLVED,GROSS,2,,0.56,,,0.56 ex 2026-03-31,yahoo_realised: 0.56 ex 2026-06-30 (third-party),tier 2
rNTAP-2026-07-10-1,rNTAP,NTAP,2026-07-10,0.5200000000000000,UNRESOLVED,GROSS,2,0.52,0.52,,,0.52 ex 2026-04-02,nasdaq_declared: 0.52 ex 2026-07-10 declared 05/28/2026 (third-party); yahoo_realised: 0.52 ex 2026-07-10 (third-party),tier 2
rNVT-2026-07-24-1,rNVT,NVT,2026-07-24,0.2100000000000000,UNRESOLVED,GROSS,2,,0.21,,,0.21 ex 2026-04-24,yahoo_realised: 0.21 ex 2026-07-24 (third-party),tier 2
rNRG-2026-08-03-1,rNRG,NRG,2026-08-03,0.4750000000000000,UNRESOLVED,GROSS,2,,0.475,,,0.475 ex 2026-05-01,yahoo_realised: 0.475 ex 2026-08-03 (third-party),tier 2
rNSC-2026-08-07-1,rNSC,NSC,2026-08-07,1.3500000000000000,UNRESOLVED,GROSS,2,,1.35,,,1.35 ex 2026-05-08,yahoo_realised: 1.35 ex 2026-08-07 (third-party),tier 2
rNWG-2026-08-14-1,rNWG,NWG,2026-08-14,0.3141450000000000,UNRESOLVED,UNRESOLVED,,,0.322,,,0.621 ex 2026-03-20,,amount conflict: yahoo_realised 0.322 vs Reality 0.3141450000000000 (ratio 0.976)
rNVO-2026-08-17-1,rNVO,NVO,2026-08-17,0.4073620000000000,UNRESOLVED,UNRESOLVED,,,0.579,,,1.275 ex 2026-03-30,,amount conflict: yahoo_realised 0.579 vs Reality 0.4073620000000000 (ratio 0.704)
rNWE-2026-08-17-1,rNWE,NWE,2026-08-17,0.6700000000000000,UNRESOLVED,GROSS,2,0.67,0.67,,,0.67 ex 2026-06-15,nasdaq_declared: 0.67 ex 2026-08-17 declared 07/29/2026 (third-party); yahoo_realised: 0.67 ex 2026-08-17 (third-party),tier 2
rNPO-2026-09-02-1,rNPO,NPO,2026-09-02,0.3200000000000000,UNRESOLVED,GROSS,2,,0.32,,,0.32 ex 2026-06-03,yahoo_realised: 0.32 ex 2026-09-02 (third-party),tier 2
rNTES-2026-09-03-1,rNTES,NTES,2026-09-03,0.4775000000000000,UNRESOLVED,GROSS,2,0.48,0.48,,,0.72 ex 2026-06-05,nasdaq_declared: 0.48 ex 2026-09-03 declared 08/21/2026 (third-party); yahoo_realised: 0.48 ex 2026-09-03 (third-party),tier 2
rNTRS-2026-09-04-1,rNTRS,NTRS,2026-09-04,0.8800000000000000,UNRESOLVED,GROSS,2,0.88,0.88,,,0.8 ex 2026-06-05,nasdaq_declared: 0.88 ex 2026-09-04 declared 07/21/2026 (third-party); yahoo_realised: 0.88 ex 2026-09-04 (third-party),tier 2
rNVDA-2026-09-10-1,rNVDA,NVDA,2026-09-10,0.2500000000000000,UNRESOLVED,GROSS,2,0.25,0.25,,,0.25 ex 2026-06-04,nasdaq_declared: 0.25 ex 2026-09-10 declared 08/26/2026 (third-party); yahoo_realised: 0.25 ex 2026-09-10 (third-party),tier 2
rNTAP-2026-10-09-1,rNTAP,NTAP,2026-10-09,0.5200000000000000,UNRESOLVED,GROSS,2,0.52,,,,0.52 ex 2026-07-10,nasdaq_declared: 0.52 ex 2026-10-09 declared 09/02/2026 (third-party),tier 2
rODFL-2026-06-03-1,rODFL,ODFL,2026-06-03,0.2900000000000000,UNRESOLVED,GROSS,2,0.29,0.29,,,0.29 ex 2026-03-04,nasdaq_declared: 0.29 ex 2026-06-03 declared 05/21/2026 (third-party); yahoo_realised: 0.29 ex 2026-06-03 (third-party),tier 2
rOMC-2026-06-10-1,rOMC,OMC,2026-06-10,0.8000000000000000,UNRESOLVED,GROSS,2,,0.8,,,0.8 ex 2026-03-11,yahoo_realised: 0.8 ex 2026-06-10 (third-party),tier 2
rNXPI-2026-06-24-1,rNXPI,NXPI,2026-06-24,1.0140000000000000,UNRESOLVED,GROSS,2,1.014,1.014,,,1.014 ex 2026-03-25,nasdaq_declared: 1.014 ex 2026-06-24 declared 06/11/2026 (third-party); yahoo_realised: 1.014 ex 2026-06-24 (third-party),tier 2
rO-2026-06-30-1,rO,O,2026-06-30,0.2710000000000000,UNRESOLVED,GROSS,2,,0.271,,,0.271 ex 2026-05-29,yahoo_realised: 0.271 ex 2026-06-30 (third-party),tier 2
rOBDC-2026-06-30-1,rOBDC,OBDC,2026-06-30,0.3100000000000000,UNRESOLVED,GROSS,2,,0.31,,,0.37 ex 2026-03-31,yahoo_realised: 0.31 ex 2026-06-30 (third-party),tier 2
rOGE-2026-07-06-1,rOGE,OGE,2026-07-06,0.4250000000000000,UNRESOLVED,GROSS,2,,0.425,,,0.425 ex 2026-04-06,yahoo_realised: 0.425 ex 2026-07-06 (third-party),tier 2
rNYT-2026-07-08-1,rNYT,NYT,2026-07-08,0.2300000000000000,UNRESOLVED,GROSS,2,,0.23,,,0.23 ex 2026-04-01,yahoo_realised: 0.23 ex 2026-07-08 (third-party),tier 2
rOC-2026-07-20-1,rOC,OC,2026-07-20,0.7900000000000000,UNRESOLVED,GROSS,2,,0.79,,,0.79 ex 2026-03-09,yahoo_realised: 0.79 ex 2026-07-20 (third-party),tier 2
rO-2026-07-31-1,rO,O,2026-07-31,0.2710000000000000,UNRESOLVED,GROSS,2,,0.271,,,0.271 ex 2026-06-30,yahoo_realised: 0.271 ex 2026-07-31 (third-party),tier 2
rOHI-2026-08-03-1,rOHI,OHI,2026-08-03,0.6800000000000000,UNRESOLVED,GROSS,2,,0.68,,,0.67 ex 2026-05-04,yahoo_realised: 0.68 ex 2026-08-03 (third-party),tier 2
rOKE-2026-08-03-1,rOKE,OKE,2026-08-03,1.0700000000000000,UNRESOLVED,GROSS,2,,1.07,,,1.07 ex 2026-05-04,yahoo_realised: 1.07 ex 2026-08-03 (third-party),tier 2
rOMF-2026-08-10-1,rOMF,OMF,2026-08-10,1.0500000000000000,UNRESOLVED,GROSS,2,,1.05,,,1.05 ex 2026-05-11,yahoo_realised: 1.05 ex 2026-08-10 (third-party),tier 2
rNXST-2026-08-14-1,rNXST,NXST,2026-08-14,1.8600000000000000,UNRESOLVED,GROSS,2,1.86,1.86,,,1.86 ex 2026-05-15,nasdaq_declared: 1.86 ex 2026-08-14 declared 07/30/2026 (third-party); yahoo_realised: 1.86 ex 2026-08-14 (third-party),tier 2
rOGS-2026-08-17-1,rOGS,OGS,2026-08-17,0.6800000000000000,UNRESOLVED,GROSS,2,,0.68,,,0.68 ex 2026-05-18,yahoo_realised: 0.68 ex 2026-08-17 (third-party),tier 2
rOGC-2026-08-19-1,rOGC,OGC,2026-08-19,0.0900000000000000,UNRESOLVED,GROSS,2,,0.09,,,0.09 ex 2026-05-20,yahoo_realised: 0.09 ex 2026-08-19 (third-party),tier 2
rO-2026-08-31-1,rO,O,2026-08-31,0.2710000000000000,UNRESOLVED,GROSS,2,,0.271,,,0.271 ex 2026-07-31,yahoo_realised: 0.271 ex 2026-08-31 (third-party),tier 2
rOBDC-2026-08-31-1,rOBDC,OBDC,2026-08-31,0.0200000000000000,UNRESOLVED,GROSS,2,,0.02,,,0.31 ex 2026-06-30,yahoo_realised: 0.02 ex 2026-08-31 (third-party),tier 2
rODFL-2026-09-02-1,rODFL,ODFL,2026-09-02,0.2900000000000000,UNRESOLVED,GROSS,2,0.29,0.29,,,0.29 ex 2026-06-03,nasdaq_declared: 0.29 ex 2026-09-02 declared 07/23/2026 (third-party); yahoo_realised: 0.29 ex 2026-09-02 (third-party),tier 2
rNWS-2026-09-09-1,rNWS,NWS,2026-09-09,0.1000000000000000,UNRESOLVED,GROSS,2,0.10,0.1,,,0.1 ex 2026-03-11,nasdaq_declared: 0.10 ex 2026-09-09 declared 08/05/2026 (third-party); yahoo_realised: 0.1 ex 2026-09-09 (third-party),tier 2
rNWSA-2026-09-09-1,rNWSA,NWSA,2026-09-09,0.1000000000000000,UNRESOLVED,GROSS,2,0.10,0.1,,,0.1 ex 2026-03-11,nasdaq_declared: 0.10 ex 2026-09-09 declared 08/05/2026 (third-party); yahoo_realised: 0.1 ex 2026-09-09 (third-party),tier 2
rNXPI-2026-09-16-1,rNXPI,NXPI,2026-09-16,1.0140000000000000,UNRESOLVED,GROSS,2,1.014,1.014,,,1.014 ex 2026-06-24,nasdaq_declared: 1.014 ex 2026-09-16 declared 08/28/2026 (third-party); yahoo_realised: 1.014 ex 2026-09-16 (third-party),tier 2
rOMC-2026-09-18-1,rOMC,OMC,2026-09-18,0.8000000000000000,UNRESOLVED,GROSS,2,,0.8,,,0.8 ex 2026-06-10,yahoo_realised: 0.8 ex 2026-09-18 (third-party),tier 2
rO-2026-09-30-1,rO,O,2026-09-30,0.2715000000000000,UNRESOLVED,UNRESOLVED,,,,,2026-09-30,0.271 ex 2026-08-31,yahoo_calendar: announced next ex-date 2026-09-30 (third-party); prior realised 0.271 ex 2026-08-31 equals amount (ASSUMED unchanged),no issuer row at ex-date; tier 3 needs first-party amount corroboration
rOBDC-2026-09-30-1,rOBDC,OBDC,2026-09-30,0.3100000000000000,UNRESOLVED,UNRESOLVED,,,,,2026-09-30,0.02 ex 2026-08-31,yahoo_calendar: announced next ex-date 2026-09-30 (third-party),"no issuer row at ex-date; tier 3 needs first-party amount corroboration, prior-period amount"
rONB-2026-06-05-1,rONB,ONB,2026-06-05,0.1450000000000000,UNRESOLVED,GROSS,2,0.145,0.145,,,0.145 ex 2026-03-05,nasdaq_declared: 0.145 ex 2026-06-05 declared 05/13/2026 (third-party); yahoo_realised: 0.145 ex 2026-06-05 (third-party),tier 2
rORI-2026-06-05-1,rORI,ORI,2026-06-05,0.3150000000000000,UNRESOLVED,GROSS,2,,0.315,,,0.315 ex 2026-03-09,yahoo_realised: 0.315 ex 2026-06-05 (third-party),tier 2
rOTEX-2026-06-05-1,rOTEX,OTEX,2026-06-05,0.2750000000000000,UNRESOLVED,GROSS,2,0.275,0.275,,,0.275 ex 2026-03-06,nasdaq_declared: 0.275 ex 2026-06-05 declared 05/05/2026 (third-party); yahoo_realised: 0.275 ex 2026-06-05 (third-party),tier 2
rOUT-2026-06-05-1,rOUT,OUT,2026-06-05,0.3000000000000000,UNRESOLVED,GROSS,2,,0.3,,,0.3 ex 2026-03-06,yahoo_realised: 0.3 ex 2026-06-05 (third-party),tier 2
rOXY-2026-06-10-1,rOXY,OXY,2026-06-10,0.2600000000000000,UNRESOLVED,GROSS,2,,0.26,,,0.26 ex 2026-03-10,yahoo_realised: 0.26 ex 2026-06-10 (third-party),tier 2
rOVV-2026-06-15-1,rOVV,OVV,2026-06-15,0.3000000000000000,UNRESOLVED,GROSS,2,,0.3,,,0.3 ex 2026-03-13,yahoo_realised: 0.3 ex 2026-06-15 (third-party),tier 2
rOTF-2026-06-22-1,rOTF,OTF,2026-06-22,0.0500000000000000,UNRESOLVED,GROSS,2,,0.05,,,0.35 ex 2026-03-31,yahoo_realised: 0.05 ex 2026-06-22 (third-party),tier 2
rOR-2026-06-30-1,rOR,OR,2026-06-30,0.0650000000000000,UNRESOLVED,GROSS,2,,0.065,,,0.055 ex 2026-03-31,yahoo_realised: 0.065 ex 2026-06-30 (third-party),tier 2
rOTF-2026-06-30-1,rOTF,OTF,2026-06-30,0.3500000000000000,UNRESOLVED,GROSS,2,,0.35,,,0.05 ex 2026-06-22,yahoo_realised: 0.35 ex 2026-06-30 (third-party),tier 2
rOPRA-2026-07-07-1,rOPRA,OPRA,2026-07-07,0.3900000000000000,GROSS,GROSS,1,,,,,,bitget_notice_2026_07_24: amount and ex-date match; 30% withholding DOCUMENTED,tier 1: 2026-07-24 notice match (builder rule)
rORCL-2026-07-10-1,rORCL,ORCL,2026-07-10,0.5000000000000000,UNRESOLVED,GROSS,2,,0.5,,,0.5 ex 2026-04-09,yahoo_realised: 0.5 ex 2026-07-10 (third-party),tier 2
rOZK-2026-07-13-1,rOZK,OZK,2026-07-13,0.4800000000000000,UNRESOLVED,GROSS,2,0.48,0.48,,,0.47 ex 2026-04-13,nasdaq_declared: 0.48 ex 2026-07-13 declared 07/01/2026 (third-party); yahoo_realised: 0.48 ex 2026-07-13 (third-party),tier 2
rOSK-2026-08-13-1,rOSK,OSK,2026-08-13,0.5700000000000000,UNRESOLVED,GROSS,2,,0.57,,,0.57 ex 2026-05-26,yahoo_realised: 0.57 ex 2026-08-13 (third-party),tier 2
rOWL-2026-08-13-1,rOWL,OWL,2026-08-13,0.2300000000000000,UNRESOLVED,GROSS,2,,0.23,,,0.23 ex 2026-05-13,yahoo_realised: 0.23 ex 2026-08-13 (third-party),tier 2
rOTIS-2026-08-14-1,rOTIS,OTIS,2026-08-14,0.4400000000000000,UNRESOLVED,GROSS,2,,0.44,,,0.44 ex 2026-05-15,yahoo_realised: 0.44 ex 2026-08-14 (third-party),tier 2
rORA-2026-08-19-1,rORA,ORA,2026-08-19,0.1200000000000000,UNRESOLVED,GROSS,2,,0.12,,,0.12 ex 2026-05-20,yahoo_realised: 0.12 ex 2026-08-19 (third-party),tier 2
rONB-2026-09-04-1,rONB,ONB,2026-09-04,0.1450000000000000,UNRESOLVED,GROSS,2,0.145,0.145,,,0.145 ex 2026-06-05,nasdaq_declared: 0.145 ex 2026-09-04 declared 08/12/2026 (third-party); yahoo_realised: 0.145 ex 2026-09-04 (third-party),tier 2
rORI-2026-09-04-1,rORI,ORI,2026-09-04,0.3150000000000000,UNRESOLVED,GROSS,2,,0.315,,,0.315 ex 2026-06-05,yahoo_realised: 0.315 ex 2026-09-04 (third-party),tier 2
rOTEX-2026-09-04-1,rOTEX,OTEX,2026-09-04,0.2800000000000000,UNRESOLVED,GROSS,2,0.28,0.28,,,0.275 ex 2026-06-05,nasdaq_declared: 0.28 ex 2026-09-04 declared 08/05/2026 (third-party); yahoo_realised: 0.28 ex 2026-09-04 (third-party),tier 2
rOUT-2026-09-04-1,rOUT,OUT,2026-09-04,0.3300000000000000,UNRESOLVED,GROSS,2,,0.33,,,0.3 ex 2026-06-05,yahoo_realised: 0.33 ex 2026-09-04 (third-party),tier 2
rOXY-2026-09-10-1,rOXY,OXY,2026-09-10,0.2800000000000000,UNRESOLVED,GROSS,2,,0.28,,,0.26 ex 2026-06-10,yahoo_realised: 0.28 ex 2026-09-10 (third-party),tier 2
rOVV-2026-09-15-1,rOVV,OVV,2026-09-15,0.3000000000000000,UNRESOLVED,GROSS,2,,0.3,,,0.3 ex 2026-06-15,yahoo_realised: 0.3 ex 2026-09-15 (third-party),tier 2
rOTF-2026-09-21-1,rOTF,OTF,2026-09-21,0.0500000000000000,UNRESOLVED,UNRESOLVED,,,,,2026-09-21,0.35 ex 2026-06-30,yahoo_calendar: announced next ex-date 2026-09-21 (third-party),"no issuer row at ex-date; tier 3 needs first-party amount corroboration, prior-period amount"
rOR-2026-09-29-1,rOR,OR,2026-09-29,0.0650010000000000,UNRESOLVED,UNRESOLVED,,,,,2026-09-30,0.065 ex 2026-06-30,prior realised 0.065 ex 2026-06-30 equals amount (ASSUMED unchanged),"no issuer row at ex-date; tier 3 needs first-party amount corroboration, issuer announced ex-date"
rOR-2026-09-30-1,rOR,OR,2026-09-30,0.0650000000000000,UNRESOLVED,UNRESOLVED,,,,,2026-09-30,0.065 ex 2026-06-30,yahoo_calendar: announced next ex-date 2026-09-30 (third-party); prior realised 0.065 ex 2026-06-30 equals amount (ASSUMED unchanged),no issuer row at ex-date; tier 3 needs first-party amount corroboration
rOTF-2026-09-30-1,rOTF,OTF,2026-09-30,0.3500000000000000,UNRESOLVED,UNRESOLVED,,,,,2026-09-21,0.35 ex 2026-06-30,prior realised 0.35 ex 2026-06-30 equals amount (ASSUMED unchanged),"no issuer row at ex-date; tier 3 needs first-party amount corroboration, issuer announced ex-date"
rORCL-2026-10-09-1,rORCL,ORCL,2026-10-09,0.5000000000000000,UNRESOLVED,UNRESOLVED,,,,,2026-10-09,0.5 ex 2026-07-10,yahoo_calendar: announced next ex-date 2026-10-09 (third-party); prior realised 0.5 ex 2026-07-10 equals amount (ASSUMED unchanged),no issuer row at ex-date; tier 3 needs first-party amount corroboration
rPBR-2026-06-03-1,rPBR,PBR,2026-06-03,0.1126780000000000,UNRESOLVED,UNRESOLVED,,,0.143,,,0.124 ex 2026-04-24,,amount conflict: yahoo_realised 0.143 vs Reality 0.1126780000000000 (ratio 0.788)
rPBR-2026-06-03-2,rPBR,PBR,2026-06-03,0.1126780000000000,UNRESOLVED,UNRESOLVED,,,0.143,,,0.124 ex 2026-04-24,,amount conflict: yahoo_realised 0.143 vs Reality 0.1126780000000000 (ratio 0.788)
rPB-2026-06-15-1,rPB,PB,2026-06-15,0.6000000000000000,UNRESOLVED,GROSS,2,,0.6,,,0.6 ex 2026-03-13,yahoo_realised: 0.6 ex 2026-06-15 (third-party),tier 2
rPBA-2026-06-15-1,rPBA,PBA,2026-06-15,0.5380200000000000,UNRESOLVED,UNRESOLVED,,,0.525,,,0.518 ex 2026-03-16,,amount conflict: yahoo_realised 0.525 vs Reality 0.5380200000000000 (ratio 1.025)
rPAVE-2026-06-29-1,rPAVE,PAVE,2026-06-29,0.1027000000000000,GROSS,GROSS,1,,,,,,bitget_notice_2026_07_24: amount and ex-date match; 30% withholding DOCUMENTED,tier 1: 2026-07-24 notice match (builder rule)
rPCG-2026-06-30-1,rPCG,PCG,2026-06-30,0.0500000000000000,GROSS,GROSS,1,,,,,,bitget_notice_2026_07_24: amount and ex-date match; 30% withholding DOCUMENTED,tier 1: 2026-07-24 notice match (builder rule)
rPAYX-2026-07-28-1,rPAYX,PAYX,2026-07-28,1.1900000000000000,UNRESOLVED,GROSS,2,1.19,1.19,,,1.19 ex 2026-05-13,nasdaq_declared: 1.19 ex 2026-07-28 declared 07/16/2026 (third-party); yahoo_realised: 1.19 ex 2026-07-28 (third-party),tier 2
rPAA-2026-07-31-1,rPAA,PAA,2026-07-31,0.4175000000000000,UNRESOLVED,GROSS,2,0.4175,0.418,,,0.418 ex 2026-05-01,nasdaq_declared: 0.4175 ex 2026-07-31 declared 07/06/2026 (third-party); yahoo_realised: 0.418 ex 2026-07-31 (third-party),tier 2
rPAGP-2026-07-31-1,rPAGP,PAGP,2026-07-31,0.4175000000000000,UNRESOLVED,GROSS,2,0.4175,0.418,,,0.418 ex 2026-05-01,nasdaq_declared: 0.4175 ex 2026-07-31 declared 07/06/2026 (third-party); yahoo_realised: 0.418 ex 2026-07-31 (third-party),tier 2
rPCAR-2026-08-12-1,rPCAR,PCAR,2026-08-12,0.3500000000000000,UNRESOLVED,GROSS,2,0.35,0.35,,,0.35 ex 2026-05-13,nasdaq_declared: 0.35 ex 2026-08-12 declared N/A (third-party); yahoo_realised: 0.35 ex 2026-08-12 (third-party),tier 2
rPAG-2026-08-14-1,rPAG,PAG,2026-08-14,1.4400000000000000,UNRESOLVED,GROSS,2,,1.44,,,1.42 ex 2026-05-26,yahoo_realised: 1.44 ex 2026-08-14 (third-party),tier 2
rPBF-2026-08-14-1,rPBF,PBF,2026-08-14,0.2750000000000000,UNRESOLVED,GROSS,2,,0.275,,,0.275 ex 2026-05-14,yahoo_realised: 0.275 ex 2026-08-14 (third-party),tier 2
rPAAS-2026-08-24-1,rPAAS,PAAS,2026-08-24,0.1840000000000000,UNRESOLVED,GROSS,2,,0.184,,,0.18 ex 2026-05-19,yahoo_realised: 0.184 ex 2026-08-24 (third-party),tier 2
rPAYC-2026-08-24-1,rPAYC,PAYC,2026-08-24,0.3750000000000000,UNRESOLVED,GROSS,2,,0.375,,,0.375 ex 2026-05-26,yahoo_realised: 0.375 ex 2026-08-24 (third-party),tier 2
rPBR-2026-08-25-1,rPBR,PBR,2026-08-25,0.2135660000000000,UNRESOLVED,UNRESOLVED,,,0.53,,,0.143 ex 2026-06-03,,amount conflict: yahoo_realised 0.53 vs Reality 0.2135660000000000 (ratio 0.403)
rPBR-2026-08-25-2,rPBR,PBR,2026-08-25,0.0656610000000000,UNRESOLVED,UNRESOLVED,,,0.53,,,0.143 ex 2026-06-03,,amount conflict: yahoo_realised 0.53 vs Reality 0.0656610000000000 (ratio 0.124)
rPBR-2026-08-25-3,rPBR,PBR,2026-08-25,0.1618050000000000,UNRESOLVED,UNRESOLVED,,,0.53,,,0.143 ex 2026-06-03,,amount conflict: yahoo_realised 0.53 vs Reality 0.1618050000000000 (ratio 0.305)
rPB-2026-09-15-1,rPB,PB,2026-09-15,0.6000000000000000,UNRESOLVED,GROSS,2,,0.6,,,0.6 ex 2026-06-15,yahoo_realised: 0.6 ex 2026-09-15 (third-party),tier 2
rPBA-2026-09-15-1,rPBA,PBA,2026-09-15,0.5245695000000000,UNRESOLVED,UNRESOLVED,,,0.529,,,0.525 ex 2026-06-15,,amount conflict: yahoo_realised 0.529 vs Reality 0.5245695000000000 (ratio 0.992)
rPFG-2026-06-01-1,rPFG,PFG,2026-06-01,0.8200000000000000,UNRESOLVED,GROSS,2,0.82,0.82,,,0.8 ex 2026-03-11,nasdaq_declared: 0.82 ex 2026-06-01 declared 04/22/2026 (third-party); yahoo_realised: 0.82 ex 2026-06-01 (third-party),tier 2
rPEP-2026-06-05-1,rPEP,PEP,2026-06-05,1.4800000000000000,UNRESOLVED,GROSS,2,1.48,1.48,,,1.423 ex 2026-03-06,nasdaq_declared: 1.48 ex 2026-06-05 declared 05/06/2026 (third-party); yahoo_realised: 1.48 ex 2026-06-05 (third-party),tier 2
rPEG-2026-06-09-1,rPEG,PEG,2026-06-09,0.6700000000000000,UNRESOLVED,GROSS,2,,0.67,,,0.67 ex 2026-03-10,yahoo_realised: 0.67 ex 2026-06-09 (third-party),tier 2
rPECO-2026-06-15-1,rPECO,PECO,2026-06-15,0.1083000000000000,UNRESOLVED,GROSS,2,0.1083,0.108,,,0.108 ex 2026-05-15,nasdaq_declared: 0.1083 ex 2026-06-15 declared 05/12/2026 (third-party); yahoo_realised: 0.108 ex 2026-06-15 (third-party),tier 2
rPKG-2026-06-15-1,rPKG,PKG,2026-06-15,1.5000000000000000,UNRESOLVED,GROSS,2,,1.5,,,1.25 ex 2026-03-13,yahoo_realised: 1.5 ex 2026-06-15 (third-party),tier 2
rPHM-2026-06-16-1,rPHM,PHM,2026-06-16,0.2600000000000000,UNRESOLVED,GROSS,2,,0.26,,,0.26 ex 2026-03-17,yahoo_realised: 0.26 ex 2026-06-16 (third-party),tier 2
rPLD-2026-06-16-1,rPLD,PLD,2026-06-16,1.0700000000000000,UNRESOLVED,GROSS,2,,1.07,,,1.07 ex 2026-03-17,yahoo_realised: 1.07 ex 2026-06-16 (third-party),tier 2
rPEGA-2026-07-01-1,rPEGA,PEGA,2026-07-01,0.0300000000000000,UNRESOLVED,GROSS,2,0.03,0.03,,,0.03 ex 2026-04-01,nasdaq_declared: 0.03 ex 2026-07-01 declared 06/15/2026 (third-party); yahoo_realised: 0.03 ex 2026-07-01 (third-party),tier 2
rPGR-2026-07-02-1,rPGR,PGR,2026-07-02,0.1000000000000000,UNRESOLVED,GROSS,2,,0.1,,,0.1 ex 2026-04-02,yahoo_realised: 0.1 ex 2026-07-02 (third-party),tier 2
rPECO-2026-07-15-1,rPECO,PECO,2026-07-15,0.1083000000000000,UNRESOLVED,GROSS,2,0.1083,0.108,,,0.108 ex 2026-06-15,nasdaq_declared: 0.1083 ex 2026-07-15 declared 05/12/2026 (third-party); yahoo_realised: 0.108 ex 2026-07-15 (third-party),tier 2
rPENG-2026-07-16-1,rPENG,PENG,2026-07-16,0.0321144000000000,UNRESOLVED,UNRESOLVED,,,,,,,,"no issuer row at ex-date; tier 3 needs first-party amount corroboration, issuer announced ex-date, prior-period amount"
rPFE-2026-07-24-1,rPFE,PFE,2026-07-24,0.4300000000000000,UNRESOLVED,GROSS,2,,0.43,,,0.43 ex 2026-05-08,yahoo_realised: 0.43 ex 2026-07-24 (third-party),tier 2
rPG-2026-07-24-1,rPG,PG,2026-07-24,1.0885000000000000,UNRESOLVED,GROSS,2,,1.089,,,1.089 ex 2026-04-24,yahoo_realised: 1.089 ex 2026-07-24 (third-party),tier 2
rPECO-2026-08-17-1,rPECO,PECO,2026-08-17,0.1083000000000000,UNRESOLVED,GROSS,2,0.1083,0.108,,,0.108 ex 2026-07-15,nasdaq_declared: 0.1083 ex 2026-08-17 declared 08/05/2026 (third-party); yahoo_realised: 0.108 ex 2026-08-17 (third-party),tier 2
rPEGA-2026-08-17-1,rPEGA,PEGA,2026-08-17,0.0830000000000000,UNRESOLVED,GROSS,2,0.083,0.083,,,0.03 ex 2026-07-01,nasdaq_declared: 0.083 ex 2026-08-17 declared 02/05/2026 (third-party); yahoo_realised: 0.083 ex 2026-08-17 (third-party),tier 2
rPKX-2026-08-24-1,rPKX,PKX,2026-08-24,0.2870140100000000,UNRESOLVED,UNRESOLVED,,,,,2026-08-24,,yahoo_calendar: announced next ex-date 2026-08-24 (third-party),"no issuer row at ex-date; tier 3 needs first-party amount corroboration, prior-period amount"
rPIPR-2026-08-28-1,rPIPR,PIPR,2026-08-28,0.2000000000000000,UNRESOLVED,GROSS,2,,0.2,,,0.2 ex 2026-05-29,yahoo_realised: 0.2 ex 2026-08-28 (third-party),tier 2
rPH-2026-08-31-1,rPH,PH,2026-08-31,2.0000000000000000,UNRESOLVED,GROSS,2,,2.0,,,2.0 ex 2026-05-08,yahoo_realised: 2.0 ex 2026-08-31 (third-party),tier 2
rPFG-2026-09-03-1,rPFG,PFG,2026-09-03,0.8400000000000000,UNRESOLVED,GROSS,2,0.84,0.84,,,0.82 ex 2026-06-01,nasdaq_declared: 0.84 ex 2026-09-03 declared 07/24/2026 (third-party); yahoo_realised: 0.84 ex 2026-09-03 (third-party),tier 2
rPEP-2026-09-04-1,rPEP,PEP,2026-09-04,1.4800000000000000,UNRESOLVED,GROSS,2,1.48,1.48,,,1.48 ex 2026-06-05,nasdaq_declared: 1.48 ex 2026-09-04 declared 07/17/2026 (third-party); yahoo_realised: 1.48 ex 2026-09-04 (third-party),tier 2
rPEG-2026-09-09-1,rPEG,PEG,2026-09-09,0.6700000000000000,UNRESOLVED,GROSS,2,,0.67,,,0.67 ex 2026-06-09,yahoo_realised: 0.67 ex 2026-09-09 (third-party),tier 2
rPECO-2026-09-15-1,rPECO,PECO,2026-09-15,0.1150000000000000,UNRESOLVED,GROSS,2,0.115,0.115,,,0.108 ex 2026-08-17,nasdaq_declared: 0.115 ex 2026-09-15 declared 09/01/2026 (third-party); yahoo_realised: 0.115 ex 2026-09-15 (third-party),tier 2
rPHM-2026-09-15-1,rPHM,PHM,2026-09-15,0.2600000000000000,UNRESOLVED,GROSS,2,,0.26,,,0.26 ex 2026-06-16,yahoo_realised: 0.26 ex 2026-09-15 (third-party),tier 2
rPKG-2026-09-15-1,rPKG,PKG,2026-09-15,1.5000000000000000,UNRESOLVED,GROSS,2,,1.5,,,1.5 ex 2026-06-15,yahoo_realised: 1.5 ex 2026-09-15 (third-party),tier 2
rPLD-2026-09-16-1,rPLD,PLD,2026-09-16,1.0700000000000000,UNRESOLVED,GROSS,2,,1.07,,,1.07 ex 2026-06-16,yahoo_realised: 1.07 ex 2026-09-16 (third-party),tier 2
rPEGA-2026-10-01-1,rPEGA,PEGA,2026-10-01,0.0300000000000000,UNRESOLVED,GROSS,2,0.03,,,,0.083 ex 2026-08-17,nasdaq_declared: 0.03 ex 2026-10-01 declared 09/14/2026 (third-party),tier 2
rPGR-2026-10-01-1,rPGR,PGR,2026-10-01,0.1000000000000000,UNRESOLVED,UNRESOLVED,,,,,2026-10-01,0.1 ex 2026-07-02,yahoo_calendar: announced next ex-date 2026-10-01 (third-party); prior realised 0.1 ex 2026-07-02 equals amount (ASSUMED unchanged),no issuer row at ex-date; tier 3 needs first-party amount corroboration
rPECO-2026-10-15-1,rPECO,PECO,2026-10-15,0.1150000000000000,UNRESOLVED,GROSS,2,0.115,,,,0.115 ex 2026-09-15,nasdaq_declared: 0.115 ex 2026-10-15 declared 09/01/2026 (third-party),tier 2
rPECO-2026-11-16-1,rPECO,PECO,2026-11-16,0.1150000000000000,UNRESOLVED,GROSS,2,0.115,,,,0.115 ex 2026-09-15,nasdaq_declared: 0.115 ex 2026-11-16 declared 09/01/2026 (third-party),tier 2
rPRMB-2026-06-04-1,rPRMB,PRMB,2026-06-04,0.1200000000000000,UNRESOLVED,GROSS,2,,0.12,,,0.12 ex 2026-03-06,yahoo_realised: 0.12 ex 2026-06-04 (third-party),tier 2
rPPL-2026-06-10-1,rPPL,PPL,2026-06-10,0.2850000000000000,UNRESOLVED,GROSS,2,,0.285,,,0.285 ex 2026-03-10,yahoo_realised: 0.285 ex 2026-06-10 (third-party),tier 2
rPSA-2026-06-15-1,rPSA,PSA,2026-06-15,3.0000000000000000,UNRESOLVED,GROSS,2,,3.0,,,3.0 ex 2026-03-16,yahoo_realised: 3.0 ex 2026-06-15 (third-party),tier 2
rPSKY-2026-06-15-1,rPSKY,PSKY,2026-06-15,0.0500000000000000,UNRESOLVED,GROSS,2,0.05,0.05,,,0.05 ex 2026-03-16,nasdaq_declared: 0.05 ex 2026-06-15 declared 04/17/2026 (third-party); yahoo_realised: 0.05 ex 2026-06-15 (third-party),tier 2
rPR-2026-06-16-1,rPR,PR,2026-06-16,0.1600000000000000,UNRESOLVED,GROSS,2,,0.16,,,0.16 ex 2026-03-17,yahoo_realised: 0.16 ex 2026-06-16 (third-party),tier 2
rPM-2026-06-25-1,rPM,PM,2026-06-25,1.4700000000000000,GROSS,GROSS,1,,,,,,bitget_notice_2026_07_24: amount and ex-date match; 30% withholding DOCUMENTED,tier 1: 2026-07-24 notice match (builder rule)
rPOR-2026-06-25-1,rPOR,POR,2026-06-25,0.5512500000000000,UNRESOLVED,GROSS,2,,0.551,,,0.525 ex 2026-03-23,yahoo_realised: 0.551 ex 2026-06-25 (third-party),tier 2
rPRIM-2026-06-30-1,rPRIM,PRIM,2026-06-30,0.0800000000000000,UNRESOLVED,GROSS,2,,0.08,,,0.08 ex 2026-03-31,yahoo_realised: 0.08 ex 2026-06-30 (third-party),tier 2
rPS-2026-07-13-1,rPS,PS,2026-07-13,0.1220000000000000,UNRESOLVED,GROSS,2,,0.122,,,,yahoo_realised: 0.122 ex 2026-07-13 (third-party),tier 2
rPNC-2026-07-20-1,rPNC,PNC,2026-07-20,2.0000000000000000,UNRESOLVED,GROSS,2,,2.0,,,1.7 ex 2026-04-14,yahoo_realised: 2.0 ex 2026-07-20 (third-party),tier 2
rPNR-2026-07-24-1,rPNR,PNR,2026-07-24,0.2700000000000000,UNRESOLVED,GROSS,2,,0.27,,,0.27 ex 2026-04-17,yahoo_realised: 0.27 ex 2026-07-24 (third-party),tier 2
rPNW-2026-08-03-1,rPNW,PNW,2026-08-03,0.9100000000000000,UNRESOLVED,GROSS,2,,0.91,,,0.91 ex 2026-05-04,yahoo_realised: 0.91 ex 2026-08-03 (third-party),tier 2
rPNFP-2026-08-07-1,rPNFP,PNFP,2026-08-07,0.5000000000000000,UNRESOLVED,GROSS,2,,0.5,,,0.5 ex 2026-05-01,yahoo_realised: 0.5 ex 2026-08-07 (third-party),tier 2
rPPG-2026-08-10-1,rPPG,PPG,2026-08-10,0.7400000000000000,UNRESOLVED,GROSS,2,,0.74,,,0.71 ex 2026-05-11,yahoo_realised: 0.74 ex 2026-08-10 (third-party),tier 2
rPOOL-2026-08-13-1,rPOOL,POOL,2026-08-13,1.3000000000000000,UNRESOLVED,GROSS,2,1.30,1.3,,,1.3 ex 2026-05-14,nasdaq_declared: 1.30 ex 2026-08-13 declared 07/29/2026 (third-party); yahoo_realised: 1.3 ex 2026-08-13 (third-party),tier 2
rPSMT-2026-08-17-1,rPSMT,PSMT,2026-08-17,0.7000000000000000,UNRESOLVED,GROSS,2,0.70,0.7,,,0.7 ex 2026-02-17,nasdaq_declared: 0.70 ex 2026-08-17 declared 02/05/2026 (third-party); yahoo_realised: 0.7 ex 2026-08-17 (third-party),tier 2
rPOWL-2026-08-19-1,rPOWL,POWL,2026-08-19,0.0900000000000000,UNRESOLVED,GROSS,2,0.09,0.09,,,0.09 ex 2026-05-20,nasdaq_declared: 0.09 ex 2026-08-19 declared 08/03/2026 (third-party); yahoo_realised: 0.09 ex 2026-08-19 (third-party),tier 2
rPRI-2026-08-21-1,rPRI,PRI,2026-08-21,1.2000000000000000,UNRESOLVED,GROSS,2,,1.2,,,1.2 ex 2026-05-21,yahoo_realised: 1.2 ex 2026-08-21 (third-party),tier 2
rPRMB-2026-08-24-1,rPRMB,PRMB,2026-08-24,0.1200000000000000,UNRESOLVED,GROSS,2,,0.12,,,0.12 ex 2026-06-04,yahoo_realised: 0.12 ex 2026-08-24 (third-party),tier 2
rPRU-2026-08-25-1,rPRU,PRU,2026-08-25,1.4000000000000000,UNRESOLVED,GROSS,2,,1.4,,,1.4 ex 2026-05-26,yahoo_realised: 1.4 ex 2026-08-25 (third-party),tier 2
rPPL-2026-09-10-1,rPPL,PPL,2026-09-10,0.2850000000000000,UNRESOLVED,GROSS,2,,0.285,,,0.285 ex 2026-06-10,yahoo_realised: 0.285 ex 2026-09-10 (third-party),tier 2
rPSA-2026-09-15-1,rPSA,PSA,2026-09-15,3.0000000000000000,UNRESOLVED,GROSS,2,,3.0,,,3.0 ex 2026-06-15,yahoo_realised: 3.0 ex 2026-09-15 (third-party),tier 2
rPSKY-2026-09-15-1,rPSKY,PSKY,2026-09-15,0.0500000000000000,UNRESOLVED,GROSS,2,0.05,0.05,,,0.05 ex 2026-06-15,nasdaq_declared: 0.05 ex 2026-09-15 declared 07/21/2026 (third-party); yahoo_realised: 0.05 ex 2026-09-15 (third-party),tier 2
rPR-2026-09-16-1,rPR,PR,2026-09-16,0.1600000000000000,UNRESOLVED,GROSS,2,,0.16,,,0.16 ex 2026-06-16,yahoo_realised: 0.16 ex 2026-09-16 (third-party),tier 2
rPOR-2026-09-25-1,rPOR,POR,2026-09-25,0.5512500000000000,UNRESOLVED,UNRESOLVED,,,,,2026-09-25,0.551 ex 2026-06-25,yahoo_calendar: announced next ex-date 2026-09-25 (third-party); prior realised 0.551 ex 2026-06-25 equals amount (ASSUMED unchanged),no issuer row at ex-date; tier 3 needs first-party amount corroboration
rPRIM-2026-09-30-1,rPRIM,PRIM,2026-09-30,0.0800000000000000,UNRESOLVED,UNRESOLVED,,,,,2026-09-30,0.08 ex 2026-06-30,yahoo_calendar: announced next ex-date 2026-09-30 (third-party); prior realised 0.08 ex 2026-06-30 equals amount (ASSUMED unchanged),no issuer row at ex-date; tier 3 needs first-party amount corroboration
rPYPL-2026-06-04-1,rPYPL,PYPL,2026-06-04,0.1400000000000000,UNRESOLVED,GROSS,2,0.14,0.14,,,0.14 ex 2026-03-04,nasdaq_declared: 0.14 ex 2026-06-04 declared 05/04/2026 (third-party); yahoo_realised: 0.14 ex 2026-06-04 (third-party),tier 2
rQCOM-2026-06-04-1,rQCOM,QCOM,2026-06-04,0.9200000000000000,UNRESOLVED,GROSS,2,0.92,0.92,,,0.89 ex 2026-03-05,nasdaq_declared: 0.92 ex 2026-06-04 declared 04/01/2026 (third-party); yahoo_realised: 0.92 ex 2026-06-04 (third-party),tier 2
rQQQI-2026-06-16-1,rQQQI,QQQI,2026-06-16,0.6572000000000000,UNRESOLVED,GROSS,2,0.6572,0.657,,,0.659 ex 2026-05-20,nasdaq_declared: 0.6572 ex 2026-06-16 declared 06/15/2026 (third-party); yahoo_realised: 0.657 ex 2026-06-16 (third-party),tier 2
rQQQ-2026-06-22-1,rQQQ,QQQ,2026-06-22,0.8134900000000000,GROSS,GROSS,1,,,,,,bitget_notice_2026_07_24: amount and ex-date match; 30% withholding DOCUMENTED,tier 1: 2026-07-24 notice match (builder rule)
rQQQM-2026-06-22-1,rQQQM,QQQM,2026-06-22,0.3521500000000000,UNRESOLVED,GROSS,2,0.35215,0.352,,,0.328 ex 2026-03-23,nasdaq_declared: 0.35215 ex 2026-06-22 declared N/A (third-party); yahoo_realised: 0.352 ex 2026-06-22 (third-party),tier 2
rQSR-2026-06-23-1,rQSR,QSR,2026-06-23,0.6500000000000000,UNRESOLVED,GROSS,2,,0.65,,,0.65 ex 2026-03-19,yahoo_realised: 0.65 ex 2026-06-23 (third-party),tier 2
rPSQ-2026-06-24-1,rPSQ,PSQ,2026-06-24,0.2285790000000000,GROSS,GROSS,1,,,,,,bitget_notice_2026_07_24: amount and ex-date match; 30% withholding DOCUMENTED,tier 1: 2026-07-24 notice match (builder rule)
rQLD-2026-06-24-1,rQLD,QLD,2026-06-24,0.0607170000000000,UNRESOLVED,GROSS,2,,0.061,,,0.013 ex 2026-03-25,yahoo_realised: 0.061 ex 2026-06-24 (third-party),tier 2
rPWR-2026-07-01-1,rPWR,PWR,2026-07-01,0.1100000000000000,GROSS,GROSS,1,,,,,,bitget_notice_2026_07_24: amount and ex-date match; 30% withholding DOCUMENTED,tier 1: 2026-07-24 notice match (builder rule)
rQGEN-2026-07-07-1,rQGEN,QGEN,2026-07-07,0.3500000000000000,UNRESOLVED,GROSS,2,,0.35,,,,yahoo_realised: 0.35 ex 2026-07-07 (third-party),tier 2
rQQQI-2026-07-22-1,rQQQI,QQQI,2026-07-22,0.6346000000000000,UNRESOLVED,GROSS,2,0.6346,0.635,,,0.657 ex 2026-06-16,nasdaq_declared: 0.6346 ex 2026-07-22 declared 07/21/2026 (third-party); yahoo_realised: 0.635 ex 2026-07-22 (third-party),tier 2
rPSO-2026-08-14-1,rPSO,PSO,2026-08-14,0.1102730000000000,UNRESOLVED,GROSS,2,,0.11,,,0.235 ex 2026-03-20,yahoo_realised: 0.11 ex 2026-08-14 (third-party),tier 2
rPSX-2026-08-18-1,rPSX,PSX,2026-08-18,1.2700000000000000,UNRESOLVED,GROSS,2,,1.27,,,1.27 ex 2026-05-18,yahoo_realised: 1.27 ex 2026-08-18 (third-party),tier 2
rQQQI-2026-08-19-1,rQQQI,QQQI,2026-08-19,0.6518000000000000,UNRESOLVED,GROSS,2,0.6518,0.652,,,0.635 ex 2026-07-22,nasdaq_declared: 0.6518 ex 2026-08-19 declared 08/18/2026 (third-party); yahoo_realised: 0.652 ex 2026-08-19 (third-party),tier 2
rR-2026-08-24-1,rR,R,2026-08-24,1.0100000000000000,UNRESOLVED,GROSS,2,,1.01,,,0.91 ex 2026-05-18,yahoo_realised: 1.01 ex 2026-08-24 (third-party),tier 2
rQ-2026-08-31-1,rQ,Q,2026-08-31,0.0800000000000000,UNRESOLVED,GROSS,2,,0.08,,,0.08 ex 2026-05-29,yahoo_realised: 0.08 ex 2026-08-31 (third-party),tier 2
rQCOM-2026-09-03-1,rQCOM,QCOM,2026-09-03,0.9200000000000000,UNRESOLVED,GROSS,2,0.92,0.92,,,0.92 ex 2026-06-04,nasdaq_declared: 0.92 ex 2026-09-03 declared 07/09/2026 (third-party); yahoo_realised: 0.92 ex 2026-09-03 (third-party),tier 2
rPYPL-2026-09-04-1,rPYPL,PYPL,2026-09-04,0.1400000000000000,UNRESOLVED,GROSS,2,0.14,0.14,,,0.14 ex 2026-06-04,nasdaq_declared: 0.14 ex 2026-09-04 declared 07/27/2026 (third-party); yahoo_realised: 0.14 ex 2026-09-04 (third-party),tier 2
rPUK-2026-09-11-1,rPUK,PUK,2026-09-11,0.1676000000000000,UNRESOLVED,UNRESOLVED,,,0.178,,,0.378 ex 2026-03-27,,amount conflict: yahoo_realised 0.178 vs Reality 0.1676000000000000 (ratio 0.942)
rQQQI-2026-09-16-1,rQQQI,QQQI,2026-09-16,0.6339000000000000,UNRESOLVED,GROSS,2,0.6339,0.634,,,0.652 ex 2026-08-19,nasdaq_declared: 0.6339 ex 2026-09-16 declared 09/15/2026 (third-party); yahoo_realised: 0.634 ex 2026-09-16 (third-party),tier 2
rQSR-2026-09-18-1,rQSR,QSR,2026-09-18,0.6500000000000000,UNRESOLVED,GROSS,2,,0.65,,,0.65 ex 2026-06-23,yahoo_realised: 0.65 ex 2026-09-18 (third-party),tier 2
rPWR-2026-10-01-1,rPWR,PWR,2026-10-01,0.1100000000000000,UNRESOLVED,UNRESOLVED,,,,,2026-10-01,0.11 ex 2026-07-01,yahoo_calendar: announced next ex-date 2026-10-01 (third-party); prior realised 0.11 ex 2026-07-01 equals amount (ASSUMED unchanged),no issuer row at ex-date; tier 3 needs first-party amount corroboration
rRF-2026-06-01-1,rRF,RF,2026-06-01,0.2650000000000000,UNRESOLVED,GROSS,2,,0.265,,,0.265 ex 2026-03-02,yahoo_realised: 0.265 ex 2026-06-01 (third-party),tier 2
rRDN-2026-06-02-1,rRDN,RDN,2026-06-02,0.2550000000000000,UNRESOLVED,GROSS,2,,0.255,,,0.255 ex 2026-02-23,yahoo_realised: 0.255 ex 2026-06-02 (third-party),tier 2
rRCL-2026-06-03-1,rRCL,RCL,2026-06-03,1.5000000000000000,UNRESOLVED,GROSS,2,,1.5,,,1.5 ex 2026-03-06,yahoo_realised: 1.5 ex 2026-06-03 (third-party),tier 2
rRAL-2026-06-08-1,rRAL,RAL,2026-06-08,0.0500000000000000,UNRESOLVED,GROSS,2,,0.05,,,0.05 ex 2026-03-09,yahoo_realised: 0.05 ex 2026-06-08 (third-party),tier 2
rRCI-2026-06-09-1,rRCI,RCI,2026-06-09,0.3657564000000000,UNRESOLVED,UNRESOLVED,,,0.358,,,0.368 ex 2026-03-10,,amount conflict: yahoo_realised 0.358 vs Reality 0.3657564000000000 (ratio 1.022)
rREG-2026-06-12-1,rREG,REG,2026-06-12,0.7550000000000000,UNRESOLVED,GROSS,2,0.755,0.755,,,0.755 ex 2026-03-11,nasdaq_declared: 0.755 ex 2026-06-12 declared 05/06/2026 (third-party); yahoo_realised: 0.755 ex 2026-06-12 (third-party),tier 2
rREXR-2026-06-30-1,rREXR,REXR,2026-06-30,0.4350000000000000,UNRESOLVED,GROSS,2,,0.435,,,0.435 ex 2026-03-31,yahoo_realised: 0.435 ex 2026-06-30 (third-party),tier 2
rRDY-2026-07-24-1,rRDY,RDY,2026-07-24,0.0642570000000000,UNRESOLVED,UNRESOLVED,,,0.083,,,,,amount conflict: yahoo_realised 0.083 vs Reality 0.0642570000000000 (ratio 0.774)
rREZI-2026-08-04-1,rREZI,REZI,2026-08-04,,UNRESOLVED,UNRESOLVED,,,,,,,,not a cash dividend
rRELX-2026-08-07-1,rRELX,RELX,2026-08-07,0.2785130000000000,UNRESOLVED,GROSS,2,,0.279,,,0.656 ex 2026-05-08,yahoo_realised: 0.279 ex 2026-08-07 (third-party),tier 2
rREYN-2026-08-17-1,rREYN,REYN,2026-08-17,0.2300000000000000,UNRESOLVED,GROSS,2,0.23,0.23,,,0.23 ex 2026-05-15,nasdaq_declared: 0.23 ex 2026-08-17 declared 07/23/2026 (third-party); yahoo_realised: 0.23 ex 2026-08-17 (third-party),tier 2
rREGN-2026-08-18-1,rREGN,REGN,2026-08-18,0.9400000000000000,UNRESOLVED,GROSS,2,0.94,0.94,,,0.94 ex 2026-05-20,nasdaq_declared: 0.94 ex 2026-08-18 declared N/A (third-party); yahoo_realised: 0.94 ex 2026-08-18 (third-party),tier 2
rRGA-2026-08-18-1,rRGA,RGA,2026-08-18,0.9800000000000000,UNRESOLVED,GROSS,2,,0.98,,,0.93 ex 2026-05-19,yahoo_realised: 0.98 ex 2026-08-18 (third-party),tier 2
rRDN-2026-08-24-1,rRDN,RDN,2026-08-24,0.2550000000000000,UNRESOLVED,GROSS,2,,0.255,,,0.255 ex 2026-06-02,yahoo_realised: 0.255 ex 2026-08-24 (third-party),tier 2
rRBA-2026-08-25-1,rRBA,RBA,2026-08-25,0.3300000000000000,UNRESOLVED,GROSS,2,,0.33,,,0.31 ex 2026-05-27,yahoo_realised: 0.33 ex 2026-08-25 (third-party),tier 2
rRF-2026-09-01-1,rRF,RF,2026-09-01,0.3000000000000000,UNRESOLVED,GROSS,2,,0.3,,,0.265 ex 2026-06-01,yahoo_realised: 0.3 ex 2026-09-01 (third-party),tier 2
rRAL-2026-09-08-1,rRAL,RAL,2026-09-08,0.0500000000000000,UNRESOLVED,GROSS,2,,0.05,,,0.05 ex 2026-06-08,yahoo_realised: 0.05 ex 2026-09-08 (third-party),tier 2
rRCI-2026-09-08-1,rRCI,RCI,2026-09-08,0.3549500000000000,UNRESOLVED,UNRESOLVED,,,0.362,,,0.358 ex 2026-06-09,,amount conflict: yahoo_realised 0.362 vs Reality 0.3549500000000000 (ratio 0.981)
rREG-2026-09-11-1,rREG,REG,2026-09-11,0.7550000000000000,UNRESOLVED,GROSS,2,0.755,0.755,,,0.755 ex 2026-06-12,nasdaq_declared: 0.755 ex 2026-09-11 declared 08/05/2026 (third-party); yahoo_realised: 0.755 ex 2026-09-11 (third-party),tier 2
rRCL-2026-09-17-1,rRCL,RCL,2026-09-17,1.5000000000000000,UNRESOLVED,GROSS,2,,1.5,,,1.5 ex 2026-06-03,yahoo_realised: 1.5 ex 2026-09-17 (third-party),tier 2
rREXR-2026-09-30-1,rREXR,REXR,2026-09-30,0.4350000000000000,UNRESOLVED,UNRESOLVED,,,,,2026-09-30,0.435 ex 2026-06-30,yahoo_calendar: announced next ex-date 2026-09-30 (third-party); prior realised 0.435 ex 2026-06-30 equals amount (ASSUMED unchanged),no issuer row at ex-date; tier 3 needs first-party amount corroboration
rROST-2026-06-09-1,rROST,ROST,2026-06-09,0.4450000000000000,UNRESOLVED,GROSS,2,0.445,0.445,,,0.445 ex 2026-03-13,nasdaq_declared: 0.445 ex 2026-06-09 declared 05/20/2026 (third-party); yahoo_realised: 0.445 ex 2026-06-09 (third-party),tier 2
rRNR-2026-06-15-1,rRNR,RNR,2026-06-15,0.4100000000000000,UNRESOLVED,GROSS,2,,0.41,,,0.41 ex 2026-03-13,yahoo_realised: 0.41 ex 2026-06-15 (third-party),tier 2
rRL-2026-06-26-1,rRL,RL,2026-06-26,1.0000000000000000,UNRESOLVED,GROSS,2,,1.0,,,0.913 ex 2026-03-27,yahoo_realised: 1.0 ex 2026-06-26 (third-party),tier 2
rRHP-2026-06-30-1,rRHP,RHP,2026-06-30,1.2000000000000000,UNRESOLVED,GROSS,2,,1.2,,,1.2 ex 2026-03-31,yahoo_realised: 1.2 ex 2026-06-30 (third-party),tier 2
rRJF-2026-07-01-1,rRJF,RJF,2026-07-01,0.5400000000000000,UNRESOLVED,GROSS,2,,0.54,,,0.54 ex 2026-04-01,yahoo_realised: 0.54 ex 2026-07-01 (third-party),tier 2
rRITM-2026-07-02-1,rRITM,RITM,2026-07-02,0.2500000000000000,UNRESOLVED,GROSS,2,,0.25,,,0.25 ex 2026-04-06,yahoo_realised: 0.25 ex 2026-07-02 (third-party),tier 2
rROP-2026-07-08-1,rROP,ROP,2026-07-08,0.9100000000000000,UNRESOLVED,GROSS,2,0.91,0.91,,,0.91 ex 2026-04-06,nasdaq_declared: 0.91 ex 2026-07-08 declared N/A (third-party); yahoo_realised: 0.91 ex 2026-07-08 (third-party),tier 2
rRPM-2026-07-14-1,rRPM,RPM,2026-07-14,0.5400000000000000,UNRESOLVED,GROSS,2,,0.54,,,0.54 ex 2026-04-16,yahoo_realised: 0.54 ex 2026-07-14 (third-party),tier 2
rROL-2026-08-10-1,rROL,ROL,2026-08-10,0.1825000000000000,UNRESOLVED,GROSS,2,,0.183,,,0.183 ex 2026-05-11,yahoo_realised: 0.183 ex 2026-08-10 (third-party),tier 2
rRIO-2026-08-14-1,rRIO,RIO,2026-08-14,2.1100000000000000,UNRESOLVED,GROSS,2,,2.11,,,2.54 ex 2026-03-06,yahoo_realised: 2.11 ex 2026-08-14 (third-party),tier 2
rRPRX-2026-08-14-1,rRPRX,RPRX,2026-08-14,0.2350000000000000,UNRESOLVED,GROSS,2,0.235,0.235,,,0.235 ex 2026-05-15,nasdaq_declared: 0.235 ex 2026-08-14 declared 07/17/2026 (third-party); yahoo_realised: 0.235 ex 2026-08-14 (third-party),tier 2
rROK-2026-08-17-1,rROK,ROK,2026-08-17,1.3800000000000000,UNRESOLVED,GROSS,2,,1.38,,,1.38 ex 2026-05-18,yahoo_realised: 1.38 ex 2026-08-17 (third-party),tier 2
rRMD-2026-08-20-1,rRMD,RMD,2026-08-20,0.6600000000000000,UNRESOLVED,GROSS,2,,0.66,,,0.6 ex 2026-05-14,yahoo_realised: 0.66 ex 2026-08-20 (third-party),tier 2
rRLI-2026-08-31-1,rRLI,RLI,2026-08-31,0.1800000000000000,UNRESOLVED,GROSS,2,,0.18,,,2.18 ex 2026-05-29,yahoo_realised: 0.18 ex 2026-08-31 (third-party),tier 2
rROST-2026-09-08-1,rROST,ROST,2026-09-08,0.4450000000000000,UNRESOLVED,GROSS,2,0.445,0.445,,,0.445 ex 2026-06-09,nasdaq_declared: 0.445 ex 2026-09-08 declared 08/19/2026 (third-party); yahoo_realised: 0.445 ex 2026-09-08 (third-party),tier 2
rRNR-2026-09-15-1,rRNR,RNR,2026-09-15,0.4100000000000000,UNRESOLVED,GROSS,2,,0.41,,,0.41 ex 2026-06-15,yahoo_realised: 0.41 ex 2026-09-15 (third-party),tier 2
rRL-2026-09-25-1,rRL,RL,2026-09-25,1.0000000000000000,UNRESOLVED,UNRESOLVED,,,,,2026-09-25,1.0 ex 2026-06-26,yahoo_calendar: announced next ex-date 2026-09-25 (third-party); prior realised 1.0 ex 2026-06-26 equals amount (ASSUMED unchanged),no issuer row at ex-date; tier 3 needs first-party amount corroboration
rRHP-2026-09-30-1,rRHP,RHP,2026-09-30,1.2000000000000000,UNRESOLVED,UNRESOLVED,,,,,2026-09-30,1.2 ex 2026-06-30,yahoo_calendar: announced next ex-date 2026-09-30 (third-party); prior realised 1.2 ex 2026-06-30 equals amount (ASSUMED unchanged),no issuer row at ex-date; tier 3 needs first-party amount corroboration
rRJF-2026-10-01-1,rRJF,RJF,2026-10-01,0.5400000000000000,UNRESOLVED,UNRESOLVED,,,,,2026-10-01,0.54 ex 2026-07-01,yahoo_calendar: announced next ex-date 2026-10-01 (third-party); prior realised 0.54 ex 2026-07-01 equals amount (ASSUMED unchanged),no issuer row at ex-date; tier 3 needs first-party amount corroboration
rROP-2026-10-02-1,rROP,ROP,2026-10-02,0.9100000000000000,UNRESOLVED,GROSS,2,0.91,,,,0.91 ex 2026-07-08,nasdaq_declared: 0.91 ex 2026-10-02 declared 08/06/2026 (third-party),tier 2
rRRC-2026-06-12-1,rRRC,RRC,2026-06-12,0.1000000000000000,UNRESOLVED,GROSS,2,,0.1,,,0.1 ex 2026-03-13,yahoo_realised: 0.1 ex 2026-06-12 (third-party),tier 2
rRRR-2026-06-15-1,rRRR,RRR,2026-06-15,0.2600000000000000,UNRESOLVED,GROSS,2,0.26,0.26,,,0.26 ex 2026-03-16,nasdaq_declared: 0.26 ex 2026-06-15 declared 04/29/2026 (third-party); yahoo_realised: 0.26 ex 2026-06-15 (third-party),tier 2
rRYN-2026-06-16-1,rRYN,RYN,2026-06-16,0.2600000000000000,UNRESOLVED,GROSS,2,,0.26,,,0.26 ex 2026-03-17,yahoo_realised: 0.26 ex 2026-06-16 (third-party),tier 2
rRRX-2026-06-30-1,rRRX,RRX,2026-06-30,0.3500000000000000,UNRESOLVED,GROSS,2,,0.35,,,0.35 ex 2026-03-31,yahoo_realised: 0.35 ex 2026-06-30 (third-party),tier 2
rRSG-2026-07-02-1,rRSG,RSG,2026-07-02,0.6250000000000000,UNRESOLVED,GROSS,2,,0.625,,,0.625 ex 2026-04-02,yahoo_realised: 0.625 ex 2026-07-02 (third-party),tier 2
rSAIC-2026-07-10-1,rSAIC,SAIC,2026-07-10,0.3700000000000000,UNRESOLVED,GROSS,2,0.37,0.37,,,0.37 ex 2026-04-10,nasdaq_declared: 0.37 ex 2026-07-10 declared N/A (third-party); yahoo_realised: 0.37 ex 2026-07-10 (third-party),tier 2
rRVTY-2026-07-17-1,rRVTY,RVTY,2026-07-17,0.0700000000000000,UNRESOLVED,GROSS,2,,0.07,,,0.07 ex 2026-04-17,yahoo_realised: 0.07 ex 2026-07-17 (third-party),tier 2
rRYAN-2026-08-11-1,rRYAN,RYAN,2026-08-11,0.1300000000000000,UNRESOLVED,GROSS,2,,0.13,,,0.13 ex 2026-05-12,yahoo_realised: 0.13 ex 2026-08-11 (third-party),tier 2
rRS-2026-08-14-1,rRS,RS,2026-08-14,1.2500000000000000,UNRESOLVED,GROSS,2,,1.25,,,1.25 ex 2026-05-22,yahoo_realised: 1.25 ex 2026-08-14 (third-party),tier 2
rRTO-2026-08-14-1,rRTO,RTO,2026-08-14,0.1792000000000000,UNRESOLVED,UNRESOLVED,,,0.224,,,0.412 ex 2026-04-10,,amount conflict: yahoo_realised 0.224 vs Reality 0.1792000000000000 (ratio 0.800)
rRTX-2026-08-14-1,rRTX,RTX,2026-08-14,0.7300000000000000,UNRESOLVED,GROSS,2,,0.73,,,0.73 ex 2026-05-22,yahoo_realised: 0.73 ex 2026-08-14 (third-party),tier 2
rRUSHA-2026-09-01-1,rRUSHA,RUSHA,2026-09-01,,UNRESOLVED,UNRESOLVED,,,,,,,,not a cash dividend
rRUSHB-2026-09-01-1,rRUSHB,RUSHB,2026-09-01,,UNRESOLVED,UNRESOLVED,,,,,,,,not a cash dividend
rRUSHA-2026-09-09-1,rRUSHA,RUSHA,2026-09-09,0.1400000000000000,UNRESOLVED,GROSS,2,0.14,0.14,,,0.126667 ex 2026-05-12,nasdaq_declared: 0.14 ex 2026-09-09 declared 07/28/2026 (third-party); yahoo_realised: 0.14 ex 2026-09-09 (third-party),tier 2
rRUSHB-2026-09-09-1,rRUSHB,RUSHB,2026-09-09,0.1400000000000000,UNRESOLVED,GROSS,2,0.14,0.14,,,0.126667 ex 2026-05-12,nasdaq_declared: 0.14 ex 2026-09-09 declared 07/28/2026 (third-party); yahoo_realised: 0.14 ex 2026-09-09 (third-party),tier 2
rRRC-2026-09-11-1,rRRC,RRC,2026-09-11,0.1000000000000000,UNRESOLVED,GROSS,2,,0.1,,,0.1 ex 2026-06-12,yahoo_realised: 0.1 ex 2026-09-11 (third-party),tier 2
rRRR-2026-09-15-1,rRRR,RRR,2026-09-15,0.2600000000000000,UNRESOLVED,GROSS,2,0.26,0.26,,,0.26 ex 2026-06-15,nasdaq_declared: 0.26 ex 2026-09-15 declared 08/04/2026 (third-party); yahoo_realised: 0.26 ex 2026-09-15 (third-party),tier 2
rRYN-2026-09-16-1,rRYN,RYN,2026-09-16,0.2600000000000000,UNRESOLVED,GROSS,2,,0.26,,,0.26 ex 2026-06-16,yahoo_realised: 0.26 ex 2026-09-16 (third-party),tier 2
rRRX-2026-09-30-1,rRRX,RRX,2026-09-30,0.3500000000000000,UNRESOLVED,UNRESOLVED,,,,,2026-09-30,0.35 ex 2026-06-30,yahoo_calendar: announced next ex-date 2026-09-30 (third-party); prior realised 0.35 ex 2026-06-30 equals amount (ASSUMED unchanged),no issuer row at ex-date; tier 3 needs first-party amount corroboration
rRSG-2026-10-02-1,rRSG,RSG,2026-10-02,0.6700000000000000,UNRESOLVED,UNRESOLVED,,,,,2026-10-02,0.625 ex 2026-07-02,yahoo_calendar: announced next ex-date 2026-10-02 (third-party),"no issuer row at ex-date; tier 3 needs first-party amount corroboration, prior-period amount"
rSAIC-2026-10-09-1,rSAIC,SAIC,2026-10-09,0.3700000000000000,UNRESOLVED,GROSS,2,0.37,,,,0.37 ex 2026-07-10,nasdaq_declared: 0.37 ex 2026-10-09 declared N/A (third-party),tier 2
rRVTY-2026-10-23-1,rRVTY,RVTY,2026-10-23,0.0700000000000000,UNRESOLVED,UNRESOLVED,,,,,2026-10-23,0.07 ex 2026-07-17,yahoo_calendar: announced next ex-date 2026-10-23 (third-party); prior realised 0.07 ex 2026-07-17 equals amount (ASSUMED unchanged),no issuer row at ex-date; tier 3 needs first-party amount corroboration
rSATA-2026-06-01-1,rSATA,SATA,2026-06-01,1.0833000000000000,UNRESOLVED,GROSS,2,1.0833,1.083,,,1.083 ex 2026-05-01,nasdaq_declared: 1.0833 ex 2026-06-01 declared 05/13/2026 (third-party); yahoo_realised: 1.083 ex 2026-06-01 (third-party),tier 2
rSF-2026-06-01-1,rSF,SF,2026-06-01,0.3400000000000000,UNRESOLVED,GROSS,2,,0.34,,,0.34 ex 2026-03-02,yahoo_realised: 0.34 ex 2026-06-01 (third-party),tier 2
rSGOV-2026-06-01-1,rSGOV,SGOV,2026-06-01,0.2994920000000000,UNRESOLVED,GROSS,2,,0.299,,,0.298 ex 2026-05-01,yahoo_realised: 0.299 ex 2026-06-01 (third-party),tier 2
rSEI-2026-06-02-1,rSEI,SEI,2026-06-02,0.1200000000000000,UNRESOLVED,GROSS,2,,0.12,,,0.12 ex 2026-03-10,yahoo_realised: 0.12 ex 2026-06-02 (third-party),tier 2
rSEIC-2026-06-08-1,rSEIC,SEIC,2026-06-08,0.5200000000000000,UNRESOLVED,GROSS,2,0.52,0.52,,,0.52 ex 2025-12-29,nasdaq_declared: 0.52 ex 2026-06-08 declared 05/27/2026 (third-party); yahoo_realised: 0.52 ex 2026-06-08 (third-party),tier 2
rSATA-2026-06-15-1,rSATA,SATA,2026-06-15,0.0542000000000000,UNRESOLVED,GROSS,2,0.0542,0.054,,,1.083 ex 2026-06-01,nasdaq_declared: 0.0542 ex 2026-06-15 declared 05/13/2026 (third-party); yahoo_realised: 0.054 ex 2026-06-15 (third-party),tier 2
rSCI-2026-06-15-1,rSCI,SCI,2026-06-15,0.3600000000000000,UNRESOLVED,GROSS,2,,0.36,,,0.34 ex 2026-03-13,yahoo_realised: 0.36 ex 2026-06-15 (third-party),tier 2
rSATA-2026-06-16-1,rSATA,SATA,2026-06-16,0.0542000000000000,UNRESOLVED,GROSS,2,0.0542,,,,0.054 ex 2026-06-15,nasdaq_declared: 0.0542 ex 2026-06-16 declared 05/13/2026 (third-party),tier 2
rSATA-2026-06-17-1,rSATA,SATA,2026-06-17,0.0542000000000000,UNRESOLVED,GROSS,2,0.0542,,,,0.054 ex 2026-06-15,nasdaq_declared: 0.0542 ex 2026-06-17 declared 05/13/2026 (third-party),tier 2
rSATA-2026-06-18-1,rSATA,SATA,2026-06-18,0.0542000000000000,UNRESOLVED,GROSS,2,0.0542,0.054,,,0.054 ex 2026-06-15,nasdaq_declared: 0.0542 ex 2026-06-18 declared 05/13/2026 (third-party); yahoo_realised: 0.054 ex 2026-06-18 (third-party),tier 2
rSATA-2026-06-22-1,rSATA,SATA,2026-06-22,0.0542000000000000,UNRESOLVED,GROSS,2,0.0542,0.054,,,0.054 ex 2026-06-18,nasdaq_declared: 0.0542 ex 2026-06-22 declared 05/13/2026 (third-party); yahoo_realised: 0.054 ex 2026-06-22 (third-party),tier 2
rSATA-2026-06-23-1,rSATA,SATA,2026-06-23,0.0542000000000000,UNRESOLVED,GROSS,2,0.0542,0.054,,,0.054 ex 2026-06-22,nasdaq_declared: 0.0542 ex 2026-06-23 declared 05/13/2026 (third-party); yahoo_realised: 0.054 ex 2026-06-23 (third-party),tier 2
rSGHC-2026-06-23-1,rSGHC,SGHC,2026-06-23,0.0500000000000000,UNRESOLVED,GROSS,2,,0.05,,,0.05 ex 2026-03-16,yahoo_realised: 0.05 ex 2026-06-23 (third-party),tier 2
rSATA-2026-06-24-1,rSATA,SATA,2026-06-24,0.0542000000000000,UNRESOLVED,GROSS,2,0.0542,0.054,,,0.054 ex 2026-06-23,nasdaq_declared: 0.0542 ex 2026-06-24 declared 05/13/2026 (third-party); yahoo_realised: 0.054 ex 2026-06-24 (third-party),tier 2
rSCHD-2026-06-24-1,rSCHD,SCHD,2026-06-24,0.2525000000000000,GROSS,GROSS,1,,,,,,bitget_notice_2026_07_24: amount and ex-date match; 30% withholding DOCUMENTED,tier 1: 2026-07-24 notice match (builder rule)
rSATA-2026-06-25-1,rSATA,SATA,2026-06-25,0.0542000000000000,UNRESOLVED,GROSS,2,0.0542,0.054,,,0.054 ex 2026-06-24,nasdaq_declared: 0.0542 ex 2026-06-25 declared 05/13/2026 (third-party); yahoo_realised: 0.054 ex 2026-06-25 (third-party),tier 2
rSATA-2026-06-26-1,rSATA,SATA,2026-06-26,0.0542000000000000,UNRESOLVED,GROSS,2,0.0542,0.054,,,0.054 ex 2026-06-25,nasdaq_declared: 0.0542 ex 2026-06-26 declared 05/13/2026 (third-party); yahoo_realised: 0.054 ex 2026-06-26 (third-party),tier 2
rSATA-2026-06-29-1,rSATA,SATA,2026-06-29,0.0542000000000000,UNRESOLVED,GROSS,2,0.0542,0.054,,,0.054 ex 2026-06-26,nasdaq_declared: 0.0542 ex 2026-06-29 declared 05/13/2026 (third-party); yahoo_realised: 0.054 ex 2026-06-29 (third-party),tier 2
rSATA-2026-06-30-1,rSATA,SATA,2026-06-30,0.0493000000000000,UNRESOLVED,GROSS,2,0.0493,0.049,,,0.054 ex 2026-06-29,nasdaq_declared: 0.0493 ex 2026-06-30 declared 06/13/2026 (third-party); yahoo_realised: 0.049 ex 2026-06-30 (third-party),tier 2
rSATA-2026-07-01-1,rSATA,SATA,2026-07-01,0.0493000000000000,UNRESOLVED,GROSS,2,0.0493,0.049,,,0.049 ex 2026-06-30,nasdaq_declared: 0.0493 ex 2026-07-01 declared 06/13/2026 (third-party); yahoo_realised: 0.049 ex 2026-07-01 (third-party),tier 2
rSFBS-2026-07-01-1,rSFBS,SFBS,2026-07-01,0.3800000000000000,UNRESOLVED,UNRESOLVED,,,0.19,,,0.19 ex 2026-04-01,,amount conflict: yahoo_realised 0.19 vs Reality 0.3800000000000000 (ratio 2.000)
rSGOV-2026-07-01-1,rSGOV,SGOV,2026-07-01,0.2957650000000000,GROSS,GROSS,1,,,,,,bitget_notice_2026_07_24: amount and ex-date match; 30% withholding DOCUMENTED,tier 1: 2026-07-24 notice match (builder rule)
rSATA-2026-07-02-1,rSATA,SATA,2026-07-02,0.0493000000000000,UNRESOLVED,GROSS,2,0.0493,0.049,,,0.049 ex 2026-07-01,nasdaq_declared: 0.0493 ex 2026-07-02 declared 06/13/2026 (third-party); yahoo_realised: 0.049 ex 2026-07-02 (third-party),tier 2
rSATA-2026-07-06-1,rSATA,SATA,2026-07-06,0.0493000000000000,UNRESOLVED,GROSS,2,0.0493,0.049,,,0.049 ex 2026-07-02,nasdaq_declared: 0.0493 ex 2026-07-06 declared 06/13/2026 (third-party); yahoo_realised: 0.049 ex 2026-07-06 (third-party),tier 2
rSATA-2026-07-07-1,rSATA,SATA,2026-07-07,0.0493000000000000,UNRESOLVED,GROSS,2,0.0493,0.049,,,0.049 ex 2026-07-06,nasdaq_declared: 0.0493 ex 2026-07-07 declared 06/13/2026 (third-party); yahoo_realised: 0.049 ex 2026-07-07 (third-party),tier 2
rSATA-2026-07-08-1,rSATA,SATA,2026-07-08,0.0493000000000000,UNRESOLVED,GROSS,2,0.0493,0.049,,,0.049 ex 2026-07-07,nasdaq_declared: 0.0493 ex 2026-07-08 declared 06/13/2026 (third-party); yahoo_realised: 0.049 ex 2026-07-08 (third-party),tier 2
rSATA-2026-07-09-1,rSATA,SATA,2026-07-09,0.0493000000000000,GROSS,GROSS,1,,,,,,bitget_notice_2026_07_24: amount and ex-date match; 30% withholding DOCUMENTED,tier 1: 2026-07-24 notice match (builder rule)
rSATA-2026-07-10-1,rSATA,SATA,2026-07-10,0.0493000000000000,GROSS,GROSS,1,,,,,,bitget_notice_2026_07_24: amount and ex-date match; 30% withholding DOCUMENTED,tier 1: 2026-07-24 notice match (builder rule)
rSATA-2026-07-13-1,rSATA,SATA,2026-07-13,0.0493000000000000,GROSS,GROSS,1,,,,,,bitget_notice_2026_07_24: amount and ex-date match; 30% withholding DOCUMENTED,tier 1: 2026-07-24 notice match (builder rule)
rSATA-2026-07-14-1,rSATA,SATA,2026-07-14,0.0493000000000000,GROSS,GROSS,1,,,,,,bitget_notice_2026_07_24: amount and ex-date match; 30% withholding DOCUMENTED,tier 1: 2026-07-24 notice match (builder rule)
rSATA-2026-07-15-1,rSATA,SATA,2026-07-15,0.0493000000000000,UNRESOLVED,GROSS,2,0.0493,0.049,,,0.049 ex 2026-07-14,nasdaq_declared: 0.0493 ex 2026-07-15 declared 06/13/2026 (third-party); yahoo_realised: 0.049 ex 2026-07-15 (third-party),tier 2
rSATA-2026-07-16-1,rSATA,SATA,2026-07-16,0.0493000000000000,UNRESOLVED,GROSS,2,0.0493,0.049,,,0.049 ex 2026-07-15,nasdaq_declared: 0.0493 ex 2026-07-16 declared 06/13/2026 (third-party); yahoo_realised: 0.049 ex 2026-07-16 (third-party),tier 2
rSATA-2026-07-17-1,rSATA,SATA,2026-07-17,0.0493000000000000,UNRESOLVED,GROSS,2,0.0493,0.049,,,0.049 ex 2026-07-16,nasdaq_declared: 0.0493 ex 2026-07-17 declared 06/13/2026 (third-party); yahoo_realised: 0.049 ex 2026-07-17 (third-party),tier 2
rSATA-2026-07-20-1,rSATA,SATA,2026-07-20,0.0493000000000000,UNRESOLVED,GROSS,2,0.0493,0.049,,,0.049 ex 2026-07-17,nasdaq_declared: 0.0493 ex 2026-07-20 declared 06/13/2026 (third-party); yahoo_realised: 0.049 ex 2026-07-20 (third-party),tier 2
rSATA-2026-07-21-1,rSATA,SATA,2026-07-21,0.0493000000000000,GROSS,GROSS,1,,,,,,bitget_notice_2026_07_24: amount and ex-date match; 30% withholding DOCUMENTED,tier 1: 2026-07-24 notice match (builder rule)
rSATA-2026-07-22-1,rSATA,SATA,2026-07-22,0.0493000000000000,UNRESOLVED,GROSS,2,0.0493,0.049,,,0.049 ex 2026-07-21,nasdaq_declared: 0.0493 ex 2026-07-22 declared 06/13/2026 (third-party); yahoo_realised: 0.049 ex 2026-07-22 (third-party),tier 2
rSATA-2026-07-23-1,rSATA,SATA,2026-07-23,0.0493000000000000,UNRESOLVED,GROSS,2,0.0493,0.049,,,0.049 ex 2026-07-22,nasdaq_declared: 0.0493 ex 2026-07-23 declared 06/13/2026 (third-party); yahoo_realised: 0.049 ex 2026-07-23 (third-party),tier 2
rSATA-2026-07-24-1,rSATA,SATA,2026-07-24,0.0493000000000000,UNRESOLVED,GROSS,2,0.0493,0.049,,,0.049 ex 2026-07-23,nasdaq_declared: 0.0493 ex 2026-07-24 declared 06/13/2026 (third-party); yahoo_realised: 0.049 ex 2026-07-24 (third-party),tier 2
rSATA-2026-07-27-1,rSATA,SATA,2026-07-27,0.0493000000000000,UNRESOLVED,GROSS,2,0.0493,0.049,,,0.049 ex 2026-07-24,nasdaq_declared: 0.0493 ex 2026-07-27 declared 06/13/2026 (third-party); yahoo_realised: 0.049 ex 2026-07-27 (third-party),tier 2
rSATA-2026-07-28-1,rSATA,SATA,2026-07-28,0.0493000000000000,UNRESOLVED,GROSS,2,0.0493,0.049,,,0.049 ex 2026-07-27,nasdaq_declared: 0.0493 ex 2026-07-28 declared 06/13/2026 (third-party); yahoo_realised: 0.049 ex 2026-07-28 (third-party),tier 2
rSATA-2026-07-29-1,rSATA,SATA,2026-07-29,0.0493000000000000,UNRESOLVED,GROSS,2,0.0493,0.049,,,0.049 ex 2026-07-28,nasdaq_declared: 0.0493 ex 2026-07-29 declared 06/13/2026 (third-party); yahoo_realised: 0.049 ex 2026-07-29 (third-party),tier 2
rSATA-2026-07-30-1,rSATA,SATA,2026-07-30,0.0493000000000000,UNRESOLVED,GROSS,2,0.0493,0.049,,,0.049 ex 2026-07-29,nasdaq_declared: 0.0493 ex 2026-07-30 declared 06/13/2026 (third-party); yahoo_realised: 0.049 ex 2026-07-30 (third-party),tier 2
rSATA-2026-07-31-1,rSATA,SATA,2026-07-31,0.0516000000000000,UNRESOLVED,GROSS,2,0.0516,0.052,,,0.049 ex 2026-07-30,nasdaq_declared: 0.0516 ex 2026-07-31 declared 07/14/2026 (third-party); yahoo_realised: 0.052 ex 2026-07-31 (third-party),tier 2
rSATA-2026-08-03-1,rSATA,SATA,2026-08-03,0.0516000000000000,UNRESOLVED,GROSS,2,0.0516,0.052,,,0.052 ex 2026-07-31,nasdaq_declared: 0.0516 ex 2026-08-03 declared 07/14/2026 (third-party); yahoo_realised: 0.052 ex 2026-08-03 (third-party),tier 2
rSGOV-2026-08-03-1,rSGOV,SGOV,2026-08-03,0.3068119900000000,UNRESOLVED,GROSS,2,,0.307,,,0.296 ex 2026-07-01,yahoo_realised: 0.307 ex 2026-08-03 (third-party),tier 2
rSATA-2026-08-04-1,rSATA,SATA,2026-08-04,0.0516000000000000,UNRESOLVED,GROSS,2,0.0516,0.052,,,0.052 ex 2026-08-03,nasdaq_declared: 0.0516 ex 2026-08-04 declared 07/14/2026 (third-party); yahoo_realised: 0.052 ex 2026-08-04 (third-party),tier 2
rSATA-2026-08-05-1,rSATA,SATA,2026-08-05,0.0516000000000000,UNRESOLVED,GROSS,2,0.0516,0.052,,,0.052 ex 2026-08-04,nasdaq_declared: 0.0516 ex 2026-08-05 declared 07/14/2026 (third-party); yahoo_realised: 0.052 ex 2026-08-05 (third-party),tier 2
rSATA-2026-08-06-1,rSATA,SATA,2026-08-06,0.0516000000000000,UNRESOLVED,GROSS,2,0.0516,0.052,,,0.052 ex 2026-08-05,nasdaq_declared: 0.0516 ex 2026-08-06 declared 07/14/2026 (third-party); yahoo_realised: 0.052 ex 2026-08-06 (third-party),tier 2
rSATA-2026-08-07-1,rSATA,SATA,2026-08-07,0.0516000000000000,UNRESOLVED,GROSS,2,0.0516,0.052,,,0.052 ex 2026-08-06,nasdaq_declared: 0.0516 ex 2026-08-07 declared 07/14/2026 (third-party); yahoo_realised: 0.052 ex 2026-08-07 (third-party),tier 2
rSATA-2026-08-10-1,rSATA,SATA,2026-08-10,0.0516000000000000,UNRESOLVED,GROSS,2,0.0516,0.052,,,0.052 ex 2026-08-07,nasdaq_declared: 0.0516 ex 2026-08-10 declared 07/14/2026 (third-party); yahoo_realised: 0.052 ex 2026-08-10 (third-party),tier 2
rSATA-2026-08-11-1,rSATA,SATA,2026-08-11,0.0516000000000000,UNRESOLVED,GROSS,2,0.0516,0.052,,,0.052 ex 2026-08-10,nasdaq_declared: 0.0516 ex 2026-08-11 declared 07/14/2026 (third-party); yahoo_realised: 0.052 ex 2026-08-11 (third-party),tier 2
rSCCO-2026-08-11-1,rSCCO,SCCO,2026-08-11,1.1000000000000000,UNRESOLVED,UNRESOLVED,,,1.087,,,0.978261 ex 2026-05-13,,amount conflict: yahoo_realised 1.087 vs Reality 1.1000000000000000 (ratio 1.012)
rSCCO-2026-08-11-2,rSCCO,SCCO,2026-08-11,,UNRESOLVED,UNRESOLVED,,,,,,,,not a cash dividend
rSATA-2026-08-12-1,rSATA,SATA,2026-08-12,0.0516000000000000,UNRESOLVED,GROSS,2,0.0516,0.052,,,0.052 ex 2026-08-11,nasdaq_declared: 0.0516 ex 2026-08-12 declared 07/14/2026 (third-party); yahoo_realised: 0.052 ex 2026-08-12 (third-party),tier 2
rSATA-2026-08-13-1,rSATA,SATA,2026-08-13,0.0516000000000000,UNRESOLVED,GROSS,2,0.0516,0.052,,,0.052 ex 2026-08-12,nasdaq_declared: 0.0516 ex 2026-08-13 declared 07/14/2026 (third-party); yahoo_realised: 0.052 ex 2026-08-13 (third-party),tier 2
rSFD-2026-08-13-1,rSFD,SFD,2026-08-13,0.3125000000000000,UNRESOLVED,GROSS,2,0.3125,0.313,,,0.313 ex 2026-05-14,nasdaq_declared: 0.3125 ex 2026-08-13 declared 07/30/2026 (third-party); yahoo_realised: 0.313 ex 2026-08-13 (third-party),tier 2
rSATA-2026-08-14-1,rSATA,SATA,2026-08-14,0.0516000000000000,UNRESOLVED,GROSS,2,0.0516,0.052,,,0.052 ex 2026-08-13,nasdaq_declared: 0.0516 ex 2026-08-14 declared 07/14/2026 (third-party); yahoo_realised: 0.052 ex 2026-08-14 (third-party),tier 2
rSBRA-2026-08-14-1,rSBRA,SBRA,2026-08-14,0.3000000000000000,UNRESOLVED,GROSS,2,0.30,0.3,,,0.3 ex 2026-05-15,nasdaq_declared: 0.30 ex 2026-08-14 declared 08/03/2026 (third-party); yahoo_realised: 0.3 ex 2026-08-14 (third-party),tier 2
rSBUX-2026-08-14-1,rSBUX,SBUX,2026-08-14,0.6200000000000000,UNRESOLVED,GROSS,2,0.62,0.62,,,0.62 ex 2026-05-15,nasdaq_declared: 0.62 ex 2026-08-14 declared 06/10/2026 (third-party); yahoo_realised: 0.62 ex 2026-08-14 (third-party),tier 2
rSCHW-2026-08-14-1,rSCHW,SCHW,2026-08-14,0.3200000000000000,UNRESOLVED,GROSS,2,,0.32,,,0.32 ex 2026-05-08,yahoo_realised: 0.32 ex 2026-08-14 (third-party),tier 2
rSEB-2026-08-14-1,rSEB,SEB,2026-08-14,2.2500000000000000,UNRESOLVED,GROSS,2,,2.25,,,2.25 ex 2026-05-15,yahoo_realised: 2.25 ex 2026-08-14 (third-party),tier 2
rSATA-2026-08-17-1,rSATA,SATA,2026-08-17,0.0516000000000000,UNRESOLVED,GROSS,2,0.0516,0.052,,,0.052 ex 2026-08-14,nasdaq_declared: 0.0516 ex 2026-08-17 declared 07/14/2026 (third-party); yahoo_realised: 0.052 ex 2026-08-17 (third-party),tier 2
rSATA-2026-08-18-1,rSATA,SATA,2026-08-18,0.0516000000000000,UNRESOLVED,GROSS,2,0.0516,0.052,,,0.052 ex 2026-08-17,nasdaq_declared: 0.0516 ex 2026-08-18 declared 07/14/2026 (third-party); yahoo_realised: 0.052 ex 2026-08-18 (third-party),tier 2
rSATA-2026-08-19-1,rSATA,SATA,2026-08-19,0.0516000000000000,UNRESOLVED,GROSS,2,0.0516,0.052,,,0.052 ex 2026-08-18,nasdaq_declared: 0.0516 ex 2026-08-19 declared 07/14/2026 (third-party); yahoo_realised: 0.052 ex 2026-08-19 (third-party),tier 2
rSATA-2026-08-20-1,rSATA,SATA,2026-08-20,0.0516000000000000,UNRESOLVED,GROSS,2,0.0516,0.052,,,0.052 ex 2026-08-19,nasdaq_declared: 0.0516 ex 2026-08-20 declared 07/14/2026 (third-party); yahoo_realised: 0.052 ex 2026-08-20 (third-party),tier 2
rSBAC-2026-08-20-1,rSBAC,SBAC,2026-08-20,1.2500000000000000,UNRESOLVED,GROSS,2,1.25,1.25,,,1.25 ex 2026-05-22,nasdaq_declared: 1.25 ex 2026-08-20 declared 08/02/2026 (third-party); yahoo_realised: 1.25 ex 2026-08-20 (third-party),tier 2
rSGI-2026-08-20-1,rSGI,SGI,2026-08-20,0.1700000000000000,UNRESOLVED,GROSS,2,,0.17,,,0.17 ex 2026-05-21,yahoo_realised: 0.17 ex 2026-08-20 (third-party),tier 2
rSATA-2026-08-21-1,rSATA,SATA,2026-08-21,0.0516000000000000,UNRESOLVED,GROSS,2,0.0516,0.052,,,0.052 ex 2026-08-20,nasdaq_declared: 0.0516 ex 2026-08-21 declared 07/14/2026 (third-party); yahoo_realised: 0.052 ex 2026-08-21 (third-party),tier 2
rSFBS-2026-08-21-1,rSFBS,SFBS,2026-08-21,,UNRESOLVED,UNRESOLVED,,,,,,,,not a cash dividend
rSATA-2026-08-24-1,rSATA,SATA,2026-08-24,0.0516000000000000,UNRESOLVED,GROSS,2,0.0516,0.052,,,0.052 ex 2026-08-21,nasdaq_declared: 0.0516 ex 2026-08-24 declared 07/14/2026 (third-party); yahoo_realised: 0.052 ex 2026-08-24 (third-party),tier 2
rSATA-2026-08-25-1,rSATA,SATA,2026-08-25,0.0516000000000000,UNRESOLVED,GROSS,2,0.0516,0.052,,,0.052 ex 2026-08-24,nasdaq_declared: 0.0516 ex 2026-08-25 declared 07/14/2026 (third-party); yahoo_realised: 0.052 ex 2026-08-25 (third-party),tier 2
rSATA-2026-08-26-1,rSATA,SATA,2026-08-26,0.0516000000000000,UNRESOLVED,GROSS,2,0.0516,0.052,,,0.052 ex 2026-08-25,nasdaq_declared: 0.0516 ex 2026-08-26 declared 07/14/2026 (third-party); yahoo_realised: 0.052 ex 2026-08-26 (third-party),tier 2
rSATA-2026-08-27-1,rSATA,SATA,2026-08-27,0.0516000000000000,UNRESOLVED,GROSS,2,0.0516,0.052,,,0.052 ex 2026-08-26,nasdaq_declared: 0.0516 ex 2026-08-27 declared 07/14/2026 (third-party); yahoo_realised: 0.052 ex 2026-08-27 (third-party),tier 2
rSATA-2026-08-28-1,rSATA,SATA,2026-08-28,0.0516000000000000,UNRESOLVED,GROSS,2,0.0516,0.052,,,0.052 ex 2026-08-27,nasdaq_declared: 0.0516 ex 2026-08-28 declared 07/14/2026 (third-party); yahoo_realised: 0.052 ex 2026-08-28 (third-party),tier 2
rSATA-2026-08-31-1,rSATA,SATA,2026-08-31,0.0516000000000000,UNRESOLVED,GROSS,2,0.0516,0.052,,,0.052 ex 2026-08-28,nasdaq_declared: 0.0516 ex 2026-08-31 declared 08/13/2026 (third-party); yahoo_realised: 0.052 ex 2026-08-31 (third-party),tier 2
rSATA-2026-09-01-1,rSATA,SATA,2026-09-01,0.0516000000000000,UNRESOLVED,GROSS,2,0.0516,0.052,,,0.052 ex 2026-08-31,nasdaq_declared: 0.0516 ex 2026-09-01 declared 08/13/2026 (third-party); yahoo_realised: 0.052 ex 2026-09-01 (third-party),tier 2
rSF-2026-09-01-1,rSF,SF,2026-09-01,0.3400000000000000,UNRESOLVED,GROSS,2,,0.34,,,0.34 ex 2026-06-01,yahoo_realised: 0.34 ex 2026-09-01 (third-party),tier 2
rSGOV-2026-09-01-1,rSGOV,SGOV,2026-09-01,0.3070980000000000,UNRESOLVED,GROSS,2,,0.307,,,0.307 ex 2026-08-03,yahoo_realised: 0.307 ex 2026-09-01 (third-party),tier 2
rSATA-2026-09-02-1,rSATA,SATA,2026-09-02,0.0516000000000000,UNRESOLVED,GROSS,2,0.0516,0.052,,,0.052 ex 2026-09-01,nasdaq_declared: 0.0516 ex 2026-09-02 declared 08/13/2026 (third-party); yahoo_realised: 0.052 ex 2026-09-02 (third-party),tier 2
rSATA-2026-09-03-1,rSATA,SATA,2026-09-03,0.0516000000000000,UNRESOLVED,GROSS,2,0.0516,0.052,,,0.052 ex 2026-09-02,nasdaq_declared: 0.0516 ex 2026-09-03 declared 08/13/2026 (third-party); yahoo_realised: 0.052 ex 2026-09-03 (third-party),tier 2
rSATA-2026-09-04-1,rSATA,SATA,2026-09-04,0.0516000000000000,UNRESOLVED,GROSS,2,0.0516,0.052,,,0.052 ex 2026-09-03,nasdaq_declared: 0.0516 ex 2026-09-04 declared 08/13/2026 (third-party); yahoo_realised: 0.052 ex 2026-09-04 (third-party),tier 2
rSATA-2026-09-08-1,rSATA,SATA,2026-09-08,0.0516000000000000,UNRESOLVED,GROSS,2,0.0516,0.052,,,0.052 ex 2026-09-04,nasdaq_declared: 0.0516 ex 2026-09-08 declared 08/13/2026 (third-party); yahoo_realised: 0.052 ex 2026-09-08 (third-party),tier 2
rSATA-2026-09-09-1,rSATA,SATA,2026-09-09,0.0516000000000000,UNRESOLVED,GROSS,2,0.0516,0.052,,,0.052 ex 2026-09-08,nasdaq_declared: 0.0516 ex 2026-09-09 declared 08/13/2026 (third-party); yahoo_realised: 0.052 ex 2026-09-09 (third-party),tier 2
rSATA-2026-09-10-1,rSATA,SATA,2026-09-10,0.0516000000000000,UNRESOLVED,GROSS,2,0.0516,0.052,,,0.052 ex 2026-09-09,nasdaq_declared: 0.0516 ex 2026-09-10 declared 08/13/2026 (third-party); yahoo_realised: 0.052 ex 2026-09-10 (third-party),tier 2
rSATA-2026-09-11-1,rSATA,SATA,2026-09-11,0.0516000000000000,UNRESOLVED,GROSS,2,0.0516,0.052,,,0.052 ex 2026-09-10,nasdaq_declared: 0.0516 ex 2026-09-11 declared 08/13/2026 (third-party); yahoo_realised: 0.052 ex 2026-09-11 (third-party),tier 2
rSATA-2026-09-14-1,rSATA,SATA,2026-09-14,0.0516000000000000,UNRESOLVED,GROSS,2,0.0516,0.052,,,0.052 ex 2026-09-11,nasdaq_declared: 0.0516 ex 2026-09-14 declared 08/13/2026 (third-party); yahoo_realised: 0.052 ex 2026-09-14 (third-party),tier 2
rSATA-2026-09-15-1,rSATA,SATA,2026-09-15,0.0516000000000000,UNRESOLVED,GROSS,2,0.0516,0.052,,,0.052 ex 2026-09-14,nasdaq_declared: 0.0516 ex 2026-09-15 declared 08/13/2026 (third-party); yahoo_realised: 0.052 ex 2026-09-15 (third-party),tier 2
rSCI-2026-09-15-1,rSCI,SCI,2026-09-15,0.3600000000000000,UNRESOLVED,GROSS,2,,0.36,,,0.36 ex 2026-06-15,yahoo_realised: 0.36 ex 2026-09-15 (third-party),tier 2
rSEI-2026-09-15-1,rSEI,SEI,2026-09-15,0.1200000000000000,UNRESOLVED,GROSS,2,,0.12,,,0.12 ex 2026-06-02,yahoo_realised: 0.12 ex 2026-09-15 (third-party),tier 2
rSATA-2026-09-16-1,rSATA,SATA,2026-09-16,0.0516000000000000,UNRESOLVED,GROSS,2,0.0516,0.052,,,0.052 ex 2026-09-15,nasdaq_declared: 0.0516 ex 2026-09-16 declared 08/13/2026 (third-party); yahoo_realised: 0.052 ex 2026-09-16 (third-party),tier 2
rSATA-2026-09-17-1,rSATA,SATA,2026-09-17,0.0516000000000000,UNRESOLVED,GROSS,2,0.0516,,,,0.052 ex 2026-09-16,nasdaq_declared: 0.0516 ex 2026-09-17 declared 08/13/2026 (third-party),tier 2
rSATA-2026-09-18-1,rSATA,SATA,2026-09-18,0.0516000000000000,UNRESOLVED,GROSS,2,0.0516,,,,0.052 ex 2026-09-16,nasdaq_declared: 0.0516 ex 2026-09-18 declared 08/13/2026 (third-party),tier 2
rSBSW-2026-09-18-1,rSBSW,SBSW,2026-09-18,0.3988160000000000,UNRESOLVED,UNRESOLVED,,,0.499,,,0.328 ex 2026-03-20,,amount conflict: yahoo_realised 0.499 vs Reality 0.3988160000000000 (ratio 0.799)
rSATA-2026-09-21-1,rSATA,SATA,2026-09-21,0.0516000000000000,UNRESOLVED,GROSS,2,0.0516,,,,0.052 ex 2026-09-16,nasdaq_declared: 0.0516 ex 2026-09-21 declared 08/13/2026 (third-party),tier 2
rSATA-2026-09-22-1,rSATA,SATA,2026-09-22,0.0516000000000000,UNRESOLVED,GROSS,2,0.0516,,,,0.052 ex 2026-09-16,nasdaq_declared: 0.0516 ex 2026-09-22 declared 08/13/2026 (third-party),tier 2
rSGHC-2026-09-22-1,rSGHC,SGHC,2026-09-22,0.0500000000000000,UNRESOLVED,UNRESOLVED,,,,,2026-09-22,0.05 ex 2026-06-23,yahoo_calendar: announced next ex-date 2026-09-22 (third-party); prior realised 0.05 ex 2026-06-23 equals amount (ASSUMED unchanged),no issuer row at ex-date; tier 3 needs first-party amount corroboration
rSATA-2026-09-23-1,rSATA,SATA,2026-09-23,0.0516000000000000,UNRESOLVED,GROSS,2,0.0516,,,,0.052 ex 2026-09-16,nasdaq_declared: 0.0516 ex 2026-09-23 declared 08/13/2026 (third-party),tier 2
rSATA-2026-09-24-1,rSATA,SATA,2026-09-24,0.0516000000000000,UNRESOLVED,GROSS,2,0.0516,,,,0.052 ex 2026-09-16,nasdaq_declared: 0.0516 ex 2026-09-24 declared 08/13/2026 (third-party),tier 2
rSATA-2026-09-25-1,rSATA,SATA,2026-09-25,0.0516000000000000,UNRESOLVED,GROSS,2,0.0516,,,,0.052 ex 2026-09-16,nasdaq_declared: 0.0516 ex 2026-09-25 declared 08/13/2026 (third-party),tier 2
rSATA-2026-09-28-1,rSATA,SATA,2026-09-28,0.0516000000000000,UNRESOLVED,GROSS,2,0.0516,,,,0.052 ex 2026-09-16,nasdaq_declared: 0.0516 ex 2026-09-28 declared 08/13/2026 (third-party),tier 2
rSATA-2026-09-29-1,rSATA,SATA,2026-09-29,0.0516000000000000,UNRESOLVED,GROSS,2,0.0516,,,,0.052 ex 2026-09-16,nasdaq_declared: 0.0516 ex 2026-09-29 declared 08/13/2026 (third-party),tier 2
rSATA-2026-09-30-1,rSATA,SATA,2026-09-30,0.0516000000000000,UNRESOLVED,UNRESOLVED,,,,,2026-06-01,0.052 ex 2026-09-18,prior realised 0.052 ex 2026-09-18 equals amount (ASSUMED unchanged),"no issuer row at ex-date; tier 3 needs first-party amount corroboration, issuer announced ex-date"
rSATA-2026-10-01-1,rSATA,SATA,2026-10-01,0.0516000000000000,UNRESOLVED,UNRESOLVED,,,,,2026-06-01,0.052 ex 2026-09-18,prior realised 0.052 ex 2026-09-18 equals amount (ASSUMED unchanged),"no issuer row at ex-date; tier 3 needs first-party amount corroboration, issuer announced ex-date"
rSATA-2026-10-02-1,rSATA,SATA,2026-10-02,0.0516000000000000,UNRESOLVED,UNRESOLVED,,,,,2026-06-01,0.052 ex 2026-09-18,prior realised 0.052 ex 2026-09-18 equals amount (ASSUMED unchanged),"no issuer row at ex-date; tier 3 needs first-party amount corroboration, issuer announced ex-date"
rSATA-2026-10-05-1,rSATA,SATA,2026-10-05,0.0516000000000000,UNRESOLVED,UNRESOLVED,,,,,2026-06-01,0.052 ex 2026-09-18,prior realised 0.052 ex 2026-09-18 equals amount (ASSUMED unchanged),"no issuer row at ex-date; tier 3 needs first-party amount corroboration, issuer announced ex-date"
rSATA-2026-10-06-1,rSATA,SATA,2026-10-06,0.0516000000000000,UNRESOLVED,UNRESOLVED,,,,,2026-06-01,0.052 ex 2026-09-18,prior realised 0.052 ex 2026-09-18 equals amount (ASSUMED unchanged),"no issuer row at ex-date; tier 3 needs first-party amount corroboration, issuer announced ex-date"
rSATA-2026-10-07-1,rSATA,SATA,2026-10-07,0.0516000000000000,UNRESOLVED,UNRESOLVED,,,,,2026-06-01,0.052 ex 2026-09-18,prior realised 0.052 ex 2026-09-18 equals amount (ASSUMED unchanged),"no issuer row at ex-date; tier 3 needs first-party amount corroboration, issuer announced ex-date"
rSATA-2026-10-08-1,rSATA,SATA,2026-10-08,0.0516000000000000,UNRESOLVED,UNRESOLVED,,,,,2026-06-01,0.052 ex 2026-09-18,prior realised 0.052 ex 2026-09-18 equals amount (ASSUMED unchanged),"no issuer row at ex-date; tier 3 needs first-party amount corroboration, issuer announced ex-date"
rSATA-2026-10-09-1,rSATA,SATA,2026-10-09,0.0516000000000000,UNRESOLVED,UNRESOLVED,,,,,2026-06-01,0.052 ex 2026-09-18,prior realised 0.052 ex 2026-09-18 equals amount (ASSUMED unchanged),"no issuer row at ex-date; tier 3 needs first-party amount corroboration, issuer announced ex-date"
rSATA-2026-10-13-1,rSATA,SATA,2026-10-13,0.0516000000000000,UNRESOLVED,UNRESOLVED,,,,,2026-06-01,0.052 ex 2026-09-18,prior realised 0.052 ex 2026-09-18 equals amount (ASSUMED unchanged),"no issuer row at ex-date; tier 3 needs first-party amount corroboration, issuer announced ex-date"
rSATA-2026-10-14-1,rSATA,SATA,2026-10-14,0.0516000000000000,UNRESOLVED,UNRESOLVED,,,,,2026-06-01,0.052 ex 2026-09-18,prior realised 0.052 ex 2026-09-18 equals amount (ASSUMED unchanged),"no issuer row at ex-date; tier 3 needs first-party amount corroboration, issuer announced ex-date"
rSATA-2026-10-15-1,rSATA,SATA,2026-10-15,0.0516000000000000,UNRESOLVED,UNRESOLVED,,,,,2026-06-01,0.052 ex 2026-09-18,prior realised 0.052 ex 2026-09-18 equals amount (ASSUMED unchanged),"no issuer row at ex-date; tier 3 needs first-party amount corroboration, issuer announced ex-date"
rSATA-2026-10-16-1,rSATA,SATA,2026-10-16,0.0516000000000000,UNRESOLVED,UNRESOLVED,,,,,2026-06-01,0.052 ex 2026-09-18,prior realised 0.052 ex 2026-09-18 equals amount (ASSUMED unchanged),"no issuer row at ex-date; tier 3 needs first-party amount corroboration, issuer announced ex-date"
rSATA-2026-10-19-1,rSATA,SATA,2026-10-19,0.0516000000000000,UNRESOLVED,UNRESOLVED,,,,,2026-06-01,0.052 ex 2026-09-18,prior realised 0.052 ex 2026-09-18 equals amount (ASSUMED unchanged),"no issuer row at ex-date; tier 3 needs first-party amount corroboration, issuer announced ex-date"
rSATA-2026-10-20-1,rSATA,SATA,2026-10-20,0.0516000000000000,UNRESOLVED,UNRESOLVED,,,,,2026-06-01,0.052 ex 2026-09-18,prior realised 0.052 ex 2026-09-18 equals amount (ASSUMED unchanged),"no issuer row at ex-date; tier 3 needs first-party amount corroboration, issuer announced ex-date"
rSATA-2026-10-21-1,rSATA,SATA,2026-10-21,0.0516000000000000,UNRESOLVED,UNRESOLVED,,,,,2026-06-01,0.052 ex 2026-09-18,prior realised 0.052 ex 2026-09-18 equals amount (ASSUMED unchanged),"no issuer row at ex-date; tier 3 needs first-party amount corroboration, issuer announced ex-date"
rSATA-2026-10-22-1,rSATA,SATA,2026-10-22,0.0516000000000000,UNRESOLVED,UNRESOLVED,,,,,2026-06-01,0.052 ex 2026-09-18,prior realised 0.052 ex 2026-09-18 equals amount (ASSUMED unchanged),"no issuer row at ex-date; tier 3 needs first-party amount corroboration, issuer announced ex-date"
rSATA-2026-10-23-1,rSATA,SATA,2026-10-23,0.0516000000000000,UNRESOLVED,UNRESOLVED,,,,,2026-06-01,0.052 ex 2026-09-18,prior realised 0.052 ex 2026-09-18 equals amount (ASSUMED unchanged),"no issuer row at ex-date; tier 3 needs first-party amount corroboration, issuer announced ex-date"
rSATA-2026-10-26-1,rSATA,SATA,2026-10-26,0.0516000000000000,UNRESOLVED,UNRESOLVED,,,,,2026-06-01,0.052 ex 2026-09-18,prior realised 0.052 ex 2026-09-18 equals amount (ASSUMED unchanged),"no issuer row at ex-date; tier 3 needs first-party amount corroboration, issuer announced ex-date"
rSHY-2026-06-01-1,rSHY,SHY,2026-06-01,0.2429010000000000,UNRESOLVED,GROSS,2,0.242901,0.243,,,0.243 ex 2026-05-01,nasdaq_declared: 0.242901 ex 2026-06-01 declared 05/29/2026 (third-party); yahoo_realised: 0.243 ex 2026-06-01 (third-party),tier 2
rSLGN-2026-06-01-1,rSLGN,SLGN,2026-06-01,0.2100000000000000,UNRESOLVED,GROSS,2,,0.21,,,0.21 ex 2026-03-17,yahoo_realised: 0.21 ex 2026-06-01 (third-party),tier 2
rSLB-2026-06-03-1,rSLB,SLB,2026-06-03,0.2950000000000000,UNRESOLVED,GROSS,2,,0.295,,,0.295 ex 2026-02-11,yahoo_realised: 0.295 ex 2026-06-03 (third-party),tier 2
rSLM-2026-06-04-1,rSLM,SLM,2026-06-04,0.1300000000000000,UNRESOLVED,GROSS,2,0.13,0.13,,,0.13 ex 2026-03-05,nasdaq_declared: 0.13 ex 2026-06-04 declared N/A (third-party); yahoo_realised: 0.13 ex 2026-06-04 (third-party),tier 2
rSM-2026-06-08-1,rSM,SM,2026-06-08,0.2200000000000000,UNRESOLVED,GROSS,2,,0.22,,,0.22 ex 2026-03-09,yahoo_realised: 0.22 ex 2026-06-08 (third-party),tier 2
rSHY-2026-07-01-1,rSHY,SHY,2026-07-01,0.2383130000000000,UNRESOLVED,GROSS,2,0.238313,0.238,,,0.243 ex 2026-06-01,nasdaq_declared: 0.238313 ex 2026-07-01 declared 06/30/2026 (third-party); yahoo_realised: 0.238 ex 2026-07-01 (third-party),tier 2
rSHG-2026-07-30-1,rSHG,SHG,2026-07-30,0.4266020100000000,UNRESOLVED,UNRESOLVED,,,,,2026-07-30,,yahoo_calendar: announced next ex-date 2026-07-30 (third-party),"no issuer row at ex-date; tier 3 needs first-party amount corroboration, prior-period amount"
rSKT-2026-07-31-1,rSKT,SKT,2026-07-31,0.3125000000000000,UNRESOLVED,GROSS,2,,0.313,,,0.313 ex 2026-04-30,yahoo_realised: 0.313 ex 2026-07-31 (third-party),tier 2
rSHY-2026-08-03-1,rSHY,SHY,2026-08-03,0.2507720000000000,UNRESOLVED,GROSS,2,0.250772,0.251,,,0.238 ex 2026-07-01,nasdaq_declared: 0.250772 ex 2026-08-03 declared 07/31/2026 (third-party); yahoo_realised: 0.251 ex 2026-08-03 (third-party),tier 2
rSIMO-2026-08-06-1,rSIMO,SIMO,2026-08-06,0.5000000000000000,UNRESOLVED,GROSS,2,0.50,0.5,,,0.5 ex 2026-05-07,nasdaq_declared: 0.50 ex 2026-08-06 declared 07/16/2026 (third-party); yahoo_realised: 0.5 ex 2026-08-06 (third-party),tier 2
rSIRI-2026-08-10-1,rSIRI,SIRI,2026-08-10,0.2700000000000000,UNRESOLVED,GROSS,2,0.27,0.27,,,0.27 ex 2026-05-11,nasdaq_declared: 0.27 ex 2026-08-10 declared 07/22/2026 (third-party); yahoo_realised: 0.27 ex 2026-08-10 (third-party),tier 2
rSHEL-2026-08-14-1,rSHEL,SHEL,2026-08-14,0.7812000000000000,UNRESOLVED,GROSS,2,,0.7812,,,0.7812 ex 2026-05-22,yahoo_realised: 0.7812 ex 2026-08-14 (third-party),tier 2
rSJM-2026-08-14-1,rSJM,SJM,2026-08-14,1.1200000000000000,UNRESOLVED,GROSS,2,,1.12,,,1.1 ex 2026-05-15,yahoo_realised: 1.12 ex 2026-08-14 (third-party),tier 2
rSIGI-2026-08-17-1,rSIGI,SIGI,2026-08-17,0.4300000000000000,UNRESOLVED,GROSS,2,0.43,0.43,,,0.43 ex 2026-05-15,nasdaq_declared: 0.43 ex 2026-08-17 declared 07/22/2026 (third-party); yahoo_realised: 0.43 ex 2026-08-17 (third-party),tier 2
rSHW-2026-08-21-1,rSHW,SHW,2026-08-21,0.8000000000000000,UNRESOLVED,GROSS,2,,0.8,,,0.8 ex 2026-05-22,yahoo_realised: 0.8 ex 2026-08-21 (third-party),tier 2
rSLF-2026-08-26-1,rSLF,SLF,2026-08-26,0.6849600000000000,UNRESOLVED,UNRESOLVED,,,0.694,,,0.695 ex 2026-05-27,,amount conflict: yahoo_realised 0.694 vs Reality 0.6849600000000000 (ratio 0.987)
rSKM-2026-08-31-1,rSKM,SKM,2026-08-31,0.3359920100000000,UNRESOLVED,UNRESOLVED,,,,,2026-08-31,,yahoo_calendar: announced next ex-date 2026-08-31 (third-party),"no issuer row at ex-date; tier 3 needs first-party amount corroboration, prior-period amount"
rSHY-2026-09-01-1,rSHY,SHY,2026-09-01,0.2439830000000000,UNRESOLVED,GROSS,2,0.243983,0.244,,,0.251 ex 2026-08-03,nasdaq_declared: 0.243983 ex 2026-09-01 declared 08/31/2026 (third-party); yahoo_realised: 0.244 ex 2026-09-01 (third-party),tier 2
rSLGN-2026-09-01-1,rSLGN,SLGN,2026-09-01,0.2100000000000000,UNRESOLVED,GROSS,2,,0.21,,,0.21 ex 2026-06-01,yahoo_realised: 0.21 ex 2026-09-01 (third-party),tier 2
rSLB-2026-09-02-1,rSLB,SLB,2026-09-02,0.2950000000000000,UNRESOLVED,GROSS,2,,0.295,,,0.295 ex 2026-06-03,yahoo_realised: 0.295 ex 2026-09-02 (third-party),tier 2
rSLM-2026-09-04-1,rSLM,SLM,2026-09-04,0.1300000000000000,UNRESOLVED,GROSS,2,0.13,0.13,,,0.13 ex 2026-06-04,nasdaq_declared: 0.13 ex 2026-09-04 declared N/A (third-party); yahoo_realised: 0.13 ex 2026-09-04 (third-party),tier 2
rSM-2026-09-04-1,rSM,SM,2026-09-04,0.2200000000000000,UNRESOLVED,GROSS,2,,0.22,,,0.22 ex 2026-06-08,yahoo_realised: 0.22 ex 2026-09-04 (third-party),tier 2
rSNXX-2026-06-03-1,rSNXX,SNXX,2026-06-03,,UNRESOLVED,UNRESOLVED,,,,,,,,not a cash dividend
rSNDR-2026-06-12-1,rSNDR,SNDR,2026-06-12,0.1000000000000000,UNRESOLVED,GROSS,2,,0.1,,,0.1 ex 2026-03-13,yahoo_realised: 0.1 ex 2026-06-12 (third-party),tier 2
rSOBO-2026-06-30-1,rSOBO,SOBO,2026-06-30,0.5000000000000000,UNRESOLVED,GROSS,2,,0.5,,,0.5 ex 2026-03-31,yahoo_realised: 0.5 ex 2026-06-30 (third-party),tier 2
rSNX-2026-07-17-1,rSNX,SNX,2026-07-17,0.4800000000000000,UNRESOLVED,GROSS,2,,0.48,,,0.48 ex 2026-04-15,yahoo_realised: 0.48 ex 2026-07-17 (third-party),tier 2
rSON-2026-08-10-1,rSON,SON,2026-08-10,0.5400000000000000,UNRESOLVED,GROSS,2,,0.54,,,0.54 ex 2026-05-08,yahoo_realised: 0.54 ex 2026-08-10 (third-party),tier 2
rSO-2026-08-17-1,rSO,SO,2026-08-17,0.7600000000000000,UNRESOLVED,GROSS,2,,0.76,,,0.76 ex 2026-05-18,yahoo_realised: 0.76 ex 2026-08-17 (third-party),tier 2
rSNA-2026-08-19-1,rSNA,SNA,2026-08-19,2.4400000000000000,UNRESOLVED,GROSS,2,,2.44,,,2.44 ex 2026-05-20,yahoo_realised: 2.44 ex 2026-08-19 (third-party),tier 2
rSOLS-2026-08-27-1,rSOLS,SOLS,2026-08-27,0.0750000000000000,UNRESOLVED,GROSS,2,0.075,0.075,,,0.075 ex 2026-05-27,nasdaq_declared: 0.075 ex 2026-08-27 declared 07/14/2026 (third-party); yahoo_realised: 0.075 ex 2026-08-27 (third-party),tier 2
rSNDR-2026-09-11-1,rSNDR,SNDR,2026-09-11,0.1000000000000000,UNRESOLVED,GROSS,2,,0.1,,,0.1 ex 2026-06-12,yahoo_realised: 0.1 ex 2026-09-11 (third-party),tier 2
rSOBO-2026-09-29-1,rSOBO,SOBO,2026-09-29,0.5000000000000000,UNRESOLVED,UNRESOLVED,,,,,2026-09-29,0.5 ex 2026-06-30,yahoo_calendar: announced next ex-date 2026-09-29 (third-party); prior realised 0.5 ex 2026-06-30 equals amount (ASSUMED unchanged),no issuer row at ex-date; tier 3 needs first-party amount corroboration
rSNN-2026-10-02-1,rSNN,SNN,2026-10-02,0.3120000000000000,UNRESOLVED,UNRESOLVED,,,,,2026-10-02,0.482 ex 2026-03-27,yahoo_calendar: announced next ex-date 2026-10-02 (third-party),"no issuer row at ex-date; tier 3 needs first-party amount corroboration, prior-period amount"
rSSNC-2026-06-01-1,rSSNC,SSNC,2026-06-01,0.2700000000000000,UNRESOLVED,GROSS,2,0.27,0.27,,,0.27 ex 2026-03-02,nasdaq_declared: 0.27 ex 2026-06-01 declared 05/20/2026 (third-party); yahoo_realised: 0.27 ex 2026-06-01 (third-party),tier 2
rSTE-2026-06-08-1,rSTE,STE,2026-06-08,0.6300000000000000,UNRESOLVED,GROSS,2,,0.63,,,0.63 ex 2026-02-17,yahoo_realised: 0.63 ex 2026-06-08 (third-party),tier 2
rSPG-2026-06-09-1,rSPG,SPG,2026-06-09,2.2500000000000000,UNRESOLVED,GROSS,2,,2.25,,,2.2 ex 2026-03-10,yahoo_realised: 2.25 ex 2026-06-09 (third-party),tier 2
rSOXX-2026-06-15-1,rSOXX,SOXX,2026-06-15,0.2827260000000000,UNRESOLVED,GROSS,2,0.282726,0.283,,,0.208 ex 2026-03-17,nasdaq_declared: 0.282726 ex 2026-06-15 declared 06/12/2026 (third-party); yahoo_realised: 0.283 ex 2026-06-15 (third-party),tier 2
rSPY-2026-06-18-1,rSPY,SPY,2026-06-18,1.9035160000000000,UNRESOLVED,GROSS,2,,1.904,,,1.797 ex 2026-03-20,yahoo_realised: 1.904 ex 2026-06-18 (third-party),tier 2
rSPMO-2026-06-22-1,rSPMO,SPMO,2026-06-22,0.2451500000000000,UNRESOLVED,GROSS,2,,0.245,,,0.321 ex 2026-03-23,yahoo_realised: 0.245 ex 2026-06-22 (third-party),tier 2
rSOXS-2026-06-23-1,rSOXS,SOXS,2026-06-23,0.0375000000000000,GROSS,GROSS,1,,,,,,bitget_notice_2026_07_24: amount and ex-date match; 30% withholding DOCUMENTED,tier 1: 2026-07-24 notice match (builder rule)
rSPXU-2026-06-24-1,rSPXU,SPXU,2026-06-24,0.3914450000000000,GROSS,GROSS,1,,,,,,bitget_notice_2026_07_24: amount and ex-date match; 30% withholding DOCUMENTED,tier 1: 2026-07-24 notice match (builder rule)
rSQQQ-2026-06-24-1,rSQQQ,SQQQ,2026-06-24,0.6376370000000000,GROSS,GROSS,1,,,,,,bitget_notice_2026_07_24: amount and ex-date match; 30% withholding DOCUMENTED,tier 1: 2026-07-24 notice match (builder rule)
rSRE-2026-06-25-1,rSRE,SRE,2026-06-25,0.6575000000000000,UNRESOLVED,GROSS,2,,0.658,,,0.658 ex 2026-03-19,yahoo_realised: 0.658 ex 2026-06-25 (third-party),tier 2
rSTAG-2026-06-30-1,rSTAG,STAG,2026-06-30,0.3875000000000000,UNRESOLVED,GROSS,2,,0.388,,,0.388 ex 2026-03-31,yahoo_realised: 0.388 ex 2026-06-30 (third-party),tier 2
rSSD-2026-07-02-1,rSSD,SSD,2026-07-02,0.3000000000000000,UNRESOLVED,GROSS,2,,0.3,,,0.29 ex 2026-04-02,yahoo_realised: 0.3 ex 2026-07-02 (third-party),tier 2
rSOXS-2026-07-15-1,rSOXS,SOXS,2026-07-15,,UNRESOLVED,UNRESOLVED,,,,,,,,not a cash dividend
rSSB-2026-08-07-1,rSSB,SSB,2026-08-07,0.6600000000000000,UNRESOLVED,GROSS,2,,0.66,,,0.6 ex 2026-05-08,yahoo_realised: 0.66 ex 2026-08-07 (third-party),tier 2
rST-2026-08-12-1,rST,ST,2026-08-12,0.1200000000000000,UNRESOLVED,GROSS,2,,0.12,,,0.12 ex 2026-05-13,yahoo_realised: 0.12 ex 2026-08-12 (third-party),tier 2
rSSRM-2026-08-14-1,rSSRM,SSRM,2026-08-14,0.0300000000000000,UNRESOLVED,GROSS,2,0.03,0.03,,,,nasdaq_declared: 0.03 ex 2026-08-14 declared 08/04/2026 (third-party); yahoo_realised: 0.03 ex 2026-08-14 (third-party),tier 2
rSSNC-2026-09-01-1,rSSNC,SSNC,2026-09-01,0.3000000000000000,UNRESOLVED,GROSS,2,0.30,0.3,,,0.27 ex 2026-06-01,nasdaq_declared: 0.30 ex 2026-09-01 declared 08/17/2026 (third-party); yahoo_realised: 0.3 ex 2026-09-01 (third-party),tier 2
rSTE-2026-09-04-1,rSTE,STE,2026-09-04,0.6900000000000000,UNRESOLVED,GROSS,2,,0.69,,,0.63 ex 2026-06-08,yahoo_realised: 0.69 ex 2026-09-04 (third-party),tier 2
rSQM-2026-09-08-1,rSQM,SQM,2026-09-08,0.9327560000000000,UNRESOLVED,UNRESOLVED,,,1.435,,,1.03 ex 2026-05-08,,amount conflict: yahoo_realised 1.435 vs Reality 0.9327560000000000 (ratio 0.650)
rSPG-2026-09-09-1,rSPG,SPG,2026-09-09,2.2500000000000000,UNRESOLVED,GROSS,2,,2.25,,,2.25 ex 2026-06-09,yahoo_realised: 2.25 ex 2026-09-09 (third-party),tier 2
rSOXX-2026-09-15-1,rSOXX,SOXX,2026-09-15,0.3250460000000000,UNRESOLVED,GROSS,2,0.325046,0.325,,,0.283 ex 2026-06-15,nasdaq_declared: 0.325046 ex 2026-09-15 declared 09/14/2026 (third-party); yahoo_realised: 0.325 ex 2026-09-15 (third-party),tier 2
rSPY-2026-09-18-1,rSPY,SPY,2026-09-18,1.8890000000000000,UNRESOLVED,GROSS,2,,1.889,,,1.904 ex 2026-06-18,yahoo_realised: 1.889 ex 2026-09-18 (third-party),tier 2
rSRE-2026-09-24-1,rSRE,SRE,2026-09-24,0.6575000000000000,UNRESOLVED,UNRESOLVED,,,,,2026-09-24,0.658 ex 2026-06-25,yahoo_calendar: announced next ex-date 2026-09-24 (third-party); prior realised 0.658 ex 2026-06-25 equals amount (ASSUMED unchanged),no issuer row at ex-date; tier 3 needs first-party amount corroboration
rSTAG-2026-09-30-1,rSTAG,STAG,2026-09-30,0.3875000000000000,UNRESOLVED,UNRESOLVED,,,,,2026-09-30,0.388 ex 2026-06-30,yahoo_calendar: announced next ex-date 2026-09-30 (third-party); prior realised 0.388 ex 2026-06-30 equals amount (ASSUMED unchanged),no issuer row at ex-date; tier 3 needs first-party amount corroboration
rSSD-2026-10-01-1,rSSD,SSD,2026-10-01,0.3000000000000000,UNRESOLVED,UNRESOLVED,,,,,2026-10-01,0.3 ex 2026-07-02,yahoo_calendar: announced next ex-date 2026-10-01 (third-party); prior realised 0.3 ex 2026-07-02 equals amount (ASSUMED unchanged),no issuer row at ex-date; tier 3 needs first-party amount corroboration
rSU-2026-06-04-1,rSU,SU,2026-06-04,0.4410000000000000,UNRESOLVED,UNRESOLVED,,,0.432,,,0.439 ex 2026-03-04,,amount conflict: yahoo_realised 0.432 vs Reality 0.4410000000000000 (ratio 1.021)
rSWK-2026-06-08-1,rSWK,SWK,2026-06-08,0.8300000000000000,UNRESOLVED,GROSS,2,,0.83,,,0.83 ex 2026-03-10,yahoo_realised: 0.83 ex 2026-06-08 (third-party),tier 2
rSTVN-2026-06-11-1,rSTVN,STVN,2026-06-11,0.0636012000000000,UNRESOLVED,UNRESOLVED,,,0.062,,,,,amount conflict: yahoo_realised 0.062 vs Reality 0.0636012000000000 (ratio 1.026)
rSTEP-2026-06-15-1,rSTEP,STEP,2026-06-15,0.2800000000000000,UNRESOLVED,UNRESOLVED,,0.83,0.83,,,0.28 ex 2026-02-27,,amount conflict: nasdaq_declared 0.83 vs Reality 0.2800000000000000 (ratio 0.337); yahoo_realised 0.83 vs Reality 0.2800000000000000 (ratio 0.337)
rSTEP-2026-06-15-2,rSTEP,STEP,2026-06-15,0.5500000000000000,UNRESOLVED,UNRESOLVED,,0.83,0.83,,,0.28 ex 2026-02-27,,amount conflict: nasdaq_declared 0.83 vs Reality 0.5500000000000000 (ratio 0.663); yahoo_realised 0.83 vs Reality 0.5500000000000000 (ratio 0.663)
rSTRC-2026-06-15-1,rSTRC,STRC,2026-06-15,0.9583333300000000,UNRESOLVED,GROSS,2,0.95833333,0.958,,,0.958 ex 2026-05-15,nasdaq_declared: 0.95833333 ex 2026-06-15 declared 05/30/2026 (third-party); yahoo_realised: 0.958 ex 2026-06-15 (third-party),tier 2
rSTM-2026-06-23-1,rSTM,STM,2026-06-23,0.0765000000000000,GROSS,GROSS,1,,,,,,bitget_notice_2026_07_24: amount and ex-date match; 30% withholding DOCUMENTED,tier 1: 2026-07-24 notice match (builder rule)
rSTX-2026-06-24-1,rSTX,STX,2026-06-24,0.7400000000000000,GROSS,GROSS,1,,,,,,bitget_notice_2026_07_24: amount and ex-date match; 30% withholding DOCUMENTED,tier 1: 2026-07-24 notice match (builder rule)
rSTLD-2026-06-30-1,rSTLD,STLD,2026-06-30,0.5300000000000000,UNRESOLVED,GROSS,2,0.53,0.53,,,0.53 ex 2026-03-31,nasdaq_declared: 0.53 ex 2026-06-30 declared 05/07/2026 (third-party); yahoo_realised: 0.53 ex 2026-06-30 (third-party),tier 2
rSTN-2026-06-30-1,rSTN,STN,2026-06-30,0.1824000000000000,UNRESOLVED,UNRESOLVED,,,0.172,,,0.176 ex 2026-03-31,,amount conflict: yahoo_realised 0.172 vs Reality 0.1824000000000000 (ratio 1.060)
rSTRC-2026-06-30-1,rSTRC,STRC,2026-06-30,0.4791666700000000,GROSS,GROSS,1,,,,,,bitget_notice_2026_07_24: amount and ex-date match; 30% withholding DOCUMENTED,tier 1: 2026-07-24 notice match (builder rule)
rSTWD-2026-06-30-1,rSTWD,STWD,2026-06-30,0.4800000000000000,UNRESOLVED,GROSS,2,,0.48,,,0.48 ex 2026-03-31,yahoo_realised: 0.48 ex 2026-06-30 (third-party),tier 2
rSUI-2026-06-30-1,rSUI,SUI,2026-06-30,1.1200000000000000,UNRESOLVED,GROSS,2,,1.12,,,1.12 ex 2026-03-31,yahoo_realised: 1.12 ex 2026-06-30 (third-party),tier 2
rSYK-2026-06-30-1,rSYK,SYK,2026-06-30,0.8800000000000000,UNRESOLVED,GROSS,2,,0.88,,,0.88 ex 2026-03-31,yahoo_realised: 0.88 ex 2026-06-30 (third-party),tier 2
rSTT-2026-07-01-1,rSTT,STT,2026-07-01,0.8400000000000000,UNRESOLVED,GROSS,2,,0.84,,,0.84 ex 2026-04-01,yahoo_realised: 0.84 ex 2026-07-01 (third-party),tier 2
rSUNB-2026-07-10-1,rSUNB,SUNB,2026-07-10,0.7500000000000000,UNRESOLVED,GROSS,2,,0.75,,,,yahoo_realised: 0.75 ex 2026-07-10 (third-party),tier 2
rSTRC-2026-07-15-1,rSTRC,STRC,2026-07-15,0.5000000000000000,UNRESOLVED,GROSS,2,0.50,0.5,,,0.479 ex 2026-06-30,nasdaq_declared: 0.50 ex 2026-07-15 declared 06/28/2026 (third-party); yahoo_realised: 0.5 ex 2026-07-15 (third-party),tier 2
rSTZ-2026-07-30-1,rSTZ,STZ,2026-07-30,1.0300000000000000,UNRESOLVED,GROSS,2,,1.03,,,1.03 ex 2026-04-29,yahoo_realised: 1.03 ex 2026-07-30 (third-party),tier 2
rSTRC-2026-07-31-1,rSTRC,STRC,2026-07-31,0.5000000000000000,UNRESOLVED,GROSS,2,0.50,0.5,,,0.5 ex 2026-07-15,nasdaq_declared: 0.50 ex 2026-07-31 declared 06/28/2026 (third-party); yahoo_realised: 0.5 ex 2026-07-31 (third-party),tier 2
rSXT-2026-08-03-1,rSXT,SXT,2026-08-03,0.4100000000000000,UNRESOLVED,GROSS,2,,0.41,,,0.41 ex 2026-05-11,yahoo_realised: 0.41 ex 2026-08-03 (third-party),tier 2
rSYF-2026-08-05-1,rSYF,SYF,2026-08-05,0.3400000000000000,UNRESOLVED,GROSS,2,,0.34,,,0.3 ex 2026-05-05,yahoo_realised: 0.34 ex 2026-08-05 (third-party),tier 2
rSUN-2026-08-07-1,rSUN,SUN,2026-08-07,1.0023000000000000,UNRESOLVED,GROSS,2,,1.002,,,0.99 ex 2026-05-08,yahoo_realised: 1.002 ex 2026-08-07 (third-party),tier 2
rSTN-2026-08-12-1,rSTN,STN,2026-08-12,0.1200000000000000,UNRESOLVED,UNRESOLVED,,,,,2026-09-29,0.172 ex 2026-06-30,,"no issuer row at ex-date; tier 3 needs first-party amount corroboration, issuer announced ex-date, prior-period amount"
rSTRC-2026-08-14-1,rSTRC,STRC,2026-08-14,0.5000000000000000,UNRESOLVED,GROSS,2,0.50,0.5,,,0.5 ex 2026-07-31,nasdaq_declared: 0.50 ex 2026-08-14 declared 07/31/2026 (third-party); yahoo_realised: 0.5 ex 2026-08-14 (third-party),tier 2
rSW-2026-08-14-1,rSW,SW,2026-08-14,0.4523000000000000,UNRESOLVED,GROSS,2,,0.452,,,0.452 ex 2026-05-15,yahoo_realised: 0.452 ex 2026-08-14 (third-party),tier 2
rSWX-2026-08-17-1,rSWX,SWX,2026-08-17,0.6450000000000000,UNRESOLVED,GROSS,2,,0.645,,,0.645 ex 2026-05-15,yahoo_realised: 0.645 ex 2026-08-17 (third-party),tier 2
rSTEP-2026-08-31-1,rSTEP,STEP,2026-08-31,0.3300000000000000,UNRESOLVED,GROSS,2,0.33,0.33,,,0.83 ex 2026-06-15,nasdaq_declared: 0.33 ex 2026-08-31 declared 08/04/2026 (third-party); yahoo_realised: 0.33 ex 2026-08-31 (third-party),tier 2
rSTRC-2026-08-31-1,rSTRC,STRC,2026-08-31,0.5000000000000000,UNRESOLVED,GROSS,2,0.50,0.5,,,0.5 ex 2026-08-14,nasdaq_declared: 0.50 ex 2026-08-31 declared 07/31/2026 (third-party); yahoo_realised: 0.5 ex 2026-08-31 (third-party),tier 2
rSU-2026-09-04-1,rSU,SU,2026-09-04,0.4265400000000000,UNRESOLVED,UNRESOLVED,,,0.435,,,0.432 ex 2026-06-04,,amount conflict: yahoo_realised 0.435 vs Reality 0.4265400000000000 (ratio 0.981)
rSWK-2026-09-08-1,rSWK,SWK,2026-09-08,0.8400000000000000,UNRESOLVED,GROSS,2,,0.84,,,0.83 ex 2026-06-08,yahoo_realised: 0.84 ex 2026-09-08 (third-party),tier 2
rSTRC-2026-09-15-1,rSTRC,STRC,2026-09-15,0.5000000000000000,UNRESOLVED,GROSS,2,0.50,0.5,,,0.5 ex 2026-08-31,nasdaq_declared: 0.50 ex 2026-09-15 declared 08/31/2026 (third-party); yahoo_realised: 0.5 ex 2026-09-15 (third-party),tier 2
rSUNB-2026-09-18-1,rSUNB,SUNB,2026-09-18,0.3000000000000000,UNRESOLVED,GROSS,2,,0.3,,,0.75 ex 2026-07-10,yahoo_realised: 0.3 ex 2026-09-18 (third-party),tier 2
rSTM-2026-09-22-1,rSTM,STM,2026-09-22,0.0900000000000000,UNRESOLVED,UNRESOLVED,,,,,2026-09-22,0.09 ex 2026-06-23,yahoo_calendar: announced next ex-date 2026-09-22 (third-party); prior realised 0.09 ex 2026-06-23 equals amount (ASSUMED unchanged),no issuer row at ex-date; tier 3 needs first-party amount corroboration
rSTX-2026-09-24-1,rSTX,STX,2026-09-24,0.7400000000000000,UNRESOLVED,GROSS,2,0.74,,,,0.74 ex 2026-06-24,nasdaq_declared: 0.74 ex 2026-09-24 declared 07/28/2026 (third-party),tier 2
rSTN-2026-09-29-1,rSTN,STN,2026-09-29,0.2450000000000000,UNRESOLVED,UNRESOLVED,,,,,2026-09-29,0.172 ex 2026-06-30,yahoo_calendar: announced next ex-date 2026-09-29 (third-party),"no issuer row at ex-date; tier 3 needs first-party amount corroboration, prior-period amount"
rSTLD-2026-09-30-1,rSTLD,STLD,2026-09-30,0.5300000000000000,UNRESOLVED,GROSS,2,0.53,,,,0.53 ex 2026-06-30,nasdaq_declared: 0.53 ex 2026-09-30 declared 08/14/2026 (third-party),tier 2
rSTRC-2026-09-30-1,rSTRC,STRC,2026-09-30,0.5000000000000000,UNRESOLVED,GROSS,2,0.50,,,,0.5 ex 2026-09-15,nasdaq_declared: 0.50 ex 2026-09-30 declared 08/31/2026 (third-party),tier 2
rSUI-2026-09-30-1,rSUI,SUI,2026-09-30,1.1200000000000000,UNRESOLVED,UNRESOLVED,,,,,2026-09-30,1.12 ex 2026-06-30,yahoo_calendar: announced next ex-date 2026-09-30 (third-party); prior realised 1.12 ex 2026-06-30 equals amount (ASSUMED unchanged),no issuer row at ex-date; tier 3 needs first-party amount corroboration
rSYK-2026-09-30-1,rSYK,SYK,2026-09-30,0.8800000000000000,UNRESOLVED,UNRESOLVED,,,,,2026-09-30,0.88 ex 2026-06-30,yahoo_calendar: announced next ex-date 2026-09-30 (third-party); prior realised 0.88 ex 2026-06-30 equals amount (ASSUMED unchanged),no issuer row at ex-date; tier 3 needs first-party amount corroboration
rSTT-2026-10-01-1,rSTT,STT,2026-10-01,0.9200000000000000,UNRESOLVED,UNRESOLVED,,,,,2026-10-01,0.84 ex 2026-07-01,yahoo_calendar: announced next ex-date 2026-10-01 (third-party),"no issuer row at ex-date; tier 3 needs first-party amount corroboration, prior-period amount"
rSTM-2026-12-15-1,rSTM,STM,2026-12-15,0.0900000000000000,UNRESOLVED,UNRESOLVED,,,,,2026-09-22,0.09 ex 2026-06-23,prior realised 0.09 ex 2026-06-23 equals amount (ASSUMED unchanged),"no issuer row at ex-date; tier 3 needs first-party amount corroboration, issuer announced ex-date"
rSTM-2027-03-16-1,rSTM,STM,2027-03-16,0.0900000000000000,UNRESOLVED,UNRESOLVED,,,,,2026-09-22,,,"no issuer row at ex-date; tier 3 needs first-party amount corroboration, issuer announced ex-date, prior-period amount"
rTAC-2026-06-01-1,rTAC,TAC,2026-06-01,0.0512750000000000,UNRESOLVED,GROSS,2,,0.051,,,0.048 ex 2026-02-27,yahoo_realised: 0.051 ex 2026-06-01 (third-party),tier 2
rTCBI-2026-06-01-1,rTCBI,TCBI,2026-06-01,0.2000000000000000,UNRESOLVED,GROSS,2,0.20,0.2,,,,nasdaq_declared: 0.20 ex 2026-06-01 declared 04/23/2026 (third-party); yahoo_realised: 0.2 ex 2026-06-01 (third-party),tier 2
rTECK-2026-06-15-1,rTECK,TECK,2026-06-15,0.0912375000000000,UNRESOLVED,UNRESOLVED,,,0.089,,,0.092 ex 2026-03-13,,amount conflict: yahoo_realised 0.089 vs Reality 0.0912375000000000 (ratio 1.025)
rSYY-2026-07-02-1,rSYY,SYY,2026-07-02,0.5500000000000000,UNRESOLVED,GROSS,2,,0.55,,,0.54 ex 2026-04-02,yahoo_realised: 0.55 ex 2026-07-02 (third-party),tier 2
rT-2026-07-10-1,rT,T,2026-07-10,0.2775000000000000,UNRESOLVED,GROSS,2,,0.278,,,0.278 ex 2026-04-10,yahoo_realised: 0.278 ex 2026-07-10 (third-party),tier 2
rTD-2026-07-10-1,rTD,TD,2026-07-10,0.8125600000000000,UNRESOLVED,UNRESOLVED,,,0.791,,,0.78 ex 2026-04-09,,amount conflict: yahoo_realised 0.791 vs Reality 0.8125600000000000 (ratio 1.027)
rTECH-2026-08-17-1,rTECH,TECH,2026-08-17,0.0800000000000000,UNRESOLVED,UNRESOLVED,,,,,2026-08-24,0.08 ex 2026-05-18,prior realised 0.08 ex 2026-05-18 equals amount (ASSUMED unchanged),"no issuer row at ex-date; tier 3 needs first-party amount corroboration, issuer announced ex-date"
rTEL-2026-08-21-1,rTEL,TEL,2026-08-21,0.7800000000000000,UNRESOLVED,GROSS,2,,0.78,,,0.78 ex 2026-05-22,yahoo_realised: 0.78 ex 2026-08-21 (third-party),tier 2
rTECH-2026-08-24-1,rTECH,TECH,2026-08-24,0.0800000000000000,UNRESOLVED,GROSS,2,0.08,0.08,,,0.08 ex 2026-05-18,nasdaq_declared: 0.08 ex 2026-08-24 declared N/A (third-party); yahoo_realised: 0.08 ex 2026-08-24 (third-party),tier 2
rTAP-2026-08-28-1,rTAP,TAP,2026-08-28,0.4800000000000000,UNRESOLVED,GROSS,2,,0.48,,,0.48 ex 2026-05-29,yahoo_realised: 0.48 ex 2026-08-28 (third-party),tier 2
rTAC-2026-09-01-1,rTAC,TAC,2026-09-01,0.0496160000000000,UNRESOLVED,UNRESOLVED,,,0.051,,,0.051 ex 2026-06-01,,amount conflict: yahoo_realised 0.051 vs Reality 0.0496160000000000 (ratio 0.973)
rTCBI-2026-09-01-1,rTCBI,TCBI,2026-09-01,0.2000000000000000,UNRESOLVED,GROSS,2,0.20,0.2,,,0.2 ex 2026-06-01,nasdaq_declared: 0.20 ex 2026-09-01 declared 07/22/2026 (third-party); yahoo_realised: 0.2 ex 2026-09-01 (third-party),tier 2
rTER-2026-09-04-1,rTER,TER,2026-09-04,0.1300000000000000,UNRESOLVED,GROSS,2,0.13,0.13,,,0.13 ex 2026-05-21,nasdaq_declared: 0.13 ex 2026-09-04 declared 08/24/2026 (third-party); yahoo_realised: 0.13 ex 2026-09-04 (third-party),tier 2
rTECK-2026-09-15-1,rTECK,TECK,2026-09-15,0.0887375000000000,UNRESOLVED,GROSS,2,,0.09,,,0.089 ex 2026-06-15,yahoo_realised: 0.09 ex 2026-09-15 (third-party),tier 2
rSYY-2026-10-02-1,rSYY,SYY,2026-10-02,0.5500000000000000,UNRESOLVED,UNRESOLVED,,,,,2026-10-02,0.55 ex 2026-07-02,yahoo_calendar: announced next ex-date 2026-10-02 (third-party); prior realised 0.55 ex 2026-07-02 equals amount (ASSUMED unchanged),no issuer row at ex-date; tier 3 needs first-party amount corroboration
rTD-2026-10-09-1,rTD,TD,2026-10-09,1.1200000000000000,UNRESOLVED,UNRESOLVED,,,,,2026-10-09,0.791 ex 2026-07-10,yahoo_calendar: announced next ex-date 2026-10-09 (third-party),"no issuer row at ex-date; tier 3 needs first-party amount corroboration, prior-period amount"
rTFPM-2026-06-01-1,rTFPM,TFPM,2026-06-01,0.0575000000000000,UNRESOLVED,GROSS,2,,0.058,,,0.058 ex 2026-03-02,yahoo_realised: 0.058 ex 2026-06-01 (third-party),tier 2
rTIP-2026-06-01-1,rTIP,TIP,2026-06-01,1.2775160000000000,UNRESOLVED,GROSS,2,,1.278,,,0.561 ex 2026-05-01,yahoo_realised: 1.278 ex 2026-06-01 (third-party),tier 2
rTLT-2026-06-01-1,rTLT,TLT,2026-06-01,0.3357770000000000,UNRESOLVED,GROSS,2,0.335777,0.336,,,0.315 ex 2026-05-01,nasdaq_declared: 0.335777 ex 2026-06-01 declared 05/29/2026 (third-party); yahoo_realised: 0.336 ex 2026-06-01 (third-party),tier 2
rTEX-2026-06-08-1,rTEX,TEX,2026-06-08,0.1700000000000000,UNRESOLVED,GROSS,2,,0.17,,,0.17 ex 2026-03-06,yahoo_realised: 0.17 ex 2026-06-08 (third-party),tier 2
rTFSL-2026-06-10-1,rTFSL,TFSL,2026-06-10,0.2825000000000000,UNRESOLVED,GROSS,2,0.2825,0.283,,,0.283 ex 2026-03-11,nasdaq_declared: 0.2825 ex 2026-06-10 declared 05/28/2026 (third-party); yahoo_realised: 0.283 ex 2026-06-10 (third-party),tier 2
rTHG-2026-06-12-1,rTHG,THG,2026-06-12,0.9500000000000000,UNRESOLVED,GROSS,2,,0.95,,,0.95 ex 2026-03-13,yahoo_realised: 0.95 ex 2026-06-12 (third-party),tier 2
rTMO-2026-06-15-1,rTMO,TMO,2026-06-15,0.4700000000000000,UNRESOLVED,GROSS,2,,0.47,,,0.47 ex 2026-03-13,yahoo_realised: 0.47 ex 2026-06-15 (third-party),tier 2
rTLK-2026-06-18-1,rTLK,TLK,2026-06-18,0.9907240000000000,UNRESOLVED,UNRESOLVED,,,1.221,,,,,amount conflict: yahoo_realised 1.221 vs Reality 0.9907240000000000 (ratio 0.811)
rTNA-2026-06-23-1,rTNA,TNA,2026-06-23,0.0875100000000000,UNRESOLVED,GROSS,2,,0.088,,,0.02 ex 2026-03-24,yahoo_realised: 0.088 ex 2026-06-23 (third-party),tier 2
rTIMB-2026-06-29-1,rTIMB,TIMB,2026-06-29,0.1234880000000000,UNRESOLVED,UNRESOLVED,,,0.162,,,0.155 ex 2026-03-30,,amount conflict: yahoo_realised 0.162 vs Reality 0.1234880000000000 (ratio 0.762)
rTFII-2026-06-30-1,rTFII,TFII,2026-06-30,0.4700000000000000,UNRESOLVED,GROSS,2,,0.47,,,0.47 ex 2026-03-31,yahoo_realised: 0.47 ex 2026-06-30 (third-party),tier 2
rTIP-2026-07-01-1,rTIP,TIP,2026-07-01,1.0580230000000000,UNRESOLVED,GROSS,2,,1.058,,,1.278 ex 2026-06-01,yahoo_realised: 1.058 ex 2026-07-01 (third-party),tier 2
rTLT-2026-07-01-1,rTLT,TLT,2026-07-01,0.3180300000000000,GROSS,GROSS,1,,,,,,bitget_notice_2026_07_24: amount and ex-date match; 30% withholding DOCUMENTED,tier 1: 2026-07-24 notice match (builder rule)
rTIGO-2026-07-08-1,rTIGO,TIGO,2026-07-08,0.7500000000000000,UNRESOLVED,GROSS,2,0.75,0.75,,,2.0 ex 2026-04-08,nasdaq_declared: 0.75 ex 2026-07-08 declared 05/20/2026 (third-party); yahoo_realised: 0.75 ex 2026-07-08 (third-party),tier 2
rTIP-2026-08-03-1,rTIP,TIP,2026-08-03,0.7843840100000000,UNRESOLVED,GROSS,2,,0.784,,,1.058 ex 2026-07-01,yahoo_realised: 0.784 ex 2026-08-03 (third-party),tier 2
rTLT-2026-08-03-1,rTLT,TLT,2026-08-03,0.3304539900000000,UNRESOLVED,GROSS,2,0.330454,0.33,,,0.318 ex 2026-07-01,nasdaq_declared: 0.330454 ex 2026-08-03 declared 07/31/2026 (third-party); yahoo_realised: 0.33 ex 2026-08-03 (third-party),tier 2
rTEX-2026-08-11-1,rTEX,TEX,2026-08-11,0.1700000000000000,UNRESOLVED,GROSS,2,,0.17,,,0.17 ex 2026-06-08,yahoo_realised: 0.17 ex 2026-08-11 (third-party),tier 2
rTGT-2026-08-12-1,rTGT,TGT,2026-08-12,1.1600000000000000,UNRESOLVED,GROSS,2,,1.16,,,1.14 ex 2026-05-13,yahoo_realised: 1.16 ex 2026-08-12 (third-party),tier 2
rTJX-2026-08-13-1,rTJX,TJX,2026-08-13,0.4800000000000000,UNRESOLVED,GROSS,2,,0.48,,,0.48 ex 2026-05-14,yahoo_realised: 0.48 ex 2026-08-13 (third-party),tier 2
rTFC-2026-08-14-1,rTFC,TFC,2026-08-14,0.5200000000000000,UNRESOLVED,GROSS,2,,0.52,,,0.52 ex 2026-05-08,yahoo_realised: 0.52 ex 2026-08-14 (third-party),tier 2
rTFX-2026-08-14-1,rTFX,TFX,2026-08-14,0.3400000000000000,UNRESOLVED,GROSS,2,,0.34,,,0.34 ex 2026-05-22,yahoo_realised: 0.34 ex 2026-08-14 (third-party),tier 2
rTKR-2026-08-18-1,rTKR,TKR,2026-08-18,0.3600000000000000,UNRESOLVED,GROSS,2,,0.36,,,0.36 ex 2026-05-19,yahoo_realised: 0.36 ex 2026-08-18 (third-party),tier 2
rTMUS-2026-08-28-1,rTMUS,TMUS,2026-08-28,1.0200000000000000,UNRESOLVED,GROSS,2,1.02,1.02,,,1.02 ex 2026-05-29,nasdaq_declared: 1.02 ex 2026-08-28 declared 06/15/2026 (third-party); yahoo_realised: 1.02 ex 2026-08-28 (third-party),tier 2
rTFPM-2026-08-31-1,rTFPM,TFPM,2026-08-31,0.0600000000000000,UNRESOLVED,GROSS,2,,0.06,,,0.058 ex 2026-06-01,yahoo_realised: 0.06 ex 2026-08-31 (third-party),tier 2
rTLT-2026-09-01-1,rTLT,TLT,2026-09-01,0.3146860000000000,UNRESOLVED,GROSS,2,0.314686,0.315,,,0.33 ex 2026-08-03,nasdaq_declared: 0.314686 ex 2026-09-01 declared 08/31/2026 (third-party); yahoo_realised: 0.315 ex 2026-09-01 (third-party),tier 2
rTFSL-2026-09-09-1,rTFSL,TFSL,2026-09-09,0.3175000000000000,UNRESOLVED,GROSS,2,0.3175,0.318,,,0.283 ex 2026-06-10,nasdaq_declared: 0.3175 ex 2026-09-09 declared 08/27/2026 (third-party); yahoo_realised: 0.318 ex 2026-09-09 (third-party),tier 2
rTHG-2026-09-11-1,rTHG,THG,2026-09-11,0.9500000000000000,UNRESOLVED,GROSS,2,,0.95,,,0.95 ex 2026-06-12,yahoo_realised: 0.95 ex 2026-09-11 (third-party),tier 2
rTMO-2026-09-15-1,rTMO,TMO,2026-09-15,0.4700000000000000,UNRESOLVED,GROSS,2,,0.47,,,0.47 ex 2026-06-15,yahoo_realised: 0.47 ex 2026-09-15 (third-party),tier 2
rTFII-2026-09-30-1,rTFII,TFII,2026-09-30,0.4700000000000000,UNRESOLVED,UNRESOLVED,,,,,2026-09-30,0.47 ex 2026-06-30,yahoo_calendar: announced next ex-date 2026-09-30 (third-party); prior realised 0.47 ex 2026-06-30 equals amount (ASSUMED unchanged),no issuer row at ex-date; tier 3 needs first-party amount corroboration
rTIGO-2026-10-08-1,rTIGO,TIGO,2026-10-08,0.7500000000000000,UNRESOLVED,GROSS,2,0.75,,,,0.75 ex 2026-07-08,nasdaq_declared: 0.75 ex 2026-10-08 declared 05/20/2026 (third-party),tier 2
rTJX-2026-11-12-1,rTJX,TJX,2026-11-12,0.4800000000000000,UNRESOLVED,UNRESOLVED,,,,,2026-11-12,0.48 ex 2026-08-13,yahoo_calendar: announced next ex-date 2026-11-12 (third-party); prior realised 0.48 ex 2026-08-13 equals amount (ASSUMED unchanged),no issuer row at ex-date; tier 3 needs first-party amount corroboration
rTIGO-2027-01-08-1,rTIGO,TIGO,2027-01-08,0.7500000000000000,UNRESOLVED,UNRESOLVED,,1.50,,,,0.75 ex 2026-07-08,,amount conflict: nasdaq_declared 1.50 vs Reality 0.7500000000000000 (ratio 0.500)
rTIGO-2027-04-08-1,rTIGO,TIGO,2027-04-08,0.7500000000000000,UNRESOLVED,UNRESOLVED,,1.50,,,,,,amount conflict: nasdaq_declared 1.50 vs Reality 0.7500000000000000 (ratio 0.500)
rTPL-2026-06-01-1,rTPL,TPL,2026-06-01,0.6000000000000000,UNRESOLVED,GROSS,2,,0.6,,,0.6 ex 2026-03-02,yahoo_realised: 0.6 ex 2026-06-01 (third-party),tier 2
rTSN-2026-06-01-1,rTSN,TSN,2026-06-01,0.5100000000000000,UNRESOLVED,GROSS,2,,0.51,,,0.51 ex 2026-02-27,yahoo_realised: 0.51 ex 2026-06-01 (third-party),tier 2
rTPR-2026-06-05-1,rTPR,TPR,2026-06-05,0.4000000000000000,UNRESOLVED,GROSS,2,,0.4,,,0.4 ex 2026-03-06,yahoo_realised: 0.4 ex 2026-06-05 (third-party),tier 2
rTT-2026-06-05-1,rTT,TT,2026-06-05,1.0500000000000000,UNRESOLVED,GROSS,2,,1.05,,,1.05 ex 2026-03-06,yahoo_realised: 1.05 ex 2026-06-05 (third-party),tier 2
rTRV-2026-06-10-1,rTRV,TRV,2026-06-10,1.2500000000000000,UNRESOLVED,GROSS,2,,1.25,,,1.1 ex 2026-03-10,yahoo_realised: 1.25 ex 2026-06-10 (third-party),tier 2
rTSM-2026-06-11-1,rTSM,TSM,2026-06-11,0.7420670000000000,GROSS,GROSS,1,,,,,,bitget_notice_2026_07_24: amount and ex-date match; 30% withholding DOCUMENTED,tier 1: 2026-07-24 notice match (builder rule)
rTNL-2026-06-12-1,rTNL,TNL,2026-06-12,0.6000000000000000,UNRESOLVED,GROSS,2,,0.6,,,0.6 ex 2026-03-20,yahoo_realised: 0.6 ex 2026-06-12 (third-party),tier 2
rTROW-2026-06-15-1,rTROW,TROW,2026-06-15,1.3000000000000000,UNRESOLVED,GROSS,2,1.30,1.3,,,1.3 ex 2026-03-16,nasdaq_declared: 1.30 ex 2026-06-15 declared 05/07/2026 (third-party); yahoo_realised: 1.3 ex 2026-06-15 (third-party),tier 2
rTQQQ-2026-06-24-1,rTQQQ,TQQQ,2026-06-24,0.1712290000000000,GROSS,GROSS,1,,,,,,bitget_notice_2026_07_24: amount and ex-date match; 30% withholding DOCUMENTED,tier 1: 2026-07-24 notice match (builder rule)
rTRNO-2026-06-26-1,rTRNO,TRNO,2026-06-26,0.5200000000000000,UNRESOLVED,GROSS,2,,0.52,,,0.52 ex 2026-03-27,yahoo_realised: 0.52 ex 2026-06-26 (third-party),tier 2
rTRP-2026-06-30-1,rTRP,TRP,2026-06-30,0.6418035000000000,UNRESOLVED,UNRESOLVED,,,0.618,,,0.63 ex 2026-03-31,,amount conflict: yahoo_realised 0.618 vs Reality 0.6418035000000000 (ratio 1.039)
rTOL-2026-07-10-1,rTOL,TOL,2026-07-10,0.2600000000000000,UNRESOLVED,GROSS,2,,0.26,,,0.26 ex 2026-04-10,yahoo_realised: 0.26 ex 2026-07-10 (third-party),tier 2
rTRGP-2026-07-31-1,rTRGP,TRGP,2026-07-31,1.2500000000000000,UNRESOLVED,GROSS,2,,1.25,,,1.25 ex 2026-04-30,yahoo_realised: 1.25 ex 2026-07-31 (third-party),tier 2
rTPG-2026-08-14-1,rTPG,TPG,2026-08-14,0.5900000000000000,UNRESOLVED,GROSS,2,0.59,0.59,,,0.59 ex 2026-05-11,nasdaq_declared: 0.59 ex 2026-08-14 declared 08/04/2026 (third-party); yahoo_realised: 0.59 ex 2026-08-14 (third-party),tier 2
rTRI-2026-08-19-1,rTRI,TRI,2026-08-19,0.6550000000000000,UNRESOLVED,GROSS,2,0.655,0.655,,,0.655 ex 2026-05-20,nasdaq_declared: 0.655 ex 2026-08-19 declared 08/04/2026 (third-party); yahoo_realised: 0.655 ex 2026-08-19 (third-party),tier 2
rTRU-2026-08-20-1,rTRU,TRU,2026-08-20,0.1250000000000000,UNRESOLVED,GROSS,2,,0.125,,,0.125 ex 2026-05-27,yahoo_realised: 0.125 ex 2026-08-20 (third-party),tier 2
rTSCO-2026-08-24-1,rTSCO,TSCO,2026-08-24,0.2400000000000000,UNRESOLVED,GROSS,2,0.24,0.24,,,0.24 ex 2026-05-27,nasdaq_declared: 0.24 ex 2026-08-24 declared 08/05/2026 (third-party); yahoo_realised: 0.24 ex 2026-08-24 (third-party),tier 2
rTPL-2026-09-01-1,rTPL,TPL,2026-09-01,0.6000000000000000,UNRESOLVED,GROSS,2,,0.6,,,0.6 ex 2026-06-01,yahoo_realised: 0.6 ex 2026-09-01 (third-party),tier 2
rTSN-2026-09-01-1,rTSN,TSN,2026-09-01,0.5100000000000000,UNRESOLVED,GROSS,2,,0.51,,,0.51 ex 2026-06-01,yahoo_realised: 0.51 ex 2026-09-01 (third-party),tier 2
rTPR-2026-09-04-1,rTPR,TPR,2026-09-04,0.4625000000000000,UNRESOLVED,GROSS,2,,0.463,,,0.4 ex 2026-06-05,yahoo_realised: 0.463 ex 2026-09-04 (third-party),tier 2
rTT-2026-09-04-1,rTT,TT,2026-09-04,1.0500000000000000,UNRESOLVED,GROSS,2,,1.05,,,1.05 ex 2026-06-05,yahoo_realised: 1.05 ex 2026-09-04 (third-party),tier 2
rTRV-2026-09-10-1,rTRV,TRV,2026-09-10,1.2500000000000000,UNRESOLVED,GROSS,2,,1.25,,,1.25 ex 2026-06-10,yahoo_realised: 1.25 ex 2026-09-10 (third-party),tier 2
rTROW-2026-09-15-1,rTROW,TROW,2026-09-15,1.3000000000000000,UNRESOLVED,GROSS,2,1.30,1.3,,,1.3 ex 2026-06-15,nasdaq_declared: 1.30 ex 2026-09-15 declared 08/06/2026 (third-party); yahoo_realised: 1.3 ex 2026-09-15 (third-party),tier 2
rTNL-2026-09-16-1,rTNL,TNL,2026-09-16,0.6000000000000000,UNRESOLVED,GROSS,2,,0.6,,,0.6 ex 2026-06-12,yahoo_realised: 0.6 ex 2026-09-16 (third-party),tier 2
rTSM-2026-09-16-1,rTSM,TSM,2026-09-16,0.8748890000000000,UNRESOLVED,UNRESOLVED,,,1.107,,,0.955 ex 2026-06-11,,amount conflict: yahoo_realised 1.107 vs Reality 0.8748890000000000 (ratio 0.790)
rTRP-2026-09-29-1,rTRP,TRP,2026-09-29,0.8775000000000000,UNRESOLVED,UNRESOLVED,,,,,2026-09-29,0.618 ex 2026-06-30,yahoo_calendar: announced next ex-date 2026-09-29 (third-party),"no issuer row at ex-date; tier 3 needs first-party amount corroboration, prior-period amount"
rTRNO-2026-09-30-1,rTRNO,TRNO,2026-09-30,0.5700000000000000,UNRESOLVED,UNRESOLVED,,,,,2026-09-30,0.52 ex 2026-06-26,yahoo_calendar: announced next ex-date 2026-09-30 (third-party),"no issuer row at ex-date; tier 3 needs first-party amount corroboration, prior-period amount"
rTS-2026-11-24-1,rTS,TS,2026-11-24,1.1800000000000000,UNRESOLVED,UNRESOLVED,,,,,2026-11-24,1.2 ex 2026-05-19,yahoo_calendar: announced next ex-date 2026-11-24 (third-party); prior realised 1.2 ex 2026-05-19 equals amount (ASSUMED unchanged),no issuer row at ex-date; tier 3 needs first-party amount corroboration
rTSN-2026-12-01-1,rTSN,TSN,2026-12-01,0.5100000000000000,UNRESOLVED,UNRESOLVED,,,,,2026-12-01,0.51 ex 2026-09-01,yahoo_calendar: announced next ex-date 2026-12-01 (third-party); prior realised 0.51 ex 2026-09-01 equals amount (ASSUMED unchanged),no issuer row at ex-date; tier 3 needs first-party amount corroboration
rTSM-2026-12-10-1,rTSM,TSM,2026-12-10,0.8574969800000000,UNRESOLVED,UNRESOLVED,,,,,2026-12-10,1.107 ex 2026-09-16,yahoo_calendar: announced next ex-date 2026-12-10 (third-party),"no issuer row at ex-date; tier 3 needs first-party amount corroboration, prior-period amount"
rTW-2026-06-01-1,rTW,TW,2026-06-01,0.1400000000000000,UNRESOLVED,GROSS,2,0.14,0.14,,,0.14 ex 2026-03-02,nasdaq_declared: 0.14 ex 2026-06-01 declared N/A (third-party); yahoo_realised: 0.14 ex 2026-06-01 (third-party),tier 2
rTXRH-2026-06-02-1,rTXRH,TXRH,2026-06-02,0.7500000000000000,UNRESOLVED,GROSS,2,0.75,0.75,,,0.75 ex 2026-03-17,nasdaq_declared: 0.75 ex 2026-06-02 declared 05/06/2026 (third-party); yahoo_realised: 0.75 ex 2026-06-02 (third-party),tier 2
rTU-2026-06-10-1,rTU,TU,2026-06-10,0.3062688000000000,UNRESOLVED,GROSS,2,,0.3,,,0.308 ex 2026-03-11,yahoo_realised: 0.3 ex 2026-06-10 (third-party),tier 2
rTXT-2026-06-12-1,rTXT,TXT,2026-06-12,0.0200000000000000,UNRESOLVED,GROSS,2,,0.02,,,0.02 ex 2026-03-13,yahoo_realised: 0.02 ex 2026-06-12 (third-party),tier 2
rUBSI-2026-06-12-1,rUBSI,UBSI,2026-06-12,0.3800000000000000,UNRESOLVED,GROSS,2,0.38,0.38,,,0.38 ex 2026-03-13,nasdaq_declared: 0.38 ex 2026-06-12 declared 05/13/2026 (third-party); yahoo_realised: 0.38 ex 2026-06-12 (third-party),tier 2
rUCB-2026-06-15-1,rUCB,UCB,2026-06-15,0.2500000000000000,UNRESOLVED,GROSS,2,,0.25,,,0.25 ex 2026-03-13,yahoo_realised: 0.25 ex 2026-06-15 (third-party),tier 2
rTTC-2026-06-16-1,rTTC,TTC,2026-06-16,0.3900000000000000,UNRESOLVED,GROSS,2,,0.39,,,0.39 ex 2026-03-30,yahoo_realised: 0.39 ex 2026-06-16 (third-party),tier 2
rTZA-2026-06-23-1,rTZA,TZA,2026-06-23,0.0376800000000000,GROSS,GROSS,1,,,,,,bitget_notice_2026_07_24: amount and ex-date match; 30% withholding DOCUMENTED,tier 1: 2026-07-24 notice match (builder rule)
rTZA-2026-07-15-1,rTZA,TZA,2026-07-15,,UNRESOLVED,UNRESOLVED,,,,,,,,not a cash dividend
rUDR-2026-07-17-1,rUDR,UDR,2026-07-17,0.1450000000000000,UNRESOLVED,GROSS,2,,0.145,,,0.435 ex 2026-04-15,yahoo_realised: 0.145 ex 2026-07-17 (third-party),tier 2
rTXN-2026-07-31-1,rTXN,TXN,2026-07-31,1.4200000000000000,UNRESOLVED,GROSS,2,1.42,1.42,,,1.42 ex 2026-05-05,nasdaq_declared: 1.42 ex 2026-07-31 declared 07/16/2026 (third-party); yahoo_realised: 1.42 ex 2026-07-31 (third-party),tier 2
rTXNM-2026-08-03-1,rTXNM,TXNM,2026-08-03,0.4225000000000000,UNRESOLVED,GROSS,2,,0.423,,,0.423 ex 2026-04-27,yahoo_realised: 0.423 ex 2026-08-03 (third-party),tier 2
rTTEK-2026-08-13-1,rTTEK,TTEK,2026-08-13,0.0720000000000000,UNRESOLVED,GROSS,2,0.072,0.072,,,0.072 ex 2026-05-14,nasdaq_declared: 0.072 ex 2026-08-13 declared 07/27/2026 (third-party); yahoo_realised: 0.072 ex 2026-08-13 (third-party),tier 2
rUDR-2026-08-17-1,rUDR,UDR,2026-08-17,0.1450000000000000,UNRESOLVED,GROSS,2,,0.145,,,0.145 ex 2026-07-17,yahoo_realised: 0.145 ex 2026-08-17 (third-party),tier 2
rTW-2026-09-01-1,rTW,TW,2026-09-01,0.1400000000000000,UNRESOLVED,GROSS,2,0.14,0.14,,,0.14 ex 2026-06-01,nasdaq_declared: 0.14 ex 2026-09-01 declared N/A (third-party); yahoo_realised: 0.14 ex 2026-09-01 (third-party),tier 2
rTXRH-2026-09-01-1,rTXRH,TXRH,2026-09-01,0.7500000000000000,UNRESOLVED,GROSS,2,0.75,0.75,,,0.75 ex 2026-06-02,nasdaq_declared: 0.75 ex 2026-09-01 declared 08/05/2026 (third-party); yahoo_realised: 0.75 ex 2026-09-01 (third-party),tier 2
rTU-2026-09-10-1,rTU,TU,2026-09-10,0.1338187500000000,UNRESOLVED,UNRESOLVED,,,0.136,,,0.3 ex 2026-06-10,,amount conflict: yahoo_realised 0.136 vs Reality 0.1338187500000000 (ratio 0.984)
rTXT-2026-09-11-1,rTXT,TXT,2026-09-11,0.0200000000000000,UNRESOLVED,GROSS,2,,0.02,,,0.02 ex 2026-06-12,yahoo_realised: 0.02 ex 2026-09-11 (third-party),tier 2
rUBSI-2026-09-11-1,rUBSI,UBSI,2026-09-11,0.3800000000000000,UNRESOLVED,GROSS,2,0.38,0.38,,,0.38 ex 2026-06-12,nasdaq_declared: 0.38 ex 2026-09-11 declared 08/24/2026 (third-party); yahoo_realised: 0.38 ex 2026-09-11 (third-party),tier 2
rUCB-2026-09-15-1,rUCB,UCB,2026-09-15,0.2600000000000000,UNRESOLVED,GROSS,2,,0.26,,,0.25 ex 2026-06-15,yahoo_realised: 0.26 ex 2026-09-15 (third-party),tier 2
rUDR-2026-09-15-1,rUDR,UDR,2026-09-15,0.1450000000000000,UNRESOLVED,GROSS,2,,0.145,,,0.145 ex 2026-08-17,yahoo_realised: 0.145 ex 2026-09-15 (third-party),tier 2
rUFPI-2026-06-01-1,rUFPI,UFPI,2026-06-01,0.3600000000000000,UNRESOLVED,GROSS,2,0.36,0.36,,,0.36 ex 2026-03-02,nasdaq_declared: 0.36 ex 2026-06-01 declared 04/22/2026 (third-party); yahoo_realised: 0.36 ex 2026-06-01 (third-party),tier 2
rUNF-2026-06-05-1,rUNF,UNF,2026-06-05,0.3650000000000000,UNRESOLVED,GROSS,2,,0.365,,,0.365 ex 2026-03-06,yahoo_realised: 0.365 ex 2026-06-05 (third-party),tier 2
rUHS-2026-06-08-1,rUHS,UHS,2026-06-08,0.2000000000000000,UNRESOLVED,GROSS,2,,0.2,,,0.2 ex 2026-03-02,yahoo_realised: 0.2 ex 2026-06-08 (third-party),tier 2
rUMBF-2026-06-10-1,rUMBF,UMBF,2026-06-10,0.4300000000000000,UNRESOLVED,GROSS,2,0.43,0.43,,,0.43 ex 2026-03-10,nasdaq_declared: 0.43 ex 2026-06-10 declared 04/28/2026 (third-party); yahoo_realised: 0.43 ex 2026-06-10 (third-party),tier 2
rUGI-2026-06-15-1,rUGI,UGI,2026-06-15,0.3750000000000000,UNRESOLVED,GROSS,2,,0.375,,,0.375 ex 2026-03-16,yahoo_realised: 0.375 ex 2026-06-15 (third-party),tier 2
rUNH-2026-06-15-1,rUNH,UNH,2026-06-15,2.3200000000000000,UNRESOLVED,GROSS,2,,2.32,,,2.21 ex 2026-03-09,yahoo_realised: 2.32 ex 2026-06-15 (third-party),tier 2
rUPRO-2026-06-24-1,rUPRO,UPRO,2026-06-24,0.2990000000000000,GROSS,GROSS,1,,,,,,bitget_notice_2026_07_24: amount and ex-date match; 30% withholding DOCUMENTED,tier 1: 2026-07-24 notice match (builder rule)
rUSFR-2026-06-25-1,rUSFR,USFR,2026-06-25,0.1512000000000000,UNRESOLVED,GROSS,2,,0.151,,,0.154 ex 2026-05-26,yahoo_realised: 0.151 ex 2026-06-25 (third-party),tier 2
rUSB-2026-06-30-1,rUSB,USB,2026-06-30,0.5200000000000000,UNRESOLVED,GROSS,2,,0.52,,,0.52 ex 2026-03-31,yahoo_realised: 0.52 ex 2026-06-30 (third-party),tier 2
rUMC-2026-07-08-1,rUMC,UMC,2026-07-08,0.3156080000000000,UNRESOLVED,UNRESOLVED,,,0.412,,,,,amount conflict: yahoo_realised 0.412 vs Reality 0.3156080000000000 (ratio 0.766)
rUNM-2026-07-24-1,rUNM,UNM,2026-07-24,0.5050000000000000,UNRESOLVED,GROSS,2,,0.505,,,0.46 ex 2026-04-24,yahoo_realised: 0.505 ex 2026-07-24 (third-party),tier 2
rUSFR-2026-07-28-1,rUSFR,USFR,2026-07-28,0.1599000000000000,UNRESOLVED,GROSS,2,,0.16,,,0.151 ex 2026-06-25,yahoo_realised: 0.16 ex 2026-07-28 (third-party),tier 2
rUL-2026-08-07-1,rUL,UL,2026-08-07,0.5255000000000000,UNRESOLVED,UNRESOLVED,,,0.531,,,0.545 ex 2026-05-15,,amount conflict: yahoo_realised 0.531 vs Reality 0.5255000000000000 (ratio 0.990)
rURI-2026-08-12-1,rURI,URI,2026-08-12,1.9700000000000000,UNRESOLVED,GROSS,2,,1.97,,,1.97 ex 2026-05-13,yahoo_realised: 1.97 ex 2026-08-12 (third-party),tier 2
rUPS-2026-08-17-1,rUPS,UPS,2026-08-17,1.6400000000000000,UNRESOLVED,GROSS,2,,1.64,,,1.64 ex 2026-05-18,yahoo_realised: 1.64 ex 2026-08-17 (third-party),tier 2
rUGP-2026-08-26-1,rUGP,UGP,2026-08-26,0.1545980000000000,UNRESOLVED,UNRESOLVED,,,0.193,,,,,amount conflict: yahoo_realised 0.193 vs Reality 0.1545980000000000 (ratio 0.801)
rUSFR-2026-08-26-1,rUSFR,USFR,2026-08-26,0.1604600000000000,UNRESOLVED,GROSS,2,,0.16,,,0.16 ex 2026-07-28,yahoo_realised: 0.16 ex 2026-08-26 (third-party),tier 2
rUI-2026-08-31-1,rUI,UI,2026-08-31,1.0000000000000000,UNRESOLVED,GROSS,2,,1.0,,,0.8 ex 2026-05-18,yahoo_realised: 1.0 ex 2026-08-31 (third-party),tier 2
rULS-2026-08-31-1,rULS,ULS,2026-08-31,0.1450000000000000,UNRESOLVED,GROSS,2,,0.145,,,0.145 ex 2026-05-29,yahoo_realised: 0.145 ex 2026-08-31 (third-party),tier 2
rUFPI-2026-09-01-1,rUFPI,UFPI,2026-09-01,0.3600000000000000,UNRESOLVED,GROSS,2,0.36,0.36,,,0.36 ex 2026-06-01,nasdaq_declared: 0.36 ex 2026-09-01 declared 07/22/2026 (third-party); yahoo_realised: 0.36 ex 2026-09-01 (third-party),tier 2
rUHS-2026-09-01-1,rUHS,UHS,2026-09-01,0.2000000000000000,UNRESOLVED,GROSS,2,,0.2,,,0.2 ex 2026-06-08,yahoo_realised: 0.2 ex 2026-09-01 (third-party),tier 2
rUNF-2026-09-04-1,rUNF,UNF,2026-09-04,0.3650000000000000,UNRESOLVED,GROSS,2,,0.365,,,0.365 ex 2026-06-05,yahoo_realised: 0.365 ex 2026-09-04 (third-party),tier 2
rUMBF-2026-09-10-1,rUMBF,UMBF,2026-09-10,0.5000000000000000,UNRESOLVED,GROSS,2,0.50,0.5,,,0.43 ex 2026-06-10,nasdaq_declared: 0.50 ex 2026-09-10 declared 07/28/2026 (third-party); yahoo_realised: 0.5 ex 2026-09-10 (third-party),tier 2
rUNH-2026-09-14-1,rUNH,UNH,2026-09-14,2.3200000000000000,UNRESOLVED,GROSS,2,,2.32,,,2.32 ex 2026-06-15,yahoo_realised: 2.32 ex 2026-09-14 (third-party),tier 2
rUGI-2026-09-15-1,rUGI,UGI,2026-09-15,0.3750000000000000,UNRESOLVED,GROSS,2,,0.375,,,0.375 ex 2026-06-15,yahoo_realised: 0.375 ex 2026-09-15 (third-party),tier 2
rUSB-2026-09-30-1,rUSB,USB,2026-09-30,0.5400000000000000,UNRESOLVED,UNRESOLVED,,,,,2026-09-30,0.52 ex 2026-06-30,yahoo_calendar: announced next ex-date 2026-09-30 (third-party),"no issuer row at ex-date; tier 3 needs first-party amount corroboration, prior-period amount"
rVIRT-2026-06-01-1,rVIRT,VIRT,2026-06-01,0.2400000000000000,UNRESOLVED,GROSS,2,,0.24,,,0.24 ex 2026-02-27,yahoo_realised: 0.24 ex 2026-06-01 (third-party),tier 2
rVCTR-2026-06-10-1,rVCTR,VCTR,2026-06-10,0.5000000000000000,UNRESOLVED,GROSS,2,0.50,0.5,,,0.49 ex 2026-03-10,nasdaq_declared: 0.50 ex 2026-06-10 declared 05/06/2026 (third-party); yahoo_realised: 0.5 ex 2026-06-10 (third-party),tier 2
rVFC-2026-06-10-1,rVFC,VFC,2026-06-10,0.0900000000000000,UNRESOLVED,GROSS,2,,0.09,,,0.09 ex 2026-03-10,yahoo_realised: 0.09 ex 2026-06-10 (third-party),tier 2
rVG-2026-06-15-1,rVG,VG,2026-06-15,0.0180000000000000,UNRESOLVED,GROSS,2,,0.018,,,0.018 ex 2026-03-16,yahoo_realised: 0.018 ex 2026-06-15 (third-party),tier 2
rVLY-2026-06-15-1,rVLY,VLY,2026-06-15,0.1100000000000000,UNRESOLVED,GROSS,2,0.11,0.11,,,0.11 ex 2026-03-13,nasdaq_declared: 0.11 ex 2026-06-15 declared 05/18/2026 (third-party); yahoo_realised: 0.11 ex 2026-06-15 (third-party),tier 2
rVICI-2026-06-18-1,rVICI,VICI,2026-06-18,0.4500000000000000,UNRESOLVED,GROSS,2,,0.45,,,0.45 ex 2026-03-19,yahoo_realised: 0.45 ex 2026-06-18 (third-party),tier 2
rVGT-2026-06-24-1,rVGT,VGT,2026-06-24,0.1384000000000000,UNRESOLVED,GROSS,2,,0.138,,,0.093 ex 2026-03-24,yahoo_realised: 0.138 ex 2026-06-24 (third-party),tier 2
rVIV-2026-06-29-1,rVIV,VIV,2026-06-29,0.0229280000000000,UNRESOLVED,UNRESOLVED,,,0.028,,,0.075 ex 2026-05-28,,amount conflict: yahoo_realised 0.028 vs Reality 0.0229280000000000 (ratio 0.819)
rVLTO-2026-06-30-1,rVLTO,VLTO,2026-06-30,0.1300000000000000,UNRESOLVED,GROSS,2,,0.13,,,0.13 ex 2026-03-31,yahoo_realised: 0.13 ex 2026-06-30 (third-party),tier 2
rVIV-2026-07-28-1,rVIV,VIV,2026-07-28,0.0504790000000000,UNRESOLVED,UNRESOLVED,,,0.061,,,0.028 ex 2026-06-29,,amount conflict: yahoo_realised 0.061 vs Reality 0.0504790000000000 (ratio 0.828)
rVLO-2026-07-31-1,rVLO,VLO,2026-07-31,1.2000000000000000,UNRESOLVED,GROSS,2,,1.2,,,1.2 ex 2026-05-21,yahoo_realised: 1.2 ex 2026-07-31 (third-party),tier 2
rV-2026-08-11-1,rV,V,2026-08-11,0.6700000000000000,UNRESOLVED,GROSS,2,,0.67,,,0.67 ex 2026-05-12,yahoo_realised: 0.67 ex 2026-08-11 (third-party),tier 2
rVALE-2026-08-13-1,rVALE,VALE,2026-08-13,0.0768640000000000,UNRESOLVED,UNRESOLVED,,,0.4,,,,,amount conflict: yahoo_realised 0.4 vs Reality 0.0768640000000000 (ratio 0.192)
rVALE-2026-08-13-2,rVALE,VALE,2026-08-13,0.2497950000000000,UNRESOLVED,UNRESOLVED,,,0.4,,,,,amount conflict: yahoo_realised 0.4 vs Reality 0.2497950000000000 (ratio 0.624)
rVMC-2026-08-13-1,rVMC,VMC,2026-08-13,0.5200000000000000,UNRESOLVED,GROSS,2,,0.52,,,0.52 ex 2026-05-22,yahoo_realised: 0.52 ex 2026-08-13 (third-party),tier 2
rVIV-2026-08-27-1,rVIV,VIV,2026-08-27,0.0346740000000000,UNRESOLVED,UNRESOLVED,,,0.042,,,0.061 ex 2026-07-28,,amount conflict: yahoo_realised 0.042 vs Reality 0.0346740000000000 (ratio 0.826)
rVIRT-2026-09-01-1,rVIRT,VIRT,2026-09-01,0.2400000000000000,UNRESOLVED,GROSS,2,,0.24,,,0.24 ex 2026-06-01,yahoo_realised: 0.24 ex 2026-09-01 (third-party),tier 2
rVCTR-2026-09-10-1,rVCTR,VCTR,2026-09-10,0.5000000000000000,UNRESOLVED,GROSS,2,0.50,0.5,,,0.5 ex 2026-06-10,nasdaq_declared: 0.50 ex 2026-09-10 declared 08/05/2026 (third-party); yahoo_realised: 0.5 ex 2026-09-10 (third-party),tier 2
rVFC-2026-09-10-1,rVFC,VFC,2026-09-10,0.0900000000000000,UNRESOLVED,GROSS,2,,0.09,,,0.09 ex 2026-06-10,yahoo_realised: 0.09 ex 2026-09-10 (third-party),tier 2
rVG-2026-09-15-1,rVG,VG,2026-09-15,0.0400000000000000,UNRESOLVED,GROSS,2,,0.04,,,0.018 ex 2026-06-15,yahoo_realised: 0.04 ex 2026-09-15 (third-party),tier 2
rVLY-2026-09-15-1,rVLY,VLY,2026-09-15,0.1100000000000000,UNRESOLVED,GROSS,2,0.11,0.11,,,0.11 ex 2026-06-15,nasdaq_declared: 0.11 ex 2026-09-15 declared 07/21/2026 (third-party); yahoo_realised: 0.11 ex 2026-09-15 (third-party),tier 2
rVICI-2026-09-17-1,rVICI,VICI,2026-09-17,0.4600000000000000,UNRESOLVED,GROSS,2,,0.46,,,0.45 ex 2026-06-18,yahoo_realised: 0.46 ex 2026-09-17 (third-party),tier 2
rVIV-2026-09-28-1,rVIV,VIV,2026-09-28,0.0607380000000000,UNRESOLVED,UNRESOLVED,,,,,2026-08-27,0.042 ex 2026-08-27,,"no issuer row at ex-date; tier 3 needs first-party amount corroboration, issuer announced ex-date, prior-period amount"
rVOD-2026-06-05-1,rVOD,VOD,2026-06-05,0.2591480000000000,UNRESOLVED,UNRESOLVED,,0.269483,0.277,,,0.257 ex 2025-11-24,,amount conflict: nasdaq_declared 0.269483 vs Reality 0.2591480000000000 (ratio 0.962); yahoo_realised 0.277 vs Reality 0.2591480000000000 (ratio 0.936)
rVRSK-2026-06-15-1,rVRSK,VRSK,2026-06-15,0.5000000000000000,UNRESOLVED,GROSS,2,0.50,0.5,,,0.5 ex 2026-03-13,nasdaq_declared: 0.50 ex 2026-06-15 declared 04/27/2026 (third-party); yahoo_realised: 0.5 ex 2026-06-15 (third-party),tier 2
rVRT-2026-06-15-1,rVRT,VRT,2026-06-15,0.0625000000000000,UNRESOLVED,GROSS,2,,0.063,,,0.063 ex 2026-03-17,yahoo_realised: 0.063 ex 2026-06-15 (third-party),tier 2
rVSH-2026-06-18-1,rVSH,VSH,2026-06-18,0.1000000000000000,UNRESOLVED,GROSS,2,,0.1,,,0.1 ex 2026-03-12,yahoo_realised: 0.1 ex 2026-06-18 (third-party),tier 2
rVXUS-2026-06-18-1,rVXUS,VXUS,2026-06-18,0.3861000000000000,UNRESOLVED,GROSS,2,0.3861,0.386,,,0.08 ex 2026-03-20,nasdaq_declared: 0.3861 ex 2026-06-18 declared 06/16/2026 (third-party); yahoo_realised: 0.386 ex 2026-06-18 (third-party),tier 2
rVST-2026-06-22-1,rVST,VST,2026-06-22,0.2290000000000000,GROSS,GROSS,1,,,,,,bitget_notice_2026_07_24: amount and ex-date match; 30% withholding DOCUMENTED,tier 1: 2026-07-24 notice match (builder rule)
rVNQ-2026-06-24-1,rVNQ,VNQ,2026-06-24,0.8554000000000000,UNRESOLVED,GROSS,2,,0.855,,,0.946 ex 2026-03-24,yahoo_realised: 0.855 ex 2026-06-24 (third-party),tier 2
rVMI-2026-06-26-1,rVMI,VMI,2026-06-26,0.7700000000000000,UNRESOLVED,GROSS,2,,0.77,,,0.77 ex 2026-03-27,yahoo_realised: 0.77 ex 2026-06-26 (third-party),tier 2
rVOO-2026-06-26-1,rVOO,VOO,2026-06-26,1.9622000000000000,GROSS,GROSS,1,,,,,,bitget_notice_2026_07_24: amount and ex-date match; 30% withholding DOCUMENTED,tier 1: 2026-07-24 notice match (builder rule)
rVTI-2026-06-26-1,rVTI,VTI,2026-06-26,1.0437000000000000,UNRESOLVED,GROSS,2,,1.044,,,0.998 ex 2026-03-27,yahoo_realised: 1.044 ex 2026-06-26 (third-party),tier 2
rVTV-2026-06-26-1,rVTV,VTV,2026-06-26,1.0818000000000000,GROSS,GROSS,1,,,,,,bitget_notice_2026_07_24: amount and ex-date match; 30% withholding DOCUMENTED,tier 1: 2026-07-24 notice match (builder rule)
rVSNT-2026-07-01-1,rVSNT,VSNT,2026-07-01,0.3750000000000000,UNRESOLVED,GROSS,2,0.375,0.375,,,0.375 ex 2026-04-01,nasdaq_declared: 0.375 ex 2026-07-01 declared 05/14/2026 (third-party); yahoo_realised: 0.375 ex 2026-07-01 (third-party),tier 2
rVZ-2026-07-10-1,rVZ,VZ,2026-07-10,0.7075000000000000,UNRESOLVED,GROSS,2,,0.708,,,0.708 ex 2026-04-10,yahoo_realised: 0.708 ex 2026-07-10 (third-party),tier 2
rVSEC-2026-07-15-1,rVSEC,VSEC,2026-07-15,0.1000000000000000,UNRESOLVED,GROSS,2,0.10,0.1,,,0.1 ex 2026-04-15,nasdaq_declared: 0.10 ex 2026-07-15 declared 05/07/2026 (third-party); yahoo_realised: 0.1 ex 2026-07-15 (third-party),tier 2
rVNOM-2026-08-13-1,rVNOM,VNOM,2026-08-13,0.2900000000000000,UNRESOLVED,UNRESOLVED,,0.67,0.67,,,0.68 ex 2026-05-14,,amount conflict: nasdaq_declared 0.67 vs Reality 0.2900000000000000 (ratio 0.433); yahoo_realised 0.67 vs Reality 0.2900000000000000 (ratio 0.433)
rVNOM-2026-08-13-2,rVNOM,VNOM,2026-08-13,0.3800000000000000,UNRESOLVED,UNRESOLVED,,0.67,0.67,,,0.68 ex 2026-05-14,,amount conflict: nasdaq_declared 0.67 vs Reality 0.3800000000000000 (ratio 0.567); yahoo_realised 0.67 vs Reality 0.3800000000000000 (ratio 0.567)
rVRSN-2026-08-19-1,rVRSN,VRSN,2026-08-19,0.8100000000000000,UNRESOLVED,GROSS,2,0.81,0.81,,,0.81 ex 2026-05-19,nasdaq_declared: 0.81 ex 2026-08-19 declared 07/20/2026 (third-party); yahoo_realised: 0.81 ex 2026-08-19 (third-party),tier 2
rVTRS-2026-08-21-1,rVTRS,VTRS,2026-08-21,0.1200000000000000,UNRESOLVED,GROSS,2,0.12,0.12,,,0.12 ex 2026-05-22,nasdaq_declared: 0.12 ex 2026-08-21 declared 08/03/2026 (third-party); yahoo_realised: 0.12 ex 2026-08-21 (third-party),tier 2
rVOYA-2026-08-26-1,rVOYA,VOYA,2026-08-26,0.4700000000000000,UNRESOLVED,GROSS,2,,0.47,,,0.47 ex 2026-05-26,yahoo_realised: 0.47 ex 2026-08-26 (third-party),tier 2
rVSH-2026-09-10-1,rVSH,VSH,2026-09-10,0.1000000000000000,UNRESOLVED,GROSS,2,,0.1,,,0.1 ex 2026-06-18,yahoo_realised: 0.1 ex 2026-09-10 (third-party),tier 2
rVRT-2026-09-14-1,rVRT,VRT,2026-09-14,0.0625000000000000,UNRESOLVED,GROSS,2,,0.063,,,0.063 ex 2026-06-15,yahoo_realised: 0.063 ex 2026-09-14 (third-party),tier 2
rVRSK-2026-09-15-1,rVRSK,VRSK,2026-09-15,0.5000000000000000,UNRESOLVED,GROSS,2,0.50,0.5,,,0.5 ex 2026-06-15,nasdaq_declared: 0.50 ex 2026-09-15 declared 07/27/2026 (third-party); yahoo_realised: 0.5 ex 2026-09-15 (third-party),tier 2
rVXUS-2026-09-18-1,rVXUS,VXUS,2026-09-18,0.1560000000000000,UNRESOLVED,GROSS,2,0.1562,0.156,,,0.386 ex 2026-06-18,nasdaq_declared: 0.1562 ex 2026-09-18 declared 09/16/2026 (third-party); yahoo_realised: 0.156 ex 2026-09-18 (third-party),tier 2
rVST-2026-09-21-1,rVST,VST,2026-09-21,0.2300000000000000,UNRESOLVED,GROSS,3,,,0.23,2026-09-21,0.229 ex 2026-06-22,"perp_dividend_2026_09_16: 0.23 ex 2026-09-21 (first-party; amount only, no tax statement); yahoo_calendar: announced next ex-date 2026-09-21 (third-party); prior realised 0.229 ex 2026-06-22 equals amount (ASSUMED unchanged)",tier 3
rVMI-2026-09-25-1,rVMI,VMI,2026-09-25,0.7700000000000000,UNRESOLVED,UNRESOLVED,,,,,2026-09-25,0.77 ex 2026-06-26,yahoo_calendar: announced next ex-date 2026-09-25 (third-party); prior realised 0.77 ex 2026-06-26 equals amount (ASSUMED unchanged),no issuer row at ex-date; tier 3 needs first-party amount corroboration
rVSNT-2026-10-01-1,rVSNT,VSNT,2026-10-01,0.3750000000000000,UNRESOLVED,GROSS,2,0.375,,,,0.375 ex 2026-07-01,nasdaq_declared: 0.375 ex 2026-10-01 declared 08/06/2026 (third-party),tier 2
rVZ-2026-10-09-1,rVZ,VZ,2026-10-09,0.7075000000000000,UNRESOLVED,UNRESOLVED,,,,,2026-10-09,0.708 ex 2026-07-10,yahoo_calendar: announced next ex-date 2026-10-09 (third-party); prior realised 0.708 ex 2026-07-10 equals amount (ASSUMED unchanged),no issuer row at ex-date; tier 3 needs first-party amount corroboration
rVSEC-2026-10-15-1,rVSEC,VSEC,2026-10-15,0.1000000000000000,UNRESOLVED,GROSS,2,0.10,,,,0.1 ex 2026-07-15,nasdaq_declared: 0.10 ex 2026-10-15 declared 08/04/2026 (third-party),tier 2
rWHD-2026-06-01-1,rWHD,WHD,2026-06-01,0.1400000000000000,UNRESOLVED,GROSS,2,,0.14,,,0.14 ex 2026-03-02,yahoo_realised: 0.14 ex 2026-06-01 (third-party),tier 2
rWBI-2026-06-04-1,rWBI,WBI,2026-06-04,0.0500000000000000,UNRESOLVED,GROSS,2,,0.05,,,0.05 ex 2026-03-05,yahoo_realised: 0.05 ex 2026-06-04 (third-party),tier 2
rWDC-2026-06-05-1,rWDC,WDC,2026-06-05,0.1500000000000000,UNRESOLVED,GROSS,2,0.15,0.15,,,0.125 ex 2026-03-05,nasdaq_declared: 0.15 ex 2026-06-05 declared 04/29/2026 (third-party); yahoo_realised: 0.15 ex 2026-06-05 (third-party),tier 2
rWM-2026-06-05-1,rWM,WM,2026-06-05,0.9450000000000000,UNRESOLVED,GROSS,2,,0.945,,,0.945 ex 2026-03-13,yahoo_realised: 0.945 ex 2026-06-05 (third-party),tier 2
rWCC-2026-06-12-1,rWCC,WCC,2026-06-12,0.5000000000000000,UNRESOLVED,GROSS,2,,0.5,,,0.5 ex 2026-03-13,yahoo_realised: 0.5 ex 2026-06-12 (third-party),tier 2
rWH-2026-06-15-1,rWH,WH,2026-06-15,0.4300000000000000,UNRESOLVED,GROSS,2,,0.43,,,0.43 ex 2026-03-20,yahoo_realised: 0.43 ex 2026-06-15 (third-party),tier 2
rWFG-2026-06-25-1,rWFG,WFG,2026-06-25,0.3200000000000000,UNRESOLVED,GROSS,2,,0.32,,,0.32 ex 2026-03-13,yahoo_realised: 0.32 ex 2026-06-25 (third-party),tier 2
rWIT-2026-07-27-1,rWIT,WIT,2026-07-27,0.0185070000000000,UNRESOLVED,UNRESOLVED,,,0.021,,,,,amount conflict: yahoo_realised 0.021 vs Reality 0.0185070000000000 (ratio 0.881)
rWES-2026-07-31-1,rWES,WES,2026-07-31,0.9300000000000000,UNRESOLVED,GROSS,2,,0.93,,,0.93 ex 2026-05-01,yahoo_realised: 0.93 ex 2026-07-31 (third-party),tier 2
rWCN-2026-08-06-1,rWCN,WCN,2026-08-06,0.3500000000000000,UNRESOLVED,GROSS,2,,0.35,,,0.35 ex 2026-05-06,yahoo_realised: 0.35 ex 2026-08-06 (third-party),tier 2
rWFRD-2026-08-06-1,rWFRD,WFRD,2026-08-06,0.2750000000000000,UNRESOLVED,GROSS,2,0.275,0.275,,,0.275 ex 2026-05-06,nasdaq_declared: 0.275 ex 2026-08-06 declared 07/16/2026 (third-party); yahoo_realised: 0.275 ex 2026-08-06 (third-party),tier 2
rWFC-2026-08-07-1,rWFC,WFC,2026-08-07,0.5000000000000000,UNRESOLVED,GROSS,2,,0.5,,,0.45 ex 2026-05-08,yahoo_realised: 0.5 ex 2026-08-07 (third-party),tier 2
rWF-2026-08-10-1,rWF,WF,2026-08-10,0.4653620100000000,UNRESOLVED,UNRESOLVED,,,,,2026-08-10,,yahoo_calendar: announced next ex-date 2026-08-10 (third-party),"no issuer row at ex-date; tier 3 needs first-party amount corroboration, prior-period amount"
rWELL-2026-08-12-1,rWELL,WELL,2026-08-12,0.8500000000000000,UNRESOLVED,GROSS,2,,0.85,,,0.74 ex 2026-05-13,yahoo_realised: 0.85 ex 2026-08-12 (third-party),tier 2
rWAL-2026-08-13-1,rWAL,WAL,2026-08-13,0.4200000000000000,UNRESOLVED,GROSS,2,,0.42,,,0.42 ex 2026-05-14,yahoo_realised: 0.42 ex 2026-08-13 (third-party),tier 2
rWEC-2026-08-14-1,rWEC,WEC,2026-08-14,0.9525000000000000,UNRESOLVED,GROSS,2,,0.953,,,0.953 ex 2026-05-14,yahoo_realised: 0.953 ex 2026-08-14 (third-party),tier 2
rWAB-2026-08-18-1,rWAB,WAB,2026-08-18,0.3100000000000000,UNRESOLVED,GROSS,2,,0.31,,,0.31 ex 2026-05-22,yahoo_realised: 0.31 ex 2026-08-18 (third-party),tier 2
rWLK-2026-08-25-1,rWLK,WLK,2026-08-25,0.5330000000000000,UNRESOLVED,GROSS,2,,0.533,,,0.53 ex 2026-05-27,yahoo_realised: 0.533 ex 2026-08-25 (third-party),tier 2
rWBI-2026-08-27-1,rWBI,WBI,2026-08-27,0.0500000000000000,UNRESOLVED,GROSS,2,,0.05,,,0.05 ex 2026-06-04,yahoo_realised: 0.05 ex 2026-08-27 (third-party),tier 2
rWHD-2026-08-31-1,rWHD,WHD,2026-08-31,0.1500000000000000,UNRESOLVED,GROSS,2,,0.15,,,0.14 ex 2026-06-01,yahoo_realised: 0.15 ex 2026-08-31 (third-party),tier 2
rWDS-2026-09-04-1,rWDS,WDS,2026-09-04,0.5500000000000000,UNRESOLVED,UNRESOLVED,,,0.57,,,0.59 ex 2026-03-06,,amount conflict: yahoo_realised 0.57 vs Reality 0.5500000000000000 (ratio 0.965)
rWDC-2026-09-08-1,rWDC,WDC,2026-09-08,0.1500000000000000,UNRESOLVED,GROSS,2,0.15,0.15,,,0.15 ex 2026-06-05,nasdaq_declared: 0.15 ex 2026-09-08 declared 08/04/2026 (third-party); yahoo_realised: 0.15 ex 2026-09-08 (third-party),tier 2
rWCC-2026-09-11-1,rWCC,WCC,2026-09-11,0.5000000000000000,UNRESOLVED,GROSS,2,,0.5,,,0.5 ex 2026-06-12,yahoo_realised: 0.5 ex 2026-09-11 (third-party),tier 2
rWM-2026-09-11-1,rWM,WM,2026-09-11,0.9450000000000000,UNRESOLVED,GROSS,2,,0.945,,,0.945 ex 2026-06-05,yahoo_realised: 0.945 ex 2026-09-11 (third-party),tier 2
rWH-2026-09-15-1,rWH,WH,2026-09-15,0.4300000000000000,UNRESOLVED,GROSS,2,,0.43,,,0.43 ex 2026-06-15,yahoo_realised: 0.43 ex 2026-09-15 (third-party),tier 2
rWTS-2026-06-01-1,rWTS,WTS,2026-06-01,0.6300000000000000,UNRESOLVED,GROSS,2,,0.63,,,0.52 ex 2026-02-27,yahoo_realised: 0.63 ex 2026-06-01 (third-party),tier 2
rWSC-2026-06-03-1,rWSC,WSC,2026-06-03,0.0700000000000000,UNRESOLVED,GROSS,2,0.07,0.07,,,0.07 ex 2026-03-04,nasdaq_declared: 0.07 ex 2026-06-03 declared 05/07/2026 (third-party); yahoo_realised: 0.07 ex 2026-06-03 (third-party),tier 2
rWY-2026-06-05-1,rWY,WY,2026-06-05,0.2100000000000000,UNRESOLVED,GROSS,2,,0.21,,,0.21 ex 2026-03-10,yahoo_realised: 0.21 ex 2026-06-05 (third-party),tier 2
rWMB-2026-06-12-1,rWMB,WMB,2026-06-12,0.5250000000000000,UNRESOLVED,GROSS,2,,0.525,,,0.525 ex 2026-03-13,yahoo_realised: 0.525 ex 2026-06-12 (third-party),tier 2
rXEL-2026-06-15-1,rXEL,XEL,2026-06-15,0.5925000000000000,UNRESOLVED,GROSS,2,0.5925,0.593,,,0.593 ex 2026-03-13,nasdaq_declared: 0.5925 ex 2026-06-15 declared 05/20/2026 (third-party); yahoo_realised: 0.593 ex 2026-06-15 (third-party),tier 2
rXBI-2026-06-22-1,rXBI,XBI,2026-06-22,0.1380940000000000,UNRESOLVED,GROSS,2,,0.138,,,0.407 ex 2025-12-22,yahoo_realised: 0.138 ex 2026-06-22 (third-party),tier 2
rXLK-2026-06-22-1,rXLK,XLK,2026-06-22,0.2279180000000000,UNRESOLVED,GROSS,2,,0.228,,,0.168 ex 2026-03-23,yahoo_realised: 0.228 ex 2026-06-22 (third-party),tier 2
rWRB-2026-06-23-1,rWRB,WRB,2026-06-23,0.1000000000000000,UNRESOLVED,UNRESOLVED,,,0.6,,,0.09 ex 2026-02-23,,amount conflict: yahoo_realised 0.6 vs Reality 0.1000000000000000 (ratio 0.167)
rWRB-2026-06-23-2,rWRB,WRB,2026-06-23,0.5000000000000000,UNRESOLVED,UNRESOLVED,,,0.6,,,0.09 ex 2026-02-23,,amount conflict: yahoo_realised 0.6 vs Reality 0.5000000000000000 (ratio 0.833)
rWPC-2026-06-30-1,rWPC,WPC,2026-06-30,0.9400000000000000,UNRESOLVED,GROSS,2,,0.94,,,0.93 ex 2026-03-31,yahoo_realised: 0.94 ex 2026-06-30 (third-party),tier 2
rWTW-2026-06-30-1,rWTW,WTW,2026-06-30,0.9600000000000000,UNRESOLVED,GROSS,2,0.96,0.96,,,0.96 ex 2026-03-31,nasdaq_declared: 0.96 ex 2026-06-30 declared 05/19/2026 (third-party); yahoo_realised: 0.96 ex 2026-06-30 (third-party),tier 2
rWSO-2026-07-16-1,rWSO,WSO,2026-07-16,3.3000000000000000,UNRESOLVED,GROSS,2,,3.3,,,3.3 ex 2026-04-16,yahoo_realised: 3.3 ex 2026-07-16 (third-party),tier 2
rWSM-2026-07-17-1,rWSM,WSM,2026-07-17,0.7600000000000000,UNRESOLVED,GROSS,2,,0.76,,,0.76 ex 2026-04-17,yahoo_realised: 0.76 ex 2026-07-17 (third-party),tier 2
rWST-2026-07-29-1,rWST,WST,2026-07-29,0.2200000000000000,UNRESOLVED,GROSS,2,,0.22,,,0.22 ex 2026-04-29,yahoo_realised: 0.22 ex 2026-07-29 (third-party),tier 2
rWTFC-2026-08-06-1,rWTFC,WTFC,2026-08-06,0.5500000000000000,UNRESOLVED,GROSS,2,0.55,0.55,,,0.55 ex 2026-05-14,nasdaq_declared: 0.55 ex 2026-08-06 declared 07/23/2026 (third-party); yahoo_realised: 0.55 ex 2026-08-06 (third-party),tier 2
rWTRG-2026-08-11-1,rWTRG,WTRG,2026-08-11,0.3606000000000000,UNRESOLVED,GROSS,2,,0.361,,,0.343 ex 2026-05-12,yahoo_realised: 0.361 ex 2026-08-11 (third-party),tier 2
rWYNN-2026-08-14-1,rWYNN,WYNN,2026-08-14,0.2500000000000000,UNRESOLVED,GROSS,2,0.25,0.25,,,0.25 ex 2026-05-18,nasdaq_declared: 0.25 ex 2026-08-14 declared 08/04/2026 (third-party); yahoo_realised: 0.25 ex 2026-08-14 (third-party),tier 2
rWMG-2026-08-20-1,rWMG,WMG,2026-08-20,0.2000000000000000,UNRESOLVED,GROSS,2,0.20,0.2,,,0.19 ex 2026-05-26,nasdaq_declared: 0.20 ex 2026-08-20 declared N/A (third-party); yahoo_realised: 0.2 ex 2026-08-20 (third-party),tier 2
rWPM-2026-08-20-1,rWPM,WPM,2026-08-20,0.1950000000000000,UNRESOLVED,GROSS,2,,0.195,,,0.195 ex 2026-05-27,yahoo_realised: 0.195 ex 2026-08-20 (third-party),tier 2
rWWD-2026-08-20-1,rWWD,WWD,2026-08-20,0.3200000000000000,UNRESOLVED,GROSS,2,0.32,0.32,,,0.32 ex 2026-05-21,nasdaq_declared: 0.32 ex 2026-08-20 declared 06/25/2026 (third-party); yahoo_realised: 0.32 ex 2026-08-20 (third-party),tier 2
rWMT-2026-08-21-1,rWMT,WMT,2026-08-21,0.2475000000000000,UNRESOLVED,GROSS,2,0.2475,0.248,,,0.248 ex 2026-05-08,nasdaq_declared: 0.2475 ex 2026-08-21 declared 02/19/2026 (third-party); yahoo_realised: 0.248 ex 2026-08-21 (third-party),tier 2
rWTS-2026-09-01-1,rWTS,WTS,2026-09-01,0.6300000000000000,UNRESOLVED,GROSS,2,,0.63,,,0.63 ex 2026-06-01,yahoo_realised: 0.63 ex 2026-09-01 (third-party),tier 2
rWSC-2026-09-02-1,rWSC,WSC,2026-09-02,0.0700000000000000,UNRESOLVED,GROSS,2,0.07,0.07,,,0.07 ex 2026-06-03,nasdaq_declared: 0.07 ex 2026-09-02 declared N/A (third-party); yahoo_realised: 0.07 ex 2026-09-02 (third-party),tier 2
rWY-2026-09-04-1,rWY,WY,2026-09-04,0.2100000000000000,UNRESOLVED,GROSS,2,,0.21,,,0.21 ex 2026-06-05,yahoo_realised: 0.21 ex 2026-09-04 (third-party),tier 2
rWMB-2026-09-11-1,rWMB,WMB,2026-09-11,0.5250000000000000,UNRESOLVED,GROSS,2,,0.525,,,0.525 ex 2026-06-12,yahoo_realised: 0.525 ex 2026-09-11 (third-party),tier 2
rXEL-2026-09-15-1,rXEL,XEL,2026-09-15,0.5925000000000000,UNRESOLVED,GROSS,2,0.5925,0.593,,,0.593 ex 2026-06-15,nasdaq_declared: 0.5925 ex 2026-09-15 declared 07/29/2026 (third-party); yahoo_realised: 0.593 ex 2026-09-15 (third-party),tier 2
rWRB-2026-09-21-1,rWRB,WRB,2026-09-21,0.1000000000000000,UNRESOLVED,UNRESOLVED,,,,,2026-09-21,0.6 ex 2026-06-23,yahoo_calendar: announced next ex-date 2026-09-21 (third-party),"no issuer row at ex-date; tier 3 needs first-party amount corroboration, prior-period amount"
rWTW-2026-09-30-1,rWTW,WTW,2026-09-30,0.9600000000000000,UNRESOLVED,GROSS,2,0.96,,,,0.96 ex 2026-06-30,nasdaq_declared: 0.96 ex 2026-09-30 declared 08/27/2026 (third-party),tier 2
rWMT-2026-12-11-1,rWMT,WMT,2026-12-11,0.2475000000000000,UNRESOLVED,GROSS,2,0.2475,,,,0.248 ex 2026-08-21,nasdaq_declared: 0.2475 ex 2026-12-11 declared 02/19/2026 (third-party),tier 2
rXP-2026-06-10-1,rXP,XP,2026-06-10,0.2000000000000000,UNRESOLVED,GROSS,2,0.20,0.2,,,0.18 ex 2025-12-10,nasdaq_declared: 0.20 ex 2026-06-10 declared 05/18/2026 (third-party); yahoo_realised: 0.2 ex 2026-06-10 (third-party),tier 2
rYOU-2026-06-10-1,rYOU,YOU,2026-06-10,0.1500000000000000,UNRESOLVED,GROSS,2,,0.15,,,0.35 ex 2026-03-10,yahoo_realised: 0.15 ex 2026-06-10 (third-party),tier 2
rXLU-2026-06-22-1,rXLU,XLU,2026-06-22,0.2844150000000000,UNRESOLVED,GROSS,2,,0.284,,,0.31 ex 2026-03-23,yahoo_realised: 0.284 ex 2026-06-22 (third-party),tier 2
rXLV-2026-06-22-1,rXLV,XLV,2026-06-22,0.6562520000000000,UNRESOLVED,GROSS,2,,0.656,,,0.595 ex 2026-03-23,yahoo_realised: 0.656 ex 2026-06-22 (third-party),tier 2
rYANG-2026-06-23-1,rYANG,YANG,2026-06-23,0.1631400000000000,GROSS,GROSS,1,,,,,,bitget_notice_2026_07_24: amount and ex-date match; 30% withholding DOCUMENTED,tier 1: 2026-07-24 notice match (builder rule)
rYINN-2026-06-23-1,rYINN,YINN,2026-06-23,0.2094300000000000,GROSS,GROSS,1,,,,,,bitget_notice_2026_07_24: amount and ex-date match; 30% withholding DOCUMENTED,tier 1: 2026-07-24 notice match (builder rule)
rZBH-2026-06-25-1,rZBH,ZBH,2026-06-25,0.2400000000000000,UNRESOLVED,GROSS,2,,0.24,,,0.24 ex 2026-03-31,yahoo_realised: 0.24 ex 2026-06-25 (third-party),tier 2
rZGN-2026-07-06-1,rZGN,ZGN,2026-07-06,0.1407480000000000,UNRESOLVED,UNRESOLVED,,,0.137,,,,,amount conflict: yahoo_realised 0.137 vs Reality 0.1407480000000000 (ratio 1.027)
rYMM-2026-07-07-1,rYMM,YMM,2026-07-07,0.0798000000000000,UNRESOLVED,UNRESOLVED,,,0.084,,,0.084 ex 2026-04-08,,amount conflict: yahoo_realised 0.084 vs Reality 0.0798000000000000 (ratio 0.950)
rZION-2026-08-13-1,rZION,ZION,2026-08-13,0.4800000000000000,UNRESOLVED,GROSS,2,0.48,0.48,,,0.45 ex 2026-05-14,nasdaq_declared: 0.48 ex 2026-08-13 declared 07/30/2026 (third-party); yahoo_realised: 0.48 ex 2026-08-13 (third-party),tier 2
rXOM-2026-08-17-1,rXOM,XOM,2026-08-17,1.0300000000000000,UNRESOLVED,GROSS,2,,1.03,,,1.03 ex 2026-05-15,yahoo_realised: 1.03 ex 2026-08-17 (third-party),tier 2
rXYL-2026-08-27-1,rXYL,XYL,2026-08-27,0.4300000000000000,UNRESOLVED,GROSS,2,,0.43,,,0.43 ex 2026-05-28,yahoo_realised: 0.43 ex 2026-08-27 (third-party),tier 2
rYUMC-2026-08-27-1,rYUMC,YUMC,2026-08-27,0.2900000000000000,UNRESOLVED,GROSS,2,,0.29,,,0.29 ex 2026-05-27,yahoo_realised: 0.29 ex 2026-08-27 (third-party),tier 2
rYUM-2026-09-09-1,rYUM,YUM,2026-09-09,0.7500000000000000,UNRESOLVED,GROSS,2,,0.75,,,0.75 ex 2026-05-27,yahoo_realised: 0.75 ex 2026-09-09 (third-party),tier 2
rYOU-2026-09-10-1,rYOU,YOU,2026-09-10,0.1500000000000000,UNRESOLVED,GROSS,2,,0.15,,,0.15 ex 2026-06-10,yahoo_realised: 0.15 ex 2026-09-10 (third-party),tier 2
rZBH-2026-09-30-1,rZBH,ZBH,2026-09-30,0.2400000000000000,UNRESOLVED,UNRESOLVED,,,,,2026-09-30,0.24 ex 2026-06-25,yahoo_calendar: announced next ex-date 2026-09-30 (third-party); prior realised 0.24 ex 2026-06-25 equals amount (ASSUMED unchanged),no issuer row at ex-date; tier 3 needs first-party amount corroboration
rYMM-2026-10-14-1,rYMM,YMM,2026-10-14,0.0840000000000000,UNRESOLVED,UNRESOLVED,,,,,2026-10-14,0.084 ex 2026-07-07,yahoo_calendar: announced next ex-date 2026-10-14 (third-party); prior realised 0.084 ex 2026-07-07 equals amount (ASSUMED unchanged),no issuer row at ex-date; tier 3 needs first-party amount corroboration
rZTS-2026-07-20-1,rZTS,ZTS,2026-07-20,0.5300000000000000,UNRESOLVED,GROSS,2,,0.53,,,0.53 ex 2026-04-20,yahoo_realised: 0.53 ex 2026-07-20 (third-party),tier 2
rZWS-2026-08-20-1,rZWS,ZWS,2026-08-20,0.1100000000000000,UNRESOLVED,GROSS,2,,0.11,,,0.11 ex 2026-05-20,yahoo_realised: 0.11 ex 2026-08-20 (third-party),tier 2
