event_id,symbol,underlying,ex_date,reality_amount,basis_before,basis_after,tier,issuer_declared,issuer_realised,perp_notice,calendar_ex_date,prior_realised,evidence,reason
rADI-2026-06-02-1,rADI,ADI,2026-06-02,1.1000000000000000,UNRESOLVED,UNRESOLVED,,,,,,,,"no issuer row at ex-date; tier 3 needs first-party amount corroboration, issuer announced ex-date, prior-period amount"
rAAON-2026-06-05-1,rAAON,AAON,2026-06-05,0.1000000000000000,UNRESOLVED,UNRESOLVED,,,,,,,,"no issuer row at ex-date; tier 3 needs first-party amount corroboration, issuer announced ex-date, prior-period amount"
rABEV-2026-06-24-1,rABEV,ABEV,2026-06-24,0.0057280000000000,UNRESOLVED,UNRESOLVED,,,,,,,,"no issuer row at ex-date; tier 3 needs first-party amount corroboration, issuer announced ex-date, prior-period amount"
rA-2026-06-30-1,rA,A,2026-06-30,0.2550000000000000,UNRESOLVED,UNRESOLVED,,,,,,,,"no issuer row at ex-date; tier 3 needs first-party amount corroboration, issuer announced ex-date, prior-period amount"
rABCB-2026-06-30-1,rABCB,ABCB,2026-06-30,0.2000000000000000,UNRESOLVED,UNRESOLVED,,,,,,,,"no issuer row at ex-date; tier 3 needs first-party amount corroboration, issuer announced ex-date, prior-period amount"
rADC-2026-06-30-1,rADC,ADC,2026-06-30,0.2670000000000000,UNRESOLVED,UNRESOLVED,,,,,,,,"no issuer row at ex-date; tier 3 needs first-party amount corroboration, issuer announced ex-date, prior-period amount"
rACM-2026-07-01-1,rACM,ACM,2026-07-01,0.3100000000000000,UNRESOLVED,UNRESOLVED,,,,,,,,"no issuer row at ex-date; tier 3 needs first-party amount corroboration, issuer announced ex-date, prior-period amount"
rACN-2026-07-09-1,rACN,ACN,2026-07-09,1.6300000000000000,UNRESOLVED,UNRESOLVED,,,,,,,,"no issuer row at ex-date; tier 3 needs first-party amount corroboration, issuer announced ex-date, prior-period amount"
rABBV-2026-07-15-1,rABBV,ABBV,2026-07-15,1.7300000000000000,UNRESOLVED,UNRESOLVED,,,,,,,,"no issuer row at ex-date; tier 3 needs first-party amount corroboration, issuer announced ex-date, prior-period amount"
rABT-2026-07-15-1,rABT,ABT,2026-07-15,0.6300000000000000,UNRESOLVED,UNRESOLVED,,,,,,,,"no issuer row at ex-date; tier 3 needs first-party amount corroboration, issuer announced ex-date, prior-period amount"
rACI-2026-07-24-1,rACI,ACI,2026-07-24,0.1700000000000000,UNRESOLVED,UNRESOLVED,,,,,,,,"no issuer row at ex-date; tier 3 needs first-party amount corroboration, issuer announced ex-date, prior-period amount"
rADC-2026-07-31-1,rADC,ADC,2026-07-31,0.2670000000000000,UNRESOLVED,UNRESOLVED,,,,,,,,"no issuer row at ex-date; tier 3 needs first-party amount corroboration, issuer announced ex-date, prior-period amount"
rAAPL-2026-08-10-1,rAAPL,AAPL,2026-08-10,0.2700000000000000,UNRESOLVED,UNRESOLVED,,,,,,,,"no issuer row at ex-date; tier 3 needs first-party amount corroboration, issuer announced ex-date, prior-period amount"
rAA-2026-08-11-1,rAA,AA,2026-08-11,0.1000000000000000,UNRESOLVED,UNRESOLVED,,,,,,,,"no issuer row at ex-date; tier 3 needs first-party amount corroboration, issuer announced ex-date, prior-period amount"
rACT-2026-08-20-1,rACT,ACT,2026-08-20,0.2400000000000000,UNRESOLVED,UNRESOLVED,,,,,,,,"no issuer row at ex-date; tier 3 needs first-party amount corroboration, issuer announced ex-date, prior-period amount"
rADC-2026-08-31-1,rADC,ADC,2026-08-31,0.2670000000000000,UNRESOLVED,UNRESOLVED,,,,,,,,"no issuer row at ex-date; tier 3 needs first-party amount corroboration, issuer announced ex-date, prior-period amount"
rADI-2026-09-01-1,rADI,ADI,2026-09-01,1.1000000000000000,UNRESOLVED,UNRESOLVED,,,,,,,,"no issuer row at ex-date; tier 3 needs first-party amount corroboration, issuer announced ex-date, prior-period amount"
rAAON-2026-09-04-1,rAAON,AAON,2026-09-04,0.1000000000000000,UNRESOLVED,UNRESOLVED,,,,,,,,"no issuer row at ex-date; tier 3 needs first-party amount corroboration, issuer announced ex-date, prior-period amount"
rABEV-2026-09-23-1,rABEV,ABEV,2026-09-23,0.0139660000000000,UNRESOLVED,UNRESOLVED,,,,,,,,"no issuer row at ex-date; tier 3 needs first-party amount corroboration, issuer announced ex-date, prior-period amount"
rABCB-2026-09-30-1,rABCB,ABCB,2026-09-30,0.2000000000000000,UNRESOLVED,UNRESOLVED,,,,,,,,"no issuer row at ex-date; tier 3 needs first-party amount corroboration, issuer announced ex-date, prior-period amount"
rADC-2026-09-30-1,rADC,ADC,2026-09-30,0.2670000000000000,UNRESOLVED,UNRESOLVED,,,,,,,,"no issuer row at ex-date; tier 3 needs first-party amount corroboration, issuer announced ex-date, prior-period amount"
rA-2026-10-06-1,rA,A,2026-10-06,0.2550000000000000,UNRESOLVED,UNRESOLVED,,,,,,,,"no issuer row at ex-date; tier 3 needs first-party amount corroboration, issuer announced ex-date, prior-period amount"
rABBV-2026-10-15-1,rABBV,ABBV,2026-10-15,1.7300000000000000,UNRESOLVED,UNRESOLVED,,,,,,,,"no issuer row at ex-date; tier 3 needs first-party amount corroboration, issuer announced ex-date, prior-period amount"
rAEM-2026-06-01-1,rAEM,AEM,2026-06-01,0.4500000000000000,UNRESOLVED,UNRESOLVED,,,,,,,,"no issuer row at ex-date; tier 3 needs first-party amount corroboration, issuer announced ex-date, prior-period amount"
rAGG-2026-06-01-1,rAGG,AGG,2026-06-01,0.3314900000000000,UNRESOLVED,UNRESOLVED,,,,,,,,"no issuer row at ex-date; tier 3 needs first-party amount corroboration, issuer announced ex-date, prior-period amount"
rAEE-2026-06-09-1,rAEE,AEE,2026-06-09,0.7500000000000000,UNRESOLVED,UNRESOLVED,,,,,,,,"no issuer row at ex-date; tier 3 needs first-party amount corroboration, issuer announced ex-date, prior-period amount"
rADT-2026-06-11-1,rADT,ADT,2026-06-11,0.0550000000000000,UNRESOLVED,UNRESOLVED,,,,,,,,"no issuer row at ex-date; tier 3 needs first-party amount corroboration, issuer announced ex-date, prior-period amount"
rAGI-2026-06-11-1,rAGI,AGI,2026-06-11,0.0400000000000000,UNRESOLVED,UNRESOLVED,,,,,,,,"no issuer row at ex-date; tier 3 needs first-party amount corroboration, issuer announced ex-date, prior-period amount"
rADP-2026-06-12-1,rADP,ADP,2026-06-12,1.7000000000000000,UNRESOLVED,UNRESOLVED,,,,,,,,"no issuer row at ex-date; tier 3 needs first-party amount corroboration, issuer announced ex-date, prior-period amount"
rAEG-2026-06-15-1,rAEG,AEG,2026-06-15,0.2098620000000000,UNRESOLVED,UNRESOLVED,,,,,,,,"no issuer row at ex-date; tier 3 needs first-party amount corroboration, issuer announced ex-date, prior-period amount"
rAIG-2026-06-15-1,rAIG,AIG,2026-06-15,0.5000000000000000,UNRESOLVED,UNRESOLVED,,,,,,,,"no issuer row at ex-date; tier 3 needs first-party amount corroboration, issuer announced ex-date, prior-period amount"
rAGNC-2026-06-30-1,rAGNC,AGNC,2026-06-30,0.1200000000000000,UNRESOLVED,UNRESOLVED,,,,,,,,"no issuer row at ex-date; tier 3 needs first-party amount corroboration, issuer announced ex-date, prior-period amount"
rAHR-2026-06-30-1,rAHR,AHR,2026-06-30,0.2500000000000000,UNRESOLVED,UNRESOLVED,,,,,,,,"no issuer row at ex-date; tier 3 needs first-party amount corroboration, issuer announced ex-date, prior-period amount"
rAGG-2026-07-01-1,rAGG,AGG,2026-07-01,0.3306880000000000,UNRESOLVED,UNRESOLVED,,,,,,,,"no issuer row at ex-date; tier 3 needs first-party amount corroboration, issuer announced ex-date, prior-period amount"
rAFG-2026-07-15-1,rAFG,AFG,2026-07-15,0.8800000000000000,UNRESOLVED,UNRESOLVED,,,,,,,,"no issuer row at ex-date; tier 3 needs first-party amount corroboration, issuer announced ex-date, prior-period amount"
rAGX-2026-07-23-1,rAGX,AGX,2026-07-23,0.5000000000000000,UNRESOLVED,UNRESOLVED,,,,,,,,"no issuer row at ex-date; tier 3 needs first-party amount corroboration, issuer announced ex-date, prior-period amount"
rAES-2026-07-31-1,rAES,AES,2026-07-31,0.1759500000000000,UNRESOLVED,UNRESOLVED,,,,,,,,"no issuer row at ex-date; tier 3 needs first-party amount corroboration, issuer announced ex-date, prior-period amount"
rAGNC-2026-07-31-1,rAGNC,AGNC,2026-07-31,0.1200000000000000,UNRESOLVED,UNRESOLVED,,,,,,,,"no issuer row at ex-date; tier 3 needs first-party amount corroboration, issuer announced ex-date, prior-period amount"
rAGG-2026-08-03-1,rAGG,AGG,2026-08-03,0.3375680200000000,UNRESOLVED,UNRESOLVED,,,,,,,,"no issuer row at ex-date; tier 3 needs first-party amount corroboration, issuer announced ex-date, prior-period amount"
rAEP-2026-08-10-1,rAEP,AEP,2026-08-10,0.9500000000000000,UNRESOLVED,UNRESOLVED,,,,,,,,"no issuer row at ex-date; tier 3 needs first-party amount corroboration, issuer announced ex-date, prior-period amount"
rAER-2026-08-12-1,rAER,AER,2026-08-12,0.4000000000000000,UNRESOLVED,UNRESOLVED,,,,,,,,"no issuer row at ex-date; tier 3 needs first-party amount corroboration, issuer announced ex-date, prior-period amount"
rAG-2026-08-14-1,rAG,AG,2026-08-14,0.0152000000000000,UNRESOLVED,UNRESOLVED,,,,,,,,"no issuer row at ex-date; tier 3 needs first-party amount corroboration, issuer announced ex-date, prior-period amount"
rAGCO-2026-08-14-1,rAGCO,AGCO,2026-08-14,0.3000000000000000,UNRESOLVED,UNRESOLVED,,,,,,,,"no issuer row at ex-date; tier 3 needs first-party amount corroboration, issuer announced ex-date, prior-period amount"
rADM-2026-08-19-1,rADM,ADM,2026-08-19,0.5200000000000000,UNRESOLVED,UNRESOLVED,,,,,,,,"no issuer row at ex-date; tier 3 needs first-party amount corroboration, issuer announced ex-date, prior-period amount"
rAFL-2026-08-19-1,rAFL,AFL,2026-08-19,0.6100000000000000,UNRESOLVED,UNRESOLVED,,,,,,,,"no issuer row at ex-date; tier 3 needs first-party amount corroboration, issuer announced ex-date, prior-period amount"
rAEIS-2026-08-24-1,rAEIS,AEIS,2026-08-24,0.1000000000000000,UNRESOLVED,UNRESOLVED,,,,,,,,"no issuer row at ex-date; tier 3 needs first-party amount corroboration, issuer announced ex-date, prior-period amount"
rAGNC-2026-08-31-1,rAGNC,AGNC,2026-08-31,0.1200000000000000,UNRESOLVED,UNRESOLVED,,,,,,,,"no issuer row at ex-date; tier 3 needs first-party amount corroboration, issuer announced ex-date, prior-period amount"
rAEM-2026-09-01-1,rAEM,AEM,2026-09-01,0.4500000000000000,UNRESOLVED,UNRESOLVED,,,,,,,,"no issuer row at ex-date; tier 3 needs first-party amount corroboration, issuer announced ex-date, prior-period amount"
rAGG-2026-09-01-1,rAGG,AGG,2026-09-01,0.3370620000000000,UNRESOLVED,UNRESOLVED,,,,,,,,"no issuer row at ex-date; tier 3 needs first-party amount corroboration, issuer announced ex-date, prior-period amount"
rAEG-2026-09-03-1,rAEG,AEG,2026-09-03,0.2086840000000000,UNRESOLVED,UNRESOLVED,,,,,,,,"no issuer row at ex-date; tier 3 needs first-party amount corroboration, issuer announced ex-date, prior-period amount"
rAEE-2026-09-08-1,rAEE,AEE,2026-09-08,0.7500000000000000,UNRESOLVED,UNRESOLVED,,,,,,,,"no issuer row at ex-date; tier 3 needs first-party amount corroboration, issuer announced ex-date, prior-period amount"
rADT-2026-09-10-1,rADT,ADT,2026-09-10,0.0550000000000000,UNRESOLVED,UNRESOLVED,,,,,,,,"no issuer row at ex-date; tier 3 needs first-party amount corroboration, issuer announced ex-date, prior-period amount"
rAGI-2026-09-10-1,rAGI,AGI,2026-09-10,0.0400000000000000,UNRESOLVED,UNRESOLVED,,,,,,,,"no issuer row at ex-date; tier 3 needs first-party amount corroboration, issuer announced ex-date, prior-period amount"
rADP-2026-09-11-1,rADP,ADP,2026-09-11,1.7000000000000000,UNRESOLVED,UNRESOLVED,,,,,,,,"no issuer row at ex-date; tier 3 needs first-party amount corroboration, issuer announced ex-date, prior-period amount"
rAIG-2026-09-16-1,rAIG,AIG,2026-09-16,0.5000000000000000,UNRESOLVED,UNRESOLVED,,,,,,,,"no issuer row at ex-date; tier 3 needs first-party amount corroboration, issuer announced ex-date, prior-period amount"
rAGNC-2026-09-30-1,rAGNC,AGNC,2026-09-30,0.1200000000000000,UNRESOLVED,UNRESOLVED,,,,,,,,"no issuer row at ex-date; tier 3 needs first-party amount corroboration, issuer announced ex-date, prior-period amount"
rAGX-2026-10-22-1,rAGX,AGX,2026-10-22,0.7000000000000000,UNRESOLVED,UNRESOLVED,,,,,,,,"no issuer row at ex-date; tier 3 needs first-party amount corroboration, issuer announced ex-date, prior-period amount"
rALL-2026-06-01-1,rALL,ALL,2026-06-01,1.0800000000000000,UNRESOLVED,UNRESOLVED,,,,,,,,"no issuer row at ex-date; tier 3 needs first-party amount corroboration, issuer announced ex-date, prior-period amount"
rAJG-2026-06-05-1,rAJG,AJG,2026-06-05,0.7000000000000000,UNRESOLVED,UNRESOLVED,,,,,,,,"no issuer row at ex-date; tier 3 needs first-party amount corroboration, issuer announced ex-date, prior-period amount"
rAIZ-2026-06-08-1,rAIZ,AIZ,2026-06-08,0.8800000000000000,UNRESOLVED,UNRESOLVED,,,,,,,,"no issuer row at ex-date; tier 3 needs first-party amount corroboration, issuer announced ex-date, prior-period amount"
rALB-2026-06-12-1,rALB,ALB,2026-06-12,0.4050000000000000,UNRESOLVED,UNRESOLVED,,,,,,,,"no issuer row at ex-date; tier 3 needs first-party amount corroboration, issuer announced ex-date, prior-period amount"
rALLE-2026-06-15-1,rALLE,ALLE,2026-06-15,0.5500000000000000,UNRESOLVED,UNRESOLVED,,,,,,,,"no issuer row at ex-date; tier 3 needs first-party amount corroboration, issuer announced ex-date, prior-period amount"
rAME-2026-06-15-1,rAME,AME,2026-06-15,0.3400000000000000,UNRESOLVED,UNRESOLVED,,,,,,,,"no issuer row at ex-date; tier 3 needs first-party amount corroboration, issuer announced ex-date, prior-period amount"
rALLY-2026-07-31-1,rALLY,ALLY,2026-07-31,0.3000000000000000,UNRESOLVED,UNRESOLVED,,,,,,,,"no issuer row at ex-date; tier 3 needs first-party amount corroboration, issuer announced ex-date, prior-period amount"
rAIT-2026-08-14-1,rAIT,AIT,2026-08-14,0.5100000000000000,UNRESOLVED,UNRESOLVED,,,,,,,,"no issuer row at ex-date; tier 3 needs first-party amount corroboration, issuer announced ex-date, prior-period amount"
rAMAT-2026-08-20-1,rAMAT,AMAT,2026-08-20,0.5300000000000000,UNRESOLVED,UNRESOLVED,,,,,,,,"no issuer row at ex-date; tier 3 needs first-party amount corroboration, issuer announced ex-date, prior-period amount"
rALSN-2026-08-21-1,rALSN,ALSN,2026-08-21,0.2900000000000000,UNRESOLVED,UNRESOLVED,,,,,,,,"no issuer row at ex-date; tier 3 needs first-party amount corroboration, issuer announced ex-date, prior-period amount"
rALV-2026-08-28-1,rALV,ALV,2026-08-28,0.8700000000000000,UNRESOLVED,UNRESOLVED,,,,,,,,"no issuer row at ex-date; tier 3 needs first-party amount corroboration, issuer announced ex-date, prior-period amount"
rAIZ-2026-08-31-1,rAIZ,AIZ,2026-08-31,0.8800000000000000,UNRESOLVED,UNRESOLVED,,,,,,,,"no issuer row at ex-date; tier 3 needs first-party amount corroboration, issuer announced ex-date, prior-period amount"
rALL-2026-08-31-1,rALL,ALL,2026-08-31,1.0800000000000000,UNRESOLVED,UNRESOLVED,,,,,,,,"no issuer row at ex-date; tier 3 needs first-party amount corroboration, issuer announced ex-date, prior-period amount"
rAMCR-2026-09-04-1,rAMCR,AMCR,2026-09-04,0.6500000000000000,UNRESOLVED,UNRESOLVED,,,,,,,,"no issuer row at ex-date; tier 3 needs first-party amount corroboration, issuer announced ex-date, prior-period amount"
rAJG-2026-09-08-1,rAJG,AJG,2026-09-08,0.7000000000000000,UNRESOLVED,UNRESOLVED,,,,,,,,"no issuer row at ex-date; tier 3 needs first-party amount corroboration, issuer announced ex-date, prior-period amount"
rALB-2026-09-11-1,rALB,ALB,2026-09-11,0.4100000000000000,UNRESOLVED,UNRESOLVED,,,,,,,,"no issuer row at ex-date; tier 3 needs first-party amount corroboration, issuer announced ex-date, prior-period amount"
rALLE-2026-09-15-1,rALLE,ALLE,2026-09-15,0.5500000000000000,UNRESOLVED,UNRESOLVED,,,,,,,,"no issuer row at ex-date; tier 3 needs first-party amount corroboration, issuer announced ex-date, prior-period amount"
rAME-2026-09-15-1,rAME,AME,2026-09-15,0.3400000000000000,UNRESOLVED,UNRESOLVED,,,,,,,,"no issuer row at ex-date; tier 3 needs first-party amount corroboration, issuer announced ex-date, prior-period amount"
rAMAT-2026-11-19-1,rAMAT,AMAT,2026-11-19,0.5300000000000000,UNRESOLVED,UNRESOLVED,,,,,,,,"no issuer row at ex-date; tier 3 needs first-party amount corroboration, issuer announced ex-date, prior-period amount"
rAMKR-2026-06-03-1,rAMKR,AMKR,2026-06-03,0.0835200000000000,UNRESOLVED,UNRESOLVED,,,,,,,,"no issuer row at ex-date; tier 3 needs first-party amount corroboration, issuer announced ex-date, prior-period amount"
rAMT-2026-06-12-1,rAMT,AMT,2026-06-12,1.7900000000000000,UNRESOLVED,UNRESOLVED,,,,,,,,"no issuer row at ex-date; tier 3 needs first-party amount corroboration, issuer announced ex-date, prior-period amount"
rAMH-2026-06-15-1,rAMH,AMH,2026-06-15,0.3300000000000000,UNRESOLVED,UNRESOLVED,,,,,,,,"no issuer row at ex-date; tier 3 needs first-party amount corroboration, issuer announced ex-date, prior-period amount"
rAPH-2026-06-23-1,rAPH,APH,2026-06-23,0.2500000000000000,GROSS,GROSS,1,,,,,,bitget_notice_2026_07_24: amount and ex-date match; 30% withholding DOCUMENTED,tier 1: 2026-07-24 notice match (builder rule)
rAPD-2026-07-01-1,rAPD,APD,2026-07-01,1.8100000000000000,UNRESOLVED,UNRESOLVED,,,,,,,,"no issuer row at ex-date; tier 3 needs first-party amount corroboration, issuer announced ex-date, prior-period amount"
rAPA-2026-07-22-1,rAPA,APA,2026-07-22,0.2500000000000000,UNRESOLVED,UNRESOLVED,,,,,,,,"no issuer row at ex-date; tier 3 needs first-party amount corroboration, issuer announced ex-date, prior-period amount"
rAOS-2026-07-31-1,rAOS,AOS,2026-07-31,0.3600000000000000,UNRESOLVED,UNRESOLVED,,,,,,,,"no issuer row at ex-date; tier 3 needs first-party amount corroboration, issuer announced ex-date, prior-period amount"
rAMP-2026-08-03-1,rAMP,AMP,2026-08-03,1.7000000000000000,UNRESOLVED,UNRESOLVED,,,,,,,,"no issuer row at ex-date; tier 3 needs first-party amount corroboration, issuer announced ex-date, prior-period amount"
rAON-2026-08-03-1,rAON,AON,2026-08-03,0.8200000000000000,UNRESOLVED,UNRESOLVED,,,,,,,,"no issuer row at ex-date; tier 3 needs first-party amount corroboration, issuer announced ex-date, prior-period amount"
rAMG-2026-08-10-1,rAMG,AMG,2026-08-10,0.0100000000000000,UNRESOLVED,UNRESOLVED,,,,,,,,"no issuer row at ex-date; tier 3 needs first-party amount corroboration, issuer announced ex-date, prior-period amount"
rAMRZ-2026-08-18-1,rAMRZ,AMRZ,2026-08-18,0.1100000000000000,UNRESOLVED,UNRESOLVED,,,,,,,,"no issuer row at ex-date; tier 3 needs first-party amount corroboration, issuer announced ex-date, prior-period amount"
rAPO-2026-08-19-1,rAPO,APO,2026-08-19,0.5625000000000000,UNRESOLVED,UNRESOLVED,,,,,,,,"no issuer row at ex-date; tier 3 needs first-party amount corroboration, issuer announced ex-date, prior-period amount"
rAMGN-2026-08-21-1,rAMGN,AMGN,2026-08-21,2.5200000000000000,UNRESOLVED,UNRESOLVED,,,,,,,,"no issuer row at ex-date; tier 3 needs first-party amount corroboration, issuer announced ex-date, prior-period amount"
rAMKR-2026-09-02-1,rAMKR,AMKR,2026-09-02,0.0835200000000000,UNRESOLVED,UNRESOLVED,,,,,,,,"no issuer row at ex-date; tier 3 needs first-party amount corroboration, issuer announced ex-date, prior-period amount"
rAPH-2026-09-03-1,rAPH,APH,2026-09-03,,UNRESOLVED,UNRESOLVED,,,,,,,,not a cash dividend
rAMH-2026-09-15-1,rAMH,AMH,2026-09-15,0.3300000000000000,UNRESOLVED,UNRESOLVED,,,,,,,,"no issuer row at ex-date; tier 3 needs first-party amount corroboration, issuer announced ex-date, prior-period amount"
rAPH-2026-09-22-1,rAPH,APH,2026-09-22,0.1250000000000000,UNRESOLVED,UNRESOLVED,,,,,2026-09-22,0.125 ex 2026-06-23,yahoo_calendar: announced next ex-date 2026-09-22 (third-party); prior realised 0.125 ex 2026-06-23 equals amount (ASSUMED unchanged),no issuer row at ex-date; tier 3 needs first-party amount corroboration
rAPD-2026-10-01-1,rAPD,APD,2026-10-01,1.8100000000000000,UNRESOLVED,UNRESOLVED,,,,,,,,"no issuer row at ex-date; tier 3 needs first-party amount corroboration, issuer announced ex-date, prior-period amount"
rASB-2026-06-01-1,rASB,ASB,2026-06-01,0.2400000000000000,UNRESOLVED,UNRESOLVED,,,,,,,,"no issuer row at ex-date; tier 3 needs first-party amount corroboration, issuer announced ex-date, prior-period amount"
rATAT-2026-06-05-1,rATAT,ATAT,2026-06-05,0.5100000000000000,UNRESOLVED,UNRESOLVED,,,,,,,,"no issuer row at ex-date; tier 3 needs first-party amount corroboration, issuer announced ex-date, prior-period amount"
rARCC-2026-06-15-1,rARCC,ARCC,2026-06-15,0.4800000000000000,UNRESOLVED,UNRESOLVED,,,,,,,,"no issuer row at ex-date; tier 3 needs first-party amount corroboration, issuer announced ex-date, prior-period amount"
rARES-2026-06-16-1,rARES,ARES,2026-06-16,1.3500000000000000,UNRESOLVED,UNRESOLVED,,,,,,,,"no issuer row at ex-date; tier 3 needs first-party amount corroboration, issuer announced ex-date, prior-period amount"
rAQN-2026-06-30-1,rAQN,AQN,2026-06-30,0.0650000000000000,UNRESOLVED,UNRESOLVED,,,,,,,,"no issuer row at ex-date; tier 3 needs first-party amount corroboration, issuer announced ex-date, prior-period amount"
rASX-2026-07-06-1,rASX,ASX,2026-07-06,0.3095020000000000,UNRESOLVED,UNRESOLVED,,,,,,,,"no issuer row at ex-date; tier 3 needs first-party amount corroboration, issuer announced ex-date, prior-period amount"
rASML-2026-07-28-1,rASML,ASML,2026-07-28,1.8281120000000000,UNRESOLVED,UNRESOLVED,,,,,,,,"no issuer row at ex-date; tier 3 needs first-party amount corroboration, issuer announced ex-date, prior-period amount"
rATR-2026-07-30-1,rATR,ATR,2026-07-30,0.4800000000000000,UNRESOLVED,UNRESOLVED,,,,,,,,"no issuer row at ex-date; tier 3 needs first-party amount corroboration, issuer announced ex-date, prior-period amount"
rAROC-2026-08-04-1,rAROC,AROC,2026-08-04,0.2300000000000000,UNRESOLVED,UNRESOLVED,,,,,,,,"no issuer row at ex-date; tier 3 needs first-party amount corroboration, issuer announced ex-date, prior-period amount"
rARMK-2026-08-19-1,rARMK,ARMK,2026-08-19,0.1200000000000000,UNRESOLVED,UNRESOLVED,,,,,,,,"no issuer row at ex-date; tier 3 needs first-party amount corroboration, issuer announced ex-date, prior-period amount"
rATO-2026-08-24-1,rATO,ATO,2026-08-24,1.0000000000000000,UNRESOLVED,UNRESOLVED,,,,,,,,"no issuer row at ex-date; tier 3 needs first-party amount corroboration, issuer announced ex-date, prior-period amount"
rASB-2026-09-01-1,rASB,ASB,2026-09-01,0.2400000000000000,UNRESOLVED,UNRESOLVED,,,,,,,,"no issuer row at ex-date; tier 3 needs first-party amount corroboration, issuer announced ex-date, prior-period amount"
rARCC-2026-09-15-1,rARCC,ARCC,2026-09-15,0.4800000000000000,UNRESOLVED,UNRESOLVED,,,,,,,,"no issuer row at ex-date; tier 3 needs first-party amount corroboration, issuer announced ex-date, prior-period amount"
rARES-2026-09-16-1,rARES,ARES,2026-09-16,1.3500000000000000,UNRESOLVED,UNRESOLVED,,,,,,,,"no issuer row at ex-date; tier 3 needs first-party amount corroboration, issuer announced ex-date, prior-period amount"
rAQN-2026-09-29-1,rAQN,AQN,2026-09-29,0.0650000000000000,UNRESOLVED,UNRESOLVED,,,,,,,,"no issuer row at ex-date; tier 3 needs first-party amount corroboration, issuer announced ex-date, prior-period amount"
rAVT-2026-06-03-1,rAVT,AVT,2026-06-03,0.3500000000000000,UNRESOLVED,UNRESOLVED,,,,,,,,"no issuer row at ex-date; tier 3 needs first-party amount corroboration, issuer announced ex-date, prior-period amount"
rAVY-2026-06-03-1,rAVY,AVY,2026-06-03,1.0000000000000000,UNRESOLVED,UNRESOLVED,,,,,,,,"no issuer row at ex-date; tier 3 needs first-party amount corroboration, issuer announced ex-date, prior-period amount"
rAVGO-2026-06-22-1,rAVGO,AVGO,2026-06-22,0.6500000000000000,GROSS,GROSS,1,,,,,,bitget_notice_2026_07_24: amount and ex-date match; 30% withholding DOCUMENTED,tier 1: 2026-07-24 notice match (builder rule)
rAVL-2026-06-23-1,rAVL,AVL,2026-06-23,0.2003900000000000,GROSS,GROSS,1,,,,,,bitget_notice_2026_07_24: amount and ex-date match; 30% withholding DOCUMENTED,tier 1: 2026-07-24 notice match (builder rule)
rAVAL-2026-06-30-1,rAVAL,AVAL,2026-06-30,0.0115500000000000,UNRESOLVED,UNRESOLVED,,,,,,,,"no issuer row at ex-date; tier 3 needs first-party amount corroboration, issuer announced ex-date, prior-period amount"
rAXS-2026-06-30-1,rAXS,AXS,2026-06-30,0.4400000000000000,UNRESOLVED,UNRESOLVED,,,,,,,,"no issuer row at ex-date; tier 3 needs first-party amount corroboration, issuer announced ex-date, prior-period amount"
rAXP-2026-07-02-1,rAXP,AXP,2026-07-02,0.9500000000000000,UNRESOLVED,UNRESOLVED,,,,,,,,"no issuer row at ex-date; tier 3 needs first-party amount corroboration, issuer announced ex-date, prior-period amount"
rAZZ-2026-07-09-1,rAZZ,AZZ,2026-07-09,0.2400000000000000,UNRESOLVED,UNRESOLVED,,,,,,,,"no issuer row at ex-date; tier 3 needs first-party amount corroboration, issuer announced ex-date, prior-period amount"
rAYI-2026-07-17-1,rAYI,AYI,2026-07-17,0.2000000000000000,UNRESOLVED,UNRESOLVED,,,,,,,,"no issuer row at ex-date; tier 3 needs first-party amount corroboration, issuer announced ex-date, prior-period amount"
rAVAL-2026-07-31-1,rAVAL,AVAL,2026-07-31,0.0115500000000000,UNRESOLVED,UNRESOLVED,,,,,,,,"no issuer row at ex-date; tier 3 needs first-party amount corroboration, issuer announced ex-date, prior-period amount"
rAWI-2026-08-05-1,rAWI,AWI,2026-08-05,0.3390000000000000,UNRESOLVED,UNRESOLVED,,,,,,,,"no issuer row at ex-date; tier 3 needs first-party amount corroboration, issuer announced ex-date, prior-period amount"
rAUB-2026-08-07-1,rAUB,AUB,2026-08-07,0.3700000000000000,UNRESOLVED,UNRESOLVED,,,,,,,,"no issuer row at ex-date; tier 3 needs first-party amount corroboration, issuer announced ex-date, prior-period amount"
rAZN-2026-08-07-1,rAZN,AZN,2026-08-07,1.0600000000000000,UNRESOLVED,UNRESOLVED,,,,,,,,"no issuer row at ex-date; tier 3 needs first-party amount corroboration, issuer announced ex-date, prior-period amount"
rAWK-2026-08-11-1,rAWK,AWK,2026-08-11,0.8950000000000000,UNRESOLVED,UNRESOLVED,,,,,,,,"no issuer row at ex-date; tier 3 needs first-party amount corroboration, issuer announced ex-date, prior-period amount"
rAUGO-2026-08-18-1,rAUGO,AUGO,2026-08-18,0.7200000000000000,UNRESOLVED,UNRESOLVED,,,,,,,,"no issuer row at ex-date; tier 3 needs first-party amount corroboration, issuer announced ex-date, prior-period amount"
rAU-2026-08-21-1,rAU,AU,2026-08-21,0.7200000000000000,UNRESOLVED,UNRESOLVED,,,,,,,,"no issuer row at ex-date; tier 3 needs first-party amount corroboration, issuer announced ex-date, prior-period amount"
rAVAL-2026-08-31-1,rAVAL,AVAL,2026-08-31,0.0115500000000000,UNRESOLVED,UNRESOLVED,,,,,,,,"no issuer row at ex-date; tier 3 needs first-party amount corroboration, issuer announced ex-date, prior-period amount"
rB-2026-08-31-1,rB,B,2026-08-31,0.1750000000000000,UNRESOLVED,UNRESOLVED,,,,,,,,"no issuer row at ex-date; tier 3 needs first-party amount corroboration, issuer announced ex-date, prior-period amount"
rAVY-2026-09-02-1,rAVY,AVY,2026-09-02,1.0000000000000000,UNRESOLVED,UNRESOLVED,,,,,,,,"no issuer row at ex-date; tier 3 needs first-party amount corroboration, issuer announced ex-date, prior-period amount"
rAVT-2026-09-09-1,rAVT,AVT,2026-09-09,0.3700000000000000,UNRESOLVED,UNRESOLVED,,,,,,,,"no issuer row at ex-date; tier 3 needs first-party amount corroboration, issuer announced ex-date, prior-period amount"
rAVGO-2026-09-21-1,rAVGO,AVGO,2026-09-21,0.6500000000000000,UNRESOLVED,GROSS,2,0.65,,0.65,,0.65 ex 2026-06-22,"nasdaq_declared: 0.65 ex 2026-09-21 declared 09/01/2026 (third-party); perp_dividend_2026_09_16: 0.65 ex 2026-09-21 (first-party; amount only, no tax statement)",tier 2
rAVAL-2026-09-30-1,rAVAL,AVAL,2026-09-30,0.0165490000000000,UNRESOLVED,UNRESOLVED,,,,,,,,"no issuer row at ex-date; tier 3 needs first-party amount corroboration, issuer announced ex-date, prior-period amount"
rAVAL-2026-11-02-1,rAVAL,AVAL,2026-11-02,0.0165490000000000,UNRESOLVED,UNRESOLVED,,,,,,,,"no issuer row at ex-date; tier 3 needs first-party amount corroboration, issuer announced ex-date, prior-period amount"
rAVAL-2026-12-31-1,rAVAL,AVAL,2026-12-31,0.0132400000000000,UNRESOLVED,UNRESOLVED,,,,,,,,"no issuer row at ex-date; tier 3 needs first-party amount corroboration, issuer announced ex-date, prior-period amount"
rAVAL-2027-01-29-1,rAVAL,AVAL,2027-01-29,0.0132400000000000,UNRESOLVED,UNRESOLVED,,,,,,,,"no issuer row at ex-date; tier 3 needs first-party amount corroboration, issuer announced ex-date, prior-period amount"
rAVAL-2027-02-26-1,rAVAL,AVAL,2027-02-26,0.0132400000000000,UNRESOLVED,UNRESOLVED,,,,,,,,"no issuer row at ex-date; tier 3 needs first-party amount corroboration, issuer announced ex-date, prior-period amount"
rBALL-2026-06-01-1,rBALL,BALL,2026-06-01,0.2000000000000000,UNRESOLVED,UNRESOLVED,,,,,,,,"no issuer row at ex-date; tier 3 needs first-party amount corroboration, issuer announced ex-date, prior-period amount"
rBBD-2026-06-03-1,rBBD,BBD,2026-06-03,0.0024220000000000,UNRESOLVED,UNRESOLVED,,,,,,,,"no issuer row at ex-date; tier 3 needs first-party amount corroboration, issuer announced ex-date, prior-period amount"
rBBDO-2026-06-03-1,rBBDO,BBDO,2026-06-03,0.0022020000000000,UNRESOLVED,UNRESOLVED,,,,,,,,"no issuer row at ex-date; tier 3 needs first-party amount corroboration, issuer announced ex-date, prior-period amount"
rBAC-2026-06-05-1,rBAC,BAC,2026-06-05,0.2800000000000000,UNRESOLVED,UNRESOLVED,,,,,,,,"no issuer row at ex-date; tier 3 needs first-party amount corroboration, issuer announced ex-date, prior-period amount"
rBDX-2026-06-09-1,rBDX,BDX,2026-06-09,1.0500000000000000,UNRESOLVED,UNRESOLVED,,,,,,,,"no issuer row at ex-date; tier 3 needs first-party amount corroboration, issuer announced ex-date, prior-period amount"
rBAH-2026-06-10-1,rBAH,BAH,2026-06-10,0.5900000000000000,UNRESOLVED,UNRESOLVED,,,,,,,,"no issuer row at ex-date; tier 3 needs first-party amount corroboration, issuer announced ex-date, prior-period amount"
rBABA-2026-06-11-1,rBABA,BABA,2026-06-11,1.0300000000000000,GROSS,GROSS,1,,,,,,bitget_notice_2026_07_24: amount and ex-date match; 30% withholding DOCUMENTED,tier 1: 2026-07-24 notice match (builder rule)
rBCE-2026-06-15-1,rBCE,BCE,2026-06-15,0.3202500000000000,UNRESOLVED,UNRESOLVED,,,,,,,,"no issuer row at ex-date; tier 3 needs first-party amount corroboration, issuer announced ex-date, prior-period amount"
rBBY-2026-06-18-1,rBBY,BBY,2026-06-18,0.9600000000000000,UNRESOLVED,UNRESOLVED,,,,,,,,"no issuer row at ex-date; tier 3 needs first-party amount corroboration, issuer announced ex-date, prior-period amount"
rBEN-2026-06-29-1,rBEN,BEN,2026-06-29,0.3300000000000000,UNRESOLVED,UNRESOLVED,,,,,,,,"no issuer row at ex-date; tier 3 needs first-party amount corroboration, issuer announced ex-date, prior-period amount"
rBBD-2026-07-06-1,rBBD,BBD,2026-07-06,0.0023510000000000,UNRESOLVED,UNRESOLVED,,,,,,,,"no issuer row at ex-date; tier 3 needs first-party amount corroboration, issuer announced ex-date, prior-period amount"
rBBDO-2026-07-06-1,rBBDO,BBDO,2026-07-06,0.0021370000000000,UNRESOLVED,UNRESOLVED,,,,,,,,"no issuer row at ex-date; tier 3 needs first-party amount corroboration, issuer announced ex-date, prior-period amount"
rBBD-2026-07-07-1,rBBD,BBD,2026-07-07,0.0419000000000000,UNRESOLVED,UNRESOLVED,,,,,,,,"no issuer row at ex-date; tier 3 needs first-party amount corroboration, issuer announced ex-date, prior-period amount"
rBBDO-2026-07-07-1,rBBDO,BBDO,2026-07-07,0.0380910000000000,UNRESOLVED,UNRESOLVED,,,,,,,,"no issuer row at ex-date; tier 3 needs first-party amount corroboration, issuer announced ex-date, prior-period amount"
rBCO-2026-07-27-1,rBCO,BCO,2026-07-27,0.2550000000000000,UNRESOLVED,UNRESOLVED,,,,,,,,"no issuer row at ex-date; tier 3 needs first-party amount corroboration, issuer announced ex-date, prior-period amount"
rBBD-2026-08-05-1,rBBD,BBD,2026-08-05,0.0023140000000000,UNRESOLVED,UNRESOLVED,,,,,,,,"no issuer row at ex-date; tier 3 needs first-party amount corroboration, issuer announced ex-date, prior-period amount"
rBBDO-2026-08-05-1,rBBDO,BBDO,2026-08-05,0.0021040000000000,UNRESOLVED,UNRESOLVED,,,,,,,,"no issuer row at ex-date; tier 3 needs first-party amount corroboration, issuer announced ex-date, prior-period amount"
rBAH-2026-08-14-1,rBAH,BAH,2026-08-14,0.5900000000000000,UNRESOLVED,UNRESOLVED,,,,,,,,"no issuer row at ex-date; tier 3 needs first-party amount corroboration, issuer announced ex-date, prior-period amount"
rBG-2026-08-18-1,rBG,BG,2026-08-18,0.7200000000000000,UNRESOLVED,UNRESOLVED,,,,,,,,"no issuer row at ex-date; tier 3 needs first-party amount corroboration, issuer announced ex-date, prior-period amount"
rBC-2026-08-20-1,rBC,BC,2026-08-20,0.4400000000000000,UNRESOLVED,UNRESOLVED,,,,,,,,"no issuer row at ex-date; tier 3 needs first-party amount corroboration, issuer announced ex-date, prior-period amount"
rBAX-2026-08-28-1,rBAX,BAX,2026-08-28,0.0100000000000000,UNRESOLVED,UNRESOLVED,,,,,,,,"no issuer row at ex-date; tier 3 needs first-party amount corroboration, issuer announced ex-date, prior-period amount"
rBAM-2026-08-31-1,rBAM,BAM,2026-08-31,0.5025000000000000,UNRESOLVED,UNRESOLVED,,,,,,,,"no issuer row at ex-date; tier 3 needs first-party amount corroboration, issuer announced ex-date, prior-period amount"
rBEP-2026-08-31-1,rBEP,BEP,2026-08-31,0.3920000000000000,UNRESOLVED,UNRESOLVED,,,,,,,,"no issuer row at ex-date; tier 3 needs first-party amount corroboration, issuer announced ex-date, prior-period amount"
rBEPC-2026-08-31-1,rBEPC,BEPC,2026-08-31,0.3920000000000000,UNRESOLVED,UNRESOLVED,,,,,,,,"no issuer row at ex-date; tier 3 needs first-party amount corroboration, issuer announced ex-date, prior-period amount"
rBALL-2026-09-01-1,rBALL,BALL,2026-09-01,0.2000000000000000,UNRESOLVED,UNRESOLVED,,,,,,,,"no issuer row at ex-date; tier 3 needs first-party amount corroboration, issuer announced ex-date, prior-period amount"
rBBD-2026-09-03-1,rBBD,BBD,2026-09-03,0.0023250000000000,UNRESOLVED,UNRESOLVED,,,,,,,,"no issuer row at ex-date; tier 3 needs first-party amount corroboration, issuer announced ex-date, prior-period amount"
rBBDO-2026-09-03-1,rBBDO,BBDO,2026-09-03,0.0021140000000000,UNRESOLVED,UNRESOLVED,,,,,,,,"no issuer row at ex-date; tier 3 needs first-party amount corroboration, issuer announced ex-date, prior-period amount"
rBAC-2026-09-04-1,rBAC,BAC,2026-09-04,0.3200000000000000,UNRESOLVED,UNRESOLVED,,,,,,,,"no issuer row at ex-date; tier 3 needs first-party amount corroboration, issuer announced ex-date, prior-period amount"
rBDX-2026-09-09-1,rBDX,BDX,2026-09-09,1.0500000000000000,UNRESOLVED,UNRESOLVED,,,,,,,,"no issuer row at ex-date; tier 3 needs first-party amount corroboration, issuer announced ex-date, prior-period amount"
rBCE-2026-09-15-1,rBCE,BCE,2026-09-15,0.3121562500000000,UNRESOLVED,UNRESOLVED,,,,,,,,"no issuer row at ex-date; tier 3 needs first-party amount corroboration, issuer announced ex-date, prior-period amount"
rBBY-2026-09-17-1,rBBY,BBY,2026-09-17,0.9600000000000000,UNRESOLVED,UNRESOLVED,,,,,,,,"no issuer row at ex-date; tier 3 needs first-party amount corroboration, issuer announced ex-date, prior-period amount"
rBBD-2026-09-21-1,rBBD,BBD,2026-09-21,0.0001620000000000,UNRESOLVED,UNRESOLVED,,,,,,,,"no issuer row at ex-date; tier 3 needs first-party amount corroboration, issuer announced ex-date, prior-period amount"
rBBDO-2026-09-21-1,rBBDO,BBDO,2026-09-21,0.0013550000000000,UNRESOLVED,UNRESOLVED,,,,,,,,"no issuer row at ex-date; tier 3 needs first-party amount corroboration, issuer announced ex-date, prior-period amount"
rBEN-2026-09-30-1,rBEN,BEN,2026-09-30,0.3300000000000000,UNRESOLVED,UNRESOLVED,,,,,,,,"no issuer row at ex-date; tier 3 needs first-party amount corroboration, issuer announced ex-date, prior-period amount"
rBBD-2026-10-05-1,rBBD,BBD,2026-10-05,0.0037350000000000,UNRESOLVED,UNRESOLVED,,,,,,,,"no issuer row at ex-date; tier 3 needs first-party amount corroboration, issuer announced ex-date, prior-period amount"
rBBDO-2026-10-05-1,rBBDO,BBDO,2026-10-05,0.0033950000000000,UNRESOLVED,UNRESOLVED,,,,,,,,"no issuer row at ex-date; tier 3 needs first-party amount corroboration, issuer announced ex-date, prior-period amount"
rBG-2026-11-17-1,rBG,BG,2026-11-17,0.7200000000000000,UNRESOLVED,UNRESOLVED,,,,,,,,"no issuer row at ex-date; tier 3 needs first-party amount corroboration, issuer announced ex-date, prior-period amount"
rBG-2027-02-16-1,rBG,BG,2027-02-16,0.7200000000000000,UNRESOLVED,UNRESOLVED,,,,,,,,"no issuer row at ex-date; tier 3 needs first-party amount corroboration, issuer announced ex-date, prior-period amount"
rBINC-2026-06-01-1,rBINC,BINC,2026-06-01,0.2393210000000000,UNRESOLVED,UNRESOLVED,,,,,,,,"no issuer row at ex-date; tier 3 needs first-party amount corroboration, issuer announced ex-date, prior-period amount"
rBITI-2026-06-01-1,rBITI,BITI,2026-06-01,0.2381130000000000,UNRESOLVED,GROSS,2,,0.238,,,0.197 ex 2026-05-01,yahoo_realised: 0.238 ex 2026-06-01 (third-party),tier 2
rBITO-2026-06-01-1,rBITO,BITO,2026-06-01,0.0141140000000000,UNRESOLVED,GROSS,2,,0.014,,,0.016 ex 2026-05-01,yahoo_realised: 0.014 ex 2026-06-01 (third-party),tier 2
rBMA-2026-06-02-1,rBMA,BMA,2026-06-02,0.4892250000000000,UNRESOLVED,UNRESOLVED,,,,,,,,"no issuer row at ex-date; tier 3 needs first-party amount corroboration, issuer announced ex-date, prior-period amount"
rBKNG-2026-06-05-1,rBKNG,BKNG,2026-06-05,0.4200000000000000,UNRESOLVED,UNRESOLVED,,,,,,,,"no issuer row at ex-date; tier 3 needs first-party amount corroboration, issuer announced ex-date, prior-period amount"
rBLK-2026-06-05-1,rBLK,BLK,2026-06-05,5.7300000000000000,UNRESOLVED,UNRESOLVED,,,,,,,,"no issuer row at ex-date; tier 3 needs first-party amount corroboration, issuer announced ex-date, prior-period amount"
rBINC-2026-07-01-1,rBINC,BINC,2026-07-01,0.2283840000000000,UNRESOLVED,UNRESOLVED,,,,,,,,"no issuer row at ex-date; tier 3 needs first-party amount corroboration, issuer announced ex-date, prior-period amount"
rBITI-2026-07-01-1,rBITI,BITI,2026-07-01,1.4487660000000000,GROSS,GROSS,1,,,,,,bitget_notice_2026_07_24: amount and ex-date match; 30% withholding DOCUMENTED,tier 1: 2026-07-24 notice match (builder rule)
rBITO-2026-07-01-1,rBITO,BITO,2026-07-01,0.0103750000000000,GROSS,GROSS,1,,,,,,bitget_notice_2026_07_24: amount and ex-date match; 30% withholding DOCUMENTED,tier 1: 2026-07-24 notice match (builder rule)
rBMA-2026-07-06-1,rBMA,BMA,2026-07-06,0.4728220000000000,UNRESOLVED,UNRESOLVED,,,,,,,,"no issuer row at ex-date; tier 3 needs first-party amount corroboration, issuer announced ex-date, prior-period amount"
rBINC-2026-08-03-1,rBINC,BINC,2026-08-03,0.2303240000000000,UNRESOLVED,UNRESOLVED,,,,,,,,"no issuer row at ex-date; tier 3 needs first-party amount corroboration, issuer announced ex-date, prior-period amount"
rBITI-2026-08-03-1,rBITI,BITI,2026-08-03,1.3293050500000000,UNRESOLVED,GROSS,2,,1.329,,,1.449 ex 2026-07-01,yahoo_realised: 1.329 ex 2026-08-03 (third-party),tier 2
rBITO-2026-08-03-1,rBITO,BITO,2026-08-03,0.0137490000000000,UNRESOLVED,GROSS,2,,0.014,,,0.01 ex 2026-07-01,yahoo_realised: 0.014 ex 2026-08-03 (third-party),tier 2
rBKR-2026-08-07-1,rBKR,BKR,2026-08-07,0.2300000000000000,UNRESOLVED,UNRESOLVED,,,,,,,,"no issuer row at ex-date; tier 3 needs first-party amount corroboration, issuer announced ex-date, prior-period amount"
rBKH-2026-08-17-1,rBKH,BKH,2026-08-17,0.7030000000000000,UNRESOLVED,UNRESOLVED,,,,,,,,"no issuer row at ex-date; tier 3 needs first-party amount corroboration, issuer announced ex-date, prior-period amount"
rBGC-2026-08-19-1,rBGC,BGC,2026-08-19,0.0200000000000000,UNRESOLVED,UNRESOLVED,,,,,,,,"no issuer row at ex-date; tier 3 needs first-party amount corroboration, issuer announced ex-date, prior-period amount"
rBIP-2026-08-31-1,rBIP,BIP,2026-08-31,0.4550000000000000,UNRESOLVED,UNRESOLVED,,,,,,,,"no issuer row at ex-date; tier 3 needs first-party amount corroboration, issuer announced ex-date, prior-period amount"
rBIPC-2026-08-31-1,rBIPC,BIPC,2026-08-31,0.4550000000000000,UNRESOLVED,UNRESOLVED,,,,,,,,"no issuer row at ex-date; tier 3 needs first-party amount corroboration, issuer announced ex-date, prior-period amount"
rBINC-2026-09-01-1,rBINC,BINC,2026-09-01,0.2279210000000000,UNRESOLVED,UNRESOLVED,,,,,,,,"no issuer row at ex-date; tier 3 needs first-party amount corroboration, issuer announced ex-date, prior-period amount"
rBITI-2026-09-01-1,rBITI,BITI,2026-09-01,0.3762380000000000,UNRESOLVED,GROSS,2,,0.376,,,1.329 ex 2026-08-03,yahoo_realised: 0.376 ex 2026-09-01 (third-party),tier 2
rBITO-2026-09-01-1,rBITO,BITO,2026-09-01,0.0108100000000000,UNRESOLVED,GROSS,2,,0.011,,,0.014 ex 2026-08-03,yahoo_realised: 0.011 ex 2026-09-01 (third-party),tier 2
rBLK-2026-09-08-1,rBLK,BLK,2026-09-08,5.7300000000000000,UNRESOLVED,UNRESOLVED,,,,,,,,"no issuer row at ex-date; tier 3 needs first-party amount corroboration, issuer announced ex-date, prior-period amount"
rBKNG-2026-09-11-1,rBKNG,BKNG,2026-09-11,0.4200000000000000,UNRESOLVED,UNRESOLVED,,,,,,,,"no issuer row at ex-date; tier 3 needs first-party amount corroboration, issuer announced ex-date, prior-period amount"
rBND-2026-06-01-1,rBND,BND,2026-06-01,0.2472590000000000,UNRESOLVED,UNRESOLVED,,,,,,,,"no issuer row at ex-date; tier 3 needs first-party amount corroboration, issuer announced ex-date, prior-period amount"
rBSY-2026-06-02-1,rBSY,BSY,2026-06-02,0.0700000000000000,UNRESOLVED,UNRESOLVED,,,,,,,,"no issuer row at ex-date; tier 3 needs first-party amount corroboration, issuer announced ex-date, prior-period amount"
rBTG-2026-06-10-1,rBTG,BTG,2026-06-10,0.0200000000000000,UNRESOLVED,UNRESOLVED,,,,,,,,"no issuer row at ex-date; tier 3 needs first-party amount corroboration, issuer announced ex-date, prior-period amount"
rBR-2026-06-12-1,rBR,BR,2026-06-12,0.9750000000000000,UNRESOLVED,UNRESOLVED,,,,,,,,"no issuer row at ex-date; tier 3 needs first-party amount corroboration, issuer announced ex-date, prior-period amount"
rBNT-2026-06-15-1,rBNT,BNT,2026-06-15,0.0700000000000000,UNRESOLVED,UNRESOLVED,,,,,,,,"no issuer row at ex-date; tier 3 needs first-party amount corroboration, issuer announced ex-date, prior-period amount"
rBRKR-2026-06-22-1,rBRKR,BRKR,2026-06-22,0.0500000000000000,UNRESOLVED,UNRESOLVED,,,,,,,,"no issuer row at ex-date; tier 3 needs first-party amount corroboration, issuer announced ex-date, prior-period amount"
rBOTZ-2026-06-29-1,rBOTZ,BOTZ,2026-06-29,0.0179860000000000,GROSS,GROSS,1,,,,,,bitget_notice_2026_07_24: amount and ex-date match; 30% withholding DOCUMENTED,tier 1: 2026-07-24 notice match (builder rule)
rBND-2026-07-01-1,rBND,BND,2026-07-01,0.2444700000000000,UNRESOLVED,UNRESOLVED,,,,,,,,"no issuer row at ex-date; tier 3 needs first-party amount corroboration, issuer announced ex-date, prior-period amount"
rBMY-2026-07-02-1,rBMY,BMY,2026-07-02,0.6300000000000000,UNRESOLVED,UNRESOLVED,,,,,,,,"no issuer row at ex-date; tier 3 needs first-party amount corroboration, issuer announced ex-date, prior-period amount"
rBRX-2026-07-02-1,rBRX,BRX,2026-07-02,0.3075000000000000,UNRESOLVED,UNRESOLVED,,,,,,,,"no issuer row at ex-date; tier 3 needs first-party amount corroboration, issuer announced ex-date, prior-period amount"
rBRC-2026-07-10-1,rBRC,BRC,2026-07-10,0.2450000000000000,UNRESOLVED,UNRESOLVED,,,,,,,,"no issuer row at ex-date; tier 3 needs first-party amount corroboration, issuer announced ex-date, prior-period amount"
rBNY-2026-07-27-1,rBNY,BNY,2026-07-27,0.6300000000000000,UNRESOLVED,UNRESOLVED,,,,,,,,"no issuer row at ex-date; tier 3 needs first-party amount corroboration, issuer announced ex-date, prior-period amount"
rBSBR-2026-07-30-1,rBSBR,BSBR,2026-07-30,0.0684670000000000,UNRESOLVED,UNRESOLVED,,,,,,,,"no issuer row at ex-date; tier 3 needs first-party amount corroboration, issuer announced ex-date, prior-period amount"
rBND-2026-08-03-1,rBND,BND,2026-08-03,0.2515499900000000,UNRESOLVED,UNRESOLVED,,,,,,,,"no issuer row at ex-date; tier 3 needs first-party amount corroboration, issuer announced ex-date, prior-period amount"
rBRO-2026-08-12-1,rBRO,BRO,2026-08-12,0.1650000000000000,UNRESOLVED,UNRESOLVED,,,,,,,,"no issuer row at ex-date; tier 3 needs first-party amount corroboration, issuer announced ex-date, prior-period amount"
rBP-2026-08-14-1,rBP,BP,2026-08-14,0.5196000000000000,UNRESOLVED,UNRESOLVED,,,,,,,,"no issuer row at ex-date; tier 3 needs first-party amount corroboration, issuer announced ex-date, prior-period amount"
rBRSL-2026-08-18-1,rBRSL,BRSL,2026-08-18,0.2300000000000000,UNRESOLVED,UNRESOLVED,,,,,,,,"no issuer row at ex-date; tier 3 needs first-party amount corroboration, issuer announced ex-date, prior-period amount"
rBOKF-2026-08-19-1,rBOKF,BOKF,2026-08-19,0.6300000000000000,UNRESOLVED,UNRESOLVED,,,,,,,,"no issuer row at ex-date; tier 3 needs first-party amount corroboration, issuer announced ex-date, prior-period amount"
rBND-2026-09-01-1,rBND,BND,2026-09-01,0.2529000000000000,UNRESOLVED,UNRESOLVED,,,,,,,,"no issuer row at ex-date; tier 3 needs first-party amount corroboration, issuer announced ex-date, prior-period amount"
rBR-2026-09-03-1,rBR,BR,2026-09-03,1.0900000000000000,UNRESOLVED,UNRESOLVED,,,,,,,,"no issuer row at ex-date; tier 3 needs first-party amount corroboration, issuer announced ex-date, prior-period amount"
rBPOP-2026-09-10-1,rBPOP,BPOP,2026-09-10,0.9000000000000000,UNRESOLVED,UNRESOLVED,,,,,,,,"no issuer row at ex-date; tier 3 needs first-party amount corroboration, issuer announced ex-date, prior-period amount"
rBTG-2026-09-10-1,rBTG,BTG,2026-09-10,0.0200000000000000,UNRESOLVED,UNRESOLVED,,,,,,,,"no issuer row at ex-date; tier 3 needs first-party amount corroboration, issuer announced ex-date, prior-period amount"
rBNT-2026-09-14-1,rBNT,BNT,2026-09-14,0.0700000000000000,UNRESOLVED,UNRESOLVED,,,,,,,,"no issuer row at ex-date; tier 3 needs first-party amount corroboration, issuer announced ex-date, prior-period amount"
rBRKR-2026-09-21-1,rBRKR,BRKR,2026-09-21,0.0500000000000000,UNRESOLVED,UNRESOLVED,,,,,,,,"no issuer row at ex-date; tier 3 needs first-party amount corroboration, issuer announced ex-date, prior-period amount"
rBSY-2026-09-22-1,rBSY,BSY,2026-09-22,0.0700000000000000,UNRESOLVED,UNRESOLVED,,,,,,,,"no issuer row at ex-date; tier 3 needs first-party amount corroboration, issuer announced ex-date, prior-period amount"
rBMY-2026-10-02-1,rBMY,BMY,2026-10-02,0.6300000000000000,UNRESOLVED,UNRESOLVED,,,,,,,,"no issuer row at ex-date; tier 3 needs first-party amount corroboration, issuer announced ex-date, prior-period amount"
rBRX-2026-10-02-1,rBRX,BRX,2026-10-02,0.3075000000000000,UNRESOLVED,UNRESOLVED,,,,,,,,"no issuer row at ex-date; tier 3 needs first-party amount corroboration, issuer announced ex-date, prior-period amount"
rBRC-2026-10-09-1,rBRC,BRC,2026-10-09,0.2500000000000000,UNRESOLVED,UNRESOLVED,,,,,,,,"no issuer row at ex-date; tier 3 needs first-party amount corroboration, issuer announced ex-date, prior-period amount"
rBWA-2026-06-01-1,rBWA,BWA,2026-06-01,0.1700000000000000,UNRESOLVED,UNRESOLVED,,,,,,,,"no issuer row at ex-date; tier 3 needs first-party amount corroboration, issuer announced ex-date, prior-period amount"
rBYD-2026-06-15-1,rBYD,BYD,2026-06-15,0.2000000000000000,UNRESOLVED,UNRESOLVED,,,,,,,,"no issuer row at ex-date; tier 3 needs first-party amount corroboration, issuer announced ex-date, prior-period amount"
rBXP-2026-06-30-1,rBXP,BXP,2026-06-30,0.7000000000000000,UNRESOLVED,UNRESOLVED,,,,,,,,"no issuer row at ex-date; tier 3 needs first-party amount corroboration, issuer announced ex-date, prior-period amount"
rBXSL-2026-06-30-1,rBXSL,BXSL,2026-06-30,0.7700000000000000,UNRESOLVED,UNRESOLVED,,,,,,,,"no issuer row at ex-date; tier 3 needs first-party amount corroboration, issuer announced ex-date, prior-period amount"
rCAH-2026-07-01-1,rCAH,CAH,2026-07-01,0.5158000000000000,UNRESOLVED,UNRESOLVED,,,,,,,,"no issuer row at ex-date; tier 3 needs first-party amount corroboration, issuer announced ex-date, prior-period amount"
rBTI-2026-07-10-1,rBTI,BTI,2026-07-10,0.8248510000000000,UNRESOLVED,UNRESOLVED,,,,,,,,"no issuer row at ex-date; tier 3 needs first-party amount corroboration, issuer announced ex-date, prior-period amount"
rCARR-2026-07-21-1,rCARR,CARR,2026-07-21,0.2400000000000000,UNRESOLVED,UNRESOLVED,,,,,,,,"no issuer row at ex-date; tier 3 needs first-party amount corroboration, issuer announced ex-date, prior-period amount"
rCAG-2026-07-30-1,rCAG,CAG,2026-07-30,0.1750000000000000,UNRESOLVED,UNRESOLVED,,,,,,,,"no issuer row at ex-date; tier 3 needs first-party amount corroboration, issuer announced ex-date, prior-period amount"
rBX-2026-08-03-1,rBX,BX,2026-08-03,1.2900000000000000,UNRESOLVED,UNRESOLVED,,,,,,,,"no issuer row at ex-date; tier 3 needs first-party amount corroboration, issuer announced ex-date, prior-period amount"
rC-2026-08-03-1,rC,C,2026-08-03,0.6700000000000000,UNRESOLVED,UNRESOLVED,,,,,,,,"no issuer row at ex-date; tier 3 needs first-party amount corroboration, issuer announced ex-date, prior-period amount"
rBWXT-2026-08-18-1,rBWXT,BWXT,2026-08-18,0.2700000000000000,UNRESOLVED,UNRESOLVED,,,,,,,,"no issuer row at ex-date; tier 3 needs first-party amount corroboration, issuer announced ex-date, prior-period amount"
rBWA-2026-09-01-1,rBWA,BWA,2026-09-01,0.1700000000000000,UNRESOLVED,UNRESOLVED,,,,,,,,"no issuer row at ex-date; tier 3 needs first-party amount corroboration, issuer announced ex-date, prior-period amount"
rBYD-2026-09-15-1,rBYD,BYD,2026-09-15,0.2000000000000000,UNRESOLVED,UNRESOLVED,,,,,,,,"no issuer row at ex-date; tier 3 needs first-party amount corroboration, issuer announced ex-date, prior-period amount"
rBZ-2026-09-28-1,rBZ,BZ,2026-09-28,0.5100000000000000,UNRESOLVED,UNRESOLVED,,,,,,,,"no issuer row at ex-date; tier 3 needs first-party amount corroboration, issuer announced ex-date, prior-period amount"
rBXSL-2026-09-30-1,rBXSL,BXSL,2026-09-30,0.7700000000000000,UNRESOLVED,UNRESOLVED,,,,,,,,"no issuer row at ex-date; tier 3 needs first-party amount corroboration, issuer announced ex-date, prior-period amount"
rCAH-2026-10-01-1,rCAH,CAH,2026-10-01,0.5158000000000000,UNRESOLVED,UNRESOLVED,,,,,,,,"no issuer row at ex-date; tier 3 needs first-party amount corroboration, issuer announced ex-date, prior-period amount"
rBTI-2026-10-02-1,rBTI,BTI,2026-10-02,0.8348510000000000,UNRESOLVED,UNRESOLVED,,,,,,,,"no issuer row at ex-date; tier 3 needs first-party amount corroboration, issuer announced ex-date, prior-period amount"
rBTI-2026-12-29-1,rBTI,BTI,2026-12-29,0.8248510000000000,UNRESOLVED,UNRESOLVED,,,,,,,,"no issuer row at ex-date; tier 3 needs first-party amount corroboration, issuer announced ex-date, prior-period amount"
rCBSH-2026-06-05-1,rCBSH,CBSH,2026-06-05,0.2750000000000000,UNRESOLVED,UNRESOLVED,,,,,,,,"no issuer row at ex-date; tier 3 needs first-party amount corroboration, issuer announced ex-date, prior-period amount"
rCB-2026-06-12-1,rCB,CB,2026-06-12,1.0200000000000000,UNRESOLVED,UNRESOLVED,,,,,,,,"no issuer row at ex-date; tier 3 needs first-party amount corroboration, issuer announced ex-date, prior-period amount"
rCCI-2026-06-15-1,rCCI,CCI,2026-06-15,1.0625000000000000,UNRESOLVED,UNRESOLVED,,,,,,,,"no issuer row at ex-date; tier 3 needs first-party amount corroboration, issuer announced ex-date, prior-period amount"
rCE-2026-07-28-1,rCE,CE,2026-07-28,0.0300000000000000,UNRESOLVED,UNRESOLVED,,,,,,,,"no issuer row at ex-date; tier 3 needs first-party amount corroboration, issuer announced ex-date, prior-period amount"
rCFG-2026-07-30-1,rCFG,CFG,2026-07-30,0.4600000000000000,UNRESOLVED,UNRESOLVED,,,,,,,,"no issuer row at ex-date; tier 3 needs first-party amount corroboration, issuer announced ex-date, prior-period amount"
rCASY-2026-07-31-1,rCASY,CASY,2026-07-31,0.6500000000000000,UNRESOLVED,UNRESOLVED,,,,,,,,"no issuer row at ex-date; tier 3 needs first-party amount corroboration, issuer announced ex-date, prior-period amount"
rCCK-2026-08-06-1,rCCK,CCK,2026-08-06,0.3500000000000000,UNRESOLVED,UNRESOLVED,,,,,,,,"no issuer row at ex-date; tier 3 needs first-party amount corroboration, issuer announced ex-date, prior-period amount"
rCCL-2026-08-07-1,rCCL,CCL,2026-08-07,0.1500000000000000,UNRESOLVED,UNRESOLVED,,,,,,,,"no issuer row at ex-date; tier 3 needs first-party amount corroboration, issuer announced ex-date, prior-period amount"
rCF-2026-08-14-1,rCF,CF,2026-08-14,0.6000000000000000,UNRESOLVED,UNRESOLVED,,,,,,,,"no issuer row at ex-date; tier 3 needs first-party amount corroboration, issuer announced ex-date, prior-period amount"
rCEG-2026-08-18-1,rCEG,CEG,2026-08-18,0.4265000000000000,UNRESOLVED,UNRESOLVED,,,,,,,,"no issuer row at ex-date; tier 3 needs first-party amount corroboration, issuer announced ex-date, prior-period amount"
rCBC-2026-08-21-1,rCBC,CBC,2026-08-21,0.1200000000000000,UNRESOLVED,UNRESOLVED,,,,,,,,"no issuer row at ex-date; tier 3 needs first-party amount corroboration, issuer announced ex-date, prior-period amount"
rCDW-2026-08-25-1,rCDW,CDW,2026-08-25,0.6300000000000000,UNRESOLVED,UNRESOLVED,,,,,,,,"no issuer row at ex-date; tier 3 needs first-party amount corroboration, issuer announced ex-date, prior-period amount"
rCBT-2026-08-28-1,rCBT,CBT,2026-08-28,0.4725000000000000,UNRESOLVED,UNRESOLVED,,,,,,,,"no issuer row at ex-date; tier 3 needs first-party amount corroboration, issuer announced ex-date, prior-period amount"
rCBOE-2026-08-31-1,rCBOE,CBOE,2026-08-31,0.8600000000000000,UNRESOLVED,UNRESOLVED,,,,,,,,"no issuer row at ex-date; tier 3 needs first-party amount corroboration, issuer announced ex-date, prior-period amount"
rCBSH-2026-09-04-1,rCBSH,CBSH,2026-09-04,0.2750000000000000,UNRESOLVED,UNRESOLVED,,,,,,,,"no issuer row at ex-date; tier 3 needs first-party amount corroboration, issuer announced ex-date, prior-period amount"
rCB-2026-09-11-1,rCB,CB,2026-09-11,1.0200000000000000,UNRESOLVED,UNRESOLVED,,,,,,,,"no issuer row at ex-date; tier 3 needs first-party amount corroboration, issuer announced ex-date, prior-period amount"
rCCI-2026-09-15-1,rCCI,CCI,2026-09-15,1.0625000000000000,UNRESOLVED,UNRESOLVED,,,,,,,,"no issuer row at ex-date; tier 3 needs first-party amount corroboration, issuer announced ex-date, prior-period amount"
rCASY-2026-10-30-1,rCASY,CASY,2026-10-30,0.6500000000000000,UNRESOLVED,UNRESOLVED,,,,,,,,"no issuer row at ex-date; tier 3 needs first-party amount corroboration, issuer announced ex-date, prior-period amount"
rCI-2026-06-04-1,rCI,CI,2026-06-04,1.5600000000000000,UNRESOLVED,UNRESOLVED,,,,,,,,"no issuer row at ex-date; tier 3 needs first-party amount corroboration, issuer announced ex-date, prior-period amount"
rCHRW-2026-06-05-1,rCHRW,CHRW,2026-06-05,0.6300000000000000,UNRESOLVED,UNRESOLVED,,,,,,,,"no issuer row at ex-date; tier 3 needs first-party amount corroboration, issuer announced ex-date, prior-period amount"
rCINF-2026-06-23-1,rCINF,CINF,2026-06-23,0.9400000000000000,UNRESOLVED,UNRESOLVED,,,,,,,,"no issuer row at ex-date; tier 3 needs first-party amount corroboration, issuer announced ex-date, prior-period amount"
rCIBR-2026-06-25-1,rCIBR,CIBR,2026-06-25,0.0721000000000000,UNRESOLVED,UNRESOLVED,,,,,,,,"no issuer row at ex-date; tier 3 needs first-party amount corroboration, issuer announced ex-date, prior-period amount"
rCIB-2026-06-30-1,rCIB,CIB,2026-06-30,1.3039680000000000,UNRESOLVED,UNRESOLVED,,,,,,,,"no issuer row at ex-date; tier 3 needs first-party amount corroboration, issuer announced ex-date, prior-period amount"
rCIGI-2026-06-30-1,rCIGI,CIGI,2026-06-30,0.1500000000000000,UNRESOLVED,UNRESOLVED,,,,,,,,"no issuer row at ex-date; tier 3 needs first-party amount corroboration, issuer announced ex-date, prior-period amount"
rCHH-2026-07-01-1,rCHH,CHH,2026-07-01,0.2875000000000000,UNRESOLVED,UNRESOLVED,,,,,,,,"no issuer row at ex-date; tier 3 needs first-party amount corroboration, issuer announced ex-date, prior-period amount"
rCIG-2026-07-02-1,rCIG,CIG,2026-07-02,0.0353640000000000,UNRESOLVED,UNRESOLVED,,,,,,,,"no issuer row at ex-date; tier 3 needs first-party amount corroboration, issuer announced ex-date, prior-period amount"
rCHT-2026-07-09-1,rCHT,CHT,2026-07-09,1.2854940000000000,UNRESOLVED,UNRESOLVED,,,,,,,,"no issuer row at ex-date; tier 3 needs first-party amount corroboration, issuer announced ex-date, prior-period amount"
rCL-2026-07-20-1,rCL,CL,2026-07-20,0.5300000000000000,UNRESOLVED,UNRESOLVED,,,,,,,,"no issuer row at ex-date; tier 3 needs first-party amount corroboration, issuer announced ex-date, prior-period amount"
rCHD-2026-08-14-1,rCHD,CHD,2026-08-14,0.3075000000000000,UNRESOLVED,UNRESOLVED,,,,,,,,"no issuer row at ex-date; tier 3 needs first-party amount corroboration, issuer announced ex-date, prior-period amount"
rCG-2026-08-17-1,rCG,CG,2026-08-17,0.3500000000000000,UNRESOLVED,UNRESOLVED,,,,,,,,"no issuer row at ex-date; tier 3 needs first-party amount corroboration, issuer announced ex-date, prior-period amount"
rCHE-2026-08-17-1,rCHE,CHE,2026-08-17,0.7000000000000000,UNRESOLVED,UNRESOLVED,,,,,,,,"no issuer row at ex-date; tier 3 needs first-party amount corroboration, issuer announced ex-date, prior-period amount"
rCGNX-2026-08-20-1,rCGNX,CGNX,2026-08-20,0.0850000000000000,UNRESOLVED,UNRESOLVED,,,,,,,,"no issuer row at ex-date; tier 3 needs first-party amount corroboration, issuer announced ex-date, prior-period amount"
rCHRD-2026-08-20-1,rCHRD,CHRD,2026-08-20,1.3000000000000000,UNRESOLVED,UNRESOLVED,,,,,,,,"no issuer row at ex-date; tier 3 needs first-party amount corroboration, issuer announced ex-date, prior-period amount"
rCFR-2026-08-31-1,rCFR,CFR,2026-08-31,1.0300000000000000,UNRESOLVED,UNRESOLVED,,,,,,,,"no issuer row at ex-date; tier 3 needs first-party amount corroboration, issuer announced ex-date, prior-period amount"
rCHRW-2026-09-04-1,rCHRW,CHRW,2026-09-04,0.6300000000000000,UNRESOLVED,UNRESOLVED,,,,,,,,"no issuer row at ex-date; tier 3 needs first-party amount corroboration, issuer announced ex-date, prior-period amount"
rCI-2026-09-08-1,rCI,CI,2026-09-08,1.5600000000000000,UNRESOLVED,UNRESOLVED,,,,,,,,"no issuer row at ex-date; tier 3 needs first-party amount corroboration, issuer announced ex-date, prior-period amount"
rCIB-2026-09-08-1,rCIB,CIB,2026-09-08,1.6323700000000000,UNRESOLVED,UNRESOLVED,,,,,,,,"no issuer row at ex-date; tier 3 needs first-party amount corroboration, issuer announced ex-date, prior-period amount"
rCINF-2026-09-23-1,rCINF,CINF,2026-09-23,0.9400000000000000,UNRESOLVED,UNRESOLVED,,,,,,,,"no issuer row at ex-date; tier 3 needs first-party amount corroboration, issuer announced ex-date, prior-period amount"
rCIB-2026-09-30-1,rCIB,CIB,2026-09-30,1.4438400000000000,UNRESOLVED,UNRESOLVED,,,,,,,,"no issuer row at ex-date; tier 3 needs first-party amount corroboration, issuer announced ex-date, prior-period amount"
rCLOA-2026-06-01-1,rCLOA,CLOA,2026-06-01,0.2046140000000000,UNRESOLVED,UNRESOLVED,,,,,,,,"no issuer row at ex-date; tier 3 needs first-party amount corroboration, issuer announced ex-date, prior-period amount"
rCLOI-2026-06-01-1,rCLOI,CLOI,2026-06-01,0.2234000000000000,UNRESOLVED,GROSS,2,,0.223,,,0.219 ex 2026-05-01,yahoo_realised: 0.223 ex 2026-06-01 (third-party),tier 2
rCMBT-2026-06-03-1,rCMBT,CMBT,2026-06-03,0.2000000000000000,UNRESOLVED,UNRESOLVED,,,,,,,,"no issuer row at ex-date; tier 3 needs first-party amount corroboration, issuer announced ex-date, prior-period amount"
rCMBT-2026-06-03-2,rCMBT,CMBT,2026-06-03,0.4400000000000000,UNRESOLVED,UNRESOLVED,,,,,,,,"no issuer row at ex-date; tier 3 needs first-party amount corroboration, issuer announced ex-date, prior-period amount"
rCME-2026-06-09-1,rCME,CME,2026-06-09,1.3000000000000000,UNRESOLVED,UNRESOLVED,,,,,,,,"no issuer row at ex-date; tier 3 needs first-party amount corroboration, issuer announced ex-date, prior-period amount"
rCNI-2026-06-09-1,rCNI,CNI,2026-06-09,0.6687735000000000,UNRESOLVED,UNRESOLVED,,,,,,,,"no issuer row at ex-date; tier 3 needs first-party amount corroboration, issuer announced ex-date, prior-period amount"
rCNO-2026-06-10-1,rCNO,CNO,2026-06-10,0.1800000000000000,UNRESOLVED,UNRESOLVED,,,,,,,,"no issuer row at ex-date; tier 3 needs first-party amount corroboration, issuer announced ex-date, prior-period amount"
rCNQ-2026-06-23-1,rCNQ,CNQ,2026-06-23,0.4575000000000000,UNRESOLVED,UNRESOLVED,,,,,,,,"no issuer row at ex-date; tier 3 needs first-party amount corroboration, issuer announced ex-date, prior-period amount"
rCLOA-2026-07-01-1,rCLOA,CLOA,2026-07-01,0.1960260000000000,UNRESOLVED,UNRESOLVED,,,,,,,,"no issuer row at ex-date; tier 3 needs first-party amount corroboration, issuer announced ex-date, prior-period amount"
rCLOI-2026-07-01-1,rCLOI,CLOI,2026-07-01,0.2051000000000000,GROSS,GROSS,1,,,,,,bitget_notice_2026_07_24: amount and ex-date match; 30% withholding DOCUMENTED,tier 1: 2026-07-24 notice match (builder rule)
rCMCSA-2026-07-01-1,rCMCSA,CMCSA,2026-07-01,0.3300000000000000,GROSS,GROSS,1,,,,,,bitget_notice_2026_07_24: amount and ex-date match; 30% withholding DOCUMENTED,tier 1: 2026-07-24 notice match (builder rule)
rCMC-2026-07-06-1,rCMC,CMC,2026-07-06,0.2000000000000000,UNRESOLVED,UNRESOLVED,,,,,,,,"no issuer row at ex-date; tier 3 needs first-party amount corroboration, issuer announced ex-date, prior-period amount"
rCLOA-2026-08-03-1,rCLOA,CLOA,2026-08-03,0.2060700100000000,UNRESOLVED,UNRESOLVED,,,,,,,,"no issuer row at ex-date; tier 3 needs first-party amount corroboration, issuer announced ex-date, prior-period amount"
rCLOI-2026-08-03-1,rCLOI,CLOI,2026-08-03,0.2152999900000000,UNRESOLVED,GROSS,2,,0.215,,,0.205 ex 2026-07-01,yahoo_realised: 0.215 ex 2026-08-03 (third-party),tier 2
rCMS-2026-08-07-1,rCMS,CMS,2026-08-07,0.5700000000000000,UNRESOLVED,UNRESOLVED,,,,,,,,"no issuer row at ex-date; tier 3 needs first-party amount corroboration, issuer announced ex-date, prior-period amount"
rCLX-2026-08-12-1,rCLX,CLX,2026-08-12,1.2500000000000000,UNRESOLVED,UNRESOLVED,,,,,,,,"no issuer row at ex-date; tier 3 needs first-party amount corroboration, issuer announced ex-date, prior-period amount"
rCNA-2026-08-17-1,rCNA,CNA,2026-08-17,0.4800000000000000,UNRESOLVED,UNRESOLVED,,,,,,,,"no issuer row at ex-date; tier 3 needs first-party amount corroboration, issuer announced ex-date, prior-period amount"
rCNP-2026-08-20-1,rCNP,CNP,2026-08-20,0.2400000000000000,UNRESOLVED,UNRESOLVED,,,,,,,,"no issuer row at ex-date; tier 3 needs first-party amount corroboration, issuer announced ex-date, prior-period amount"
rCMI-2026-08-21-1,rCMI,CMI,2026-08-21,2.2000000000000000,UNRESOLVED,UNRESOLVED,,,,,,,,"no issuer row at ex-date; tier 3 needs first-party amount corroboration, issuer announced ex-date, prior-period amount"
rCLOA-2026-09-01-1,rCLOA,CLOA,2026-09-01,0.2131940000000000,UNRESOLVED,UNRESOLVED,,,,,,,,"no issuer row at ex-date; tier 3 needs first-party amount corroboration, issuer announced ex-date, prior-period amount"
rCLOI-2026-09-01-1,rCLOI,CLOI,2026-09-01,0.2247000000000000,UNRESOLVED,GROSS,2,,0.225,,,0.215 ex 2026-08-03,yahoo_realised: 0.225 ex 2026-09-01 (third-party),tier 2
rCNI-2026-09-08-1,rCNI,CNI,2026-09-08,0.6495585000000000,UNRESOLVED,UNRESOLVED,,,,,,,,"no issuer row at ex-date; tier 3 needs first-party amount corroboration, issuer announced ex-date, prior-period amount"
rCME-2026-09-09-1,rCME,CME,2026-09-09,1.3000000000000000,UNRESOLVED,UNRESOLVED,,,,,,,,"no issuer row at ex-date; tier 3 needs first-party amount corroboration, issuer announced ex-date, prior-period amount"
rCNO-2026-09-10-1,rCNO,CNO,2026-09-10,0.1800000000000000,UNRESOLVED,UNRESOLVED,,,,,,,,"no issuer row at ex-date; tier 3 needs first-party amount corroboration, issuer announced ex-date, prior-period amount"
rCNQ-2026-09-11-1,rCNQ,CNQ,2026-09-11,0.4460625000000000,UNRESOLVED,UNRESOLVED,,,,,,,,"no issuer row at ex-date; tier 3 needs first-party amount corroboration, issuer announced ex-date, prior-period amount"
rCMCSA-2026-10-07-1,rCMCSA,CMCSA,2026-10-07,0.3300000000000000,UNRESOLVED,GROSS,2,0.33,,,,0.33 ex 2026-07-01,nasdaq_declared: 0.33 ex 2026-10-07 declared 07/23/2026 (third-party),tier 2
rCRBG-2026-06-16-1,rCRBG,CRBG,2026-06-16,0.2500000000000000,UNRESOLVED,UNRESOLVED,,,,,,,,"no issuer row at ex-date; tier 3 needs first-party amount corroboration, issuer announced ex-date, prior-period amount"
rCOPX-2026-06-29-1,rCOPX,COPX,2026-06-29,0.2579760000000000,GROSS,GROSS,1,,,,,,bitget_notice_2026_07_24: amount and ex-date match; 30% withholding DOCUMENTED,tier 1: 2026-07-24 notice match (builder rule)
rCOLD-2026-06-30-1,rCOLD,COLD,2026-06-30,0.2300000000000000,UNRESOLVED,UNRESOLVED,,,,,,,,"no issuer row at ex-date; tier 3 needs first-party amount corroboration, issuer announced ex-date, prior-period amount"
rCPT-2026-06-30-1,rCPT,CPT,2026-06-30,1.0600000000000000,UNRESOLVED,UNRESOLVED,,,,,,,,"no issuer row at ex-date; tier 3 needs first-party amount corroboration, issuer announced ex-date, prior-period amount"
rCPB-2026-07-02-1,rCPB,CPB,2026-07-02,0.3900000000000000,UNRESOLVED,UNRESOLVED,,,,,,,,"no issuer row at ex-date; tier 3 needs first-party amount corroboration, issuer announced ex-date, prior-period amount"
rCOKE-2026-07-24-1,rCOKE,COKE,2026-07-24,0.2500000000000000,UNRESOLVED,UNRESOLVED,,,,,,,,"no issuer row at ex-date; tier 3 needs first-party amount corroboration, issuer announced ex-date, prior-period amount"
rCOST-2026-07-24-1,rCOST,COST,2026-07-24,1.4700000000000000,UNRESOLVED,UNRESOLVED,,,,,,,,"no issuer row at ex-date; tier 3 needs first-party amount corroboration, issuer announced ex-date, prior-period amount"
rCQP-2026-08-07-1,rCQP,CQP,2026-08-07,0.0450000000000000,UNRESOLVED,UNRESOLVED,,,,,,,,"no issuer row at ex-date; tier 3 needs first-party amount corroboration, issuer announced ex-date, prior-period amount"
rCQP-2026-08-07-2,rCQP,CQP,2026-08-07,0.7750000000000000,UNRESOLVED,UNRESOLVED,,,,,,,,"no issuer row at ex-date; tier 3 needs first-party amount corroboration, issuer announced ex-date, prior-period amount"
rCOR-2026-08-14-1,rCOR,COR,2026-08-14,0.6000000000000000,UNRESOLVED,UNRESOLVED,,,,,,,,"no issuer row at ex-date; tier 3 needs first-party amount corroboration, issuer announced ex-date, prior-period amount"
rCOF-2026-08-17-1,rCOF,COF,2026-08-17,0.8000000000000000,UNRESOLVED,UNRESOLVED,,,,,,,,"no issuer row at ex-date; tier 3 needs first-party amount corroboration, issuer announced ex-date, prior-period amount"
rCOP-2026-08-17-1,rCOP,COP,2026-08-17,0.8400000000000000,UNRESOLVED,UNRESOLVED,,,,,,,,"no issuer row at ex-date; tier 3 needs first-party amount corroboration, issuer announced ex-date, prior-period amount"
rCOLB-2026-08-28-1,rCOLB,COLB,2026-08-28,0.3700000000000000,UNRESOLVED,UNRESOLVED,,,,,,,,"no issuer row at ex-date; tier 3 needs first-party amount corroboration, issuer announced ex-date, prior-period amount"
rCPA-2026-08-31-1,rCPA,CPA,2026-08-31,1.7100000000000000,UNRESOLVED,UNRESOLVED,,,,,,,,"no issuer row at ex-date; tier 3 needs first-party amount corroboration, issuer announced ex-date, prior-period amount"
rCR-2026-08-31-1,rCR,CR,2026-08-31,0.2550000000000000,UNRESOLVED,UNRESOLVED,,,,,,,,"no issuer row at ex-date; tier 3 needs first-party amount corroboration, issuer announced ex-date, prior-period amount"
rCRBG-2026-09-16-1,rCRBG,CRBG,2026-09-16,0.2500000000000000,UNRESOLVED,UNRESOLVED,,,,,,,,"no issuer row at ex-date; tier 3 needs first-party amount corroboration, issuer announced ex-date, prior-period amount"
rCOLD-2026-09-30-1,rCOLD,COLD,2026-09-30,0.2300000000000000,UNRESOLVED,UNRESOLVED,,,,,,,,"no issuer row at ex-date; tier 3 needs first-party amount corroboration, issuer announced ex-date, prior-period amount"
rCPT-2026-09-30-1,rCPT,CPT,2026-09-30,1.0600000000000000,UNRESOLVED,UNRESOLVED,,,,,,,,"no issuer row at ex-date; tier 3 needs first-party amount corroboration, issuer announced ex-date, prior-period amount"
rCPB-2026-10-01-1,rCPB,CPB,2026-10-01,0.2500000000000000,UNRESOLVED,UNRESOLVED,,,,,,,,"no issuer row at ex-date; tier 3 needs first-party amount corroboration, issuer announced ex-date, prior-period amount"
rCTVA-2026-06-01-1,rCTVA,CTVA,2026-06-01,0.1800000000000000,UNRESOLVED,UNRESOLVED,,,,,,,,"no issuer row at ex-date; tier 3 needs first-party amount corroboration, issuer announced ex-date, prior-period amount"
rCRM-2026-06-11-1,rCRM,CRM,2026-06-11,0.4400000000000000,GROSS,GROSS,1,,,,,,bitget_notice_2026_07_24: amount and ex-date match; 30% withholding DOCUMENTED,tier 1: 2026-07-24 notice match (builder rule)
rCRCA-2026-06-24-1,rCRCA,CRCA,2026-06-24,0.1811380000000000,GROSS,GROSS,1,,,,,,bitget_notice_2026_07_24: amount and ex-date match; 30% withholding DOCUMENTED,tier 1: 2026-07-24 notice match (builder rule)
rCTRE-2026-06-30-1,rCTRE,CTRE,2026-06-30,0.3900000000000000,UNRESOLVED,UNRESOLVED,,,,,,,,"no issuer row at ex-date; tier 3 needs first-party amount corroboration, issuer announced ex-date, prior-period amount"
rCUBE-2026-07-01-1,rCUBE,CUBE,2026-07-01,0.5300000000000000,UNRESOLVED,UNRESOLVED,,,,,,,,"no issuer row at ex-date; tier 3 needs first-party amount corroboration, issuer announced ex-date, prior-period amount"
rCRWD-2026-07-02-1,rCRWD,CRWD,2026-07-02,,UNRESOLVED,UNRESOLVED,,,,,,,,not a cash dividend
rCSCO-2026-07-06-1,rCSCO,CSCO,2026-07-06,0.4200000000000000,GROSS,GROSS,1,,,,,,bitget_notice_2026_07_24: amount and ex-date match; 30% withholding DOCUMENTED,tier 1: 2026-07-24 notice match (builder rule)
rCUZ-2026-07-06-1,rCUZ,CUZ,2026-07-06,0.3200000000000000,UNRESOLVED,UNRESOLVED,,,,,,,,"no issuer row at ex-date; tier 3 needs first-party amount corroboration, issuer announced ex-date, prior-period amount"
rCSW-2026-07-31-1,rCSW,CSW,2026-07-31,0.3000000000000000,UNRESOLVED,UNRESOLVED,,,,,,,,"no issuer row at ex-date; tier 3 needs first-party amount corroboration, issuer announced ex-date, prior-period amount"
rCRH-2026-08-14-1,rCRH,CRH,2026-08-14,0.3900000000000000,UNRESOLVED,UNRESOLVED,,,,,,,,"no issuer row at ex-date; tier 3 needs first-party amount corroboration, issuer announced ex-date, prior-period amount"
rCTAS-2026-08-14-1,rCTAS,CTAS,2026-08-14,0.5200000000000000,UNRESOLVED,UNRESOLVED,,,,,,,,"no issuer row at ex-date; tier 3 needs first-party amount corroboration, issuer announced ex-date, prior-period amount"
rCTSH-2026-08-18-1,rCTSH,CTSH,2026-08-18,0.3300000000000000,UNRESOLVED,UNRESOLVED,,,,,,,,"no issuer row at ex-date; tier 3 needs first-party amount corroboration, issuer announced ex-date, prior-period amount"
rCSL-2026-08-19-1,rCSL,CSL,2026-08-19,1.2500000000000000,UNRESOLVED,UNRESOLVED,,,,,,,,"no issuer row at ex-date; tier 3 needs first-party amount corroboration, issuer announced ex-date, prior-period amount"
rCRS-2026-08-25-1,rCRS,CRS,2026-08-25,0.2000000000000000,UNRESOLVED,UNRESOLVED,,,,,,,,"no issuer row at ex-date; tier 3 needs first-party amount corroboration, issuer announced ex-date, prior-period amount"
rCSX-2026-08-31-1,rCSX,CSX,2026-08-31,0.1400000000000000,UNRESOLVED,UNRESOLVED,,,,,,,,"no issuer row at ex-date; tier 3 needs first-party amount corroboration, issuer announced ex-date, prior-period amount"
rCTVA-2026-09-01-1,rCTVA,CTVA,2026-09-01,0.1800000000000000,UNRESOLVED,UNRESOLVED,,,,,,,,"no issuer row at ex-date; tier 3 needs first-party amount corroboration, issuer announced ex-date, prior-period amount"
rCRC-2026-09-04-1,rCRC,CRC,2026-09-04,0.4050000000000000,UNRESOLVED,UNRESOLVED,,,,,,,,"no issuer row at ex-date; tier 3 needs first-party amount corroboration, issuer announced ex-date, prior-period amount"
rCRM-2026-09-17-1,rCRM,CRM,2026-09-17,0.4400000000000000,UNRESOLVED,UNRESOLVED,,,,,2026-09-17,0.44 ex 2026-06-11,yahoo_calendar: announced next ex-date 2026-09-17 (third-party); prior realised 0.44 ex 2026-06-11 equals amount (ASSUMED unchanged),no issuer row at ex-date; tier 3 needs first-party amount corroboration
rCTRE-2026-09-30-1,rCTRE,CTRE,2026-09-30,0.3900000000000000,UNRESOLVED,UNRESOLVED,,,,,,,,"no issuer row at ex-date; tier 3 needs first-party amount corroboration, issuer announced ex-date, prior-period amount"
rCUBE-2026-10-01-1,rCUBE,CUBE,2026-10-01,0.5300000000000000,UNRESOLVED,UNRESOLVED,,,,,,,,"no issuer row at ex-date; tier 3 needs first-party amount corroboration, issuer announced ex-date, prior-period amount"
rCSCO-2026-10-02-1,rCSCO,CSCO,2026-10-02,0.4200000000000000,UNRESOLVED,GROSS,2,0.42,,,,0.42 ex 2026-07-06,nasdaq_declared: 0.42 ex 2026-10-02 declared 08/12/2026 (third-party),tier 2
rCWEN-2026-06-01-1,rCWEN,CWEN,2026-06-01,0.4676000000000000,UNRESOLVED,UNRESOLVED,,,,,,,,"no issuer row at ex-date; tier 3 needs first-party amount corroboration, issuer announced ex-date, prior-period amount"
rCVE-2026-06-15-1,rCVE,CVE,2026-06-15,0.1613040000000000,UNRESOLVED,UNRESOLVED,,,,,,,,"no issuer row at ex-date; tier 3 needs first-party amount corroboration, issuer announced ex-date, prior-period amount"
rCW-2026-06-15-1,rCW,CW,2026-06-15,0.2600000000000000,UNRESOLVED,UNRESOLVED,,,,,,,,"no issuer row at ex-date; tier 3 needs first-party amount corroboration, issuer announced ex-date, prior-period amount"
rDCI-2026-06-15-1,rDCI,DCI,2026-06-15,0.3200000000000000,UNRESOLVED,UNRESOLVED,,,,,,,,"no issuer row at ex-date; tier 3 needs first-party amount corroboration, issuer announced ex-date, prior-period amount"
rCX-2026-06-17-1,rCX,CX,2026-06-17,0.0311700000000000,UNRESOLVED,UNRESOLVED,,,,,,,,"no issuer row at ex-date; tier 3 needs first-party amount corroboration, issuer announced ex-date, prior-period amount"
rDD-2026-06-24-1,rDD,DD,2026-06-24,,UNRESOLVED,UNRESOLVED,,,,,,,,not a cash dividend
rDDS-2026-06-30-1,rDDS,DDS,2026-06-30,0.3000000000000000,UNRESOLVED,UNRESOLVED,,,,,,,,"no issuer row at ex-date; tier 3 needs first-party amount corroboration, issuer announced ex-date, prior-period amount"
rDE-2026-06-30-1,rDE,DE,2026-06-30,1.6200000000000000,UNRESOLVED,UNRESOLVED,,,,,,,,"no issuer row at ex-date; tier 3 needs first-party amount corroboration, issuer announced ex-date, prior-period amount"
rDAL-2026-07-09-1,rDAL,DAL,2026-07-09,0.2150000000000000,UNRESOLVED,UNRESOLVED,,,,,,,,"no issuer row at ex-date; tier 3 needs first-party amount corroboration, issuer announced ex-date, prior-period amount"
rCVS-2026-07-23-1,rCVS,CVS,2026-07-23,0.6650000000000000,UNRESOLVED,UNRESOLVED,,,,,,,,"no issuer row at ex-date; tier 3 needs first-party amount corroboration, issuer announced ex-date, prior-period amount"
rDCI-2026-08-17-1,rDCI,DCI,2026-08-17,0.3200000000000000,UNRESOLVED,UNRESOLVED,,,,,,,,"no issuer row at ex-date; tier 3 needs first-party amount corroboration, issuer announced ex-date, prior-period amount"
rCVX-2026-08-19-1,rCVX,CVX,2026-08-19,1.7800000000000000,UNRESOLVED,UNRESOLVED,,,,,,,,"no issuer row at ex-date; tier 3 needs first-party amount corroboration, issuer announced ex-date, prior-period amount"
rDD-2026-08-28-1,rDD,DD,2026-08-28,0.3500000000000000,UNRESOLVED,UNRESOLVED,,,,,,,,"no issuer row at ex-date; tier 3 needs first-party amount corroboration, issuer announced ex-date, prior-period amount"
rDD-2026-08-31-1,rDD,DD,2026-08-31,0.6000000000000000,UNRESOLVED,UNRESOLVED,,,,,,,,"no issuer row at ex-date; tier 3 needs first-party amount corroboration, issuer announced ex-date, prior-period amount"
rCWEN-2026-09-01-1,rCWEN,CWEN,2026-09-01,0.4750000000000000,UNRESOLVED,UNRESOLVED,,,,,,,,"no issuer row at ex-date; tier 3 needs first-party amount corroboration, issuer announced ex-date, prior-period amount"
rD-2026-09-04-1,rD,D,2026-09-04,0.6675000000000000,UNRESOLVED,UNRESOLVED,,,,,,,,"no issuer row at ex-date; tier 3 needs first-party amount corroboration, issuer announced ex-date, prior-period amount"
rCVE-2026-09-15-1,rCVE,CVE,2026-09-15,0.1567280000000000,UNRESOLVED,UNRESOLVED,,,,,,,,"no issuer row at ex-date; tier 3 needs first-party amount corroboration, issuer announced ex-date, prior-period amount"
rCX-2026-09-15-1,rCX,CX,2026-09-15,0.0311700000000000,UNRESOLVED,UNRESOLVED,,,,,,,,"no issuer row at ex-date; tier 3 needs first-party amount corroboration, issuer announced ex-date, prior-period amount"
rCW-2026-09-25-1,rCW,CW,2026-09-25,0.2600000000000000,UNRESOLVED,UNRESOLVED,,,,,,,,"no issuer row at ex-date; tier 3 needs first-party amount corroboration, issuer announced ex-date, prior-period amount"
rDDS-2026-09-30-1,rDDS,DDS,2026-09-30,0.3000000000000000,UNRESOLVED,UNRESOLVED,,,,,,,,"no issuer row at ex-date; tier 3 needs first-party amount corroboration, issuer announced ex-date, prior-period amount"
rDE-2026-09-30-1,rDE,DE,2026-09-30,1.6200000000000000,UNRESOLVED,UNRESOLVED,,,,,,,,"no issuer row at ex-date; tier 3 needs first-party amount corroboration, issuer announced ex-date, prior-period amount"
rDKS-2026-06-12-1,rDKS,DKS,2026-06-12,1.2500000000000000,UNRESOLVED,UNRESOLVED,,,,,,,,"no issuer row at ex-date; tier 3 needs first-party amount corroboration, issuer announced ex-date, prior-period amount"
rDLR-2026-06-15-1,rDLR,DLR,2026-06-15,1.2200000000000000,UNRESOLVED,UNRESOLVED,,,,,,,,"no issuer row at ex-date; tier 3 needs first-party amount corroboration, issuer announced ex-date, prior-period amount"
rDOC-2026-06-15-1,rDOC,DOC,2026-06-15,0.1016700000000000,UNRESOLVED,UNRESOLVED,,,,,,,,"no issuer row at ex-date; tier 3 needs first-party amount corroboration, issuer announced ex-date, prior-period amount"
rDIA-2026-06-18-1,rDIA,DIA,2026-06-18,1.4054200000000000,UNRESOLVED,UNRESOLVED,,,,,,,,"no issuer row at ex-date; tier 3 needs first-party amount corroboration, issuer announced ex-date, prior-period amount"
rDGRW-2026-06-25-1,rDGRW,DGRW,2026-06-25,0.1600000000000000,GROSS,GROSS,1,,,,,,bitget_notice_2026_07_24: amount and ex-date match; 30% withholding DOCUMENTED,tier 1: 2026-07-24 notice match (builder rule)
rDHR-2026-06-26-1,rDHR,DHR,2026-06-26,0.4000000000000000,UNRESOLVED,UNRESOLVED,,,,,,,,"no issuer row at ex-date; tier 3 needs first-party amount corroboration, issuer announced ex-date, prior-period amount"
rDLLL-2026-06-26-1,rDLLL,DLLL,2026-06-26,,UNRESOLVED,UNRESOLVED,,,,,,,,not a cash dividend
rDIS-2026-06-30-1,rDIS,DIS,2026-06-30,0.7500000000000000,GROSS,GROSS,1,,,,,,bitget_notice_2026_07_24: amount and ex-date match; 30% withholding DOCUMENTED,tier 1: 2026-07-24 notice match (builder rule)
rDG-2026-07-07-1,rDG,DG,2026-07-07,0.5900000000000000,UNRESOLVED,UNRESOLVED,,,,,,,,"no issuer row at ex-date; tier 3 needs first-party amount corroboration, issuer announced ex-date, prior-period amount"
rDGX-2026-07-08-1,rDGX,DGX,2026-07-08,0.8600000000000000,UNRESOLVED,UNRESOLVED,,,,,,,,"no issuer row at ex-date; tier 3 needs first-party amount corroboration, issuer announced ex-date, prior-period amount"
rDIA-2026-07-17-1,rDIA,DIA,2026-07-17,0.1486600000000000,UNRESOLVED,UNRESOLVED,,,,,,,,"no issuer row at ex-date; tier 3 needs first-party amount corroboration, issuer announced ex-date, prior-period amount"
rDOC-2026-07-20-1,rDOC,DOC,2026-07-20,0.1016700000000000,UNRESOLVED,UNRESOLVED,,,,,,,,"no issuer row at ex-date; tier 3 needs first-party amount corroboration, issuer announced ex-date, prior-period amount"
rDELL-2026-07-21-1,rDELL,DELL,2026-07-21,0.6300000000000000,UNRESOLVED,UNRESOLVED,,,,,,,,"no issuer row at ex-date; tier 3 needs first-party amount corroboration, issuer announced ex-date, prior-period amount"
rDGRW-2026-07-28-1,rDGRW,DGRW,2026-07-28,0.0650000000000000,UNRESOLVED,GROSS,2,0.065,0.065,,,0.16 ex 2026-06-25,nasdaq_declared: 0.065 ex 2026-07-28 declared 07/27/2026 (third-party); yahoo_realised: 0.065 ex 2026-07-28 (third-party),tier 2
rDHI-2026-08-06-1,rDHI,DHI,2026-08-06,0.4500000000000000,UNRESOLVED,UNRESOLVED,,,,,,,,"no issuer row at ex-date; tier 3 needs first-party amount corroboration, issuer announced ex-date, prior-period amount"
rDINO-2026-08-11-1,rDINO,DINO,2026-08-11,0.5250000000000000,UNRESOLVED,UNRESOLVED,,,,,,,,"no issuer row at ex-date; tier 3 needs first-party amount corroboration, issuer announced ex-date, prior-period amount"
rDLB-2026-08-11-1,rDLB,DLB,2026-08-11,0.3600000000000000,UNRESOLVED,UNRESOLVED,,,,,,,,"no issuer row at ex-date; tier 3 needs first-party amount corroboration, issuer announced ex-date, prior-period amount"
rDOC-2026-08-17-1,rDOC,DOC,2026-08-17,0.1016700000000000,UNRESOLVED,UNRESOLVED,,,,,,,,"no issuer row at ex-date; tier 3 needs first-party amount corroboration, issuer announced ex-date, prior-period amount"
rDIA-2026-08-21-1,rDIA,DIA,2026-08-21,0.4370200000000000,UNRESOLVED,UNRESOLVED,,,,,,,,"no issuer row at ex-date; tier 3 needs first-party amount corroboration, issuer announced ex-date, prior-period amount"
rDGRW-2026-08-26-1,rDGRW,DGRW,2026-08-26,0.0550000000000000,UNRESOLVED,GROSS,2,0.055,0.055,,,0.065 ex 2026-07-28,nasdaq_declared: 0.055 ex 2026-08-26 declared 08/25/2026 (third-party); yahoo_realised: 0.055 ex 2026-08-26 (third-party),tier 2
rDKS-2026-09-11-1,rDKS,DKS,2026-09-11,1.2500000000000000,UNRESOLVED,UNRESOLVED,,,,,,,,"no issuer row at ex-date; tier 3 needs first-party amount corroboration, issuer announced ex-date, prior-period amount"
rDOC-2026-09-14-1,rDOC,DOC,2026-09-14,0.1016700000000000,UNRESOLVED,UNRESOLVED,,,,,,,,"no issuer row at ex-date; tier 3 needs first-party amount corroboration, issuer announced ex-date, prior-period amount"
rDLR-2026-09-15-1,rDLR,DLR,2026-09-15,1.2200000000000000,UNRESOLVED,UNRESOLVED,,,,,,,,"no issuer row at ex-date; tier 3 needs first-party amount corroboration, issuer announced ex-date, prior-period amount"
rDIA-2026-09-18-1,rDIA,DIA,2026-09-18,1.1920000000000000,UNRESOLVED,UNRESOLVED,,,,,,,,"no issuer row at ex-date; tier 3 needs first-party amount corroboration, issuer announced ex-date, prior-period amount"
rDHR-2026-09-30-1,rDHR,DHR,2026-09-30,0.4000000000000000,UNRESOLVED,UNRESOLVED,,,,,,,,"no issuer row at ex-date; tier 3 needs first-party amount corroboration, issuer announced ex-date, prior-period amount"
rDG-2026-10-06-1,rDG,DG,2026-10-06,0.5900000000000000,UNRESOLVED,UNRESOLVED,,,,,,,,"no issuer row at ex-date; tier 3 needs first-party amount corroboration, issuer announced ex-date, prior-period amount"
rDGX-2026-10-06-1,rDGX,DGX,2026-10-06,0.8600000000000000,UNRESOLVED,UNRESOLVED,,,,,,,,"no issuer row at ex-date; tier 3 needs first-party amount corroboration, issuer announced ex-date, prior-period amount"
rDEO-2026-10-16-1,rDEO,DEO,2026-10-16,1.2000000000000000,UNRESOLVED,UNRESOLVED,,,,,,,,"no issuer row at ex-date; tier 3 needs first-party amount corroboration, issuer announced ex-date, prior-period amount"
rDELL-2026-10-20-1,rDELL,DELL,2026-10-20,0.6300000000000000,UNRESOLVED,UNRESOLVED,,,,,,,,"no issuer row at ex-date; tier 3 needs first-party amount corroboration, issuer announced ex-date, prior-period amount"
rEBC-2026-06-05-1,rEBC,EBC,2026-06-05,0.1500000000000000,UNRESOLVED,UNRESOLVED,,,,,,,,"no issuer row at ex-date; tier 3 needs first-party amount corroboration, issuer announced ex-date, prior-period amount"
rDPZ-2026-06-15-1,rDPZ,DPZ,2026-06-15,1.9900000000000000,UNRESOLVED,UNRESOLVED,,,,,,,,"no issuer row at ex-date; tier 3 needs first-party amount corroboration, issuer announced ex-date, prior-period amount"
rDTM-2026-06-15-1,rDTM,DTM,2026-06-15,0.8800000000000000,UNRESOLVED,UNRESOLVED,,,,,,,,"no issuer row at ex-date; tier 3 needs first-party amount corroboration, issuer announced ex-date, prior-period amount"
rDVN-2026-06-15-1,rDVN,DVN,2026-06-15,0.3200000000000000,UNRESOLVED,UNRESOLVED,,,,,,,,"no issuer row at ex-date; tier 3 needs first-party amount corroboration, issuer announced ex-date, prior-period amount"
rDTE-2026-06-22-1,rDTE,DTE,2026-06-22,1.1650000000000000,UNRESOLVED,UNRESOLVED,,,,,,,,"no issuer row at ex-date; tier 3 needs first-party amount corroboration, issuer announced ex-date, prior-period amount"
rDOO-2026-06-30-1,rDOO,DOO,2026-06-30,0.1805750000000000,UNRESOLVED,UNRESOLVED,,,,,,,,"no issuer row at ex-date; tier 3 needs first-party amount corroboration, issuer announced ex-date, prior-period amount"
rDOX-2026-06-30-1,rDOX,DOX,2026-06-30,0.5690000000000000,UNRESOLVED,UNRESOLVED,,,,,,,,"no issuer row at ex-date; tier 3 needs first-party amount corroboration, issuer announced ex-date, prior-period amount"
rDRI-2026-07-10-1,rDRI,DRI,2026-07-10,1.6200000000000000,UNRESOLVED,UNRESOLVED,,,,,,,,"no issuer row at ex-date; tier 3 needs first-party amount corroboration, issuer announced ex-date, prior-period amount"
rDRS-2026-08-13-1,rDRS,DRS,2026-08-13,0.0900000000000000,UNRESOLVED,UNRESOLVED,,,,,,,,"no issuer row at ex-date; tier 3 needs first-party amount corroboration, issuer announced ex-date, prior-period amount"
rDUK-2026-08-14-1,rDUK,DUK,2026-08-14,1.0850000000000000,UNRESOLVED,UNRESOLVED,,,,,,,,"no issuer row at ex-date; tier 3 needs first-party amount corroboration, issuer announced ex-date, prior-period amount"
rEBAY-2026-08-28-1,rEBAY,EBAY,2026-08-28,0.3100000000000000,UNRESOLVED,UNRESOLVED,,,,,,,,"no issuer row at ex-date; tier 3 needs first-party amount corroboration, issuer announced ex-date, prior-period amount"
rDOV-2026-08-31-1,rDOV,DOV,2026-08-31,0.5250000000000000,UNRESOLVED,UNRESOLVED,,,,,,,,"no issuer row at ex-date; tier 3 needs first-party amount corroboration, issuer announced ex-date, prior-period amount"
rDOW-2026-08-31-1,rDOW,DOW,2026-08-31,0.3500000000000000,UNRESOLVED,UNRESOLVED,,,,,,,,"no issuer row at ex-date; tier 3 needs first-party amount corroboration, issuer announced ex-date, prior-period amount"
rEBC-2026-09-08-1,rEBC,EBC,2026-09-08,0.1500000000000000,UNRESOLVED,UNRESOLVED,,,,,,,,"no issuer row at ex-date; tier 3 needs first-party amount corroboration, issuer announced ex-date, prior-period amount"
rDPZ-2026-09-15-1,rDPZ,DPZ,2026-09-15,1.9900000000000000,UNRESOLVED,UNRESOLVED,,,,,,,,"no issuer row at ex-date; tier 3 needs first-party amount corroboration, issuer announced ex-date, prior-period amount"
rDVN-2026-09-15-1,rDVN,DVN,2026-09-15,0.3200000000000000,UNRESOLVED,UNRESOLVED,,,,,,,,"no issuer row at ex-date; tier 3 needs first-party amount corroboration, issuer announced ex-date, prior-period amount"
rDTE-2026-09-21-1,rDTE,DTE,2026-09-21,1.1650000000000000,UNRESOLVED,UNRESOLVED,,,,,,,,"no issuer row at ex-date; tier 3 needs first-party amount corroboration, issuer announced ex-date, prior-period amount"
rDTM-2026-09-21-1,rDTM,DTM,2026-09-21,0.8800000000000000,UNRESOLVED,UNRESOLVED,,,,,,,,"no issuer row at ex-date; tier 3 needs first-party amount corroboration, issuer announced ex-date, prior-period amount"
rDOO-2026-09-29-1,rDOO,DOO,2026-09-29,0.2500000000000000,UNRESOLVED,UNRESOLVED,,,,,,,,"no issuer row at ex-date; tier 3 needs first-party amount corroboration, issuer announced ex-date, prior-period amount"
rDOX-2026-09-30-1,rDOX,DOX,2026-09-30,0.5690000000000000,UNRESOLVED,UNRESOLVED,,,,,,,,"no issuer row at ex-date; tier 3 needs first-party amount corroboration, issuer announced ex-date, prior-period amount"
rEGO-2026-06-02-1,rEGO,EGO,2026-06-02,0.0750000000000000,UNRESOLVED,UNRESOLVED,,,,,,,,"no issuer row at ex-date; tier 3 needs first-party amount corroboration, issuer announced ex-date, prior-period amount"
rELV-2026-06-10-1,rELV,ELV,2026-06-10,1.7200000000000000,UNRESOLVED,UNRESOLVED,,,,,,,,"no issuer row at ex-date; tier 3 needs first-party amount corroboration, issuer announced ex-date, prior-period amount"
rEG-2026-06-12-1,rEG,EG,2026-06-12,2.0000000000000000,UNRESOLVED,UNRESOLVED,,,,,,,,"no issuer row at ex-date; tier 3 needs first-party amount corroboration, issuer announced ex-date, prior-period amount"
rECH-2026-06-15-1,rECH,ECH,2026-06-15,0.6446050000000000,UNRESOLVED,UNRESOLVED,,,,,,,,"no issuer row at ex-date; tier 3 needs first-party amount corroboration, issuer announced ex-date, prior-period amount"
rEEM-2026-06-15-1,rEEM,EEM,2026-06-15,0.3508020000000000,UNRESOLVED,UNRESOLVED,,,,,,,,"no issuer row at ex-date; tier 3 needs first-party amount corroboration, issuer announced ex-date, prior-period amount"
rEFA-2026-06-15-1,rEFA,EFA,2026-06-15,1.6363880000000000,UNRESOLVED,UNRESOLVED,,,,,,,,"no issuer row at ex-date; tier 3 needs first-party amount corroboration, issuer announced ex-date, prior-period amount"
rEMN-2026-06-15-1,rEMN,EMN,2026-06-15,0.8400000000000000,UNRESOLVED,UNRESOLVED,,,,,,,,"no issuer row at ex-date; tier 3 needs first-party amount corroboration, issuer announced ex-date, prior-period amount"
rECL-2026-06-16-1,rECL,ECL,2026-06-16,0.7300000000000000,UNRESOLVED,UNRESOLVED,,,,,,,,"no issuer row at ex-date; tier 3 needs first-party amount corroboration, issuer announced ex-date, prior-period amount"
rELS-2026-06-26-1,rELS,ELS,2026-06-26,0.5425000000000000,UNRESOLVED,UNRESOLVED,,,,,,,,"no issuer row at ex-date; tier 3 needs first-party amount corroboration, issuer announced ex-date, prior-period amount"
rEGP-2026-06-30-1,rEGP,EGP,2026-06-30,1.5500000000000000,UNRESOLVED,UNRESOLVED,,,,,,,,"no issuer row at ex-date; tier 3 needs first-party amount corroboration, issuer announced ex-date, prior-period amount"
rEHC-2026-07-01-1,rEHC,EHC,2026-07-01,0.1900000000000000,UNRESOLVED,UNRESOLVED,,,,,,,,"no issuer row at ex-date; tier 3 needs first-party amount corroboration, issuer announced ex-date, prior-period amount"
rEMBJ-2026-07-02-1,rEMBJ,EMBJ,2026-07-02,0.1521830000000000,UNRESOLVED,UNRESOLVED,,,,,,,,"no issuer row at ex-date; tier 3 needs first-party amount corroboration, issuer announced ex-date, prior-period amount"
rEIX-2026-07-07-1,rEIX,EIX,2026-07-07,0.8775000000000000,UNRESOLVED,UNRESOLVED,,,,,,,,"no issuer row at ex-date; tier 3 needs first-party amount corroboration, issuer announced ex-date, prior-period amount"
rEME-2026-07-15-1,rEME,EME,2026-07-15,0.4000000000000000,UNRESOLVED,UNRESOLVED,,,,,,,,"no issuer row at ex-date; tier 3 needs first-party amount corroboration, issuer announced ex-date, prior-period amount"
rEMA-2026-07-31-1,rEMA,EMA,2026-07-31,0.7325000000000000,UNRESOLVED,UNRESOLVED,,,,,,,,"no issuer row at ex-date; tier 3 needs first-party amount corroboration, issuer announced ex-date, prior-period amount"
rEMA-2026-08-03-1,rEMA,EMA,2026-08-03,0.5176577500000000,UNRESOLVED,UNRESOLVED,,,,,,,,"no issuer row at ex-date; tier 3 needs first-party amount corroboration, issuer announced ex-date, prior-period amount"
rEMR-2026-08-14-1,rEMR,EMR,2026-08-14,0.5550000000000000,UNRESOLVED,UNRESOLVED,,,,,,,,"no issuer row at ex-date; tier 3 needs first-party amount corroboration, issuer announced ex-date, prior-period amount"
rEE-2026-08-19-1,rEE,EE,2026-08-19,0.0900000000000000,UNRESOLVED,UNRESOLVED,,,,,,,,"no issuer row at ex-date; tier 3 needs first-party amount corroboration, issuer announced ex-date, prior-period amount"
rEFX-2026-08-31-1,rEFX,EFX,2026-08-31,0.5600000000000000,UNRESOLVED,UNRESOLVED,,,,,,,,"no issuer row at ex-date; tier 3 needs first-party amount corroboration, issuer announced ex-date, prior-period amount"
rEL-2026-08-31-1,rEL,EL,2026-08-31,0.3500000000000000,UNRESOLVED,UNRESOLVED,,,,,,,,"no issuer row at ex-date; tier 3 needs first-party amount corroboration, issuer announced ex-date, prior-period amount"
rEGO-2026-09-01-1,rEGO,EGO,2026-09-01,0.0750000000000000,UNRESOLVED,UNRESOLVED,,,,,,,,"no issuer row at ex-date; tier 3 needs first-party amount corroboration, issuer announced ex-date, prior-period amount"
rEG-2026-09-09-1,rEG,EG,2026-09-09,2.0000000000000000,UNRESOLVED,UNRESOLVED,,,,,,,,"no issuer row at ex-date; tier 3 needs first-party amount corroboration, issuer announced ex-date, prior-period amount"
rELV-2026-09-10-1,rELV,ELV,2026-09-10,1.7200000000000000,UNRESOLVED,UNRESOLVED,,,,,,,,"no issuer row at ex-date; tier 3 needs first-party amount corroboration, issuer announced ex-date, prior-period amount"
rECL-2026-09-15-1,rECL,ECL,2026-09-15,0.7300000000000000,UNRESOLVED,UNRESOLVED,,,,,,,,"no issuer row at ex-date; tier 3 needs first-party amount corroboration, issuer announced ex-date, prior-period amount"
rEMN-2026-09-15-1,rEMN,EMN,2026-09-15,0.8400000000000000,UNRESOLVED,UNRESOLVED,,,,,,,,"no issuer row at ex-date; tier 3 needs first-party amount corroboration, issuer announced ex-date, prior-period amount"
rEMBJ-2026-09-23-1,rEMBJ,EMBJ,2026-09-23,0.1650550000000000,UNRESOLVED,UNRESOLVED,,,,,,,,"no issuer row at ex-date; tier 3 needs first-party amount corroboration, issuer announced ex-date, prior-period amount"
rELS-2026-09-25-1,rELS,ELS,2026-09-25,0.5425000000000000,UNRESOLVED,UNRESOLVED,,,,,,,,"no issuer row at ex-date; tier 3 needs first-party amount corroboration, issuer announced ex-date, prior-period amount"
rEGP-2026-09-30-1,rEGP,EGP,2026-09-30,1.7500000000000000,UNRESOLVED,UNRESOLVED,,,,,,,,"no issuer row at ex-date; tier 3 needs first-party amount corroboration, issuer announced ex-date, prior-period amount"
rEHC-2026-10-01-1,rEHC,EHC,2026-10-01,0.2100000000000000,UNRESOLVED,UNRESOLVED,,,,,,,,"no issuer row at ex-date; tier 3 needs first-party amount corroboration, issuer announced ex-date, prior-period amount"
rEQH-2026-06-01-1,rEQH,EQH,2026-06-01,0.3000000000000000,UNRESOLVED,UNRESOLVED,,,,,,,,"no issuer row at ex-date; tier 3 needs first-party amount corroboration, issuer announced ex-date, prior-period amount"
rESI-2026-06-01-1,rESI,ESI,2026-06-01,0.0800000000000000,UNRESOLVED,UNRESOLVED,,,,,,,,"no issuer row at ex-date; tier 3 needs first-party amount corroboration, issuer announced ex-date, prior-period amount"
rENS-2026-06-18-1,rENS,ENS,2026-06-18,0.2625000000000000,UNRESOLVED,UNRESOLVED,,,,,,,,"no issuer row at ex-date; tier 3 needs first-party amount corroboration, issuer announced ex-date, prior-period amount"
rENSG-2026-06-30-1,rENSG,ENSG,2026-06-30,0.0650000000000000,UNRESOLVED,UNRESOLVED,,,,,,,,"no issuer row at ex-date; tier 3 needs first-party amount corroboration, issuer announced ex-date, prior-period amount"
rEPR-2026-06-30-1,rEPR,EPR,2026-06-30,0.3100000000000000,UNRESOLVED,UNRESOLVED,,,,,,,,"no issuer row at ex-date; tier 3 needs first-party amount corroboration, issuer announced ex-date, prior-period amount"
rEPRT-2026-06-30-1,rEPRT,EPRT,2026-06-30,0.3200000000000000,UNRESOLVED,UNRESOLVED,,,,,,,,"no issuer row at ex-date; tier 3 needs first-party amount corroboration, issuer announced ex-date, prior-period amount"
rESAB-2026-07-02-1,rESAB,ESAB,2026-07-02,0.1200000000000000,UNRESOLVED,UNRESOLVED,,,,,,,,"no issuer row at ex-date; tier 3 needs first-party amount corroboration, issuer announced ex-date, prior-period amount"
rESE-2026-07-02-1,rESE,ESE,2026-07-02,0.0800000000000000,UNRESOLVED,UNRESOLVED,,,,,,,,"no issuer row at ex-date; tier 3 needs first-party amount corroboration, issuer announced ex-date, prior-period amount"
rERIE-2026-07-07-1,rERIE,ERIE,2026-07-07,1.4625000000000000,UNRESOLVED,UNRESOLVED,,,,,,,,"no issuer row at ex-date; tier 3 needs first-party amount corroboration, issuer announced ex-date, prior-period amount"
rEOG-2026-07-17-1,rEOG,EOG,2026-07-17,1.0200000000000000,UNRESOLVED,UNRESOLVED,,,,,,,,"no issuer row at ex-date; tier 3 needs first-party amount corroboration, issuer announced ex-date, prior-period amount"
rENTG-2026-07-29-1,rENTG,ENTG,2026-07-29,0.1000000000000000,UNRESOLVED,UNRESOLVED,,,,,,,,"no issuer row at ex-date; tier 3 needs first-party amount corroboration, issuer announced ex-date, prior-period amount"
rEPR-2026-07-31-1,rEPR,EPR,2026-07-31,0.3100000000000000,UNRESOLVED,UNRESOLVED,,,,,,,,"no issuer row at ex-date; tier 3 needs first-party amount corroboration, issuer announced ex-date, prior-period amount"
rEQH-2026-08-03-1,rEQH,EQH,2026-08-03,0.3000000000000000,UNRESOLVED,UNRESOLVED,,,,,,,,"no issuer row at ex-date; tier 3 needs first-party amount corroboration, issuer announced ex-date, prior-period amount"
rEQT-2026-08-05-1,rEQT,EQT,2026-08-05,0.1650000000000000,UNRESOLVED,UNRESOLVED,,,,,,,,"no issuer row at ex-date; tier 3 needs first-party amount corroboration, issuer announced ex-date, prior-period amount"
rENB-2026-08-14-1,rENB,ENB,2026-08-14,0.6866630000000000,UNRESOLVED,UNRESOLVED,,,,,,,,"no issuer row at ex-date; tier 3 needs first-party amount corroboration, issuer announced ex-date, prior-period amount"
rEQIX-2026-08-19-1,rEQIX,EQIX,2026-08-19,5.1600000000000000,UNRESOLVED,UNRESOLVED,,,,,,,,"no issuer row at ex-date; tier 3 needs first-party amount corroboration, issuer announced ex-date, prior-period amount"
rEQX-2026-08-19-1,rEQX,EQX,2026-08-19,0.0225000000000000,UNRESOLVED,UNRESOLVED,,,,,,,,"no issuer row at ex-date; tier 3 needs first-party amount corroboration, issuer announced ex-date, prior-period amount"
rEPR-2026-08-31-1,rEPR,EPR,2026-08-31,0.3100000000000000,UNRESOLVED,UNRESOLVED,,,,,,,,"no issuer row at ex-date; tier 3 needs first-party amount corroboration, issuer announced ex-date, prior-period amount"
rESI-2026-09-01-1,rESI,ESI,2026-09-01,0.0800000000000000,UNRESOLVED,UNRESOLVED,,,,,,,,"no issuer row at ex-date; tier 3 needs first-party amount corroboration, issuer announced ex-date, prior-period amount"
rENS-2026-09-18-1,rENS,ENS,2026-09-18,0.2875000000000000,UNRESOLVED,UNRESOLVED,,,,,,,,"no issuer row at ex-date; tier 3 needs first-party amount corroboration, issuer announced ex-date, prior-period amount"
rES-2026-09-21-1,rES,ES,2026-09-21,0.7875000000000000,UNRESOLVED,UNRESOLVED,,,,,,,,"no issuer row at ex-date; tier 3 needs first-party amount corroboration, issuer announced ex-date, prior-period amount"
rERIC-2026-09-29-1,rERIC,ERIC,2026-09-29,0.1579200000000000,UNRESOLVED,UNRESOLVED,,,,,,,,"no issuer row at ex-date; tier 3 needs first-party amount corroboration, issuer announced ex-date, prior-period amount"
rEPR-2026-09-30-1,rEPR,EPR,2026-09-30,0.3100000000000000,UNRESOLVED,UNRESOLVED,,,,,,,,"no issuer row at ex-date; tier 3 needs first-party amount corroboration, issuer announced ex-date, prior-period amount"
rEPRT-2026-09-30-1,rEPRT,EPRT,2026-09-30,0.3200000000000000,UNRESOLVED,UNRESOLVED,,,,,,,,"no issuer row at ex-date; tier 3 needs first-party amount corroboration, issuer announced ex-date, prior-period amount"
rESE-2026-10-01-1,rESE,ESE,2026-10-01,0.0800000000000000,UNRESOLVED,UNRESOLVED,,,,,,,,"no issuer row at ex-date; tier 3 needs first-party amount corroboration, issuer announced ex-date, prior-period amount"
rESAB-2026-10-02-1,rESAB,ESAB,2026-10-02,0.1200000000000000,UNRESOLVED,UNRESOLVED,,,,,,,,"no issuer row at ex-date; tier 3 needs first-party amount corroboration, issuer announced ex-date, prior-period amount"
rERIE-2026-10-05-1,rERIE,ERIE,2026-10-05,1.4625000000000000,UNRESOLVED,UNRESOLVED,,,,,,,,"no issuer row at ex-date; tier 3 needs first-party amount corroboration, issuer announced ex-date, prior-period amount"
rEOG-2026-10-16-1,rEOG,EOG,2026-10-16,1.0200000000000000,UNRESOLVED,UNRESOLVED,,,,,,,,"no issuer row at ex-date; tier 3 needs first-party amount corroboration, issuer announced ex-date, prior-period amount"
rESNT-2026-06-01-1,rESNT,ESNT,2026-06-01,0.3500000000000000,UNRESOLVED,UNRESOLVED,,,,,,,,"no issuer row at ex-date; tier 3 needs first-party amount corroboration, issuer announced ex-date, prior-period amount"
rEXPD-2026-06-01-1,rEXPD,EXPD,2026-06-01,0.8100000000000000,UNRESOLVED,UNRESOLVED,,,,,,,,"no issuer row at ex-date; tier 3 needs first-party amount corroboration, issuer announced ex-date, prior-period amount"
rEXC-2026-06-04-1,rEXC,EXC,2026-06-04,0.4200000000000000,UNRESOLVED,UNRESOLVED,,,,,,,,"no issuer row at ex-date; tier 3 needs first-party amount corroboration, issuer announced ex-date, prior-period amount"
rEWJ-2026-06-15-1,rEWJ,EWJ,2026-06-15,0.5009750000000000,UNRESOLVED,UNRESOLVED,,,,,,,,"no issuer row at ex-date; tier 3 needs first-party amount corroboration, issuer announced ex-date, prior-period amount"
rEWZ-2026-06-15-1,rEWZ,EWZ,2026-06-15,0.3307040000000000,UNRESOLVED,UNRESOLVED,,,,,,,,"no issuer row at ex-date; tier 3 needs first-party amount corroboration, issuer announced ex-date, prior-period amount"
rEXP-2026-06-15-1,rEXP,EXP,2026-06-15,0.2500000000000000,UNRESOLVED,UNRESOLVED,,,,,,,,"no issuer row at ex-date; tier 3 needs first-party amount corroboration, issuer announced ex-date, prior-period amount"
rESLT-2026-06-23-1,rESLT,ESLT,2026-06-23,1.0000000000000000,UNRESOLVED,UNRESOLVED,,,,,,,,"no issuer row at ex-date; tier 3 needs first-party amount corroboration, issuer announced ex-date, prior-period amount"
rESS-2026-06-30-1,rESS,ESS,2026-06-30,2.5900000000000000,UNRESOLVED,UNRESOLVED,,,,,,,,"no issuer row at ex-date; tier 3 needs first-party amount corroboration, issuer announced ex-date, prior-period amount"
rEWBC-2026-08-03-1,rEWBC,EWBC,2026-08-03,0.8000000000000000,UNRESOLVED,UNRESOLVED,,,,,,,,"no issuer row at ex-date; tier 3 needs first-party amount corroboration, issuer announced ex-date, prior-period amount"
rETN-2026-08-07-1,rETN,ETN,2026-08-07,1.1000000000000000,UNRESOLVED,UNRESOLVED,,,,,,,,"no issuer row at ex-date; tier 3 needs first-party amount corroboration, issuer announced ex-date, prior-period amount"
rETR-2026-08-13-1,rETR,ETR,2026-08-13,0.6400000000000000,UNRESOLVED,UNRESOLVED,,,,,,,,"no issuer row at ex-date; tier 3 needs first-party amount corroboration, issuer announced ex-date, prior-period amount"
rEXE-2026-08-13-1,rEXE,EXE,2026-08-13,0.5750000000000000,UNRESOLVED,UNRESOLVED,,,,,,,,"no issuer row at ex-date; tier 3 needs first-party amount corroboration, issuer announced ex-date, prior-period amount"
rEVRG-2026-08-18-1,rEVRG,EVRG,2026-08-18,0.6950000000000000,UNRESOLVED,UNRESOLVED,,,,,,,,"no issuer row at ex-date; tier 3 needs first-party amount corroboration, issuer announced ex-date, prior-period amount"
rEXPE-2026-08-27-1,rEXPE,EXPE,2026-08-27,0.4800000000000000,UNRESOLVED,UNRESOLVED,,,,,,,,"no issuer row at ex-date; tier 3 needs first-party amount corroboration, issuer announced ex-date, prior-period amount"
rEVR-2026-08-28-1,rEVR,EVR,2026-08-28,0.8900000000000000,UNRESOLVED,UNRESOLVED,,,,,,,,"no issuer row at ex-date; tier 3 needs first-party amount corroboration, issuer announced ex-date, prior-period amount"
rESNT-2026-08-31-1,rESNT,ESNT,2026-08-31,0.3500000000000000,UNRESOLVED,UNRESOLVED,,,,,,,,"no issuer row at ex-date; tier 3 needs first-party amount corroboration, issuer announced ex-date, prior-period amount"
rEXC-2026-09-04-1,rEXC,EXC,2026-09-04,0.4200000000000000,UNRESOLVED,UNRESOLVED,,,,,,,,"no issuer row at ex-date; tier 3 needs first-party amount corroboration, issuer announced ex-date, prior-period amount"
rEXP-2026-09-14-1,rEXP,EXP,2026-09-14,0.2500000000000000,UNRESOLVED,UNRESOLVED,,,,,,,,"no issuer row at ex-date; tier 3 needs first-party amount corroboration, issuer announced ex-date, prior-period amount"
rESS-2026-09-30-1,rESS,ESS,2026-09-30,2.5900000000000000,UNRESOLVED,UNRESOLVED,,,,,,,,"no issuer row at ex-date; tier 3 needs first-party amount corroboration, issuer announced ex-date, prior-period amount"
rESLT-2026-10-13-1,rESLT,ESLT,2026-10-13,1.0000000000000000,UNRESOLVED,UNRESOLVED,,,,,,,,"no issuer row at ex-date; tier 3 needs first-party amount corroboration, issuer announced ex-date, prior-period amount"
rFDX-2026-06-01-1,rFDX,FDX,2026-06-01,,UNRESOLVED,UNRESOLVED,,,,,,,,not a cash dividend
rFAF-2026-06-08-1,rFAF,FAF,2026-06-08,0.5500000000000000,UNRESOLVED,UNRESOLVED,,,,,,,,"no issuer row at ex-date; tier 3 needs first-party amount corroboration, issuer announced ex-date, prior-period amount"
rFFIN-2026-06-12-1,rFFIN,FFIN,2026-06-12,0.2200000000000000,UNRESOLVED,UNRESOLVED,,,,,,,,"no issuer row at ex-date; tier 3 needs first-party amount corroboration, issuer announced ex-date, prior-period amount"
rFHN-2026-06-12-1,rFHN,FHN,2026-06-12,0.1700000000000000,UNRESOLVED,UNRESOLVED,,,,,,,,"no issuer row at ex-date; tier 3 needs first-party amount corroboration, issuer announced ex-date, prior-period amount"
rEXR-2026-06-15-1,rEXR,EXR,2026-06-15,1.6200000000000000,UNRESOLVED,UNRESOLVED,,,,,,,,"no issuer row at ex-date; tier 3 needs first-party amount corroboration, issuer announced ex-date, prior-period amount"
rFDX-2026-06-22-1,rFDX,FDX,2026-06-22,1.2200000000000000,UNRESOLVED,UNRESOLVED,,,,,,,,"no issuer row at ex-date; tier 3 needs first-party amount corroboration, issuer announced ex-date, prior-period amount"
rFCX-2026-07-15-1,rFCX,FCX,2026-07-15,0.0750000000000000,UNRESOLVED,UNRESOLVED,,,,,,,,"no issuer row at ex-date; tier 3 needs first-party amount corroboration, issuer announced ex-date, prior-period amount"
rFCX-2026-07-15-2,rFCX,FCX,2026-07-15,0.0750000000000000,UNRESOLVED,UNRESOLVED,,,,,,,,"no issuer row at ex-date; tier 3 needs first-party amount corroboration, issuer announced ex-date, prior-period amount"
rFAST-2026-07-28-1,rFAST,FAST,2026-07-28,0.2600000000000000,UNRESOLVED,UNRESOLVED,,,,,,,,"no issuer row at ex-date; tier 3 needs first-party amount corroboration, issuer announced ex-date, prior-period amount"
rFELE-2026-08-06-1,rFELE,FELE,2026-08-06,0.2800000000000000,UNRESOLVED,UNRESOLVED,,,,,,,,"no issuer row at ex-date; tier 3 needs first-party amount corroboration, issuer announced ex-date, prior-period amount"
rFE-2026-08-07-1,rFE,FE,2026-08-07,0.4650000000000000,UNRESOLVED,UNRESOLVED,,,,,,,,"no issuer row at ex-date; tier 3 needs first-party amount corroboration, issuer announced ex-date, prior-period amount"
rFHI-2026-08-07-1,rFHI,FHI,2026-08-07,0.3800000000000000,UNRESOLVED,UNRESOLVED,,,,,,,,"no issuer row at ex-date; tier 3 needs first-party amount corroboration, issuer announced ex-date, prior-period amount"
rF-2026-08-11-1,rF,F,2026-08-11,0.1500000000000000,UNRESOLVED,UNRESOLVED,,,,,,,,"no issuer row at ex-date; tier 3 needs first-party amount corroboration, issuer announced ex-date, prior-period amount"
rFANG-2026-08-13-1,rFANG,FANG,2026-08-13,1.1000000000000000,UNRESOLVED,UNRESOLVED,,,,,,,,"no issuer row at ex-date; tier 3 needs first-party amount corroboration, issuer announced ex-date, prior-period amount"
rFCFS-2026-08-14-1,rFCFS,FCFS,2026-08-14,0.4200000000000000,UNRESOLVED,UNRESOLVED,,,,,,,,"no issuer row at ex-date; tier 3 needs first-party amount corroboration, issuer announced ex-date, prior-period amount"
rFBIN-2026-08-21-1,rFBIN,FBIN,2026-08-21,0.2600000000000000,UNRESOLVED,UNRESOLVED,,,,,,,,"no issuer row at ex-date; tier 3 needs first-party amount corroboration, issuer announced ex-date, prior-period amount"
rFERG-2026-08-21-1,rFERG,FERG,2026-08-21,0.8900000000000000,UNRESOLVED,UNRESOLVED,,,,,,,,"no issuer row at ex-date; tier 3 needs first-party amount corroboration, issuer announced ex-date, prior-period amount"
rFCNCA-2026-08-31-1,rFCNCA,FCNCA,2026-08-31,2.1000000000000000,UNRESOLVED,UNRESOLVED,,,,,,,,"no issuer row at ex-date; tier 3 needs first-party amount corroboration, issuer announced ex-date, prior-period amount"
rFDS-2026-08-31-1,rFDS,FDS,2026-08-31,1.1600000000000000,UNRESOLVED,UNRESOLVED,,,,,,,,"no issuer row at ex-date; tier 3 needs first-party amount corroboration, issuer announced ex-date, prior-period amount"
rFHN-2026-09-11-1,rFHN,FHN,2026-09-11,0.1700000000000000,UNRESOLVED,UNRESOLVED,,,,,,,,"no issuer row at ex-date; tier 3 needs first-party amount corroboration, issuer announced ex-date, prior-period amount"
rFDX-2026-09-14-1,rFDX,FDX,2026-09-14,1.2200000000000000,UNRESOLVED,UNRESOLVED,,,,,,,,"no issuer row at ex-date; tier 3 needs first-party amount corroboration, issuer announced ex-date, prior-period amount"
rFFIN-2026-09-14-1,rFFIN,FFIN,2026-09-14,0.2200000000000000,UNRESOLVED,UNRESOLVED,,,,,,,,"no issuer row at ex-date; tier 3 needs first-party amount corroboration, issuer announced ex-date, prior-period amount"
rEXR-2026-09-15-1,rEXR,EXR,2026-09-15,1.6200000000000000,UNRESOLVED,UNRESOLVED,,,,,,,,"no issuer row at ex-date; tier 3 needs first-party amount corroboration, issuer announced ex-date, prior-period amount"
rFLHY-2026-06-01-1,rFLHY,FLHY,2026-06-01,0.1266000000000000,UNRESOLVED,UNRESOLVED,,,,,,,,"no issuer row at ex-date; tier 3 needs first-party amount corroboration, issuer announced ex-date, prior-period amount"
rFNB-2026-06-01-1,rFNB,FNB,2026-06-01,0.1300000000000000,UNRESOLVED,UNRESOLVED,,,,,,,,"no issuer row at ex-date; tier 3 needs first-party amount corroboration, issuer announced ex-date, prior-period amount"
rFLG-2026-06-05-1,rFLG,FLG,2026-06-05,0.0100000000000000,UNRESOLVED,UNRESOLVED,,,,,,,,"no issuer row at ex-date; tier 3 needs first-party amount corroboration, issuer announced ex-date, prior-period amount"
rFIS-2026-06-11-1,rFIS,FIS,2026-06-11,0.4400000000000000,UNRESOLVED,UNRESOLVED,,,,,,,,"no issuer row at ex-date; tier 3 needs first-party amount corroboration, issuer announced ex-date, prior-period amount"
rFNF-2026-06-16-1,rFNF,FNF,2026-06-16,0.5200000000000000,UNRESOLVED,UNRESOLVED,,,,,,,,"no issuer row at ex-date; tier 3 needs first-party amount corroboration, issuer announced ex-date, prior-period amount"
rFLQL-2026-06-26-1,rFLQL,FLQL,2026-06-26,0.2235000000000000,GROSS,GROSS,1,,,,,,bitget_notice_2026_07_24: amount and ex-date match; 30% withholding DOCUMENTED,tier 1: 2026-07-24 notice match (builder rule)
rFLS-2026-06-26-1,rFLS,FLS,2026-06-26,0.2200000000000000,UNRESOLVED,UNRESOLVED,,,,,,,,"no issuer row at ex-date; tier 3 needs first-party amount corroboration, issuer announced ex-date, prior-period amount"
rFLHY-2026-07-01-1,rFLHY,FLHY,2026-07-01,0.1284100000000000,UNRESOLVED,UNRESOLVED,,,,,,,,"no issuer row at ex-date; tier 3 needs first-party amount corroboration, issuer announced ex-date, prior-period amount"
rFMX-2026-07-15-1,rFMX,FMX,2026-07-15,1.0344024000000000,UNRESOLVED,UNRESOLVED,,,,,,,,"no issuer row at ex-date; tier 3 needs first-party amount corroboration, issuer announced ex-date, prior-period amount"
rFMX-2026-07-15-2,rFMX,FMX,2026-07-15,0.6098841000000000,UNRESOLVED,UNRESOLVED,,,,,,,,"no issuer row at ex-date; tier 3 needs first-party amount corroboration, issuer announced ex-date, prior-period amount"
rFLHY-2026-08-03-1,rFLHY,FLHY,2026-08-03,0.1435000000000000,UNRESOLVED,UNRESOLVED,,,,,,,,"no issuer row at ex-date; tier 3 needs first-party amount corroboration, issuer announced ex-date, prior-period amount"
rFIX-2026-08-13-1,rFIX,FIX,2026-08-13,0.9000000000000000,UNRESOLVED,UNRESOLVED,,,,,,,,"no issuer row at ex-date; tier 3 needs first-party amount corroboration, issuer announced ex-date, prior-period amount"
rFLHY-2026-09-01-1,rFLHY,FLHY,2026-09-01,0.1248000000000000,UNRESOLVED,UNRESOLVED,,,,,,,,"no issuer row at ex-date; tier 3 needs first-party amount corroboration, issuer announced ex-date, prior-period amount"
rFNB-2026-09-01-1,rFNB,FNB,2026-09-01,0.1300000000000000,UNRESOLVED,UNRESOLVED,,,,,,,,"no issuer row at ex-date; tier 3 needs first-party amount corroboration, issuer announced ex-date, prior-period amount"
rFOXA-2026-09-02-1,rFOXA,FOXA,2026-09-02,0.2900000000000000,UNRESOLVED,UNRESOLVED,,,,,,,,"no issuer row at ex-date; tier 3 needs first-party amount corroboration, issuer announced ex-date, prior-period amount"
rFLG-2026-09-04-1,rFLG,FLG,2026-09-04,0.0100000000000000,UNRESOLVED,UNRESOLVED,,,,,,,,"no issuer row at ex-date; tier 3 needs first-party amount corroboration, issuer announced ex-date, prior-period amount"
rFIS-2026-09-11-1,rFIS,FIS,2026-09-11,0.4400000000000000,UNRESOLVED,UNRESOLVED,,,,,,,,"no issuer row at ex-date; tier 3 needs first-party amount corroboration, issuer announced ex-date, prior-period amount"
rFNF-2026-09-16-1,rFNF,FNF,2026-09-16,0.5200000000000000,UNRESOLVED,UNRESOLVED,,,,,,,,"no issuer row at ex-date; tier 3 needs first-party amount corroboration, issuer announced ex-date, prior-period amount"
rFLQL-2026-09-18-1,rFLQL,FLQL,2026-09-18,0.1940000000000000,UNRESOLVED,UNRESOLVED,,,,,,,,"no issuer row at ex-date; tier 3 needs first-party amount corroboration, issuer announced ex-date, prior-period amount"
rFLS-2026-09-25-1,rFLS,FLS,2026-09-25,0.2200000000000000,UNRESOLVED,UNRESOLVED,,,,,,,,"no issuer row at ex-date; tier 3 needs first-party amount corroboration, issuer announced ex-date, prior-period amount"
rFRO-2026-06-12-1,rFRO,FRO,2026-06-12,1.5500000000000000,UNRESOLVED,UNRESOLVED,,,,,,,,"no issuer row at ex-date; tier 3 needs first-party amount corroboration, issuer announced ex-date, prior-period amount"
rFTV-2026-06-22-1,rFTV,FTV,2026-06-22,0.0600000000000000,UNRESOLVED,UNRESOLVED,,,,,,,,"no issuer row at ex-date; tier 3 needs first-party amount corroboration, issuer announced ex-date, prior-period amount"
rFSOL-2026-06-23-1,rFSOL,FSOL,2026-06-23,0.0355000000000000,UNRESOLVED,UNRESOLVED,,,,,,,,"no issuer row at ex-date; tier 3 needs first-party amount corroboration, issuer announced ex-date, prior-period amount"
rFTGC-2026-06-25-1,rFTGC,FTGC,2026-06-25,0.1691000000000000,GROSS,GROSS,1,,,,,,bitget_notice_2026_07_24: amount and ex-date match; 30% withholding DOCUMENTED,tier 1: 2026-07-24 notice match (builder rule)
rFR-2026-06-30-1,rFR,FR,2026-06-30,0.5000000000000000,UNRESOLVED,UNRESOLVED,,,,,,,,"no issuer row at ex-date; tier 3 needs first-party amount corroboration, issuer announced ex-date, prior-period amount"
rFSV-2026-06-30-1,rFSV,FSV,2026-06-30,0.3050000000000000,UNRESOLVED,UNRESOLVED,,,,,,,,"no issuer row at ex-date; tier 3 needs first-party amount corroboration, issuer announced ex-date, prior-period amount"
rFRT-2026-07-01-1,rFRT,FRT,2026-07-01,1.1300000000000000,UNRESOLVED,UNRESOLVED,,,,,,,,"no issuer row at ex-date; tier 3 needs first-party amount corroboration, issuer announced ex-date, prior-period amount"
rFULT-2026-07-01-1,rFULT,FULT,2026-07-01,0.1900000000000000,UNRESOLVED,UNRESOLVED,,,,,,,,"no issuer row at ex-date; tier 3 needs first-party amount corroboration, issuer announced ex-date, prior-period amount"
rFTAI-2026-08-12-1,rFTAI,FTAI,2026-08-12,0.5000000000000000,UNRESOLVED,UNRESOLVED,,,,,,,,"no issuer row at ex-date; tier 3 needs first-party amount corroboration, issuer announced ex-date, prior-period amount"
rFSS-2026-08-14-1,rFSS,FSS,2026-08-14,0.1500000000000000,UNRESOLVED,UNRESOLVED,,,,,,,,"no issuer row at ex-date; tier 3 needs first-party amount corroboration, issuer announced ex-date, prior-period amount"
rFTI-2026-08-18-1,rFTI,FTI,2026-08-18,0.0500000000000000,UNRESOLVED,UNRESOLVED,,,,,,,,"no issuer row at ex-date; tier 3 needs first-party amount corroboration, issuer announced ex-date, prior-period amount"
rFTS-2026-08-19-1,rFTS,FTS,2026-08-19,0.4559360000000000,UNRESOLVED,UNRESOLVED,,,,,,,,"no issuer row at ex-date; tier 3 needs first-party amount corroboration, issuer announced ex-date, prior-period amount"
rFTV-2026-09-04-1,rFTV,FTV,2026-09-04,0.0700000000000000,UNRESOLVED,UNRESOLVED,,,,,,,,"no issuer row at ex-date; tier 3 needs first-party amount corroboration, issuer announced ex-date, prior-period amount"
rFSOL-2026-09-16-1,rFSOL,FSOL,2026-09-16,0.1179000000000000,UNRESOLVED,UNRESOLVED,,,,,,,,"no issuer row at ex-date; tier 3 needs first-party amount corroboration, issuer announced ex-date, prior-period amount"
rFRO-2026-09-18-1,rFRO,FRO,2026-09-18,2.6100000000000000,UNRESOLVED,UNRESOLVED,,,,,,,,"no issuer row at ex-date; tier 3 needs first-party amount corroboration, issuer announced ex-date, prior-period amount"
rFRO-2026-09-18-2,rFRO,FRO,2026-09-18,0.8000000000000000,UNRESOLVED,UNRESOLVED,,,,,,,,"no issuer row at ex-date; tier 3 needs first-party amount corroboration, issuer announced ex-date, prior-period amount"
rFR-2026-09-30-1,rFR,FR,2026-09-30,0.5000000000000000,UNRESOLVED,UNRESOLVED,,,,,,,,"no issuer row at ex-date; tier 3 needs first-party amount corroboration, issuer announced ex-date, prior-period amount"
rFRT-2026-10-01-1,rFRT,FRT,2026-10-01,1.1600000000000000,UNRESOLVED,UNRESOLVED,,,,,,,,"no issuer row at ex-date; tier 3 needs first-party amount corroboration, issuer announced ex-date, prior-period amount"
rFULT-2026-10-01-1,rFULT,FULT,2026-10-01,0.1900000000000000,UNRESOLVED,UNRESOLVED,,,,,,,,"no issuer row at ex-date; tier 3 needs first-party amount corroboration, issuer announced ex-date, prior-period amount"
rG-2026-06-10-1,rG,G,2026-06-10,0.1875000000000000,UNRESOLVED,UNRESOLVED,,,,,,,,"no issuer row at ex-date; tier 3 needs first-party amount corroboration, issuer announced ex-date, prior-period amount"
rFXI-2026-06-15-1,rFXI,FXI,2026-06-15,0.2634390000000000,UNRESOLVED,UNRESOLVED,,,,,,,,"no issuer row at ex-date; tier 3 needs first-party amount corroboration, issuer announced ex-date, prior-period amount"
rGATX-2026-06-15-1,rGATX,GATX,2026-06-15,0.6600000000000000,UNRESOLVED,UNRESOLVED,,,,,,,,"no issuer row at ex-date; tier 3 needs first-party amount corroboration, issuer announced ex-date, prior-period amount"
rGILD-2026-06-15-1,rGILD,GILD,2026-06-15,0.8200000000000000,UNRESOLVED,UNRESOLVED,,,,,,,,"no issuer row at ex-date; tier 3 needs first-party amount corroboration, issuer announced ex-date, prior-period amount"
rGEV-2026-06-16-1,rGEV,GEV,2026-06-16,0.5000000000000000,GROSS,GROSS,1,,,,,,bitget_notice_2026_07_24: amount and ex-date match; 30% withholding DOCUMENTED,tier 1: 2026-07-24 notice match (builder rule)
rGFS-2026-06-24-1,rGFS,GFS,2026-06-24,0.1200000000000000,GROSS,GROSS,1,,,,,,bitget_notice_2026_07_24: amount and ex-date match; 30% withholding DOCUMENTED,tier 1: 2026-07-24 notice match (builder rule)
rGD-2026-07-02-1,rGD,GD,2026-07-02,1.5900000000000000,UNRESOLVED,UNRESOLVED,,,,,,,,"no issuer row at ex-date; tier 3 needs first-party amount corroboration, issuer announced ex-date, prior-period amount"
rGE-2026-07-06-1,rGE,GE,2026-07-06,0.4700000000000000,UNRESOLVED,UNRESOLVED,,,,,,,,"no issuer row at ex-date; tier 3 needs first-party amount corroboration, issuer announced ex-date, prior-period amount"
rGBCI-2026-07-07-1,rGBCI,GBCI,2026-07-07,0.3300000000000000,UNRESOLVED,UNRESOLVED,,,,,,,,"no issuer row at ex-date; tier 3 needs first-party amount corroboration, issuer announced ex-date, prior-period amount"
rGAP-2026-07-08-1,rGAP,GAP,2026-07-08,0.1750000000000000,UNRESOLVED,UNRESOLVED,,,,,,,,"no issuer row at ex-date; tier 3 needs first-party amount corroboration, issuer announced ex-date, prior-period amount"
rGFL-2026-07-13-1,rGFL,GFL,2026-07-13,0.0169000000000000,UNRESOLVED,UNRESOLVED,,,,,,,,"no issuer row at ex-date; tier 3 needs first-party amount corroboration, issuer announced ex-date, prior-period amount"
rGHC-2026-07-16-1,rGHC,GHC,2026-07-16,1.8800000000000000,UNRESOLVED,UNRESOLVED,,,,,,,,"no issuer row at ex-date; tier 3 needs first-party amount corroboration, issuer announced ex-date, prior-period amount"
rGGG-2026-07-20-1,rGGG,GGG,2026-07-20,0.2950000000000000,UNRESOLVED,UNRESOLVED,,,,,,,,"no issuer row at ex-date; tier 3 needs first-party amount corroboration, issuer announced ex-date, prior-period amount"
rGEHC-2026-07-24-1,rGEHC,GEHC,2026-07-24,0.0350000000000000,UNRESOLVED,UNRESOLVED,,,,,,,,"no issuer row at ex-date; tier 3 needs first-party amount corroboration, issuer announced ex-date, prior-period amount"
rGGAL-2026-08-03-1,rGGAL,GGAL,2026-08-03,0.0489920000000000,UNRESOLVED,UNRESOLVED,,,,,,,,"no issuer row at ex-date; tier 3 needs first-party amount corroboration, issuer announced ex-date, prior-period amount"
rGIB-2026-08-14-1,rGIB,GIB,2026-08-14,0.1204960000000000,UNRESOLVED,UNRESOLVED,,,,,,,,"no issuer row at ex-date; tier 3 needs first-party amount corroboration, issuer announced ex-date, prior-period amount"
rGEN-2026-08-17-1,rGEN,GEN,2026-08-17,0.1250000000000000,UNRESOLVED,UNRESOLVED,,,,,,,,"no issuer row at ex-date; tier 3 needs first-party amount corroboration, issuer announced ex-date, prior-period amount"
rGIL-2026-08-20-1,rGIL,GIL,2026-08-20,0.2490000000000000,UNRESOLVED,UNRESOLVED,,,,,,,,"no issuer row at ex-date; tier 3 needs first-party amount corroboration, issuer announced ex-date, prior-period amount"
rGGB-2026-08-21-1,rGGB,GGB,2026-08-21,0.0378640000000000,UNRESOLVED,UNRESOLVED,,,,,,,,"no issuer row at ex-date; tier 3 needs first-party amount corroboration, issuer announced ex-date, prior-period amount"
rGGAL-2026-08-24-1,rGGAL,GGAL,2026-08-24,0.0481660000000000,UNRESOLVED,UNRESOLVED,,,,,,,,"no issuer row at ex-date; tier 3 needs first-party amount corroboration, issuer announced ex-date, prior-period amount"
rG-2026-09-10-1,rG,G,2026-09-10,0.1875000000000000,UNRESOLVED,UNRESOLVED,,,,,,,,"no issuer row at ex-date; tier 3 needs first-party amount corroboration, issuer announced ex-date, prior-period amount"
rGFI-2026-09-11-1,rGFI,GFI,2026-09-11,0.8115410000000000,UNRESOLVED,UNRESOLVED,,,,,,,,"no issuer row at ex-date; tier 3 needs first-party amount corroboration, issuer announced ex-date, prior-period amount"
rGATX-2026-09-15-1,rGATX,GATX,2026-09-15,0.6600000000000000,UNRESOLVED,UNRESOLVED,,,,,,,,"no issuer row at ex-date; tier 3 needs first-party amount corroboration, issuer announced ex-date, prior-period amount"
rGILD-2026-09-15-1,rGILD,GILD,2026-09-15,0.8200000000000000,UNRESOLVED,UNRESOLVED,,,,,,,,"no issuer row at ex-date; tier 3 needs first-party amount corroboration, issuer announced ex-date, prior-period amount"
rGFS-2026-09-23-1,rGFS,GFS,2026-09-23,0.1200000000000000,UNRESOLVED,GROSS,2,0.12,,,,0.12 ex 2026-06-24,nasdaq_declared: 0.12 ex 2026-09-23 declared 07/28/2026 (third-party),tier 2
rGAP-2026-10-07-1,rGAP,GAP,2026-10-07,0.1750000000000000,UNRESOLVED,UNRESOLVED,,,,,,,,"no issuer row at ex-date; tier 3 needs first-party amount corroboration, issuer announced ex-date, prior-period amount"
rGD-2026-10-09-1,rGD,GD,2026-10-09,1.5900000000000000,UNRESOLVED,UNRESOLVED,,,,,,,,"no issuer row at ex-date; tier 3 needs first-party amount corroboration, issuer announced ex-date, prior-period amount"
rGHC-2026-10-15-1,rGHC,GHC,2026-10-15,1.8800000000000000,UNRESOLVED,UNRESOLVED,,,,,,,,"no issuer row at ex-date; tier 3 needs first-party amount corroboration, issuer announced ex-date, prior-period amount"
rGGG-2026-10-19-1,rGGG,GGG,2026-10-19,0.2950000000000000,UNRESOLVED,UNRESOLVED,,,,,,,,"no issuer row at ex-date; tier 3 needs first-party amount corroboration, issuer announced ex-date, prior-period amount"
rGLNG-2026-06-01-1,rGLNG,GLNG,2026-06-01,0.2500000000000000,UNRESOLVED,UNRESOLVED,,,,,,,,"no issuer row at ex-date; tier 3 needs first-party amount corroboration, issuer announced ex-date, prior-period amount"
rGS-2026-06-01-1,rGS,GS,2026-06-01,4.5000000000000000,UNRESOLVED,UNRESOLVED,,,,,,,,"no issuer row at ex-date; tier 3 needs first-party amount corroboration, issuer announced ex-date, prior-period amount"
rGM-2026-06-05-1,rGM,GM,2026-06-05,0.1800000000000000,UNRESOLVED,UNRESOLVED,,,,,,,,"no issuer row at ex-date; tier 3 needs first-party amount corroboration, issuer announced ex-date, prior-period amount"
rGOLF-2026-06-05-1,rGOLF,GOLF,2026-06-05,0.2550000000000000,UNRESOLVED,UNRESOLVED,,,,,,,,"no issuer row at ex-date; tier 3 needs first-party amount corroboration, issuer announced ex-date, prior-period amount"
rGPC-2026-06-05-1,rGPC,GPC,2026-06-05,1.0625000000000000,UNRESOLVED,UNRESOLVED,,,,,,,,"no issuer row at ex-date; tier 3 needs first-party amount corroboration, issuer announced ex-date, prior-period amount"
rGOOGL-2026-06-08-1,rGOOGL,GOOGL,2026-06-08,0.2200000000000000,UNRESOLVED,UNRESOLVED,,,,,,,,"no issuer row at ex-date; tier 3 needs first-party amount corroboration, issuer announced ex-date, prior-period amount"
rGLPI-2026-06-12-1,rGLPI,GLPI,2026-06-12,0.8200000000000000,UNRESOLVED,UNRESOLVED,,,,,,,,"no issuer row at ex-date; tier 3 needs first-party amount corroboration, issuer announced ex-date, prior-period amount"
rGPN-2026-06-12-1,rGPN,GPN,2026-06-12,0.2500000000000000,UNRESOLVED,UNRESOLVED,,,,,,,,"no issuer row at ex-date; tier 3 needs first-party amount corroboration, issuer announced ex-date, prior-period amount"
rGRMN-2026-06-15-1,rGRMN,GRMN,2026-06-15,1.0500000000000000,UNRESOLVED,UNRESOLVED,,,,,,,,"no issuer row at ex-date; tier 3 needs first-party amount corroboration, issuer announced ex-date, prior-period amount"
rGRFS-2026-07-02-1,rGRFS,GRFS,2026-07-02,0.0765110000000000,UNRESOLVED,UNRESOLVED,,,,,,,,"no issuer row at ex-date; tier 3 needs first-party amount corroboration, issuer announced ex-date, prior-period amount"
rGL-2026-07-06-1,rGL,GL,2026-07-06,0.3300000000000000,UNRESOLVED,UNRESOLVED,,,,,,,,"no issuer row at ex-date; tier 3 needs first-party amount corroboration, issuer announced ex-date, prior-period amount"
rGNTX-2026-07-08-1,rGNTX,GNTX,2026-07-08,0.1200000000000000,UNRESOLVED,UNRESOLVED,,,,,,,,"no issuer row at ex-date; tier 3 needs first-party amount corroboration, issuer announced ex-date, prior-period amount"
rGIS-2026-07-10-1,rGIS,GIS,2026-07-10,0.6100000000000000,UNRESOLVED,UNRESOLVED,,,,,,,,"no issuer row at ex-date; tier 3 needs first-party amount corroboration, issuer announced ex-date, prior-period amount"
rGLNG-2026-08-24-1,rGLNG,GLNG,2026-08-24,0.2500000000000000,UNRESOLVED,UNRESOLVED,,,,,,,,"no issuer row at ex-date; tier 3 needs first-party amount corroboration, issuer announced ex-date, prior-period amount"
rGLW-2026-08-31-1,rGLW,GLW,2026-08-31,0.2800000000000000,UNRESOLVED,UNRESOLVED,,,,,,,,"no issuer row at ex-date; tier 3 needs first-party amount corroboration, issuer announced ex-date, prior-period amount"
rGS-2026-09-01-1,rGS,GS,2026-09-01,5.0000000000000000,UNRESOLVED,UNRESOLVED,,,,,,,,"no issuer row at ex-date; tier 3 needs first-party amount corroboration, issuer announced ex-date, prior-period amount"
rGM-2026-09-04-1,rGM,GM,2026-09-04,0.1800000000000000,UNRESOLVED,UNRESOLVED,,,,,,,,"no issuer row at ex-date; tier 3 needs first-party amount corroboration, issuer announced ex-date, prior-period amount"
rGOLF-2026-09-04-1,rGOLF,GOLF,2026-09-04,0.2550000000000000,UNRESOLVED,UNRESOLVED,,,,,,,,"no issuer row at ex-date; tier 3 needs first-party amount corroboration, issuer announced ex-date, prior-period amount"
rGOOGL-2026-09-04-1,rGOOGL,GOOGL,2026-09-04,0.2200000000000000,UNRESOLVED,UNRESOLVED,,,,,,,,"no issuer row at ex-date; tier 3 needs first-party amount corroboration, issuer announced ex-date, prior-period amount"
rGPC-2026-09-04-1,rGPC,GPC,2026-09-04,1.0625000000000000,UNRESOLVED,UNRESOLVED,,,,,,,,"no issuer row at ex-date; tier 3 needs first-party amount corroboration, issuer announced ex-date, prior-period amount"
rGLPI-2026-09-11-1,rGLPI,GLPI,2026-09-11,0.8200000000000000,UNRESOLVED,UNRESOLVED,,,,,,,,"no issuer row at ex-date; tier 3 needs first-party amount corroboration, issuer announced ex-date, prior-period amount"
rGPN-2026-09-11-1,rGPN,GPN,2026-09-11,0.2500000000000000,UNRESOLVED,UNRESOLVED,,,,,,,,"no issuer row at ex-date; tier 3 needs first-party amount corroboration, issuer announced ex-date, prior-period amount"
rGRMN-2026-09-11-1,rGRMN,GRMN,2026-09-11,1.0500000000000000,UNRESOLVED,UNRESOLVED,,,,,,,,"no issuer row at ex-date; tier 3 needs first-party amount corroboration, issuer announced ex-date, prior-period amount"
rGL-2026-10-05-1,rGL,GL,2026-10-05,0.3300000000000000,UNRESOLVED,UNRESOLVED,,,,,,,,"no issuer row at ex-date; tier 3 needs first-party amount corroboration, issuer announced ex-date, prior-period amount"
rGNTX-2026-10-07-1,rGNTX,GNTX,2026-10-07,0.1200000000000000,UNRESOLVED,UNRESOLVED,,,,,,,,"no issuer row at ex-date; tier 3 needs first-party amount corroboration, issuer announced ex-date, prior-period amount"
rGRMN-2026-12-11-1,rGRMN,GRMN,2026-12-11,1.0500000000000000,UNRESOLVED,UNRESOLVED,,,,,,,,"no issuer row at ex-date; tier 3 needs first-party amount corroboration, issuer announced ex-date, prior-period amount"
rGRMN-2027-03-12-1,rGRMN,GRMN,2027-03-12,1.0500000000000000,UNRESOLVED,UNRESOLVED,,,,,,,,"no issuer row at ex-date; tier 3 needs first-party amount corroboration, issuer announced ex-date, prior-period amount"
rGTX-2026-06-01-1,rGTX,GTX,2026-06-01,0.0800000000000000,UNRESOLVED,UNRESOLVED,,,,,,,,"no issuer row at ex-date; tier 3 needs first-party amount corroboration, issuer announced ex-date, prior-period amount"
rHAS-2026-06-01-1,rHAS,HAS,2026-06-01,0.7000000000000000,UNRESOLVED,UNRESOLVED,,,,,,,,"no issuer row at ex-date; tier 3 needs first-party amount corroboration, issuer announced ex-date, prior-period amount"
rHAL-2026-06-03-1,rHAL,HAL,2026-06-03,0.1700000000000000,UNRESOLVED,UNRESOLVED,,,,,,,,"no issuer row at ex-date; tier 3 needs first-party amount corroboration, issuer announced ex-date, prior-period amount"
rHD-2026-06-04-1,rHD,HD,2026-06-04,2.3300000000000000,UNRESOLVED,UNRESOLVED,,,,,,,,"no issuer row at ex-date; tier 3 needs first-party amount corroboration, issuer announced ex-date, prior-period amount"
rHBM-2026-06-09-1,rHBM,HBM,2026-06-09,0.0073630100000000,UNRESOLVED,UNRESOLVED,,,,,,,,"no issuer row at ex-date; tier 3 needs first-party amount corroboration, issuer announced ex-date, prior-period amount"
rHDV-2026-06-15-1,rHDV,HDV,2026-06-15,0.1850490000000000,UNRESOLVED,UNRESOLVED,,,,,,,,"no issuer row at ex-date; tier 3 needs first-party amount corroboration, issuer announced ex-date, prior-period amount"
rHCA-2026-06-16-1,rHCA,HCA,2026-06-16,0.7800000000000000,UNRESOLVED,UNRESOLVED,,,,,,,,"no issuer row at ex-date; tier 3 needs first-party amount corroboration, issuer announced ex-date, prior-period amount"
rHBAN-2026-06-17-1,rHBAN,HBAN,2026-06-17,0.1550000000000000,UNRESOLVED,UNRESOLVED,,,,,,,,"no issuer row at ex-date; tier 3 needs first-party amount corroboration, issuer announced ex-date, prior-period amount"
rHDB-2026-06-17-1,rHDB,HDB,2026-06-17,0.3530700000000000,UNRESOLVED,UNRESOLVED,,,,,,,,"no issuer row at ex-date; tier 3 needs first-party amount corroboration, issuer announced ex-date, prior-period amount"
rGVA-2026-06-30-1,rGVA,GVA,2026-06-30,0.1300000000000000,UNRESOLVED,UNRESOLVED,,,,,,,,"no issuer row at ex-date; tier 3 needs first-party amount corroboration, issuer announced ex-date, prior-period amount"
rHEI-2026-07-01-1,rHEI,HEI,2026-07-01,0.1300000000000000,GROSS,GROSS,1,,,,,,bitget_notice_2026_07_24: amount and ex-date match; 30% withholding DOCUMENTED,tier 1: 2026-07-24 notice match (builder rule)
rHASI-2026-07-02-1,rHASI,HASI,2026-07-02,0.4250000000000000,UNRESOLVED,UNRESOLVED,,,,,,,,"no issuer row at ex-date; tier 3 needs first-party amount corroboration, issuer announced ex-date, prior-period amount"
rHDV-2026-07-15-1,rHDV,HDV,2026-07-15,0.0874000000000000,UNRESOLVED,UNRESOLVED,,,,,,,,"no issuer row at ex-date; tier 3 needs first-party amount corroboration, issuer announced ex-date, prior-period amount"
rHESM-2026-08-06-1,rHESM,HESM,2026-08-06,0.7888000000000000,UNRESOLVED,UNRESOLVED,,,,,,,,"no issuer row at ex-date; tier 3 needs first-party amount corroboration, issuer announced ex-date, prior-period amount"
rHDB-2026-08-07-1,rHDB,HDB,2026-08-07,0.3530700000000000,UNRESOLVED,UNRESOLVED,,,,,,,,"no issuer row at ex-date; tier 3 needs first-party amount corroboration, issuer announced ex-date, prior-period amount"
rGWW-2026-08-10-1,rGWW,GWW,2026-08-10,2.4900000000000000,UNRESOLVED,UNRESOLVED,,,,,,,,"no issuer row at ex-date; tier 3 needs first-party amount corroboration, issuer announced ex-date, prior-period amount"
rHCC-2026-08-10-1,rHCC,HCC,2026-08-10,0.0800000000000000,UNRESOLVED,UNRESOLVED,,,,,,,,"no issuer row at ex-date; tier 3 needs first-party amount corroboration, issuer announced ex-date, prior-period amount"
rGSK-2026-08-14-1,rGSK,GSK,2026-08-14,0.4440200000000000,UNRESOLVED,UNRESOLVED,,,,,,,,"no issuer row at ex-date; tier 3 needs first-party amount corroboration, issuer announced ex-date, prior-period amount"
rHAS-2026-08-19-1,rHAS,HAS,2026-08-19,0.7000000000000000,UNRESOLVED,UNRESOLVED,,,,,,,,"no issuer row at ex-date; tier 3 needs first-party amount corroboration, issuer announced ex-date, prior-period amount"
rHDV-2026-08-19-1,rHDV,HDV,2026-08-19,0.1046160000000000,UNRESOLVED,UNRESOLVED,,,,,,,,"no issuer row at ex-date; tier 3 needs first-party amount corroboration, issuer announced ex-date, prior-period amount"
rH-2026-08-27-1,rH,H,2026-08-27,0.1500000000000000,UNRESOLVED,UNRESOLVED,,,,,,,,"no issuer row at ex-date; tier 3 needs first-party amount corroboration, issuer announced ex-date, prior-period amount"
rGTX-2026-09-01-1,rGTX,GTX,2026-09-01,0.0800000000000000,UNRESOLVED,UNRESOLVED,,,,,,,,"no issuer row at ex-date; tier 3 needs first-party amount corroboration, issuer announced ex-date, prior-period amount"
rHAL-2026-09-02-1,rHAL,HAL,2026-09-02,0.1700000000000000,UNRESOLVED,UNRESOLVED,,,,,,,,"no issuer row at ex-date; tier 3 needs first-party amount corroboration, issuer announced ex-date, prior-period amount"
rHD-2026-09-03-1,rHD,HD,2026-09-03,2.3300000000000000,UNRESOLVED,UNRESOLVED,,,,,,,,"no issuer row at ex-date; tier 3 needs first-party amount corroboration, issuer announced ex-date, prior-period amount"
rHBM-2026-09-08-1,rHBM,HBM,2026-09-08,0.0070880000000000,UNRESOLVED,UNRESOLVED,,,,,,,,"no issuer row at ex-date; tier 3 needs first-party amount corroboration, issuer announced ex-date, prior-period amount"
rHCA-2026-09-16-1,rHCA,HCA,2026-09-16,0.7800000000000000,UNRESOLVED,UNRESOLVED,,,,,,,,"no issuer row at ex-date; tier 3 needs first-party amount corroboration, issuer announced ex-date, prior-period amount"
rHDV-2026-09-16-1,rHDV,HDV,2026-09-16,0.0559590000000000,UNRESOLVED,UNRESOLVED,,,,,,,,"no issuer row at ex-date; tier 3 needs first-party amount corroboration, issuer announced ex-date, prior-period amount"
rHBAN-2026-09-17-1,rHBAN,HBAN,2026-09-17,0.1550000000000000,UNRESOLVED,UNRESOLVED,,,,,,,,"no issuer row at ex-date; tier 3 needs first-party amount corroboration, issuer announced ex-date, prior-period amount"
rGVA-2026-09-30-1,rGVA,GVA,2026-09-30,0.1300000000000000,UNRESOLVED,UNRESOLVED,,,,,,,,"no issuer row at ex-date; tier 3 needs first-party amount corroboration, issuer announced ex-date, prior-period amount"
rHASI-2026-10-02-1,rHASI,HASI,2026-10-02,0.4250000000000000,UNRESOLVED,UNRESOLVED,,,,,,,,"no issuer row at ex-date; tier 3 needs first-party amount corroboration, issuer announced ex-date, prior-period amount"
rHIG-2026-06-01-1,rHIG,HIG,2026-06-01,0.6000000000000000,UNRESOLVED,UNRESOLVED,,,,,,,,"no issuer row at ex-date; tier 3 needs first-party amount corroboration, issuer announced ex-date, prior-period amount"
rHLI-2026-06-01-1,rHLI,HLI,2026-06-01,0.7000000000000000,UNRESOLVED,UNRESOLVED,,,,,,,,"no issuer row at ex-date; tier 3 needs first-party amount corroboration, issuer announced ex-date, prior-period amount"
rHRB-2026-06-03-1,rHRB,HRB,2026-06-03,0.4200000000000000,UNRESOLVED,UNRESOLVED,,,,,,,,"no issuer row at ex-date; tier 3 needs first-party amount corroboration, issuer announced ex-date, prior-period amount"
rHPQ-2026-06-10-1,rHPQ,HPQ,2026-06-10,0.3000000000000000,UNRESOLVED,UNRESOLVED,,,,,,,,"no issuer row at ex-date; tier 3 needs first-party amount corroboration, issuer announced ex-date, prior-period amount"
rHPE-2026-06-16-1,rHPE,HPE,2026-06-16,0.1425000000000000,GROSS,GROSS,1,,,,,,bitget_notice_2026_07_24: amount and ex-date match; 30% withholding DOCUMENTED,tier 1: 2026-07-24 notice match (builder rule)
rHLNE-2026-06-18-1,rHLNE,HLNE,2026-06-18,0.6000000000000000,UNRESOLVED,UNRESOLVED,,,,,,,,"no issuer row at ex-date; tier 3 needs first-party amount corroboration, issuer announced ex-date, prior-period amount"
rHON-2026-06-29-1,rHON,HON,2026-06-29,,UNRESOLVED,UNRESOLVED,,,,,,,,not a cash dividend
rHON-2026-06-29-2,rHON,HON,2026-06-29,,UNRESOLVED,UNRESOLVED,,,,,,,,not a cash dividend
rHIMX-2026-06-30-1,rHIMX,HIMX,2026-06-30,0.2420000000000000,GROSS,GROSS,1,,,,,,bitget_notice_2026_07_24: amount and ex-date match; 30% withholding DOCUMENTED,tier 1: 2026-07-24 notice match (builder rule)
rHST-2026-06-30-1,rHST,HST,2026-06-30,0.2000000000000000,UNRESOLVED,UNRESOLVED,,,,,,,,"no issuer row at ex-date; tier 3 needs first-party amount corroboration, issuer announced ex-date, prior-period amount"
rHST-2026-06-30-2,rHST,HST,2026-06-30,0.7200000000000000,UNRESOLVED,UNRESOLVED,,,,,,,,"no issuer row at ex-date; tier 3 needs first-party amount corroboration, issuer announced ex-date, prior-period amount"
rHRL-2026-07-13-1,rHRL,HRL,2026-07-13,0.2925000000000000,UNRESOLVED,UNRESOLVED,,,,,,,,"no issuer row at ex-date; tier 3 needs first-party amount corroboration, issuer announced ex-date, prior-period amount"
rHR-2026-08-11-1,rHR,HR,2026-08-11,0.2400000000000000,UNRESOLVED,UNRESOLVED,,,,,,,,"no issuer row at ex-date; tier 3 needs first-party amount corroboration, issuer announced ex-date, prior-period amount"
rHOMB-2026-08-12-1,rHOMB,HOMB,2026-08-12,0.2300000000000000,UNRESOLVED,UNRESOLVED,,,,,,,,"no issuer row at ex-date; tier 3 needs first-party amount corroboration, issuer announced ex-date, prior-period amount"
rHLN-2026-08-14-1,rHLN,HLN,2026-08-14,0.0606850000000000,UNRESOLVED,UNRESOLVED,,,,,,,,"no issuer row at ex-date; tier 3 needs first-party amount corroboration, issuer announced ex-date, prior-period amount"
rHON-2026-08-14-1,rHON,HON,2026-08-14,0.7000000000000000,UNRESOLVED,UNRESOLVED,,,,,,,,"no issuer row at ex-date; tier 3 needs first-party amount corroboration, issuer announced ex-date, prior-period amount"
rHLT-2026-08-21-1,rHLT,HLT,2026-08-21,0.1500000000000000,UNRESOLVED,UNRESOLVED,,,,,,,,"no issuer row at ex-date; tier 3 needs first-party amount corroboration, issuer announced ex-date, prior-period amount"
rHL-2026-08-26-1,rHL,HL,2026-08-26,0.0037500000000000,UNRESOLVED,UNRESOLVED,,,,,,,,"no issuer row at ex-date; tier 3 needs first-party amount corroboration, issuer announced ex-date, prior-period amount"
rHII-2026-08-28-1,rHII,HII,2026-08-28,1.3800000000000000,UNRESOLVED,UNRESOLVED,,,,,,,,"no issuer row at ex-date; tier 3 needs first-party amount corroboration, issuer announced ex-date, prior-period amount"
rHIG-2026-09-01-1,rHIG,HIG,2026-09-01,0.6000000000000000,UNRESOLVED,UNRESOLVED,,,,,,,,"no issuer row at ex-date; tier 3 needs first-party amount corroboration, issuer announced ex-date, prior-period amount"
rHLI-2026-09-01-1,rHLI,HLI,2026-09-01,0.7000000000000000,UNRESOLVED,UNRESOLVED,,,,,,,,"no issuer row at ex-date; tier 3 needs first-party amount corroboration, issuer announced ex-date, prior-period amount"
rHRI-2026-09-02-1,rHRI,HRI,2026-09-02,0.7000000000000000,UNRESOLVED,UNRESOLVED,,,,,,,,"no issuer row at ex-date; tier 3 needs first-party amount corroboration, issuer announced ex-date, prior-period amount"
rHRB-2026-09-03-1,rHRB,HRB,2026-09-03,0.4600000000000000,UNRESOLVED,UNRESOLVED,,,,,,,,"no issuer row at ex-date; tier 3 needs first-party amount corroboration, issuer announced ex-date, prior-period amount"
rHPQ-2026-09-09-1,rHPQ,HPQ,2026-09-09,0.3000000000000000,UNRESOLVED,UNRESOLVED,,,,,,,,"no issuer row at ex-date; tier 3 needs first-party amount corroboration, issuer announced ex-date, prior-period amount"
rHPE-2026-09-17-1,rHPE,HPE,2026-09-17,0.1425000000000000,UNRESOLVED,UNRESOLVED,,,,,2026-09-17,0.143 ex 2026-06-16,yahoo_calendar: announced next ex-date 2026-09-17 (third-party); prior realised 0.143 ex 2026-06-16 equals amount (ASSUMED unchanged),no issuer row at ex-date; tier 3 needs first-party amount corroboration
rHLNE-2026-09-21-1,rHLNE,HLNE,2026-09-21,0.6000000000000000,UNRESOLVED,UNRESOLVED,,,,,,,,"no issuer row at ex-date; tier 3 needs first-party amount corroboration, issuer announced ex-date, prior-period amount"
rHST-2026-09-30-1,rHST,HST,2026-09-30,0.2000000000000000,UNRESOLVED,UNRESOLVED,,,,,,,,"no issuer row at ex-date; tier 3 needs first-party amount corroboration, issuer announced ex-date, prior-period amount"
rHYG-2026-06-01-1,rHYG,HYG,2026-06-01,0.4089670000000000,UNRESOLVED,UNRESOLVED,,,,,,,,"no issuer row at ex-date; tier 3 needs first-party amount corroboration, issuer announced ex-date, prior-period amount"
rHYS-2026-06-01-1,rHYS,HYS,2026-06-01,0.5700000000000000,UNRESOLVED,GROSS,2,,0.57,,,0.56 ex 2026-05-01,yahoo_realised: 0.57 ex 2026-06-01 (third-party),tier 2
rIBKR-2026-06-01-1,rIBKR,IBKR,2026-06-01,0.0875000000000000,UNRESOLVED,UNRESOLVED,,,,,,,,"no issuer row at ex-date; tier 3 needs first-party amount corroboration, issuer announced ex-date, prior-period amount"
rICL-2026-06-02-1,rICL,ICL,2026-06-02,0.0535000000000000,UNRESOLVED,UNRESOLVED,,,,,,,,"no issuer row at ex-date; tier 3 needs first-party amount corroboration, issuer announced ex-date, prior-period amount"
rHWC-2026-06-05-1,rHWC,HWC,2026-06-05,0.5000000000000000,UNRESOLVED,UNRESOLVED,,,,,,,,"no issuer row at ex-date; tier 3 needs first-party amount corroboration, issuer announced ex-date, prior-period amount"
rIBB-2026-06-15-1,rIBB,IBB,2026-06-15,0.0237740000000000,UNRESOLVED,UNRESOLVED,,,,,,,,"no issuer row at ex-date; tier 3 needs first-party amount corroboration, issuer announced ex-date, prior-period amount"
rIBP-2026-06-15-1,rIBP,IBP,2026-06-15,0.3900000000000000,UNRESOLVED,UNRESOLVED,,,,,,,,"no issuer row at ex-date; tier 3 needs first-party amount corroboration, issuer announced ex-date, prior-period amount"
rICE-2026-06-15-1,rICE,ICE,2026-06-15,0.5200000000000000,UNRESOLVED,UNRESOLVED,,,,,,,,"no issuer row at ex-date; tier 3 needs first-party amount corroboration, issuer announced ex-date, prior-period amount"
rICLN-2026-06-15-1,rICLN,ICLN,2026-06-15,0.0560630000000000,UNRESOLVED,UNRESOLVED,,,,,,,,"no issuer row at ex-date; tier 3 needs first-party amount corroboration, issuer announced ex-date, prior-period amount"
rHUM-2026-06-26-1,rHUM,HUM,2026-06-26,0.8850000000000000,UNRESOLVED,UNRESOLVED,,,,,,,,"no issuer row at ex-date; tier 3 needs first-party amount corroboration, issuer announced ex-date, prior-period amount"
rHYG-2026-07-01-1,rHYG,HYG,2026-07-01,0.3687910000000000,UNRESOLVED,UNRESOLVED,,,,,,,,"no issuer row at ex-date; tier 3 needs first-party amount corroboration, issuer announced ex-date, prior-period amount"
rHYS-2026-07-01-1,rHYS,HYS,2026-07-01,0.5700000000000000,GROSS,GROSS,1,,,,,,bitget_notice_2026_07_24: amount and ex-date match; 30% withholding DOCUMENTED,tier 1: 2026-07-24 notice match (builder rule)
rHYG-2026-08-03-1,rHYG,HYG,2026-08-03,0.3842890000000000,UNRESOLVED,UNRESOLVED,,,,,,,,"no issuer row at ex-date; tier 3 needs first-party amount corroboration, issuer announced ex-date, prior-period amount"
rHYS-2026-08-03-1,rHYS,HYS,2026-08-03,0.5500000100000000,UNRESOLVED,GROSS,2,,0.55,,,0.57 ex 2026-07-01,yahoo_realised: 0.55 ex 2026-08-03 (third-party),tier 2
rIDA-2026-08-05-1,rIDA,IDA,2026-08-05,0.8800000000000000,UNRESOLVED,UNRESOLVED,,,,,,,,"no issuer row at ex-date; tier 3 needs first-party amount corroboration, issuer announced ex-date, prior-period amount"
rHWM-2026-08-07-1,rHWM,HWM,2026-08-07,0.1400000000000000,UNRESOLVED,UNRESOLVED,,,,,,,,"no issuer row at ex-date; tier 3 needs first-party amount corroboration, issuer announced ex-date, prior-period amount"
rHXL-2026-08-10-1,rHXL,HXL,2026-08-10,0.1800000000000000,UNRESOLVED,UNRESOLVED,,,,,,,,"no issuer row at ex-date; tier 3 needs first-party amount corroboration, issuer announced ex-date, prior-period amount"
rIBM-2026-08-10-1,rIBM,IBM,2026-08-10,1.6900000000000000,UNRESOLVED,UNRESOLVED,,,,,,,,"no issuer row at ex-date; tier 3 needs first-party amount corroboration, issuer announced ex-date, prior-period amount"
rHSY-2026-08-14-1,rHSY,HSY,2026-08-14,1.4520000000000000,UNRESOLVED,UNRESOLVED,,,,,,,,"no issuer row at ex-date; tier 3 needs first-party amount corroboration, issuer announced ex-date, prior-period amount"
rIBOC-2026-08-14-1,rIBOC,IBOC,2026-08-14,0.7300000000000000,UNRESOLVED,UNRESOLVED,,,,,,,,"no issuer row at ex-date; tier 3 needs first-party amount corroboration, issuer announced ex-date, prior-period amount"
rHUBB-2026-08-31-1,rHUBB,HUBB,2026-08-31,1.4200000000000000,UNRESOLVED,UNRESOLVED,,,,,,,,"no issuer row at ex-date; tier 3 needs first-party amount corroboration, issuer announced ex-date, prior-period amount"
rHYG-2026-09-01-1,rHYG,HYG,2026-09-01,0.4350250000000000,UNRESOLVED,UNRESOLVED,,,,,,,,"no issuer row at ex-date; tier 3 needs first-party amount corroboration, issuer announced ex-date, prior-period amount"
rHYS-2026-09-01-1,rHYS,HYS,2026-09-01,0.4900000000000000,UNRESOLVED,GROSS,2,,0.49,,,0.55 ex 2026-08-03,yahoo_realised: 0.49 ex 2026-09-01 (third-party),tier 2
rIBKR-2026-09-01-1,rIBKR,IBKR,2026-09-01,0.0875000000000000,UNRESOLVED,UNRESOLVED,,,,,,,,"no issuer row at ex-date; tier 3 needs first-party amount corroboration, issuer announced ex-date, prior-period amount"
rICL-2026-09-02-1,rICL,ICL,2026-09-02,0.0581100000000000,UNRESOLVED,UNRESOLVED,,,,,,,,"no issuer row at ex-date; tier 3 needs first-party amount corroboration, issuer announced ex-date, prior-period amount"
rHWC-2026-09-04-1,rHWC,HWC,2026-09-04,0.5000000000000000,UNRESOLVED,UNRESOLVED,,,,,,,,"no issuer row at ex-date; tier 3 needs first-party amount corroboration, issuer announced ex-date, prior-period amount"
rHTHT-2026-09-08-1,rHTHT,HTHT,2026-09-08,0.8500000000000000,UNRESOLVED,UNRESOLVED,,,,,,,,"no issuer row at ex-date; tier 3 needs first-party amount corroboration, issuer announced ex-date, prior-period amount"
rIBB-2026-09-15-1,rIBB,IBB,2026-09-15,0.0111940000000000,UNRESOLVED,UNRESOLVED,,,,,,,,"no issuer row at ex-date; tier 3 needs first-party amount corroboration, issuer announced ex-date, prior-period amount"
rIBP-2026-09-15-1,rIBP,IBP,2026-09-15,0.3900000000000000,UNRESOLVED,UNRESOLVED,,,,,,,,"no issuer row at ex-date; tier 3 needs first-party amount corroboration, issuer announced ex-date, prior-period amount"
rICE-2026-09-16-1,rICE,ICE,2026-09-16,0.5200000000000000,UNRESOLVED,UNRESOLVED,,,,,,,,"no issuer row at ex-date; tier 3 needs first-party amount corroboration, issuer announced ex-date, prior-period amount"
rHUM-2026-10-30-1,rHUM,HUM,2026-10-30,0.8849999900000000,UNRESOLVED,UNRESOLVED,,,,,,,,"no issuer row at ex-date; tier 3 needs first-party amount corroboration, issuer announced ex-date, prior-period amount"
rICE-2026-12-16-1,rICE,ICE,2026-12-16,0.5200000000000000,UNRESOLVED,UNRESOLVED,,,,,,,,"no issuer row at ex-date; tier 3 needs first-party amount corroboration, issuer announced ex-date, prior-period amount"
rIEF-2026-06-01-1,rIEF,IEF,2026-06-01,0.3171970000000000,UNRESOLVED,UNRESOLVED,,,,,,,,"no issuer row at ex-date; tier 3 needs first-party amount corroboration, issuer announced ex-date, prior-period amount"
rIMO-2026-06-04-1,rIMO,IMO,2026-06-04,0.6397110000000000,UNRESOLVED,UNRESOLVED,,,,,,,,"no issuer row at ex-date; tier 3 needs first-party amount corroboration, issuer announced ex-date, prior-period amount"
rINFY-2026-06-10-1,rINFY,INFY,2026-06-10,0.2202910000000000,UNRESOLVED,UNRESOLVED,,,,,,,,"no issuer row at ex-date; tier 3 needs first-party amount corroboration, issuer announced ex-date, prior-period amount"
rIEFA-2026-06-15-1,rIEFA,IEFA,2026-06-15,1.5780600000000000,UNRESOLVED,UNRESOLVED,,,,,,,,"no issuer row at ex-date; tier 3 needs first-party amount corroboration, issuer announced ex-date, prior-period amount"
rIEMG-2026-06-15-1,rIEMG,IEMG,2026-06-15,0.6584390000000000,UNRESOLVED,UNRESOLVED,,,,,,,,"no issuer row at ex-date; tier 3 needs first-party amount corroboration, issuer announced ex-date, prior-period amount"
rIGV-2026-06-15-1,rIGV,IGV,2026-06-15,0.0168320000000000,UNRESOLVED,UNRESOLVED,,,,,,,,"no issuer row at ex-date; tier 3 needs first-party amount corroboration, issuer announced ex-date, prior-period amount"
rIJH-2026-06-15-1,rIJH,IJH,2026-06-15,0.1894610000000000,UNRESOLVED,UNRESOLVED,,,,,,,,"no issuer row at ex-date; tier 3 needs first-party amount corroboration, issuer announced ex-date, prior-period amount"
rIFF-2026-06-18-1,rIFF,IFF,2026-06-18,0.4000000000000000,UNRESOLVED,UNRESOLVED,,,,,,,,"no issuer row at ex-date; tier 3 needs first-party amount corroboration, issuer announced ex-date, prior-period amount"
rINCE-2026-06-30-1,rINCE,INCE,2026-06-30,0.2500000000000000,UNRESOLVED,UNRESOLVED,,,,,,,,"no issuer row at ex-date; tier 3 needs first-party amount corroboration, issuer announced ex-date, prior-period amount"
rIEF-2026-07-01-1,rIEF,IEF,2026-07-01,0.3110590000000000,UNRESOLVED,UNRESOLVED,,,,,,,,"no issuer row at ex-date; tier 3 needs first-party amount corroboration, issuer announced ex-date, prior-period amount"
rINGR-2026-07-01-1,rINGR,INGR,2026-07-01,0.8200000000000000,UNRESOLVED,UNRESOLVED,,,,,,,,"no issuer row at ex-date; tier 3 needs first-party amount corroboration, issuer announced ex-date, prior-period amount"
rIEX-2026-07-06-1,rIEX,IEX,2026-07-06,0.7300000000000000,UNRESOLVED,UNRESOLVED,,,,,,,,"no issuer row at ex-date; tier 3 needs first-party amount corroboration, issuer announced ex-date, prior-period amount"
rIDCC-2026-07-08-1,rIDCC,IDCC,2026-07-08,0.7000000000000000,UNRESOLVED,UNRESOLVED,,,,,,,,"no issuer row at ex-date; tier 3 needs first-party amount corroboration, issuer announced ex-date, prior-period amount"
rINCE-2026-07-31-1,rINCE,INCE,2026-07-31,0.3000000000000000,UNRESOLVED,UNRESOLVED,,,,,,,,"no issuer row at ex-date; tier 3 needs first-party amount corroboration, issuer announced ex-date, prior-period amount"
rIEF-2026-08-03-1,rIEF,IEF,2026-08-03,0.3175489900000000,UNRESOLVED,UNRESOLVED,,,,,,,,"no issuer row at ex-date; tier 3 needs first-party amount corroboration, issuer announced ex-date, prior-period amount"
rINGM-2026-08-11-1,rINGM,INGM,2026-08-11,0.0860000000000000,UNRESOLVED,UNRESOLVED,,,,,,,,"no issuer row at ex-date; tier 3 needs first-party amount corroboration, issuer announced ex-date, prior-period amount"
rIEP-2026-08-17-1,rIEP,IEP,2026-08-17,0.5000000000000000,UNRESOLVED,UNRESOLVED,,,,,,,,"no issuer row at ex-date; tier 3 needs first-party amount corroboration, issuer announced ex-date, prior-period amount"
rIHG-2026-08-21-1,rIHG,IHG,2026-08-21,0.6250000000000000,UNRESOLVED,UNRESOLVED,,,,,,,,"no issuer row at ex-date; tier 3 needs first-party amount corroboration, issuer announced ex-date, prior-period amount"
rIESC-2026-08-24-1,rIESC,IESC,2026-08-24,,UNRESOLVED,UNRESOLVED,,,,,,,,not a cash dividend
rINCE-2026-08-31-1,rINCE,INCE,2026-08-31,0.3000000100000000,UNRESOLVED,UNRESOLVED,,,,,,,,"no issuer row at ex-date; tier 3 needs first-party amount corroboration, issuer announced ex-date, prior-period amount"
rIEF-2026-09-01-1,rIEF,IEF,2026-09-01,0.3320440000000000,UNRESOLVED,UNRESOLVED,,,,,,,,"no issuer row at ex-date; tier 3 needs first-party amount corroboration, issuer announced ex-date, prior-period amount"
rIMO-2026-09-04-1,rIMO,IMO,2026-09-04,0.6199620000000000,UNRESOLVED,UNRESOLVED,,,,,,,,"no issuer row at ex-date; tier 3 needs first-party amount corroboration, issuer announced ex-date, prior-period amount"
rIJH-2026-09-15-1,rIJH,IJH,2026-09-15,0.2258570000000000,UNRESOLVED,UNRESOLVED,,,,,,,,"no issuer row at ex-date; tier 3 needs first-party amount corroboration, issuer announced ex-date, prior-period amount"
rIFF-2026-09-18-1,rIFF,IFF,2026-09-18,0.4000000000000000,UNRESOLVED,UNRESOLVED,,,,,,,,"no issuer row at ex-date; tier 3 needs first-party amount corroboration, issuer announced ex-date, prior-period amount"
rIEX-2026-10-02-1,rIEX,IEX,2026-10-02,0.7300000000000000,UNRESOLVED,UNRESOLVED,,,,,,,,"no issuer row at ex-date; tier 3 needs first-party amount corroboration, issuer announced ex-date, prior-period amount"
rIDCC-2026-10-14-1,rIDCC,IDCC,2026-10-14,0.7500000000000000,UNRESOLVED,UNRESOLVED,,,,,,,,"no issuer row at ex-date; tier 3 needs first-party amount corroboration, issuer announced ex-date, prior-period amount"
rITT-2026-06-08-1,rITT,ITT,2026-06-08,0.3860000000000000,UNRESOLVED,UNRESOLVED,,,,,,,,"no issuer row at ex-date; tier 3 needs first-party amount corroboration, issuer announced ex-date, prior-period amount"
rINSW-2026-06-12-1,rINSW,INSW,2026-06-12,0.1200000000000000,UNRESOLVED,UNRESOLVED,,,,,,,,"no issuer row at ex-date; tier 3 needs first-party amount corroboration, issuer announced ex-date, prior-period amount"
rINSW-2026-06-12-2,rINSW,INSW,2026-06-12,4.4300000000000000,UNRESOLVED,UNRESOLVED,,,,,,,,"no issuer row at ex-date; tier 3 needs first-party amount corroboration, issuer announced ex-date, prior-period amount"
rIRDM-2026-06-15-1,rIRDM,IRDM,2026-06-15,0.1500000000000000,UNRESOLVED,UNRESOLVED,,,,,,,,"no issuer row at ex-date; tier 3 needs first-party amount corroboration, issuer announced ex-date, prior-period amount"
rIRM-2026-06-15-1,rIRM,IRM,2026-06-15,0.8640000000000000,UNRESOLVED,UNRESOLVED,,,,,,,,"no issuer row at ex-date; tier 3 needs first-party amount corroboration, issuer announced ex-date, prior-period amount"
rITA-2026-06-15-1,rITA,ITA,2026-06-15,0.1635800000000000,UNRESOLVED,UNRESOLVED,,,,,,,,"no issuer row at ex-date; tier 3 needs first-party amount corroboration, issuer announced ex-date, prior-period amount"
rITOT-2026-06-15-1,rITOT,ITOT,2026-06-15,0.4193070000000000,UNRESOLVED,UNRESOLVED,,,,,,,,"no issuer row at ex-date; tier 3 needs first-party amount corroboration, issuer announced ex-date, prior-period amount"
rIVV-2026-06-15-1,rIVV,IVV,2026-06-15,1.9956530000000000,UNRESOLVED,UNRESOLVED,,,,,,,,"no issuer row at ex-date; tier 3 needs first-party amount corroboration, issuer announced ex-date, prior-period amount"
rIWF-2026-06-15-1,rIWF,IWF,2026-06-15,0.1067760000000000,UNRESOLVED,UNRESOLVED,,,,,,,,"no issuer row at ex-date; tier 3 needs first-party amount corroboration, issuer announced ex-date, prior-period amount"
rIWM-2026-06-15-1,rIWM,IWM,2026-06-15,0.6951290000000000,UNRESOLVED,UNRESOLVED,,,,,,,,"no issuer row at ex-date; tier 3 needs first-party amount corroboration, issuer announced ex-date, prior-period amount"
rINVH-2026-06-25-1,rINVH,INVH,2026-06-25,0.3000000000000000,UNRESOLVED,UNRESOLVED,,,,,,,,"no issuer row at ex-date; tier 3 needs first-party amount corroboration, issuer announced ex-date, prior-period amount"
rITW-2026-06-30-1,rITW,ITW,2026-06-30,1.6100000000000000,UNRESOLVED,UNRESOLVED,,,,,,,,"no issuer row at ex-date; tier 3 needs first-party amount corroboration, issuer announced ex-date, prior-period amount"
rINTU-2026-07-09-1,rINTU,INTU,2026-07-09,1.2000000000000000,GROSS,GROSS,1,,,,,,bitget_notice_2026_07_24: amount and ex-date match; 30% withholding DOCUMENTED,tier 1: 2026-07-24 notice match (builder rule)
rIR-2026-08-13-1,rIR,IR,2026-08-13,0.0200000000000000,UNRESOLVED,UNRESOLVED,,,,,,,,"no issuer row at ex-date; tier 3 needs first-party amount corroboration, issuer announced ex-date, prior-period amount"
rIP-2026-08-14-1,rIP,IP,2026-08-14,0.4625000000000000,UNRESOLVED,UNRESOLVED,,,,,,,,"no issuer row at ex-date; tier 3 needs first-party amount corroboration, issuer announced ex-date, prior-period amount"
rIVZ-2026-08-14-1,rIVZ,IVZ,2026-08-14,0.2150000000000000,UNRESOLVED,UNRESOLVED,,,,,,,,"no issuer row at ex-date; tier 3 needs first-party amount corroboration, issuer announced ex-date, prior-period amount"
rITT-2026-09-08-1,rITT,ITT,2026-09-08,0.3860000000000000,UNRESOLVED,UNRESOLVED,,,,,,,,"no issuer row at ex-date; tier 3 needs first-party amount corroboration, issuer announced ex-date, prior-period amount"
rINSW-2026-09-10-1,rINSW,INSW,2026-09-10,5.0500000000000000,UNRESOLVED,UNRESOLVED,,,,,,,,"no issuer row at ex-date; tier 3 needs first-party amount corroboration, issuer announced ex-date, prior-period amount"
rIRDM-2026-09-15-1,rIRDM,IRDM,2026-09-15,0.1500000000000000,UNRESOLVED,UNRESOLVED,,,,,,,,"no issuer row at ex-date; tier 3 needs first-party amount corroboration, issuer announced ex-date, prior-period amount"
rIRM-2026-09-15-1,rIRM,IRM,2026-09-15,0.8640000000000000,UNRESOLVED,UNRESOLVED,,,,,,,,"no issuer row at ex-date; tier 3 needs first-party amount corroboration, issuer announced ex-date, prior-period amount"
rITA-2026-09-15-1,rITA,ITA,2026-09-15,0.2505200000000000,UNRESOLVED,UNRESOLVED,,,,,,,,"no issuer row at ex-date; tier 3 needs first-party amount corroboration, issuer announced ex-date, prior-period amount"
rITOT-2026-09-15-1,rITOT,ITOT,2026-09-15,0.4526690000000000,UNRESOLVED,UNRESOLVED,,,,,,,,"no issuer row at ex-date; tier 3 needs first-party amount corroboration, issuer announced ex-date, prior-period amount"
rIVV-2026-09-15-1,rIVV,IVV,2026-09-15,2.2026070000000000,UNRESOLVED,UNRESOLVED,,,,,,,,"no issuer row at ex-date; tier 3 needs first-party amount corroboration, issuer announced ex-date, prior-period amount"
rIWF-2026-09-15-1,rIWF,IWF,2026-09-15,0.1089350000000000,UNRESOLVED,UNRESOLVED,,,,,,,,"no issuer row at ex-date; tier 3 needs first-party amount corroboration, issuer announced ex-date, prior-period amount"
rIWM-2026-09-15-1,rIWM,IWM,2026-09-15,0.7504360000000000,UNRESOLVED,UNRESOLVED,,,,,,,,"no issuer row at ex-date; tier 3 needs first-party amount corroboration, issuer announced ex-date, prior-period amount"
rINVH-2026-09-24-1,rINVH,INVH,2026-09-24,0.3000000000000000,UNRESOLVED,UNRESOLVED,,,,,,,,"no issuer row at ex-date; tier 3 needs first-party amount corroboration, issuer announced ex-date, prior-period amount"
rITW-2026-09-30-1,rITW,ITW,2026-09-30,1.7200000000000000,UNRESOLVED,UNRESOLVED,,,,,,,,"no issuer row at ex-date; tier 3 needs first-party amount corroboration, issuer announced ex-date, prior-period amount"
rINTU-2026-10-08-1,rINTU,INTU,2026-10-08,1.3800000000000000,UNRESOLVED,GROSS,2,1.38,,,,1.2 ex 2026-07-09,nasdaq_declared: 1.38 ex 2026-10-08 declared 08/20/2026 (third-party),tier 2
rJEPI-2026-06-01-1,rJEPI,JEPI,2026-06-01,0.3892100000000000,UNRESOLVED,UNRESOLVED,,,,,,,,"no issuer row at ex-date; tier 3 needs first-party amount corroboration, issuer announced ex-date, prior-period amount"
rJEPQ-2026-06-01-1,rJEPQ,JEPQ,2026-06-01,0.5644400000000000,UNRESOLVED,UNRESOLVED,,,,,,,,"no issuer row at ex-date; tier 3 needs first-party amount corroboration, issuer announced ex-date, prior-period amount"
rJKHY-2026-06-01-1,rJKHY,JKHY,2026-06-01,0.6100000000000000,UNRESOLVED,UNRESOLVED,,,,,,,,"no issuer row at ex-date; tier 3 needs first-party amount corroboration, issuer announced ex-date, prior-period amount"
rJXN-2026-06-11-1,rJXN,JXN,2026-06-11,0.9000000000000000,UNRESOLVED,UNRESOLVED,,,,,,,,"no issuer row at ex-date; tier 3 needs first-party amount corroboration, issuer announced ex-date, prior-period amount"
rJAN-2026-06-12-1,rJAN,JAN,2026-06-12,0.1599000000000000,UNRESOLVED,UNRESOLVED,,,,,,,,"no issuer row at ex-date; tier 3 needs first-party amount corroboration, issuer announced ex-date, prior-period amount"
rIWN-2026-06-15-1,rIWN,IWN,2026-06-15,0.7850410000000000,UNRESOLVED,UNRESOLVED,,,,,,,,"no issuer row at ex-date; tier 3 needs first-party amount corroboration, issuer announced ex-date, prior-period amount"
rJCI-2026-06-15-1,rJCI,JCI,2026-06-15,0.4000000000000000,UNRESOLVED,UNRESOLVED,,,,,,,,"no issuer row at ex-date; tier 3 needs first-party amount corroboration, issuer announced ex-date, prior-period amount"
rJAAA-2026-06-30-1,rJAAA,JAAA,2026-06-30,0.2003510000000000,UNRESOLVED,UNRESOLVED,,,,,,,,"no issuer row at ex-date; tier 3 needs first-party amount corroboration, issuer announced ex-date, prior-period amount"
rJEPI-2026-07-01-1,rJEPI,JEPI,2026-07-01,0.3871600000000000,UNRESOLVED,UNRESOLVED,,,,,,,,"no issuer row at ex-date; tier 3 needs first-party amount corroboration, issuer announced ex-date, prior-period amount"
rJEPQ-2026-07-01-1,rJEPQ,JEPQ,2026-07-01,0.6365800000000000,UNRESOLVED,UNRESOLVED,,,,,,,,"no issuer row at ex-date; tier 3 needs first-party amount corroboration, issuer announced ex-date, prior-period amount"
rJPM-2026-07-06-1,rJPM,JPM,2026-07-06,1.5000000000000000,UNRESOLVED,UNRESOLVED,,,,,,,,"no issuer row at ex-date; tier 3 needs first-party amount corroboration, issuer announced ex-date, prior-period amount"
rJAN-2026-07-17-1,rJAN,JAN,2026-07-17,0.0475000000000000,UNRESOLVED,UNRESOLVED,,,,,,,,"no issuer row at ex-date; tier 3 needs first-party amount corroboration, issuer announced ex-date, prior-period amount"
rJAAA-2026-07-31-1,rJAAA,JAAA,2026-07-31,0.1993660000000000,UNRESOLVED,UNRESOLVED,,,,,,,,"no issuer row at ex-date; tier 3 needs first-party amount corroboration, issuer announced ex-date, prior-period amount"
rJEPI-2026-08-03-1,rJEPI,JEPI,2026-08-03,0.3666400000000000,UNRESOLVED,UNRESOLVED,,,,,,,,"no issuer row at ex-date; tier 3 needs first-party amount corroboration, issuer announced ex-date, prior-period amount"
rJEPQ-2026-08-03-1,rJEPQ,JEPQ,2026-08-03,0.7049700000000000,UNRESOLVED,UNRESOLVED,,,,,,,,"no issuer row at ex-date; tier 3 needs first-party amount corroboration, issuer announced ex-date, prior-period amount"
rKB-2026-08-06-1,rKB,KB,2026-08-06,0.8114089900000000,UNRESOLVED,UNRESOLVED,,,,,,,,"no issuer row at ex-date; tier 3 needs first-party amount corroboration, issuer announced ex-date, prior-period amount"
rJBHT-2026-08-07-1,rJBHT,JBHT,2026-08-07,0.4500000000000000,UNRESOLVED,UNRESOLVED,,,,,,,,"no issuer row at ex-date; tier 3 needs first-party amount corroboration, issuer announced ex-date, prior-period amount"
rJAN-2026-08-14-1,rJAN,JAN,2026-08-14,0.0475000000000000,UNRESOLVED,UNRESOLVED,,,,,,,,"no issuer row at ex-date; tier 3 needs first-party amount corroboration, issuer announced ex-date, prior-period amount"
rJBL-2026-08-14-1,rJBL,JBL,2026-08-14,0.0800000000000000,UNRESOLVED,UNRESOLVED,,,,,,,,"no issuer row at ex-date; tier 3 needs first-party amount corroboration, issuer announced ex-date, prior-period amount"
rJBTM-2026-08-17-1,rJBTM,JBTM,2026-08-17,0.1000000000000000,UNRESOLVED,UNRESOLVED,,,,,,,,"no issuer row at ex-date; tier 3 needs first-party amount corroboration, issuer announced ex-date, prior-period amount"
rJEF-2026-08-18-1,rJEF,JEF,2026-08-18,0.4000000000000000,UNRESOLVED,UNRESOLVED,,,,,,,,"no issuer row at ex-date; tier 3 needs first-party amount corroboration, issuer announced ex-date, prior-period amount"
rJ-2026-08-21-1,rJ,J,2026-08-21,0.3600000000000000,UNRESOLVED,UNRESOLVED,,,,,,,,"no issuer row at ex-date; tier 3 needs first-party amount corroboration, issuer announced ex-date, prior-period amount"
rJNJ-2026-08-25-1,rJNJ,JNJ,2026-08-25,1.3400000000000000,UNRESOLVED,UNRESOLVED,,,,,,,,"no issuer row at ex-date; tier 3 needs first-party amount corroboration, issuer announced ex-date, prior-period amount"
rJAAA-2026-08-31-1,rJAAA,JAAA,2026-08-31,0.2076660000000000,UNRESOLVED,UNRESOLVED,,,,,,,,"no issuer row at ex-date; tier 3 needs first-party amount corroboration, issuer announced ex-date, prior-period amount"
rJEPI-2026-09-01-1,rJEPI,JEPI,2026-09-01,0.3714200000000000,UNRESOLVED,UNRESOLVED,,,,,,,,"no issuer row at ex-date; tier 3 needs first-party amount corroboration, issuer announced ex-date, prior-period amount"
rJEPQ-2026-09-01-1,rJEPQ,JEPQ,2026-09-01,0.6825500000000000,UNRESOLVED,UNRESOLVED,,,,,,,,"no issuer row at ex-date; tier 3 needs first-party amount corroboration, issuer announced ex-date, prior-period amount"
rJKHY-2026-09-04-1,rJKHY,JKHY,2026-09-04,0.6100000000000000,UNRESOLVED,UNRESOLVED,,,,,,,,"no issuer row at ex-date; tier 3 needs first-party amount corroboration, issuer announced ex-date, prior-period amount"
rJAN-2026-09-11-1,rJAN,JAN,2026-09-11,0.0475000000000000,UNRESOLVED,UNRESOLVED,,,,,,,,"no issuer row at ex-date; tier 3 needs first-party amount corroboration, issuer announced ex-date, prior-period amount"
rIWN-2026-09-15-1,rIWN,IWN,2026-09-15,0.8845560000000000,UNRESOLVED,UNRESOLVED,,,,,,,,"no issuer row at ex-date; tier 3 needs first-party amount corroboration, issuer announced ex-date, prior-period amount"
rJXN-2026-09-15-1,rJXN,JXN,2026-09-15,0.9000000000000000,UNRESOLVED,UNRESOLVED,,,,,,,,"no issuer row at ex-date; tier 3 needs first-party amount corroboration, issuer announced ex-date, prior-period amount"
rJCI-2026-09-21-1,rJCI,JCI,2026-09-21,0.4000000000000000,UNRESOLVED,UNRESOLVED,,,,,,,,"no issuer row at ex-date; tier 3 needs first-party amount corroboration, issuer announced ex-date, prior-period amount"
rJPM-2026-10-06-1,rJPM,JPM,2026-10-06,1.6500000000000000,UNRESOLVED,UNRESOLVED,,,,,,,,"no issuer row at ex-date; tier 3 needs first-party amount corroboration, issuer announced ex-date, prior-period amount"
rJAN-2026-10-16-1,rJAN,JAN,2026-10-16,0.0475000000000000,UNRESOLVED,UNRESOLVED,,,,,,,,"no issuer row at ex-date; tier 3 needs first-party amount corroboration, issuer announced ex-date, prior-period amount"
rJAN-2026-11-12-1,rJAN,JAN,2026-11-12,0.0475000000000000,UNRESOLVED,UNRESOLVED,,,,,,,,"no issuer row at ex-date; tier 3 needs first-party amount corroboration, issuer announced ex-date, prior-period amount"
rJAN-2026-12-18-1,rJAN,JAN,2026-12-18,0.0475000000000000,UNRESOLVED,UNRESOLVED,,,,,,,,"no issuer row at ex-date; tier 3 needs first-party amount corroboration, issuer announced ex-date, prior-period amount"
rKEY-2026-06-02-1,rKEY,KEY,2026-06-02,0.2050000000000000,UNRESOLVED,UNRESOLVED,,,,,,,,"no issuer row at ex-date; tier 3 needs first-party amount corroboration, issuer announced ex-date, prior-period amount"
rKHC-2026-06-05-1,rKHC,KHC,2026-06-05,0.4000000000000000,UNRESOLVED,UNRESOLVED,,,,,,,,"no issuer row at ex-date; tier 3 needs first-party amount corroboration, issuer announced ex-date, prior-period amount"
rKIM-2026-06-05-1,rKIM,KIM,2026-06-05,0.2600000000000000,UNRESOLVED,UNRESOLVED,,,,,,,,"no issuer row at ex-date; tier 3 needs first-party amount corroboration, issuer announced ex-date, prior-period amount"
rKMB-2026-06-05-1,rKMB,KMB,2026-06-05,1.2800000000000000,UNRESOLVED,UNRESOLVED,,,,,,,,"no issuer row at ex-date; tier 3 needs first-party amount corroboration, issuer announced ex-date, prior-period amount"
rKNX-2026-06-08-1,rKNX,KNX,2026-06-08,0.2000000000000000,UNRESOLVED,UNRESOLVED,,,,,,,,"no issuer row at ex-date; tier 3 needs first-party amount corroboration, issuer announced ex-date, prior-period amount"
rKLAC-2026-06-12-1,rKLAC,KLAC,2026-06-12,,UNRESOLVED,UNRESOLVED,,,,,,,,not a cash dividend
rKBR-2026-06-15-1,rKBR,KBR,2026-06-15,0.1650000000000000,UNRESOLVED,UNRESOLVED,,,,,,,,"no issuer row at ex-date; tier 3 needs first-party amount corroboration, issuer announced ex-date, prior-period amount"
rKO-2026-06-15-1,rKO,KO,2026-06-15,0.5300000000000000,GROSS,GROSS,1,,,,,,bitget_notice_2026_07_24: amount and ex-date match; 30% withholding DOCUMENTED,tier 1: 2026-07-24 notice match (builder rule)
rKLIC-2026-06-18-1,rKLIC,KLIC,2026-06-18,0.2050000000000000,UNRESOLVED,UNRESOLVED,,,,,,,,"no issuer row at ex-date; tier 3 needs first-party amount corroboration, issuer announced ex-date, prior-period amount"
rKDP-2026-06-26-1,rKDP,KDP,2026-06-26,0.2300000000000000,UNRESOLVED,UNRESOLVED,,,,,,,,"no issuer row at ex-date; tier 3 needs first-party amount corroboration, issuer announced ex-date, prior-period amount"
rKOF-2026-07-13-1,rKOF,KOF,2026-07-13,0.9972820000000000,UNRESOLVED,UNRESOLVED,,,,,,,,"no issuer row at ex-date; tier 3 needs first-party amount corroboration, issuer announced ex-date, prior-period amount"
rKNTK-2026-07-24-1,rKNTK,KNTK,2026-07-24,0.8100000000000000,UNRESOLVED,UNRESOLVED,,,,,,,,"no issuer row at ex-date; tier 3 needs first-party amount corroboration, issuer announced ex-date, prior-period amount"
rKMI-2026-08-03-1,rKMI,KMI,2026-08-03,0.2975000000000000,UNRESOLVED,UNRESOLVED,,,,,,,,"no issuer row at ex-date; tier 3 needs first-party amount corroboration, issuer announced ex-date, prior-period amount"
rKKR-2026-08-10-1,rKKR,KKR,2026-08-10,0.1950000000000000,UNRESOLVED,UNRESOLVED,,,,,,,,"no issuer row at ex-date; tier 3 needs first-party amount corroboration, issuer announced ex-date, prior-period amount"
rKR-2026-08-14-1,rKR,KR,2026-08-14,0.3900000000000000,UNRESOLVED,UNRESOLVED,,,,,,,,"no issuer row at ex-date; tier 3 needs first-party amount corroboration, issuer announced ex-date, prior-period amount"
rKGS-2026-08-17-1,rKGS,KGS,2026-08-17,0.4900000000000000,UNRESOLVED,UNRESOLVED,,,,,,,,"no issuer row at ex-date; tier 3 needs first-party amount corroboration, issuer announced ex-date, prior-period amount"
rKLAC-2026-08-17-1,rKLAC,KLAC,2026-08-17,0.2300000000000000,UNRESOLVED,UNRESOLVED,,,,,,,,"no issuer row at ex-date; tier 3 needs first-party amount corroboration, issuer announced ex-date, prior-period amount"
rKGC-2026-08-20-1,rKGC,KGC,2026-08-20,0.0400000000000000,UNRESOLVED,UNRESOLVED,,,,,,,,"no issuer row at ex-date; tier 3 needs first-party amount corroboration, issuer announced ex-date, prior-period amount"
rKNSL-2026-08-28-1,rKNSL,KNSL,2026-08-28,0.2500000000000000,UNRESOLVED,UNRESOLVED,,,,,,,,"no issuer row at ex-date; tier 3 needs first-party amount corroboration, issuer announced ex-date, prior-period amount"
rKEY-2026-09-01-1,rKEY,KEY,2026-09-01,0.2050000000000000,UNRESOLVED,UNRESOLVED,,,,,,,,"no issuer row at ex-date; tier 3 needs first-party amount corroboration, issuer announced ex-date, prior-period amount"
rKHC-2026-09-04-1,rKHC,KHC,2026-09-04,0.4000000000000000,UNRESOLVED,UNRESOLVED,,,,,,,,"no issuer row at ex-date; tier 3 needs first-party amount corroboration, issuer announced ex-date, prior-period amount"
rKIM-2026-09-04-1,rKIM,KIM,2026-09-04,0.2800000000000000,UNRESOLVED,UNRESOLVED,,,,,,,,"no issuer row at ex-date; tier 3 needs first-party amount corroboration, issuer announced ex-date, prior-period amount"
rKMB-2026-09-04-1,rKMB,KMB,2026-09-04,1.2800000000000000,UNRESOLVED,UNRESOLVED,,,,,,,,"no issuer row at ex-date; tier 3 needs first-party amount corroboration, issuer announced ex-date, prior-period amount"
rKNX-2026-09-04-1,rKNX,KNX,2026-09-04,0.2000000000000000,UNRESOLVED,UNRESOLVED,,,,,,,,"no issuer row at ex-date; tier 3 needs first-party amount corroboration, issuer announced ex-date, prior-period amount"
rKBR-2026-09-15-1,rKBR,KBR,2026-09-15,0.1650000000000000,UNRESOLVED,UNRESOLVED,,,,,,,,"no issuer row at ex-date; tier 3 needs first-party amount corroboration, issuer announced ex-date, prior-period amount"
rKO-2026-09-15-1,rKO,KO,2026-09-15,0.5300000000000000,UNRESOLVED,GROSS,2,,0.53,,,0.53 ex 2026-06-15,yahoo_realised: 0.53 ex 2026-09-15 (third-party),tier 2
rKLIC-2026-09-17-1,rKLIC,KLIC,2026-09-17,0.2050000000000000,UNRESOLVED,UNRESOLVED,,,,,,,,"no issuer row at ex-date; tier 3 needs first-party amount corroboration, issuer announced ex-date, prior-period amount"
rLB-2026-06-04-1,rLB,LB,2026-06-04,0.1200000000000000,UNRESOLVED,UNRESOLVED,,,,,,,,"no issuer row at ex-date; tier 3 needs first-party amount corroboration, issuer announced ex-date, prior-period amount"
rKTB-2026-06-08-1,rKTB,KTB,2026-06-08,0.5300000000000000,UNRESOLVED,UNRESOLVED,,,,,,,,"no issuer row at ex-date; tier 3 needs first-party amount corroboration, issuer announced ex-date, prior-period amount"
rKSS-2026-06-10-1,rKSS,KSS,2026-06-10,0.1250000000000000,UNRESOLVED,UNRESOLVED,,,,,,,,"no issuer row at ex-date; tier 3 needs first-party amount corroboration, issuer announced ex-date, prior-period amount"
rKSPI-2026-06-12-1,rKSPI,KSPI,2026-06-12,1.7977500000000000,UNRESOLVED,UNRESOLVED,,,,,,,,"no issuer row at ex-date; tier 3 needs first-party amount corroboration, issuer announced ex-date, prior-period amount"
rLDOS-2026-06-15-1,rLDOS,LDOS,2026-06-15,0.4300000000000000,UNRESOLVED,UNRESOLVED,,,,,,,,"no issuer row at ex-date; tier 3 needs first-party amount corroboration, issuer announced ex-date, prior-period amount"
rLAMR-2026-06-16-1,rLAMR,LAMR,2026-06-16,1.6000000000000000,UNRESOLVED,UNRESOLVED,,,,,,,,"no issuer row at ex-date; tier 3 needs first-party amount corroboration, issuer announced ex-date, prior-period amount"
rLABD-2026-06-23-1,rLABD,LABD,2026-06-23,0.0752300000000000,GROSS,GROSS,1,,,,,,bitget_notice_2026_07_24: amount and ex-date match; 30% withholding DOCUMENTED,tier 1: 2026-07-24 notice match (builder rule)
rKRC-2026-06-30-1,rKRC,KRC,2026-06-30,0.5400000000000000,UNRESOLVED,UNRESOLVED,,,,,,,,"no issuer row at ex-date; tier 3 needs first-party amount corroboration, issuer announced ex-date, prior-period amount"
rKRG-2026-07-09-1,rKRG,KRG,2026-07-09,0.2900000000000000,UNRESOLVED,UNRESOLVED,,,,,,,,"no issuer row at ex-date; tier 3 needs first-party amount corroboration, issuer announced ex-date, prior-period amount"
rKT-2026-07-29-1,rKT,KT,2026-07-29,0.1733960100000000,UNRESOLVED,UNRESOLVED,,,,,,,,"no issuer row at ex-date; tier 3 needs first-party amount corroboration, issuer announced ex-date, prior-period amount"
rLAD-2026-08-07-1,rLAD,LAD,2026-08-07,0.7000000000000000,UNRESOLVED,UNRESOLVED,,,,,,,,"no issuer row at ex-date; tier 3 needs first-party amount corroboration, issuer announced ex-date, prior-period amount"
rKVUE-2026-08-12-1,rKVUE,KVUE,2026-08-12,0.2100000000000000,UNRESOLVED,UNRESOLVED,,,,,,,,"no issuer row at ex-date; tier 3 needs first-party amount corroboration, issuer announced ex-date, prior-period amount"
rL-2026-08-19-1,rL,L,2026-08-19,0.0625000000000000,UNRESOLVED,UNRESOLVED,,,,,,,,"no issuer row at ex-date; tier 3 needs first-party amount corroboration, issuer announced ex-date, prior-period amount"
rLB-2026-08-27-1,rLB,LB,2026-08-27,0.1200000000000000,UNRESOLVED,UNRESOLVED,,,,,,,,"no issuer row at ex-date; tier 3 needs first-party amount corroboration, issuer announced ex-date, prior-period amount"
rKTB-2026-09-08-1,rKTB,KTB,2026-09-08,0.5300000000000000,UNRESOLVED,UNRESOLVED,,,,,,,,"no issuer row at ex-date; tier 3 needs first-party amount corroboration, issuer announced ex-date, prior-period amount"
rKSS-2026-09-09-1,rKSS,KSS,2026-09-09,0.1250000000000000,UNRESOLVED,UNRESOLVED,,,,,,,,"no issuer row at ex-date; tier 3 needs first-party amount corroboration, issuer announced ex-date, prior-period amount"
rKSPI-2026-09-10-1,rKSPI,KSPI,2026-09-10,2.0990000000000000,UNRESOLVED,UNRESOLVED,,,,,,,,"no issuer row at ex-date; tier 3 needs first-party amount corroboration, issuer announced ex-date, prior-period amount"
rLDOS-2026-09-15-1,rLDOS,LDOS,2026-09-15,0.4300000000000000,UNRESOLVED,UNRESOLVED,,,,,,,,"no issuer row at ex-date; tier 3 needs first-party amount corroboration, issuer announced ex-date, prior-period amount"
rKVUE-2026-09-21-1,rKVUE,KVUE,2026-09-21,0.2100000000000000,UNRESOLVED,UNRESOLVED,,,,,,,,"no issuer row at ex-date; tier 3 needs first-party amount corroboration, issuer announced ex-date, prior-period amount"
rLAMR-2026-09-21-1,rLAMR,LAMR,2026-09-21,1.6500000000000000,UNRESOLVED,UNRESOLVED,,,,,,,,"no issuer row at ex-date; tier 3 needs first-party amount corroboration, issuer announced ex-date, prior-period amount"
rKRC-2026-09-30-1,rKRC,KRC,2026-09-30,0.5400000000000000,UNRESOLVED,UNRESOLVED,,,,,,,,"no issuer row at ex-date; tier 3 needs first-party amount corroboration, issuer announced ex-date, prior-period amount"
rKRG-2026-10-09-1,rKRG,KRG,2026-10-09,0.2900000000000000,UNRESOLVED,UNRESOLVED,,,,,,,,"no issuer row at ex-date; tier 3 needs first-party amount corroboration, issuer announced ex-date, prior-period amount"
rLMT-2026-06-01-1,rLMT,LMT,2026-06-01,3.4500000000000000,UNRESOLVED,UNRESOLVED,,,,,,,,"no issuer row at ex-date; tier 3 needs first-party amount corroboration, issuer announced ex-date, prior-period amount"
rLEA-2026-06-03-1,rLEA,LEA,2026-06-03,0.7700000000000000,UNRESOLVED,UNRESOLVED,,,,,,,,"no issuer row at ex-date; tier 3 needs first-party amount corroboration, issuer announced ex-date, prior-period amount"
rLIN-2026-06-04-1,rLIN,LIN,2026-06-04,1.6000000000000000,UNRESOLVED,UNRESOLVED,,,,,,,,"no issuer row at ex-date; tier 3 needs first-party amount corroboration, issuer announced ex-date, prior-period amount"
rLHX-2026-06-05-1,rLHX,LHX,2026-06-05,1.2500000000000000,UNRESOLVED,UNRESOLVED,,,,,,,,"no issuer row at ex-date; tier 3 needs first-party amount corroboration, issuer announced ex-date, prior-period amount"
rLIT-2026-06-29-1,rLIT,LIT,2026-06-29,0.3248620000000000,GROSS,GROSS,1,,,,,,bitget_notice_2026_07_24: amount and ex-date match; 30% withholding DOCUMENTED,tier 1: 2026-07-24 notice match (builder rule)
rLECO-2026-06-30-1,rLECO,LECO,2026-06-30,0.7900000000000000,UNRESOLVED,UNRESOLVED,,,,,,,,"no issuer row at ex-date; tier 3 needs first-party amount corroboration, issuer announced ex-date, prior-period amount"
rLII-2026-06-30-1,rLII,LII,2026-06-30,1.3600000000000000,UNRESOLVED,UNRESOLVED,,,,,,,,"no issuer row at ex-date; tier 3 needs first-party amount corroboration, issuer announced ex-date, prior-period amount"
rLEN-2026-07-10-1,rLEN,LEN,2026-07-10,0.5000000000000000,UNRESOLVED,UNRESOLVED,,,,,,,,"no issuer row at ex-date; tier 3 needs first-party amount corroboration, issuer announced ex-date, prior-period amount"
rLNC-2026-07-10-1,rLNC,LNC,2026-07-10,0.4500000000000000,UNRESOLVED,UNRESOLVED,,,,,,,,"no issuer row at ex-date; tier 3 needs first-party amount corroboration, issuer announced ex-date, prior-period amount"
rLEVI-2026-07-22-1,rLEVI,LEVI,2026-07-22,0.1600000000000000,UNRESOLVED,UNRESOLVED,,,,,,,,"no issuer row at ex-date; tier 3 needs first-party amount corroboration, issuer announced ex-date, prior-period amount"
rLNG-2026-08-10-1,rLNG,LNG,2026-08-10,0.5550000000000000,UNRESOLVED,UNRESOLVED,,,,,,,,"no issuer row at ex-date; tier 3 needs first-party amount corroboration, issuer announced ex-date, prior-period amount"
rLLY-2026-08-14-1,rLLY,LLY,2026-08-14,1.7300000000000000,UNRESOLVED,UNRESOLVED,,,,,,,,"no issuer row at ex-date; tier 3 needs first-party amount corroboration, issuer announced ex-date, prior-period amount"
rLFUS-2026-08-20-1,rLFUS,LFUS,2026-08-20,0.8000000000000000,UNRESOLVED,UNRESOLVED,,,,,,,,"no issuer row at ex-date; tier 3 needs first-party amount corroboration, issuer announced ex-date, prior-period amount"
rLKQ-2026-08-20-1,rLKQ,LKQ,2026-08-20,0.3000000000000000,UNRESOLVED,UNRESOLVED,,,,,,,,"no issuer row at ex-date; tier 3 needs first-party amount corroboration, issuer announced ex-date, prior-period amount"
rLH-2026-08-28-1,rLH,LH,2026-08-28,0.7200000000000000,UNRESOLVED,UNRESOLVED,,,,,,,,"no issuer row at ex-date; tier 3 needs first-party amount corroboration, issuer announced ex-date, prior-period amount"
rLMT-2026-09-01-1,rLMT,LMT,2026-09-01,3.4500000000000000,UNRESOLVED,UNRESOLVED,,,,,,,,"no issuer row at ex-date; tier 3 needs first-party amount corroboration, issuer announced ex-date, prior-period amount"
rLEA-2026-09-02-1,rLEA,LEA,2026-09-02,0.7700000000000000,UNRESOLVED,UNRESOLVED,,,,,,,,"no issuer row at ex-date; tier 3 needs first-party amount corroboration, issuer announced ex-date, prior-period amount"
rLIN-2026-09-03-1,rLIN,LIN,2026-09-03,1.6000000000000000,UNRESOLVED,UNRESOLVED,,,,,,,,"no issuer row at ex-date; tier 3 needs first-party amount corroboration, issuer announced ex-date, prior-period amount"
rLHX-2026-09-04-1,rLHX,LHX,2026-09-04,1.2500000000000000,UNRESOLVED,UNRESOLVED,,,,,,,,"no issuer row at ex-date; tier 3 needs first-party amount corroboration, issuer announced ex-date, prior-period amount"
rLECO-2026-09-30-1,rLECO,LECO,2026-09-30,0.7900000000000000,UNRESOLVED,UNRESOLVED,,,,,,,,"no issuer row at ex-date; tier 3 needs first-party amount corroboration, issuer announced ex-date, prior-period amount"
rLNC-2026-10-09-1,rLNC,LNC,2026-10-09,0.4500000000000000,UNRESOLVED,UNRESOLVED,,,,,,,,"no issuer row at ex-date; tier 3 needs first-party amount corroboration, issuer announced ex-date, prior-period amount"
rLYB-2026-06-01-1,rLYB,LYB,2026-06-01,0.6900000000000000,UNRESOLVED,UNRESOLVED,,,,,,,,"no issuer row at ex-date; tier 3 needs first-party amount corroboration, issuer announced ex-date, prior-period amount"
rLUV-2026-06-11-1,rLUV,LUV,2026-06-11,0.1800000000000000,UNRESOLVED,UNRESOLVED,,,,,,,,"no issuer row at ex-date; tier 3 needs first-party amount corroboration, issuer announced ex-date, prior-period amount"
rLRCX-2026-06-17-1,rLRCX,LRCX,2026-06-17,0.2600000000000000,GROSS,GROSS,1,,,,,,bitget_notice_2026_07_24: amount and ex-date match; 30% withholding DOCUMENTED,tier 1: 2026-07-24 notice match (builder rule)
rLOW-2026-07-22-1,rLOW,LOW,2026-07-22,1.2500000000000000,UNRESOLVED,UNRESOLVED,,,,,,,,"no issuer row at ex-date; tier 3 needs first-party amount corroboration, issuer announced ex-date, prior-period amount"
rLNT-2026-07-31-1,rLNT,LNT,2026-07-31,0.5350000000000000,UNRESOLVED,UNRESOLVED,,,,,,,,"no issuer row at ex-date; tier 3 needs first-party amount corroboration, issuer announced ex-date, prior-period amount"
rLVS-2026-08-04-1,rLVS,LVS,2026-08-04,0.3000000000000000,UNRESOLVED,UNRESOLVED,,,,,,,,"no issuer row at ex-date; tier 3 needs first-party amount corroboration, issuer announced ex-date, prior-period amount"
rLW-2026-08-07-1,rLW,LW,2026-08-07,0.3800000000000000,UNRESOLVED,UNRESOLVED,,,,,,,,"no issuer row at ex-date; tier 3 needs first-party amount corroboration, issuer announced ex-date, prior-period amount"
rLPLA-2026-08-14-1,rLPLA,LPLA,2026-08-14,0.3000000000000000,UNRESOLVED,UNRESOLVED,,,,,,,,"no issuer row at ex-date; tier 3 needs first-party amount corroboration, issuer announced ex-date, prior-period amount"
rLPX-2026-08-14-1,rLPX,LPX,2026-08-14,0.3000000000000000,UNRESOLVED,UNRESOLVED,,,,,,,,"no issuer row at ex-date; tier 3 needs first-party amount corroboration, issuer announced ex-date, prior-period amount"
rLSTR-2026-08-18-1,rLSTR,LSTR,2026-08-18,0.4400000000000000,UNRESOLVED,UNRESOLVED,,,,,,,,"no issuer row at ex-date; tier 3 needs first-party amount corroboration, issuer announced ex-date, prior-period amount"
rLYB-2026-08-24-1,rLYB,LYB,2026-08-24,0.6900000000000000,UNRESOLVED,UNRESOLVED,,,,,,,,"no issuer row at ex-date; tier 3 needs first-party amount corroboration, issuer announced ex-date, prior-period amount"
rLUV-2026-09-03-1,rLUV,LUV,2026-09-03,0.1800000000000000,UNRESOLVED,UNRESOLVED,,,,,,,,"no issuer row at ex-date; tier 3 needs first-party amount corroboration, issuer announced ex-date, prior-period amount"
rLOGI-2026-09-21-1,rLOGI,LOGI,2026-09-21,1.0985468000000000,UNRESOLVED,UNRESOLVED,,,,,,,,"no issuer row at ex-date; tier 3 needs first-party amount corroboration, issuer announced ex-date, prior-period amount"
rLOGI-2026-09-22-1,rLOGI,LOGI,2026-09-22,1.3600000000000000,UNRESOLVED,UNRESOLVED,,,,,,,,"no issuer row at ex-date; tier 3 needs first-party amount corroboration, issuer announced ex-date, prior-period amount"
rLRCX-2026-09-23-1,rLRCX,LRCX,2026-09-23,0.3300000000000000,UNRESOLVED,GROSS,2,0.33,,,,0.26 ex 2026-06-17,nasdaq_declared: 0.33 ex 2026-09-23 declared 08/26/2026 (third-party),tier 2
rLOW-2026-10-21-1,rLOW,LOW,2026-10-21,1.2500000000000000,UNRESOLVED,UNRESOLVED,,,,,,,,"no issuer row at ex-date; tier 3 needs first-party amount corroboration, issuer announced ex-date, prior-period amount"
rMCK-2026-06-01-1,rMCK,MCK,2026-06-01,0.8200000000000000,UNRESOLVED,UNRESOLVED,,,,,,,,"no issuer row at ex-date; tier 3 needs first-party amount corroboration, issuer announced ex-date, prior-period amount"
rMCD-2026-06-02-1,rMCD,MCD,2026-06-02,1.8600000000000000,UNRESOLVED,UNRESOLVED,,,,,,,,"no issuer row at ex-date; tier 3 needs first-party amount corroboration, issuer announced ex-date, prior-period amount"
rMAIN-2026-06-08-1,rMAIN,MAIN,2026-06-08,0.2600000000000000,UNRESOLVED,UNRESOLVED,,,,,,,,"no issuer row at ex-date; tier 3 needs first-party amount corroboration, issuer announced ex-date, prior-period amount"
rMCY-2026-06-11-1,rMCY,MCY,2026-06-11,0.3175000000000000,UNRESOLVED,UNRESOLVED,,,,,,,,"no issuer row at ex-date; tier 3 needs first-party amount corroboration, issuer announced ex-date, prior-period amount"
rM-2026-06-15-1,rM,M,2026-06-15,0.1915000000000000,UNRESOLVED,UNRESOLVED,,,,,,,,"no issuer row at ex-date; tier 3 needs first-party amount corroboration, issuer announced ex-date, prior-period amount"
rMAC-2026-06-15-1,rMAC,MAC,2026-06-15,0.1700000000000000,UNRESOLVED,UNRESOLVED,,,,,,,,"no issuer row at ex-date; tier 3 needs first-party amount corroboration, issuer announced ex-date, prior-period amount"
rMAIN-2026-06-22-1,rMAIN,MAIN,2026-06-22,0.3000000000000000,UNRESOLVED,UNRESOLVED,,,,,,,,"no issuer row at ex-date; tier 3 needs first-party amount corroboration, issuer announced ex-date, prior-period amount"
rMAIN-2026-07-08-1,rMAIN,MAIN,2026-07-08,0.2650000000000000,UNRESOLVED,UNRESOLVED,,,,,,,,"no issuer row at ex-date; tier 3 needs first-party amount corroboration, issuer announced ex-date, prior-period amount"
rMA-2026-07-09-1,rMA,MA,2026-07-09,0.8700000000000000,UNRESOLVED,UNRESOLVED,,,,,,,,"no issuer row at ex-date; tier 3 needs first-party amount corroboration, issuer announced ex-date, prior-period amount"
rMAA-2026-07-15-1,rMAA,MAA,2026-07-15,1.5300000000000000,UNRESOLVED,UNRESOLVED,,,,,,,,"no issuer row at ex-date; tier 3 needs first-party amount corroboration, issuer announced ex-date, prior-period amount"
rMATX-2026-08-06-1,rMATX,MATX,2026-08-06,0.3800000000000000,UNRESOLVED,UNRESOLVED,,,,,,,,"no issuer row at ex-date; tier 3 needs first-party amount corroboration, issuer announced ex-date, prior-period amount"
rMAIN-2026-08-07-1,rMAIN,MAIN,2026-08-07,0.2650000000000000,UNRESOLVED,UNRESOLVED,,,,,,,,"no issuer row at ex-date; tier 3 needs first-party amount corroboration, issuer announced ex-date, prior-period amount"
rMC-2026-08-10-1,rMC,MC,2026-08-10,0.6500000000000000,UNRESOLVED,UNRESOLVED,,,,,,,,"no issuer row at ex-date; tier 3 needs first-party amount corroboration, issuer announced ex-date, prior-period amount"
rMCO-2026-08-14-1,rMCO,MCO,2026-08-14,1.0300000000000000,UNRESOLVED,UNRESOLVED,,,,,,,,"no issuer row at ex-date; tier 3 needs first-party amount corroboration, issuer announced ex-date, prior-period amount"
rMAR-2026-08-20-1,rMAR,MAR,2026-08-20,0.7300000000000000,UNRESOLVED,UNRESOLVED,,,,,,,,"no issuer row at ex-date; tier 3 needs first-party amount corroboration, issuer announced ex-date, prior-period amount"
rMAS-2026-08-24-1,rMAS,MAS,2026-08-24,0.3200000000000000,UNRESOLVED,UNRESOLVED,,,,,,,,"no issuer row at ex-date; tier 3 needs first-party amount corroboration, issuer announced ex-date, prior-period amount"
rMCHP-2026-08-24-1,rMCHP,MCHP,2026-08-24,0.4550000000000000,UNRESOLVED,UNRESOLVED,,,,,,,,"no issuer row at ex-date; tier 3 needs first-party amount corroboration, issuer announced ex-date, prior-period amount"
rMBGL-2026-08-27-1,rMBGL,MBGL,2026-08-27,0.0600000000000000,UNRESOLVED,UNRESOLVED,,,,,,,,"no issuer row at ex-date; tier 3 needs first-party amount corroboration, issuer announced ex-date, prior-period amount"
rMCD-2026-09-01-1,rMCD,MCD,2026-09-01,1.8600000000000000,UNRESOLVED,UNRESOLVED,,,,,,,,"no issuer row at ex-date; tier 3 needs first-party amount corroboration, issuer announced ex-date, prior-period amount"
rMCK-2026-09-01-1,rMCK,MCK,2026-09-01,0.9400000000000000,UNRESOLVED,UNRESOLVED,,,,,,,,"no issuer row at ex-date; tier 3 needs first-party amount corroboration, issuer announced ex-date, prior-period amount"
rMAIN-2026-09-08-1,rMAIN,MAIN,2026-09-08,0.2650000000000000,UNRESOLVED,UNRESOLVED,,,,,,,,"no issuer row at ex-date; tier 3 needs first-party amount corroboration, issuer announced ex-date, prior-period amount"
rMCY-2026-09-10-1,rMCY,MCY,2026-09-10,0.3175000000000000,UNRESOLVED,UNRESOLVED,,,,,,,,"no issuer row at ex-date; tier 3 needs first-party amount corroboration, issuer announced ex-date, prior-period amount"
rMAC-2026-09-14-1,rMAC,MAC,2026-09-14,0.1700000000000000,UNRESOLVED,UNRESOLVED,,,,,,,,"no issuer row at ex-date; tier 3 needs first-party amount corroboration, issuer announced ex-date, prior-period amount"
rM-2026-09-15-1,rM,M,2026-09-15,0.1915000000000000,UNRESOLVED,UNRESOLVED,,,,,,,,"no issuer row at ex-date; tier 3 needs first-party amount corroboration, issuer announced ex-date, prior-period amount"
rMAIN-2026-09-21-1,rMAIN,MAIN,2026-09-21,0.3000000000000000,UNRESOLVED,UNRESOLVED,,,,,,,,"no issuer row at ex-date; tier 3 needs first-party amount corroboration, issuer announced ex-date, prior-period amount"
rMAIN-2026-10-08-1,rMAIN,MAIN,2026-10-08,0.2650000000000000,UNRESOLVED,UNRESOLVED,,,,,,,,"no issuer row at ex-date; tier 3 needs first-party amount corroboration, issuer announced ex-date, prior-period amount"
rMAIN-2026-11-06-1,rMAIN,MAIN,2026-11-06,0.2650000000000000,UNRESOLVED,UNRESOLVED,,,,,,,,"no issuer row at ex-date; tier 3 needs first-party amount corroboration, issuer announced ex-date, prior-period amount"
rMAIN-2026-12-08-1,rMAIN,MAIN,2026-12-08,0.2650000000000000,UNRESOLVED,UNRESOLVED,,,,,,,,"no issuer row at ex-date; tier 3 needs first-party amount corroboration, issuer announced ex-date, prior-period amount"
rMLM-2026-06-01-1,rMLM,MLM,2026-06-01,0.8300000000000000,UNRESOLVED,UNRESOLVED,,,,,,,,"no issuer row at ex-date; tier 3 needs first-party amount corroboration, issuer announced ex-date, prior-period amount"
rMKSI-2026-06-03-1,rMKSI,MKSI,2026-06-03,0.2500000000000000,UNRESOLVED,UNRESOLVED,,,,,,,,"no issuer row at ex-date; tier 3 needs first-party amount corroboration, issuer announced ex-date, prior-period amount"
rMLI-2026-06-05-1,rMLI,MLI,2026-06-05,0.3500000000000000,UNRESOLVED,UNRESOLVED,,,,,,,,"no issuer row at ex-date; tier 3 needs first-party amount corroboration, issuer announced ex-date, prior-period amount"
rMDU-2026-06-11-1,rMDU,MDU,2026-06-11,0.1400000000000000,UNRESOLVED,UNRESOLVED,,,,,,,,"no issuer row at ex-date; tier 3 needs first-party amount corroboration, issuer announced ex-date, prior-period amount"
rMETA-2026-06-15-1,rMETA,META,2026-06-15,0.5250000000000000,UNRESOLVED,UNRESOLVED,,,,,,,,"no issuer row at ex-date; tier 3 needs first-party amount corroboration, issuer announced ex-date, prior-period amount"
rMDT-2026-06-26-1,rMDT,MDT,2026-06-26,0.7200000000000000,UNRESOLVED,GROSS,2,,0.72,,,0.71 ex 2026-03-27,yahoo_realised: 0.72 ex 2026-06-26 (third-party),tier 2
rMDLZ-2026-06-30-1,rMDLZ,MDLZ,2026-06-30,0.5000000000000000,UNRESOLVED,UNRESOLVED,,,,,,,,"no issuer row at ex-date; tier 3 needs first-party amount corroboration, issuer announced ex-date, prior-period amount"
rMLI-2026-07-01-1,rMLI,MLI,2026-07-01,,UNRESOLVED,UNRESOLVED,,,,,,,,not a cash dividend
rMKC-2026-07-06-1,rMKC,MKC,2026-07-06,0.4800000000000000,UNRESOLVED,UNRESOLVED,,,,,,,,"no issuer row at ex-date; tier 3 needs first-party amount corroboration, issuer announced ex-date, prior-period amount"
rMIDD-2026-07-07-1,rMIDD,MIDD,2026-07-07,,UNRESOLVED,UNRESOLVED,,,,,,,,not a cash dividend
rMET-2026-08-04-1,rMET,MET,2026-08-04,0.5925000000000000,UNRESOLVED,UNRESOLVED,,,,,,,,"no issuer row at ex-date; tier 3 needs first-party amount corroboration, issuer announced ex-date, prior-period amount"
rMGY-2026-08-10-1,rMGY,MGY,2026-08-10,0.1800000000000000,UNRESOLVED,UNRESOLVED,,,,,,,,"no issuer row at ex-date; tier 3 needs first-party amount corroboration, issuer announced ex-date, prior-period amount"
rMGA-2026-08-14-1,rMGA,MGA,2026-08-14,0.4950000000000000,UNRESOLVED,UNRESOLVED,,,,,,,,"no issuer row at ex-date; tier 3 needs first-party amount corroboration, issuer announced ex-date, prior-period amount"
rMFC-2026-08-21-1,rMFC,MFC,2026-08-21,0.3461445000000000,UNRESOLVED,UNRESOLVED,,,,,,,,"no issuer row at ex-date; tier 3 needs first-party amount corroboration, issuer announced ex-date, prior-period amount"
rMMM-2026-08-24-1,rMMM,MMM,2026-08-24,0.7800000000000000,UNRESOLVED,UNRESOLVED,,,,,,,,"no issuer row at ex-date; tier 3 needs first-party amount corroboration, issuer announced ex-date, prior-period amount"
rMKSI-2026-08-25-1,rMKSI,MKSI,2026-08-25,0.2500000000000000,UNRESOLVED,UNRESOLVED,,,,,,,,"no issuer row at ex-date; tier 3 needs first-party amount corroboration, issuer announced ex-date, prior-period amount"
rMLM-2026-09-01-1,rMLM,MLM,2026-09-01,0.8400000000000000,UNRESOLVED,UNRESOLVED,,,,,,,,"no issuer row at ex-date; tier 3 needs first-party amount corroboration, issuer announced ex-date, prior-period amount"
rMLI-2026-09-04-1,rMLI,MLI,2026-09-04,0.1750000000000000,UNRESOLVED,UNRESOLVED,,,,,,,,"no issuer row at ex-date; tier 3 needs first-party amount corroboration, issuer announced ex-date, prior-period amount"
rMDU-2026-09-10-1,rMDU,MDU,2026-09-10,0.1450000000000000,UNRESOLVED,UNRESOLVED,,,,,,,,"no issuer row at ex-date; tier 3 needs first-party amount corroboration, issuer announced ex-date, prior-period amount"
rMETA-2026-09-21-1,rMETA,META,2026-09-21,0.5250000000000000,UNRESOLVED,UNRESOLVED,,,,,,,,"no issuer row at ex-date; tier 3 needs first-party amount corroboration, issuer announced ex-date, prior-period amount"
rMDT-2026-09-25-1,rMDT,MDT,2026-09-25,0.7200000000000000,UNRESOLVED,UNRESOLVED,,,,,2026-09-25,0.72 ex 2026-06-26,yahoo_calendar: announced next ex-date 2026-09-25 (third-party); prior realised 0.72 ex 2026-06-26 equals amount (ASSUMED unchanged),no issuer row at ex-date; tier 3 needs first-party amount corroboration
rMDLZ-2026-09-30-1,rMDLZ,MDLZ,2026-09-30,0.5200000000000000,UNRESOLVED,UNRESOLVED,,,,,,,,"no issuer row at ex-date; tier 3 needs first-party amount corroboration, issuer announced ex-date, prior-period amount"
rMO-2026-06-15-1,rMO,MO,2026-06-15,1.0600000000000000,GROSS,GROSS,1,,,,,,bitget_notice_2026_07_24: amount and ex-date match; 30% withholding DOCUMENTED,tier 1: 2026-07-24 notice match (builder rule)
rMRK-2026-06-15-1,rMRK,MRK,2026-06-15,0.8500000000000000,UNRESOLVED,UNRESOLVED,,,,,,,,"no issuer row at ex-date; tier 3 needs first-party amount corroboration, issuer announced ex-date, prior-period amount"
rMSI-2026-06-17-1,rMSI,MSI,2026-06-17,1.2100000000000000,UNRESOLVED,UNRESOLVED,,,,,,,,"no issuer row at ex-date; tier 3 needs first-party amount corroboration, issuer announced ex-date, prior-period amount"
rMPWR-2026-06-30-1,rMPWR,MPWR,2026-06-30,2.0000000000000000,GROSS,GROSS,1,,,,,,bitget_notice_2026_07_24: amount and ex-date match; 30% withholding DOCUMENTED,tier 1: 2026-07-24 notice match (builder rule)
rMRP-2026-07-06-1,rMRP,MRP,2026-07-06,0.7700000000000000,UNRESOLVED,UNRESOLVED,,,,,,,,"no issuer row at ex-date; tier 3 needs first-party amount corroboration, issuer announced ex-date, prior-period amount"
rMSM-2026-07-08-1,rMSM,MSM,2026-07-08,0.8700000000000000,UNRESOLVED,UNRESOLVED,,,,,,,,"no issuer row at ex-date; tier 3 needs first-party amount corroboration, issuer announced ex-date, prior-period amount"
rMORN-2026-07-10-1,rMORN,MORN,2026-07-10,0.5000000000000000,UNRESOLVED,UNRESOLVED,,,,,,,,"no issuer row at ex-date; tier 3 needs first-party amount corroboration, issuer announced ex-date, prior-period amount"
rMRVL-2026-07-10-1,rMRVL,MRVL,2026-07-10,0.0600000000000000,UNRESOLVED,UNRESOLVED,,,,,,,,"no issuer row at ex-date; tier 3 needs first-party amount corroboration, issuer announced ex-date, prior-period amount"
rMRSH-2026-07-23-1,rMRSH,MRSH,2026-07-23,0.9900000000000000,UNRESOLVED,UNRESOLVED,,,,,,,,"no issuer row at ex-date; tier 3 needs first-party amount corroboration, issuer announced ex-date, prior-period amount"
rMS-2026-07-31-1,rMS,MS,2026-07-31,1.1500000000000000,UNRESOLVED,UNRESOLVED,,,,,,,,"no issuer row at ex-date; tier 3 needs first-party amount corroboration, issuer announced ex-date, prior-period amount"
rMPLX-2026-08-07-1,rMPLX,MPLX,2026-08-07,1.0765000000000000,UNRESOLVED,UNRESOLVED,,,,,,,,"no issuer row at ex-date; tier 3 needs first-party amount corroboration, issuer announced ex-date, prior-period amount"
rMNST-2026-08-11-1,rMNST,MNST,2026-08-11,,UNRESOLVED,UNRESOLVED,,,,,,,,not a cash dividend
rMSA-2026-08-14-1,rMSA,MSA,2026-08-14,0.5400000000000000,UNRESOLVED,UNRESOLVED,,,,,,,,"no issuer row at ex-date; tier 3 needs first-party amount corroboration, issuer announced ex-date, prior-period amount"
rMSCI-2026-08-14-1,rMSCI,MSCI,2026-08-14,2.0500000000000000,UNRESOLVED,UNRESOLVED,,,,,,,,"no issuer row at ex-date; tier 3 needs first-party amount corroboration, issuer announced ex-date, prior-period amount"
rMPC-2026-08-19-1,rMPC,MPC,2026-08-19,1.0000000000000000,UNRESOLVED,UNRESOLVED,,,,,,,,"no issuer row at ex-date; tier 3 needs first-party amount corroboration, issuer announced ex-date, prior-period amount"
rMSFT-2026-08-20-1,rMSFT,MSFT,2026-08-20,0.9100000000000000,UNRESOLVED,UNRESOLVED,,,,,,,,"no issuer row at ex-date; tier 3 needs first-party amount corroboration, issuer announced ex-date, prior-period amount"
rMRX-2026-08-24-1,rMRX,MRX,2026-08-24,0.1600000000000000,UNRESOLVED,UNRESOLVED,,,,,,,,"no issuer row at ex-date; tier 3 needs first-party amount corroboration, issuer announced ex-date, prior-period amount"
rMOS-2026-09-10-1,rMOS,MOS,2026-09-10,0.2200000000000000,UNRESOLVED,UNRESOLVED,,,,,,,,"no issuer row at ex-date; tier 3 needs first-party amount corroboration, issuer announced ex-date, prior-period amount"
rMO-2026-09-15-1,rMO,MO,2026-09-15,1.1100000000000000,UNRESOLVED,GROSS,2,,1.11,,,1.06 ex 2026-06-15,yahoo_realised: 1.11 ex 2026-09-15 (third-party),tier 2
rMRK-2026-09-15-1,rMRK,MRK,2026-09-15,0.8500000000000000,UNRESOLVED,UNRESOLVED,,,,,,,,"no issuer row at ex-date; tier 3 needs first-party amount corroboration, issuer announced ex-date, prior-period amount"
rMSI-2026-09-16-1,rMSI,MSI,2026-09-16,1.2100000000000000,UNRESOLVED,UNRESOLVED,,,,,,,,"no issuer row at ex-date; tier 3 needs first-party amount corroboration, issuer announced ex-date, prior-period amount"
rMPWR-2026-09-30-1,rMPWR,MPWR,2026-09-30,2.0000000000000000,UNRESOLVED,UNRESOLVED,,,,,2026-09-30,2.0 ex 2026-06-30,yahoo_calendar: announced next ex-date 2026-09-30 (third-party); prior realised 2.0 ex 2026-06-30 equals amount (ASSUMED unchanged),no issuer row at ex-date; tier 3 needs first-party amount corroboration
rMORN-2026-10-02-1,rMORN,MORN,2026-10-02,0.5000000000000000,UNRESOLVED,UNRESOLVED,,,,,,,,"no issuer row at ex-date; tier 3 needs first-party amount corroboration, issuer announced ex-date, prior-period amount"
rMSFT-2026-11-19-1,rMSFT,MSFT,2026-11-19,0.9800000000000000,UNRESOLVED,UNRESOLVED,,,,,,,,"no issuer row at ex-date; tier 3 needs first-party amount corroboration, issuer announced ex-date, prior-period amount"
rMTB-2026-06-01-1,rMTB,MTB,2026-06-01,1.5000000000000000,UNRESOLVED,UNRESOLVED,,,,,,,,"no issuer row at ex-date; tier 3 needs first-party amount corroboration, issuer announced ex-date, prior-period amount"
rMTH-2026-06-16-1,rMTH,MTH,2026-06-16,0.4800000000000000,UNRESOLVED,UNRESOLVED,,,,,,,,"no issuer row at ex-date; tier 3 needs first-party amount corroboration, issuer announced ex-date, prior-period amount"
rMTN-2026-06-25-1,rMTN,MTN,2026-06-25,2.2200000000000000,UNRESOLVED,UNRESOLVED,,,,,,,,"no issuer row at ex-date; tier 3 needs first-party amount corroboration, issuer announced ex-date, prior-period amount"
rMVLL-2026-06-26-1,rMVLL,MVLL,2026-06-26,,UNRESOLVED,UNRESOLVED,,,,,,,,not a cash dividend
rMU-2026-07-06-1,rMU,MU,2026-07-06,0.1500000000000000,GROSS,GROSS,1,,,,,,bitget_notice_2026_07_24: amount and ex-date match; 30% withholding DOCUMENTED,tier 1: 2026-07-24 notice match (builder rule)
rMTCH-2026-07-07-1,rMTCH,MTCH,2026-07-07,0.2000000000000000,UNRESOLVED,UNRESOLVED,,,,,,,,"no issuer row at ex-date; tier 3 needs first-party amount corroboration, issuer announced ex-date, prior-period amount"
rMTG-2026-08-05-1,rMTG,MTG,2026-08-05,0.1700000000000000,UNRESOLVED,UNRESOLVED,,,,,,,,"no issuer row at ex-date; tier 3 needs first-party amount corroboration, issuer announced ex-date, prior-period amount"
rMT-2026-08-07-1,rMT,MT,2026-08-07,0.1275000000000000,UNRESOLVED,UNRESOLVED,,,,,,,,"no issuer row at ex-date; tier 3 needs first-party amount corroboration, issuer announced ex-date, prior-period amount"
rMTDR-2026-08-10-1,rMTDR,MTDR,2026-08-10,0.3750000000000000,UNRESOLVED,UNRESOLVED,,,,,,,,"no issuer row at ex-date; tier 3 needs first-party amount corroboration, issuer announced ex-date, prior-period amount"
rMUR-2026-08-17-1,rMUR,MUR,2026-08-17,0.3500000000000000,UNRESOLVED,UNRESOLVED,,,,,,,,"no issuer row at ex-date; tier 3 needs first-party amount corroboration, issuer announced ex-date, prior-period amount"
rMTRN-2026-08-20-1,rMTRN,MTRN,2026-08-20,0.1450000000000000,UNRESOLVED,UNRESOLVED,,,,,,,,"no issuer row at ex-date; tier 3 needs first-party amount corroboration, issuer announced ex-date, prior-period amount"
rMSTU-2026-08-24-1,rMSTU,MSTU,2026-08-24,,UNRESOLVED,UNRESOLVED,,,,,,,,not a cash dividend
rMUSA-2026-08-24-1,rMUSA,MUSA,2026-08-24,0.6500000000000000,UNRESOLVED,UNRESOLVED,,,,,,,,"no issuer row at ex-date; tier 3 needs first-party amount corroboration, issuer announced ex-date, prior-period amount"
rMSTU-2026-08-25-1,rMSTU,MSTU,2026-08-25,0.2880500000000000,UNRESOLVED,UNRESOLVED,,,,,,,,"no issuer row at ex-date; tier 3 needs first-party amount corroboration, issuer announced ex-date, prior-period amount"
rMTB-2026-09-01-1,rMTB,MTB,2026-09-01,1.5000000000000000,UNRESOLVED,UNRESOLVED,,,,,,,,"no issuer row at ex-date; tier 3 needs first-party amount corroboration, issuer announced ex-date, prior-period amount"
rMTH-2026-09-15-1,rMTH,MTH,2026-09-15,0.4800000000000000,UNRESOLVED,UNRESOLVED,,,,,,,,"no issuer row at ex-date; tier 3 needs first-party amount corroboration, issuer announced ex-date, prior-period amount"
rMTCH-2026-10-05-1,rMTCH,MTCH,2026-10-05,0.2000000000000000,UNRESOLVED,UNRESOLVED,,,,,,,,"no issuer row at ex-date; tier 3 needs first-party amount corroboration, issuer announced ex-date, prior-period amount"
rMT-2026-11-13-1,rMT,MT,2026-11-13,0.1500000000000000,UNRESOLVED,UNRESOLVED,,,,,,,,"no issuer row at ex-date; tier 3 needs first-party amount corroboration, issuer announced ex-date, prior-period amount"
rNKE-2026-06-01-1,rNKE,NKE,2026-06-01,0.4100000000000000,UNRESOLVED,UNRESOLVED,,,,,,,,"no issuer row at ex-date; tier 3 needs first-party amount corroboration, issuer announced ex-date, prior-period amount"
rNNI-2026-06-01-1,rNNI,NNI,2026-06-01,0.3300000000000000,UNRESOLVED,UNRESOLVED,,,,,,,,"no issuer row at ex-date; tier 3 needs first-party amount corroboration, issuer announced ex-date, prior-period amount"
rNOC-2026-06-01-1,rNOC,NOC,2026-06-01,2.4700000000000000,UNRESOLVED,UNRESOLVED,,,,,,,,"no issuer row at ex-date; tier 3 needs first-party amount corroboration, issuer announced ex-date, prior-period amount"
rNOV-2026-06-01-1,rNOV,NOV,2026-06-01,0.0900000000000000,UNRESOLVED,UNRESOLVED,,,,,,,,"no issuer row at ex-date; tier 3 needs first-party amount corroboration, issuer announced ex-date, prior-period amount"
rNE-2026-06-04-1,rNE,NE,2026-06-04,0.5000000000000000,UNRESOLVED,UNRESOLVED,,,,,,,,"no issuer row at ex-date; tier 3 needs first-party amount corroboration, issuer announced ex-date, prior-period amount"
rNEE-2026-06-05-1,rNEE,NEE,2026-06-05,0.6232000000000000,UNRESOLVED,UNRESOLVED,,,,,,,,"no issuer row at ex-date; tier 3 needs first-party amount corroboration, issuer announced ex-date, prior-period amount"
rNJR-2026-06-10-1,rNJR,NJR,2026-06-10,0.4750000000000000,UNRESOLVED,UNRESOLVED,,,,,,,,"no issuer row at ex-date; tier 3 needs first-party amount corroboration, issuer announced ex-date, prior-period amount"
rNDAQ-2026-06-12-1,rNDAQ,NDAQ,2026-06-12,0.3100000000000000,UNRESOLVED,UNRESOLVED,,,,,,,,"no issuer row at ex-date; tier 3 needs first-party amount corroboration, issuer announced ex-date, prior-period amount"
rNOV-2026-06-12-1,rNOV,NOV,2026-06-12,0.0900000000000000,UNRESOLVED,UNRESOLVED,,,,,,,,"no issuer row at ex-date; tier 3 needs first-party amount corroboration, issuer announced ex-date, prior-period amount"
rNEU-2026-06-15-1,rNEU,NEU,2026-06-15,3.0000000000000000,UNRESOLVED,UNRESOLVED,,,,,,,,"no issuer row at ex-date; tier 3 needs first-party amount corroboration, issuer announced ex-date, prior-period amount"
rNDSN-2026-06-18-1,rNDSN,NDSN,2026-06-18,0.8200000000000000,UNRESOLVED,UNRESOLVED,,,,,,,,"no issuer row at ex-date; tier 3 needs first-party amount corroboration, issuer announced ex-date, prior-period amount"
rNFG-2026-06-30-1,rNFG,NFG,2026-06-30,0.5550000000000000,UNRESOLVED,UNRESOLVED,,,,,,,,"no issuer row at ex-date; tier 3 needs first-party amount corroboration, issuer announced ex-date, prior-period amount"
rNLY-2026-06-30-1,rNLY,NLY,2026-06-30,0.7500000000000000,UNRESOLVED,UNRESOLVED,,,,,,,,"no issuer row at ex-date; tier 3 needs first-party amount corroboration, issuer announced ex-date, prior-period amount"
rNOK-2026-07-28-1,rNOK,NOK,2026-07-28,0.0335630000000000,UNRESOLVED,UNRESOLVED,,,,,,,,"no issuer row at ex-date; tier 3 needs first-party amount corroboration, issuer announced ex-date, prior-period amount"
rNI-2026-07-31-1,rNI,NI,2026-07-31,0.3000000000000000,UNRESOLVED,UNRESOLVED,,,,,,,,"no issuer row at ex-date; tier 3 needs first-party amount corroboration, issuer announced ex-date, prior-period amount"
rNNN-2026-07-31-1,rNNN,NNN,2026-07-31,0.6200000000000000,UNRESOLVED,UNRESOLVED,,,,,,,,"no issuer row at ex-date; tier 3 needs first-party amount corroboration, issuer announced ex-date, prior-period amount"
rNEE-2026-08-28-1,rNEE,NEE,2026-08-28,0.6232000000000000,UNRESOLVED,UNRESOLVED,,,,,,,,"no issuer row at ex-date; tier 3 needs first-party amount corroboration, issuer announced ex-date, prior-period amount"
rNOC-2026-08-31-1,rNOC,NOC,2026-08-31,2.4700000000000000,UNRESOLVED,UNRESOLVED,,,,,,,,"no issuer row at ex-date; tier 3 needs first-party amount corroboration, issuer announced ex-date, prior-period amount"
rNKE-2026-09-01-1,rNKE,NKE,2026-09-01,0.4100000000000000,UNRESOLVED,UNRESOLVED,,,,,,,,"no issuer row at ex-date; tier 3 needs first-party amount corroboration, issuer announced ex-date, prior-period amount"
rNNI-2026-09-01-1,rNNI,NNI,2026-09-01,0.3300000000000000,UNRESOLVED,UNRESOLVED,,,,,,,,"no issuer row at ex-date; tier 3 needs first-party amount corroboration, issuer announced ex-date, prior-period amount"
rNE-2026-09-03-1,rNE,NE,2026-09-03,0.5000000000000000,UNRESOLVED,UNRESOLVED,,,,,,,,"no issuer row at ex-date; tier 3 needs first-party amount corroboration, issuer announced ex-date, prior-period amount"
rNEM-2026-09-03-1,rNEM,NEM,2026-09-03,0.2600000000000000,UNRESOLVED,UNRESOLVED,,,,,,,,"no issuer row at ex-date; tier 3 needs first-party amount corroboration, issuer announced ex-date, prior-period amount"
rNDSN-2026-09-10-1,rNDSN,NDSN,2026-09-10,0.9400000000000000,UNRESOLVED,UNRESOLVED,,,,,,,,"no issuer row at ex-date; tier 3 needs first-party amount corroboration, issuer announced ex-date, prior-period amount"
rNDAQ-2026-09-11-1,rNDAQ,NDAQ,2026-09-11,0.3100000000000000,UNRESOLVED,UNRESOLVED,,,,,,,,"no issuer row at ex-date; tier 3 needs first-party amount corroboration, issuer announced ex-date, prior-period amount"
rNOV-2026-09-11-1,rNOV,NOV,2026-09-11,0.0900000000000000,UNRESOLVED,UNRESOLVED,,,,,,,,"no issuer row at ex-date; tier 3 needs first-party amount corroboration, issuer announced ex-date, prior-period amount"
rNEU-2026-09-15-1,rNEU,NEU,2026-09-15,3.0000000000000000,UNRESOLVED,UNRESOLVED,,,,,,,,"no issuer row at ex-date; tier 3 needs first-party amount corroboration, issuer announced ex-date, prior-period amount"
rNJR-2026-09-24-1,rNJR,NJR,2026-09-24,0.5000000000000000,UNRESOLVED,UNRESOLVED,,,,,,,,"no issuer row at ex-date; tier 3 needs first-party amount corroboration, issuer announced ex-date, prior-period amount"
rNLY-2026-09-30-1,rNLY,NLY,2026-09-30,0.7500000000000000,UNRESOLVED,UNRESOLVED,,,,,,,,"no issuer row at ex-date; tier 3 needs first-party amount corroboration, issuer announced ex-date, prior-period amount"
rNI-2026-10-30-1,rNI,NI,2026-10-30,0.3000000000000000,UNRESOLVED,UNRESOLVED,,,,,,,,"no issuer row at ex-date; tier 3 needs first-party amount corroboration, issuer announced ex-date, prior-period amount"
rNPO-2026-06-03-1,rNPO,NPO,2026-06-03,0.3200000000000000,UNRESOLVED,UNRESOLVED,,,,,,,,"no issuer row at ex-date; tier 3 needs first-party amount corroboration, issuer announced ex-date, prior-period amount"
rNVDA-2026-06-04-1,rNVDA,NVDA,2026-06-04,0.2500000000000000,UNRESOLVED,UNRESOLVED,,,,,,,,"no issuer row at ex-date; tier 3 needs first-party amount corroboration, issuer announced ex-date, prior-period amount"
rNTES-2026-06-05-1,rNTES,NTES,2026-06-05,0.7175000000000000,UNRESOLVED,UNRESOLVED,,,,,,,,"no issuer row at ex-date; tier 3 needs first-party amount corroboration, issuer announced ex-date, prior-period amount"
rNTRS-2026-06-05-1,rNTRS,NTRS,2026-06-05,0.8000000000000000,UNRESOLVED,UNRESOLVED,,,,,,,,"no issuer row at ex-date; tier 3 needs first-party amount corroboration, issuer announced ex-date, prior-period amount"
rNWE-2026-06-15-1,rNWE,NWE,2026-06-15,0.6700000000000000,UNRESOLVED,UNRESOLVED,,,,,,,,"no issuer row at ex-date; tier 3 needs first-party amount corroboration, issuer announced ex-date, prior-period amount"
rNVDL-2026-06-26-1,rNVDL,NVDL,2026-06-26,,UNRESOLVED,UNRESOLVED,,,,,,,,not a cash dividend
rNUE-2026-06-30-1,rNUE,NUE,2026-06-30,0.5600000000000000,UNRESOLVED,UNRESOLVED,,,,,,,,"no issuer row at ex-date; tier 3 needs first-party amount corroboration, issuer announced ex-date, prior-period amount"
rNTAP-2026-07-10-1,rNTAP,NTAP,2026-07-10,0.5200000000000000,UNRESOLVED,UNRESOLVED,,,,,,,,"no issuer row at ex-date; tier 3 needs first-party amount corroboration, issuer announced ex-date, prior-period amount"
rNVT-2026-07-24-1,rNVT,NVT,2026-07-24,0.2100000000000000,UNRESOLVED,UNRESOLVED,,,,,,,,"no issuer row at ex-date; tier 3 needs first-party amount corroboration, issuer announced ex-date, prior-period amount"
rNRG-2026-08-03-1,rNRG,NRG,2026-08-03,0.4750000000000000,UNRESOLVED,UNRESOLVED,,,,,,,,"no issuer row at ex-date; tier 3 needs first-party amount corroboration, issuer announced ex-date, prior-period amount"
rNSC-2026-08-07-1,rNSC,NSC,2026-08-07,1.3500000000000000,UNRESOLVED,UNRESOLVED,,,,,,,,"no issuer row at ex-date; tier 3 needs first-party amount corroboration, issuer announced ex-date, prior-period amount"
rNWG-2026-08-14-1,rNWG,NWG,2026-08-14,0.3141450000000000,UNRESOLVED,UNRESOLVED,,,,,,,,"no issuer row at ex-date; tier 3 needs first-party amount corroboration, issuer announced ex-date, prior-period amount"
rNVO-2026-08-17-1,rNVO,NVO,2026-08-17,0.4073620000000000,UNRESOLVED,UNRESOLVED,,,,,,,,"no issuer row at ex-date; tier 3 needs first-party amount corroboration, issuer announced ex-date, prior-period amount"
rNWE-2026-08-17-1,rNWE,NWE,2026-08-17,0.6700000000000000,UNRESOLVED,UNRESOLVED,,,,,,,,"no issuer row at ex-date; tier 3 needs first-party amount corroboration, issuer announced ex-date, prior-period amount"
rNPO-2026-09-02-1,rNPO,NPO,2026-09-02,0.3200000000000000,UNRESOLVED,UNRESOLVED,,,,,,,,"no issuer row at ex-date; tier 3 needs first-party amount corroboration, issuer announced ex-date, prior-period amount"
rNTES-2026-09-03-1,rNTES,NTES,2026-09-03,0.4775000000000000,UNRESOLVED,UNRESOLVED,,,,,,,,"no issuer row at ex-date; tier 3 needs first-party amount corroboration, issuer announced ex-date, prior-period amount"
rNTRS-2026-09-04-1,rNTRS,NTRS,2026-09-04,0.8800000000000000,UNRESOLVED,UNRESOLVED,,,,,,,,"no issuer row at ex-date; tier 3 needs first-party amount corroboration, issuer announced ex-date, prior-period amount"
rNVDA-2026-09-10-1,rNVDA,NVDA,2026-09-10,0.2500000000000000,UNRESOLVED,UNRESOLVED,,,,,,,,"no issuer row at ex-date; tier 3 needs first-party amount corroboration, issuer announced ex-date, prior-period amount"
rNTAP-2026-10-09-1,rNTAP,NTAP,2026-10-09,0.5200000000000000,UNRESOLVED,UNRESOLVED,,,,,,,,"no issuer row at ex-date; tier 3 needs first-party amount corroboration, issuer announced ex-date, prior-period amount"
rODFL-2026-06-03-1,rODFL,ODFL,2026-06-03,0.2900000000000000,UNRESOLVED,UNRESOLVED,,,,,,,,"no issuer row at ex-date; tier 3 needs first-party amount corroboration, issuer announced ex-date, prior-period amount"
rOMC-2026-06-10-1,rOMC,OMC,2026-06-10,0.8000000000000000,UNRESOLVED,UNRESOLVED,,,,,,,,"no issuer row at ex-date; tier 3 needs first-party amount corroboration, issuer announced ex-date, prior-period amount"
rNXPI-2026-06-24-1,rNXPI,NXPI,2026-06-24,1.0140000000000000,UNRESOLVED,GROSS,2,1.014,1.014,,,1.014 ex 2026-03-25,nasdaq_declared: 1.014 ex 2026-06-24 declared 06/11/2026 (third-party); yahoo_realised: 1.014 ex 2026-06-24 (third-party),tier 2
rO-2026-06-30-1,rO,O,2026-06-30,0.2710000000000000,UNRESOLVED,UNRESOLVED,,,,,,,,"no issuer row at ex-date; tier 3 needs first-party amount corroboration, issuer announced ex-date, prior-period amount"
rOBDC-2026-06-30-1,rOBDC,OBDC,2026-06-30,0.3100000000000000,UNRESOLVED,UNRESOLVED,,,,,,,,"no issuer row at ex-date; tier 3 needs first-party amount corroboration, issuer announced ex-date, prior-period amount"
rOGE-2026-07-06-1,rOGE,OGE,2026-07-06,0.4250000000000000,UNRESOLVED,UNRESOLVED,,,,,,,,"no issuer row at ex-date; tier 3 needs first-party amount corroboration, issuer announced ex-date, prior-period amount"
rNYT-2026-07-08-1,rNYT,NYT,2026-07-08,0.2300000000000000,UNRESOLVED,UNRESOLVED,,,,,,,,"no issuer row at ex-date; tier 3 needs first-party amount corroboration, issuer announced ex-date, prior-period amount"
rOC-2026-07-20-1,rOC,OC,2026-07-20,0.7900000000000000,UNRESOLVED,UNRESOLVED,,,,,,,,"no issuer row at ex-date; tier 3 needs first-party amount corroboration, issuer announced ex-date, prior-period amount"
rO-2026-07-31-1,rO,O,2026-07-31,0.2710000000000000,UNRESOLVED,UNRESOLVED,,,,,,,,"no issuer row at ex-date; tier 3 needs first-party amount corroboration, issuer announced ex-date, prior-period amount"
rOHI-2026-08-03-1,rOHI,OHI,2026-08-03,0.6800000000000000,UNRESOLVED,UNRESOLVED,,,,,,,,"no issuer row at ex-date; tier 3 needs first-party amount corroboration, issuer announced ex-date, prior-period amount"
rOKE-2026-08-03-1,rOKE,OKE,2026-08-03,1.0700000000000000,UNRESOLVED,UNRESOLVED,,,,,,,,"no issuer row at ex-date; tier 3 needs first-party amount corroboration, issuer announced ex-date, prior-period amount"
rOMF-2026-08-10-1,rOMF,OMF,2026-08-10,1.0500000000000000,UNRESOLVED,UNRESOLVED,,,,,,,,"no issuer row at ex-date; tier 3 needs first-party amount corroboration, issuer announced ex-date, prior-period amount"
rNXST-2026-08-14-1,rNXST,NXST,2026-08-14,1.8600000000000000,UNRESOLVED,UNRESOLVED,,,,,,,,"no issuer row at ex-date; tier 3 needs first-party amount corroboration, issuer announced ex-date, prior-period amount"
rOGS-2026-08-17-1,rOGS,OGS,2026-08-17,0.6800000000000000,UNRESOLVED,UNRESOLVED,,,,,,,,"no issuer row at ex-date; tier 3 needs first-party amount corroboration, issuer announced ex-date, prior-period amount"
rOGC-2026-08-19-1,rOGC,OGC,2026-08-19,0.0900000000000000,UNRESOLVED,UNRESOLVED,,,,,,,,"no issuer row at ex-date; tier 3 needs first-party amount corroboration, issuer announced ex-date, prior-period amount"
rO-2026-08-31-1,rO,O,2026-08-31,0.2710000000000000,UNRESOLVED,UNRESOLVED,,,,,,,,"no issuer row at ex-date; tier 3 needs first-party amount corroboration, issuer announced ex-date, prior-period amount"
rOBDC-2026-08-31-1,rOBDC,OBDC,2026-08-31,0.0200000000000000,UNRESOLVED,UNRESOLVED,,,,,,,,"no issuer row at ex-date; tier 3 needs first-party amount corroboration, issuer announced ex-date, prior-period amount"
rODFL-2026-09-02-1,rODFL,ODFL,2026-09-02,0.2900000000000000,UNRESOLVED,UNRESOLVED,,,,,,,,"no issuer row at ex-date; tier 3 needs first-party amount corroboration, issuer announced ex-date, prior-period amount"
rNWS-2026-09-09-1,rNWS,NWS,2026-09-09,0.1000000000000000,UNRESOLVED,UNRESOLVED,,,,,,,,"no issuer row at ex-date; tier 3 needs first-party amount corroboration, issuer announced ex-date, prior-period amount"
rNWSA-2026-09-09-1,rNWSA,NWSA,2026-09-09,0.1000000000000000,UNRESOLVED,UNRESOLVED,,,,,,,,"no issuer row at ex-date; tier 3 needs first-party amount corroboration, issuer announced ex-date, prior-period amount"
rNXPI-2026-09-16-1,rNXPI,NXPI,2026-09-16,1.0140000000000000,UNRESOLVED,GROSS,2,1.014,1.014,,,1.014 ex 2026-06-24,nasdaq_declared: 1.014 ex 2026-09-16 declared 08/28/2026 (third-party); yahoo_realised: 1.014 ex 2026-09-16 (third-party),tier 2
rOMC-2026-09-18-1,rOMC,OMC,2026-09-18,0.8000000000000000,UNRESOLVED,UNRESOLVED,,,,,,,,"no issuer row at ex-date; tier 3 needs first-party amount corroboration, issuer announced ex-date, prior-period amount"
rO-2026-09-30-1,rO,O,2026-09-30,0.2715000000000000,UNRESOLVED,UNRESOLVED,,,,,,,,"no issuer row at ex-date; tier 3 needs first-party amount corroboration, issuer announced ex-date, prior-period amount"
rOBDC-2026-09-30-1,rOBDC,OBDC,2026-09-30,0.3100000000000000,UNRESOLVED,UNRESOLVED,,,,,,,,"no issuer row at ex-date; tier 3 needs first-party amount corroboration, issuer announced ex-date, prior-period amount"
rONB-2026-06-05-1,rONB,ONB,2026-06-05,0.1450000000000000,UNRESOLVED,UNRESOLVED,,,,,,,,"no issuer row at ex-date; tier 3 needs first-party amount corroboration, issuer announced ex-date, prior-period amount"
rORI-2026-06-05-1,rORI,ORI,2026-06-05,0.3150000000000000,UNRESOLVED,UNRESOLVED,,,,,,,,"no issuer row at ex-date; tier 3 needs first-party amount corroboration, issuer announced ex-date, prior-period amount"
rOTEX-2026-06-05-1,rOTEX,OTEX,2026-06-05,0.2750000000000000,UNRESOLVED,UNRESOLVED,,,,,,,,"no issuer row at ex-date; tier 3 needs first-party amount corroboration, issuer announced ex-date, prior-period amount"
rOUT-2026-06-05-1,rOUT,OUT,2026-06-05,0.3000000000000000,UNRESOLVED,UNRESOLVED,,,,,,,,"no issuer row at ex-date; tier 3 needs first-party amount corroboration, issuer announced ex-date, prior-period amount"
rOXY-2026-06-10-1,rOXY,OXY,2026-06-10,0.2600000000000000,UNRESOLVED,UNRESOLVED,,,,,,,,"no issuer row at ex-date; tier 3 needs first-party amount corroboration, issuer announced ex-date, prior-period amount"
rOVV-2026-06-15-1,rOVV,OVV,2026-06-15,0.3000000000000000,UNRESOLVED,UNRESOLVED,,,,,,,,"no issuer row at ex-date; tier 3 needs first-party amount corroboration, issuer announced ex-date, prior-period amount"
rOTF-2026-06-22-1,rOTF,OTF,2026-06-22,0.0500000000000000,UNRESOLVED,UNRESOLVED,,,,,,,,"no issuer row at ex-date; tier 3 needs first-party amount corroboration, issuer announced ex-date, prior-period amount"
rOR-2026-06-30-1,rOR,OR,2026-06-30,0.0650000000000000,UNRESOLVED,UNRESOLVED,,,,,,,,"no issuer row at ex-date; tier 3 needs first-party amount corroboration, issuer announced ex-date, prior-period amount"
rOTF-2026-06-30-1,rOTF,OTF,2026-06-30,0.3500000000000000,UNRESOLVED,UNRESOLVED,,,,,,,,"no issuer row at ex-date; tier 3 needs first-party amount corroboration, issuer announced ex-date, prior-period amount"
rOPRA-2026-07-07-1,rOPRA,OPRA,2026-07-07,0.3900000000000000,GROSS,GROSS,1,,,,,,bitget_notice_2026_07_24: amount and ex-date match; 30% withholding DOCUMENTED,tier 1: 2026-07-24 notice match (builder rule)
rORCL-2026-07-10-1,rORCL,ORCL,2026-07-10,0.5000000000000000,UNRESOLVED,UNRESOLVED,,,,,,,,"no issuer row at ex-date; tier 3 needs first-party amount corroboration, issuer announced ex-date, prior-period amount"
rOZK-2026-07-13-1,rOZK,OZK,2026-07-13,0.4800000000000000,UNRESOLVED,UNRESOLVED,,,,,,,,"no issuer row at ex-date; tier 3 needs first-party amount corroboration, issuer announced ex-date, prior-period amount"
rOSK-2026-08-13-1,rOSK,OSK,2026-08-13,0.5700000000000000,UNRESOLVED,UNRESOLVED,,,,,,,,"no issuer row at ex-date; tier 3 needs first-party amount corroboration, issuer announced ex-date, prior-period amount"
rOWL-2026-08-13-1,rOWL,OWL,2026-08-13,0.2300000000000000,UNRESOLVED,UNRESOLVED,,,,,,,,"no issuer row at ex-date; tier 3 needs first-party amount corroboration, issuer announced ex-date, prior-period amount"
rOTIS-2026-08-14-1,rOTIS,OTIS,2026-08-14,0.4400000000000000,UNRESOLVED,UNRESOLVED,,,,,,,,"no issuer row at ex-date; tier 3 needs first-party amount corroboration, issuer announced ex-date, prior-period amount"
rORA-2026-08-19-1,rORA,ORA,2026-08-19,0.1200000000000000,UNRESOLVED,UNRESOLVED,,,,,,,,"no issuer row at ex-date; tier 3 needs first-party amount corroboration, issuer announced ex-date, prior-period amount"
rONB-2026-09-04-1,rONB,ONB,2026-09-04,0.1450000000000000,UNRESOLVED,UNRESOLVED,,,,,,,,"no issuer row at ex-date; tier 3 needs first-party amount corroboration, issuer announced ex-date, prior-period amount"
rORI-2026-09-04-1,rORI,ORI,2026-09-04,0.3150000000000000,UNRESOLVED,UNRESOLVED,,,,,,,,"no issuer row at ex-date; tier 3 needs first-party amount corroboration, issuer announced ex-date, prior-period amount"
rOTEX-2026-09-04-1,rOTEX,OTEX,2026-09-04,0.2800000000000000,UNRESOLVED,UNRESOLVED,,,,,,,,"no issuer row at ex-date; tier 3 needs first-party amount corroboration, issuer announced ex-date, prior-period amount"
rOUT-2026-09-04-1,rOUT,OUT,2026-09-04,0.3300000000000000,UNRESOLVED,UNRESOLVED,,,,,,,,"no issuer row at ex-date; tier 3 needs first-party amount corroboration, issuer announced ex-date, prior-period amount"
rOXY-2026-09-10-1,rOXY,OXY,2026-09-10,0.2800000000000000,UNRESOLVED,UNRESOLVED,,,,,,,,"no issuer row at ex-date; tier 3 needs first-party amount corroboration, issuer announced ex-date, prior-period amount"
rOVV-2026-09-15-1,rOVV,OVV,2026-09-15,0.3000000000000000,UNRESOLVED,UNRESOLVED,,,,,,,,"no issuer row at ex-date; tier 3 needs first-party amount corroboration, issuer announced ex-date, prior-period amount"
rOTF-2026-09-21-1,rOTF,OTF,2026-09-21,0.0500000000000000,UNRESOLVED,UNRESOLVED,,,,,,,,"no issuer row at ex-date; tier 3 needs first-party amount corroboration, issuer announced ex-date, prior-period amount"
rOR-2026-09-29-1,rOR,OR,2026-09-29,0.0650010000000000,UNRESOLVED,UNRESOLVED,,,,,,,,"no issuer row at ex-date; tier 3 needs first-party amount corroboration, issuer announced ex-date, prior-period amount"
rOR-2026-09-30-1,rOR,OR,2026-09-30,0.0650000000000000,UNRESOLVED,UNRESOLVED,,,,,,,,"no issuer row at ex-date; tier 3 needs first-party amount corroboration, issuer announced ex-date, prior-period amount"
rOTF-2026-09-30-1,rOTF,OTF,2026-09-30,0.3500000000000000,UNRESOLVED,UNRESOLVED,,,,,,,,"no issuer row at ex-date; tier 3 needs first-party amount corroboration, issuer announced ex-date, prior-period amount"
rORCL-2026-10-09-1,rORCL,ORCL,2026-10-09,0.5000000000000000,UNRESOLVED,UNRESOLVED,,,,,,,,"no issuer row at ex-date; tier 3 needs first-party amount corroboration, issuer announced ex-date, prior-period amount"
rPBR-2026-06-03-1,rPBR,PBR,2026-06-03,0.1126780000000000,UNRESOLVED,UNRESOLVED,,,,,,,,"no issuer row at ex-date; tier 3 needs first-party amount corroboration, issuer announced ex-date, prior-period amount"
rPBR-2026-06-03-2,rPBR,PBR,2026-06-03,0.1126780000000000,UNRESOLVED,UNRESOLVED,,,,,,,,"no issuer row at ex-date; tier 3 needs first-party amount corroboration, issuer announced ex-date, prior-period amount"
rPB-2026-06-15-1,rPB,PB,2026-06-15,0.6000000000000000,UNRESOLVED,UNRESOLVED,,,,,,,,"no issuer row at ex-date; tier 3 needs first-party amount corroboration, issuer announced ex-date, prior-period amount"
rPBA-2026-06-15-1,rPBA,PBA,2026-06-15,0.5380200000000000,UNRESOLVED,UNRESOLVED,,,,,,,,"no issuer row at ex-date; tier 3 needs first-party amount corroboration, issuer announced ex-date, prior-period amount"
rPAVE-2026-06-29-1,rPAVE,PAVE,2026-06-29,0.1027000000000000,GROSS,GROSS,1,,,,,,bitget_notice_2026_07_24: amount and ex-date match; 30% withholding DOCUMENTED,tier 1: 2026-07-24 notice match (builder rule)
rPCG-2026-06-30-1,rPCG,PCG,2026-06-30,0.0500000000000000,GROSS,GROSS,1,,,,,,bitget_notice_2026_07_24: amount and ex-date match; 30% withholding DOCUMENTED,tier 1: 2026-07-24 notice match (builder rule)
rPAYX-2026-07-28-1,rPAYX,PAYX,2026-07-28,1.1900000000000000,UNRESOLVED,UNRESOLVED,,,,,,,,"no issuer row at ex-date; tier 3 needs first-party amount corroboration, issuer announced ex-date, prior-period amount"
rPAA-2026-07-31-1,rPAA,PAA,2026-07-31,0.4175000000000000,UNRESOLVED,UNRESOLVED,,,,,,,,"no issuer row at ex-date; tier 3 needs first-party amount corroboration, issuer announced ex-date, prior-period amount"
rPAGP-2026-07-31-1,rPAGP,PAGP,2026-07-31,0.4175000000000000,UNRESOLVED,UNRESOLVED,,,,,,,,"no issuer row at ex-date; tier 3 needs first-party amount corroboration, issuer announced ex-date, prior-period amount"
rPCAR-2026-08-12-1,rPCAR,PCAR,2026-08-12,0.3500000000000000,UNRESOLVED,UNRESOLVED,,,,,,,,"no issuer row at ex-date; tier 3 needs first-party amount corroboration, issuer announced ex-date, prior-period amount"
rPAG-2026-08-14-1,rPAG,PAG,2026-08-14,1.4400000000000000,UNRESOLVED,UNRESOLVED,,,,,,,,"no issuer row at ex-date; tier 3 needs first-party amount corroboration, issuer announced ex-date, prior-period amount"
rPBF-2026-08-14-1,rPBF,PBF,2026-08-14,0.2750000000000000,UNRESOLVED,UNRESOLVED,,,,,,,,"no issuer row at ex-date; tier 3 needs first-party amount corroboration, issuer announced ex-date, prior-period amount"
rPAAS-2026-08-24-1,rPAAS,PAAS,2026-08-24,0.1840000000000000,UNRESOLVED,UNRESOLVED,,,,,,,,"no issuer row at ex-date; tier 3 needs first-party amount corroboration, issuer announced ex-date, prior-period amount"
rPAYC-2026-08-24-1,rPAYC,PAYC,2026-08-24,0.3750000000000000,UNRESOLVED,UNRESOLVED,,,,,,,,"no issuer row at ex-date; tier 3 needs first-party amount corroboration, issuer announced ex-date, prior-period amount"
rPBR-2026-08-25-1,rPBR,PBR,2026-08-25,0.2135660000000000,UNRESOLVED,UNRESOLVED,,,,,,,,"no issuer row at ex-date; tier 3 needs first-party amount corroboration, issuer announced ex-date, prior-period amount"
rPBR-2026-08-25-2,rPBR,PBR,2026-08-25,0.0656610000000000,UNRESOLVED,UNRESOLVED,,,,,,,,"no issuer row at ex-date; tier 3 needs first-party amount corroboration, issuer announced ex-date, prior-period amount"
rPBR-2026-08-25-3,rPBR,PBR,2026-08-25,0.1618050000000000,UNRESOLVED,UNRESOLVED,,,,,,,,"no issuer row at ex-date; tier 3 needs first-party amount corroboration, issuer announced ex-date, prior-period amount"
rPB-2026-09-15-1,rPB,PB,2026-09-15,0.6000000000000000,UNRESOLVED,UNRESOLVED,,,,,,,,"no issuer row at ex-date; tier 3 needs first-party amount corroboration, issuer announced ex-date, prior-period amount"
rPBA-2026-09-15-1,rPBA,PBA,2026-09-15,0.5245695000000000,UNRESOLVED,UNRESOLVED,,,,,,,,"no issuer row at ex-date; tier 3 needs first-party amount corroboration, issuer announced ex-date, prior-period amount"
rPFG-2026-06-01-1,rPFG,PFG,2026-06-01,0.8200000000000000,UNRESOLVED,UNRESOLVED,,,,,,,,"no issuer row at ex-date; tier 3 needs first-party amount corroboration, issuer announced ex-date, prior-period amount"
rPEP-2026-06-05-1,rPEP,PEP,2026-06-05,1.4800000000000000,UNRESOLVED,UNRESOLVED,,,,,,,,"no issuer row at ex-date; tier 3 needs first-party amount corroboration, issuer announced ex-date, prior-period amount"
rPEG-2026-06-09-1,rPEG,PEG,2026-06-09,0.6700000000000000,UNRESOLVED,UNRESOLVED,,,,,,,,"no issuer row at ex-date; tier 3 needs first-party amount corroboration, issuer announced ex-date, prior-period amount"
rPECO-2026-06-15-1,rPECO,PECO,2026-06-15,0.1083000000000000,UNRESOLVED,UNRESOLVED,,,,,,,,"no issuer row at ex-date; tier 3 needs first-party amount corroboration, issuer announced ex-date, prior-period amount"
rPKG-2026-06-15-1,rPKG,PKG,2026-06-15,1.5000000000000000,UNRESOLVED,UNRESOLVED,,,,,,,,"no issuer row at ex-date; tier 3 needs first-party amount corroboration, issuer announced ex-date, prior-period amount"
rPHM-2026-06-16-1,rPHM,PHM,2026-06-16,0.2600000000000000,UNRESOLVED,UNRESOLVED,,,,,,,,"no issuer row at ex-date; tier 3 needs first-party amount corroboration, issuer announced ex-date, prior-period amount"
rPLD-2026-06-16-1,rPLD,PLD,2026-06-16,1.0700000000000000,UNRESOLVED,UNRESOLVED,,,,,,,,"no issuer row at ex-date; tier 3 needs first-party amount corroboration, issuer announced ex-date, prior-period amount"
rPEGA-2026-07-01-1,rPEGA,PEGA,2026-07-01,0.0300000000000000,UNRESOLVED,UNRESOLVED,,,,,,,,"no issuer row at ex-date; tier 3 needs first-party amount corroboration, issuer announced ex-date, prior-period amount"
rPGR-2026-07-02-1,rPGR,PGR,2026-07-02,0.1000000000000000,UNRESOLVED,UNRESOLVED,,,,,,,,"no issuer row at ex-date; tier 3 needs first-party amount corroboration, issuer announced ex-date, prior-period amount"
rPECO-2026-07-15-1,rPECO,PECO,2026-07-15,0.1083000000000000,UNRESOLVED,UNRESOLVED,,,,,,,,"no issuer row at ex-date; tier 3 needs first-party amount corroboration, issuer announced ex-date, prior-period amount"
rPENG-2026-07-16-1,rPENG,PENG,2026-07-16,0.0321144000000000,UNRESOLVED,UNRESOLVED,,,,,,,,"no issuer row at ex-date; tier 3 needs first-party amount corroboration, issuer announced ex-date, prior-period amount"
rPFE-2026-07-24-1,rPFE,PFE,2026-07-24,0.4300000000000000,UNRESOLVED,UNRESOLVED,,,,,,,,"no issuer row at ex-date; tier 3 needs first-party amount corroboration, issuer announced ex-date, prior-period amount"
rPG-2026-07-24-1,rPG,PG,2026-07-24,1.0885000000000000,UNRESOLVED,UNRESOLVED,,,,,,,,"no issuer row at ex-date; tier 3 needs first-party amount corroboration, issuer announced ex-date, prior-period amount"
rPECO-2026-08-17-1,rPECO,PECO,2026-08-17,0.1083000000000000,UNRESOLVED,UNRESOLVED,,,,,,,,"no issuer row at ex-date; tier 3 needs first-party amount corroboration, issuer announced ex-date, prior-period amount"
rPEGA-2026-08-17-1,rPEGA,PEGA,2026-08-17,0.0830000000000000,UNRESOLVED,UNRESOLVED,,,,,,,,"no issuer row at ex-date; tier 3 needs first-party amount corroboration, issuer announced ex-date, prior-period amount"
rPKX-2026-08-24-1,rPKX,PKX,2026-08-24,0.2870140100000000,UNRESOLVED,UNRESOLVED,,,,,,,,"no issuer row at ex-date; tier 3 needs first-party amount corroboration, issuer announced ex-date, prior-period amount"
rPIPR-2026-08-28-1,rPIPR,PIPR,2026-08-28,0.2000000000000000,UNRESOLVED,UNRESOLVED,,,,,,,,"no issuer row at ex-date; tier 3 needs first-party amount corroboration, issuer announced ex-date, prior-period amount"
rPH-2026-08-31-1,rPH,PH,2026-08-31,2.0000000000000000,UNRESOLVED,UNRESOLVED,,,,,,,,"no issuer row at ex-date; tier 3 needs first-party amount corroboration, issuer announced ex-date, prior-period amount"
rPFG-2026-09-03-1,rPFG,PFG,2026-09-03,0.8400000000000000,UNRESOLVED,UNRESOLVED,,,,,,,,"no issuer row at ex-date; tier 3 needs first-party amount corroboration, issuer announced ex-date, prior-period amount"
rPEP-2026-09-04-1,rPEP,PEP,2026-09-04,1.4800000000000000,UNRESOLVED,UNRESOLVED,,,,,,,,"no issuer row at ex-date; tier 3 needs first-party amount corroboration, issuer announced ex-date, prior-period amount"
rPEG-2026-09-09-1,rPEG,PEG,2026-09-09,0.6700000000000000,UNRESOLVED,UNRESOLVED,,,,,,,,"no issuer row at ex-date; tier 3 needs first-party amount corroboration, issuer announced ex-date, prior-period amount"
rPECO-2026-09-15-1,rPECO,PECO,2026-09-15,0.1150000000000000,UNRESOLVED,UNRESOLVED,,,,,,,,"no issuer row at ex-date; tier 3 needs first-party amount corroboration, issuer announced ex-date, prior-period amount"
rPHM-2026-09-15-1,rPHM,PHM,2026-09-15,0.2600000000000000,UNRESOLVED,UNRESOLVED,,,,,,,,"no issuer row at ex-date; tier 3 needs first-party amount corroboration, issuer announced ex-date, prior-period amount"
rPKG-2026-09-15-1,rPKG,PKG,2026-09-15,1.5000000000000000,UNRESOLVED,UNRESOLVED,,,,,,,,"no issuer row at ex-date; tier 3 needs first-party amount corroboration, issuer announced ex-date, prior-period amount"
rPLD-2026-09-16-1,rPLD,PLD,2026-09-16,1.0700000000000000,UNRESOLVED,UNRESOLVED,,,,,,,,"no issuer row at ex-date; tier 3 needs first-party amount corroboration, issuer announced ex-date, prior-period amount"
rPEGA-2026-10-01-1,rPEGA,PEGA,2026-10-01,0.0300000000000000,UNRESOLVED,UNRESOLVED,,,,,,,,"no issuer row at ex-date; tier 3 needs first-party amount corroboration, issuer announced ex-date, prior-period amount"
rPGR-2026-10-01-1,rPGR,PGR,2026-10-01,0.1000000000000000,UNRESOLVED,UNRESOLVED,,,,,,,,"no issuer row at ex-date; tier 3 needs first-party amount corroboration, issuer announced ex-date, prior-period amount"
rPECO-2026-10-15-1,rPECO,PECO,2026-10-15,0.1150000000000000,UNRESOLVED,UNRESOLVED,,,,,,,,"no issuer row at ex-date; tier 3 needs first-party amount corroboration, issuer announced ex-date, prior-period amount"
rPECO-2026-11-16-1,rPECO,PECO,2026-11-16,0.1150000000000000,UNRESOLVED,UNRESOLVED,,,,,,,,"no issuer row at ex-date; tier 3 needs first-party amount corroboration, issuer announced ex-date, prior-period amount"
rPRMB-2026-06-04-1,rPRMB,PRMB,2026-06-04,0.1200000000000000,UNRESOLVED,UNRESOLVED,,,,,,,,"no issuer row at ex-date; tier 3 needs first-party amount corroboration, issuer announced ex-date, prior-period amount"
rPPL-2026-06-10-1,rPPL,PPL,2026-06-10,0.2850000000000000,UNRESOLVED,UNRESOLVED,,,,,,,,"no issuer row at ex-date; tier 3 needs first-party amount corroboration, issuer announced ex-date, prior-period amount"
rPSA-2026-06-15-1,rPSA,PSA,2026-06-15,3.0000000000000000,UNRESOLVED,UNRESOLVED,,,,,,,,"no issuer row at ex-date; tier 3 needs first-party amount corroboration, issuer announced ex-date, prior-period amount"
rPSKY-2026-06-15-1,rPSKY,PSKY,2026-06-15,0.0500000000000000,UNRESOLVED,UNRESOLVED,,,,,,,,"no issuer row at ex-date; tier 3 needs first-party amount corroboration, issuer announced ex-date, prior-period amount"
rPR-2026-06-16-1,rPR,PR,2026-06-16,0.1600000000000000,UNRESOLVED,UNRESOLVED,,,,,,,,"no issuer row at ex-date; tier 3 needs first-party amount corroboration, issuer announced ex-date, prior-period amount"
rPM-2026-06-25-1,rPM,PM,2026-06-25,1.4700000000000000,GROSS,GROSS,1,,,,,,bitget_notice_2026_07_24: amount and ex-date match; 30% withholding DOCUMENTED,tier 1: 2026-07-24 notice match (builder rule)
rPOR-2026-06-25-1,rPOR,POR,2026-06-25,0.5512500000000000,UNRESOLVED,UNRESOLVED,,,,,,,,"no issuer row at ex-date; tier 3 needs first-party amount corroboration, issuer announced ex-date, prior-period amount"
rPRIM-2026-06-30-1,rPRIM,PRIM,2026-06-30,0.0800000000000000,UNRESOLVED,UNRESOLVED,,,,,,,,"no issuer row at ex-date; tier 3 needs first-party amount corroboration, issuer announced ex-date, prior-period amount"
rPS-2026-07-13-1,rPS,PS,2026-07-13,0.1220000000000000,UNRESOLVED,UNRESOLVED,,,,,,,,"no issuer row at ex-date; tier 3 needs first-party amount corroboration, issuer announced ex-date, prior-period amount"
rPNC-2026-07-20-1,rPNC,PNC,2026-07-20,2.0000000000000000,UNRESOLVED,UNRESOLVED,,,,,,,,"no issuer row at ex-date; tier 3 needs first-party amount corroboration, issuer announced ex-date, prior-period amount"
rPNR-2026-07-24-1,rPNR,PNR,2026-07-24,0.2700000000000000,UNRESOLVED,UNRESOLVED,,,,,,,,"no issuer row at ex-date; tier 3 needs first-party amount corroboration, issuer announced ex-date, prior-period amount"
rPNW-2026-08-03-1,rPNW,PNW,2026-08-03,0.9100000000000000,UNRESOLVED,UNRESOLVED,,,,,,,,"no issuer row at ex-date; tier 3 needs first-party amount corroboration, issuer announced ex-date, prior-period amount"
rPNFP-2026-08-07-1,rPNFP,PNFP,2026-08-07,0.5000000000000000,UNRESOLVED,UNRESOLVED,,,,,,,,"no issuer row at ex-date; tier 3 needs first-party amount corroboration, issuer announced ex-date, prior-period amount"
rPPG-2026-08-10-1,rPPG,PPG,2026-08-10,0.7400000000000000,UNRESOLVED,UNRESOLVED,,,,,,,,"no issuer row at ex-date; tier 3 needs first-party amount corroboration, issuer announced ex-date, prior-period amount"
rPOOL-2026-08-13-1,rPOOL,POOL,2026-08-13,1.3000000000000000,UNRESOLVED,UNRESOLVED,,,,,,,,"no issuer row at ex-date; tier 3 needs first-party amount corroboration, issuer announced ex-date, prior-period amount"
rPSMT-2026-08-17-1,rPSMT,PSMT,2026-08-17,0.7000000000000000,UNRESOLVED,UNRESOLVED,,,,,,,,"no issuer row at ex-date; tier 3 needs first-party amount corroboration, issuer announced ex-date, prior-period amount"
rPOWL-2026-08-19-1,rPOWL,POWL,2026-08-19,0.0900000000000000,UNRESOLVED,UNRESOLVED,,,,,,,,"no issuer row at ex-date; tier 3 needs first-party amount corroboration, issuer announced ex-date, prior-period amount"
rPRI-2026-08-21-1,rPRI,PRI,2026-08-21,1.2000000000000000,UNRESOLVED,UNRESOLVED,,,,,,,,"no issuer row at ex-date; tier 3 needs first-party amount corroboration, issuer announced ex-date, prior-period amount"
rPRMB-2026-08-24-1,rPRMB,PRMB,2026-08-24,0.1200000000000000,UNRESOLVED,UNRESOLVED,,,,,,,,"no issuer row at ex-date; tier 3 needs first-party amount corroboration, issuer announced ex-date, prior-period amount"
rPRU-2026-08-25-1,rPRU,PRU,2026-08-25,1.4000000000000000,UNRESOLVED,UNRESOLVED,,,,,,,,"no issuer row at ex-date; tier 3 needs first-party amount corroboration, issuer announced ex-date, prior-period amount"
rPPL-2026-09-10-1,rPPL,PPL,2026-09-10,0.2850000000000000,UNRESOLVED,UNRESOLVED,,,,,,,,"no issuer row at ex-date; tier 3 needs first-party amount corroboration, issuer announced ex-date, prior-period amount"
rPSA-2026-09-15-1,rPSA,PSA,2026-09-15,3.0000000000000000,UNRESOLVED,UNRESOLVED,,,,,,,,"no issuer row at ex-date; tier 3 needs first-party amount corroboration, issuer announced ex-date, prior-period amount"
rPSKY-2026-09-15-1,rPSKY,PSKY,2026-09-15,0.0500000000000000,UNRESOLVED,UNRESOLVED,,,,,,,,"no issuer row at ex-date; tier 3 needs first-party amount corroboration, issuer announced ex-date, prior-period amount"
rPR-2026-09-16-1,rPR,PR,2026-09-16,0.1600000000000000,UNRESOLVED,UNRESOLVED,,,,,,,,"no issuer row at ex-date; tier 3 needs first-party amount corroboration, issuer announced ex-date, prior-period amount"
rPOR-2026-09-25-1,rPOR,POR,2026-09-25,0.5512500000000000,UNRESOLVED,UNRESOLVED,,,,,,,,"no issuer row at ex-date; tier 3 needs first-party amount corroboration, issuer announced ex-date, prior-period amount"
rPRIM-2026-09-30-1,rPRIM,PRIM,2026-09-30,0.0800000000000000,UNRESOLVED,UNRESOLVED,,,,,,,,"no issuer row at ex-date; tier 3 needs first-party amount corroboration, issuer announced ex-date, prior-period amount"
rPYPL-2026-06-04-1,rPYPL,PYPL,2026-06-04,0.1400000000000000,UNRESOLVED,UNRESOLVED,,,,,,,,"no issuer row at ex-date; tier 3 needs first-party amount corroboration, issuer announced ex-date, prior-period amount"
rQCOM-2026-06-04-1,rQCOM,QCOM,2026-06-04,0.9200000000000000,UNRESOLVED,UNRESOLVED,,,,,,,,"no issuer row at ex-date; tier 3 needs first-party amount corroboration, issuer announced ex-date, prior-period amount"
rQQQI-2026-06-16-1,rQQQI,QQQI,2026-06-16,0.6572000000000000,UNRESOLVED,UNRESOLVED,,,,,,,,"no issuer row at ex-date; tier 3 needs first-party amount corroboration, issuer announced ex-date, prior-period amount"
rQQQ-2026-06-22-1,rQQQ,QQQ,2026-06-22,0.8134900000000000,GROSS,GROSS,1,,,,,,bitget_notice_2026_07_24: amount and ex-date match; 30% withholding DOCUMENTED,tier 1: 2026-07-24 notice match (builder rule)
rQQQM-2026-06-22-1,rQQQM,QQQM,2026-06-22,0.3521500000000000,UNRESOLVED,UNRESOLVED,,,,,,,,"no issuer row at ex-date; tier 3 needs first-party amount corroboration, issuer announced ex-date, prior-period amount"
rQSR-2026-06-23-1,rQSR,QSR,2026-06-23,0.6500000000000000,UNRESOLVED,UNRESOLVED,,,,,,,,"no issuer row at ex-date; tier 3 needs first-party amount corroboration, issuer announced ex-date, prior-period amount"
rPSQ-2026-06-24-1,rPSQ,PSQ,2026-06-24,0.2285790000000000,GROSS,GROSS,1,,,,,,bitget_notice_2026_07_24: amount and ex-date match; 30% withholding DOCUMENTED,tier 1: 2026-07-24 notice match (builder rule)
rQLD-2026-06-24-1,rQLD,QLD,2026-06-24,0.0607170000000000,UNRESOLVED,UNRESOLVED,,,,,,,,"no issuer row at ex-date; tier 3 needs first-party amount corroboration, issuer announced ex-date, prior-period amount"
rPWR-2026-07-01-1,rPWR,PWR,2026-07-01,0.1100000000000000,GROSS,GROSS,1,,,,,,bitget_notice_2026_07_24: amount and ex-date match; 30% withholding DOCUMENTED,tier 1: 2026-07-24 notice match (builder rule)
rQGEN-2026-07-07-1,rQGEN,QGEN,2026-07-07,0.3500000000000000,UNRESOLVED,UNRESOLVED,,,,,,,,"no issuer row at ex-date; tier 3 needs first-party amount corroboration, issuer announced ex-date, prior-period amount"
rQQQI-2026-07-22-1,rQQQI,QQQI,2026-07-22,0.6346000000000000,UNRESOLVED,UNRESOLVED,,,,,,,,"no issuer row at ex-date; tier 3 needs first-party amount corroboration, issuer announced ex-date, prior-period amount"
rPSO-2026-08-14-1,rPSO,PSO,2026-08-14,0.1102730000000000,UNRESOLVED,UNRESOLVED,,,,,,,,"no issuer row at ex-date; tier 3 needs first-party amount corroboration, issuer announced ex-date, prior-period amount"
rPSX-2026-08-18-1,rPSX,PSX,2026-08-18,1.2700000000000000,UNRESOLVED,UNRESOLVED,,,,,,,,"no issuer row at ex-date; tier 3 needs first-party amount corroboration, issuer announced ex-date, prior-period amount"
rQQQI-2026-08-19-1,rQQQI,QQQI,2026-08-19,0.6518000000000000,UNRESOLVED,UNRESOLVED,,,,,,,,"no issuer row at ex-date; tier 3 needs first-party amount corroboration, issuer announced ex-date, prior-period amount"
rR-2026-08-24-1,rR,R,2026-08-24,1.0100000000000000,UNRESOLVED,UNRESOLVED,,,,,,,,"no issuer row at ex-date; tier 3 needs first-party amount corroboration, issuer announced ex-date, prior-period amount"
rQ-2026-08-31-1,rQ,Q,2026-08-31,0.0800000000000000,UNRESOLVED,UNRESOLVED,,,,,,,,"no issuer row at ex-date; tier 3 needs first-party amount corroboration, issuer announced ex-date, prior-period amount"
rQCOM-2026-09-03-1,rQCOM,QCOM,2026-09-03,0.9200000000000000,UNRESOLVED,UNRESOLVED,,,,,,,,"no issuer row at ex-date; tier 3 needs first-party amount corroboration, issuer announced ex-date, prior-period amount"
rPYPL-2026-09-04-1,rPYPL,PYPL,2026-09-04,0.1400000000000000,UNRESOLVED,UNRESOLVED,,,,,,,,"no issuer row at ex-date; tier 3 needs first-party amount corroboration, issuer announced ex-date, prior-period amount"
rPUK-2026-09-11-1,rPUK,PUK,2026-09-11,0.1676000000000000,UNRESOLVED,UNRESOLVED,,,,,,,,"no issuer row at ex-date; tier 3 needs first-party amount corroboration, issuer announced ex-date, prior-period amount"
rQQQI-2026-09-16-1,rQQQI,QQQI,2026-09-16,0.6339000000000000,UNRESOLVED,UNRESOLVED,,,,,,,,"no issuer row at ex-date; tier 3 needs first-party amount corroboration, issuer announced ex-date, prior-period amount"
rQSR-2026-09-18-1,rQSR,QSR,2026-09-18,0.6500000000000000,UNRESOLVED,UNRESOLVED,,,,,,,,"no issuer row at ex-date; tier 3 needs first-party amount corroboration, issuer announced ex-date, prior-period amount"
rPWR-2026-10-01-1,rPWR,PWR,2026-10-01,0.1100000000000000,UNRESOLVED,UNRESOLVED,,,,,2026-10-01,0.11 ex 2026-07-01,yahoo_calendar: announced next ex-date 2026-10-01 (third-party); prior realised 0.11 ex 2026-07-01 equals amount (ASSUMED unchanged),no issuer row at ex-date; tier 3 needs first-party amount corroboration
rRF-2026-06-01-1,rRF,RF,2026-06-01,0.2650000000000000,UNRESOLVED,UNRESOLVED,,,,,,,,"no issuer row at ex-date; tier 3 needs first-party amount corroboration, issuer announced ex-date, prior-period amount"
rRDN-2026-06-02-1,rRDN,RDN,2026-06-02,0.2550000000000000,UNRESOLVED,UNRESOLVED,,,,,,,,"no issuer row at ex-date; tier 3 needs first-party amount corroboration, issuer announced ex-date, prior-period amount"
rRCL-2026-06-03-1,rRCL,RCL,2026-06-03,1.5000000000000000,UNRESOLVED,UNRESOLVED,,,,,,,,"no issuer row at ex-date; tier 3 needs first-party amount corroboration, issuer announced ex-date, prior-period amount"
rRAL-2026-06-08-1,rRAL,RAL,2026-06-08,0.0500000000000000,UNRESOLVED,UNRESOLVED,,,,,,,,"no issuer row at ex-date; tier 3 needs first-party amount corroboration, issuer announced ex-date, prior-period amount"
rRCI-2026-06-09-1,rRCI,RCI,2026-06-09,0.3657564000000000,UNRESOLVED,UNRESOLVED,,,,,,,,"no issuer row at ex-date; tier 3 needs first-party amount corroboration, issuer announced ex-date, prior-period amount"
rREG-2026-06-12-1,rREG,REG,2026-06-12,0.7550000000000000,UNRESOLVED,UNRESOLVED,,,,,,,,"no issuer row at ex-date; tier 3 needs first-party amount corroboration, issuer announced ex-date, prior-period amount"
rREXR-2026-06-30-1,rREXR,REXR,2026-06-30,0.4350000000000000,UNRESOLVED,UNRESOLVED,,,,,,,,"no issuer row at ex-date; tier 3 needs first-party amount corroboration, issuer announced ex-date, prior-period amount"
rRDY-2026-07-24-1,rRDY,RDY,2026-07-24,0.0642570000000000,UNRESOLVED,UNRESOLVED,,,,,,,,"no issuer row at ex-date; tier 3 needs first-party amount corroboration, issuer announced ex-date, prior-period amount"
rREZI-2026-08-04-1,rREZI,REZI,2026-08-04,,UNRESOLVED,UNRESOLVED,,,,,,,,not a cash dividend
rRELX-2026-08-07-1,rRELX,RELX,2026-08-07,0.2785130000000000,UNRESOLVED,UNRESOLVED,,,,,,,,"no issuer row at ex-date; tier 3 needs first-party amount corroboration, issuer announced ex-date, prior-period amount"
rREYN-2026-08-17-1,rREYN,REYN,2026-08-17,0.2300000000000000,UNRESOLVED,UNRESOLVED,,,,,,,,"no issuer row at ex-date; tier 3 needs first-party amount corroboration, issuer announced ex-date, prior-period amount"
rREGN-2026-08-18-1,rREGN,REGN,2026-08-18,0.9400000000000000,UNRESOLVED,UNRESOLVED,,,,,,,,"no issuer row at ex-date; tier 3 needs first-party amount corroboration, issuer announced ex-date, prior-period amount"
rRGA-2026-08-18-1,rRGA,RGA,2026-08-18,0.9800000000000000,UNRESOLVED,UNRESOLVED,,,,,,,,"no issuer row at ex-date; tier 3 needs first-party amount corroboration, issuer announced ex-date, prior-period amount"
rRDN-2026-08-24-1,rRDN,RDN,2026-08-24,0.2550000000000000,UNRESOLVED,UNRESOLVED,,,,,,,,"no issuer row at ex-date; tier 3 needs first-party amount corroboration, issuer announced ex-date, prior-period amount"
rRBA-2026-08-25-1,rRBA,RBA,2026-08-25,0.3300000000000000,UNRESOLVED,UNRESOLVED,,,,,,,,"no issuer row at ex-date; tier 3 needs first-party amount corroboration, issuer announced ex-date, prior-period amount"
rRF-2026-09-01-1,rRF,RF,2026-09-01,0.3000000000000000,UNRESOLVED,UNRESOLVED,,,,,,,,"no issuer row at ex-date; tier 3 needs first-party amount corroboration, issuer announced ex-date, prior-period amount"
rRAL-2026-09-08-1,rRAL,RAL,2026-09-08,0.0500000000000000,UNRESOLVED,UNRESOLVED,,,,,,,,"no issuer row at ex-date; tier 3 needs first-party amount corroboration, issuer announced ex-date, prior-period amount"
rRCI-2026-09-08-1,rRCI,RCI,2026-09-08,0.3549500000000000,UNRESOLVED,UNRESOLVED,,,,,,,,"no issuer row at ex-date; tier 3 needs first-party amount corroboration, issuer announced ex-date, prior-period amount"
rREG-2026-09-11-1,rREG,REG,2026-09-11,0.7550000000000000,UNRESOLVED,UNRESOLVED,,,,,,,,"no issuer row at ex-date; tier 3 needs first-party amount corroboration, issuer announced ex-date, prior-period amount"
rRCL-2026-09-17-1,rRCL,RCL,2026-09-17,1.5000000000000000,UNRESOLVED,UNRESOLVED,,,,,,,,"no issuer row at ex-date; tier 3 needs first-party amount corroboration, issuer announced ex-date, prior-period amount"
rREXR-2026-09-30-1,rREXR,REXR,2026-09-30,0.4350000000000000,UNRESOLVED,UNRESOLVED,,,,,,,,"no issuer row at ex-date; tier 3 needs first-party amount corroboration, issuer announced ex-date, prior-period amount"
rROST-2026-06-09-1,rROST,ROST,2026-06-09,0.4450000000000000,UNRESOLVED,UNRESOLVED,,,,,,,,"no issuer row at ex-date; tier 3 needs first-party amount corroboration, issuer announced ex-date, prior-period amount"
rRNR-2026-06-15-1,rRNR,RNR,2026-06-15,0.4100000000000000,UNRESOLVED,UNRESOLVED,,,,,,,,"no issuer row at ex-date; tier 3 needs first-party amount corroboration, issuer announced ex-date, prior-period amount"
rRL-2026-06-26-1,rRL,RL,2026-06-26,1.0000000000000000,UNRESOLVED,UNRESOLVED,,,,,,,,"no issuer row at ex-date; tier 3 needs first-party amount corroboration, issuer announced ex-date, prior-period amount"
rRHP-2026-06-30-1,rRHP,RHP,2026-06-30,1.2000000000000000,UNRESOLVED,UNRESOLVED,,,,,,,,"no issuer row at ex-date; tier 3 needs first-party amount corroboration, issuer announced ex-date, prior-period amount"
rRJF-2026-07-01-1,rRJF,RJF,2026-07-01,0.5400000000000000,UNRESOLVED,UNRESOLVED,,,,,,,,"no issuer row at ex-date; tier 3 needs first-party amount corroboration, issuer announced ex-date, prior-period amount"
rRITM-2026-07-02-1,rRITM,RITM,2026-07-02,0.2500000000000000,UNRESOLVED,UNRESOLVED,,,,,,,,"no issuer row at ex-date; tier 3 needs first-party amount corroboration, issuer announced ex-date, prior-period amount"
rROP-2026-07-08-1,rROP,ROP,2026-07-08,0.9100000000000000,UNRESOLVED,UNRESOLVED,,,,,,,,"no issuer row at ex-date; tier 3 needs first-party amount corroboration, issuer announced ex-date, prior-period amount"
rRPM-2026-07-14-1,rRPM,RPM,2026-07-14,0.5400000000000000,UNRESOLVED,UNRESOLVED,,,,,,,,"no issuer row at ex-date; tier 3 needs first-party amount corroboration, issuer announced ex-date, prior-period amount"
rROL-2026-08-10-1,rROL,ROL,2026-08-10,0.1825000000000000,UNRESOLVED,UNRESOLVED,,,,,,,,"no issuer row at ex-date; tier 3 needs first-party amount corroboration, issuer announced ex-date, prior-period amount"
rRIO-2026-08-14-1,rRIO,RIO,2026-08-14,2.1100000000000000,UNRESOLVED,UNRESOLVED,,,,,,,,"no issuer row at ex-date; tier 3 needs first-party amount corroboration, issuer announced ex-date, prior-period amount"
rRPRX-2026-08-14-1,rRPRX,RPRX,2026-08-14,0.2350000000000000,UNRESOLVED,UNRESOLVED,,,,,,,,"no issuer row at ex-date; tier 3 needs first-party amount corroboration, issuer announced ex-date, prior-period amount"
rROK-2026-08-17-1,rROK,ROK,2026-08-17,1.3800000000000000,UNRESOLVED,UNRESOLVED,,,,,,,,"no issuer row at ex-date; tier 3 needs first-party amount corroboration, issuer announced ex-date, prior-period amount"
rRMD-2026-08-20-1,rRMD,RMD,2026-08-20,0.6600000000000000,UNRESOLVED,UNRESOLVED,,,,,,,,"no issuer row at ex-date; tier 3 needs first-party amount corroboration, issuer announced ex-date, prior-period amount"
rRLI-2026-08-31-1,rRLI,RLI,2026-08-31,0.1800000000000000,UNRESOLVED,UNRESOLVED,,,,,,,,"no issuer row at ex-date; tier 3 needs first-party amount corroboration, issuer announced ex-date, prior-period amount"
rROST-2026-09-08-1,rROST,ROST,2026-09-08,0.4450000000000000,UNRESOLVED,UNRESOLVED,,,,,,,,"no issuer row at ex-date; tier 3 needs first-party amount corroboration, issuer announced ex-date, prior-period amount"
rRNR-2026-09-15-1,rRNR,RNR,2026-09-15,0.4100000000000000,UNRESOLVED,UNRESOLVED,,,,,,,,"no issuer row at ex-date; tier 3 needs first-party amount corroboration, issuer announced ex-date, prior-period amount"
rRL-2026-09-25-1,rRL,RL,2026-09-25,1.0000000000000000,UNRESOLVED,UNRESOLVED,,,,,,,,"no issuer row at ex-date; tier 3 needs first-party amount corroboration, issuer announced ex-date, prior-period amount"
rRHP-2026-09-30-1,rRHP,RHP,2026-09-30,1.2000000000000000,UNRESOLVED,UNRESOLVED,,,,,,,,"no issuer row at ex-date; tier 3 needs first-party amount corroboration, issuer announced ex-date, prior-period amount"
rRJF-2026-10-01-1,rRJF,RJF,2026-10-01,0.5400000000000000,UNRESOLVED,UNRESOLVED,,,,,,,,"no issuer row at ex-date; tier 3 needs first-party amount corroboration, issuer announced ex-date, prior-period amount"
rROP-2026-10-02-1,rROP,ROP,2026-10-02,0.9100000000000000,UNRESOLVED,UNRESOLVED,,,,,,,,"no issuer row at ex-date; tier 3 needs first-party amount corroboration, issuer announced ex-date, prior-period amount"
rRRC-2026-06-12-1,rRRC,RRC,2026-06-12,0.1000000000000000,UNRESOLVED,UNRESOLVED,,,,,,,,"no issuer row at ex-date; tier 3 needs first-party amount corroboration, issuer announced ex-date, prior-period amount"
rRRR-2026-06-15-1,rRRR,RRR,2026-06-15,0.2600000000000000,UNRESOLVED,UNRESOLVED,,,,,,,,"no issuer row at ex-date; tier 3 needs first-party amount corroboration, issuer announced ex-date, prior-period amount"
rRYN-2026-06-16-1,rRYN,RYN,2026-06-16,0.2600000000000000,UNRESOLVED,UNRESOLVED,,,,,,,,"no issuer row at ex-date; tier 3 needs first-party amount corroboration, issuer announced ex-date, prior-period amount"
rRRX-2026-06-30-1,rRRX,RRX,2026-06-30,0.3500000000000000,UNRESOLVED,UNRESOLVED,,,,,,,,"no issuer row at ex-date; tier 3 needs first-party amount corroboration, issuer announced ex-date, prior-period amount"
rRSG-2026-07-02-1,rRSG,RSG,2026-07-02,0.6250000000000000,UNRESOLVED,UNRESOLVED,,,,,,,,"no issuer row at ex-date; tier 3 needs first-party amount corroboration, issuer announced ex-date, prior-period amount"
rSAIC-2026-07-10-1,rSAIC,SAIC,2026-07-10,0.3700000000000000,UNRESOLVED,UNRESOLVED,,,,,,,,"no issuer row at ex-date; tier 3 needs first-party amount corroboration, issuer announced ex-date, prior-period amount"
rRVTY-2026-07-17-1,rRVTY,RVTY,2026-07-17,0.0700000000000000,UNRESOLVED,UNRESOLVED,,,,,,,,"no issuer row at ex-date; tier 3 needs first-party amount corroboration, issuer announced ex-date, prior-period amount"
rRYAN-2026-08-11-1,rRYAN,RYAN,2026-08-11,0.1300000000000000,UNRESOLVED,UNRESOLVED,,,,,,,,"no issuer row at ex-date; tier 3 needs first-party amount corroboration, issuer announced ex-date, prior-period amount"
rRS-2026-08-14-1,rRS,RS,2026-08-14,1.2500000000000000,UNRESOLVED,UNRESOLVED,,,,,,,,"no issuer row at ex-date; tier 3 needs first-party amount corroboration, issuer announced ex-date, prior-period amount"
rRTO-2026-08-14-1,rRTO,RTO,2026-08-14,0.1792000000000000,UNRESOLVED,UNRESOLVED,,,,,,,,"no issuer row at ex-date; tier 3 needs first-party amount corroboration, issuer announced ex-date, prior-period amount"
rRTX-2026-08-14-1,rRTX,RTX,2026-08-14,0.7300000000000000,UNRESOLVED,UNRESOLVED,,,,,,,,"no issuer row at ex-date; tier 3 needs first-party amount corroboration, issuer announced ex-date, prior-period amount"
rRUSHA-2026-09-01-1,rRUSHA,RUSHA,2026-09-01,,UNRESOLVED,UNRESOLVED,,,,,,,,not a cash dividend
rRUSHB-2026-09-01-1,rRUSHB,RUSHB,2026-09-01,,UNRESOLVED,UNRESOLVED,,,,,,,,not a cash dividend
rRUSHA-2026-09-09-1,rRUSHA,RUSHA,2026-09-09,0.1400000000000000,UNRESOLVED,UNRESOLVED,,,,,,,,"no issuer row at ex-date; tier 3 needs first-party amount corroboration, issuer announced ex-date, prior-period amount"
rRUSHB-2026-09-09-1,rRUSHB,RUSHB,2026-09-09,0.1400000000000000,UNRESOLVED,UNRESOLVED,,,,,,,,"no issuer row at ex-date; tier 3 needs first-party amount corroboration, issuer announced ex-date, prior-period amount"
rRRC-2026-09-11-1,rRRC,RRC,2026-09-11,0.1000000000000000,UNRESOLVED,UNRESOLVED,,,,,,,,"no issuer row at ex-date; tier 3 needs first-party amount corroboration, issuer announced ex-date, prior-period amount"
rRRR-2026-09-15-1,rRRR,RRR,2026-09-15,0.2600000000000000,UNRESOLVED,UNRESOLVED,,,,,,,,"no issuer row at ex-date; tier 3 needs first-party amount corroboration, issuer announced ex-date, prior-period amount"
rRYN-2026-09-16-1,rRYN,RYN,2026-09-16,0.2600000000000000,UNRESOLVED,UNRESOLVED,,,,,,,,"no issuer row at ex-date; tier 3 needs first-party amount corroboration, issuer announced ex-date, prior-period amount"
rRRX-2026-09-30-1,rRRX,RRX,2026-09-30,0.3500000000000000,UNRESOLVED,UNRESOLVED,,,,,,,,"no issuer row at ex-date; tier 3 needs first-party amount corroboration, issuer announced ex-date, prior-period amount"
rRSG-2026-10-02-1,rRSG,RSG,2026-10-02,0.6700000000000000,UNRESOLVED,UNRESOLVED,,,,,,,,"no issuer row at ex-date; tier 3 needs first-party amount corroboration, issuer announced ex-date, prior-period amount"
rSAIC-2026-10-09-1,rSAIC,SAIC,2026-10-09,0.3700000000000000,UNRESOLVED,UNRESOLVED,,,,,,,,"no issuer row at ex-date; tier 3 needs first-party amount corroboration, issuer announced ex-date, prior-period amount"
rRVTY-2026-10-23-1,rRVTY,RVTY,2026-10-23,0.0700000000000000,UNRESOLVED,UNRESOLVED,,,,,,,,"no issuer row at ex-date; tier 3 needs first-party amount corroboration, issuer announced ex-date, prior-period amount"
rSATA-2026-06-01-1,rSATA,SATA,2026-06-01,1.0833000000000000,UNRESOLVED,GROSS,2,1.0833,1.083,,,1.083 ex 2026-05-01,nasdaq_declared: 1.0833 ex 2026-06-01 declared 05/13/2026 (third-party); yahoo_realised: 1.083 ex 2026-06-01 (third-party),tier 2
rSF-2026-06-01-1,rSF,SF,2026-06-01,0.3400000000000000,UNRESOLVED,UNRESOLVED,,,,,,,,"no issuer row at ex-date; tier 3 needs first-party amount corroboration, issuer announced ex-date, prior-period amount"
rSGOV-2026-06-01-1,rSGOV,SGOV,2026-06-01,0.2994920000000000,UNRESOLVED,GROSS,2,,0.299,,,0.298 ex 2026-05-01,yahoo_realised: 0.299 ex 2026-06-01 (third-party),tier 2
rSEI-2026-06-02-1,rSEI,SEI,2026-06-02,0.1200000000000000,UNRESOLVED,UNRESOLVED,,,,,,,,"no issuer row at ex-date; tier 3 needs first-party amount corroboration, issuer announced ex-date, prior-period amount"
rSEIC-2026-06-08-1,rSEIC,SEIC,2026-06-08,0.5200000000000000,UNRESOLVED,UNRESOLVED,,,,,,,,"no issuer row at ex-date; tier 3 needs first-party amount corroboration, issuer announced ex-date, prior-period amount"
rSATA-2026-06-15-1,rSATA,SATA,2026-06-15,0.0542000000000000,UNRESOLVED,GROSS,2,0.0542,0.054,,,1.083 ex 2026-06-01,nasdaq_declared: 0.0542 ex 2026-06-15 declared 05/13/2026 (third-party); yahoo_realised: 0.054 ex 2026-06-15 (third-party),tier 2
rSCI-2026-06-15-1,rSCI,SCI,2026-06-15,0.3600000000000000,UNRESOLVED,UNRESOLVED,,,,,,,,"no issuer row at ex-date; tier 3 needs first-party amount corroboration, issuer announced ex-date, prior-period amount"
rSATA-2026-06-16-1,rSATA,SATA,2026-06-16,0.0542000000000000,UNRESOLVED,GROSS,2,0.0542,,,,0.054 ex 2026-06-15,nasdaq_declared: 0.0542 ex 2026-06-16 declared 05/13/2026 (third-party),tier 2
rSATA-2026-06-17-1,rSATA,SATA,2026-06-17,0.0542000000000000,UNRESOLVED,GROSS,2,0.0542,,,,0.054 ex 2026-06-15,nasdaq_declared: 0.0542 ex 2026-06-17 declared 05/13/2026 (third-party),tier 2
rSATA-2026-06-18-1,rSATA,SATA,2026-06-18,0.0542000000000000,UNRESOLVED,GROSS,2,0.0542,0.054,,,0.054 ex 2026-06-15,nasdaq_declared: 0.0542 ex 2026-06-18 declared 05/13/2026 (third-party); yahoo_realised: 0.054 ex 2026-06-18 (third-party),tier 2
rSATA-2026-06-22-1,rSATA,SATA,2026-06-22,0.0542000000000000,UNRESOLVED,GROSS,2,0.0542,0.054,,,0.054 ex 2026-06-18,nasdaq_declared: 0.0542 ex 2026-06-22 declared 05/13/2026 (third-party); yahoo_realised: 0.054 ex 2026-06-22 (third-party),tier 2
rSATA-2026-06-23-1,rSATA,SATA,2026-06-23,0.0542000000000000,UNRESOLVED,GROSS,2,0.0542,0.054,,,0.054 ex 2026-06-22,nasdaq_declared: 0.0542 ex 2026-06-23 declared 05/13/2026 (third-party); yahoo_realised: 0.054 ex 2026-06-23 (third-party),tier 2
rSGHC-2026-06-23-1,rSGHC,SGHC,2026-06-23,0.0500000000000000,UNRESOLVED,UNRESOLVED,,,,,,,,"no issuer row at ex-date; tier 3 needs first-party amount corroboration, issuer announced ex-date, prior-period amount"
rSATA-2026-06-24-1,rSATA,SATA,2026-06-24,0.0542000000000000,UNRESOLVED,GROSS,2,0.0542,0.054,,,0.054 ex 2026-06-23,nasdaq_declared: 0.0542 ex 2026-06-24 declared 05/13/2026 (third-party); yahoo_realised: 0.054 ex 2026-06-24 (third-party),tier 2
rSCHD-2026-06-24-1,rSCHD,SCHD,2026-06-24,0.2525000000000000,GROSS,GROSS,1,,,,,,bitget_notice_2026_07_24: amount and ex-date match; 30% withholding DOCUMENTED,tier 1: 2026-07-24 notice match (builder rule)
rSATA-2026-06-25-1,rSATA,SATA,2026-06-25,0.0542000000000000,UNRESOLVED,GROSS,2,0.0542,0.054,,,0.054 ex 2026-06-24,nasdaq_declared: 0.0542 ex 2026-06-25 declared 05/13/2026 (third-party); yahoo_realised: 0.054 ex 2026-06-25 (third-party),tier 2
rSATA-2026-06-26-1,rSATA,SATA,2026-06-26,0.0542000000000000,UNRESOLVED,GROSS,2,0.0542,0.054,,,0.054 ex 2026-06-25,nasdaq_declared: 0.0542 ex 2026-06-26 declared 05/13/2026 (third-party); yahoo_realised: 0.054 ex 2026-06-26 (third-party),tier 2
rSATA-2026-06-29-1,rSATA,SATA,2026-06-29,0.0542000000000000,UNRESOLVED,GROSS,2,0.0542,0.054,,,0.054 ex 2026-06-26,nasdaq_declared: 0.0542 ex 2026-06-29 declared 05/13/2026 (third-party); yahoo_realised: 0.054 ex 2026-06-29 (third-party),tier 2
rSATA-2026-06-30-1,rSATA,SATA,2026-06-30,0.0493000000000000,UNRESOLVED,GROSS,2,0.0493,0.049,,,0.054 ex 2026-06-29,nasdaq_declared: 0.0493 ex 2026-06-30 declared 06/13/2026 (third-party); yahoo_realised: 0.049 ex 2026-06-30 (third-party),tier 2
rSATA-2026-07-01-1,rSATA,SATA,2026-07-01,0.0493000000000000,UNRESOLVED,GROSS,2,0.0493,0.049,,,0.049 ex 2026-06-30,nasdaq_declared: 0.0493 ex 2026-07-01 declared 06/13/2026 (third-party); yahoo_realised: 0.049 ex 2026-07-01 (third-party),tier 2
rSFBS-2026-07-01-1,rSFBS,SFBS,2026-07-01,0.3800000000000000,UNRESOLVED,UNRESOLVED,,,,,,,,"no issuer row at ex-date; tier 3 needs first-party amount corroboration, issuer announced ex-date, prior-period amount"
rSGOV-2026-07-01-1,rSGOV,SGOV,2026-07-01,0.2957650000000000,GROSS,GROSS,1,,,,,,bitget_notice_2026_07_24: amount and ex-date match; 30% withholding DOCUMENTED,tier 1: 2026-07-24 notice match (builder rule)
rSATA-2026-07-02-1,rSATA,SATA,2026-07-02,0.0493000000000000,UNRESOLVED,GROSS,2,0.0493,0.049,,,0.049 ex 2026-07-01,nasdaq_declared: 0.0493 ex 2026-07-02 declared 06/13/2026 (third-party); yahoo_realised: 0.049 ex 2026-07-02 (third-party),tier 2
rSATA-2026-07-06-1,rSATA,SATA,2026-07-06,0.0493000000000000,UNRESOLVED,GROSS,2,0.0493,0.049,,,0.049 ex 2026-07-02,nasdaq_declared: 0.0493 ex 2026-07-06 declared 06/13/2026 (third-party); yahoo_realised: 0.049 ex 2026-07-06 (third-party),tier 2
rSATA-2026-07-07-1,rSATA,SATA,2026-07-07,0.0493000000000000,UNRESOLVED,GROSS,2,0.0493,0.049,,,0.049 ex 2026-07-06,nasdaq_declared: 0.0493 ex 2026-07-07 declared 06/13/2026 (third-party); yahoo_realised: 0.049 ex 2026-07-07 (third-party),tier 2
rSATA-2026-07-08-1,rSATA,SATA,2026-07-08,0.0493000000000000,UNRESOLVED,GROSS,2,0.0493,0.049,,,0.049 ex 2026-07-07,nasdaq_declared: 0.0493 ex 2026-07-08 declared 06/13/2026 (third-party); yahoo_realised: 0.049 ex 2026-07-08 (third-party),tier 2
rSATA-2026-07-09-1,rSATA,SATA,2026-07-09,0.0493000000000000,GROSS,GROSS,1,,,,,,bitget_notice_2026_07_24: amount and ex-date match; 30% withholding DOCUMENTED,tier 1: 2026-07-24 notice match (builder rule)
rSATA-2026-07-10-1,rSATA,SATA,2026-07-10,0.0493000000000000,GROSS,GROSS,1,,,,,,bitget_notice_2026_07_24: amount and ex-date match; 30% withholding DOCUMENTED,tier 1: 2026-07-24 notice match (builder rule)
rSATA-2026-07-13-1,rSATA,SATA,2026-07-13,0.0493000000000000,GROSS,GROSS,1,,,,,,bitget_notice_2026_07_24: amount and ex-date match; 30% withholding DOCUMENTED,tier 1: 2026-07-24 notice match (builder rule)
rSATA-2026-07-14-1,rSATA,SATA,2026-07-14,0.0493000000000000,GROSS,GROSS,1,,,,,,bitget_notice_2026_07_24: amount and ex-date match; 30% withholding DOCUMENTED,tier 1: 2026-07-24 notice match (builder rule)
rSATA-2026-07-15-1,rSATA,SATA,2026-07-15,0.0493000000000000,UNRESOLVED,GROSS,2,0.0493,0.049,,,0.049 ex 2026-07-14,nasdaq_declared: 0.0493 ex 2026-07-15 declared 06/13/2026 (third-party); yahoo_realised: 0.049 ex 2026-07-15 (third-party),tier 2
rSATA-2026-07-16-1,rSATA,SATA,2026-07-16,0.0493000000000000,UNRESOLVED,GROSS,2,0.0493,0.049,,,0.049 ex 2026-07-15,nasdaq_declared: 0.0493 ex 2026-07-16 declared 06/13/2026 (third-party); yahoo_realised: 0.049 ex 2026-07-16 (third-party),tier 2
rSATA-2026-07-17-1,rSATA,SATA,2026-07-17,0.0493000000000000,UNRESOLVED,GROSS,2,0.0493,0.049,,,0.049 ex 2026-07-16,nasdaq_declared: 0.0493 ex 2026-07-17 declared 06/13/2026 (third-party); yahoo_realised: 0.049 ex 2026-07-17 (third-party),tier 2
rSATA-2026-07-20-1,rSATA,SATA,2026-07-20,0.0493000000000000,UNRESOLVED,GROSS,2,0.0493,0.049,,,0.049 ex 2026-07-17,nasdaq_declared: 0.0493 ex 2026-07-20 declared 06/13/2026 (third-party); yahoo_realised: 0.049 ex 2026-07-20 (third-party),tier 2
rSATA-2026-07-21-1,rSATA,SATA,2026-07-21,0.0493000000000000,GROSS,GROSS,1,,,,,,bitget_notice_2026_07_24: amount and ex-date match; 30% withholding DOCUMENTED,tier 1: 2026-07-24 notice match (builder rule)
rSATA-2026-07-22-1,rSATA,SATA,2026-07-22,0.0493000000000000,UNRESOLVED,GROSS,2,0.0493,0.049,,,0.049 ex 2026-07-21,nasdaq_declared: 0.0493 ex 2026-07-22 declared 06/13/2026 (third-party); yahoo_realised: 0.049 ex 2026-07-22 (third-party),tier 2
rSATA-2026-07-23-1,rSATA,SATA,2026-07-23,0.0493000000000000,UNRESOLVED,GROSS,2,0.0493,0.049,,,0.049 ex 2026-07-22,nasdaq_declared: 0.0493 ex 2026-07-23 declared 06/13/2026 (third-party); yahoo_realised: 0.049 ex 2026-07-23 (third-party),tier 2
rSATA-2026-07-24-1,rSATA,SATA,2026-07-24,0.0493000000000000,UNRESOLVED,GROSS,2,0.0493,0.049,,,0.049 ex 2026-07-23,nasdaq_declared: 0.0493 ex 2026-07-24 declared 06/13/2026 (third-party); yahoo_realised: 0.049 ex 2026-07-24 (third-party),tier 2
rSATA-2026-07-27-1,rSATA,SATA,2026-07-27,0.0493000000000000,UNRESOLVED,GROSS,2,0.0493,0.049,,,0.049 ex 2026-07-24,nasdaq_declared: 0.0493 ex 2026-07-27 declared 06/13/2026 (third-party); yahoo_realised: 0.049 ex 2026-07-27 (third-party),tier 2
rSATA-2026-07-28-1,rSATA,SATA,2026-07-28,0.0493000000000000,UNRESOLVED,GROSS,2,0.0493,0.049,,,0.049 ex 2026-07-27,nasdaq_declared: 0.0493 ex 2026-07-28 declared 06/13/2026 (third-party); yahoo_realised: 0.049 ex 2026-07-28 (third-party),tier 2
rSATA-2026-07-29-1,rSATA,SATA,2026-07-29,0.0493000000000000,UNRESOLVED,GROSS,2,0.0493,0.049,,,0.049 ex 2026-07-28,nasdaq_declared: 0.0493 ex 2026-07-29 declared 06/13/2026 (third-party); yahoo_realised: 0.049 ex 2026-07-29 (third-party),tier 2
rSATA-2026-07-30-1,rSATA,SATA,2026-07-30,0.0493000000000000,UNRESOLVED,GROSS,2,0.0493,0.049,,,0.049 ex 2026-07-29,nasdaq_declared: 0.0493 ex 2026-07-30 declared 06/13/2026 (third-party); yahoo_realised: 0.049 ex 2026-07-30 (third-party),tier 2
rSATA-2026-07-31-1,rSATA,SATA,2026-07-31,0.0516000000000000,UNRESOLVED,GROSS,2,0.0516,0.052,,,0.049 ex 2026-07-30,nasdaq_declared: 0.0516 ex 2026-07-31 declared 07/14/2026 (third-party); yahoo_realised: 0.052 ex 2026-07-31 (third-party),tier 2
rSATA-2026-08-03-1,rSATA,SATA,2026-08-03,0.0516000000000000,UNRESOLVED,GROSS,2,0.0516,0.052,,,0.052 ex 2026-07-31,nasdaq_declared: 0.0516 ex 2026-08-03 declared 07/14/2026 (third-party); yahoo_realised: 0.052 ex 2026-08-03 (third-party),tier 2
rSGOV-2026-08-03-1,rSGOV,SGOV,2026-08-03,0.3068119900000000,UNRESOLVED,GROSS,2,,0.307,,,0.296 ex 2026-07-01,yahoo_realised: 0.307 ex 2026-08-03 (third-party),tier 2
rSATA-2026-08-04-1,rSATA,SATA,2026-08-04,0.0516000000000000,UNRESOLVED,GROSS,2,0.0516,0.052,,,0.052 ex 2026-08-03,nasdaq_declared: 0.0516 ex 2026-08-04 declared 07/14/2026 (third-party); yahoo_realised: 0.052 ex 2026-08-04 (third-party),tier 2
rSATA-2026-08-05-1,rSATA,SATA,2026-08-05,0.0516000000000000,UNRESOLVED,GROSS,2,0.0516,0.052,,,0.052 ex 2026-08-04,nasdaq_declared: 0.0516 ex 2026-08-05 declared 07/14/2026 (third-party); yahoo_realised: 0.052 ex 2026-08-05 (third-party),tier 2
rSATA-2026-08-06-1,rSATA,SATA,2026-08-06,0.0516000000000000,UNRESOLVED,GROSS,2,0.0516,0.052,,,0.052 ex 2026-08-05,nasdaq_declared: 0.0516 ex 2026-08-06 declared 07/14/2026 (third-party); yahoo_realised: 0.052 ex 2026-08-06 (third-party),tier 2
rSATA-2026-08-07-1,rSATA,SATA,2026-08-07,0.0516000000000000,UNRESOLVED,GROSS,2,0.0516,0.052,,,0.052 ex 2026-08-06,nasdaq_declared: 0.0516 ex 2026-08-07 declared 07/14/2026 (third-party); yahoo_realised: 0.052 ex 2026-08-07 (third-party),tier 2
rSATA-2026-08-10-1,rSATA,SATA,2026-08-10,0.0516000000000000,UNRESOLVED,GROSS,2,0.0516,0.052,,,0.052 ex 2026-08-07,nasdaq_declared: 0.0516 ex 2026-08-10 declared 07/14/2026 (third-party); yahoo_realised: 0.052 ex 2026-08-10 (third-party),tier 2
rSATA-2026-08-11-1,rSATA,SATA,2026-08-11,0.0516000000000000,UNRESOLVED,GROSS,2,0.0516,0.052,,,0.052 ex 2026-08-10,nasdaq_declared: 0.0516 ex 2026-08-11 declared 07/14/2026 (third-party); yahoo_realised: 0.052 ex 2026-08-11 (third-party),tier 2
rSCCO-2026-08-11-1,rSCCO,SCCO,2026-08-11,1.1000000000000000,UNRESOLVED,UNRESOLVED,,,,,,,,"no issuer row at ex-date; tier 3 needs first-party amount corroboration, issuer announced ex-date, prior-period amount"
rSCCO-2026-08-11-2,rSCCO,SCCO,2026-08-11,,UNRESOLVED,UNRESOLVED,,,,,,,,not a cash dividend
rSATA-2026-08-12-1,rSATA,SATA,2026-08-12,0.0516000000000000,UNRESOLVED,GROSS,2,0.0516,0.052,,,0.052 ex 2026-08-11,nasdaq_declared: 0.0516 ex 2026-08-12 declared 07/14/2026 (third-party); yahoo_realised: 0.052 ex 2026-08-12 (third-party),tier 2
rSATA-2026-08-13-1,rSATA,SATA,2026-08-13,0.0516000000000000,UNRESOLVED,GROSS,2,0.0516,0.052,,,0.052 ex 2026-08-12,nasdaq_declared: 0.0516 ex 2026-08-13 declared 07/14/2026 (third-party); yahoo_realised: 0.052 ex 2026-08-13 (third-party),tier 2
rSFD-2026-08-13-1,rSFD,SFD,2026-08-13,0.3125000000000000,UNRESOLVED,UNRESOLVED,,,,,,,,"no issuer row at ex-date; tier 3 needs first-party amount corroboration, issuer announced ex-date, prior-period amount"
rSATA-2026-08-14-1,rSATA,SATA,2026-08-14,0.0516000000000000,UNRESOLVED,GROSS,2,0.0516,0.052,,,0.052 ex 2026-08-13,nasdaq_declared: 0.0516 ex 2026-08-14 declared 07/14/2026 (third-party); yahoo_realised: 0.052 ex 2026-08-14 (third-party),tier 2
rSBRA-2026-08-14-1,rSBRA,SBRA,2026-08-14,0.3000000000000000,UNRESOLVED,UNRESOLVED,,,,,,,,"no issuer row at ex-date; tier 3 needs first-party amount corroboration, issuer announced ex-date, prior-period amount"
rSBUX-2026-08-14-1,rSBUX,SBUX,2026-08-14,0.6200000000000000,UNRESOLVED,UNRESOLVED,,,,,,,,"no issuer row at ex-date; tier 3 needs first-party amount corroboration, issuer announced ex-date, prior-period amount"
rSCHW-2026-08-14-1,rSCHW,SCHW,2026-08-14,0.3200000000000000,UNRESOLVED,UNRESOLVED,,,,,,,,"no issuer row at ex-date; tier 3 needs first-party amount corroboration, issuer announced ex-date, prior-period amount"
rSEB-2026-08-14-1,rSEB,SEB,2026-08-14,2.2500000000000000,UNRESOLVED,UNRESOLVED,,,,,,,,"no issuer row at ex-date; tier 3 needs first-party amount corroboration, issuer announced ex-date, prior-period amount"
rSATA-2026-08-17-1,rSATA,SATA,2026-08-17,0.0516000000000000,UNRESOLVED,GROSS,2,0.0516,0.052,,,0.052 ex 2026-08-14,nasdaq_declared: 0.0516 ex 2026-08-17 declared 07/14/2026 (third-party); yahoo_realised: 0.052 ex 2026-08-17 (third-party),tier 2
rSATA-2026-08-18-1,rSATA,SATA,2026-08-18,0.0516000000000000,UNRESOLVED,GROSS,2,0.0516,0.052,,,0.052 ex 2026-08-17,nasdaq_declared: 0.0516 ex 2026-08-18 declared 07/14/2026 (third-party); yahoo_realised: 0.052 ex 2026-08-18 (third-party),tier 2
rSATA-2026-08-19-1,rSATA,SATA,2026-08-19,0.0516000000000000,UNRESOLVED,GROSS,2,0.0516,0.052,,,0.052 ex 2026-08-18,nasdaq_declared: 0.0516 ex 2026-08-19 declared 07/14/2026 (third-party); yahoo_realised: 0.052 ex 2026-08-19 (third-party),tier 2
rSATA-2026-08-20-1,rSATA,SATA,2026-08-20,0.0516000000000000,UNRESOLVED,GROSS,2,0.0516,0.052,,,0.052 ex 2026-08-19,nasdaq_declared: 0.0516 ex 2026-08-20 declared 07/14/2026 (third-party); yahoo_realised: 0.052 ex 2026-08-20 (third-party),tier 2
rSBAC-2026-08-20-1,rSBAC,SBAC,2026-08-20,1.2500000000000000,UNRESOLVED,UNRESOLVED,,,,,,,,"no issuer row at ex-date; tier 3 needs first-party amount corroboration, issuer announced ex-date, prior-period amount"
rSGI-2026-08-20-1,rSGI,SGI,2026-08-20,0.1700000000000000,UNRESOLVED,UNRESOLVED,,,,,,,,"no issuer row at ex-date; tier 3 needs first-party amount corroboration, issuer announced ex-date, prior-period amount"
rSATA-2026-08-21-1,rSATA,SATA,2026-08-21,0.0516000000000000,UNRESOLVED,GROSS,2,0.0516,0.052,,,0.052 ex 2026-08-20,nasdaq_declared: 0.0516 ex 2026-08-21 declared 07/14/2026 (third-party); yahoo_realised: 0.052 ex 2026-08-21 (third-party),tier 2
rSFBS-2026-08-21-1,rSFBS,SFBS,2026-08-21,,UNRESOLVED,UNRESOLVED,,,,,,,,not a cash dividend
rSATA-2026-08-24-1,rSATA,SATA,2026-08-24,0.0516000000000000,UNRESOLVED,GROSS,2,0.0516,0.052,,,0.052 ex 2026-08-21,nasdaq_declared: 0.0516 ex 2026-08-24 declared 07/14/2026 (third-party); yahoo_realised: 0.052 ex 2026-08-24 (third-party),tier 2
rSATA-2026-08-25-1,rSATA,SATA,2026-08-25,0.0516000000000000,UNRESOLVED,GROSS,2,0.0516,0.052,,,0.052 ex 2026-08-24,nasdaq_declared: 0.0516 ex 2026-08-25 declared 07/14/2026 (third-party); yahoo_realised: 0.052 ex 2026-08-25 (third-party),tier 2
rSATA-2026-08-26-1,rSATA,SATA,2026-08-26,0.0516000000000000,UNRESOLVED,GROSS,2,0.0516,0.052,,,0.052 ex 2026-08-25,nasdaq_declared: 0.0516 ex 2026-08-26 declared 07/14/2026 (third-party); yahoo_realised: 0.052 ex 2026-08-26 (third-party),tier 2
rSATA-2026-08-27-1,rSATA,SATA,2026-08-27,0.0516000000000000,UNRESOLVED,GROSS,2,0.0516,0.052,,,0.052 ex 2026-08-26,nasdaq_declared: 0.0516 ex 2026-08-27 declared 07/14/2026 (third-party); yahoo_realised: 0.052 ex 2026-08-27 (third-party),tier 2
rSATA-2026-08-28-1,rSATA,SATA,2026-08-28,0.0516000000000000,UNRESOLVED,GROSS,2,0.0516,0.052,,,0.052 ex 2026-08-27,nasdaq_declared: 0.0516 ex 2026-08-28 declared 07/14/2026 (third-party); yahoo_realised: 0.052 ex 2026-08-28 (third-party),tier 2
rSATA-2026-08-31-1,rSATA,SATA,2026-08-31,0.0516000000000000,UNRESOLVED,GROSS,2,0.0516,0.052,,,0.052 ex 2026-08-28,nasdaq_declared: 0.0516 ex 2026-08-31 declared 08/13/2026 (third-party); yahoo_realised: 0.052 ex 2026-08-31 (third-party),tier 2
rSATA-2026-09-01-1,rSATA,SATA,2026-09-01,0.0516000000000000,UNRESOLVED,GROSS,2,0.0516,0.052,,,0.052 ex 2026-08-31,nasdaq_declared: 0.0516 ex 2026-09-01 declared 08/13/2026 (third-party); yahoo_realised: 0.052 ex 2026-09-01 (third-party),tier 2
rSF-2026-09-01-1,rSF,SF,2026-09-01,0.3400000000000000,UNRESOLVED,UNRESOLVED,,,,,,,,"no issuer row at ex-date; tier 3 needs first-party amount corroboration, issuer announced ex-date, prior-period amount"
rSGOV-2026-09-01-1,rSGOV,SGOV,2026-09-01,0.3070980000000000,UNRESOLVED,GROSS,2,,0.307,,,0.307 ex 2026-08-03,yahoo_realised: 0.307 ex 2026-09-01 (third-party),tier 2
rSATA-2026-09-02-1,rSATA,SATA,2026-09-02,0.0516000000000000,UNRESOLVED,GROSS,2,0.0516,0.052,,,0.052 ex 2026-09-01,nasdaq_declared: 0.0516 ex 2026-09-02 declared 08/13/2026 (third-party); yahoo_realised: 0.052 ex 2026-09-02 (third-party),tier 2
rSATA-2026-09-03-1,rSATA,SATA,2026-09-03,0.0516000000000000,UNRESOLVED,GROSS,2,0.0516,0.052,,,0.052 ex 2026-09-02,nasdaq_declared: 0.0516 ex 2026-09-03 declared 08/13/2026 (third-party); yahoo_realised: 0.052 ex 2026-09-03 (third-party),tier 2
rSATA-2026-09-04-1,rSATA,SATA,2026-09-04,0.0516000000000000,UNRESOLVED,GROSS,2,0.0516,0.052,,,0.052 ex 2026-09-03,nasdaq_declared: 0.0516 ex 2026-09-04 declared 08/13/2026 (third-party); yahoo_realised: 0.052 ex 2026-09-04 (third-party),tier 2
rSATA-2026-09-08-1,rSATA,SATA,2026-09-08,0.0516000000000000,UNRESOLVED,GROSS,2,0.0516,0.052,,,0.052 ex 2026-09-04,nasdaq_declared: 0.0516 ex 2026-09-08 declared 08/13/2026 (third-party); yahoo_realised: 0.052 ex 2026-09-08 (third-party),tier 2
rSATA-2026-09-09-1,rSATA,SATA,2026-09-09,0.0516000000000000,UNRESOLVED,GROSS,2,0.0516,0.052,,,0.052 ex 2026-09-08,nasdaq_declared: 0.0516 ex 2026-09-09 declared 08/13/2026 (third-party); yahoo_realised: 0.052 ex 2026-09-09 (third-party),tier 2
rSATA-2026-09-10-1,rSATA,SATA,2026-09-10,0.0516000000000000,UNRESOLVED,GROSS,2,0.0516,0.052,,,0.052 ex 2026-09-09,nasdaq_declared: 0.0516 ex 2026-09-10 declared 08/13/2026 (third-party); yahoo_realised: 0.052 ex 2026-09-10 (third-party),tier 2
rSATA-2026-09-11-1,rSATA,SATA,2026-09-11,0.0516000000000000,UNRESOLVED,GROSS,2,0.0516,0.052,,,0.052 ex 2026-09-10,nasdaq_declared: 0.0516 ex 2026-09-11 declared 08/13/2026 (third-party); yahoo_realised: 0.052 ex 2026-09-11 (third-party),tier 2
rSATA-2026-09-14-1,rSATA,SATA,2026-09-14,0.0516000000000000,UNRESOLVED,GROSS,2,0.0516,0.052,,,0.052 ex 2026-09-11,nasdaq_declared: 0.0516 ex 2026-09-14 declared 08/13/2026 (third-party); yahoo_realised: 0.052 ex 2026-09-14 (third-party),tier 2
rSATA-2026-09-15-1,rSATA,SATA,2026-09-15,0.0516000000000000,UNRESOLVED,GROSS,2,0.0516,0.052,,,0.052 ex 2026-09-14,nasdaq_declared: 0.0516 ex 2026-09-15 declared 08/13/2026 (third-party); yahoo_realised: 0.052 ex 2026-09-15 (third-party),tier 2
rSCI-2026-09-15-1,rSCI,SCI,2026-09-15,0.3600000000000000,UNRESOLVED,UNRESOLVED,,,,,,,,"no issuer row at ex-date; tier 3 needs first-party amount corroboration, issuer announced ex-date, prior-period amount"
rSEI-2026-09-15-1,rSEI,SEI,2026-09-15,0.1200000000000000,UNRESOLVED,UNRESOLVED,,,,,,,,"no issuer row at ex-date; tier 3 needs first-party amount corroboration, issuer announced ex-date, prior-period amount"
rSATA-2026-09-16-1,rSATA,SATA,2026-09-16,0.0516000000000000,UNRESOLVED,GROSS,2,0.0516,0.052,,,0.052 ex 2026-09-15,nasdaq_declared: 0.0516 ex 2026-09-16 declared 08/13/2026 (third-party); yahoo_realised: 0.052 ex 2026-09-16 (third-party),tier 2
rSATA-2026-09-17-1,rSATA,SATA,2026-09-17,0.0516000000000000,UNRESOLVED,GROSS,2,0.0516,,,,0.052 ex 2026-09-16,nasdaq_declared: 0.0516 ex 2026-09-17 declared 08/13/2026 (third-party),tier 2
rSATA-2026-09-18-1,rSATA,SATA,2026-09-18,0.0516000000000000,UNRESOLVED,GROSS,2,0.0516,,,,0.052 ex 2026-09-16,nasdaq_declared: 0.0516 ex 2026-09-18 declared 08/13/2026 (third-party),tier 2
rSBSW-2026-09-18-1,rSBSW,SBSW,2026-09-18,0.3988160000000000,UNRESOLVED,UNRESOLVED,,,,,,,,"no issuer row at ex-date; tier 3 needs first-party amount corroboration, issuer announced ex-date, prior-period amount"
rSATA-2026-09-21-1,rSATA,SATA,2026-09-21,0.0516000000000000,UNRESOLVED,GROSS,2,0.0516,,,,0.052 ex 2026-09-16,nasdaq_declared: 0.0516 ex 2026-09-21 declared 08/13/2026 (third-party),tier 2
rSATA-2026-09-22-1,rSATA,SATA,2026-09-22,0.0516000000000000,UNRESOLVED,GROSS,2,0.0516,,,,0.052 ex 2026-09-16,nasdaq_declared: 0.0516 ex 2026-09-22 declared 08/13/2026 (third-party),tier 2
rSGHC-2026-09-22-1,rSGHC,SGHC,2026-09-22,0.0500000000000000,UNRESOLVED,UNRESOLVED,,,,,,,,"no issuer row at ex-date; tier 3 needs first-party amount corroboration, issuer announced ex-date, prior-period amount"
rSATA-2026-09-23-1,rSATA,SATA,2026-09-23,0.0516000000000000,UNRESOLVED,GROSS,2,0.0516,,,,0.052 ex 2026-09-16,nasdaq_declared: 0.0516 ex 2026-09-23 declared 08/13/2026 (third-party),tier 2
rSATA-2026-09-24-1,rSATA,SATA,2026-09-24,0.0516000000000000,UNRESOLVED,GROSS,2,0.0516,,,,0.052 ex 2026-09-16,nasdaq_declared: 0.0516 ex 2026-09-24 declared 08/13/2026 (third-party),tier 2
rSATA-2026-09-25-1,rSATA,SATA,2026-09-25,0.0516000000000000,UNRESOLVED,GROSS,2,0.0516,,,,0.052 ex 2026-09-16,nasdaq_declared: 0.0516 ex 2026-09-25 declared 08/13/2026 (third-party),tier 2
rSATA-2026-09-28-1,rSATA,SATA,2026-09-28,0.0516000000000000,UNRESOLVED,GROSS,2,0.0516,,,,0.052 ex 2026-09-16,nasdaq_declared: 0.0516 ex 2026-09-28 declared 08/13/2026 (third-party),tier 2
rSATA-2026-09-29-1,rSATA,SATA,2026-09-29,0.0516000000000000,UNRESOLVED,GROSS,2,0.0516,,,,0.052 ex 2026-09-16,nasdaq_declared: 0.0516 ex 2026-09-29 declared 08/13/2026 (third-party),tier 2
rSATA-2026-09-30-1,rSATA,SATA,2026-09-30,0.0516000000000000,UNRESOLVED,UNRESOLVED,,,,,,,,"no issuer row at ex-date; tier 3 needs first-party amount corroboration, issuer announced ex-date, prior-period amount"
rSATA-2026-10-01-1,rSATA,SATA,2026-10-01,0.0516000000000000,UNRESOLVED,UNRESOLVED,,,,,,,,"no issuer row at ex-date; tier 3 needs first-party amount corroboration, issuer announced ex-date, prior-period amount"
rSATA-2026-10-02-1,rSATA,SATA,2026-10-02,0.0516000000000000,UNRESOLVED,UNRESOLVED,,,,,,,,"no issuer row at ex-date; tier 3 needs first-party amount corroboration, issuer announced ex-date, prior-period amount"
rSATA-2026-10-05-1,rSATA,SATA,2026-10-05,0.0516000000000000,UNRESOLVED,UNRESOLVED,,,,,,,,"no issuer row at ex-date; tier 3 needs first-party amount corroboration, issuer announced ex-date, prior-period amount"
rSATA-2026-10-06-1,rSATA,SATA,2026-10-06,0.0516000000000000,UNRESOLVED,UNRESOLVED,,,,,,,,"no issuer row at ex-date; tier 3 needs first-party amount corroboration, issuer announced ex-date, prior-period amount"
rSATA-2026-10-07-1,rSATA,SATA,2026-10-07,0.0516000000000000,UNRESOLVED,UNRESOLVED,,,,,,,,"no issuer row at ex-date; tier 3 needs first-party amount corroboration, issuer announced ex-date, prior-period amount"
rSATA-2026-10-08-1,rSATA,SATA,2026-10-08,0.0516000000000000,UNRESOLVED,UNRESOLVED,,,,,,,,"no issuer row at ex-date; tier 3 needs first-party amount corroboration, issuer announced ex-date, prior-period amount"
rSATA-2026-10-09-1,rSATA,SATA,2026-10-09,0.0516000000000000,UNRESOLVED,UNRESOLVED,,,,,,,,"no issuer row at ex-date; tier 3 needs first-party amount corroboration, issuer announced ex-date, prior-period amount"
rSATA-2026-10-13-1,rSATA,SATA,2026-10-13,0.0516000000000000,UNRESOLVED,UNRESOLVED,,,,,,,,"no issuer row at ex-date; tier 3 needs first-party amount corroboration, issuer announced ex-date, prior-period amount"
rSATA-2026-10-14-1,rSATA,SATA,2026-10-14,0.0516000000000000,UNRESOLVED,UNRESOLVED,,,,,,,,"no issuer row at ex-date; tier 3 needs first-party amount corroboration, issuer announced ex-date, prior-period amount"
rSATA-2026-10-15-1,rSATA,SATA,2026-10-15,0.0516000000000000,UNRESOLVED,UNRESOLVED,,,,,,,,"no issuer row at ex-date; tier 3 needs first-party amount corroboration, issuer announced ex-date, prior-period amount"
rSATA-2026-10-16-1,rSATA,SATA,2026-10-16,0.0516000000000000,UNRESOLVED,UNRESOLVED,,,,,,,,"no issuer row at ex-date; tier 3 needs first-party amount corroboration, issuer announced ex-date, prior-period amount"
rSATA-2026-10-19-1,rSATA,SATA,2026-10-19,0.0516000000000000,UNRESOLVED,UNRESOLVED,,,,,,,,"no issuer row at ex-date; tier 3 needs first-party amount corroboration, issuer announced ex-date, prior-period amount"
rSATA-2026-10-20-1,rSATA,SATA,2026-10-20,0.0516000000000000,UNRESOLVED,UNRESOLVED,,,,,,,,"no issuer row at ex-date; tier 3 needs first-party amount corroboration, issuer announced ex-date, prior-period amount"
rSATA-2026-10-21-1,rSATA,SATA,2026-10-21,0.0516000000000000,UNRESOLVED,UNRESOLVED,,,,,,,,"no issuer row at ex-date; tier 3 needs first-party amount corroboration, issuer announced ex-date, prior-period amount"
rSATA-2026-10-22-1,rSATA,SATA,2026-10-22,0.0516000000000000,UNRESOLVED,UNRESOLVED,,,,,,,,"no issuer row at ex-date; tier 3 needs first-party amount corroboration, issuer announced ex-date, prior-period amount"
rSATA-2026-10-23-1,rSATA,SATA,2026-10-23,0.0516000000000000,UNRESOLVED,UNRESOLVED,,,,,,,,"no issuer row at ex-date; tier 3 needs first-party amount corroboration, issuer announced ex-date, prior-period amount"
rSATA-2026-10-26-1,rSATA,SATA,2026-10-26,0.0516000000000000,UNRESOLVED,UNRESOLVED,,,,,,,,"no issuer row at ex-date; tier 3 needs first-party amount corroboration, issuer announced ex-date, prior-period amount"
rSHY-2026-06-01-1,rSHY,SHY,2026-06-01,0.2429010000000000,UNRESOLVED,UNRESOLVED,,,,,,,,"no issuer row at ex-date; tier 3 needs first-party amount corroboration, issuer announced ex-date, prior-period amount"
rSLGN-2026-06-01-1,rSLGN,SLGN,2026-06-01,0.2100000000000000,UNRESOLVED,UNRESOLVED,,,,,,,,"no issuer row at ex-date; tier 3 needs first-party amount corroboration, issuer announced ex-date, prior-period amount"
rSLB-2026-06-03-1,rSLB,SLB,2026-06-03,0.2950000000000000,UNRESOLVED,UNRESOLVED,,,,,,,,"no issuer row at ex-date; tier 3 needs first-party amount corroboration, issuer announced ex-date, prior-period amount"
rSLM-2026-06-04-1,rSLM,SLM,2026-06-04,0.1300000000000000,UNRESOLVED,UNRESOLVED,,,,,,,,"no issuer row at ex-date; tier 3 needs first-party amount corroboration, issuer announced ex-date, prior-period amount"
rSM-2026-06-08-1,rSM,SM,2026-06-08,0.2200000000000000,UNRESOLVED,UNRESOLVED,,,,,,,,"no issuer row at ex-date; tier 3 needs first-party amount corroboration, issuer announced ex-date, prior-period amount"
rSHY-2026-07-01-1,rSHY,SHY,2026-07-01,0.2383130000000000,UNRESOLVED,UNRESOLVED,,,,,,,,"no issuer row at ex-date; tier 3 needs first-party amount corroboration, issuer announced ex-date, prior-period amount"
rSHG-2026-07-30-1,rSHG,SHG,2026-07-30,0.4266020100000000,UNRESOLVED,UNRESOLVED,,,,,,,,"no issuer row at ex-date; tier 3 needs first-party amount corroboration, issuer announced ex-date, prior-period amount"
rSKT-2026-07-31-1,rSKT,SKT,2026-07-31,0.3125000000000000,UNRESOLVED,UNRESOLVED,,,,,,,,"no issuer row at ex-date; tier 3 needs first-party amount corroboration, issuer announced ex-date, prior-period amount"
rSHY-2026-08-03-1,rSHY,SHY,2026-08-03,0.2507720000000000,UNRESOLVED,UNRESOLVED,,,,,,,,"no issuer row at ex-date; tier 3 needs first-party amount corroboration, issuer announced ex-date, prior-period amount"
rSIMO-2026-08-06-1,rSIMO,SIMO,2026-08-06,0.5000000000000000,UNRESOLVED,UNRESOLVED,,,,,,,,"no issuer row at ex-date; tier 3 needs first-party amount corroboration, issuer announced ex-date, prior-period amount"
rSIRI-2026-08-10-1,rSIRI,SIRI,2026-08-10,0.2700000000000000,UNRESOLVED,UNRESOLVED,,,,,,,,"no issuer row at ex-date; tier 3 needs first-party amount corroboration, issuer announced ex-date, prior-period amount"
rSHEL-2026-08-14-1,rSHEL,SHEL,2026-08-14,0.7812000000000000,UNRESOLVED,UNRESOLVED,,,,,,,,"no issuer row at ex-date; tier 3 needs first-party amount corroboration, issuer announced ex-date, prior-period amount"
rSJM-2026-08-14-1,rSJM,SJM,2026-08-14,1.1200000000000000,UNRESOLVED,UNRESOLVED,,,,,,,,"no issuer row at ex-date; tier 3 needs first-party amount corroboration, issuer announced ex-date, prior-period amount"
rSIGI-2026-08-17-1,rSIGI,SIGI,2026-08-17,0.4300000000000000,UNRESOLVED,UNRESOLVED,,,,,,,,"no issuer row at ex-date; tier 3 needs first-party amount corroboration, issuer announced ex-date, prior-period amount"
rSHW-2026-08-21-1,rSHW,SHW,2026-08-21,0.8000000000000000,UNRESOLVED,UNRESOLVED,,,,,,,,"no issuer row at ex-date; tier 3 needs first-party amount corroboration, issuer announced ex-date, prior-period amount"
rSLF-2026-08-26-1,rSLF,SLF,2026-08-26,0.6849600000000000,UNRESOLVED,UNRESOLVED,,,,,,,,"no issuer row at ex-date; tier 3 needs first-party amount corroboration, issuer announced ex-date, prior-period amount"
rSKM-2026-08-31-1,rSKM,SKM,2026-08-31,0.3359920100000000,UNRESOLVED,UNRESOLVED,,,,,,,,"no issuer row at ex-date; tier 3 needs first-party amount corroboration, issuer announced ex-date, prior-period amount"
rSHY-2026-09-01-1,rSHY,SHY,2026-09-01,0.2439830000000000,UNRESOLVED,UNRESOLVED,,,,,,,,"no issuer row at ex-date; tier 3 needs first-party amount corroboration, issuer announced ex-date, prior-period amount"
rSLGN-2026-09-01-1,rSLGN,SLGN,2026-09-01,0.2100000000000000,UNRESOLVED,UNRESOLVED,,,,,,,,"no issuer row at ex-date; tier 3 needs first-party amount corroboration, issuer announced ex-date, prior-period amount"
rSLB-2026-09-02-1,rSLB,SLB,2026-09-02,0.2950000000000000,UNRESOLVED,UNRESOLVED,,,,,,,,"no issuer row at ex-date; tier 3 needs first-party amount corroboration, issuer announced ex-date, prior-period amount"
rSLM-2026-09-04-1,rSLM,SLM,2026-09-04,0.1300000000000000,UNRESOLVED,UNRESOLVED,,,,,,,,"no issuer row at ex-date; tier 3 needs first-party amount corroboration, issuer announced ex-date, prior-period amount"
rSM-2026-09-04-1,rSM,SM,2026-09-04,0.2200000000000000,UNRESOLVED,UNRESOLVED,,,,,,,,"no issuer row at ex-date; tier 3 needs first-party amount corroboration, issuer announced ex-date, prior-period amount"
rSNXX-2026-06-03-1,rSNXX,SNXX,2026-06-03,,UNRESOLVED,UNRESOLVED,,,,,,,,not a cash dividend
rSNDR-2026-06-12-1,rSNDR,SNDR,2026-06-12,0.1000000000000000,UNRESOLVED,UNRESOLVED,,,,,,,,"no issuer row at ex-date; tier 3 needs first-party amount corroboration, issuer announced ex-date, prior-period amount"
rSOBO-2026-06-30-1,rSOBO,SOBO,2026-06-30,0.5000000000000000,UNRESOLVED,UNRESOLVED,,,,,,,,"no issuer row at ex-date; tier 3 needs first-party amount corroboration, issuer announced ex-date, prior-period amount"
rSNX-2026-07-17-1,rSNX,SNX,2026-07-17,0.4800000000000000,UNRESOLVED,UNRESOLVED,,,,,,,,"no issuer row at ex-date; tier 3 needs first-party amount corroboration, issuer announced ex-date, prior-period amount"
rSON-2026-08-10-1,rSON,SON,2026-08-10,0.5400000000000000,UNRESOLVED,UNRESOLVED,,,,,,,,"no issuer row at ex-date; tier 3 needs first-party amount corroboration, issuer announced ex-date, prior-period amount"
rSO-2026-08-17-1,rSO,SO,2026-08-17,0.7600000000000000,UNRESOLVED,UNRESOLVED,,,,,,,,"no issuer row at ex-date; tier 3 needs first-party amount corroboration, issuer announced ex-date, prior-period amount"
rSNA-2026-08-19-1,rSNA,SNA,2026-08-19,2.4400000000000000,UNRESOLVED,UNRESOLVED,,,,,,,,"no issuer row at ex-date; tier 3 needs first-party amount corroboration, issuer announced ex-date, prior-period amount"
rSOLS-2026-08-27-1,rSOLS,SOLS,2026-08-27,0.0750000000000000,UNRESOLVED,UNRESOLVED,,,,,,,,"no issuer row at ex-date; tier 3 needs first-party amount corroboration, issuer announced ex-date, prior-period amount"
rSNDR-2026-09-11-1,rSNDR,SNDR,2026-09-11,0.1000000000000000,UNRESOLVED,UNRESOLVED,,,,,,,,"no issuer row at ex-date; tier 3 needs first-party amount corroboration, issuer announced ex-date, prior-period amount"
rSOBO-2026-09-29-1,rSOBO,SOBO,2026-09-29,0.5000000000000000,UNRESOLVED,UNRESOLVED,,,,,,,,"no issuer row at ex-date; tier 3 needs first-party amount corroboration, issuer announced ex-date, prior-period amount"
rSNN-2026-10-02-1,rSNN,SNN,2026-10-02,0.3120000000000000,UNRESOLVED,UNRESOLVED,,,,,,,,"no issuer row at ex-date; tier 3 needs first-party amount corroboration, issuer announced ex-date, prior-period amount"
rSSNC-2026-06-01-1,rSSNC,SSNC,2026-06-01,0.2700000000000000,UNRESOLVED,UNRESOLVED,,,,,,,,"no issuer row at ex-date; tier 3 needs first-party amount corroboration, issuer announced ex-date, prior-period amount"
rSTE-2026-06-08-1,rSTE,STE,2026-06-08,0.6300000000000000,UNRESOLVED,UNRESOLVED,,,,,,,,"no issuer row at ex-date; tier 3 needs first-party amount corroboration, issuer announced ex-date, prior-period amount"
rSPG-2026-06-09-1,rSPG,SPG,2026-06-09,2.2500000000000000,UNRESOLVED,UNRESOLVED,,,,,,,,"no issuer row at ex-date; tier 3 needs first-party amount corroboration, issuer announced ex-date, prior-period amount"
rSOXX-2026-06-15-1,rSOXX,SOXX,2026-06-15,0.2827260000000000,UNRESOLVED,UNRESOLVED,,,,,,,,"no issuer row at ex-date; tier 3 needs first-party amount corroboration, issuer announced ex-date, prior-period amount"
rSPY-2026-06-18-1,rSPY,SPY,2026-06-18,1.9035160000000000,UNRESOLVED,UNRESOLVED,,,,,,,,"no issuer row at ex-date; tier 3 needs first-party amount corroboration, issuer announced ex-date, prior-period amount"
rSPMO-2026-06-22-1,rSPMO,SPMO,2026-06-22,0.2451500000000000,UNRESOLVED,UNRESOLVED,,,,,,,,"no issuer row at ex-date; tier 3 needs first-party amount corroboration, issuer announced ex-date, prior-period amount"
rSOXS-2026-06-23-1,rSOXS,SOXS,2026-06-23,0.0375000000000000,GROSS,GROSS,1,,,,,,bitget_notice_2026_07_24: amount and ex-date match; 30% withholding DOCUMENTED,tier 1: 2026-07-24 notice match (builder rule)
rSPXU-2026-06-24-1,rSPXU,SPXU,2026-06-24,0.3914450000000000,GROSS,GROSS,1,,,,,,bitget_notice_2026_07_24: amount and ex-date match; 30% withholding DOCUMENTED,tier 1: 2026-07-24 notice match (builder rule)
rSQQQ-2026-06-24-1,rSQQQ,SQQQ,2026-06-24,0.6376370000000000,GROSS,GROSS,1,,,,,,bitget_notice_2026_07_24: amount and ex-date match; 30% withholding DOCUMENTED,tier 1: 2026-07-24 notice match (builder rule)
rSRE-2026-06-25-1,rSRE,SRE,2026-06-25,0.6575000000000000,UNRESOLVED,UNRESOLVED,,,,,,,,"no issuer row at ex-date; tier 3 needs first-party amount corroboration, issuer announced ex-date, prior-period amount"
rSTAG-2026-06-30-1,rSTAG,STAG,2026-06-30,0.3875000000000000,UNRESOLVED,UNRESOLVED,,,,,,,,"no issuer row at ex-date; tier 3 needs first-party amount corroboration, issuer announced ex-date, prior-period amount"
rSSD-2026-07-02-1,rSSD,SSD,2026-07-02,0.3000000000000000,UNRESOLVED,UNRESOLVED,,,,,,,,"no issuer row at ex-date; tier 3 needs first-party amount corroboration, issuer announced ex-date, prior-period amount"
rSOXS-2026-07-15-1,rSOXS,SOXS,2026-07-15,,UNRESOLVED,UNRESOLVED,,,,,,,,not a cash dividend
rSSB-2026-08-07-1,rSSB,SSB,2026-08-07,0.6600000000000000,UNRESOLVED,UNRESOLVED,,,,,,,,"no issuer row at ex-date; tier 3 needs first-party amount corroboration, issuer announced ex-date, prior-period amount"
rST-2026-08-12-1,rST,ST,2026-08-12,0.1200000000000000,UNRESOLVED,UNRESOLVED,,,,,,,,"no issuer row at ex-date; tier 3 needs first-party amount corroboration, issuer announced ex-date, prior-period amount"
rSSRM-2026-08-14-1,rSSRM,SSRM,2026-08-14,0.0300000000000000,UNRESOLVED,UNRESOLVED,,,,,,,,"no issuer row at ex-date; tier 3 needs first-party amount corroboration, issuer announced ex-date, prior-period amount"
rSSNC-2026-09-01-1,rSSNC,SSNC,2026-09-01,0.3000000000000000,UNRESOLVED,UNRESOLVED,,,,,,,,"no issuer row at ex-date; tier 3 needs first-party amount corroboration, issuer announced ex-date, prior-period amount"
rSTE-2026-09-04-1,rSTE,STE,2026-09-04,0.6900000000000000,UNRESOLVED,UNRESOLVED,,,,,,,,"no issuer row at ex-date; tier 3 needs first-party amount corroboration, issuer announced ex-date, prior-period amount"
rSQM-2026-09-08-1,rSQM,SQM,2026-09-08,0.9327560000000000,UNRESOLVED,UNRESOLVED,,,,,,,,"no issuer row at ex-date; tier 3 needs first-party amount corroboration, issuer announced ex-date, prior-period amount"
rSPG-2026-09-09-1,rSPG,SPG,2026-09-09,2.2500000000000000,UNRESOLVED,UNRESOLVED,,,,,,,,"no issuer row at ex-date; tier 3 needs first-party amount corroboration, issuer announced ex-date, prior-period amount"
rSOXX-2026-09-15-1,rSOXX,SOXX,2026-09-15,0.3250460000000000,UNRESOLVED,UNRESOLVED,,,,,,,,"no issuer row at ex-date; tier 3 needs first-party amount corroboration, issuer announced ex-date, prior-period amount"
rSPY-2026-09-18-1,rSPY,SPY,2026-09-18,1.8890000000000000,UNRESOLVED,UNRESOLVED,,,,,,,,"no issuer row at ex-date; tier 3 needs first-party amount corroboration, issuer announced ex-date, prior-period amount"
rSRE-2026-09-24-1,rSRE,SRE,2026-09-24,0.6575000000000000,UNRESOLVED,UNRESOLVED,,,,,,,,"no issuer row at ex-date; tier 3 needs first-party amount corroboration, issuer announced ex-date, prior-period amount"
rSTAG-2026-09-30-1,rSTAG,STAG,2026-09-30,0.3875000000000000,UNRESOLVED,UNRESOLVED,,,,,,,,"no issuer row at ex-date; tier 3 needs first-party amount corroboration, issuer announced ex-date, prior-period amount"
rSSD-2026-10-01-1,rSSD,SSD,2026-10-01,0.3000000000000000,UNRESOLVED,UNRESOLVED,,,,,,,,"no issuer row at ex-date; tier 3 needs first-party amount corroboration, issuer announced ex-date, prior-period amount"
rSU-2026-06-04-1,rSU,SU,2026-06-04,0.4410000000000000,UNRESOLVED,UNRESOLVED,,,,,,,,"no issuer row at ex-date; tier 3 needs first-party amount corroboration, issuer announced ex-date, prior-period amount"
rSWK-2026-06-08-1,rSWK,SWK,2026-06-08,0.8300000000000000,UNRESOLVED,UNRESOLVED,,,,,,,,"no issuer row at ex-date; tier 3 needs first-party amount corroboration, issuer announced ex-date, prior-period amount"
rSTVN-2026-06-11-1,rSTVN,STVN,2026-06-11,0.0636012000000000,UNRESOLVED,UNRESOLVED,,,,,,,,"no issuer row at ex-date; tier 3 needs first-party amount corroboration, issuer announced ex-date, prior-period amount"
rSTEP-2026-06-15-1,rSTEP,STEP,2026-06-15,0.2800000000000000,UNRESOLVED,UNRESOLVED,,,,,,,,"no issuer row at ex-date; tier 3 needs first-party amount corroboration, issuer announced ex-date, prior-period amount"
rSTEP-2026-06-15-2,rSTEP,STEP,2026-06-15,0.5500000000000000,UNRESOLVED,UNRESOLVED,,,,,,,,"no issuer row at ex-date; tier 3 needs first-party amount corroboration, issuer announced ex-date, prior-period amount"
rSTRC-2026-06-15-1,rSTRC,STRC,2026-06-15,0.9583333300000000,UNRESOLVED,GROSS,2,0.95833333,0.958,,,0.958 ex 2026-05-15,nasdaq_declared: 0.95833333 ex 2026-06-15 declared 05/30/2026 (third-party); yahoo_realised: 0.958 ex 2026-06-15 (third-party),tier 2
rSTM-2026-06-23-1,rSTM,STM,2026-06-23,0.0765000000000000,GROSS,GROSS,1,,,,,,bitget_notice_2026_07_24: amount and ex-date match; 30% withholding DOCUMENTED,tier 1: 2026-07-24 notice match (builder rule)
rSTX-2026-06-24-1,rSTX,STX,2026-06-24,0.7400000000000000,GROSS,GROSS,1,,,,,,bitget_notice_2026_07_24: amount and ex-date match; 30% withholding DOCUMENTED,tier 1: 2026-07-24 notice match (builder rule)
rSTLD-2026-06-30-1,rSTLD,STLD,2026-06-30,0.5300000000000000,UNRESOLVED,UNRESOLVED,,,,,,,,"no issuer row at ex-date; tier 3 needs first-party amount corroboration, issuer announced ex-date, prior-period amount"
rSTN-2026-06-30-1,rSTN,STN,2026-06-30,0.1824000000000000,UNRESOLVED,UNRESOLVED,,,,,,,,"no issuer row at ex-date; tier 3 needs first-party amount corroboration, issuer announced ex-date, prior-period amount"
rSTRC-2026-06-30-1,rSTRC,STRC,2026-06-30,0.4791666700000000,GROSS,GROSS,1,,,,,,bitget_notice_2026_07_24: amount and ex-date match; 30% withholding DOCUMENTED,tier 1: 2026-07-24 notice match (builder rule)
rSTWD-2026-06-30-1,rSTWD,STWD,2026-06-30,0.4800000000000000,UNRESOLVED,UNRESOLVED,,,,,,,,"no issuer row at ex-date; tier 3 needs first-party amount corroboration, issuer announced ex-date, prior-period amount"
rSUI-2026-06-30-1,rSUI,SUI,2026-06-30,1.1200000000000000,UNRESOLVED,UNRESOLVED,,,,,,,,"no issuer row at ex-date; tier 3 needs first-party amount corroboration, issuer announced ex-date, prior-period amount"
rSYK-2026-06-30-1,rSYK,SYK,2026-06-30,0.8800000000000000,UNRESOLVED,UNRESOLVED,,,,,,,,"no issuer row at ex-date; tier 3 needs first-party amount corroboration, issuer announced ex-date, prior-period amount"
rSTT-2026-07-01-1,rSTT,STT,2026-07-01,0.8400000000000000,UNRESOLVED,UNRESOLVED,,,,,,,,"no issuer row at ex-date; tier 3 needs first-party amount corroboration, issuer announced ex-date, prior-period amount"
rSUNB-2026-07-10-1,rSUNB,SUNB,2026-07-10,0.7500000000000000,UNRESOLVED,UNRESOLVED,,,,,,,,"no issuer row at ex-date; tier 3 needs first-party amount corroboration, issuer announced ex-date, prior-period amount"
rSTRC-2026-07-15-1,rSTRC,STRC,2026-07-15,0.5000000000000000,UNRESOLVED,GROSS,2,0.50,0.5,,,0.479 ex 2026-06-30,nasdaq_declared: 0.50 ex 2026-07-15 declared 06/28/2026 (third-party); yahoo_realised: 0.5 ex 2026-07-15 (third-party),tier 2
rSTZ-2026-07-30-1,rSTZ,STZ,2026-07-30,1.0300000000000000,UNRESOLVED,UNRESOLVED,,,,,,,,"no issuer row at ex-date; tier 3 needs first-party amount corroboration, issuer announced ex-date, prior-period amount"
rSTRC-2026-07-31-1,rSTRC,STRC,2026-07-31,0.5000000000000000,UNRESOLVED,GROSS,2,0.50,0.5,,,0.5 ex 2026-07-15,nasdaq_declared: 0.50 ex 2026-07-31 declared 06/28/2026 (third-party); yahoo_realised: 0.5 ex 2026-07-31 (third-party),tier 2
rSXT-2026-08-03-1,rSXT,SXT,2026-08-03,0.4100000000000000,UNRESOLVED,UNRESOLVED,,,,,,,,"no issuer row at ex-date; tier 3 needs first-party amount corroboration, issuer announced ex-date, prior-period amount"
rSYF-2026-08-05-1,rSYF,SYF,2026-08-05,0.3400000000000000,UNRESOLVED,UNRESOLVED,,,,,,,,"no issuer row at ex-date; tier 3 needs first-party amount corroboration, issuer announced ex-date, prior-period amount"
rSUN-2026-08-07-1,rSUN,SUN,2026-08-07,1.0023000000000000,UNRESOLVED,UNRESOLVED,,,,,,,,"no issuer row at ex-date; tier 3 needs first-party amount corroboration, issuer announced ex-date, prior-period amount"
rSTN-2026-08-12-1,rSTN,STN,2026-08-12,0.1200000000000000,UNRESOLVED,UNRESOLVED,,,,,,,,"no issuer row at ex-date; tier 3 needs first-party amount corroboration, issuer announced ex-date, prior-period amount"
rSTRC-2026-08-14-1,rSTRC,STRC,2026-08-14,0.5000000000000000,UNRESOLVED,GROSS,2,0.50,0.5,,,0.5 ex 2026-07-31,nasdaq_declared: 0.50 ex 2026-08-14 declared 07/31/2026 (third-party); yahoo_realised: 0.5 ex 2026-08-14 (third-party),tier 2
rSW-2026-08-14-1,rSW,SW,2026-08-14,0.4523000000000000,UNRESOLVED,UNRESOLVED,,,,,,,,"no issuer row at ex-date; tier 3 needs first-party amount corroboration, issuer announced ex-date, prior-period amount"
rSWX-2026-08-17-1,rSWX,SWX,2026-08-17,0.6450000000000000,UNRESOLVED,UNRESOLVED,,,,,,,,"no issuer row at ex-date; tier 3 needs first-party amount corroboration, issuer announced ex-date, prior-period amount"
rSTEP-2026-08-31-1,rSTEP,STEP,2026-08-31,0.3300000000000000,UNRESOLVED,UNRESOLVED,,,,,,,,"no issuer row at ex-date; tier 3 needs first-party amount corroboration, issuer announced ex-date, prior-period amount"
rSTRC-2026-08-31-1,rSTRC,STRC,2026-08-31,0.5000000000000000,UNRESOLVED,GROSS,2,0.50,0.5,,,0.5 ex 2026-08-14,nasdaq_declared: 0.50 ex 2026-08-31 declared 07/31/2026 (third-party); yahoo_realised: 0.5 ex 2026-08-31 (third-party),tier 2
rSU-2026-09-04-1,rSU,SU,2026-09-04,0.4265400000000000,UNRESOLVED,UNRESOLVED,,,,,,,,"no issuer row at ex-date; tier 3 needs first-party amount corroboration, issuer announced ex-date, prior-period amount"
rSWK-2026-09-08-1,rSWK,SWK,2026-09-08,0.8400000000000000,UNRESOLVED,UNRESOLVED,,,,,,,,"no issuer row at ex-date; tier 3 needs first-party amount corroboration, issuer announced ex-date, prior-period amount"
rSTRC-2026-09-15-1,rSTRC,STRC,2026-09-15,0.5000000000000000,UNRESOLVED,GROSS,2,0.50,0.5,,,0.5 ex 2026-08-31,nasdaq_declared: 0.50 ex 2026-09-15 declared 08/31/2026 (third-party); yahoo_realised: 0.5 ex 2026-09-15 (third-party),tier 2
rSUNB-2026-09-18-1,rSUNB,SUNB,2026-09-18,0.3000000000000000,UNRESOLVED,UNRESOLVED,,,,,,,,"no issuer row at ex-date; tier 3 needs first-party amount corroboration, issuer announced ex-date, prior-period amount"
rSTM-2026-09-22-1,rSTM,STM,2026-09-22,0.0900000000000000,UNRESOLVED,UNRESOLVED,,,,,2026-09-22,0.09 ex 2026-06-23,yahoo_calendar: announced next ex-date 2026-09-22 (third-party); prior realised 0.09 ex 2026-06-23 equals amount (ASSUMED unchanged),no issuer row at ex-date; tier 3 needs first-party amount corroboration
rSTX-2026-09-24-1,rSTX,STX,2026-09-24,0.7400000000000000,UNRESOLVED,GROSS,2,0.74,,,,0.74 ex 2026-06-24,nasdaq_declared: 0.74 ex 2026-09-24 declared 07/28/2026 (third-party),tier 2
rSTN-2026-09-29-1,rSTN,STN,2026-09-29,0.2450000000000000,UNRESOLVED,UNRESOLVED,,,,,,,,"no issuer row at ex-date; tier 3 needs first-party amount corroboration, issuer announced ex-date, prior-period amount"
rSTLD-2026-09-30-1,rSTLD,STLD,2026-09-30,0.5300000000000000,UNRESOLVED,UNRESOLVED,,,,,,,,"no issuer row at ex-date; tier 3 needs first-party amount corroboration, issuer announced ex-date, prior-period amount"
rSTRC-2026-09-30-1,rSTRC,STRC,2026-09-30,0.5000000000000000,UNRESOLVED,GROSS,2,0.50,,,,0.5 ex 2026-09-15,nasdaq_declared: 0.50 ex 2026-09-30 declared 08/31/2026 (third-party),tier 2
rSUI-2026-09-30-1,rSUI,SUI,2026-09-30,1.1200000000000000,UNRESOLVED,UNRESOLVED,,,,,,,,"no issuer row at ex-date; tier 3 needs first-party amount corroboration, issuer announced ex-date, prior-period amount"
rSYK-2026-09-30-1,rSYK,SYK,2026-09-30,0.8800000000000000,UNRESOLVED,UNRESOLVED,,,,,,,,"no issuer row at ex-date; tier 3 needs first-party amount corroboration, issuer announced ex-date, prior-period amount"
rSTT-2026-10-01-1,rSTT,STT,2026-10-01,0.9200000000000000,UNRESOLVED,UNRESOLVED,,,,,,,,"no issuer row at ex-date; tier 3 needs first-party amount corroboration, issuer announced ex-date, prior-period amount"
rSTM-2026-12-15-1,rSTM,STM,2026-12-15,0.0900000000000000,UNRESOLVED,UNRESOLVED,,,,,2026-09-22,0.09 ex 2026-06-23,prior realised 0.09 ex 2026-06-23 equals amount (ASSUMED unchanged),"no issuer row at ex-date; tier 3 needs first-party amount corroboration, issuer announced ex-date"
rSTM-2027-03-16-1,rSTM,STM,2027-03-16,0.0900000000000000,UNRESOLVED,UNRESOLVED,,,,,2026-09-22,,,"no issuer row at ex-date; tier 3 needs first-party amount corroboration, issuer announced ex-date, prior-period amount"
rTAC-2026-06-01-1,rTAC,TAC,2026-06-01,0.0512750000000000,UNRESOLVED,UNRESOLVED,,,,,,,,"no issuer row at ex-date; tier 3 needs first-party amount corroboration, issuer announced ex-date, prior-period amount"
rTCBI-2026-06-01-1,rTCBI,TCBI,2026-06-01,0.2000000000000000,UNRESOLVED,UNRESOLVED,,,,,,,,"no issuer row at ex-date; tier 3 needs first-party amount corroboration, issuer announced ex-date, prior-period amount"
rTECK-2026-06-15-1,rTECK,TECK,2026-06-15,0.0912375000000000,UNRESOLVED,UNRESOLVED,,,,,,,,"no issuer row at ex-date; tier 3 needs first-party amount corroboration, issuer announced ex-date, prior-period amount"
rSYY-2026-07-02-1,rSYY,SYY,2026-07-02,0.5500000000000000,UNRESOLVED,UNRESOLVED,,,,,,,,"no issuer row at ex-date; tier 3 needs first-party amount corroboration, issuer announced ex-date, prior-period amount"
rT-2026-07-10-1,rT,T,2026-07-10,0.2775000000000000,UNRESOLVED,UNRESOLVED,,,,,,,,"no issuer row at ex-date; tier 3 needs first-party amount corroboration, issuer announced ex-date, prior-period amount"
rTD-2026-07-10-1,rTD,TD,2026-07-10,0.8125600000000000,UNRESOLVED,UNRESOLVED,,,,,,,,"no issuer row at ex-date; tier 3 needs first-party amount corroboration, issuer announced ex-date, prior-period amount"
rTECH-2026-08-17-1,rTECH,TECH,2026-08-17,0.0800000000000000,UNRESOLVED,UNRESOLVED,,,,,,,,"no issuer row at ex-date; tier 3 needs first-party amount corroboration, issuer announced ex-date, prior-period amount"
rTEL-2026-08-21-1,rTEL,TEL,2026-08-21,0.7800000000000000,UNRESOLVED,UNRESOLVED,,,,,,,,"no issuer row at ex-date; tier 3 needs first-party amount corroboration, issuer announced ex-date, prior-period amount"
rTECH-2026-08-24-1,rTECH,TECH,2026-08-24,0.0800000000000000,UNRESOLVED,UNRESOLVED,,,,,,,,"no issuer row at ex-date; tier 3 needs first-party amount corroboration, issuer announced ex-date, prior-period amount"
rTAP-2026-08-28-1,rTAP,TAP,2026-08-28,0.4800000000000000,UNRESOLVED,UNRESOLVED,,,,,,,,"no issuer row at ex-date; tier 3 needs first-party amount corroboration, issuer announced ex-date, prior-period amount"
rTAC-2026-09-01-1,rTAC,TAC,2026-09-01,0.0496160000000000,UNRESOLVED,UNRESOLVED,,,,,,,,"no issuer row at ex-date; tier 3 needs first-party amount corroboration, issuer announced ex-date, prior-period amount"
rTCBI-2026-09-01-1,rTCBI,TCBI,2026-09-01,0.2000000000000000,UNRESOLVED,UNRESOLVED,,,,,,,,"no issuer row at ex-date; tier 3 needs first-party amount corroboration, issuer announced ex-date, prior-period amount"
rTER-2026-09-04-1,rTER,TER,2026-09-04,0.1300000000000000,UNRESOLVED,UNRESOLVED,,,,,,,,"no issuer row at ex-date; tier 3 needs first-party amount corroboration, issuer announced ex-date, prior-period amount"
rTECK-2026-09-15-1,rTECK,TECK,2026-09-15,0.0887375000000000,UNRESOLVED,UNRESOLVED,,,,,,,,"no issuer row at ex-date; tier 3 needs first-party amount corroboration, issuer announced ex-date, prior-period amount"
rSYY-2026-10-02-1,rSYY,SYY,2026-10-02,0.5500000000000000,UNRESOLVED,UNRESOLVED,,,,,,,,"no issuer row at ex-date; tier 3 needs first-party amount corroboration, issuer announced ex-date, prior-period amount"
rTD-2026-10-09-1,rTD,TD,2026-10-09,1.1200000000000000,UNRESOLVED,UNRESOLVED,,,,,,,,"no issuer row at ex-date; tier 3 needs first-party amount corroboration, issuer announced ex-date, prior-period amount"
rTFPM-2026-06-01-1,rTFPM,TFPM,2026-06-01,0.0575000000000000,UNRESOLVED,UNRESOLVED,,,,,,,,"no issuer row at ex-date; tier 3 needs first-party amount corroboration, issuer announced ex-date, prior-period amount"
rTIP-2026-06-01-1,rTIP,TIP,2026-06-01,1.2775160000000000,UNRESOLVED,UNRESOLVED,,,,,,,,"no issuer row at ex-date; tier 3 needs first-party amount corroboration, issuer announced ex-date, prior-period amount"
rTLT-2026-06-01-1,rTLT,TLT,2026-06-01,0.3357770000000000,UNRESOLVED,GROSS,2,0.335777,0.336,,,0.315 ex 2026-05-01,nasdaq_declared: 0.335777 ex 2026-06-01 declared 05/29/2026 (third-party); yahoo_realised: 0.336 ex 2026-06-01 (third-party),tier 2
rTEX-2026-06-08-1,rTEX,TEX,2026-06-08,0.1700000000000000,UNRESOLVED,UNRESOLVED,,,,,,,,"no issuer row at ex-date; tier 3 needs first-party amount corroboration, issuer announced ex-date, prior-period amount"
rTFSL-2026-06-10-1,rTFSL,TFSL,2026-06-10,0.2825000000000000,UNRESOLVED,UNRESOLVED,,,,,,,,"no issuer row at ex-date; tier 3 needs first-party amount corroboration, issuer announced ex-date, prior-period amount"
rTHG-2026-06-12-1,rTHG,THG,2026-06-12,0.9500000000000000,UNRESOLVED,UNRESOLVED,,,,,,,,"no issuer row at ex-date; tier 3 needs first-party amount corroboration, issuer announced ex-date, prior-period amount"
rTMO-2026-06-15-1,rTMO,TMO,2026-06-15,0.4700000000000000,UNRESOLVED,UNRESOLVED,,,,,,,,"no issuer row at ex-date; tier 3 needs first-party amount corroboration, issuer announced ex-date, prior-period amount"
rTLK-2026-06-18-1,rTLK,TLK,2026-06-18,0.9907240000000000,UNRESOLVED,UNRESOLVED,,,,,,,,"no issuer row at ex-date; tier 3 needs first-party amount corroboration, issuer announced ex-date, prior-period amount"
rTNA-2026-06-23-1,rTNA,TNA,2026-06-23,0.0875100000000000,UNRESOLVED,UNRESOLVED,,,,,,,,"no issuer row at ex-date; tier 3 needs first-party amount corroboration, issuer announced ex-date, prior-period amount"
rTIMB-2026-06-29-1,rTIMB,TIMB,2026-06-29,0.1234880000000000,UNRESOLVED,UNRESOLVED,,,,,,,,"no issuer row at ex-date; tier 3 needs first-party amount corroboration, issuer announced ex-date, prior-period amount"
rTFII-2026-06-30-1,rTFII,TFII,2026-06-30,0.4700000000000000,UNRESOLVED,UNRESOLVED,,,,,,,,"no issuer row at ex-date; tier 3 needs first-party amount corroboration, issuer announced ex-date, prior-period amount"
rTIP-2026-07-01-1,rTIP,TIP,2026-07-01,1.0580230000000000,UNRESOLVED,UNRESOLVED,,,,,,,,"no issuer row at ex-date; tier 3 needs first-party amount corroboration, issuer announced ex-date, prior-period amount"
rTLT-2026-07-01-1,rTLT,TLT,2026-07-01,0.3180300000000000,GROSS,GROSS,1,,,,,,bitget_notice_2026_07_24: amount and ex-date match; 30% withholding DOCUMENTED,tier 1: 2026-07-24 notice match (builder rule)
rTIGO-2026-07-08-1,rTIGO,TIGO,2026-07-08,0.7500000000000000,UNRESOLVED,UNRESOLVED,,,,,,,,"no issuer row at ex-date; tier 3 needs first-party amount corroboration, issuer announced ex-date, prior-period amount"
rTIP-2026-08-03-1,rTIP,TIP,2026-08-03,0.7843840100000000,UNRESOLVED,UNRESOLVED,,,,,,,,"no issuer row at ex-date; tier 3 needs first-party amount corroboration, issuer announced ex-date, prior-period amount"
rTLT-2026-08-03-1,rTLT,TLT,2026-08-03,0.3304539900000000,UNRESOLVED,GROSS,2,0.330454,0.33,,,0.318 ex 2026-07-01,nasdaq_declared: 0.330454 ex 2026-08-03 declared 07/31/2026 (third-party); yahoo_realised: 0.33 ex 2026-08-03 (third-party),tier 2
rTEX-2026-08-11-1,rTEX,TEX,2026-08-11,0.1700000000000000,UNRESOLVED,UNRESOLVED,,,,,,,,"no issuer row at ex-date; tier 3 needs first-party amount corroboration, issuer announced ex-date, prior-period amount"
rTGT-2026-08-12-1,rTGT,TGT,2026-08-12,1.1600000000000000,UNRESOLVED,UNRESOLVED,,,,,,,,"no issuer row at ex-date; tier 3 needs first-party amount corroboration, issuer announced ex-date, prior-period amount"
rTJX-2026-08-13-1,rTJX,TJX,2026-08-13,0.4800000000000000,UNRESOLVED,UNRESOLVED,,,,,,,,"no issuer row at ex-date; tier 3 needs first-party amount corroboration, issuer announced ex-date, prior-period amount"
rTFC-2026-08-14-1,rTFC,TFC,2026-08-14,0.5200000000000000,UNRESOLVED,UNRESOLVED,,,,,,,,"no issuer row at ex-date; tier 3 needs first-party amount corroboration, issuer announced ex-date, prior-period amount"
rTFX-2026-08-14-1,rTFX,TFX,2026-08-14,0.3400000000000000,UNRESOLVED,UNRESOLVED,,,,,,,,"no issuer row at ex-date; tier 3 needs first-party amount corroboration, issuer announced ex-date, prior-period amount"
rTKR-2026-08-18-1,rTKR,TKR,2026-08-18,0.3600000000000000,UNRESOLVED,UNRESOLVED,,,,,,,,"no issuer row at ex-date; tier 3 needs first-party amount corroboration, issuer announced ex-date, prior-period amount"
rTMUS-2026-08-28-1,rTMUS,TMUS,2026-08-28,1.0200000000000000,UNRESOLVED,UNRESOLVED,,,,,,,,"no issuer row at ex-date; tier 3 needs first-party amount corroboration, issuer announced ex-date, prior-period amount"
rTFPM-2026-08-31-1,rTFPM,TFPM,2026-08-31,0.0600000000000000,UNRESOLVED,UNRESOLVED,,,,,,,,"no issuer row at ex-date; tier 3 needs first-party amount corroboration, issuer announced ex-date, prior-period amount"
rTLT-2026-09-01-1,rTLT,TLT,2026-09-01,0.3146860000000000,UNRESOLVED,GROSS,2,0.314686,0.315,,,0.33 ex 2026-08-03,nasdaq_declared: 0.314686 ex 2026-09-01 declared 08/31/2026 (third-party); yahoo_realised: 0.315 ex 2026-09-01 (third-party),tier 2
rTFSL-2026-09-09-1,rTFSL,TFSL,2026-09-09,0.3175000000000000,UNRESOLVED,UNRESOLVED,,,,,,,,"no issuer row at ex-date; tier 3 needs first-party amount corroboration, issuer announced ex-date, prior-period amount"
rTHG-2026-09-11-1,rTHG,THG,2026-09-11,0.9500000000000000,UNRESOLVED,UNRESOLVED,,,,,,,,"no issuer row at ex-date; tier 3 needs first-party amount corroboration, issuer announced ex-date, prior-period amount"
rTMO-2026-09-15-1,rTMO,TMO,2026-09-15,0.4700000000000000,UNRESOLVED,UNRESOLVED,,,,,,,,"no issuer row at ex-date; tier 3 needs first-party amount corroboration, issuer announced ex-date, prior-period amount"
rTFII-2026-09-30-1,rTFII,TFII,2026-09-30,0.4700000000000000,UNRESOLVED,UNRESOLVED,,,,,,,,"no issuer row at ex-date; tier 3 needs first-party amount corroboration, issuer announced ex-date, prior-period amount"
rTIGO-2026-10-08-1,rTIGO,TIGO,2026-10-08,0.7500000000000000,UNRESOLVED,UNRESOLVED,,,,,,,,"no issuer row at ex-date; tier 3 needs first-party amount corroboration, issuer announced ex-date, prior-period amount"
rTJX-2026-11-12-1,rTJX,TJX,2026-11-12,0.4800000000000000,UNRESOLVED,UNRESOLVED,,,,,,,,"no issuer row at ex-date; tier 3 needs first-party amount corroboration, issuer announced ex-date, prior-period amount"
rTIGO-2027-01-08-1,rTIGO,TIGO,2027-01-08,0.7500000000000000,UNRESOLVED,UNRESOLVED,,,,,,,,"no issuer row at ex-date; tier 3 needs first-party amount corroboration, issuer announced ex-date, prior-period amount"
rTIGO-2027-04-08-1,rTIGO,TIGO,2027-04-08,0.7500000000000000,UNRESOLVED,UNRESOLVED,,,,,,,,"no issuer row at ex-date; tier 3 needs first-party amount corroboration, issuer announced ex-date, prior-period amount"
rTPL-2026-06-01-1,rTPL,TPL,2026-06-01,0.6000000000000000,UNRESOLVED,UNRESOLVED,,,,,,,,"no issuer row at ex-date; tier 3 needs first-party amount corroboration, issuer announced ex-date, prior-period amount"
rTSN-2026-06-01-1,rTSN,TSN,2026-06-01,0.5100000000000000,UNRESOLVED,UNRESOLVED,,,,,,,,"no issuer row at ex-date; tier 3 needs first-party amount corroboration, issuer announced ex-date, prior-period amount"
rTPR-2026-06-05-1,rTPR,TPR,2026-06-05,0.4000000000000000,UNRESOLVED,UNRESOLVED,,,,,,,,"no issuer row at ex-date; tier 3 needs first-party amount corroboration, issuer announced ex-date, prior-period amount"
rTT-2026-06-05-1,rTT,TT,2026-06-05,1.0500000000000000,UNRESOLVED,UNRESOLVED,,,,,,,,"no issuer row at ex-date; tier 3 needs first-party amount corroboration, issuer announced ex-date, prior-period amount"
rTRV-2026-06-10-1,rTRV,TRV,2026-06-10,1.2500000000000000,UNRESOLVED,UNRESOLVED,,,,,,,,"no issuer row at ex-date; tier 3 needs first-party amount corroboration, issuer announced ex-date, prior-period amount"
rTSM-2026-06-11-1,rTSM,TSM,2026-06-11,0.7420670000000000,GROSS,GROSS,1,,,,,,bitget_notice_2026_07_24: amount and ex-date match; 30% withholding DOCUMENTED,tier 1: 2026-07-24 notice match (builder rule)
rTNL-2026-06-12-1,rTNL,TNL,2026-06-12,0.6000000000000000,UNRESOLVED,UNRESOLVED,,,,,,,,"no issuer row at ex-date; tier 3 needs first-party amount corroboration, issuer announced ex-date, prior-period amount"
rTROW-2026-06-15-1,rTROW,TROW,2026-06-15,1.3000000000000000,UNRESOLVED,UNRESOLVED,,,,,,,,"no issuer row at ex-date; tier 3 needs first-party amount corroboration, issuer announced ex-date, prior-period amount"
rTQQQ-2026-06-24-1,rTQQQ,TQQQ,2026-06-24,0.1712290000000000,GROSS,GROSS,1,,,,,,bitget_notice_2026_07_24: amount and ex-date match; 30% withholding DOCUMENTED,tier 1: 2026-07-24 notice match (builder rule)
rTRNO-2026-06-26-1,rTRNO,TRNO,2026-06-26,0.5200000000000000,UNRESOLVED,UNRESOLVED,,,,,,,,"no issuer row at ex-date; tier 3 needs first-party amount corroboration, issuer announced ex-date, prior-period amount"
rTRP-2026-06-30-1,rTRP,TRP,2026-06-30,0.6418035000000000,UNRESOLVED,UNRESOLVED,,,,,,,,"no issuer row at ex-date; tier 3 needs first-party amount corroboration, issuer announced ex-date, prior-period amount"
rTOL-2026-07-10-1,rTOL,TOL,2026-07-10,0.2600000000000000,UNRESOLVED,UNRESOLVED,,,,,,,,"no issuer row at ex-date; tier 3 needs first-party amount corroboration, issuer announced ex-date, prior-period amount"
rTRGP-2026-07-31-1,rTRGP,TRGP,2026-07-31,1.2500000000000000,UNRESOLVED,UNRESOLVED,,,,,,,,"no issuer row at ex-date; tier 3 needs first-party amount corroboration, issuer announced ex-date, prior-period amount"
rTPG-2026-08-14-1,rTPG,TPG,2026-08-14,0.5900000000000000,UNRESOLVED,UNRESOLVED,,,,,,,,"no issuer row at ex-date; tier 3 needs first-party amount corroboration, issuer announced ex-date, prior-period amount"
rTRI-2026-08-19-1,rTRI,TRI,2026-08-19,0.6550000000000000,UNRESOLVED,UNRESOLVED,,,,,,,,"no issuer row at ex-date; tier 3 needs first-party amount corroboration, issuer announced ex-date, prior-period amount"
rTRU-2026-08-20-1,rTRU,TRU,2026-08-20,0.1250000000000000,UNRESOLVED,UNRESOLVED,,,,,,,,"no issuer row at ex-date; tier 3 needs first-party amount corroboration, issuer announced ex-date, prior-period amount"
rTSCO-2026-08-24-1,rTSCO,TSCO,2026-08-24,0.2400000000000000,UNRESOLVED,UNRESOLVED,,,,,,,,"no issuer row at ex-date; tier 3 needs first-party amount corroboration, issuer announced ex-date, prior-period amount"
rTPL-2026-09-01-1,rTPL,TPL,2026-09-01,0.6000000000000000,UNRESOLVED,UNRESOLVED,,,,,,,,"no issuer row at ex-date; tier 3 needs first-party amount corroboration, issuer announced ex-date, prior-period amount"
rTSN-2026-09-01-1,rTSN,TSN,2026-09-01,0.5100000000000000,UNRESOLVED,UNRESOLVED,,,,,,,,"no issuer row at ex-date; tier 3 needs first-party amount corroboration, issuer announced ex-date, prior-period amount"
rTPR-2026-09-04-1,rTPR,TPR,2026-09-04,0.4625000000000000,UNRESOLVED,UNRESOLVED,,,,,,,,"no issuer row at ex-date; tier 3 needs first-party amount corroboration, issuer announced ex-date, prior-period amount"
rTT-2026-09-04-1,rTT,TT,2026-09-04,1.0500000000000000,UNRESOLVED,UNRESOLVED,,,,,,,,"no issuer row at ex-date; tier 3 needs first-party amount corroboration, issuer announced ex-date, prior-period amount"
rTRV-2026-09-10-1,rTRV,TRV,2026-09-10,1.2500000000000000,UNRESOLVED,UNRESOLVED,,,,,,,,"no issuer row at ex-date; tier 3 needs first-party amount corroboration, issuer announced ex-date, prior-period amount"
rTROW-2026-09-15-1,rTROW,TROW,2026-09-15,1.3000000000000000,UNRESOLVED,UNRESOLVED,,,,,,,,"no issuer row at ex-date; tier 3 needs first-party amount corroboration, issuer announced ex-date, prior-period amount"
rTNL-2026-09-16-1,rTNL,TNL,2026-09-16,0.6000000000000000,UNRESOLVED,UNRESOLVED,,,,,,,,"no issuer row at ex-date; tier 3 needs first-party amount corroboration, issuer announced ex-date, prior-period amount"
rTSM-2026-09-16-1,rTSM,TSM,2026-09-16,0.8748890000000000,UNRESOLVED,UNRESOLVED,,,1.107,,,0.955 ex 2026-06-11,,amount conflict: yahoo_realised 1.107 vs Reality 0.8748890000000000 (ratio 0.790)
rTRP-2026-09-29-1,rTRP,TRP,2026-09-29,0.8775000000000000,UNRESOLVED,UNRESOLVED,,,,,,,,"no issuer row at ex-date; tier 3 needs first-party amount corroboration, issuer announced ex-date, prior-period amount"
rTRNO-2026-09-30-1,rTRNO,TRNO,2026-09-30,0.5700000000000000,UNRESOLVED,UNRESOLVED,,,,,,,,"no issuer row at ex-date; tier 3 needs first-party amount corroboration, issuer announced ex-date, prior-period amount"
rTS-2026-11-24-1,rTS,TS,2026-11-24,1.1800000000000000,UNRESOLVED,UNRESOLVED,,,,,,,,"no issuer row at ex-date; tier 3 needs first-party amount corroboration, issuer announced ex-date, prior-period amount"
rTSN-2026-12-01-1,rTSN,TSN,2026-12-01,0.5100000000000000,UNRESOLVED,UNRESOLVED,,,,,,,,"no issuer row at ex-date; tier 3 needs first-party amount corroboration, issuer announced ex-date, prior-period amount"
rTSM-2026-12-10-1,rTSM,TSM,2026-12-10,0.8574969800000000,UNRESOLVED,UNRESOLVED,,,,,2026-12-10,1.107 ex 2026-09-16,yahoo_calendar: announced next ex-date 2026-12-10 (third-party),"no issuer row at ex-date; tier 3 needs first-party amount corroboration, prior-period amount"
rTW-2026-06-01-1,rTW,TW,2026-06-01,0.1400000000000000,UNRESOLVED,UNRESOLVED,,,,,,,,"no issuer row at ex-date; tier 3 needs first-party amount corroboration, issuer announced ex-date, prior-period amount"
rTXRH-2026-06-02-1,rTXRH,TXRH,2026-06-02,0.7500000000000000,UNRESOLVED,UNRESOLVED,,,,,,,,"no issuer row at ex-date; tier 3 needs first-party amount corroboration, issuer announced ex-date, prior-period amount"
rTU-2026-06-10-1,rTU,TU,2026-06-10,0.3062688000000000,UNRESOLVED,UNRESOLVED,,,,,,,,"no issuer row at ex-date; tier 3 needs first-party amount corroboration, issuer announced ex-date, prior-period amount"
rTXT-2026-06-12-1,rTXT,TXT,2026-06-12,0.0200000000000000,UNRESOLVED,UNRESOLVED,,,,,,,,"no issuer row at ex-date; tier 3 needs first-party amount corroboration, issuer announced ex-date, prior-period amount"
rUBSI-2026-06-12-1,rUBSI,UBSI,2026-06-12,0.3800000000000000,UNRESOLVED,UNRESOLVED,,,,,,,,"no issuer row at ex-date; tier 3 needs first-party amount corroboration, issuer announced ex-date, prior-period amount"
rUCB-2026-06-15-1,rUCB,UCB,2026-06-15,0.2500000000000000,UNRESOLVED,UNRESOLVED,,,,,,,,"no issuer row at ex-date; tier 3 needs first-party amount corroboration, issuer announced ex-date, prior-period amount"
rTTC-2026-06-16-1,rTTC,TTC,2026-06-16,0.3900000000000000,UNRESOLVED,UNRESOLVED,,,,,,,,"no issuer row at ex-date; tier 3 needs first-party amount corroboration, issuer announced ex-date, prior-period amount"
rTZA-2026-06-23-1,rTZA,TZA,2026-06-23,0.0376800000000000,GROSS,GROSS,1,,,,,,bitget_notice_2026_07_24: amount and ex-date match; 30% withholding DOCUMENTED,tier 1: 2026-07-24 notice match (builder rule)
rTZA-2026-07-15-1,rTZA,TZA,2026-07-15,,UNRESOLVED,UNRESOLVED,,,,,,,,not a cash dividend
rUDR-2026-07-17-1,rUDR,UDR,2026-07-17,0.1450000000000000,UNRESOLVED,UNRESOLVED,,,,,,,,"no issuer row at ex-date; tier 3 needs first-party amount corroboration, issuer announced ex-date, prior-period amount"
rTXN-2026-07-31-1,rTXN,TXN,2026-07-31,1.4200000000000000,UNRESOLVED,UNRESOLVED,,,,,,,,"no issuer row at ex-date; tier 3 needs first-party amount corroboration, issuer announced ex-date, prior-period amount"
rTXNM-2026-08-03-1,rTXNM,TXNM,2026-08-03,0.4225000000000000,UNRESOLVED,UNRESOLVED,,,,,,,,"no issuer row at ex-date; tier 3 needs first-party amount corroboration, issuer announced ex-date, prior-period amount"
rTTEK-2026-08-13-1,rTTEK,TTEK,2026-08-13,0.0720000000000000,UNRESOLVED,UNRESOLVED,,,,,,,,"no issuer row at ex-date; tier 3 needs first-party amount corroboration, issuer announced ex-date, prior-period amount"
rUDR-2026-08-17-1,rUDR,UDR,2026-08-17,0.1450000000000000,UNRESOLVED,UNRESOLVED,,,,,,,,"no issuer row at ex-date; tier 3 needs first-party amount corroboration, issuer announced ex-date, prior-period amount"
rTW-2026-09-01-1,rTW,TW,2026-09-01,0.1400000000000000,UNRESOLVED,UNRESOLVED,,,,,,,,"no issuer row at ex-date; tier 3 needs first-party amount corroboration, issuer announced ex-date, prior-period amount"
rTXRH-2026-09-01-1,rTXRH,TXRH,2026-09-01,0.7500000000000000,UNRESOLVED,UNRESOLVED,,,,,,,,"no issuer row at ex-date; tier 3 needs first-party amount corroboration, issuer announced ex-date, prior-period amount"
rTU-2026-09-10-1,rTU,TU,2026-09-10,0.1338187500000000,UNRESOLVED,UNRESOLVED,,,,,,,,"no issuer row at ex-date; tier 3 needs first-party amount corroboration, issuer announced ex-date, prior-period amount"
rTXT-2026-09-11-1,rTXT,TXT,2026-09-11,0.0200000000000000,UNRESOLVED,UNRESOLVED,,,,,,,,"no issuer row at ex-date; tier 3 needs first-party amount corroboration, issuer announced ex-date, prior-period amount"
rUBSI-2026-09-11-1,rUBSI,UBSI,2026-09-11,0.3800000000000000,UNRESOLVED,UNRESOLVED,,,,,,,,"no issuer row at ex-date; tier 3 needs first-party amount corroboration, issuer announced ex-date, prior-period amount"
rUCB-2026-09-15-1,rUCB,UCB,2026-09-15,0.2600000000000000,UNRESOLVED,UNRESOLVED,,,,,,,,"no issuer row at ex-date; tier 3 needs first-party amount corroboration, issuer announced ex-date, prior-period amount"
rUDR-2026-09-15-1,rUDR,UDR,2026-09-15,0.1450000000000000,UNRESOLVED,UNRESOLVED,,,,,,,,"no issuer row at ex-date; tier 3 needs first-party amount corroboration, issuer announced ex-date, prior-period amount"
rUFPI-2026-06-01-1,rUFPI,UFPI,2026-06-01,0.3600000000000000,UNRESOLVED,UNRESOLVED,,,,,,,,"no issuer row at ex-date; tier 3 needs first-party amount corroboration, issuer announced ex-date, prior-period amount"
rUNF-2026-06-05-1,rUNF,UNF,2026-06-05,0.3650000000000000,UNRESOLVED,UNRESOLVED,,,,,,,,"no issuer row at ex-date; tier 3 needs first-party amount corroboration, issuer announced ex-date, prior-period amount"
rUHS-2026-06-08-1,rUHS,UHS,2026-06-08,0.2000000000000000,UNRESOLVED,UNRESOLVED,,,,,,,,"no issuer row at ex-date; tier 3 needs first-party amount corroboration, issuer announced ex-date, prior-period amount"
rUMBF-2026-06-10-1,rUMBF,UMBF,2026-06-10,0.4300000000000000,UNRESOLVED,UNRESOLVED,,,,,,,,"no issuer row at ex-date; tier 3 needs first-party amount corroboration, issuer announced ex-date, prior-period amount"
rUGI-2026-06-15-1,rUGI,UGI,2026-06-15,0.3750000000000000,UNRESOLVED,UNRESOLVED,,,,,,,,"no issuer row at ex-date; tier 3 needs first-party amount corroboration, issuer announced ex-date, prior-period amount"
rUNH-2026-06-15-1,rUNH,UNH,2026-06-15,2.3200000000000000,UNRESOLVED,UNRESOLVED,,,,,,,,"no issuer row at ex-date; tier 3 needs first-party amount corroboration, issuer announced ex-date, prior-period amount"
rUPRO-2026-06-24-1,rUPRO,UPRO,2026-06-24,0.2990000000000000,GROSS,GROSS,1,,,,,,bitget_notice_2026_07_24: amount and ex-date match; 30% withholding DOCUMENTED,tier 1: 2026-07-24 notice match (builder rule)
rUSFR-2026-06-25-1,rUSFR,USFR,2026-06-25,0.1512000000000000,UNRESOLVED,UNRESOLVED,,,,,,,,"no issuer row at ex-date; tier 3 needs first-party amount corroboration, issuer announced ex-date, prior-period amount"
rUSB-2026-06-30-1,rUSB,USB,2026-06-30,0.5200000000000000,UNRESOLVED,UNRESOLVED,,,,,,,,"no issuer row at ex-date; tier 3 needs first-party amount corroboration, issuer announced ex-date, prior-period amount"
rUMC-2026-07-08-1,rUMC,UMC,2026-07-08,0.3156080000000000,UNRESOLVED,UNRESOLVED,,,,,,,,"no issuer row at ex-date; tier 3 needs first-party amount corroboration, issuer announced ex-date, prior-period amount"
rUNM-2026-07-24-1,rUNM,UNM,2026-07-24,0.5050000000000000,UNRESOLVED,UNRESOLVED,,,,,,,,"no issuer row at ex-date; tier 3 needs first-party amount corroboration, issuer announced ex-date, prior-period amount"
rUSFR-2026-07-28-1,rUSFR,USFR,2026-07-28,0.1599000000000000,UNRESOLVED,UNRESOLVED,,,,,,,,"no issuer row at ex-date; tier 3 needs first-party amount corroboration, issuer announced ex-date, prior-period amount"
rUL-2026-08-07-1,rUL,UL,2026-08-07,0.5255000000000000,UNRESOLVED,UNRESOLVED,,,,,,,,"no issuer row at ex-date; tier 3 needs first-party amount corroboration, issuer announced ex-date, prior-period amount"
rURI-2026-08-12-1,rURI,URI,2026-08-12,1.9700000000000000,UNRESOLVED,UNRESOLVED,,,,,,,,"no issuer row at ex-date; tier 3 needs first-party amount corroboration, issuer announced ex-date, prior-period amount"
rUPS-2026-08-17-1,rUPS,UPS,2026-08-17,1.6400000000000000,UNRESOLVED,UNRESOLVED,,,,,,,,"no issuer row at ex-date; tier 3 needs first-party amount corroboration, issuer announced ex-date, prior-period amount"
rUGP-2026-08-26-1,rUGP,UGP,2026-08-26,0.1545980000000000,UNRESOLVED,UNRESOLVED,,,,,,,,"no issuer row at ex-date; tier 3 needs first-party amount corroboration, issuer announced ex-date, prior-period amount"
rUSFR-2026-08-26-1,rUSFR,USFR,2026-08-26,0.1604600000000000,UNRESOLVED,UNRESOLVED,,,,,,,,"no issuer row at ex-date; tier 3 needs first-party amount corroboration, issuer announced ex-date, prior-period amount"
rUI-2026-08-31-1,rUI,UI,2026-08-31,1.0000000000000000,UNRESOLVED,UNRESOLVED,,,,,,,,"no issuer row at ex-date; tier 3 needs first-party amount corroboration, issuer announced ex-date, prior-period amount"
rULS-2026-08-31-1,rULS,ULS,2026-08-31,0.1450000000000000,UNRESOLVED,UNRESOLVED,,,,,,,,"no issuer row at ex-date; tier 3 needs first-party amount corroboration, issuer announced ex-date, prior-period amount"
rUFPI-2026-09-01-1,rUFPI,UFPI,2026-09-01,0.3600000000000000,UNRESOLVED,UNRESOLVED,,,,,,,,"no issuer row at ex-date; tier 3 needs first-party amount corroboration, issuer announced ex-date, prior-period amount"
rUHS-2026-09-01-1,rUHS,UHS,2026-09-01,0.2000000000000000,UNRESOLVED,UNRESOLVED,,,,,,,,"no issuer row at ex-date; tier 3 needs first-party amount corroboration, issuer announced ex-date, prior-period amount"
rUNF-2026-09-04-1,rUNF,UNF,2026-09-04,0.3650000000000000,UNRESOLVED,UNRESOLVED,,,,,,,,"no issuer row at ex-date; tier 3 needs first-party amount corroboration, issuer announced ex-date, prior-period amount"
rUMBF-2026-09-10-1,rUMBF,UMBF,2026-09-10,0.5000000000000000,UNRESOLVED,UNRESOLVED,,,,,,,,"no issuer row at ex-date; tier 3 needs first-party amount corroboration, issuer announced ex-date, prior-period amount"
rUNH-2026-09-14-1,rUNH,UNH,2026-09-14,2.3200000000000000,UNRESOLVED,UNRESOLVED,,,,,,,,"no issuer row at ex-date; tier 3 needs first-party amount corroboration, issuer announced ex-date, prior-period amount"
rUGI-2026-09-15-1,rUGI,UGI,2026-09-15,0.3750000000000000,UNRESOLVED,UNRESOLVED,,,,,,,,"no issuer row at ex-date; tier 3 needs first-party amount corroboration, issuer announced ex-date, prior-period amount"
rUSB-2026-09-30-1,rUSB,USB,2026-09-30,0.5400000000000000,UNRESOLVED,UNRESOLVED,,,,,,,,"no issuer row at ex-date; tier 3 needs first-party amount corroboration, issuer announced ex-date, prior-period amount"
rVIRT-2026-06-01-1,rVIRT,VIRT,2026-06-01,0.2400000000000000,UNRESOLVED,UNRESOLVED,,,,,,,,"no issuer row at ex-date; tier 3 needs first-party amount corroboration, issuer announced ex-date, prior-period amount"
rVCTR-2026-06-10-1,rVCTR,VCTR,2026-06-10,0.5000000000000000,UNRESOLVED,UNRESOLVED,,,,,,,,"no issuer row at ex-date; tier 3 needs first-party amount corroboration, issuer announced ex-date, prior-period amount"
rVFC-2026-06-10-1,rVFC,VFC,2026-06-10,0.0900000000000000,UNRESOLVED,UNRESOLVED,,,,,,,,"no issuer row at ex-date; tier 3 needs first-party amount corroboration, issuer announced ex-date, prior-period amount"
rVG-2026-06-15-1,rVG,VG,2026-06-15,0.0180000000000000,UNRESOLVED,UNRESOLVED,,,,,,,,"no issuer row at ex-date; tier 3 needs first-party amount corroboration, issuer announced ex-date, prior-period amount"
rVLY-2026-06-15-1,rVLY,VLY,2026-06-15,0.1100000000000000,UNRESOLVED,UNRESOLVED,,,,,,,,"no issuer row at ex-date; tier 3 needs first-party amount corroboration, issuer announced ex-date, prior-period amount"
rVICI-2026-06-18-1,rVICI,VICI,2026-06-18,0.4500000000000000,UNRESOLVED,UNRESOLVED,,,,,,,,"no issuer row at ex-date; tier 3 needs first-party amount corroboration, issuer announced ex-date, prior-period amount"
rVGT-2026-06-24-1,rVGT,VGT,2026-06-24,0.1384000000000000,UNRESOLVED,UNRESOLVED,,,,,,,,"no issuer row at ex-date; tier 3 needs first-party amount corroboration, issuer announced ex-date, prior-period amount"
rVIV-2026-06-29-1,rVIV,VIV,2026-06-29,0.0229280000000000,UNRESOLVED,UNRESOLVED,,,,,,,,"no issuer row at ex-date; tier 3 needs first-party amount corroboration, issuer announced ex-date, prior-period amount"
rVLTO-2026-06-30-1,rVLTO,VLTO,2026-06-30,0.1300000000000000,UNRESOLVED,UNRESOLVED,,,,,,,,"no issuer row at ex-date; tier 3 needs first-party amount corroboration, issuer announced ex-date, prior-period amount"
rVIV-2026-07-28-1,rVIV,VIV,2026-07-28,0.0504790000000000,UNRESOLVED,UNRESOLVED,,,,,,,,"no issuer row at ex-date; tier 3 needs first-party amount corroboration, issuer announced ex-date, prior-period amount"
rVLO-2026-07-31-1,rVLO,VLO,2026-07-31,1.2000000000000000,UNRESOLVED,UNRESOLVED,,,,,,,,"no issuer row at ex-date; tier 3 needs first-party amount corroboration, issuer announced ex-date, prior-period amount"
rV-2026-08-11-1,rV,V,2026-08-11,0.6700000000000000,UNRESOLVED,UNRESOLVED,,,,,,,,"no issuer row at ex-date; tier 3 needs first-party amount corroboration, issuer announced ex-date, prior-period amount"
rVALE-2026-08-13-1,rVALE,VALE,2026-08-13,0.0768640000000000,UNRESOLVED,UNRESOLVED,,,,,,,,"no issuer row at ex-date; tier 3 needs first-party amount corroboration, issuer announced ex-date, prior-period amount"
rVALE-2026-08-13-2,rVALE,VALE,2026-08-13,0.2497950000000000,UNRESOLVED,UNRESOLVED,,,,,,,,"no issuer row at ex-date; tier 3 needs first-party amount corroboration, issuer announced ex-date, prior-period amount"
rVMC-2026-08-13-1,rVMC,VMC,2026-08-13,0.5200000000000000,UNRESOLVED,UNRESOLVED,,,,,,,,"no issuer row at ex-date; tier 3 needs first-party amount corroboration, issuer announced ex-date, prior-period amount"
rVIV-2026-08-27-1,rVIV,VIV,2026-08-27,0.0346740000000000,UNRESOLVED,UNRESOLVED,,,,,,,,"no issuer row at ex-date; tier 3 needs first-party amount corroboration, issuer announced ex-date, prior-period amount"
rVIRT-2026-09-01-1,rVIRT,VIRT,2026-09-01,0.2400000000000000,UNRESOLVED,UNRESOLVED,,,,,,,,"no issuer row at ex-date; tier 3 needs first-party amount corroboration, issuer announced ex-date, prior-period amount"
rVCTR-2026-09-10-1,rVCTR,VCTR,2026-09-10,0.5000000000000000,UNRESOLVED,UNRESOLVED,,,,,,,,"no issuer row at ex-date; tier 3 needs first-party amount corroboration, issuer announced ex-date, prior-period amount"
rVFC-2026-09-10-1,rVFC,VFC,2026-09-10,0.0900000000000000,UNRESOLVED,UNRESOLVED,,,,,,,,"no issuer row at ex-date; tier 3 needs first-party amount corroboration, issuer announced ex-date, prior-period amount"
rVG-2026-09-15-1,rVG,VG,2026-09-15,0.0400000000000000,UNRESOLVED,UNRESOLVED,,,,,,,,"no issuer row at ex-date; tier 3 needs first-party amount corroboration, issuer announced ex-date, prior-period amount"
rVLY-2026-09-15-1,rVLY,VLY,2026-09-15,0.1100000000000000,UNRESOLVED,UNRESOLVED,,,,,,,,"no issuer row at ex-date; tier 3 needs first-party amount corroboration, issuer announced ex-date, prior-period amount"
rVICI-2026-09-17-1,rVICI,VICI,2026-09-17,0.4600000000000000,UNRESOLVED,UNRESOLVED,,,,,,,,"no issuer row at ex-date; tier 3 needs first-party amount corroboration, issuer announced ex-date, prior-period amount"
rVIV-2026-09-28-1,rVIV,VIV,2026-09-28,0.0607380000000000,UNRESOLVED,UNRESOLVED,,,,,,,,"no issuer row at ex-date; tier 3 needs first-party amount corroboration, issuer announced ex-date, prior-period amount"
rVOD-2026-06-05-1,rVOD,VOD,2026-06-05,0.2591480000000000,UNRESOLVED,UNRESOLVED,,,,,,,,"no issuer row at ex-date; tier 3 needs first-party amount corroboration, issuer announced ex-date, prior-period amount"
rVRSK-2026-06-15-1,rVRSK,VRSK,2026-06-15,0.5000000000000000,UNRESOLVED,UNRESOLVED,,,,,,,,"no issuer row at ex-date; tier 3 needs first-party amount corroboration, issuer announced ex-date, prior-period amount"
rVRT-2026-06-15-1,rVRT,VRT,2026-06-15,0.0625000000000000,UNRESOLVED,UNRESOLVED,,,,,,,,"no issuer row at ex-date; tier 3 needs first-party amount corroboration, issuer announced ex-date, prior-period amount"
rVSH-2026-06-18-1,rVSH,VSH,2026-06-18,0.1000000000000000,UNRESOLVED,UNRESOLVED,,,,,,,,"no issuer row at ex-date; tier 3 needs first-party amount corroboration, issuer announced ex-date, prior-period amount"
rVXUS-2026-06-18-1,rVXUS,VXUS,2026-06-18,0.3861000000000000,UNRESOLVED,UNRESOLVED,,,,,,,,"no issuer row at ex-date; tier 3 needs first-party amount corroboration, issuer announced ex-date, prior-period amount"
rVST-2026-06-22-1,rVST,VST,2026-06-22,0.2290000000000000,GROSS,GROSS,1,,,,,,bitget_notice_2026_07_24: amount and ex-date match; 30% withholding DOCUMENTED,tier 1: 2026-07-24 notice match (builder rule)
rVNQ-2026-06-24-1,rVNQ,VNQ,2026-06-24,0.8554000000000000,UNRESOLVED,UNRESOLVED,,,,,,,,"no issuer row at ex-date; tier 3 needs first-party amount corroboration, issuer announced ex-date, prior-period amount"
rVMI-2026-06-26-1,rVMI,VMI,2026-06-26,0.7700000000000000,UNRESOLVED,UNRESOLVED,,,,,,,,"no issuer row at ex-date; tier 3 needs first-party amount corroboration, issuer announced ex-date, prior-period amount"
rVOO-2026-06-26-1,rVOO,VOO,2026-06-26,1.9622000000000000,GROSS,GROSS,1,,,,,,bitget_notice_2026_07_24: amount and ex-date match; 30% withholding DOCUMENTED,tier 1: 2026-07-24 notice match (builder rule)
rVTI-2026-06-26-1,rVTI,VTI,2026-06-26,1.0437000000000000,UNRESOLVED,UNRESOLVED,,,,,,,,"no issuer row at ex-date; tier 3 needs first-party amount corroboration, issuer announced ex-date, prior-period amount"
rVTV-2026-06-26-1,rVTV,VTV,2026-06-26,1.0818000000000000,GROSS,GROSS,1,,,,,,bitget_notice_2026_07_24: amount and ex-date match; 30% withholding DOCUMENTED,tier 1: 2026-07-24 notice match (builder rule)
rVSNT-2026-07-01-1,rVSNT,VSNT,2026-07-01,0.3750000000000000,UNRESOLVED,UNRESOLVED,,,,,,,,"no issuer row at ex-date; tier 3 needs first-party amount corroboration, issuer announced ex-date, prior-period amount"
rVZ-2026-07-10-1,rVZ,VZ,2026-07-10,0.7075000000000000,UNRESOLVED,UNRESOLVED,,,,,,,,"no issuer row at ex-date; tier 3 needs first-party amount corroboration, issuer announced ex-date, prior-period amount"
rVSEC-2026-07-15-1,rVSEC,VSEC,2026-07-15,0.1000000000000000,UNRESOLVED,UNRESOLVED,,,,,,,,"no issuer row at ex-date; tier 3 needs first-party amount corroboration, issuer announced ex-date, prior-period amount"
rVNOM-2026-08-13-1,rVNOM,VNOM,2026-08-13,0.2900000000000000,UNRESOLVED,UNRESOLVED,,,,,,,,"no issuer row at ex-date; tier 3 needs first-party amount corroboration, issuer announced ex-date, prior-period amount"
rVNOM-2026-08-13-2,rVNOM,VNOM,2026-08-13,0.3800000000000000,UNRESOLVED,UNRESOLVED,,,,,,,,"no issuer row at ex-date; tier 3 needs first-party amount corroboration, issuer announced ex-date, prior-period amount"
rVRSN-2026-08-19-1,rVRSN,VRSN,2026-08-19,0.8100000000000000,UNRESOLVED,UNRESOLVED,,,,,,,,"no issuer row at ex-date; tier 3 needs first-party amount corroboration, issuer announced ex-date, prior-period amount"
rVTRS-2026-08-21-1,rVTRS,VTRS,2026-08-21,0.1200000000000000,UNRESOLVED,UNRESOLVED,,,,,,,,"no issuer row at ex-date; tier 3 needs first-party amount corroboration, issuer announced ex-date, prior-period amount"
rVOYA-2026-08-26-1,rVOYA,VOYA,2026-08-26,0.4700000000000000,UNRESOLVED,UNRESOLVED,,,,,,,,"no issuer row at ex-date; tier 3 needs first-party amount corroboration, issuer announced ex-date, prior-period amount"
rVSH-2026-09-10-1,rVSH,VSH,2026-09-10,0.1000000000000000,UNRESOLVED,UNRESOLVED,,,,,,,,"no issuer row at ex-date; tier 3 needs first-party amount corroboration, issuer announced ex-date, prior-period amount"
rVRT-2026-09-14-1,rVRT,VRT,2026-09-14,0.0625000000000000,UNRESOLVED,UNRESOLVED,,,,,,,,"no issuer row at ex-date; tier 3 needs first-party amount corroboration, issuer announced ex-date, prior-period amount"
rVRSK-2026-09-15-1,rVRSK,VRSK,2026-09-15,0.5000000000000000,UNRESOLVED,UNRESOLVED,,,,,,,,"no issuer row at ex-date; tier 3 needs first-party amount corroboration, issuer announced ex-date, prior-period amount"
rVXUS-2026-09-18-1,rVXUS,VXUS,2026-09-18,0.1560000000000000,UNRESOLVED,UNRESOLVED,,,,,,,,"no issuer row at ex-date; tier 3 needs first-party amount corroboration, issuer announced ex-date, prior-period amount"
rVST-2026-09-21-1,rVST,VST,2026-09-21,0.2300000000000000,UNRESOLVED,GROSS,3,,,0.23,2026-09-21,0.229 ex 2026-06-22,"perp_dividend_2026_09_16: 0.23 ex 2026-09-21 (first-party; amount only, no tax statement); yahoo_calendar: announced next ex-date 2026-09-21 (third-party); prior realised 0.229 ex 2026-06-22 equals amount (ASSUMED unchanged)",tier 3
rVMI-2026-09-25-1,rVMI,VMI,2026-09-25,0.7700000000000000,UNRESOLVED,UNRESOLVED,,,,,,,,"no issuer row at ex-date; tier 3 needs first-party amount corroboration, issuer announced ex-date, prior-period amount"
rVSNT-2026-10-01-1,rVSNT,VSNT,2026-10-01,0.3750000000000000,UNRESOLVED,UNRESOLVED,,,,,,,,"no issuer row at ex-date; tier 3 needs first-party amount corroboration, issuer announced ex-date, prior-period amount"
rVZ-2026-10-09-1,rVZ,VZ,2026-10-09,0.7075000000000000,UNRESOLVED,UNRESOLVED,,,,,,,,"no issuer row at ex-date; tier 3 needs first-party amount corroboration, issuer announced ex-date, prior-period amount"
rVSEC-2026-10-15-1,rVSEC,VSEC,2026-10-15,0.1000000000000000,UNRESOLVED,UNRESOLVED,,,,,,,,"no issuer row at ex-date; tier 3 needs first-party amount corroboration, issuer announced ex-date, prior-period amount"
rWHD-2026-06-01-1,rWHD,WHD,2026-06-01,0.1400000000000000,UNRESOLVED,UNRESOLVED,,,,,,,,"no issuer row at ex-date; tier 3 needs first-party amount corroboration, issuer announced ex-date, prior-period amount"
rWBI-2026-06-04-1,rWBI,WBI,2026-06-04,0.0500000000000000,UNRESOLVED,UNRESOLVED,,,,,,,,"no issuer row at ex-date; tier 3 needs first-party amount corroboration, issuer announced ex-date, prior-period amount"
rWDC-2026-06-05-1,rWDC,WDC,2026-06-05,0.1500000000000000,UNRESOLVED,UNRESOLVED,,,,,,,,"no issuer row at ex-date; tier 3 needs first-party amount corroboration, issuer announced ex-date, prior-period amount"
rWM-2026-06-05-1,rWM,WM,2026-06-05,0.9450000000000000,UNRESOLVED,UNRESOLVED,,,,,,,,"no issuer row at ex-date; tier 3 needs first-party amount corroboration, issuer announced ex-date, prior-period amount"
rWCC-2026-06-12-1,rWCC,WCC,2026-06-12,0.5000000000000000,UNRESOLVED,UNRESOLVED,,,,,,,,"no issuer row at ex-date; tier 3 needs first-party amount corroboration, issuer announced ex-date, prior-period amount"
rWH-2026-06-15-1,rWH,WH,2026-06-15,0.4300000000000000,UNRESOLVED,UNRESOLVED,,,,,,,,"no issuer row at ex-date; tier 3 needs first-party amount corroboration, issuer announced ex-date, prior-period amount"
rWFG-2026-06-25-1,rWFG,WFG,2026-06-25,0.3200000000000000,UNRESOLVED,UNRESOLVED,,,,,,,,"no issuer row at ex-date; tier 3 needs first-party amount corroboration, issuer announced ex-date, prior-period amount"
rWIT-2026-07-27-1,rWIT,WIT,2026-07-27,0.0185070000000000,UNRESOLVED,UNRESOLVED,,,,,,,,"no issuer row at ex-date; tier 3 needs first-party amount corroboration, issuer announced ex-date, prior-period amount"
rWES-2026-07-31-1,rWES,WES,2026-07-31,0.9300000000000000,UNRESOLVED,UNRESOLVED,,,,,,,,"no issuer row at ex-date; tier 3 needs first-party amount corroboration, issuer announced ex-date, prior-period amount"
rWCN-2026-08-06-1,rWCN,WCN,2026-08-06,0.3500000000000000,UNRESOLVED,UNRESOLVED,,,,,,,,"no issuer row at ex-date; tier 3 needs first-party amount corroboration, issuer announced ex-date, prior-period amount"
rWFRD-2026-08-06-1,rWFRD,WFRD,2026-08-06,0.2750000000000000,UNRESOLVED,UNRESOLVED,,,,,,,,"no issuer row at ex-date; tier 3 needs first-party amount corroboration, issuer announced ex-date, prior-period amount"
rWFC-2026-08-07-1,rWFC,WFC,2026-08-07,0.5000000000000000,UNRESOLVED,UNRESOLVED,,,,,,,,"no issuer row at ex-date; tier 3 needs first-party amount corroboration, issuer announced ex-date, prior-period amount"
rWF-2026-08-10-1,rWF,WF,2026-08-10,0.4653620100000000,UNRESOLVED,UNRESOLVED,,,,,,,,"no issuer row at ex-date; tier 3 needs first-party amount corroboration, issuer announced ex-date, prior-period amount"
rWELL-2026-08-12-1,rWELL,WELL,2026-08-12,0.8500000000000000,UNRESOLVED,UNRESOLVED,,,,,,,,"no issuer row at ex-date; tier 3 needs first-party amount corroboration, issuer announced ex-date, prior-period amount"
rWAL-2026-08-13-1,rWAL,WAL,2026-08-13,0.4200000000000000,UNRESOLVED,UNRESOLVED,,,,,,,,"no issuer row at ex-date; tier 3 needs first-party amount corroboration, issuer announced ex-date, prior-period amount"
rWEC-2026-08-14-1,rWEC,WEC,2026-08-14,0.9525000000000000,UNRESOLVED,UNRESOLVED,,,,,,,,"no issuer row at ex-date; tier 3 needs first-party amount corroboration, issuer announced ex-date, prior-period amount"
rWAB-2026-08-18-1,rWAB,WAB,2026-08-18,0.3100000000000000,UNRESOLVED,UNRESOLVED,,,,,,,,"no issuer row at ex-date; tier 3 needs first-party amount corroboration, issuer announced ex-date, prior-period amount"
rWLK-2026-08-25-1,rWLK,WLK,2026-08-25,0.5330000000000000,UNRESOLVED,UNRESOLVED,,,,,,,,"no issuer row at ex-date; tier 3 needs first-party amount corroboration, issuer announced ex-date, prior-period amount"
rWBI-2026-08-27-1,rWBI,WBI,2026-08-27,0.0500000000000000,UNRESOLVED,UNRESOLVED,,,,,,,,"no issuer row at ex-date; tier 3 needs first-party amount corroboration, issuer announced ex-date, prior-period amount"
rWHD-2026-08-31-1,rWHD,WHD,2026-08-31,0.1500000000000000,UNRESOLVED,UNRESOLVED,,,,,,,,"no issuer row at ex-date; tier 3 needs first-party amount corroboration, issuer announced ex-date, prior-period amount"
rWDS-2026-09-04-1,rWDS,WDS,2026-09-04,0.5500000000000000,UNRESOLVED,UNRESOLVED,,,,,,,,"no issuer row at ex-date; tier 3 needs first-party amount corroboration, issuer announced ex-date, prior-period amount"
rWDC-2026-09-08-1,rWDC,WDC,2026-09-08,0.1500000000000000,UNRESOLVED,UNRESOLVED,,,,,,,,"no issuer row at ex-date; tier 3 needs first-party amount corroboration, issuer announced ex-date, prior-period amount"
rWCC-2026-09-11-1,rWCC,WCC,2026-09-11,0.5000000000000000,UNRESOLVED,UNRESOLVED,,,,,,,,"no issuer row at ex-date; tier 3 needs first-party amount corroboration, issuer announced ex-date, prior-period amount"
rWM-2026-09-11-1,rWM,WM,2026-09-11,0.9450000000000000,UNRESOLVED,UNRESOLVED,,,,,,,,"no issuer row at ex-date; tier 3 needs first-party amount corroboration, issuer announced ex-date, prior-period amount"
rWH-2026-09-15-1,rWH,WH,2026-09-15,0.4300000000000000,UNRESOLVED,UNRESOLVED,,,,,,,,"no issuer row at ex-date; tier 3 needs first-party amount corroboration, issuer announced ex-date, prior-period amount"
rWTS-2026-06-01-1,rWTS,WTS,2026-06-01,0.6300000000000000,UNRESOLVED,UNRESOLVED,,,,,,,,"no issuer row at ex-date; tier 3 needs first-party amount corroboration, issuer announced ex-date, prior-period amount"
rWSC-2026-06-03-1,rWSC,WSC,2026-06-03,0.0700000000000000,UNRESOLVED,UNRESOLVED,,,,,,,,"no issuer row at ex-date; tier 3 needs first-party amount corroboration, issuer announced ex-date, prior-period amount"
rWY-2026-06-05-1,rWY,WY,2026-06-05,0.2100000000000000,UNRESOLVED,UNRESOLVED,,,,,,,,"no issuer row at ex-date; tier 3 needs first-party amount corroboration, issuer announced ex-date, prior-period amount"
rWMB-2026-06-12-1,rWMB,WMB,2026-06-12,0.5250000000000000,UNRESOLVED,UNRESOLVED,,,,,,,,"no issuer row at ex-date; tier 3 needs first-party amount corroboration, issuer announced ex-date, prior-period amount"
rXEL-2026-06-15-1,rXEL,XEL,2026-06-15,0.5925000000000000,UNRESOLVED,UNRESOLVED,,,,,,,,"no issuer row at ex-date; tier 3 needs first-party amount corroboration, issuer announced ex-date, prior-period amount"
rXBI-2026-06-22-1,rXBI,XBI,2026-06-22,0.1380940000000000,UNRESOLVED,UNRESOLVED,,,,,,,,"no issuer row at ex-date; tier 3 needs first-party amount corroboration, issuer announced ex-date, prior-period amount"
rXLK-2026-06-22-1,rXLK,XLK,2026-06-22,0.2279180000000000,UNRESOLVED,UNRESOLVED,,,,,,,,"no issuer row at ex-date; tier 3 needs first-party amount corroboration, issuer announced ex-date, prior-period amount"
rWRB-2026-06-23-1,rWRB,WRB,2026-06-23,0.1000000000000000,UNRESOLVED,UNRESOLVED,,,,,,,,"no issuer row at ex-date; tier 3 needs first-party amount corroboration, issuer announced ex-date, prior-period amount"
rWRB-2026-06-23-2,rWRB,WRB,2026-06-23,0.5000000000000000,UNRESOLVED,UNRESOLVED,,,,,,,,"no issuer row at ex-date; tier 3 needs first-party amount corroboration, issuer announced ex-date, prior-period amount"
rWPC-2026-06-30-1,rWPC,WPC,2026-06-30,0.9400000000000000,UNRESOLVED,UNRESOLVED,,,,,,,,"no issuer row at ex-date; tier 3 needs first-party amount corroboration, issuer announced ex-date, prior-period amount"
rWTW-2026-06-30-1,rWTW,WTW,2026-06-30,0.9600000000000000,UNRESOLVED,UNRESOLVED,,,,,,,,"no issuer row at ex-date; tier 3 needs first-party amount corroboration, issuer announced ex-date, prior-period amount"
rWSO-2026-07-16-1,rWSO,WSO,2026-07-16,3.3000000000000000,UNRESOLVED,UNRESOLVED,,,,,,,,"no issuer row at ex-date; tier 3 needs first-party amount corroboration, issuer announced ex-date, prior-period amount"
rWSM-2026-07-17-1,rWSM,WSM,2026-07-17,0.7600000000000000,UNRESOLVED,UNRESOLVED,,,,,,,,"no issuer row at ex-date; tier 3 needs first-party amount corroboration, issuer announced ex-date, prior-period amount"
rWST-2026-07-29-1,rWST,WST,2026-07-29,0.2200000000000000,UNRESOLVED,UNRESOLVED,,,,,,,,"no issuer row at ex-date; tier 3 needs first-party amount corroboration, issuer announced ex-date, prior-period amount"
rWTFC-2026-08-06-1,rWTFC,WTFC,2026-08-06,0.5500000000000000,UNRESOLVED,UNRESOLVED,,,,,,,,"no issuer row at ex-date; tier 3 needs first-party amount corroboration, issuer announced ex-date, prior-period amount"
rWTRG-2026-08-11-1,rWTRG,WTRG,2026-08-11,0.3606000000000000,UNRESOLVED,UNRESOLVED,,,,,,,,"no issuer row at ex-date; tier 3 needs first-party amount corroboration, issuer announced ex-date, prior-period amount"
rWYNN-2026-08-14-1,rWYNN,WYNN,2026-08-14,0.2500000000000000,UNRESOLVED,UNRESOLVED,,,,,,,,"no issuer row at ex-date; tier 3 needs first-party amount corroboration, issuer announced ex-date, prior-period amount"
rWMG-2026-08-20-1,rWMG,WMG,2026-08-20,0.2000000000000000,UNRESOLVED,UNRESOLVED,,,,,,,,"no issuer row at ex-date; tier 3 needs first-party amount corroboration, issuer announced ex-date, prior-period amount"
rWPM-2026-08-20-1,rWPM,WPM,2026-08-20,0.1950000000000000,UNRESOLVED,UNRESOLVED,,,,,,,,"no issuer row at ex-date; tier 3 needs first-party amount corroboration, issuer announced ex-date, prior-period amount"
rWWD-2026-08-20-1,rWWD,WWD,2026-08-20,0.3200000000000000,UNRESOLVED,UNRESOLVED,,,,,,,,"no issuer row at ex-date; tier 3 needs first-party amount corroboration, issuer announced ex-date, prior-period amount"
rWMT-2026-08-21-1,rWMT,WMT,2026-08-21,0.2475000000000000,UNRESOLVED,UNRESOLVED,,,,,,,,"no issuer row at ex-date; tier 3 needs first-party amount corroboration, issuer announced ex-date, prior-period amount"
rWTS-2026-09-01-1,rWTS,WTS,2026-09-01,0.6300000000000000,UNRESOLVED,UNRESOLVED,,,,,,,,"no issuer row at ex-date; tier 3 needs first-party amount corroboration, issuer announced ex-date, prior-period amount"
rWSC-2026-09-02-1,rWSC,WSC,2026-09-02,0.0700000000000000,UNRESOLVED,UNRESOLVED,,,,,,,,"no issuer row at ex-date; tier 3 needs first-party amount corroboration, issuer announced ex-date, prior-period amount"
rWY-2026-09-04-1,rWY,WY,2026-09-04,0.2100000000000000,UNRESOLVED,UNRESOLVED,,,,,,,,"no issuer row at ex-date; tier 3 needs first-party amount corroboration, issuer announced ex-date, prior-period amount"
rWMB-2026-09-11-1,rWMB,WMB,2026-09-11,0.5250000000000000,UNRESOLVED,UNRESOLVED,,,,,,,,"no issuer row at ex-date; tier 3 needs first-party amount corroboration, issuer announced ex-date, prior-period amount"
rXEL-2026-09-15-1,rXEL,XEL,2026-09-15,0.5925000000000000,UNRESOLVED,UNRESOLVED,,,,,,,,"no issuer row at ex-date; tier 3 needs first-party amount corroboration, issuer announced ex-date, prior-period amount"
rWRB-2026-09-21-1,rWRB,WRB,2026-09-21,0.1000000000000000,UNRESOLVED,UNRESOLVED,,,,,,,,"no issuer row at ex-date; tier 3 needs first-party amount corroboration, issuer announced ex-date, prior-period amount"
rWTW-2026-09-30-1,rWTW,WTW,2026-09-30,0.9600000000000000,UNRESOLVED,UNRESOLVED,,,,,,,,"no issuer row at ex-date; tier 3 needs first-party amount corroboration, issuer announced ex-date, prior-period amount"
rWMT-2026-12-11-1,rWMT,WMT,2026-12-11,0.2475000000000000,UNRESOLVED,UNRESOLVED,,,,,,,,"no issuer row at ex-date; tier 3 needs first-party amount corroboration, issuer announced ex-date, prior-period amount"
rXP-2026-06-10-1,rXP,XP,2026-06-10,0.2000000000000000,UNRESOLVED,UNRESOLVED,,,,,,,,"no issuer row at ex-date; tier 3 needs first-party amount corroboration, issuer announced ex-date, prior-period amount"
rYOU-2026-06-10-1,rYOU,YOU,2026-06-10,0.1500000000000000,UNRESOLVED,UNRESOLVED,,,,,,,,"no issuer row at ex-date; tier 3 needs first-party amount corroboration, issuer announced ex-date, prior-period amount"
rXLU-2026-06-22-1,rXLU,XLU,2026-06-22,0.2844150000000000,UNRESOLVED,UNRESOLVED,,,,,,,,"no issuer row at ex-date; tier 3 needs first-party amount corroboration, issuer announced ex-date, prior-period amount"
rXLV-2026-06-22-1,rXLV,XLV,2026-06-22,0.6562520000000000,UNRESOLVED,UNRESOLVED,,,,,,,,"no issuer row at ex-date; tier 3 needs first-party amount corroboration, issuer announced ex-date, prior-period amount"
rYANG-2026-06-23-1,rYANG,YANG,2026-06-23,0.1631400000000000,GROSS,GROSS,1,,,,,,bitget_notice_2026_07_24: amount and ex-date match; 30% withholding DOCUMENTED,tier 1: 2026-07-24 notice match (builder rule)
rYINN-2026-06-23-1,rYINN,YINN,2026-06-23,0.2094300000000000,GROSS,GROSS,1,,,,,,bitget_notice_2026_07_24: amount and ex-date match; 30% withholding DOCUMENTED,tier 1: 2026-07-24 notice match (builder rule)
rZBH-2026-06-25-1,rZBH,ZBH,2026-06-25,0.2400000000000000,UNRESOLVED,UNRESOLVED,,,,,,,,"no issuer row at ex-date; tier 3 needs first-party amount corroboration, issuer announced ex-date, prior-period amount"
rZGN-2026-07-06-1,rZGN,ZGN,2026-07-06,0.1407480000000000,UNRESOLVED,UNRESOLVED,,,,,,,,"no issuer row at ex-date; tier 3 needs first-party amount corroboration, issuer announced ex-date, prior-period amount"
rYMM-2026-07-07-1,rYMM,YMM,2026-07-07,0.0798000000000000,UNRESOLVED,UNRESOLVED,,,,,,,,"no issuer row at ex-date; tier 3 needs first-party amount corroboration, issuer announced ex-date, prior-period amount"
rZION-2026-08-13-1,rZION,ZION,2026-08-13,0.4800000000000000,UNRESOLVED,UNRESOLVED,,,,,,,,"no issuer row at ex-date; tier 3 needs first-party amount corroboration, issuer announced ex-date, prior-period amount"
rXOM-2026-08-17-1,rXOM,XOM,2026-08-17,1.0300000000000000,UNRESOLVED,UNRESOLVED,,,,,,,,"no issuer row at ex-date; tier 3 needs first-party amount corroboration, issuer announced ex-date, prior-period amount"
rXYL-2026-08-27-1,rXYL,XYL,2026-08-27,0.4300000000000000,UNRESOLVED,UNRESOLVED,,,,,,,,"no issuer row at ex-date; tier 3 needs first-party amount corroboration, issuer announced ex-date, prior-period amount"
rYUMC-2026-08-27-1,rYUMC,YUMC,2026-08-27,0.2900000000000000,UNRESOLVED,UNRESOLVED,,,,,,,,"no issuer row at ex-date; tier 3 needs first-party amount corroboration, issuer announced ex-date, prior-period amount"
rYUM-2026-09-09-1,rYUM,YUM,2026-09-09,0.7500000000000000,UNRESOLVED,UNRESOLVED,,,,,,,,"no issuer row at ex-date; tier 3 needs first-party amount corroboration, issuer announced ex-date, prior-period amount"
rYOU-2026-09-10-1,rYOU,YOU,2026-09-10,0.1500000000000000,UNRESOLVED,UNRESOLVED,,,,,,,,"no issuer row at ex-date; tier 3 needs first-party amount corroboration, issuer announced ex-date, prior-period amount"
rZBH-2026-09-30-1,rZBH,ZBH,2026-09-30,0.2400000000000000,UNRESOLVED,UNRESOLVED,,,,,,,,"no issuer row at ex-date; tier 3 needs first-party amount corroboration, issuer announced ex-date, prior-period amount"
rYMM-2026-10-14-1,rYMM,YMM,2026-10-14,0.0840000000000000,UNRESOLVED,UNRESOLVED,,,,,,,,"no issuer row at ex-date; tier 3 needs first-party amount corroboration, issuer announced ex-date, prior-period amount"
rZTS-2026-07-20-1,rZTS,ZTS,2026-07-20,0.5300000000000000,UNRESOLVED,UNRESOLVED,,,,,,,,"no issuer row at ex-date; tier 3 needs first-party amount corroboration, issuer announced ex-date, prior-period amount"
rZWS-2026-08-20-1,rZWS,ZWS,2026-08-20,0.1100000000000000,UNRESOLVED,UNRESOLVED,,,,,,,,"no issuer row at ex-date; tier 3 needs first-party amount corroboration, issuer announced ex-date, prior-period amount"
