event_id,symbol,ex_date,usable,notice_amount,reality_amount,notice_over_reality,reality_matched,reality_row_ambiguous,nearest_cash_days,nearest_noncash_days,open_time,listing_age_days,instrument_type,long_name,gross_basis_conflict,adjacent_cash_event,noncash_action_30d,relisted_after_event,ex_date_after_gap,pre_bar_stale_24h,market_move_1pct,high_yield_2pct,underlying_check_failed,leveraged_name_hint,flags,n_flags,clean
rADI-2026-06-02-1,rADI,2026-06-02,False,,1.1,,True,False,91.0,,2026-06-09,-7.0,EQUITY,"Analog Devices, Inc.",False,False,False,True,False,False,False,False,False,False,relisted_after_event,1,False
rAAON-2026-06-05-1,rAAON,2026-06-05,False,,0.1,,True,False,91.0,,2026-09-07,-94.0,EQUITY,"AAON, Inc.",False,False,False,True,False,False,False,False,False,False,relisted_after_event,1,False
rABEV-2026-06-24-1,rABEV,2026-06-24,False,,0.005728,,True,False,91.0,,,,EQUITY,Ambev S.A.,False,False,False,False,False,False,False,False,True,False,underlying_check_failed,1,False
rA-2026-06-30-1,rA,2026-06-30,False,,0.255,,True,False,98.0,,2026-07-14,-14.0,EQUITY,"Agilent Technologies, Inc.",False,False,False,True,False,False,False,False,False,False,relisted_after_event,1,False
rABCB-2026-06-30-1,rABCB,2026-06-30,False,,0.2,,True,False,92.0,,2026-09-11,-73.0,EQUITY,Ameris Bancorp,False,False,False,True,False,False,False,False,False,False,relisted_after_event,1,False
rADC-2026-06-30-1,rADC,2026-06-30,False,,0.267,,True,False,31.0,,2026-09-07,-69.0,EQUITY,Agree Realty Corporation,False,False,False,True,False,False,False,False,False,False,relisted_after_event,1,False
rACM-2026-07-01-1,rACM,2026-07-01,False,,0.31,,True,False,,,2026-09-07,-68.0,EQUITY,AECOM,False,False,False,True,False,False,False,False,False,False,relisted_after_event,1,False
rACN-2026-07-09-1,rACN,2026-07-09,True,,1.63,,True,False,,,2026-06-09,30.0,EQUITY,Accenture plc,False,False,False,False,False,False,False,False,False,False,,0,True
rABBV-2026-07-15-1,rABBV,2026-07-15,True,,1.73,,True,False,92.0,,2026-06-08,37.0,EQUITY,AbbVie Inc.,False,False,False,False,False,False,False,False,False,False,,0,True
rABT-2026-07-15-1,rABT,2026-07-15,True,,0.63,,True,False,,,2026-06-09,36.0,EQUITY,Abbott Laboratories,False,False,False,False,False,False,False,False,False,False,,0,True
rACI-2026-07-24-1,rACI,2026-07-24,False,,0.17,,True,False,,,2026-09-11,-49.0,EQUITY,"Albertsons Companies, Inc.",False,False,False,True,False,False,False,False,False,False,relisted_after_event,1,False
rADC-2026-07-31-1,rADC,2026-07-31,False,,0.267,,True,False,31.0,,2026-09-07,-38.0,EQUITY,Agree Realty Corporation,False,False,False,True,False,False,False,False,False,False,relisted_after_event,1,False
rAAPL-2026-08-10-1,rAAPL,2026-08-10,True,,0.27,,True,False,,,2026-06-01,70.0,EQUITY,Apple Inc.,False,False,False,False,True,False,False,False,False,False,ex_date_after_gap,1,False
rAA-2026-08-11-1,rAA,2026-08-11,False,,0.1,,True,False,,,2026-08-25,-14.0,EQUITY,Alcoa Corporation,False,False,False,True,False,False,False,False,False,False,relisted_after_event,1,False
rACT-2026-08-20-1,rACT,2026-08-20,False,,0.24,,True,False,,,2026-09-11,-22.0,EQUITY,"Enact Holdings, Inc.",False,False,False,True,False,False,False,False,False,False,relisted_after_event,1,False
rADC-2026-08-31-1,rADC,2026-08-31,False,,0.267,,True,False,30.0,,2026-09-07,-7.0,EQUITY,Agree Realty Corporation,False,False,False,True,False,False,False,False,False,False,relisted_after_event,1,False
rADI-2026-09-01-1,rADI,2026-09-01,True,,1.1,,True,False,91.0,,2026-06-09,84.0,EQUITY,"Analog Devices, Inc.",False,False,False,False,False,False,False,False,False,False,,0,True
rAAON-2026-09-04-1,rAAON,2026-09-04,False,,0.1,,True,False,91.0,,2026-09-07,-3.0,EQUITY,"AAON, Inc.",False,False,False,True,False,False,False,False,False,False,relisted_after_event,1,False
rABEV-2026-09-23-1,rABEV,2026-09-23,False,,0.013966,,True,False,91.0,,,,EQUITY,Ambev S.A.,False,False,False,False,False,False,False,False,True,False,underlying_check_failed,1,False
rABCB-2026-09-30-1,rABCB,2026-09-30,False,,0.2,,True,False,92.0,,,,EQUITY,Ameris Bancorp,False,False,False,False,False,False,False,False,True,False,underlying_check_failed,1,False
rADC-2026-09-30-1,rADC,2026-09-30,False,,0.267,,True,False,30.0,,,,EQUITY,Agree Realty Corporation,False,False,False,False,False,False,False,False,True,False,underlying_check_failed,1,False
rA-2026-10-06-1,rA,2026-10-06,False,,0.255,,True,False,98.0,,,,EQUITY,"Agilent Technologies, Inc.",False,False,False,False,False,False,False,False,True,False,underlying_check_failed,1,False
rABBV-2026-10-15-1,rABBV,2026-10-15,False,,1.73,,True,False,92.0,,,,EQUITY,AbbVie Inc.,False,False,False,False,False,False,False,False,True,False,underlying_check_failed,1,False
rAEM-2026-06-01-1,rAEM,2026-06-01,False,,0.45,,True,False,92.0,,2026-06-10,-9.0,EQUITY,Agnico Eagle Mines Limited,False,False,False,True,False,False,False,False,False,False,relisted_after_event,1,False
rAGG-2026-06-01-1,rAGG,2026-06-01,False,,0.33149,,True,False,30.0,,2026-06-09,-8.0,ETF,iShares Core U.S. Aggregate Bond ETF,False,False,False,True,False,False,False,False,False,False,relisted_after_event,1,False
rAEE-2026-06-09-1,rAEE,2026-06-09,False,,0.75,,True,False,91.0,,2026-09-07,-90.0,EQUITY,Ameren Corporation,False,False,False,True,False,False,False,False,False,False,relisted_after_event,1,False
rADT-2026-06-11-1,rADT,2026-06-11,False,,0.055,,True,False,91.0,,2026-09-11,-92.0,EQUITY,ADT Inc.,False,False,False,True,False,False,False,False,False,False,relisted_after_event,1,False
rAGI-2026-06-11-1,rAGI,2026-06-11,False,,0.04,,True,False,91.0,,2026-09-07,-88.0,EQUITY,Alamos Gold Inc.,False,False,False,True,False,False,False,False,False,False,relisted_after_event,1,False
rADP-2026-06-12-1,rADP,2026-06-12,True,,1.7,,True,False,91.0,,2026-06-08,4.0,EQUITY,"Automatic Data Processing, Inc.",False,False,False,False,False,False,False,False,False,False,,0,True
rAEG-2026-06-15-1,rAEG,2026-06-15,False,,0.209862,,True,False,80.0,,,,EQUITY,Aegon Ltd.,False,False,False,False,False,False,False,False,True,False,underlying_check_failed,1,False
rAIG-2026-06-15-1,rAIG,2026-06-15,False,,0.5,,True,False,93.0,,2026-06-30,-15.0,EQUITY,"American International Group, Inc.",False,False,False,True,False,False,False,False,False,False,relisted_after_event,1,False
rAGNC-2026-06-30-1,rAGNC,2026-06-30,False,,0.12,,True,False,31.0,,2026-09-07,-69.0,EQUITY,AGNC Investment Corp.,False,False,False,True,False,False,False,False,False,False,relisted_after_event,1,False
rAHR-2026-06-30-1,rAHR,2026-06-30,False,,0.25,,True,False,,,2026-09-07,-69.0,EQUITY,"American Healthcare REIT, Inc.",False,False,False,True,False,False,False,False,False,False,relisted_after_event,1,False
rAGG-2026-07-01-1,rAGG,2026-07-01,True,,0.330688,,True,False,30.0,,2026-06-09,22.0,ETF,iShares Core U.S. Aggregate Bond ETF,False,False,False,False,False,False,False,False,False,False,,0,True
rAFG-2026-07-15-1,rAFG,2026-07-15,False,,0.88,,True,False,,,2026-09-07,-54.0,EQUITY,"American Financial Group, Inc.",False,False,False,True,False,False,False,False,False,False,relisted_after_event,1,False
rAGX-2026-07-23-1,rAGX,2026-07-23,False,,0.5,,True,False,91.0,,2026-09-11,-50.0,EQUITY,"Argan, Inc.",False,False,False,True,False,False,False,False,False,False,relisted_after_event,1,False
rAES-2026-07-31-1,rAES,2026-07-31,False,,0.17595,,True,False,,,2026-09-07,-38.0,EQUITY,The AES Corporation,False,False,False,True,False,False,False,False,False,False,relisted_after_event,1,False
rAGNC-2026-07-31-1,rAGNC,2026-07-31,False,,0.12,,True,False,31.0,,2026-09-07,-38.0,EQUITY,AGNC Investment Corp.,False,False,False,True,False,False,False,False,False,False,relisted_after_event,1,False
rAGG-2026-08-03-1,rAGG,2026-08-03,True,,0.33756802,,True,False,29.0,,2026-06-09,55.0,ETF,iShares Core U.S. Aggregate Bond ETF,False,False,False,False,True,False,False,False,False,False,ex_date_after_gap,1,False
rAEP-2026-08-10-1,rAEP,2026-08-10,True,,0.95,,True,False,,,2026-06-11,60.0,EQUITY,"American Electric Power Company, Inc.",False,False,False,False,True,False,False,False,False,False,ex_date_after_gap,1,False
rAER-2026-08-12-1,rAER,2026-08-12,False,,0.4,,True,False,,,2026-09-07,-26.0,EQUITY,AerCap Holdings N.V.,False,False,False,True,False,False,False,False,False,False,relisted_after_event,1,False
rAG-2026-08-14-1,rAG,2026-08-14,False,,0.0152,,True,False,,,2026-09-11,-28.0,EQUITY,First Majestic Silver Corp.,False,False,False,True,False,False,False,False,False,False,relisted_after_event,1,False
rAGCO-2026-08-14-1,rAGCO,2026-08-14,False,,0.3,,True,False,,,2026-09-11,-28.0,EQUITY,AGCO Corporation,False,False,False,True,False,False,False,False,False,False,relisted_after_event,1,False
rADM-2026-08-19-1,rADM,2026-08-19,True,,0.52,,True,False,,,2026-07-14,36.0,EQUITY,Archer-Daniels-Midland Company,False,False,False,False,False,False,False,False,False,False,,0,True
rAFL-2026-08-19-1,rAFL,2026-08-19,True,,0.61,,True,False,,,2026-06-11,69.0,EQUITY,Aflac Incorporated,False,False,False,False,False,False,False,False,False,False,,0,True
rAEIS-2026-08-24-1,rAEIS,2026-08-24,False,,0.1,,True,False,,,2026-09-07,-14.0,EQUITY,"Advanced Energy Industries, Inc.",False,False,False,True,False,False,False,False,False,False,relisted_after_event,1,False
rAGNC-2026-08-31-1,rAGNC,2026-08-31,False,,0.12,,True,False,30.0,,2026-09-07,-7.0,EQUITY,AGNC Investment Corp.,False,False,False,True,False,False,False,False,False,False,relisted_after_event,1,False
rAEM-2026-09-01-1,rAEM,2026-09-01,True,,0.45,,True,False,92.0,,2026-06-10,83.0,EQUITY,Agnico Eagle Mines Limited,False,False,False,False,False,False,False,False,False,False,,0,True
rAGG-2026-09-01-1,rAGG,2026-09-01,True,,0.337062,,True,False,29.0,,2026-06-09,84.0,ETF,iShares Core U.S. Aggregate Bond ETF,False,False,False,False,False,False,False,False,False,False,,0,True
rAEG-2026-09-03-1,rAEG,2026-09-03,False,,0.208684,,True,False,80.0,,,,EQUITY,Aegon Ltd.,False,False,False,False,False,False,False,False,True,False,underlying_check_failed,1,False
rAEE-2026-09-08-1,rAEE,2026-09-08,False,,0.75,,True,False,91.0,,2026-09-07,1.0,EQUITY,Ameren Corporation,False,False,False,False,False,False,False,False,False,False,,0,False
rADT-2026-09-10-1,rADT,2026-09-10,False,,0.055,,True,False,91.0,,2026-09-11,-1.0,EQUITY,ADT Inc.,False,False,False,True,False,False,False,False,False,False,relisted_after_event,1,False
rAGI-2026-09-10-1,rAGI,2026-09-10,True,,0.04,,True,False,91.0,,2026-09-07,3.0,EQUITY,Alamos Gold Inc.,False,False,False,False,False,False,False,False,False,False,,0,True
rADP-2026-09-11-1,rADP,2026-09-11,True,,1.7,,True,False,91.0,,2026-06-08,95.0,EQUITY,"Automatic Data Processing, Inc.",False,False,False,False,False,False,False,False,False,False,,0,True
rAIG-2026-09-16-1,rAIG,2026-09-16,True,,0.5,,True,False,93.0,,2026-06-30,78.0,EQUITY,"American International Group, Inc.",False,False,False,False,False,False,False,False,False,False,,0,True
rAGNC-2026-09-30-1,rAGNC,2026-09-30,False,,0.12,,True,False,30.0,,2026-09-07,23.0,EQUITY,AGNC Investment Corp.,False,False,False,False,False,False,False,False,True,False,underlying_check_failed,1,False
rAGX-2026-10-22-1,rAGX,2026-10-22,False,,0.7,,True,False,91.0,,,,EQUITY,"Argan, Inc.",False,False,False,False,False,False,False,False,True,False,underlying_check_failed,1,False
rALL-2026-06-01-1,rALL,2026-06-01,False,,1.08,,True,False,91.0,,2026-06-11,-10.0,EQUITY,The Allstate Corporation,False,False,False,True,False,False,False,False,False,False,relisted_after_event,1,False
rAJG-2026-06-05-1,rAJG,2026-06-05,False,,0.7,,True,False,95.0,,2026-06-11,-6.0,EQUITY,Arthur J. Gallagher & Co.,False,False,False,True,False,False,False,False,False,False,relisted_after_event,1,False
rAIZ-2026-06-08-1,rAIZ,2026-06-08,False,,0.88,,True,False,84.0,,2026-09-07,-91.0,EQUITY,"Assurant, Inc.",False,False,False,True,False,False,False,False,False,False,relisted_after_event,1,False
rALB-2026-06-12-1,rALB,2026-06-12,True,,0.405,,True,False,91.0,,2026-06-05,7.0,EQUITY,Albemarle Corporation,False,False,False,False,False,False,False,False,False,False,,0,True
rALLE-2026-06-15-1,rALLE,2026-06-15,False,,0.55,,True,False,92.0,,2026-09-07,-84.0,EQUITY,Allegion plc,False,False,False,True,False,False,False,False,False,False,relisted_after_event,1,False
rAME-2026-06-15-1,rAME,2026-06-15,True,,0.34,,True,False,92.0,,2026-06-11,4.0,EQUITY,"AMETEK, Inc.",False,False,False,False,True,False,False,False,False,False,ex_date_after_gap,1,False
rALLY-2026-07-31-1,rALLY,2026-07-31,False,,0.3,,True,False,,,2026-09-07,-38.0,EQUITY,Ally Financial Inc.,False,False,False,True,False,False,False,False,False,False,relisted_after_event,1,False
rAIT-2026-08-14-1,rAIT,2026-08-14,False,,0.51,,True,False,,,2026-09-07,-24.0,EQUITY,"Applied Industrial Technologies, Inc.",False,False,False,True,False,False,False,False,False,False,relisted_after_event,1,False
rAMAT-2026-08-20-1,rAMAT,2026-08-20,True,,0.53,,True,False,91.0,,2026-06-02,79.0,EQUITY,"Applied Materials, Inc.",False,False,False,False,False,False,False,False,False,False,,0,True
rALSN-2026-08-21-1,rALSN,2026-08-21,False,,0.29,,True,False,,,2026-09-07,-17.0,EQUITY,"Allison Transmission Holdings, Inc.",False,False,False,True,False,False,False,False,False,False,relisted_after_event,1,False
rALV-2026-08-28-1,rALV,2026-08-28,False,,0.87,,True,False,,,2026-09-07,-10.0,EQUITY,"Autoliv, Inc.",False,False,False,True,False,False,False,False,False,False,relisted_after_event,1,False
rAIZ-2026-08-31-1,rAIZ,2026-08-31,False,,0.88,,True,False,84.0,,2026-09-07,-7.0,EQUITY,"Assurant, Inc.",False,False,False,True,False,False,False,False,False,False,relisted_after_event,1,False
rALL-2026-08-31-1,rALL,2026-08-31,True,,1.08,,True,False,91.0,,2026-06-11,81.0,EQUITY,The Allstate Corporation,False,False,False,False,True,False,False,False,False,False,ex_date_after_gap,1,False
rAMCR-2026-09-04-1,rAMCR,2026-09-04,True,,0.65,,True,False,,,2026-09-01,3.0,EQUITY,Amcor plc,False,False,False,False,False,False,False,False,False,False,,0,True
rAJG-2026-09-08-1,rAJG,2026-09-08,True,,0.7,,True,False,95.0,,2026-06-11,89.0,EQUITY,Arthur J. Gallagher & Co.,False,False,False,False,True,False,False,False,False,False,ex_date_after_gap,1,False
rALB-2026-09-11-1,rALB,2026-09-11,True,,0.41,,True,False,91.0,,2026-06-05,98.0,EQUITY,Albemarle Corporation,False,False,False,False,False,False,False,False,False,False,,0,True
rALLE-2026-09-15-1,rALLE,2026-09-15,True,,0.55,,True,False,92.0,,2026-09-07,8.0,EQUITY,Allegion plc,False,False,False,False,False,False,False,False,False,False,,0,True
rAME-2026-09-15-1,rAME,2026-09-15,True,,0.34,,True,False,92.0,,2026-06-11,96.0,EQUITY,"AMETEK, Inc.",False,False,False,False,False,False,False,False,False,False,,0,True
rAMAT-2026-11-19-1,rAMAT,2026-11-19,False,,0.53,,True,False,91.0,,2026-06-02,170.0,EQUITY,"Applied Materials, Inc.",False,False,False,False,False,False,False,False,True,False,underlying_check_failed,1,False
rAMKR-2026-06-03-1,rAMKR,2026-06-03,False,,0.08352,,True,False,91.0,,2026-06-30,-27.0,EQUITY,"Amkor Technology, Inc.",False,False,False,True,False,False,False,False,False,False,relisted_after_event,1,False
rAMT-2026-06-12-1,rAMT,2026-06-12,True,,1.79,,True,False,,,2026-06-10,2.0,EQUITY,American Tower Corporation,False,False,False,False,False,False,False,False,False,False,,0,True
rAMH-2026-06-15-1,rAMH,2026-06-15,False,,0.33,,True,False,92.0,,2026-09-07,-84.0,EQUITY,American Homes 4 Rent,False,False,False,True,False,False,False,False,False,False,relisted_after_event,1,False
rAPH-2026-06-23-1,rAPH,2026-06-23,False,0.25,0.25,1.0,True,False,91.0,72.0,2026-09-03,-72.0,EQUITY,Amphenol Corporation,False,False,False,True,False,False,False,False,True,False,relisted_after_event;underlying_check_failed,2,False
rAPD-2026-07-01-1,rAPD,2026-07-01,True,,1.81,,True,False,92.0,,2026-06-11,20.0,EQUITY,"Air Products and Chemicals, Inc.",False,False,False,False,False,False,False,False,False,False,,0,True
rAPA-2026-07-22-1,rAPA,2026-07-22,False,,0.25,,True,False,,,2026-09-07,-47.0,EQUITY,APA Corporation,False,False,False,True,False,False,False,False,False,False,relisted_after_event,1,False
rAOS-2026-07-31-1,rAOS,2026-07-31,False,,0.36,,True,False,,,2026-09-11,-42.0,EQUITY,A. O. Smith Corporation,False,False,False,True,False,False,False,False,False,False,relisted_after_event,1,False
rAMP-2026-08-03-1,rAMP,2026-08-03,True,,1.7,,True,False,,,2026-06-23,41.0,EQUITY,"Ameriprise Financial, Inc.",False,False,False,False,True,False,False,False,False,False,ex_date_after_gap,1,False
rAON-2026-08-03-1,rAON,2026-08-03,True,,0.82,,True,False,,,2026-06-11,53.0,EQUITY,Aon plc,False,False,False,False,True,False,False,False,False,False,ex_date_after_gap,1,False
rAMG-2026-08-10-1,rAMG,2026-08-10,False,,0.01,,True,False,,,2026-09-07,-28.0,EQUITY,"Affiliated Managers Group, Inc.",False,False,False,True,False,False,False,False,False,False,relisted_after_event,1,False
rAMRZ-2026-08-18-1,rAMRZ,2026-08-18,True,,0.11,,True,False,,,2026-08-04,14.0,EQUITY,,False,False,False,False,False,False,False,False,False,False,,0,True
rAPO-2026-08-19-1,rAPO,2026-08-19,True,,0.5625,,True,False,,,2026-06-09,71.0,EQUITY,"Apollo Global Management, Inc.",False,False,False,False,False,False,False,False,False,False,,0,True
rAMGN-2026-08-21-1,rAMGN,2026-08-21,True,,2.52,,True,False,,,2026-06-09,73.0,EQUITY,Amgen Inc.,False,False,False,False,False,False,False,False,False,False,,0,True
rAMKR-2026-09-02-1,rAMKR,2026-09-02,True,,0.08352,,True,False,91.0,,2026-06-30,64.0,EQUITY,"Amkor Technology, Inc.",False,False,False,False,False,False,False,False,False,False,,0,True
rAPH-2026-09-03-1,rAPH,2026-09-03,False,,,,False,False,19.0,0.0,,,EQUITY,Amphenol Corporation,False,False,True,False,False,False,False,False,True,False,noncash_action_30d;underlying_check_failed,2,False
rAMH-2026-09-15-1,rAMH,2026-09-15,True,,0.33,,True,False,92.0,,2026-09-07,8.0,EQUITY,American Homes 4 Rent,False,False,False,False,False,False,False,False,False,False,,0,True
rAPH-2026-09-22-1,rAPH,2026-09-22,False,,0.125,,True,False,91.0,19.0,,,EQUITY,Amphenol Corporation,False,False,True,False,False,False,False,False,True,False,noncash_action_30d;underlying_check_failed,2,False
rAPD-2026-10-01-1,rAPD,2026-10-01,False,,1.81,,True,False,92.0,,,,EQUITY,"Air Products and Chemicals, Inc.",False,False,False,False,False,False,False,False,True,False,underlying_check_failed,1,False
rASB-2026-06-01-1,rASB,2026-06-01,False,,0.24,,True,False,92.0,,2026-09-11,-102.0,EQUITY,Associated Banc-Corp,False,False,False,True,False,False,False,False,False,False,relisted_after_event,1,False
rATAT-2026-06-05-1,rATAT,2026-06-05,False,,0.51,,True,False,,,,,EQUITY,Atour Lifestyle Holdings Limited,False,False,False,False,False,False,False,False,True,False,underlying_check_failed,1,False
rARCC-2026-06-15-1,rARCC,2026-06-15,False,,0.48,,True,False,92.0,,2026-09-07,-84.0,EQUITY,Ares Capital Corporation,False,False,False,True,False,False,False,False,False,False,relisted_after_event,1,False
rARES-2026-06-16-1,rARES,2026-06-16,True,,1.35,,True,False,92.0,,2026-06-11,5.0,EQUITY,Ares Management Corporation,False,False,False,False,False,False,False,False,False,False,,0,True
rAQN-2026-06-30-1,rAQN,2026-06-30,False,,0.065,,True,False,91.0,,2026-09-11,-73.0,EQUITY,Algonquin Power & Utilities Corp.,False,False,False,True,False,False,False,False,False,False,relisted_after_event,1,False
rASX-2026-07-06-1,rASX,2026-07-06,False,,0.309502,,True,False,,,,,EQUITY,"ASE Technology Holding Co., Ltd.",False,False,False,False,False,False,False,False,True,False,underlying_check_failed,1,False
rASML-2026-07-28-1,rASML,2026-07-28,False,,1.828112,,True,False,,,,,EQUITY,ASML Holding N.V.,False,False,False,False,False,False,False,False,True,False,underlying_check_failed,1,False
rATR-2026-07-30-1,rATR,2026-07-30,False,,0.48,,True,False,,,2026-09-11,-43.0,EQUITY,"AptarGroup, Inc.",False,False,False,True,False,False,False,False,False,False,relisted_after_event,1,False
rAROC-2026-08-04-1,rAROC,2026-08-04,False,,0.23,,True,False,,,2026-09-11,-38.0,EQUITY,"Archrock, Inc.",False,False,False,True,False,False,False,False,False,False,relisted_after_event,1,False
rARMK-2026-08-19-1,rARMK,2026-08-19,False,,0.12,,True,False,,,2026-09-07,-19.0,EQUITY,Aramark,False,False,False,True,False,False,False,False,False,False,relisted_after_event,1,False
rATO-2026-08-24-1,rATO,2026-08-24,True,,1.0,,True,False,,,2026-08-04,20.0,EQUITY,Atmos Energy Corporation,False,False,False,False,True,False,False,False,False,False,ex_date_after_gap,1,False
rASB-2026-09-01-1,rASB,2026-09-01,False,,0.24,,True,False,92.0,,2026-09-11,-10.0,EQUITY,Associated Banc-Corp,False,False,False,True,False,False,False,False,False,False,relisted_after_event,1,False
rARCC-2026-09-15-1,rARCC,2026-09-15,True,,0.48,,True,False,92.0,,2026-09-07,8.0,EQUITY,Ares Capital Corporation,False,False,False,False,False,False,False,True,False,False,high_yield_2pct,1,False
rARES-2026-09-16-1,rARES,2026-09-16,True,,1.35,,True,False,92.0,,2026-06-11,97.0,EQUITY,Ares Management Corporation,False,False,False,False,False,False,False,False,False,False,,0,True
rAQN-2026-09-29-1,rAQN,2026-09-29,False,,0.065,,True,False,91.0,,,,EQUITY,Algonquin Power & Utilities Corp.,False,False,False,False,False,False,False,False,True,False,underlying_check_failed,1,False
rAVT-2026-06-03-1,rAVT,2026-06-03,False,,0.35,,True,False,98.0,,2026-09-11,-100.0,EQUITY,"Avnet, Inc.",False,False,False,True,False,False,False,False,False,False,relisted_after_event,1,False
rAVY-2026-06-03-1,rAVY,2026-06-03,False,,1.0,,True,False,91.0,,2026-09-07,-96.0,EQUITY,Avery Dennison Corporation,False,False,False,True,False,False,False,False,False,False,relisted_after_event,1,False
rAVGO-2026-06-22-1,rAVGO,2026-06-22,True,0.65,0.65,1.0,True,False,91.0,,2026-06-01,21.0,EQUITY,Broadcom Inc.,False,False,False,False,True,False,False,False,False,False,ex_date_after_gap,1,False
rAVL-2026-06-23-1,rAVL,2026-06-23,True,0.20039,0.20039,1.0,True,False,,,2026-06-08,15.0,ETF,Direxion Daily AVGO Bull 2X Shares,False,False,False,False,False,False,False,False,False,True,leveraged_name_hint,1,False
rAVAL-2026-06-30-1,rAVAL,2026-06-30,False,,0.01155,,True,False,31.0,,,,EQUITY,Grupo Aval Acciones y Valores S.A.,False,False,False,False,False,False,False,False,True,False,underlying_check_failed,1,False
rAXS-2026-06-30-1,rAXS,2026-06-30,False,,0.44,,True,False,,,2026-09-11,-73.0,EQUITY,AXIS Capital Holdings Limited,False,False,False,True,False,False,False,False,False,False,relisted_after_event,1,False
rAXP-2026-07-02-1,rAXP,2026-07-02,True,,0.95,,True,False,,,2026-06-05,27.0,EQUITY,American Express Company,False,False,False,False,False,False,False,False,False,False,,0,True
rAZZ-2026-07-09-1,rAZZ,2026-07-09,False,,0.24,,True,False,,,2026-09-11,-64.0,EQUITY,AZZ Inc.,False,False,False,True,False,False,False,False,False,False,relisted_after_event,1,False
rAYI-2026-07-17-1,rAYI,2026-07-17,False,,0.2,,True,False,,,2026-09-07,-52.0,EQUITY,Acuity Inc.,False,False,False,True,False,False,False,False,False,False,relisted_after_event,1,False
rAVAL-2026-07-31-1,rAVAL,2026-07-31,False,,0.01155,,True,False,31.0,,,,EQUITY,Grupo Aval Acciones y Valores S.A.,False,False,False,False,False,False,False,False,True,False,underlying_check_failed,1,False
rAWI-2026-08-05-1,rAWI,2026-08-05,False,,0.339,,True,False,,,2026-09-11,-37.0,EQUITY,"Armstrong World Industries, Inc.",False,False,False,True,False,False,False,False,False,False,relisted_after_event,1,False
rAUB-2026-08-07-1,rAUB,2026-08-07,False,,0.37,,True,False,,,2026-09-11,-35.0,EQUITY,Atlantic Union Bankshares Corporation,False,False,False,True,False,False,False,False,False,False,relisted_after_event,1,False
rAZN-2026-08-07-1,rAZN,2026-08-07,False,,1.06,,True,False,,,,,EQUITY,AstraZeneca PLC,False,False,False,False,False,False,False,False,True,False,underlying_check_failed,1,False
rAWK-2026-08-11-1,rAWK,2026-08-11,False,,0.895,,True,False,,,2026-09-07,-27.0,EQUITY,"American Water Works Company, Inc.",False,False,False,True,False,False,False,False,False,False,relisted_after_event,1,False
rAUGO-2026-08-18-1,rAUGO,2026-08-18,False,,0.72,,True,False,,,2026-09-11,-24.0,EQUITY,Aura Minerals Inc.,False,False,False,True,False,False,False,False,False,False,relisted_after_event,1,False
rAU-2026-08-21-1,rAU,2026-08-21,True,,0.72,,True,False,,,2026-06-11,71.0,EQUITY,AngloGold Ashanti plc,False,False,False,False,False,False,False,False,False,False,,0,True
rAVAL-2026-08-31-1,rAVAL,2026-08-31,False,,0.01155,,True,False,30.0,,,,EQUITY,Grupo Aval Acciones y Valores S.A.,False,False,False,False,False,False,False,False,True,False,underlying_check_failed,1,False
rB-2026-08-31-1,rB,2026-08-31,True,,0.175,,True,False,,,2026-06-11,81.0,EQUITY,Barrick Mining Corporation,False,False,False,False,True,False,False,False,False,False,ex_date_after_gap,1,False
rAVY-2026-09-02-1,rAVY,2026-09-02,False,,1.0,,True,False,91.0,,2026-09-07,-5.0,EQUITY,Avery Dennison Corporation,False,False,False,True,False,False,False,False,False,False,relisted_after_event,1,False
rAVT-2026-09-09-1,rAVT,2026-09-09,False,,0.37,,True,False,98.0,,2026-09-11,-2.0,EQUITY,"Avnet, Inc.",False,False,False,True,False,False,False,False,False,False,relisted_after_event,1,False
rAVGO-2026-09-21-1,rAVGO,2026-09-21,False,,0.65,,True,False,91.0,,2026-06-01,112.0,EQUITY,Broadcom Inc.,False,False,False,False,False,False,False,False,True,False,underlying_check_failed,1,False
rAVAL-2026-09-30-1,rAVAL,2026-09-30,False,,0.016549,,True,False,30.0,,,,EQUITY,Grupo Aval Acciones y Valores S.A.,False,False,False,False,False,False,False,False,True,False,underlying_check_failed,1,False
rAVAL-2026-11-02-1,rAVAL,2026-11-02,False,,0.016549,,True,False,33.0,,,,EQUITY,Grupo Aval Acciones y Valores S.A.,False,False,False,False,False,False,False,False,True,False,underlying_check_failed,1,False
rAVAL-2026-12-31-1,rAVAL,2026-12-31,False,,0.01324,,True,False,29.0,,,,EQUITY,Grupo Aval Acciones y Valores S.A.,False,False,False,False,False,False,False,False,True,False,underlying_check_failed,1,False
rAVAL-2027-01-29-1,rAVAL,2027-01-29,False,,0.01324,,True,False,28.0,,,,EQUITY,Grupo Aval Acciones y Valores S.A.,False,False,False,False,False,False,False,False,True,False,underlying_check_failed,1,False
rAVAL-2027-02-26-1,rAVAL,2027-02-26,False,,0.01324,,True,False,28.0,,,,EQUITY,Grupo Aval Acciones y Valores S.A.,False,False,False,False,False,False,False,False,True,False,underlying_check_failed,1,False
rBALL-2026-06-01-1,rBALL,2026-06-01,False,,0.2,,True,False,92.0,,2026-09-07,-98.0,EQUITY,Ball Corporation,False,False,False,True,False,False,False,False,False,False,relisted_after_event,1,False
rBBD-2026-06-03-1,rBBD,2026-06-03,False,,0.002422,,True,False,33.0,,,,EQUITY,Banco Bradesco S.A.,False,False,False,False,False,False,False,False,True,False,underlying_check_failed,1,False
rBBDO-2026-06-03-1,rBBDO,2026-06-03,False,,0.002202,,True,False,33.0,,,,EQUITY,Banco Bradesco S.A.,False,False,False,False,False,False,False,False,True,False,underlying_check_failed,1,False
rBAC-2026-06-05-1,rBAC,2026-06-05,False,,0.28,,True,False,91.0,,2026-06-09,-4.0,EQUITY,Bank of America Corporation,False,False,False,True,False,False,False,False,False,False,relisted_after_event,1,False
rBDX-2026-06-09-1,rBDX,2026-06-09,False,,1.05,,True,False,92.0,,2026-06-11,-2.0,EQUITY,"Becton, Dickinson and Company",False,False,False,True,False,False,False,False,False,False,relisted_after_event,1,False
rBAH-2026-06-10-1,rBAH,2026-06-10,False,,0.59,,True,False,65.0,,2026-09-11,-93.0,EQUITY,Booz Allen Hamilton Holding Corporation,False,False,False,True,False,False,False,False,False,False,relisted_after_event,1,False
rBABA-2026-06-11-1,rBABA,2026-06-11,True,1.03,1.03,1.0,True,False,,,2026-06-02,9.0,EQUITY,Alibaba Group Holding Limited,False,False,False,False,False,False,False,False,True,False,underlying_check_failed,1,False
rBCE-2026-06-15-1,rBCE,2026-06-15,False,,0.32025,,True,False,92.0,,,,EQUITY,BCE Inc.,False,False,False,False,False,False,False,False,True,False,underlying_check_failed,1,False
rBBY-2026-06-18-1,rBBY,2026-06-18,False,,0.96,,True,False,91.0,,2026-09-07,-81.0,EQUITY,"Best Buy Co., Inc.",False,False,False,True,False,False,False,False,False,False,relisted_after_event,1,False
rBEN-2026-06-29-1,rBEN,2026-06-29,False,,0.33,,True,False,93.0,,2026-09-07,-70.0,EQUITY,Franklin Templeton Inc.,False,False,False,True,False,False,False,False,False,False,relisted_after_event,1,False
rBBD-2026-07-06-1,rBBD,2026-07-06,False,,0.002351,,True,False,1.0,,,,EQUITY,Banco Bradesco S.A.,False,True,False,False,False,False,False,False,True,False,adjacent_cash_event;underlying_check_failed,2,False
rBBDO-2026-07-06-1,rBBDO,2026-07-06,False,,0.002137,,True,False,1.0,,,,EQUITY,Banco Bradesco S.A.,False,True,False,False,False,False,False,False,True,False,adjacent_cash_event;underlying_check_failed,2,False
rBBD-2026-07-07-1,rBBD,2026-07-07,False,,0.0419,,True,False,1.0,,,,EQUITY,Banco Bradesco S.A.,False,True,False,False,False,False,False,False,True,False,adjacent_cash_event;underlying_check_failed,2,False
rBBDO-2026-07-07-1,rBBDO,2026-07-07,False,,0.038091,,True,False,1.0,,,,EQUITY,Banco Bradesco S.A.,False,True,False,False,False,False,False,False,True,False,adjacent_cash_event;underlying_check_failed,2,False
rBCO-2026-07-27-1,rBCO,2026-07-27,False,,0.255,,True,False,,,2026-09-11,-46.0,EQUITY,The Brink's Company,False,False,False,True,False,False,False,False,False,False,relisted_after_event,1,False
rBBD-2026-08-05-1,rBBD,2026-08-05,False,,0.002314,,True,False,29.0,,,,EQUITY,Banco Bradesco S.A.,False,False,False,False,False,False,False,False,True,False,underlying_check_failed,1,False
rBBDO-2026-08-05-1,rBBDO,2026-08-05,False,,0.002104,,True,False,29.0,,,,EQUITY,Banco Bradesco S.A.,False,False,False,False,False,False,False,False,True,False,underlying_check_failed,1,False
rBAH-2026-08-14-1,rBAH,2026-08-14,False,,0.59,,True,False,65.0,,2026-09-11,-28.0,EQUITY,Booz Allen Hamilton Holding Corporation,False,False,False,True,False,False,False,False,False,False,relisted_after_event,1,False
rBG-2026-08-18-1,rBG,2026-08-18,True,,0.72,,True,False,91.0,,2026-08-11,7.0,EQUITY,Bunge Global SA,False,False,False,False,False,False,False,False,False,False,,0,True
rBC-2026-08-20-1,rBC,2026-08-20,False,,0.44,,True,False,,,2026-09-11,-22.0,EQUITY,Brunswick Corporation,False,False,False,True,False,False,False,False,False,False,relisted_after_event,1,False
rBAX-2026-08-28-1,rBAX,2026-08-28,False,,0.01,,True,False,,,2026-09-07,-10.0,EQUITY,Baxter International Inc.,False,False,False,True,False,False,False,False,False,False,relisted_after_event,1,False
rBAM-2026-08-31-1,rBAM,2026-08-31,False,,0.5025,,True,False,,,2026-09-07,-7.0,EQUITY,Brookfield Asset Management Ltd.,False,False,False,True,False,False,False,False,False,False,relisted_after_event,1,False
rBEP-2026-08-31-1,rBEP,2026-08-31,False,,0.392,,True,False,,,2026-09-07,-7.0,EQUITY,Brookfield Renewable Partners L.P.,False,False,False,True,False,False,False,False,False,False,relisted_after_event,1,False
rBEPC-2026-08-31-1,rBEPC,2026-08-31,False,,0.392,,True,False,,,2026-09-07,-7.0,EQUITY,Brookfield Renewable Corporation,False,False,False,True,False,False,False,False,False,False,relisted_after_event,1,False
rBALL-2026-09-01-1,rBALL,2026-09-01,False,,0.2,,True,False,92.0,,2026-09-07,-6.0,EQUITY,Ball Corporation,False,False,False,True,False,False,False,False,False,False,relisted_after_event,1,False
rBBD-2026-09-03-1,rBBD,2026-09-03,False,,0.002325,,True,False,18.0,,,,EQUITY,Banco Bradesco S.A.,False,False,False,False,False,False,False,False,True,False,underlying_check_failed,1,False
rBBDO-2026-09-03-1,rBBDO,2026-09-03,False,,0.002114,,True,False,18.0,,,,EQUITY,Banco Bradesco S.A.,False,False,False,False,False,False,False,False,True,False,underlying_check_failed,1,False
rBAC-2026-09-04-1,rBAC,2026-09-04,True,,0.32,,True,False,91.0,,2026-06-09,87.0,EQUITY,Bank of America Corporation,False,False,False,False,False,False,False,False,False,False,,0,True
rBDX-2026-09-09-1,rBDX,2026-09-09,True,,1.05,,True,False,92.0,,2026-06-11,90.0,EQUITY,"Becton, Dickinson and Company",False,False,False,False,False,False,False,False,False,False,,0,True
rBCE-2026-09-15-1,rBCE,2026-09-15,False,,0.31215625,,True,False,92.0,,,,EQUITY,BCE Inc.,False,False,False,False,False,False,False,False,True,False,underlying_check_failed,1,False
rBBY-2026-09-17-1,rBBY,2026-09-17,True,,0.96,,True,False,91.0,,2026-09-07,10.0,EQUITY,"Best Buy Co., Inc.",False,False,False,False,False,False,False,False,False,False,,0,True
rBBD-2026-09-21-1,rBBD,2026-09-21,False,,0.000162,,True,False,14.0,,,,EQUITY,Banco Bradesco S.A.,False,False,False,False,False,False,False,False,True,False,underlying_check_failed,1,False
rBBDO-2026-09-21-1,rBBDO,2026-09-21,False,,0.001355,,True,False,14.0,,,,EQUITY,Banco Bradesco S.A.,False,False,False,False,False,False,False,False,True,False,underlying_check_failed,1,False
rBEN-2026-09-30-1,rBEN,2026-09-30,False,,0.33,,True,False,93.0,,,,EQUITY,Franklin Templeton Inc.,False,False,False,False,False,False,False,False,True,False,underlying_check_failed,1,False
rBBD-2026-10-05-1,rBBD,2026-10-05,False,,0.003735,,True,False,14.0,,,,EQUITY,Banco Bradesco S.A.,False,False,False,False,False,False,False,False,True,False,underlying_check_failed,1,False
rBBDO-2026-10-05-1,rBBDO,2026-10-05,False,,0.003395,,True,False,14.0,,,,EQUITY,Banco Bradesco S.A.,False,False,False,False,False,False,False,False,True,False,underlying_check_failed,1,False
rBG-2026-11-17-1,rBG,2026-11-17,False,,0.72,,True,False,91.0,,,,EQUITY,Bunge Global SA,False,False,False,False,False,False,False,False,True,False,underlying_check_failed,1,False
rBG-2027-02-16-1,rBG,2027-02-16,False,,0.72,,True,False,91.0,,,,EQUITY,Bunge Global SA,False,False,False,False,False,False,False,False,True,False,underlying_check_failed,1,False
rBINC-2026-06-01-1,rBINC,2026-06-01,False,,0.239321,,True,False,30.0,,2026-06-09,-8.0,ETF,iShares Flexible Income Active ETF,False,False,False,True,False,False,False,False,False,False,relisted_after_event,1,False
rBITI-2026-06-01-1,rBITI,2026-06-01,False,,0.238113,,True,False,30.0,,2026-06-09,-8.0,ETF,ProShares Short Bitcoin ETF,False,False,False,True,False,False,False,False,False,False,relisted_after_event,1,False
rBITO-2026-06-01-1,rBITO,2026-06-01,False,,0.014114,,True,False,30.0,,2026-06-09,-8.0,ETF,ProShares Bitcoin ETF,False,False,False,True,False,False,False,False,False,False,relisted_after_event,1,False
rBMA-2026-06-02-1,rBMA,2026-06-02,False,,0.489225,,True,False,34.0,,,,EQUITY,Banco Macro S.A.,False,False,False,False,False,False,False,False,True,False,underlying_check_failed,1,False
rBKNG-2026-06-05-1,rBKNG,2026-06-05,False,,0.42,,True,False,98.0,,2026-06-10,-5.0,EQUITY,Booking Holdings Inc.,False,False,False,True,False,False,False,False,False,False,relisted_after_event,1,False
rBLK-2026-06-05-1,rBLK,2026-06-05,False,,5.73,,True,False,95.0,,2026-06-09,-4.0,EQUITY,"BlackRock, Inc.",False,False,False,True,False,False,False,False,False,False,relisted_after_event,1,False
rBINC-2026-07-01-1,rBINC,2026-07-01,True,,0.228384,,True,False,30.0,,2026-06-09,22.0,ETF,iShares Flexible Income Active ETF,False,False,False,False,False,False,False,False,False,False,,0,True
rBITI-2026-07-01-1,rBITI,2026-07-01,True,1.448766,1.448766,1.0,True,False,30.0,,2026-06-09,22.0,ETF,ProShares Short Bitcoin ETF,False,False,False,False,False,False,False,True,False,False,high_yield_2pct,1,False
rBITO-2026-07-01-1,rBITO,2026-07-01,True,0.010375,0.010375,1.0,True,False,30.0,,2026-06-09,22.0,ETF,ProShares Bitcoin ETF,False,False,False,False,False,False,False,False,False,False,,0,True
rBMA-2026-07-06-1,rBMA,2026-07-06,False,,0.472822,,True,False,34.0,,,,EQUITY,Banco Macro S.A.,False,False,False,False,False,False,False,False,True,False,underlying_check_failed,1,False
rBINC-2026-08-03-1,rBINC,2026-08-03,True,,0.230324,,True,False,29.0,,2026-06-09,55.0,ETF,iShares Flexible Income Active ETF,False,False,False,False,True,False,False,False,False,False,ex_date_after_gap,1,False
rBITI-2026-08-03-1,rBITI,2026-08-03,True,,1.32930505,,True,False,29.0,,2026-06-09,55.0,ETF,ProShares Short Bitcoin ETF,False,False,False,False,True,False,False,True,False,False,ex_date_after_gap;high_yield_2pct,2,False
rBITO-2026-08-03-1,rBITO,2026-08-03,True,,0.013749,,True,False,29.0,,2026-06-09,55.0,ETF,ProShares Bitcoin ETF,False,False,False,False,True,False,False,False,False,False,ex_date_after_gap,1,False
rBKR-2026-08-07-1,rBKR,2026-08-07,True,,0.23,,True,False,,,2026-06-11,57.0,EQUITY,Baker Hughes Company,False,False,False,False,False,False,False,False,False,False,,0,True
rBKH-2026-08-17-1,rBKH,2026-08-17,False,,0.703,,True,False,,,2026-09-11,-25.0,EQUITY,Black Hills Corporation,False,False,False,True,False,False,False,False,False,False,relisted_after_event,1,False
rBGC-2026-08-19-1,rBGC,2026-08-19,False,,0.02,,True,False,,,2026-09-11,-23.0,EQUITY,"BGC Group, Inc.",False,False,False,True,False,False,False,False,False,False,relisted_after_event,1,False
rBIP-2026-08-31-1,rBIP,2026-08-31,False,,0.455,,True,False,,,2026-09-07,-7.0,EQUITY,Brookfield Infrastructure Partners L.P.,False,False,False,True,False,False,False,False,False,False,relisted_after_event,1,False
rBIPC-2026-08-31-1,rBIPC,2026-08-31,False,,0.455,,True,False,,,2026-09-11,-11.0,EQUITY,Brookfield Infrastructure Corporation,False,False,False,True,False,False,False,False,False,False,relisted_after_event,1,False
rBINC-2026-09-01-1,rBINC,2026-09-01,True,,0.227921,,True,False,29.0,,2026-06-09,84.0,ETF,iShares Flexible Income Active ETF,False,False,False,False,False,False,False,False,False,False,,0,True
rBITI-2026-09-01-1,rBITI,2026-09-01,True,,0.376238,,True,False,29.0,,2026-06-09,84.0,ETF,ProShares Short Bitcoin ETF,False,False,False,False,False,False,False,False,False,False,,0,True
rBITO-2026-09-01-1,rBITO,2026-09-01,True,,0.01081,,True,False,29.0,,2026-06-09,84.0,ETF,ProShares Bitcoin ETF,False,False,False,False,False,False,False,False,False,False,,0,True
rBLK-2026-09-08-1,rBLK,2026-09-08,True,,5.73,,True,False,95.0,,2026-06-09,91.0,EQUITY,"BlackRock, Inc.",False,False,False,False,True,False,False,False,False,False,ex_date_after_gap,1,False
rBKNG-2026-09-11-1,rBKNG,2026-09-11,True,,0.42,,True,False,98.0,,2026-06-10,93.0,EQUITY,Booking Holdings Inc.,False,False,False,False,False,False,False,False,False,False,,0,True
rBND-2026-06-01-1,rBND,2026-06-01,False,,0.247259,,True,False,30.0,,2026-09-11,-102.0,ETF,Vanguard Total Bond Market Index Fund ETF Shares,False,False,False,True,False,False,False,False,False,False,relisted_after_event,1,False
rBSY-2026-06-02-1,rBSY,2026-06-02,False,,0.07,,True,False,112.0,,2026-09-07,-97.0,EQUITY,"Bentley Systems, Incorporated",False,False,False,True,False,False,False,False,False,False,relisted_after_event,1,False
rBTG-2026-06-10-1,rBTG,2026-06-10,True,,0.02,,True,False,92.0,,2026-06-09,1.0,EQUITY,B2Gold Corp.,False,False,False,False,False,False,False,False,False,False,,0,True
rBR-2026-06-12-1,rBR,2026-06-12,False,,0.975,,True,False,83.0,,2026-09-07,-87.0,EQUITY,"Broadridge Financial Solutions, Inc.",False,False,False,True,False,False,False,False,False,False,relisted_after_event,1,False
rBNT-2026-06-15-1,rBNT,2026-06-15,False,,0.07,,True,False,91.0,,2026-09-07,-84.0,EQUITY,Brookfield Wealth Solutions Ltd.,False,False,False,True,False,False,False,False,False,False,relisted_after_event,1,False
rBRKR-2026-06-22-1,rBRKR,2026-06-22,False,,0.05,,True,False,91.0,,2026-09-07,-77.0,EQUITY,Bruker Corporation,False,False,False,True,False,False,False,False,False,False,relisted_after_event,1,False
rBOTZ-2026-06-29-1,rBOTZ,2026-06-29,True,0.017986,0.017986,1.0,True,False,,,2026-06-09,20.0,ETF,Global X Robotics & Artificial Intelligence ETF,False,False,False,False,True,False,False,False,False,False,ex_date_after_gap,1,False
rBND-2026-07-01-1,rBND,2026-07-01,False,,0.24447,,True,False,30.0,,2026-09-11,-72.0,ETF,Vanguard Total Bond Market Index Fund ETF Shares,False,False,False,True,False,False,False,False,False,False,relisted_after_event,1,False
rBMY-2026-07-02-1,rBMY,2026-07-02,True,,0.63,,True,False,92.0,,2026-06-10,22.0,EQUITY,Bristol-Myers Squibb Company,False,False,False,False,False,False,False,False,False,False,,0,True
rBRX-2026-07-02-1,rBRX,2026-07-02,False,,0.3075,,True,False,92.0,,2026-09-07,-67.0,EQUITY,Brixmor Property Group Inc.,False,False,False,True,False,False,False,False,False,False,relisted_after_event,1,False
rBRC-2026-07-10-1,rBRC,2026-07-10,False,,0.245,,True,False,91.0,,2026-09-11,-63.0,EQUITY,Brady Corporation,False,False,False,True,False,False,False,False,False,False,relisted_after_event,1,False
rBNY-2026-07-27-1,rBNY,2026-07-27,True,,0.63,,True,False,,,2026-06-10,47.0,EQUITY,The Bank of New York Mellon Corporation,False,False,False,False,True,False,False,False,False,False,ex_date_after_gap,1,False
rBSBR-2026-07-30-1,rBSBR,2026-07-30,False,,0.068467,,True,False,,,,,EQUITY,Banco Santander (Brasil) S.A.,False,False,False,False,False,False,False,False,True,False,underlying_check_failed,1,False
rBND-2026-08-03-1,rBND,2026-08-03,False,,0.25154999,,True,False,29.0,,2026-09-11,-39.0,ETF,Vanguard Total Bond Market Index Fund ETF Shares,False,False,False,True,False,False,False,False,False,False,relisted_after_event,1,False
rBRO-2026-08-12-1,rBRO,2026-08-12,False,,0.165,,True,False,,,2026-09-07,-26.0,EQUITY,"Brown & Brown, Inc.",False,False,False,True,False,False,False,False,False,False,relisted_after_event,1,False
rBP-2026-08-14-1,rBP,2026-08-14,True,,0.5196,,True,False,,,2026-06-10,65.0,EQUITY,BP p.l.c.,False,False,False,False,False,False,False,False,False,False,,0,True
rBRSL-2026-08-18-1,rBRSL,2026-08-18,False,,0.23,,True,False,,,2026-09-11,-24.0,EQUITY,Brightstar Lottery PLC,False,False,False,True,False,False,False,False,False,False,relisted_after_event,1,False
rBOKF-2026-08-19-1,rBOKF,2026-08-19,False,,0.63,,True,False,,,2026-09-11,-23.0,EQUITY,BOK Financial Corporation,False,False,False,True,False,False,False,False,False,False,relisted_after_event,1,False
rBND-2026-09-01-1,rBND,2026-09-01,False,,0.2529,,True,False,29.0,,2026-09-11,-10.0,ETF,Vanguard Total Bond Market Index Fund ETF Shares,False,False,False,True,False,False,False,False,False,False,relisted_after_event,1,False
rBR-2026-09-03-1,rBR,2026-09-03,False,,1.09,,True,False,83.0,,2026-09-07,-4.0,EQUITY,"Broadridge Financial Solutions, Inc.",False,False,False,True,False,False,False,False,False,False,relisted_after_event,1,False
rBPOP-2026-09-10-1,rBPOP,2026-09-10,True,,0.9,,True,False,,,2026-09-07,3.0,EQUITY,"Popular, Inc.",False,False,False,False,False,False,False,False,False,False,,0,True
rBTG-2026-09-10-1,rBTG,2026-09-10,True,,0.02,,True,False,92.0,,2026-06-09,93.0,EQUITY,B2Gold Corp.,False,False,False,False,False,False,False,False,False,False,,0,True
rBNT-2026-09-14-1,rBNT,2026-09-14,True,,0.07,,True,False,91.0,,2026-09-07,7.0,EQUITY,Brookfield Wealth Solutions Ltd.,False,False,False,False,True,False,False,False,False,False,ex_date_after_gap,1,False
rBRKR-2026-09-21-1,rBRKR,2026-09-21,False,,0.05,,True,False,91.0,,2026-09-07,14.0,EQUITY,Bruker Corporation,False,False,False,False,True,False,False,False,True,False,ex_date_after_gap;underlying_check_failed,2,False
rBSY-2026-09-22-1,rBSY,2026-09-22,False,,0.07,,True,False,112.0,,2026-09-07,15.0,EQUITY,"Bentley Systems, Incorporated",False,False,False,False,False,False,False,False,True,False,underlying_check_failed,1,False
rBMY-2026-10-02-1,rBMY,2026-10-02,False,,0.63,,True,False,92.0,,,,EQUITY,Bristol-Myers Squibb Company,False,False,False,False,False,False,False,False,True,False,underlying_check_failed,1,False
rBRX-2026-10-02-1,rBRX,2026-10-02,False,,0.3075,,True,False,92.0,,,,EQUITY,Brixmor Property Group Inc.,False,False,False,False,False,False,False,False,True,False,underlying_check_failed,1,False
rBRC-2026-10-09-1,rBRC,2026-10-09,False,,0.25,,True,False,91.0,,,,EQUITY,Brady Corporation,False,False,False,False,False,False,False,False,True,False,underlying_check_failed,1,False
rBWA-2026-06-01-1,rBWA,2026-06-01,False,,0.17,,True,False,92.0,,2026-09-07,-98.0,EQUITY,BorgWarner Inc.,False,False,False,True,False,False,False,False,False,False,relisted_after_event,1,False
rBYD-2026-06-15-1,rBYD,2026-06-15,False,,0.2,,True,False,92.0,,2026-09-11,-88.0,EQUITY,Boyd Gaming Corporation,False,False,False,True,False,False,False,False,False,False,relisted_after_event,1,False
rBXP-2026-06-30-1,rBXP,2026-06-30,False,,0.7,,True,False,,,2026-09-07,-69.0,EQUITY,"BXP, Inc.",False,False,False,True,False,False,False,False,False,False,relisted_after_event,1,False
rBXSL-2026-06-30-1,rBXSL,2026-06-30,False,,0.77,,True,False,92.0,,2026-09-11,-73.0,EQUITY,Blackstone Secured Lending Fund,False,False,False,True,False,False,False,False,False,False,relisted_after_event,1,False
rCAH-2026-07-01-1,rCAH,2026-07-01,True,,0.5158,,True,False,92.0,,2026-06-11,20.0,EQUITY,"Cardinal Health, Inc.",False,False,False,False,False,False,False,False,False,False,,0,True
rBTI-2026-07-10-1,rBTI,2026-07-10,False,,0.824851,,True,False,84.0,,,,EQUITY,British American Tobacco p.l.c.,False,False,False,False,False,False,False,False,True,False,underlying_check_failed,1,False
rCARR-2026-07-21-1,rCARR,2026-07-21,True,,0.24,,True,False,,,2026-06-11,40.0,EQUITY,Carrier Global Corporation,False,False,False,False,False,False,False,False,False,False,,0,True
rCAG-2026-07-30-1,rCAG,2026-07-30,False,,0.175,,True,False,,,2026-09-11,-43.0,EQUITY,"Conagra Brands, Inc.",False,False,False,True,False,False,False,False,False,False,relisted_after_event,1,False
rBX-2026-08-03-1,rBX,2026-08-03,True,,1.29,,True,False,,,2026-06-10,54.0,EQUITY,Blackstone Inc.,False,False,False,False,True,False,False,False,False,False,ex_date_after_gap,1,False
rC-2026-08-03-1,rC,2026-08-03,True,,0.67,,True,False,,,2026-06-05,59.0,EQUITY,Citigroup Inc.,False,False,False,False,True,False,False,False,False,False,ex_date_after_gap,1,False
rBWXT-2026-08-18-1,rBWXT,2026-08-18,True,,0.27,,True,False,,,2026-06-08,71.0,EQUITY,"BWX Technologies, Inc.",False,False,False,False,False,False,False,False,False,False,,0,True
rBWA-2026-09-01-1,rBWA,2026-09-01,False,,0.17,,True,False,92.0,,2026-09-07,-6.0,EQUITY,BorgWarner Inc.,False,False,False,True,False,False,False,False,False,False,relisted_after_event,1,False
rBYD-2026-09-15-1,rBYD,2026-09-15,True,,0.2,,True,False,92.0,,2026-09-11,4.0,EQUITY,Boyd Gaming Corporation,False,False,False,False,False,False,False,False,False,False,,0,True
rBZ-2026-09-28-1,rBZ,2026-09-28,False,,0.51,,True,False,,,2026-06-05,115.0,EQUITY,Kanzhun Limited,False,False,False,False,False,False,False,False,True,False,underlying_check_failed,1,False
rBXSL-2026-09-30-1,rBXSL,2026-09-30,False,,0.77,,True,False,92.0,,,,EQUITY,Blackstone Secured Lending Fund,False,False,False,False,False,False,False,False,True,False,underlying_check_failed,1,False
rCAH-2026-10-01-1,rCAH,2026-10-01,False,,0.5158,,True,False,92.0,,,,EQUITY,"Cardinal Health, Inc.",False,False,False,False,False,False,False,False,True,False,underlying_check_failed,1,False
rBTI-2026-10-02-1,rBTI,2026-10-02,False,,0.834851,,True,False,84.0,,,,EQUITY,British American Tobacco p.l.c.,False,False,False,False,False,False,False,False,True,False,underlying_check_failed,1,False
rBTI-2026-12-29-1,rBTI,2026-12-29,False,,0.824851,,True,False,88.0,,,,EQUITY,British American Tobacco p.l.c.,False,False,False,False,False,False,False,False,True,False,underlying_check_failed,1,False
rCBSH-2026-06-05-1,rCBSH,2026-06-05,False,,0.275,,True,False,91.0,,2026-09-11,-98.0,EQUITY,"Commerce Bancshares, Inc.",False,False,False,True,False,False,False,False,False,False,relisted_after_event,1,False
rCB-2026-06-12-1,rCB,2026-06-12,True,,1.02,,True,False,91.0,,2026-06-10,2.0,EQUITY,Chubb Limited,False,False,False,False,False,False,False,False,False,False,,0,True
rCCI-2026-06-15-1,rCCI,2026-06-15,False,,1.0625,,True,False,92.0,,2026-06-30,-15.0,EQUITY,Crown Castle Inc.,False,False,False,True,False,False,False,False,False,False,relisted_after_event,1,False
rCE-2026-07-28-1,rCE,2026-07-28,False,,0.03,,True,False,,,2026-09-11,-45.0,EQUITY,Celanese Corporation,False,False,False,True,False,False,False,False,False,False,relisted_after_event,1,False
rCFG-2026-07-30-1,rCFG,2026-07-30,False,,0.46,,True,False,,,2026-08-04,-5.0,EQUITY,"Citizens Financial Group, Inc.",False,False,False,True,False,False,False,False,False,False,relisted_after_event,1,False
rCASY-2026-07-31-1,rCASY,2026-07-31,False,,0.65,,True,False,91.0,,2026-08-04,-4.0,EQUITY,"Casey's General Stores, Inc.",False,False,False,True,False,False,False,False,False,False,relisted_after_event,1,False
rCCK-2026-08-06-1,rCCK,2026-08-06,False,,0.35,,True,False,,,2026-09-07,-32.0,EQUITY,"Crown Holdings, Inc.",False,False,False,True,False,False,False,False,False,False,relisted_after_event,1,False
rCCL-2026-08-07-1,rCCL,2026-08-07,True,,0.15,,True,False,,,2026-07-14,24.0,EQUITY,Carnival Corporation Ltd.,False,False,False,False,False,False,False,False,False,False,,0,True
rCF-2026-08-14-1,rCF,2026-08-14,False,,0.6,,True,False,,,2026-09-07,-24.0,EQUITY,"CF Industries Holdings, Inc.",False,False,False,True,False,False,False,False,False,False,relisted_after_event,1,False
rCEG-2026-08-18-1,rCEG,2026-08-18,True,,0.4265,,True,False,,,2026-06-02,77.0,EQUITY,Constellation Energy Corporation,False,False,False,False,False,False,False,False,False,False,,0,True
rCBC-2026-08-21-1,rCBC,2026-08-21,False,,0.12,,True,False,,,2026-09-11,-21.0,EQUITY,"Central Bancompany, Inc.",False,False,False,True,False,False,False,False,False,False,relisted_after_event,1,False
rCDW-2026-08-25-1,rCDW,2026-08-25,False,,0.63,,True,False,,,2026-09-07,-13.0,EQUITY,CDW Corporation,False,False,False,True,False,False,False,False,False,False,relisted_after_event,1,False
rCBT-2026-08-28-1,rCBT,2026-08-28,False,,0.4725,,True,False,,,2026-09-11,-14.0,EQUITY,Cabot Corporation,False,False,False,True,False,False,False,False,False,False,relisted_after_event,1,False
rCBOE-2026-08-31-1,rCBOE,2026-08-31,True,,0.86,,True,False,,,2026-08-04,27.0,EQUITY,"Cboe Global Markets, Inc.",False,False,False,False,True,False,False,False,False,False,ex_date_after_gap,1,False
rCBSH-2026-09-04-1,rCBSH,2026-09-04,False,,0.275,,True,False,91.0,,2026-09-11,-7.0,EQUITY,"Commerce Bancshares, Inc.",False,False,False,True,False,False,False,False,False,False,relisted_after_event,1,False
rCB-2026-09-11-1,rCB,2026-09-11,True,,1.02,,True,False,91.0,,2026-06-10,93.0,EQUITY,Chubb Limited,False,False,False,False,False,False,False,False,False,False,,0,True
rCCI-2026-09-15-1,rCCI,2026-09-15,True,,1.0625,,True,False,92.0,,2026-06-30,77.0,EQUITY,Crown Castle Inc.,False,False,False,False,False,False,False,False,False,False,,0,True
rCASY-2026-10-30-1,rCASY,2026-10-30,False,,0.65,,True,False,91.0,,2026-08-04,87.0,EQUITY,"Casey's General Stores, Inc.",False,False,False,False,False,False,False,False,True,False,underlying_check_failed,1,False
rCI-2026-06-04-1,rCI,2026-06-04,False,,1.56,,True,False,96.0,,2026-06-11,-7.0,EQUITY,The Cigna Group,False,False,False,True,False,False,False,False,False,False,relisted_after_event,1,False
rCHRW-2026-06-05-1,rCHRW,2026-06-05,False,,0.63,,True,False,91.0,,2026-08-11,-67.0,EQUITY,"C.H. Robinson Worldwide, Inc.",False,False,False,True,False,False,False,False,False,False,relisted_after_event,1,False
rCINF-2026-06-23-1,rCINF,2026-06-23,False,,0.94,,True,False,92.0,,2026-09-07,-76.0,EQUITY,Cincinnati Financial Corporation,False,False,False,True,False,False,False,False,False,False,relisted_after_event,1,False
rCIBR-2026-06-25-1,rCIBR,2026-06-25,True,,0.0721,,True,False,,,2026-06-09,16.0,ETF,First Trust NASDAQ Cybersecurity ETF,False,False,False,False,False,False,False,False,False,False,,0,True
rCIB-2026-06-30-1,rCIB,2026-06-30,False,,1.303968,,True,False,70.0,,2026-09-07,-69.0,EQUITY,Grupo Cibest S.A.,False,False,False,True,False,False,False,False,False,False,relisted_after_event,1,False
rCIGI-2026-06-30-1,rCIGI,2026-06-30,False,,0.15,,True,False,,,2026-09-11,-73.0,EQUITY,Colliers International Group Inc.,False,False,False,True,False,False,False,False,False,False,relisted_after_event,1,False
rCHH-2026-07-01-1,rCHH,2026-07-01,False,,0.2875,,True,False,,,2026-09-11,-72.0,EQUITY,"Choice Hotels International, Inc.",False,False,False,True,False,False,False,False,False,False,relisted_after_event,1,False
rCIG-2026-07-02-1,rCIG,2026-07-02,False,,0.035364,,True,False,,,,,EQUITY,Companhia Energética de Minas Gerais - CEMIG,False,False,False,False,False,False,False,False,True,False,underlying_check_failed,1,False
rCHT-2026-07-09-1,rCHT,2026-07-09,False,,1.285494,,True,False,,,,,EQUITY,"Chunghwa Telecom Co., Ltd.",False,False,False,False,False,False,False,False,True,False,underlying_check_failed,1,False
rCL-2026-07-20-1,rCL,2026-07-20,True,,0.53,,True,False,,,2026-06-11,39.0,EQUITY,Colgate-Palmolive Company,False,False,False,False,True,False,False,False,False,False,ex_date_after_gap,1,False
rCHD-2026-08-14-1,rCHD,2026-08-14,False,,0.3075,,True,False,,,2026-09-07,-24.0,EQUITY,"Church & Dwight Co., Inc.",False,False,False,True,False,False,False,False,False,False,relisted_after_event,1,False
rCG-2026-08-17-1,rCG,2026-08-17,False,,0.35,,True,False,,,2026-09-07,-21.0,EQUITY,The Carlyle Group Inc.,False,False,False,True,False,False,False,False,False,False,relisted_after_event,1,False
rCHE-2026-08-17-1,rCHE,2026-08-17,False,,0.7,,True,False,,,2026-09-11,-25.0,EQUITY,Chemed Corporation,False,False,False,True,False,False,False,False,False,False,relisted_after_event,1,False
rCGNX-2026-08-20-1,rCGNX,2026-08-20,True,,0.085,,True,False,,,2026-06-08,73.0,EQUITY,Cognex Corporation,False,False,False,False,False,False,False,False,False,False,,0,True
rCHRD-2026-08-20-1,rCHRD,2026-08-20,False,,1.3,,True,False,,,2026-09-11,-22.0,EQUITY,Chord Energy Corporation,False,False,False,True,False,False,False,False,False,False,relisted_after_event,1,False
rCFR-2026-08-31-1,rCFR,2026-08-31,False,,1.03,,True,False,,,2026-09-07,-7.0,EQUITY,"Cullen/Frost Bankers, Inc.",False,False,False,True,False,False,False,False,False,False,relisted_after_event,1,False
rCHRW-2026-09-04-1,rCHRW,2026-09-04,True,,0.63,,True,False,91.0,,2026-08-11,24.0,EQUITY,"C.H. Robinson Worldwide, Inc.",False,False,False,False,False,False,False,False,False,False,,0,True
rCI-2026-09-08-1,rCI,2026-09-08,True,,1.56,,True,False,96.0,,2026-06-11,89.0,EQUITY,The Cigna Group,False,False,False,False,True,False,False,False,False,False,ex_date_after_gap,1,False
rCIB-2026-09-08-1,rCIB,2026-09-08,False,,1.63237,,True,False,22.0,,2026-09-07,1.0,EQUITY,Grupo Cibest S.A.,False,False,False,False,False,False,False,False,False,False,,0,False
rCINF-2026-09-23-1,rCINF,2026-09-23,False,,0.94,,True,False,92.0,,2026-09-07,16.0,EQUITY,Cincinnati Financial Corporation,False,False,False,False,False,False,False,False,True,False,underlying_check_failed,1,False
rCIB-2026-09-30-1,rCIB,2026-09-30,False,,1.44384,,True,False,22.0,,,,EQUITY,Grupo Cibest S.A.,False,False,False,False,False,False,False,False,True,False,underlying_check_failed,1,False
rCLOA-2026-06-01-1,rCLOA,2026-06-01,False,,0.204614,,True,False,30.0,,2026-06-09,-8.0,ETF,iShares AAA CLO Active ETF,False,False,False,True,False,False,False,False,False,False,relisted_after_event,1,False
rCLOI-2026-06-01-1,rCLOI,2026-06-01,False,,0.2234,,True,False,30.0,,2026-06-09,-8.0,ETF,VanEck CLO ETF,False,False,False,True,False,False,False,False,False,False,relisted_after_event,1,False
rCMBT-2026-06-03-1,rCMBT,2026-06-03,False,,,,False,True,,,,,EQUITY,Cmb.Tech NV,False,False,False,False,False,False,False,False,True,False,underlying_check_failed;reality_row_ambiguous,2,False
rCMBT-2026-06-03-2,rCMBT,2026-06-03,False,,,,False,True,,,,,EQUITY,Cmb.Tech NV,False,False,False,False,False,False,False,False,True,False,underlying_check_failed;reality_row_ambiguous,2,False
rCME-2026-06-09-1,rCME,2026-06-09,False,,1.3,,True,False,92.0,,2026-06-10,-1.0,EQUITY,CME Group Inc.,False,False,False,True,False,False,False,False,False,False,relisted_after_event,1,False
rCNI-2026-06-09-1,rCNI,2026-06-09,False,,0.6687735,,True,False,91.0,,,,EQUITY,Canadian National Railway Company,False,False,False,False,False,False,False,False,True,False,underlying_check_failed,1,False
rCNO-2026-06-10-1,rCNO,2026-06-10,False,,0.18,,True,False,92.0,,2026-09-11,-93.0,EQUITY,"CNO Financial Group, Inc.",False,False,False,True,False,False,False,False,False,False,relisted_after_event,1,False
rCNQ-2026-06-23-1,rCNQ,2026-06-23,False,,0.4575,,True,False,80.0,,,,EQUITY,Canadian Natural Resources Limited,False,False,False,False,False,False,False,False,True,False,underlying_check_failed,1,False
rCLOA-2026-07-01-1,rCLOA,2026-07-01,True,,0.196026,,True,False,30.0,,2026-06-09,22.0,ETF,iShares AAA CLO Active ETF,False,False,False,False,False,False,False,False,False,False,,0,True
rCLOI-2026-07-01-1,rCLOI,2026-07-01,True,0.2051,0.2051,1.0,True,False,30.0,,2026-06-09,22.0,ETF,VanEck CLO ETF,False,False,False,False,False,False,False,False,False,False,,0,True
rCMCSA-2026-07-01-1,rCMCSA,2026-07-01,True,0.33,0.33,1.0,True,False,98.0,,2026-06-10,21.0,EQUITY,Comcast Corporation,False,False,False,False,False,False,False,False,False,False,,0,True
rCMC-2026-07-06-1,rCMC,2026-07-06,False,,0.2,,True,False,,,2026-09-11,-67.0,EQUITY,Commercial Metals Company,False,False,False,True,False,False,False,False,False,False,relisted_after_event,1,False
rCLOA-2026-08-03-1,rCLOA,2026-08-03,True,,0.20607001,,True,False,29.0,,2026-06-09,55.0,ETF,iShares AAA CLO Active ETF,False,False,False,False,True,False,False,False,False,False,ex_date_after_gap,1,False
rCLOI-2026-08-03-1,rCLOI,2026-08-03,True,,0.21529999,,True,False,29.0,,2026-06-09,55.0,ETF,VanEck CLO ETF,False,False,False,False,True,False,False,False,False,False,ex_date_after_gap,1,False
rCMS-2026-08-07-1,rCMS,2026-08-07,False,,0.57,,True,False,,,2026-08-11,-4.0,EQUITY,CMS Energy Corporation,False,False,False,True,False,False,False,False,False,False,relisted_after_event,1,False
rCLX-2026-08-12-1,rCLX,2026-08-12,False,,1.25,,True,False,,,2026-09-07,-26.0,EQUITY,The Clorox Company,False,False,False,True,False,False,False,False,False,False,relisted_after_event,1,False
rCNA-2026-08-17-1,rCNA,2026-08-17,False,,0.48,,True,False,,,2026-09-07,-21.0,EQUITY,CNA Financial Corporation,False,False,False,True,False,False,False,False,False,False,relisted_after_event,1,False
rCNP-2026-08-20-1,rCNP,2026-08-20,False,,0.24,,True,False,,,2026-09-07,-18.0,EQUITY,"CenterPoint Energy, Inc.",False,False,False,True,False,False,False,False,False,False,relisted_after_event,1,False
rCMI-2026-08-21-1,rCMI,2026-08-21,True,,2.2,,True,False,,,2026-06-10,72.0,EQUITY,Cummins Inc.,False,False,False,False,False,False,False,False,False,False,,0,True
rCLOA-2026-09-01-1,rCLOA,2026-09-01,True,,0.213194,,True,False,29.0,,2026-06-09,84.0,ETF,iShares AAA CLO Active ETF,False,False,False,False,False,False,False,False,False,False,,0,True
rCLOI-2026-09-01-1,rCLOI,2026-09-01,True,,0.2247,,True,False,29.0,,2026-06-09,84.0,ETF,VanEck CLO ETF,False,False,False,False,False,False,False,False,False,False,,0,True
rCNI-2026-09-08-1,rCNI,2026-09-08,False,,0.6495585,,True,False,91.0,,,,EQUITY,Canadian National Railway Company,False,False,False,False,False,False,False,False,True,False,underlying_check_failed,1,False
rCME-2026-09-09-1,rCME,2026-09-09,True,,1.3,,True,False,92.0,,2026-06-10,91.0,EQUITY,CME Group Inc.,False,False,False,False,False,False,False,False,False,False,,0,True
rCNO-2026-09-10-1,rCNO,2026-09-10,False,,0.18,,True,False,92.0,,2026-09-11,-1.0,EQUITY,"CNO Financial Group, Inc.",False,False,False,True,False,False,False,False,False,False,relisted_after_event,1,False
rCNQ-2026-09-11-1,rCNQ,2026-09-11,False,,0.4460625,,True,False,80.0,,,,EQUITY,Canadian Natural Resources Limited,False,False,False,False,False,False,False,False,True,False,underlying_check_failed,1,False
rCMCSA-2026-10-07-1,rCMCSA,2026-10-07,False,,0.33,,True,False,98.0,,2026-06-10,119.0,EQUITY,Comcast Corporation,False,False,False,False,False,False,False,False,True,False,underlying_check_failed,1,False
rCRBG-2026-06-16-1,rCRBG,2026-06-16,False,,0.25,,True,False,92.0,,2026-09-07,-83.0,EQUITY,"Corebridge Financial, Inc.",False,False,False,True,False,False,False,False,False,False,relisted_after_event,1,False
rCOPX-2026-06-29-1,rCOPX,2026-06-29,True,0.257976,0.257976,1.0,True,False,,,2026-06-05,24.0,ETF,Global X Copper Miners ETF,False,False,False,False,True,False,False,False,False,False,ex_date_after_gap,1,False
rCOLD-2026-06-30-1,rCOLD,2026-06-30,False,,0.23,,True,False,92.0,,2026-09-11,-73.0,EQUITY,"Americold Realty Trust, Inc.",False,False,False,True,False,False,False,False,False,False,relisted_after_event,1,False
rCPT-2026-06-30-1,rCPT,2026-06-30,False,,1.06,,True,False,92.0,,2026-09-07,-69.0,EQUITY,Camden Property Trust,False,False,False,True,False,False,False,False,False,False,relisted_after_event,1,False
rCPB-2026-07-02-1,rCPB,2026-07-02,False,,0.39,,True,False,91.0,,2026-09-11,-71.0,EQUITY,The Campbell's Company,False,False,False,True,False,False,False,False,False,False,relisted_after_event,1,False
rCOKE-2026-07-24-1,rCOKE,2026-07-24,False,,0.25,,True,False,,,2026-09-07,-45.0,EQUITY,"Coca-Cola Consolidated, Inc.",False,False,False,True,False,False,False,False,False,False,relisted_after_event,1,False
rCOST-2026-07-24-1,rCOST,2026-07-24,True,,1.47,,True,False,,,2026-06-02,52.0,EQUITY,Costco Wholesale Corporation,False,False,False,False,False,False,False,False,False,False,,0,True
rCQP-2026-08-07-1,rCQP,2026-08-07,False,,,,False,True,,,,,EQUITY,"Cheniere Energy Partners, L.P.",False,False,False,False,False,False,False,False,True,False,underlying_check_failed;reality_row_ambiguous,2,False
rCQP-2026-08-07-2,rCQP,2026-08-07,False,,,,False,True,,,,,EQUITY,"Cheniere Energy Partners, L.P.",False,False,False,False,False,False,False,False,True,False,underlying_check_failed;reality_row_ambiguous,2,False
rCOR-2026-08-14-1,rCOR,2026-08-14,True,,0.6,,True,False,,,2026-06-11,64.0,EQUITY,"Cencora, Inc.",False,False,False,False,False,False,False,False,False,False,,0,True
rCOF-2026-08-17-1,rCOF,2026-08-17,True,,0.8,,True,False,,,2026-06-05,73.0,EQUITY,Capital One Financial Corporation,False,False,False,False,True,False,False,False,False,False,ex_date_after_gap,1,False
rCOP-2026-08-17-1,rCOP,2026-08-17,True,,0.84,,True,False,,,2026-06-09,69.0,EQUITY,ConocoPhillips,False,False,False,False,True,False,False,False,False,False,ex_date_after_gap,1,False
rCOLB-2026-08-28-1,rCOLB,2026-08-28,False,,0.37,,True,False,,,2026-09-07,-10.0,EQUITY,"Columbia Banking System, Inc.",False,False,False,True,False,False,False,False,False,False,relisted_after_event,1,False
rCPA-2026-08-31-1,rCPA,2026-08-31,False,,1.71,,True,False,,,2026-09-11,-11.0,EQUITY,"Copa Holdings, S.A.",False,False,False,True,False,False,False,False,False,False,relisted_after_event,1,False
rCR-2026-08-31-1,rCR,2026-08-31,False,,0.255,,True,False,,,2026-09-07,-7.0,EQUITY,Crane Company,False,False,False,True,False,False,False,False,False,False,relisted_after_event,1,False
rCRBG-2026-09-16-1,rCRBG,2026-09-16,True,,0.25,,True,False,92.0,,2026-09-07,9.0,EQUITY,"Corebridge Financial, Inc.",False,False,False,False,False,False,False,False,False,False,,0,True
rCOLD-2026-09-30-1,rCOLD,2026-09-30,False,,0.23,,True,False,92.0,,,,EQUITY,"Americold Realty Trust, Inc.",False,False,False,False,False,False,False,False,True,False,underlying_check_failed,1,False
rCPT-2026-09-30-1,rCPT,2026-09-30,False,,1.06,,True,False,92.0,,,,EQUITY,Camden Property Trust,False,False,False,False,False,False,False,False,True,False,underlying_check_failed,1,False
rCPB-2026-10-01-1,rCPB,2026-10-01,False,,0.25,,True,False,91.0,,2026-09-11,20.0,EQUITY,The Campbell's Company,False,False,False,False,False,False,False,False,True,False,underlying_check_failed,1,False
rCTVA-2026-06-01-1,rCTVA,2026-06-01,False,,0.18,,True,False,92.0,,2026-06-11,-10.0,EQUITY,"Corteva, Inc.",False,False,False,True,False,False,False,False,False,False,relisted_after_event,1,False
rCRM-2026-06-11-1,rCRM,2026-06-11,True,0.44,0.44,1.0,True,False,98.0,,2026-06-02,9.0,EQUITY,"Salesforce, Inc.",False,False,False,False,False,False,False,False,False,False,,0,True
rCRCA-2026-06-24-1,rCRCA,2026-06-24,True,0.181138,0.181138,1.0,True,False,,,2026-06-08,16.0,ETF,ProShares Ultra CRCL,False,False,False,False,False,False,False,False,False,True,leveraged_name_hint,1,False
rCTRE-2026-06-30-1,rCTRE,2026-06-30,False,,0.39,,True,False,92.0,,2026-09-07,-69.0,EQUITY,"CareTrust REIT, Inc.",False,False,False,True,False,False,False,False,False,False,relisted_after_event,1,False
rCUBE-2026-07-01-1,rCUBE,2026-07-01,False,,0.53,,True,False,92.0,,2026-09-01,-62.0,EQUITY,CubeSmart,False,False,False,True,False,False,False,False,False,False,relisted_after_event,1,False
rCRWD-2026-07-02-1,rCRWD,2026-07-02,False,,,,False,False,,0.0,,,,,False,False,True,False,False,False,False,False,True,False,noncash_action_30d;underlying_check_failed,2,False
rCSCO-2026-07-06-1,rCSCO,2026-07-06,True,0.42,0.42,1.0,True,False,88.0,,2026-06-04,32.0,EQUITY,"Cisco Systems, Inc.",False,False,False,False,True,False,False,False,False,False,ex_date_after_gap,1,False
rCUZ-2026-07-06-1,rCUZ,2026-07-06,False,,0.32,,True,False,,,2026-09-11,-67.0,EQUITY,Cousins Properties Incorporated,False,False,False,True,False,False,False,False,False,False,relisted_after_event,1,False
rCSW-2026-07-31-1,rCSW,2026-07-31,False,,0.3,,True,False,,,2026-09-11,-42.0,EQUITY,"CSW Industrials, Inc.",False,False,False,True,False,False,False,False,False,False,relisted_after_event,1,False
rCRH-2026-08-14-1,rCRH,2026-08-14,True,,0.39,,True,False,,,2026-06-11,64.0,EQUITY,CRH plc,False,False,False,False,False,False,False,False,False,False,,0,True
rCTAS-2026-08-14-1,rCTAS,2026-08-14,True,,0.52,,True,False,,,2026-06-11,64.0,EQUITY,Cintas Corporation,False,False,False,False,False,False,False,False,False,False,,0,True
rCTSH-2026-08-18-1,rCTSH,2026-08-18,True,,0.33,,True,False,,,2026-08-11,7.0,EQUITY,Cognizant Technology Solutions Corporation,False,False,False,False,False,False,False,False,False,False,,0,True
rCSL-2026-08-19-1,rCSL,2026-08-19,False,,1.25,,True,False,,,2026-09-07,-19.0,EQUITY,Carlisle Companies Incorporated,False,False,False,True,False,False,False,False,False,False,relisted_after_event,1,False
rCRS-2026-08-25-1,rCRS,2026-08-25,True,,0.2,,True,False,,,2026-08-11,14.0,EQUITY,Carpenter Technology Corporation,False,False,False,False,False,False,False,False,False,False,,0,True
rCSX-2026-08-31-1,rCSX,2026-08-31,True,,0.14,,True,False,,,2026-06-10,82.0,EQUITY,CSX Corporation,False,False,False,False,True,False,False,False,False,False,ex_date_after_gap,1,False
rCTVA-2026-09-01-1,rCTVA,2026-09-01,True,,0.18,,True,False,92.0,,2026-06-11,82.0,EQUITY,"Corteva, Inc.",False,False,False,False,False,False,False,False,False,False,,0,True
rCRC-2026-09-04-1,rCRC,2026-09-04,False,,0.405,,True,False,,,2026-09-11,-7.0,EQUITY,California Resources Corporation,False,False,False,True,False,False,False,False,False,False,relisted_after_event,1,False
rCRM-2026-09-17-1,rCRM,2026-09-17,False,,0.44,,True,False,98.0,,,,EQUITY,"Salesforce, Inc.",False,False,False,False,False,False,False,False,True,False,underlying_check_failed,1,False
rCTRE-2026-09-30-1,rCTRE,2026-09-30,False,,0.39,,True,False,92.0,,,,EQUITY,"CareTrust REIT, Inc.",False,False,False,False,False,False,False,False,True,False,underlying_check_failed,1,False
rCUBE-2026-10-01-1,rCUBE,2026-10-01,False,,0.53,,True,False,92.0,,,,EQUITY,CubeSmart,False,False,False,False,False,False,False,False,True,False,underlying_check_failed,1,False
rCSCO-2026-10-02-1,rCSCO,2026-10-02,False,,0.42,,True,False,88.0,,2026-06-04,120.0,EQUITY,"Cisco Systems, Inc.",False,False,False,False,False,False,False,False,True,False,underlying_check_failed,1,False
rCWEN-2026-06-01-1,rCWEN,2026-06-01,False,,0.4676,,True,False,92.0,,2026-09-11,-102.0,EQUITY,"Clearway Energy, Inc.",False,False,False,True,False,False,False,False,False,False,relisted_after_event,1,False
rCVE-2026-06-15-1,rCVE,2026-06-15,False,,0.161304,,True,False,92.0,,,,EQUITY,Cenovus Energy Inc.,False,False,False,False,False,False,False,False,True,False,underlying_check_failed,1,False
rCW-2026-06-15-1,rCW,2026-06-15,False,,0.26,,True,False,102.0,,2026-09-07,-84.0,EQUITY,Curtiss-Wright Corporation,False,False,False,True,False,False,False,False,False,False,relisted_after_event,1,False
rDCI-2026-06-15-1,rDCI,2026-06-15,False,,0.32,,True,False,63.0,,2026-09-07,-84.0,EQUITY,"Donaldson Company, Inc.",False,False,False,True,False,False,False,False,False,False,relisted_after_event,1,False
rCX-2026-06-17-1,rCX,2026-06-17,False,,0.03117,,True,False,90.0,,2026-09-07,-82.0,EQUITY,"CEMEX, S.A.B. de C.V.",False,False,False,True,False,False,False,False,False,False,relisted_after_event,1,False
rDD-2026-06-24-1,rDD,2026-06-24,False,,,,False,False,65.0,0.0,,,EQUITY,"DuPont de Nemours, Inc.",False,False,True,False,False,False,False,False,True,False,noncash_action_30d;underlying_check_failed,2,False
rDDS-2026-06-30-1,rDDS,2026-06-30,False,,0.3,,True,False,92.0,,2026-09-11,-73.0,EQUITY,"Dillard's, Inc.",False,False,False,True,False,False,False,False,False,False,relisted_after_event,1,False
rDE-2026-06-30-1,rDE,2026-06-30,True,,1.62,,True,False,92.0,,2026-06-09,21.0,EQUITY,Deere & Company,False,False,False,False,False,False,False,False,False,False,,0,True
rDAL-2026-07-09-1,rDAL,2026-07-09,True,,0.215,,True,False,,,2026-06-11,28.0,EQUITY,"Delta Air Lines, Inc.",False,False,False,False,False,False,False,False,False,False,,0,True
rCVS-2026-07-23-1,rCVS,2026-07-23,True,,0.665,,True,False,,,2026-06-10,43.0,EQUITY,CVS Health Corporation,False,False,False,False,False,False,False,False,False,False,,0,True
rDCI-2026-08-17-1,rDCI,2026-08-17,False,,0.32,,True,False,63.0,,2026-09-07,-21.0,EQUITY,"Donaldson Company, Inc.",False,False,False,True,False,False,False,False,False,False,relisted_after_event,1,False
rCVX-2026-08-19-1,rCVX,2026-08-19,True,,1.78,,True,False,,,2026-06-09,71.0,EQUITY,Chevron Corporation,False,False,False,False,False,False,False,False,False,False,,0,True
rDD-2026-08-28-1,rDD,2026-08-28,False,,0.35,,True,False,3.0,65.0,,,EQUITY,"DuPont de Nemours, Inc.",False,False,False,False,False,False,False,False,True,False,underlying_check_failed,1,False
rDD-2026-08-31-1,rDD,2026-08-31,False,,0.6,,True,False,3.0,68.0,2026-09-07,-7.0,EQUITY,"DuPont de Nemours, Inc.",False,False,False,True,False,False,False,False,False,False,relisted_after_event,1,False
rCWEN-2026-09-01-1,rCWEN,2026-09-01,False,,0.475,,True,False,92.0,,2026-09-11,-10.0,EQUITY,"Clearway Energy, Inc.",False,False,False,True,False,False,False,False,False,False,relisted_after_event,1,False
rD-2026-09-04-1,rD,2026-09-04,True,,0.6675,,True,False,,,2026-06-11,85.0,EQUITY,"Dominion Energy, Inc.",False,False,False,False,False,False,False,False,False,False,,0,True
rCVE-2026-09-15-1,rCVE,2026-09-15,False,,0.156728,,True,False,92.0,,,,EQUITY,Cenovus Energy Inc.,False,False,False,False,False,False,False,False,True,False,underlying_check_failed,1,False
rCX-2026-09-15-1,rCX,2026-09-15,True,,0.03117,,True,False,90.0,,2026-09-07,8.0,EQUITY,"CEMEX, S.A.B. de C.V.",False,False,False,False,False,False,False,False,False,False,,0,True
rCW-2026-09-25-1,rCW,2026-09-25,False,,0.26,,True,False,102.0,,,,EQUITY,Curtiss-Wright Corporation,False,False,False,False,False,False,False,False,True,False,underlying_check_failed,1,False
rDDS-2026-09-30-1,rDDS,2026-09-30,False,,0.3,,True,False,92.0,,,,EQUITY,"Dillard's, Inc.",False,False,False,False,False,False,False,False,True,False,underlying_check_failed,1,False
rDE-2026-09-30-1,rDE,2026-09-30,False,,1.62,,True,False,92.0,,,,EQUITY,Deere & Company,False,False,False,False,False,False,False,False,True,False,underlying_check_failed,1,False
rDKS-2026-06-12-1,rDKS,2026-06-12,False,,1.25,,True,False,91.0,,2026-08-25,-74.0,EQUITY,"DICK'S Sporting Goods, Inc.",False,False,False,True,False,False,False,False,False,False,relisted_after_event,1,False
rDLR-2026-06-15-1,rDLR,2026-06-15,True,,1.22,,True,False,92.0,,2026-06-11,4.0,EQUITY,"Digital Realty Trust, Inc.",False,False,False,False,True,False,False,False,False,False,ex_date_after_gap,1,False
rDOC-2026-06-15-1,rDOC,2026-06-15,False,,0.10167,,True,False,35.0,,2026-09-07,-84.0,EQUITY,"Healthpeak Properties, Inc.",False,False,False,True,False,False,False,False,False,False,relisted_after_event,1,False
rDIA-2026-06-18-1,rDIA,2026-06-18,False,,1.40542,,True,False,29.0,,2026-07-14,-26.0,ETF,State Street SPDR Dow Jones Industrial Average ETF Trust,False,False,False,True,False,False,False,False,False,False,relisted_after_event,1,False
rDGRW-2026-06-25-1,rDGRW,2026-06-25,True,0.16,0.16,1.0,True,False,33.0,,2026-06-09,16.0,ETF,WisdomTree U.S. Quality Dividend Growth Fund,False,False,False,False,False,False,False,False,False,False,,0,True
rDHR-2026-06-26-1,rDHR,2026-06-26,True,,0.4,,True,False,96.0,,2026-06-10,16.0,EQUITY,Danaher Corporation,False,False,False,False,False,False,False,False,False,False,,0,True
rDLLL-2026-06-26-1,rDLLL,2026-06-26,False,,,,False,False,,0.0,,,,,False,False,True,False,False,False,False,False,True,False,noncash_action_30d;underlying_check_failed,2,False
rDIS-2026-06-30-1,rDIS,2026-06-30,True,0.75,0.75,1.0,True,False,,,2026-06-08,22.0,EQUITY,The Walt Disney Company,False,False,False,False,False,False,False,False,False,False,,0,True
rDG-2026-07-07-1,rDG,2026-07-07,False,,0.59,,True,False,91.0,,2026-08-11,-35.0,EQUITY,Dollar General Corporation,False,False,False,True,False,False,False,False,False,False,relisted_after_event,1,False
rDGX-2026-07-08-1,rDGX,2026-07-08,False,,0.86,,True,False,90.0,,2026-09-07,-61.0,EQUITY,Quest Diagnostics Incorporated,False,False,False,True,False,False,False,False,False,False,relisted_after_event,1,False
rDIA-2026-07-17-1,rDIA,2026-07-17,True,,0.14866,,True,False,29.0,,2026-07-14,3.0,ETF,State Street SPDR Dow Jones Industrial Average ETF Trust,False,False,False,False,False,False,False,False,False,False,,0,True
rDOC-2026-07-20-1,rDOC,2026-07-20,False,,0.10167,,True,False,28.0,,2026-09-07,-49.0,EQUITY,"Healthpeak Properties, Inc.",False,False,False,True,False,False,False,False,False,False,relisted_after_event,1,False
rDELL-2026-07-21-1,rDELL,2026-07-21,True,,0.63,,True,False,91.0,,2026-06-01,50.0,EQUITY,Dell Technologies Inc.,False,False,False,False,False,False,False,False,False,False,,0,True
rDGRW-2026-07-28-1,rDGRW,2026-07-28,True,,0.065,,True,False,29.0,,2026-06-09,49.0,ETF,WisdomTree U.S. Quality Dividend Growth Fund,False,False,False,False,False,False,False,False,False,False,,0,True
rDHI-2026-08-06-1,rDHI,2026-08-06,True,,0.45,,True,False,,,2026-06-23,44.0,EQUITY,"D.R. Horton, Inc.",False,False,False,False,False,False,False,False,False,False,,0,True
rDINO-2026-08-11-1,rDINO,2026-08-11,False,,0.525,,True,False,,,2026-09-07,-27.0,EQUITY,HF Sinclair Corporation,False,False,False,True,False,False,False,False,False,False,relisted_after_event,1,False
rDLB-2026-08-11-1,rDLB,2026-08-11,False,,0.36,,True,False,,,2026-09-11,-31.0,EQUITY,"Dolby Laboratories, Inc.",False,False,False,True,False,False,False,False,False,False,relisted_after_event,1,False
rDOC-2026-08-17-1,rDOC,2026-08-17,False,,0.10167,,True,False,28.0,,2026-09-07,-21.0,EQUITY,"Healthpeak Properties, Inc.",False,False,False,True,False,False,False,False,False,False,relisted_after_event,1,False
rDIA-2026-08-21-1,rDIA,2026-08-21,True,,0.43702,,True,False,28.0,,2026-07-14,38.0,ETF,State Street SPDR Dow Jones Industrial Average ETF Trust,False,False,False,False,False,False,False,False,False,False,,0,True
rDGRW-2026-08-26-1,rDGRW,2026-08-26,True,,0.055,,True,False,29.0,,2026-06-09,78.0,ETF,WisdomTree U.S. Quality Dividend Growth Fund,False,False,False,False,False,False,False,False,False,False,,0,True
rDKS-2026-09-11-1,rDKS,2026-09-11,True,,1.25,,True,False,91.0,,2026-08-25,17.0,EQUITY,"DICK'S Sporting Goods, Inc.",False,False,False,False,False,False,False,False,False,False,,0,True
rDOC-2026-09-14-1,rDOC,2026-09-14,True,,0.10167,,True,False,28.0,,2026-09-07,7.0,EQUITY,"Healthpeak Properties, Inc.",False,False,False,False,True,False,False,False,False,False,ex_date_after_gap,1,False
rDLR-2026-09-15-1,rDLR,2026-09-15,True,,1.22,,True,False,92.0,,2026-06-11,96.0,EQUITY,"Digital Realty Trust, Inc.",False,False,False,False,False,False,False,False,False,False,,0,True
rDIA-2026-09-18-1,rDIA,2026-09-18,True,,1.192,,True,False,28.0,,2026-07-14,66.0,ETF,State Street SPDR Dow Jones Industrial Average ETF Trust,False,False,False,False,False,False,False,False,False,False,,0,True
rDHR-2026-09-30-1,rDHR,2026-09-30,False,,0.4,,True,False,96.0,,,,EQUITY,Danaher Corporation,False,False,False,False,False,False,False,False,True,False,underlying_check_failed,1,False
rDG-2026-10-06-1,rDG,2026-10-06,False,,0.59,,True,False,91.0,,,,EQUITY,Dollar General Corporation,False,False,False,False,False,False,False,False,True,False,underlying_check_failed,1,False
rDGX-2026-10-06-1,rDGX,2026-10-06,False,,0.86,,True,False,90.0,,,,EQUITY,Quest Diagnostics Incorporated,False,False,False,False,False,False,False,False,True,False,underlying_check_failed,1,False
rDEO-2026-10-16-1,rDEO,2026-10-16,False,,1.2,,True,False,,,,,EQUITY,Diageo plc,False,False,False,False,False,False,False,False,True,False,underlying_check_failed,1,False
rDELL-2026-10-20-1,rDELL,2026-10-20,False,,0.63,,True,False,91.0,,,,EQUITY,Dell Technologies Inc.,False,False,False,False,False,False,False,False,True,False,underlying_check_failed,1,False
rEBC-2026-06-05-1,rEBC,2026-06-05,False,,0.15,,True,False,95.0,,2026-09-11,-98.0,EQUITY,"Eastern Bankshares, Inc.",False,False,False,True,False,False,False,False,False,False,relisted_after_event,1,False
rDPZ-2026-06-15-1,rDPZ,2026-06-15,False,,1.99,,True,False,92.0,,2026-09-07,-84.0,EQUITY,"Domino's Pizza, Inc.",False,False,False,True,False,False,False,False,False,False,relisted_after_event,1,False
rDTM-2026-06-15-1,rDTM,2026-06-15,False,,0.88,,True,False,98.0,,2026-09-07,-84.0,EQUITY,"DT Midstream, Inc.",False,False,False,True,False,False,False,False,False,False,relisted_after_event,1,False
rDVN-2026-06-15-1,rDVN,2026-06-15,True,,0.32,,True,False,92.0,,2026-06-11,4.0,EQUITY,Devon Energy Corporation,False,False,False,False,True,False,False,False,False,False,ex_date_after_gap,1,False
rDTE-2026-06-22-1,rDTE,2026-06-22,False,,1.165,,True,False,91.0,,2026-07-27,-35.0,EQUITY,DTE Energy Company,False,False,False,True,False,False,False,False,False,False,relisted_after_event,1,False
rDOO-2026-06-30-1,rDOO,2026-06-30,False,,0.180575,,True,False,91.0,,,,EQUITY,BRP Inc.,False,False,False,False,False,False,False,False,True,False,underlying_check_failed,1,False
rDOX-2026-06-30-1,rDOX,2026-06-30,False,,0.569,,True,False,92.0,,2026-09-11,-73.0,EQUITY,Amdocs Limited,False,False,False,True,False,False,False,False,False,False,relisted_after_event,1,False
rDRI-2026-07-10-1,rDRI,2026-07-10,False,,1.62,,True,False,,,2026-09-07,-59.0,EQUITY,"Darden Restaurants, Inc.",False,False,False,True,False,False,False,False,False,False,relisted_after_event,1,False
rDRS-2026-08-13-1,rDRS,2026-08-13,False,,0.09,,True,False,,,2026-09-07,-25.0,EQUITY,"Leonardo DRS, Inc.",False,False,False,True,False,False,False,False,False,False,relisted_after_event,1,False
rDUK-2026-08-14-1,rDUK,2026-08-14,True,,1.085,,True,False,,,2026-06-10,65.0,EQUITY,Duke Energy Corporation,False,False,False,False,False,False,False,False,False,False,,0,True
rEBAY-2026-08-28-1,rEBAY,2026-08-28,True,,0.31,,True,False,,,2026-06-10,79.0,EQUITY,eBay Inc.,False,False,False,False,False,False,False,False,False,False,,0,True
rDOV-2026-08-31-1,rDOV,2026-08-31,False,,0.525,,True,False,,,2026-09-07,-7.0,EQUITY,Dover Corporation,False,False,False,True,False,False,False,False,False,False,relisted_after_event,1,False
rDOW-2026-08-31-1,rDOW,2026-08-31,True,,0.35,,True,False,,,2026-08-11,20.0,EQUITY,Dow Inc.,False,False,False,False,True,False,False,False,False,False,ex_date_after_gap,1,False
rEBC-2026-09-08-1,rEBC,2026-09-08,False,,0.15,,True,False,95.0,,2026-09-11,-3.0,EQUITY,"Eastern Bankshares, Inc.",False,False,False,True,False,False,False,False,False,False,relisted_after_event,1,False
rDPZ-2026-09-15-1,rDPZ,2026-09-15,True,,1.99,,True,False,92.0,,2026-09-07,8.0,EQUITY,"Domino's Pizza, Inc.",False,False,False,False,False,False,False,False,False,False,,0,True
rDVN-2026-09-15-1,rDVN,2026-09-15,True,,0.32,,True,False,92.0,,2026-06-11,96.0,EQUITY,Devon Energy Corporation,False,False,False,False,False,False,False,False,False,False,,0,True
rDTE-2026-09-21-1,rDTE,2026-09-21,False,,1.165,,True,False,91.0,,,,EQUITY,DTE Energy Company,False,False,False,False,False,False,False,False,True,False,underlying_check_failed,1,False
rDTM-2026-09-21-1,rDTM,2026-09-21,False,,0.88,,True,False,98.0,,,,EQUITY,"DT Midstream, Inc.",False,False,False,False,False,False,False,False,True,False,underlying_check_failed,1,False
rDOO-2026-09-29-1,rDOO,2026-09-29,False,,0.25,,True,False,91.0,,,,EQUITY,BRP Inc.,False,False,False,False,False,False,False,False,True,False,underlying_check_failed,1,False
rDOX-2026-09-30-1,rDOX,2026-09-30,False,,0.569,,True,False,92.0,,2026-09-11,19.0,EQUITY,Amdocs Limited,False,False,False,False,False,False,False,False,True,False,underlying_check_failed,1,False
rEGO-2026-06-02-1,rEGO,2026-06-02,False,,0.075,,True,False,91.0,,2026-09-11,-101.0,EQUITY,Eldorado Gold Corporation,False,False,False,True,False,False,False,False,False,False,relisted_after_event,1,False
rELV-2026-06-10-1,rELV,2026-06-10,False,,1.72,,True,False,92.0,,2026-06-10,0.0,EQUITY,"Elevance Health, Inc.",False,False,False,False,False,False,False,False,False,False,,0,False
rEG-2026-06-12-1,rEG,2026-06-12,False,,2.0,,True,False,89.0,,2026-09-07,-87.0,EQUITY,"Everest Group, Ltd.",False,False,False,True,False,False,False,False,False,False,relisted_after_event,1,False
rECH-2026-06-15-1,rECH,2026-06-15,True,,0.644605,,True,False,,,2026-06-09,6.0,ETF,iShares MSCI Chile ETF,False,False,False,False,True,False,False,False,False,False,ex_date_after_gap,1,False
rEEM-2026-06-15-1,rEEM,2026-06-15,True,,0.350802,,True,False,,,2026-06-09,6.0,ETF,iShares MSCI Emerging Markets ETF,False,False,False,False,True,False,False,False,False,False,ex_date_after_gap,1,False
rEFA-2026-06-15-1,rEFA,2026-06-15,True,,1.636388,,True,False,,,2026-06-09,6.0,ETF,iShares MSCI EAFE ETF,False,False,False,False,True,False,False,False,False,False,ex_date_after_gap,1,False
rEMN-2026-06-15-1,rEMN,2026-06-15,False,,0.84,,True,False,92.0,,2026-09-11,-88.0,EQUITY,Eastman Chemical Company,False,False,False,True,False,False,False,False,False,False,relisted_after_event,1,False
rECL-2026-06-16-1,rECL,2026-06-16,True,,0.73,,True,False,91.0,,2026-06-11,5.0,EQUITY,Ecolab Inc.,False,False,False,False,False,False,False,False,False,False,,0,True
rELS-2026-06-26-1,rELS,2026-06-26,False,,0.5425,,True,False,91.0,,2026-09-07,-73.0,EQUITY,"Equity LifeStyle Properties, Inc.",False,False,False,True,False,False,False,False,False,False,relisted_after_event,1,False
rEGP-2026-06-30-1,rEGP,2026-06-30,False,,1.55,,True,False,92.0,,2026-09-07,-69.0,EQUITY,"EastGroup Properties, Inc.",False,False,False,True,False,False,False,False,False,False,relisted_after_event,1,False
rEHC-2026-07-01-1,rEHC,2026-07-01,False,,0.19,,True,False,92.0,,2026-09-07,-68.0,EQUITY,Encompass Health Corporation,False,False,False,True,False,False,False,False,False,False,relisted_after_event,1,False
rEMBJ-2026-07-02-1,rEMBJ,2026-07-02,False,,0.152183,,True,False,83.0,,,,EQUITY,,False,False,False,False,False,False,False,False,True,False,underlying_check_failed,1,False
rEIX-2026-07-07-1,rEIX,2026-07-07,False,,0.8775,,True,False,,,2026-09-07,-62.0,EQUITY,Edison International,False,False,False,True,False,False,False,False,False,False,relisted_after_event,1,False
rEME-2026-07-15-1,rEME,2026-07-15,True,,0.4,,True,False,,,2026-07-14,1.0,EQUITY,"EMCOR Group, Inc.",False,False,False,False,False,False,False,False,False,False,,0,True
rEMA-2026-07-31-1,rEMA,2026-07-31,False,,0.7325,,True,False,3.0,,,,EQUITY,Emera Incorporated,False,False,False,False,False,False,False,False,True,False,underlying_check_failed,1,False
rEMA-2026-08-03-1,rEMA,2026-08-03,False,,0.51765775,,True,False,3.0,,,,EQUITY,Emera Incorporated,False,False,False,False,False,False,False,False,True,False,underlying_check_failed,1,False
rEMR-2026-08-14-1,rEMR,2026-08-14,True,,0.555,,True,False,,,2026-06-11,64.0,EQUITY,Emerson Electric Co.,False,False,False,False,False,False,False,False,False,False,,0,True
rEE-2026-08-19-1,rEE,2026-08-19,False,,0.09,,True,False,,,2026-09-11,-23.0,EQUITY,"Excelerate Energy, Inc.",False,False,False,True,False,False,False,False,False,False,relisted_after_event,1,False
rEFX-2026-08-31-1,rEFX,2026-08-31,True,,0.56,,True,False,,,2026-08-25,6.0,EQUITY,Equifax Inc.,False,False,False,False,True,False,False,False,False,False,ex_date_after_gap,1,False
rEL-2026-08-31-1,rEL,2026-08-31,True,,0.35,,True,False,,,2026-07-27,35.0,EQUITY,The Estée Lauder Companies Inc.,False,False,False,False,True,False,False,False,False,False,ex_date_after_gap,1,False
rEGO-2026-09-01-1,rEGO,2026-09-01,False,,0.075,,True,False,91.0,,2026-09-11,-10.0,EQUITY,Eldorado Gold Corporation,False,False,False,True,False,False,False,False,False,False,relisted_after_event,1,False
rEG-2026-09-09-1,rEG,2026-09-09,True,,2.0,,True,False,89.0,,2026-09-07,2.0,EQUITY,"Everest Group, Ltd.",False,False,False,False,False,False,False,False,False,False,,0,True
rELV-2026-09-10-1,rELV,2026-09-10,True,,1.72,,True,False,92.0,,2026-06-10,92.0,EQUITY,"Elevance Health, Inc.",False,False,False,False,False,False,False,False,False,False,,0,True
rECL-2026-09-15-1,rECL,2026-09-15,True,,0.73,,True,False,91.0,,2026-06-11,96.0,EQUITY,Ecolab Inc.,False,False,False,False,False,False,False,False,False,False,,0,True
rEMN-2026-09-15-1,rEMN,2026-09-15,True,,0.84,,True,False,92.0,,2026-09-11,4.0,EQUITY,Eastman Chemical Company,False,False,False,False,False,False,False,False,False,False,,0,True
rEMBJ-2026-09-23-1,rEMBJ,2026-09-23,False,,0.165055,,True,False,83.0,,,,EQUITY,,False,False,False,False,False,False,False,False,True,False,underlying_check_failed,1,False
rELS-2026-09-25-1,rELS,2026-09-25,False,,0.5425,,True,False,91.0,,,,EQUITY,"Equity LifeStyle Properties, Inc.",False,False,False,False,False,False,False,False,True,False,underlying_check_failed,1,False
rEGP-2026-09-30-1,rEGP,2026-09-30,False,,1.75,,True,False,92.0,,,,EQUITY,"EastGroup Properties, Inc.",False,False,False,False,False,False,False,False,True,False,underlying_check_failed,1,False
rEHC-2026-10-01-1,rEHC,2026-10-01,False,,0.21,,True,False,92.0,,,,EQUITY,Encompass Health Corporation,False,False,False,False,False,False,False,False,True,False,underlying_check_failed,1,False
rEQH-2026-06-01-1,rEQH,2026-06-01,False,,0.3,,True,False,63.0,,2026-09-07,-98.0,EQUITY,"Equitable Holdings, Inc.",False,False,False,True,False,False,False,False,False,False,relisted_after_event,1,False
rESI-2026-06-01-1,rESI,2026-06-01,False,,0.08,,True,False,92.0,,2026-09-07,-98.0,EQUITY,Element Solutions Inc,False,False,False,True,False,False,False,False,False,False,relisted_after_event,1,False
rENS-2026-06-18-1,rENS,2026-06-18,False,,0.2625,,True,False,92.0,,2026-09-11,-85.0,EQUITY,EnerSys,False,False,False,True,False,False,False,False,False,False,relisted_after_event,1,False
rENSG-2026-06-30-1,rENSG,2026-06-30,False,,0.065,,True,False,,,2026-09-07,-69.0,EQUITY,"The Ensign Group, Inc.",False,False,False,True,False,False,False,False,False,False,relisted_after_event,1,False
rEPR-2026-06-30-1,rEPR,2026-06-30,False,,0.31,,True,False,31.0,,2026-09-11,-73.0,EQUITY,EPR Properties,False,False,False,True,False,False,False,False,False,False,relisted_after_event,1,False
rEPRT-2026-06-30-1,rEPRT,2026-06-30,False,,0.32,,True,False,92.0,,2026-09-11,-73.0,EQUITY,"Essential Properties Realty Trust, Inc.",False,False,False,True,False,False,False,False,False,False,relisted_after_event,1,False
rESAB-2026-07-02-1,rESAB,2026-07-02,False,,0.12,,True,False,92.0,,2026-09-11,-71.0,EQUITY,ESAB Corporation,False,False,False,True,False,False,False,False,False,False,relisted_after_event,1,False
rESE-2026-07-02-1,rESE,2026-07-02,False,,0.08,,True,False,91.0,,2026-09-11,-71.0,EQUITY,ESCO Technologies Inc.,False,False,False,True,False,False,False,False,False,False,relisted_after_event,1,False
rERIE-2026-07-07-1,rERIE,2026-07-07,False,,1.4625,,True,False,90.0,,2026-09-07,-62.0,EQUITY,Erie Indemnity Company,False,False,False,True,False,False,False,False,False,False,relisted_after_event,1,False
rEOG-2026-07-17-1,rEOG,2026-07-17,True,,1.02,,True,False,91.0,,2026-06-11,36.0,EQUITY,"EOG Resources, Inc.",False,False,False,False,False,False,False,False,False,False,,0,True
rENTG-2026-07-29-1,rENTG,2026-07-29,False,,0.1,,True,False,,,2026-08-17,-19.0,EQUITY,"Entegris, Inc.",False,False,False,True,False,False,False,False,False,False,relisted_after_event,1,False
rEPR-2026-07-31-1,rEPR,2026-07-31,False,,0.31,,True,False,31.0,,2026-09-11,-42.0,EQUITY,EPR Properties,False,False,False,True,False,False,False,False,False,False,relisted_after_event,1,False
rEQH-2026-08-03-1,rEQH,2026-08-03,False,,0.3,,True,False,63.0,,2026-09-07,-35.0,EQUITY,"Equitable Holdings, Inc.",False,False,False,True,False,False,False,False,False,False,relisted_after_event,1,False
rEQT-2026-08-05-1,rEQT,2026-08-05,True,,0.165,,True,False,,,2026-07-24,12.0,EQUITY,EQT Corporation,False,False,False,False,False,False,False,False,False,False,,0,True
rENB-2026-08-14-1,rENB,2026-08-14,False,,0.686663,,True,False,,,,,EQUITY,Enbridge Inc.,False,False,False,False,False,False,False,False,True,False,underlying_check_failed,1,False
rEQIX-2026-08-19-1,rEQIX,2026-08-19,True,,5.16,,True,False,,,2026-06-02,78.0,EQUITY,"Equinix, Inc.",False,False,False,False,False,False,False,False,False,False,,0,True
rEQX-2026-08-19-1,rEQX,2026-08-19,False,,0.0225,,True,False,,,2026-09-11,-23.0,EQUITY,Equinox Gold Corp.,False,False,False,True,False,False,False,False,False,False,relisted_after_event,1,False
rEPR-2026-08-31-1,rEPR,2026-08-31,False,,0.31,,True,False,30.0,,2026-09-11,-11.0,EQUITY,EPR Properties,False,False,False,True,False,False,False,False,False,False,relisted_after_event,1,False
rESI-2026-09-01-1,rESI,2026-09-01,False,,0.08,,True,False,92.0,,2026-09-07,-6.0,EQUITY,Element Solutions Inc,False,False,False,True,False,False,False,False,False,False,relisted_after_event,1,False
rENS-2026-09-18-1,rENS,2026-09-18,True,,0.2875,,True,False,92.0,,2026-09-11,7.0,EQUITY,EnerSys,False,False,False,False,False,False,False,False,False,False,,0,True
rES-2026-09-21-1,rES,2026-09-21,False,,0.7875,,True,False,,,,,EQUITY,Eversource Energy,False,False,False,False,False,False,False,False,True,False,underlying_check_failed,1,False
rERIC-2026-09-29-1,rERIC,2026-09-29,False,,0.15792,,True,False,,,2026-09-07,22.0,EQUITY,Telefonaktiebolaget LM Ericsson (publ),False,False,False,False,False,False,False,False,True,False,underlying_check_failed,1,False
rEPR-2026-09-30-1,rEPR,2026-09-30,False,,0.31,,True,False,30.0,,,,EQUITY,EPR Properties,False,False,False,False,False,False,False,False,True,False,underlying_check_failed,1,False
rEPRT-2026-09-30-1,rEPRT,2026-09-30,False,,0.32,,True,False,92.0,,,,EQUITY,"Essential Properties Realty Trust, Inc.",False,False,False,False,False,False,False,False,True,False,underlying_check_failed,1,False
rESE-2026-10-01-1,rESE,2026-10-01,False,,0.08,,True,False,91.0,,,,EQUITY,ESCO Technologies Inc.,False,False,False,False,False,False,False,False,True,False,underlying_check_failed,1,False
rESAB-2026-10-02-1,rESAB,2026-10-02,False,,0.12,,True,False,92.0,,,,EQUITY,ESAB Corporation,False,False,False,False,False,False,False,False,True,False,underlying_check_failed,1,False
rERIE-2026-10-05-1,rERIE,2026-10-05,False,,1.4625,,True,False,90.0,,2026-09-07,28.0,EQUITY,Erie Indemnity Company,False,False,False,False,False,False,False,False,True,False,underlying_check_failed,1,False
rEOG-2026-10-16-1,rEOG,2026-10-16,False,,1.02,,True,False,91.0,,,,EQUITY,"EOG Resources, Inc.",False,False,False,False,False,False,False,False,True,False,underlying_check_failed,1,False
rESNT-2026-06-01-1,rESNT,2026-06-01,False,,0.35,,True,False,91.0,,2026-09-11,-102.0,EQUITY,Essent Group Ltd.,False,False,False,True,False,False,False,False,False,False,relisted_after_event,1,False
rEXPD-2026-06-01-1,rEXPD,2026-06-01,False,,0.81,,True,False,,,2026-08-17,-77.0,EQUITY,"Expeditors International of Washington, Inc.",False,False,False,True,False,False,False,False,False,False,relisted_after_event,1,False
rEXC-2026-06-04-1,rEXC,2026-06-04,False,,0.42,,True,False,92.0,,2026-06-11,-7.0,EQUITY,Exelon Corporation,False,False,False,True,False,False,False,False,False,False,relisted_after_event,1,False
rEWJ-2026-06-15-1,rEWJ,2026-06-15,True,,0.500975,,True,False,,,2026-06-04,11.0,ETF,iShares MSCI Japan ETF,False,False,False,False,True,False,False,False,False,False,ex_date_after_gap,1,False
rEWZ-2026-06-15-1,rEWZ,2026-06-15,True,,0.330704,,True,False,,,2026-06-04,11.0,ETF,iShares MSCI Brazil ETF,False,False,False,False,True,False,False,False,False,False,ex_date_after_gap,1,False
rEXP-2026-06-15-1,rEXP,2026-06-15,False,,0.25,,True,False,91.0,,2026-09-11,-88.0,EQUITY,Eagle Materials Inc.,False,False,False,True,False,False,False,False,False,False,relisted_after_event,1,False
rESLT-2026-06-23-1,rESLT,2026-06-23,False,,1.0,,True,False,112.0,,2026-09-07,-76.0,EQUITY,Elbit Systems Ltd.,False,False,False,True,False,False,False,False,False,False,relisted_after_event,1,False
rESS-2026-06-30-1,rESS,2026-06-30,False,,2.59,,True,False,92.0,,2026-09-07,-69.0,EQUITY,"Essex Property Trust, Inc.",False,False,False,True,False,False,False,False,False,False,relisted_after_event,1,False
rEWBC-2026-08-03-1,rEWBC,2026-08-03,False,,0.8,,True,False,,,2026-09-07,-35.0,EQUITY,"East West Bancorp, Inc.",False,False,False,True,False,False,False,False,False,False,relisted_after_event,1,False
rETN-2026-08-07-1,rETN,2026-08-07,True,,1.1,,True,False,,,2026-06-02,66.0,EQUITY,Eaton Corporation plc,False,False,False,False,False,False,False,False,False,False,,0,True
rETR-2026-08-13-1,rETR,2026-08-13,True,,0.64,,True,False,,,2026-06-11,63.0,EQUITY,Entergy Corporation,False,False,False,False,False,False,False,False,False,False,,0,True
rEXE-2026-08-13-1,rEXE,2026-08-13,True,,0.575,,True,False,,,2026-08-11,2.0,EQUITY,Expand Energy Corporation,False,False,False,False,False,False,False,False,False,False,,0,True
rEVRG-2026-08-18-1,rEVRG,2026-08-18,False,,0.695,,True,False,,,2026-09-07,-20.0,EQUITY,"Evergy, Inc.",False,False,False,True,False,False,False,False,False,False,relisted_after_event,1,False
rEXPE-2026-08-27-1,rEXPE,2026-08-27,True,,0.48,,True,False,,,2026-08-04,23.0,EQUITY,"Expedia Group, Inc.",False,False,False,False,False,False,False,False,False,False,,0,True
rEVR-2026-08-28-1,rEVR,2026-08-28,False,,0.89,,True,False,,,2026-09-07,-10.0,EQUITY,Evercore Inc.,False,False,False,True,False,False,False,False,False,False,relisted_after_event,1,False
rESNT-2026-08-31-1,rESNT,2026-08-31,False,,0.35,,True,False,91.0,,2026-09-11,-11.0,EQUITY,Essent Group Ltd.,False,False,False,True,False,False,False,False,False,False,relisted_after_event,1,False
rEXC-2026-09-04-1,rEXC,2026-09-04,True,,0.42,,True,False,92.0,,2026-06-11,85.0,EQUITY,Exelon Corporation,False,False,False,False,False,False,False,False,False,False,,0,True
rEXP-2026-09-14-1,rEXP,2026-09-14,True,,0.25,,True,False,91.0,,2026-09-11,3.0,EQUITY,Eagle Materials Inc.,False,False,False,False,True,False,False,False,False,False,ex_date_after_gap,1,False
rESS-2026-09-30-1,rESS,2026-09-30,False,,2.59,,True,False,92.0,,,,EQUITY,"Essex Property Trust, Inc.",False,False,False,False,False,False,False,False,True,False,underlying_check_failed,1,False
rESLT-2026-10-13-1,rESLT,2026-10-13,False,,1.0,,True,False,112.0,,2026-09-07,36.0,EQUITY,Elbit Systems Ltd.,False,False,False,False,False,False,False,False,True,False,underlying_check_failed,1,False
rFDX-2026-06-01-1,rFDX,2026-06-01,False,,,,False,False,21.0,0.0,,,EQUITY,FedEx Corporation,False,False,True,False,False,False,False,False,True,False,noncash_action_30d;underlying_check_failed,2,False
rFAF-2026-06-08-1,rFAF,2026-06-08,False,,0.55,,True,False,,,2026-09-11,-95.0,EQUITY,First American Financial Corporation,False,False,False,True,False,False,False,False,False,False,relisted_after_event,1,False
rFFIN-2026-06-12-1,rFFIN,2026-06-12,False,,0.22,,True,False,94.0,,2026-09-11,-91.0,EQUITY,"First Financial Bankshares, Inc.",False,False,False,True,False,False,False,False,False,False,relisted_after_event,1,False
rFHN-2026-06-12-1,rFHN,2026-06-12,False,,0.17,,True,False,91.0,,2026-09-07,-87.0,EQUITY,First Horizon Corporation,False,False,False,True,False,False,False,False,False,False,relisted_after_event,1,False
rEXR-2026-06-15-1,rEXR,2026-06-15,False,,1.62,,True,False,92.0,,2026-09-07,-84.0,EQUITY,Extra Space Storage Inc.,False,False,False,True,False,False,False,False,False,False,relisted_after_event,1,False
rFDX-2026-06-22-1,rFDX,2026-06-22,True,,1.22,,True,False,84.0,21.0,2026-06-11,11.0,EQUITY,FedEx Corporation,False,False,True,False,True,False,False,False,False,False,noncash_action_30d;ex_date_after_gap,2,False
rFCX-2026-07-15-1,rFCX,2026-07-15,False,,,,False,True,,,,,EQUITY,Freeport-McMoRan Inc.,False,False,False,False,False,False,False,False,True,False,underlying_check_failed;reality_row_ambiguous,2,False
rFCX-2026-07-15-2,rFCX,2026-07-15,False,,,,False,True,,,,,EQUITY,Freeport-McMoRan Inc.,False,False,False,False,False,False,False,False,True,False,underlying_check_failed;reality_row_ambiguous,2,False
rFAST-2026-07-28-1,rFAST,2026-07-28,True,,0.26,,True,False,,,2026-06-11,47.0,EQUITY,Fastenal Company,False,False,False,False,False,False,False,False,False,False,,0,True
rFELE-2026-08-06-1,rFELE,2026-08-06,False,,0.28,,True,False,,,2026-09-11,-36.0,EQUITY,"Franklin Electric Co., Inc.",False,False,False,True,False,False,False,False,False,False,relisted_after_event,1,False
rFE-2026-08-07-1,rFE,2026-08-07,False,,0.465,,True,False,,,2026-09-07,-31.0,EQUITY,FirstEnergy Corp.,False,False,False,True,False,False,False,False,False,False,relisted_after_event,1,False
rFHI-2026-08-07-1,rFHI,2026-08-07,False,,0.38,,True,False,,,2026-09-11,-35.0,EQUITY,"Federated Hermes, Inc.",False,False,False,True,False,False,False,False,False,False,relisted_after_event,1,False
rF-2026-08-11-1,rF,2026-08-11,True,,0.15,,True,False,,,2026-06-09,63.0,EQUITY,Ford Motor Company,False,False,False,False,False,False,False,False,False,False,,0,True
rFANG-2026-08-13-1,rFANG,2026-08-13,True,,1.1,,True,False,,,2026-06-11,63.0,EQUITY,"Diamondback Energy, Inc.",False,False,False,False,False,False,False,False,False,False,,0,True
rFCFS-2026-08-14-1,rFCFS,2026-08-14,False,,0.42,,True,False,,,2026-09-07,-24.0,EQUITY,"FirstCash Holdings, Inc.",False,False,False,True,False,False,False,False,False,False,relisted_after_event,1,False
rFBIN-2026-08-21-1,rFBIN,2026-08-21,False,,0.26,,True,False,,,2026-09-11,-21.0,EQUITY,"Fortune Brands Innovations, Inc.",False,False,False,True,False,False,False,False,False,False,relisted_after_event,1,False
rFERG-2026-08-21-1,rFERG,2026-08-21,True,,0.89,,True,False,,,2026-06-11,71.0,EQUITY,Ferguson Enterprises Inc.,False,False,False,False,False,False,False,False,False,False,,0,True
rFCNCA-2026-08-31-1,rFCNCA,2026-08-31,False,,2.1,,True,False,,,2026-09-07,-7.0,EQUITY,"First Citizens BancShares, Inc.",False,False,False,True,False,False,False,False,False,False,relisted_after_event,1,False
rFDS-2026-08-31-1,rFDS,2026-08-31,False,,1.16,,True,False,,,2026-09-07,-7.0,EQUITY,FactSet Research Systems Inc.,False,False,False,True,False,False,False,False,False,False,relisted_after_event,1,False
rFHN-2026-09-11-1,rFHN,2026-09-11,True,,0.17,,True,False,91.0,,2026-09-07,4.0,EQUITY,First Horizon Corporation,False,False,False,False,False,False,False,False,False,False,,0,True
rFDX-2026-09-14-1,rFDX,2026-09-14,True,,1.22,,True,False,84.0,105.0,2026-06-11,95.0,EQUITY,FedEx Corporation,False,False,False,False,True,False,False,False,False,False,ex_date_after_gap,1,False
rFFIN-2026-09-14-1,rFFIN,2026-09-14,True,,0.22,,True,False,94.0,,2026-09-11,3.0,EQUITY,"First Financial Bankshares, Inc.",False,False,False,False,True,False,False,False,False,False,ex_date_after_gap,1,False
rEXR-2026-09-15-1,rEXR,2026-09-15,True,,1.62,,True,False,92.0,,2026-09-07,8.0,EQUITY,Extra Space Storage Inc.,False,False,False,False,False,False,False,False,False,False,,0,True
rFLHY-2026-06-01-1,rFLHY,2026-06-01,False,,0.1266,,True,False,30.0,,2026-06-09,-8.0,ETF,Franklin High Yield Corporate ETF,False,False,False,True,False,False,False,False,False,False,relisted_after_event,1,False
rFNB-2026-06-01-1,rFNB,2026-06-01,False,,0.13,,True,False,92.0,,2026-09-11,-102.0,EQUITY,F.N.B. Corporation,False,False,False,True,False,False,False,False,False,False,relisted_after_event,1,False
rFLG-2026-06-05-1,rFLG,2026-06-05,False,,0.01,,True,False,91.0,,2026-09-11,-98.0,EQUITY,"Flagstar Bank, National Association",False,False,False,True,False,False,False,False,False,False,relisted_after_event,1,False
rFIS-2026-06-11-1,rFIS,2026-06-11,False,,0.44,,True,False,92.0,,2026-08-17,-67.0,EQUITY,"Fidelity National Information Services, Inc.",False,False,False,True,False,False,False,False,False,False,relisted_after_event,1,False
rFNF-2026-06-16-1,rFNF,2026-06-16,False,,0.52,,True,False,92.0,,2026-09-07,-83.0,EQUITY,"Fidelity National Financial, Inc.",False,False,False,True,False,False,False,False,False,False,relisted_after_event,1,False
rFLQL-2026-06-26-1,rFLQL,2026-06-26,True,0.2235,0.2235,1.0,True,False,84.0,,2026-06-09,17.0,ETF,Franklin U.S. Large Cap Multifactor Index ETF,False,False,False,False,False,False,False,False,False,False,,0,True
rFLS-2026-06-26-1,rFLS,2026-06-26,False,,0.22,,True,False,91.0,,2026-09-07,-73.0,EQUITY,Flowserve Corporation,False,False,False,True,False,False,False,False,False,False,relisted_after_event,1,False
rFLHY-2026-07-01-1,rFLHY,2026-07-01,True,,0.12841,,True,False,30.0,,2026-06-09,22.0,ETF,Franklin High Yield Corporate ETF,False,False,False,False,False,False,False,False,False,False,,0,True
rFMX-2026-07-15-1,rFMX,2026-07-15,False,,,,False,True,,,,,EQUITY,"Fomento Económico Mexicano, S.A.B. de C.V.",False,False,False,False,False,False,False,False,True,False,underlying_check_failed;reality_row_ambiguous,2,False
rFMX-2026-07-15-2,rFMX,2026-07-15,False,,,,False,True,,,,,EQUITY,"Fomento Económico Mexicano, S.A.B. de C.V.",False,False,False,False,False,False,False,False,True,False,underlying_check_failed;reality_row_ambiguous,2,False
rFLHY-2026-08-03-1,rFLHY,2026-08-03,True,,0.1435,,True,False,29.0,,2026-06-09,55.0,ETF,Franklin High Yield Corporate ETF,False,False,False,False,True,False,False,False,False,False,ex_date_after_gap,1,False
rFIX-2026-08-13-1,rFIX,2026-08-13,True,,0.9,,True,False,,,2026-06-11,63.0,EQUITY,"Comfort Systems USA, Inc.",False,False,False,False,False,False,False,False,False,False,,0,True
rFLHY-2026-09-01-1,rFLHY,2026-09-01,True,,0.1248,,True,False,29.0,,2026-06-09,84.0,ETF,Franklin High Yield Corporate ETF,False,False,False,False,False,False,False,False,False,False,,0,True
rFNB-2026-09-01-1,rFNB,2026-09-01,False,,0.13,,True,False,92.0,,2026-09-11,-10.0,EQUITY,F.N.B. Corporation,False,False,False,True,False,False,False,False,False,False,relisted_after_event,1,False
rFOXA-2026-09-02-1,rFOXA,2026-09-02,False,,0.29,,True,False,,,2026-09-07,-5.0,EQUITY,Fox Corporation,False,False,False,True,False,False,False,False,False,False,relisted_after_event,1,False
rFLG-2026-09-04-1,rFLG,2026-09-04,False,,0.01,,True,False,91.0,,2026-09-11,-7.0,EQUITY,"Flagstar Bank, National Association",False,False,False,True,False,False,False,False,False,False,relisted_after_event,1,False
rFIS-2026-09-11-1,rFIS,2026-09-11,True,,0.44,,True,False,92.0,,2026-08-17,25.0,EQUITY,"Fidelity National Information Services, Inc.",False,False,False,False,False,False,False,False,False,False,,0,True
rFNF-2026-09-16-1,rFNF,2026-09-16,True,,0.52,,True,False,92.0,,2026-09-07,9.0,EQUITY,"Fidelity National Financial, Inc.",False,False,False,False,False,False,False,False,False,False,,0,True
rFLQL-2026-09-18-1,rFLQL,2026-09-18,True,,0.194,,True,False,84.0,,2026-06-09,101.0,ETF,Franklin U.S. Large Cap Multifactor Index ETF,False,False,False,False,False,False,False,False,False,False,,0,True
rFLS-2026-09-25-1,rFLS,2026-09-25,False,,0.22,,True,False,91.0,,,,EQUITY,Flowserve Corporation,False,False,False,False,False,False,False,False,True,False,underlying_check_failed,1,False
rFRO-2026-06-12-1,rFRO,2026-06-12,False,,1.55,,True,False,98.0,,2026-09-11,-91.0,EQUITY,Frontline plc,False,False,False,True,False,False,False,False,False,False,relisted_after_event,1,False
rFTV-2026-06-22-1,rFTV,2026-06-22,False,,0.06,,True,False,74.0,,2026-09-07,-77.0,EQUITY,Fortive Corporation,False,False,False,True,False,False,False,False,False,False,relisted_after_event,1,False
rFSOL-2026-06-23-1,rFSOL,2026-06-23,False,,0.0355,,True,False,85.0,,,,EQUITY,,False,False,False,False,False,False,False,False,True,False,underlying_check_failed,1,False
rFTGC-2026-06-25-1,rFTGC,2026-06-25,True,0.1691,0.1691,1.0,True,False,,,2026-06-09,16.0,ETF,First Trust Global Tactical Commodity Strategy Fund,False,False,False,False,False,False,False,False,False,False,,0,True
rFR-2026-06-30-1,rFR,2026-06-30,False,,0.5,,True,False,92.0,,2026-09-07,-69.0,EQUITY,"First Industrial Realty Trust, Inc.",False,False,False,True,False,False,False,False,False,False,relisted_after_event,1,False
rFSV-2026-06-30-1,rFSV,2026-06-30,False,,0.305,,True,False,,,2026-09-11,-73.0,EQUITY,FirstService Corporation,False,False,False,True,False,False,False,False,False,False,relisted_after_event,1,False
rFRT-2026-07-01-1,rFRT,2026-07-01,False,,1.13,,True,False,92.0,,2026-09-07,-68.0,EQUITY,Federal Realty Investment Trust,False,False,False,True,False,False,False,False,False,False,relisted_after_event,1,False
rFULT-2026-07-01-1,rFULT,2026-07-01,False,,0.19,,True,False,92.0,,2026-09-11,-72.0,EQUITY,Fulton Financial Corporation,False,False,False,True,False,False,False,False,False,False,relisted_after_event,1,False
rFTAI-2026-08-12-1,rFTAI,2026-08-12,True,,0.5,,True,False,,,2026-08-11,1.0,EQUITY,FTAI Aviation Ltd.,False,False,False,False,False,False,False,False,False,False,,0,True
rFSS-2026-08-14-1,rFSS,2026-08-14,False,,0.15,,True,False,,,2026-09-11,-28.0,EQUITY,Federal Signal Corporation,False,False,False,True,False,False,False,False,False,False,relisted_after_event,1,False
rFTI-2026-08-18-1,rFTI,2026-08-18,False,,0.05,,True,False,,,2026-09-07,-20.0,EQUITY,TechnipFMC plc,False,False,False,True,False,False,False,False,False,False,relisted_after_event,1,False
rFTS-2026-08-19-1,rFTS,2026-08-19,False,,0.455936,,True,False,,,,,EQUITY,Fortis Inc.,False,False,False,False,False,False,False,False,True,False,underlying_check_failed,1,False
rFTV-2026-09-04-1,rFTV,2026-09-04,False,,0.07,,True,False,74.0,,2026-09-07,-3.0,EQUITY,Fortive Corporation,False,False,False,True,False,False,False,False,False,False,relisted_after_event,1,False
rFSOL-2026-09-16-1,rFSOL,2026-09-16,False,,0.1179,,True,False,85.0,,,,EQUITY,,False,False,False,False,False,False,False,False,True,False,underlying_check_failed,1,False
rFRO-2026-09-18-1,rFRO,2026-09-18,False,,,,False,True,98.0,,,,EQUITY,Frontline plc,False,False,False,False,False,False,False,False,True,False,underlying_check_failed;reality_row_ambiguous,2,False
rFRO-2026-09-18-2,rFRO,2026-09-18,False,,,,False,True,98.0,,,,EQUITY,Frontline plc,False,False,False,False,False,False,False,False,True,False,underlying_check_failed;reality_row_ambiguous,2,False
rFR-2026-09-30-1,rFR,2026-09-30,False,,0.5,,True,False,92.0,,,,EQUITY,"First Industrial Realty Trust, Inc.",False,False,False,False,False,False,False,False,True,False,underlying_check_failed,1,False
rFRT-2026-10-01-1,rFRT,2026-10-01,False,,1.16,,True,False,92.0,,,,EQUITY,Federal Realty Investment Trust,False,False,False,False,False,False,False,False,True,False,underlying_check_failed,1,False
rFULT-2026-10-01-1,rFULT,2026-10-01,False,,0.19,,True,False,92.0,,2026-09-11,20.0,EQUITY,Fulton Financial Corporation,False,False,False,False,False,False,False,False,True,False,underlying_check_failed,1,False
rG-2026-06-10-1,rG,2026-06-10,False,,0.1875,,True,False,92.0,,2026-09-11,-93.0,EQUITY,Genpact Limited,False,False,False,True,False,False,False,False,False,False,relisted_after_event,1,False
rFXI-2026-06-15-1,rFXI,2026-06-15,True,,0.263439,,True,False,,,2026-06-04,11.0,ETF,iShares China Large-Cap ETF,False,False,False,False,True,False,False,False,False,False,ex_date_after_gap,1,False
rGATX-2026-06-15-1,rGATX,2026-06-15,False,,0.66,,True,False,92.0,,2026-09-11,-88.0,EQUITY,GATX Corporation,False,False,False,True,False,False,False,False,False,False,relisted_after_event,1,False
rGILD-2026-06-15-1,rGILD,2026-06-15,True,,0.82,,True,False,92.0,,2026-06-10,5.0,EQUITY,"Gilead Sciences, Inc.",False,False,False,False,True,False,False,False,False,False,ex_date_after_gap,1,False
rGEV-2026-06-16-1,rGEV,2026-06-16,True,0.5,0.5,1.0,True,False,,,2026-06-02,14.0,EQUITY,GE Vernova Inc.,False,False,False,False,False,False,False,False,False,False,,0,True
rGFS-2026-06-24-1,rGFS,2026-06-24,True,0.12,0.12,1.0,True,False,91.0,,2026-06-11,13.0,EQUITY,GLOBALFOUNDRIES Inc.,False,False,False,False,False,False,False,False,False,False,,0,True
rGD-2026-07-02-1,rGD,2026-07-02,True,,1.59,,True,False,99.0,,2026-06-10,22.0,EQUITY,General Dynamics Corporation,False,False,False,False,False,False,False,False,False,False,,0,True
rGE-2026-07-06-1,rGE,2026-07-06,True,,0.47,,True,False,,,2026-06-10,26.0,EQUITY,GE Aerospace,False,False,False,False,True,False,False,False,False,False,ex_date_after_gap,1,False
rGBCI-2026-07-07-1,rGBCI,2026-07-07,False,,0.33,,True,False,,,2026-09-11,-66.0,EQUITY,"Glacier Bancorp, Inc.",False,False,False,True,False,False,False,False,False,False,relisted_after_event,1,False
rGAP-2026-07-08-1,rGAP,2026-07-08,False,,0.175,,True,False,91.0,,2026-09-11,-65.0,EQUITY,"The Gap, Inc.",False,False,False,True,False,False,False,False,False,False,relisted_after_event,1,False
rGFL-2026-07-13-1,rGFL,2026-07-13,False,,0.0169,,True,False,,,2026-09-07,-56.0,EQUITY,GFL Environmental Inc.,False,False,False,True,False,False,False,False,False,False,relisted_after_event,1,False
rGHC-2026-07-16-1,rGHC,2026-07-16,False,,1.88,,True,False,91.0,,2026-09-11,-57.0,EQUITY,Graham Holdings Company,False,False,False,True,False,False,False,False,False,False,relisted_after_event,1,False
rGGG-2026-07-20-1,rGGG,2026-07-20,False,,0.295,,True,False,91.0,,2026-09-07,-49.0,EQUITY,Graco Inc.,False,False,False,True,False,False,False,False,False,False,relisted_after_event,1,False
rGEHC-2026-07-24-1,rGEHC,2026-07-24,False,,0.035,,True,False,,,2026-07-27,-3.0,EQUITY,GE HealthCare Technologies Inc.,False,False,False,True,False,False,False,False,False,False,relisted_after_event,1,False
rGGAL-2026-08-03-1,rGGAL,2026-08-03,False,,0.048992,,True,False,21.0,,2026-09-11,-39.0,EQUITY,Grupo Financiero Galicia S.A.,False,False,False,True,False,False,False,False,False,False,relisted_after_event,1,False
rGIB-2026-08-14-1,rGIB,2026-08-14,False,,0.120496,,True,False,,,,,EQUITY,CGI Inc.,False,False,False,False,False,False,False,False,True,False,underlying_check_failed,1,False
rGEN-2026-08-17-1,rGEN,2026-08-17,False,,0.125,,True,False,,,2026-09-07,-21.0,EQUITY,Gen Digital Inc.,False,False,False,True,False,False,False,False,False,False,relisted_after_event,1,False
rGIL-2026-08-20-1,rGIL,2026-08-20,False,,0.249,,True,False,,,2026-09-07,-18.0,EQUITY,Gildan Activewear Inc.,False,False,False,True,False,False,False,False,False,False,relisted_after_event,1,False
rGGB-2026-08-21-1,rGGB,2026-08-21,False,,0.037864,,True,False,,,,,EQUITY,Gerdau S.A.,False,False,False,False,False,False,False,False,True,False,underlying_check_failed,1,False
rGGAL-2026-08-24-1,rGGAL,2026-08-24,False,,0.048166,,True,False,21.0,,2026-09-11,-18.0,EQUITY,Grupo Financiero Galicia S.A.,False,False,False,True,False,False,False,False,False,False,relisted_after_event,1,False
rG-2026-09-10-1,rG,2026-09-10,False,,0.1875,,True,False,92.0,,2026-09-11,-1.0,EQUITY,Genpact Limited,False,False,False,True,False,False,False,False,False,False,relisted_after_event,1,False
rGFI-2026-09-11-1,rGFI,2026-09-11,False,,0.811541,,True,False,,,,,EQUITY,Gold Fields Limited,False,False,False,False,False,False,False,False,True,False,underlying_check_failed,1,False
rGATX-2026-09-15-1,rGATX,2026-09-15,True,,0.66,,True,False,92.0,,2026-09-11,4.0,EQUITY,GATX Corporation,False,False,False,False,False,False,False,False,False,False,,0,True
rGILD-2026-09-15-1,rGILD,2026-09-15,True,,0.82,,True,False,92.0,,2026-06-10,97.0,EQUITY,"Gilead Sciences, Inc.",False,False,False,False,False,False,False,False,False,False,,0,True
rGFS-2026-09-23-1,rGFS,2026-09-23,False,,0.12,,True,False,91.0,,2026-06-11,104.0,EQUITY,GLOBALFOUNDRIES Inc.,False,False,False,False,False,False,False,False,True,False,underlying_check_failed,1,False
rGAP-2026-10-07-1,rGAP,2026-10-07,False,,0.175,,True,False,91.0,,,,EQUITY,"The Gap, Inc.",False,False,False,False,False,False,False,False,True,False,underlying_check_failed,1,False
rGD-2026-10-09-1,rGD,2026-10-09,False,,1.59,,True,False,99.0,,,,EQUITY,General Dynamics Corporation,False,False,False,False,False,False,False,False,True,False,underlying_check_failed,1,False
rGHC-2026-10-15-1,rGHC,2026-10-15,False,,1.88,,True,False,91.0,,,,EQUITY,Graham Holdings Company,False,False,False,False,False,False,False,False,True,False,underlying_check_failed,1,False
rGGG-2026-10-19-1,rGGG,2026-10-19,False,,0.295,,True,False,91.0,,,,EQUITY,Graco Inc.,False,False,False,False,False,False,False,False,True,False,underlying_check_failed,1,False
rGLNG-2026-06-01-1,rGLNG,2026-06-01,False,,0.25,,True,False,84.0,,2026-09-11,-102.0,EQUITY,Golar LNG Limited,False,False,False,True,False,False,False,False,False,False,relisted_after_event,1,False
rGS-2026-06-01-1,rGS,2026-06-01,False,,4.5,,True,False,92.0,,2026-06-05,-4.0,EQUITY,"The Goldman Sachs Group, Inc.",False,False,False,True,False,False,False,False,False,False,relisted_after_event,1,False
rGM-2026-06-05-1,rGM,2026-06-05,False,,0.18,,True,False,91.0,,2026-06-11,-6.0,EQUITY,General Motors Company,False,False,False,True,False,False,False,False,False,False,relisted_after_event,1,False
rGOLF-2026-06-05-1,rGOLF,2026-06-05,False,,0.255,,True,False,91.0,,2026-09-11,-98.0,EQUITY,Acushnet Holdings Corp.,False,False,False,True,False,False,False,False,False,False,relisted_after_event,1,False
rGPC-2026-06-05-1,rGPC,2026-06-05,False,,1.0625,,True,False,91.0,,2026-09-07,-94.0,EQUITY,Genuine Parts Company,False,False,False,True,False,False,False,False,False,False,relisted_after_event,1,False
rGOOGL-2026-06-08-1,rGOOGL,2026-06-08,True,,0.22,,True,False,88.0,,2026-06-01,7.0,EQUITY,Alphabet Inc.,False,False,False,False,True,False,False,False,False,False,ex_date_after_gap,1,False
rGLPI-2026-06-12-1,rGLPI,2026-06-12,False,,0.82,,True,False,91.0,,2026-09-01,-81.0,EQUITY,"Gaming and Leisure Properties, Inc.",False,False,False,True,False,False,False,False,False,False,relisted_after_event,1,False
rGPN-2026-06-12-1,rGPN,2026-06-12,False,,0.25,,True,False,91.0,,2026-09-07,-87.0,EQUITY,Global Payments Inc.,False,False,False,True,False,False,False,False,False,False,relisted_after_event,1,False
rGRMN-2026-06-15-1,rGRMN,2026-06-15,False,,1.05,,True,False,88.0,,2026-09-07,-84.0,EQUITY,Garmin Ltd.,False,False,False,True,False,False,False,False,False,False,relisted_after_event,1,False
rGRFS-2026-07-02-1,rGRFS,2026-07-02,False,,0.076511,,True,False,,,,,EQUITY,"Grifols, S.A.",False,False,False,False,False,False,False,False,True,False,underlying_check_failed,1,False
rGL-2026-07-06-1,rGL,2026-07-06,False,,0.33,,True,False,91.0,,2026-09-07,-63.0,EQUITY,Globe Life Inc.,False,False,False,True,False,False,False,False,False,False,relisted_after_event,1,False
rGNTX-2026-07-08-1,rGNTX,2026-07-08,False,,0.12,,True,False,91.0,,2026-09-11,-65.0,EQUITY,Gentex Corporation,False,False,False,True,False,False,False,False,False,False,relisted_after_event,1,False
rGIS-2026-07-10-1,rGIS,2026-07-10,False,,0.61,,True,False,,,2026-09-01,-53.0,EQUITY,"General Mills, Inc.",False,False,False,True,False,False,False,False,False,False,relisted_after_event,1,False
rGLNG-2026-08-24-1,rGLNG,2026-08-24,False,,0.25,,True,False,84.0,,2026-09-11,-18.0,EQUITY,Golar LNG Limited,False,False,False,True,False,False,False,False,False,False,relisted_after_event,1,False
rGLW-2026-08-31-1,rGLW,2026-08-31,True,,0.28,,True,False,,,2026-06-10,82.0,EQUITY,Corning Incorporated,False,False,False,False,True,False,False,False,False,False,ex_date_after_gap,1,False
rGS-2026-09-01-1,rGS,2026-09-01,True,,5.0,,True,False,92.0,,2026-06-05,88.0,EQUITY,"The Goldman Sachs Group, Inc.",False,False,False,False,False,False,False,False,False,False,,0,True
rGM-2026-09-04-1,rGM,2026-09-04,True,,0.18,,True,False,91.0,,2026-06-11,85.0,EQUITY,General Motors Company,False,False,False,False,False,False,False,False,False,False,,0,True
rGOLF-2026-09-04-1,rGOLF,2026-09-04,False,,0.255,,True,False,91.0,,2026-09-11,-7.0,EQUITY,Acushnet Holdings Corp.,False,False,False,True,False,False,False,False,False,False,relisted_after_event,1,False
rGOOGL-2026-09-04-1,rGOOGL,2026-09-04,True,,0.22,,True,False,88.0,,2026-06-01,95.0,EQUITY,Alphabet Inc.,False,False,False,False,False,False,False,False,False,False,,0,True
rGPC-2026-09-04-1,rGPC,2026-09-04,False,,1.0625,,True,False,91.0,,2026-09-07,-3.0,EQUITY,Genuine Parts Company,False,False,False,True,False,False,False,False,False,False,relisted_after_event,1,False
rGLPI-2026-09-11-1,rGLPI,2026-09-11,True,,0.82,,True,False,91.0,,2026-09-01,10.0,EQUITY,"Gaming and Leisure Properties, Inc.",False,False,False,False,False,False,False,False,False,False,,0,True
rGPN-2026-09-11-1,rGPN,2026-09-11,True,,0.25,,True,False,91.0,,2026-09-07,4.0,EQUITY,Global Payments Inc.,False,False,False,False,False,False,False,False,False,False,,0,True
rGRMN-2026-09-11-1,rGRMN,2026-09-11,True,,1.05,,True,False,88.0,,2026-09-07,4.0,EQUITY,Garmin Ltd.,False,False,False,False,False,False,False,False,False,False,,0,True
rGL-2026-10-05-1,rGL,2026-10-05,False,,0.33,,True,False,91.0,,,,EQUITY,Globe Life Inc.,False,False,False,False,False,False,False,False,True,False,underlying_check_failed,1,False
rGNTX-2026-10-07-1,rGNTX,2026-10-07,False,,0.12,,True,False,91.0,,2026-09-11,26.0,EQUITY,Gentex Corporation,False,False,False,False,False,False,False,False,True,False,underlying_check_failed,1,False
rGRMN-2026-12-11-1,rGRMN,2026-12-11,False,,1.05,,True,False,91.0,,,,EQUITY,Garmin Ltd.,False,False,False,False,False,False,False,False,True,False,underlying_check_failed,1,False
rGRMN-2027-03-12-1,rGRMN,2027-03-12,False,,1.05,,True,False,91.0,,,,EQUITY,Garmin Ltd.,False,False,False,False,False,False,False,False,True,False,underlying_check_failed,1,False
rGTX-2026-06-01-1,rGTX,2026-06-01,False,,0.08,,True,False,92.0,,2026-09-11,-102.0,EQUITY,Garrett Motion Inc.,False,False,False,True,False,False,False,False,False,False,relisted_after_event,1,False
rHAS-2026-06-01-1,rHAS,2026-06-01,False,,0.7,,True,False,79.0,,2026-09-07,-98.0,EQUITY,"Hasbro, Inc.",False,False,False,True,False,False,False,False,False,False,relisted_after_event,1,False
rHAL-2026-06-03-1,rHAL,2026-06-03,False,,0.17,,True,False,91.0,,2026-07-24,-51.0,EQUITY,Halliburton Company,False,False,False,True,False,False,False,False,False,False,relisted_after_event,1,False
rHD-2026-06-04-1,rHD,2026-06-04,False,,2.33,,True,False,91.0,,2026-06-10,-6.0,EQUITY,"The Home Depot, Inc.",False,False,False,True,False,False,False,False,False,False,relisted_after_event,1,False
rHBM-2026-06-09-1,rHBM,2026-06-09,False,,0.00736301,,True,False,91.0,,2026-09-07,-90.0,EQUITY,Hudbay Minerals Inc.,False,False,False,True,False,False,False,False,False,False,relisted_after_event,1,False
rHDV-2026-06-15-1,rHDV,2026-06-15,False,,0.185049,,True,False,30.0,,2026-08-17,-63.0,ETF,iShares Core High Dividend ETF,False,False,False,True,False,False,False,False,False,False,relisted_after_event,1,False
rHCA-2026-06-16-1,rHCA,2026-06-16,True,,0.78,,True,False,92.0,,2026-06-10,6.0,EQUITY,"HCA Healthcare, Inc.",False,False,False,False,False,False,False,False,False,False,,0,True
rHBAN-2026-06-17-1,rHBAN,2026-06-17,False,,0.155,,True,False,92.0,,2026-07-24,-37.0,EQUITY,Huntington Bancshares Incorporated,False,False,False,True,False,False,False,False,False,False,relisted_after_event,1,False
rHDB-2026-06-17-1,rHDB,2026-06-17,False,,0.35307,,True,False,51.0,,,,EQUITY,HDFC Bank Limited,False,False,False,False,False,False,False,False,True,False,underlying_check_failed,1,False
rGVA-2026-06-30-1,rGVA,2026-06-30,False,,0.13,,True,False,92.0,,2026-09-11,-73.0,EQUITY,Granite Construction Incorporated,False,False,False,True,False,False,False,False,False,False,relisted_after_event,1,False
rHEI-2026-07-01-1,rHEI,2026-07-01,True,0.13,0.13,1.0,True,False,,,2026-06-11,20.0,EQUITY,HEICO Corporation,False,False,False,False,False,False,False,False,False,False,,0,True
rHASI-2026-07-02-1,rHASI,2026-07-02,False,,0.425,,True,False,92.0,,2026-09-11,-71.0,EQUITY,"HA Sustainable Infrastructure Capital, Inc.",False,False,False,True,False,False,False,False,False,False,relisted_after_event,1,False
rHDV-2026-07-15-1,rHDV,2026-07-15,False,,0.0874,,True,False,30.0,,2026-08-17,-33.0,ETF,iShares Core High Dividend ETF,False,False,False,True,False,False,False,False,False,False,relisted_after_event,1,False
rHESM-2026-08-06-1,rHESM,2026-08-06,False,,0.7888,,True,False,,,2026-09-11,-36.0,EQUITY,Hess Midstream LP,False,False,False,True,False,False,False,False,False,False,relisted_after_event,1,False
rHDB-2026-08-07-1,rHDB,2026-08-07,False,,0.35307,,True,False,51.0,,,,EQUITY,HDFC Bank Limited,False,False,False,False,False,False,False,False,True,False,underlying_check_failed,1,False
rGWW-2026-08-10-1,rGWW,2026-08-10,True,,2.49,,True,False,,,2026-06-11,60.0,EQUITY,"W.W. Grainger, Inc.",False,False,False,False,True,False,False,False,False,False,ex_date_after_gap,1,False
rHCC-2026-08-10-1,rHCC,2026-08-10,False,,0.08,,True,False,,,2026-09-11,-32.0,EQUITY,"Warrior Met Coal, Inc.",False,False,False,True,False,False,False,False,False,False,relisted_after_event,1,False
rGSK-2026-08-14-1,rGSK,2026-08-14,False,,0.44402,,True,False,,,,,EQUITY,GSK plc,False,False,False,False,False,False,False,False,True,False,underlying_check_failed,1,False
rHAS-2026-08-19-1,rHAS,2026-08-19,False,,0.7,,True,False,79.0,,2026-09-07,-19.0,EQUITY,"Hasbro, Inc.",False,False,False,True,False,False,False,False,False,False,relisted_after_event,1,False
rHDV-2026-08-19-1,rHDV,2026-08-19,True,,0.104616,,True,False,28.0,,2026-08-17,2.0,ETF,iShares Core High Dividend ETF,False,False,False,False,False,False,False,False,False,False,,0,True
rH-2026-08-27-1,rH,2026-08-27,True,,0.15,,True,False,,,2026-08-25,2.0,EQUITY,Hyatt Hotels Corporation,False,False,False,False,False,False,False,False,False,False,,0,True
rGTX-2026-09-01-1,rGTX,2026-09-01,False,,0.08,,True,False,92.0,,2026-09-11,-10.0,EQUITY,Garrett Motion Inc.,False,False,False,True,False,False,False,False,False,False,relisted_after_event,1,False
rHAL-2026-09-02-1,rHAL,2026-09-02,True,,0.17,,True,False,91.0,,2026-07-24,40.0,EQUITY,Halliburton Company,False,False,False,False,False,False,False,False,False,False,,0,True
rHD-2026-09-03-1,rHD,2026-09-03,True,,2.33,,True,False,91.0,,2026-06-10,85.0,EQUITY,"The Home Depot, Inc.",False,False,False,False,False,False,False,False,False,False,,0,True
rHBM-2026-09-08-1,rHBM,2026-09-08,False,,0.007088,,True,False,91.0,,2026-09-07,1.0,EQUITY,Hudbay Minerals Inc.,False,False,False,False,False,False,False,False,False,False,,0,False
rHCA-2026-09-16-1,rHCA,2026-09-16,True,,0.78,,True,False,92.0,,2026-06-10,98.0,EQUITY,"HCA Healthcare, Inc.",False,False,False,False,False,False,False,False,False,False,,0,True
rHDV-2026-09-16-1,rHDV,2026-09-16,True,,0.055959,,True,False,28.0,,2026-08-17,30.0,ETF,iShares Core High Dividend ETF,False,False,False,False,False,False,False,False,False,False,,0,True
rHBAN-2026-09-17-1,rHBAN,2026-09-17,True,,0.155,,True,False,92.0,,2026-07-24,55.0,EQUITY,Huntington Bancshares Incorporated,False,False,False,False,False,False,False,False,False,False,,0,True
rGVA-2026-09-30-1,rGVA,2026-09-30,False,,0.13,,True,False,92.0,,,,EQUITY,Granite Construction Incorporated,False,False,False,False,False,False,False,False,True,False,underlying_check_failed,1,False
rHASI-2026-10-02-1,rHASI,2026-10-02,False,,0.425,,True,False,92.0,,,,EQUITY,"HA Sustainable Infrastructure Capital, Inc.",False,False,False,False,False,False,False,False,True,False,underlying_check_failed,1,False
rHIG-2026-06-01-1,rHIG,2026-06-01,False,,0.6,,True,False,92.0,,2026-07-24,-53.0,EQUITY,"The Hartford Insurance Group, Inc.",False,False,False,True,False,False,False,False,False,False,relisted_after_event,1,False
rHLI-2026-06-01-1,rHLI,2026-06-01,False,,0.7,,True,False,92.0,,2026-09-07,-98.0,EQUITY,"Houlihan Lokey, Inc.",False,False,False,True,False,False,False,False,False,False,relisted_after_event,1,False
rHRB-2026-06-03-1,rHRB,2026-06-03,False,,0.42,,True,False,92.0,,2026-09-11,-100.0,EQUITY,"H&R Block, Inc.",False,False,False,True,False,False,False,False,False,False,relisted_after_event,1,False
rHPQ-2026-06-10-1,rHPQ,2026-06-10,False,,0.3,,True,False,91.0,,2026-08-11,-62.0,EQUITY,HP Inc.,False,False,False,True,False,False,False,False,False,False,relisted_after_event,1,False
rHPE-2026-06-16-1,rHPE,2026-06-16,True,0.1425,0.1425,1.0,True,False,93.0,,2026-06-08,8.0,EQUITY,Hewlett Packard Enterprise Company,False,False,False,False,False,False,False,False,False,False,,0,True
rHLNE-2026-06-18-1,rHLNE,2026-06-18,False,,0.6,,True,False,95.0,,2026-09-11,-85.0,EQUITY,Hamilton Lane Incorporated,False,False,False,True,False,False,False,False,False,False,relisted_after_event,1,False
rHON-2026-06-29-1,rHON,2026-06-29,False,,,,False,False,46.0,0.0,,,EQUITY,Honeywell International Inc.,False,False,True,False,False,False,False,False,True,False,noncash_action_30d;underlying_check_failed,2,False
rHON-2026-06-29-2,rHON,2026-06-29,False,,,,False,False,46.0,0.0,,,EQUITY,Honeywell International Inc.,False,False,True,False,False,False,False,False,True,False,noncash_action_30d;underlying_check_failed,2,False
rHIMX-2026-06-30-1,rHIMX,2026-06-30,True,0.242,0.242,1.0,True,False,,,2026-06-08,22.0,EQUITY,"Himax Technologies, Inc.",False,False,False,False,False,False,False,False,True,False,underlying_check_failed,1,False
rHST-2026-06-30-1,rHST,2026-06-30,False,,,,False,True,92.0,,,,EQUITY,"Host Hotels & Resorts, Inc.",False,False,False,False,False,False,False,False,True,False,underlying_check_failed;reality_row_ambiguous,2,False
rHST-2026-06-30-2,rHST,2026-06-30,False,,,,False,True,92.0,,,,EQUITY,"Host Hotels & Resorts, Inc.",False,False,False,False,False,False,False,False,True,False,underlying_check_failed;reality_row_ambiguous,2,False
rHRL-2026-07-13-1,rHRL,2026-07-13,False,,0.2925,,True,False,,,2026-09-07,-56.0,EQUITY,Hormel Foods Corporation,False,False,False,True,False,False,False,False,False,False,relisted_after_event,1,False
rHR-2026-08-11-1,rHR,2026-08-11,False,,0.24,,True,False,,,2026-09-11,-31.0,EQUITY,Healthcare Realty Trust Incorporated,False,False,False,True,False,False,False,False,False,False,relisted_after_event,1,False
rHOMB-2026-08-12-1,rHOMB,2026-08-12,False,,0.23,,True,False,,,2026-09-11,-30.0,EQUITY,"Home BancShares, Inc.",False,False,False,True,False,False,False,False,False,False,relisted_after_event,1,False
rHLN-2026-08-14-1,rHLN,2026-08-14,False,,0.060685,,True,False,,,,,EQUITY,Haleon plc,False,False,False,False,False,False,False,False,True,False,underlying_check_failed,1,False
rHON-2026-08-14-1,rHON,2026-08-14,False,,0.7,,True,False,,46.0,,,EQUITY,Honeywell International Inc.,False,False,False,False,False,False,False,False,True,False,underlying_check_failed,1,False
rHLT-2026-08-21-1,rHLT,2026-08-21,True,,0.15,,True,False,,,2026-06-11,71.0,EQUITY,Hilton Worldwide Holdings Inc.,False,False,False,False,False,False,False,False,False,False,,0,True
rHL-2026-08-26-1,rHL,2026-08-26,False,,0.00375,,True,False,,,2026-09-07,-12.0,EQUITY,Hecla Mining Company,False,False,False,True,False,False,False,False,False,False,relisted_after_event,1,False
rHII-2026-08-28-1,rHII,2026-08-28,False,,1.38,,True,False,,,2026-09-07,-10.0,EQUITY,"Huntington Ingalls Industries, Inc.",False,False,False,True,False,False,False,False,False,False,relisted_after_event,1,False
rHIG-2026-09-01-1,rHIG,2026-09-01,True,,0.6,,True,False,92.0,,2026-07-24,39.0,EQUITY,"The Hartford Insurance Group, Inc.",False,False,False,False,False,False,False,False,False,False,,0,True
rHLI-2026-09-01-1,rHLI,2026-09-01,False,,0.7,,True,False,92.0,,2026-09-07,-6.0,EQUITY,"Houlihan Lokey, Inc.",False,False,False,True,False,False,False,False,False,False,relisted_after_event,1,False
rHRI-2026-09-02-1,rHRI,2026-09-02,False,,0.7,,True,False,,,2026-09-11,-9.0,EQUITY,Herc Holdings Inc.,False,False,False,True,False,False,False,False,False,False,relisted_after_event,1,False
rHRB-2026-09-03-1,rHRB,2026-09-03,False,,0.46,,True,False,92.0,,2026-09-11,-8.0,EQUITY,"H&R Block, Inc.",False,False,False,True,False,False,False,False,False,False,relisted_after_event,1,False
rHPQ-2026-09-09-1,rHPQ,2026-09-09,True,,0.3,,True,False,91.0,,2026-08-11,29.0,EQUITY,HP Inc.,False,False,False,False,False,False,False,False,False,False,,0,True
rHPE-2026-09-17-1,rHPE,2026-09-17,False,,0.1425,,True,False,93.0,,,,EQUITY,Hewlett Packard Enterprise Company,False,False,False,False,False,False,False,False,True,False,underlying_check_failed,1,False
rHLNE-2026-09-21-1,rHLNE,2026-09-21,False,,0.6,,True,False,95.0,,2026-09-11,10.0,EQUITY,Hamilton Lane Incorporated,False,False,False,False,True,False,False,False,True,False,ex_date_after_gap;underlying_check_failed,2,False
rHST-2026-09-30-1,rHST,2026-09-30,False,,0.2,,True,False,92.0,,2026-09-07,23.0,EQUITY,"Host Hotels & Resorts, Inc.",False,False,False,False,False,False,False,False,True,False,underlying_check_failed,1,False
rHYG-2026-06-01-1,rHYG,2026-06-01,False,,0.408967,,True,False,30.0,,2026-06-09,-8.0,ETF,iShares iBoxx $ High Yield Corporate Bond ETF,False,False,False,True,False,False,False,False,False,False,relisted_after_event,1,False
rHYS-2026-06-01-1,rHYS,2026-06-01,False,,0.57,,True,False,30.0,,2026-06-09,-8.0,ETF,PIMCO 0-5 Year High Yield Corporate Bond Index Exchange-Traded Fund,False,False,False,True,False,False,False,False,False,False,relisted_after_event,1,False
rIBKR-2026-06-01-1,rIBKR,2026-06-01,False,,0.0875,,True,False,92.0,,2026-06-10,-9.0,EQUITY,"Interactive Brokers Group, Inc.",False,False,False,True,False,False,False,False,False,False,relisted_after_event,1,False
rICL-2026-06-02-1,rICL,2026-06-02,False,,0.0535,,True,False,92.0,,2026-09-11,-101.0,EQUITY,ICL Group Ltd,False,False,False,True,False,False,False,False,False,False,relisted_after_event,1,False
rHWC-2026-06-05-1,rHWC,2026-06-05,False,,0.5,,True,False,91.0,,2026-09-11,-98.0,EQUITY,Hancock Whitney Corporation,False,False,False,True,False,False,False,False,False,False,relisted_after_event,1,False
rIBB-2026-06-15-1,rIBB,2026-06-15,False,,0.023774,,True,False,92.0,,2026-07-21,-36.0,ETF,iShares Biotechnology ETF,False,False,False,True,False,False,False,False,False,False,relisted_after_event,1,False
rIBP-2026-06-15-1,rIBP,2026-06-15,False,,0.39,,True,False,92.0,,2026-09-11,-88.0,EQUITY,"Installed Building Products, Inc.",False,False,False,True,False,False,False,False,False,False,relisted_after_event,1,False
rICE-2026-06-15-1,rICE,2026-06-15,True,,0.52,,True,False,93.0,,2026-06-11,4.0,EQUITY,"Intercontinental Exchange, Inc.",False,False,False,False,True,False,False,False,False,False,ex_date_after_gap,1,False
rICLN-2026-06-15-1,rICLN,2026-06-15,True,,0.056063,,True,False,,,2026-06-05,10.0,ETF,iShares Global Clean Energy ETF,False,False,False,False,True,False,False,False,False,False,ex_date_after_gap,1,False
rHUM-2026-06-26-1,rHUM,2026-06-26,True,,0.885,,True,False,126.0,,2026-06-11,15.0,EQUITY,Humana Inc.,False,False,False,False,False,False,False,False,False,False,,0,True
rHYG-2026-07-01-1,rHYG,2026-07-01,True,,0.368791,,True,False,30.0,,2026-06-09,22.0,ETF,iShares iBoxx $ High Yield Corporate Bond ETF,False,False,False,False,False,False,False,False,False,False,,0,True
rHYS-2026-07-01-1,rHYS,2026-07-01,True,0.57,0.57,1.0,True,False,30.0,,2026-06-09,22.0,ETF,PIMCO 0-5 Year High Yield Corporate Bond Index Exchange-Traded Fund,False,False,False,False,False,False,False,False,False,False,,0,True
rHYG-2026-08-03-1,rHYG,2026-08-03,True,,0.384289,,True,False,29.0,,2026-06-09,55.0,ETF,iShares iBoxx $ High Yield Corporate Bond ETF,False,False,False,False,True,False,False,False,False,False,ex_date_after_gap,1,False
rHYS-2026-08-03-1,rHYS,2026-08-03,True,,0.55000001,,True,False,29.0,,2026-06-09,55.0,ETF,PIMCO 0-5 Year High Yield Corporate Bond Index Exchange-Traded Fund,False,False,False,False,True,False,False,False,False,False,ex_date_after_gap,1,False
rIDA-2026-08-05-1,rIDA,2026-08-05,False,,0.88,,True,False,,,2026-09-11,-37.0,EQUITY,"IDACORP, Inc.",False,False,False,True,False,False,False,False,False,False,relisted_after_event,1,False
rHWM-2026-08-07-1,rHWM,2026-08-07,True,,0.14,,True,False,,,2026-06-10,58.0,EQUITY,Howmet Aerospace Inc.,False,False,False,False,False,False,False,False,False,False,,0,True
rHXL-2026-08-10-1,rHXL,2026-08-10,False,,0.18,,True,False,,,2026-09-11,-32.0,EQUITY,Hexcel Corporation,False,False,False,True,False,False,False,False,False,False,relisted_after_event,1,False
rIBM-2026-08-10-1,rIBM,2026-08-10,True,,1.69,,True,False,,,2026-06-05,66.0,EQUITY,International Business Machines Corporation,False,False,False,False,True,False,False,False,False,False,ex_date_after_gap,1,False
rHSY-2026-08-14-1,rHSY,2026-08-14,True,,1.452,,True,False,,,2026-07-24,21.0,EQUITY,The Hershey Company,False,False,False,False,False,False,False,False,False,False,,0,True
rIBOC-2026-08-14-1,rIBOC,2026-08-14,False,,0.73,,True,False,,,2026-09-11,-28.0,EQUITY,International Bancshares Corporation,False,False,False,True,False,False,False,False,False,False,relisted_after_event,1,False
rHUBB-2026-08-31-1,rHUBB,2026-08-31,True,,1.42,,True,False,,,2026-08-11,20.0,EQUITY,Hubbell Incorporated,False,False,False,False,True,False,False,False,False,False,ex_date_after_gap,1,False
rHYG-2026-09-01-1,rHYG,2026-09-01,True,,0.435025,,True,False,29.0,,2026-06-09,84.0,ETF,iShares iBoxx $ High Yield Corporate Bond ETF,False,False,False,False,False,False,False,False,False,False,,0,True
rHYS-2026-09-01-1,rHYS,2026-09-01,True,,0.49,,True,False,29.0,,2026-06-09,84.0,ETF,PIMCO 0-5 Year High Yield Corporate Bond Index Exchange-Traded Fund,False,False,False,False,False,False,False,False,False,False,,0,True
rIBKR-2026-09-01-1,rIBKR,2026-09-01,True,,0.0875,,True,False,92.0,,2026-06-10,83.0,EQUITY,"Interactive Brokers Group, Inc.",False,False,False,False,False,False,False,False,False,False,,0,True
rICL-2026-09-02-1,rICL,2026-09-02,False,,0.05811,,True,False,92.0,,2026-09-11,-9.0,EQUITY,ICL Group Ltd,False,False,False,True,False,False,False,False,False,False,relisted_after_event,1,False
rHWC-2026-09-04-1,rHWC,2026-09-04,False,,0.5,,True,False,91.0,,2026-09-11,-7.0,EQUITY,Hancock Whitney Corporation,False,False,False,True,False,False,False,False,False,False,relisted_after_event,1,False
rHTHT-2026-09-08-1,rHTHT,2026-09-08,False,,0.85,,True,False,,,,,EQUITY,H World Group Limited,False,False,False,False,False,False,False,False,True,False,underlying_check_failed,1,False
rIBB-2026-09-15-1,rIBB,2026-09-15,True,,0.011194,,True,False,92.0,,2026-07-21,56.0,ETF,iShares Biotechnology ETF,False,False,False,False,False,False,False,False,False,False,,0,True
rIBP-2026-09-15-1,rIBP,2026-09-15,True,,0.39,,True,False,92.0,,2026-09-11,4.0,EQUITY,"Installed Building Products, Inc.",False,False,False,False,False,False,False,False,False,False,,0,True
rICE-2026-09-16-1,rICE,2026-09-16,True,,0.52,,True,False,91.0,,2026-06-11,97.0,EQUITY,"Intercontinental Exchange, Inc.",False,False,False,False,False,False,False,False,False,False,,0,True
rHUM-2026-10-30-1,rHUM,2026-10-30,False,,0.88499999,,True,False,126.0,,,,EQUITY,Humana Inc.,False,False,False,False,False,False,False,False,True,False,underlying_check_failed,1,False
rICE-2026-12-16-1,rICE,2026-12-16,False,,0.52,,True,False,91.0,,,,EQUITY,"Intercontinental Exchange, Inc.",False,False,False,False,False,False,False,False,True,False,underlying_check_failed,1,False
rIEF-2026-06-01-1,rIEF,2026-06-01,False,,0.317197,,True,False,30.0,,2026-06-09,-8.0,ETF,iShares 7-10 Year Treasury Bond ETF,False,False,False,True,False,False,False,False,False,False,relisted_after_event,1,False
rIMO-2026-06-04-1,rIMO,2026-06-04,False,,0.639711,,True,False,92.0,,,,EQUITY,Imperial Oil Limited,False,False,False,False,False,False,False,False,True,False,underlying_check_failed,1,False
rINFY-2026-06-10-1,rINFY,2026-06-10,False,,0.220291,,True,False,,,,,EQUITY,Infosys Limited,False,False,False,False,False,False,False,False,True,False,underlying_check_failed,1,False
rIEFA-2026-06-15-1,rIEFA,2026-06-15,True,,1.57806,,True,False,,,2026-06-09,6.0,ETF,iShares Core MSCI EAFE ETF,False,False,False,False,True,False,False,False,False,False,ex_date_after_gap,1,False
rIEMG-2026-06-15-1,rIEMG,2026-06-15,True,,0.658439,,True,False,,,2026-06-09,6.0,ETF,iShares Core MSCI Emerging Markets ETF,False,False,False,False,True,False,False,False,False,False,ex_date_after_gap,1,False
rIGV-2026-06-15-1,rIGV,2026-06-15,True,,0.016832,,True,False,,,2026-06-09,6.0,ETF,iShares Expanded Tech-Software Sector ETF,False,False,False,False,True,False,False,False,False,False,ex_date_after_gap,1,False
rIJH-2026-06-15-1,rIJH,2026-06-15,True,,0.189461,,True,False,92.0,,2026-06-09,6.0,ETF,iShares Core S&P Mid-Cap ETF,False,False,False,False,True,False,False,False,False,False,ex_date_after_gap,1,False
rIFF-2026-06-18-1,rIFF,2026-06-18,False,,0.4,,True,False,92.0,,2026-09-07,-81.0,EQUITY,International Flavors & Fragrances Inc.,False,False,False,True,False,False,False,False,False,False,relisted_after_event,1,False
rINCE-2026-06-30-1,rINCE,2026-06-30,True,,0.25,,True,False,31.0,,2026-06-09,21.0,ETF,Franklin Income Equity Focus ETF,False,False,False,False,False,False,False,False,False,False,,0,True
rIEF-2026-07-01-1,rIEF,2026-07-01,True,,0.311059,,True,False,30.0,,2026-06-09,22.0,ETF,iShares 7-10 Year Treasury Bond ETF,False,False,False,False,False,False,False,False,False,False,,0,True
rINGR-2026-07-01-1,rINGR,2026-07-01,False,,0.82,,True,False,,,2026-09-11,-72.0,EQUITY,Ingredion Incorporated,False,False,False,True,False,False,False,False,False,False,relisted_after_event,1,False
rIEX-2026-07-06-1,rIEX,2026-07-06,False,,0.73,,True,False,88.0,,2026-09-07,-63.0,EQUITY,IDEX Corporation,False,False,False,True,False,False,False,False,False,False,relisted_after_event,1,False
rIDCC-2026-07-08-1,rIDCC,2026-07-08,False,,0.7,,True,False,98.0,,2026-09-11,-65.0,EQUITY,"InterDigital, Inc.",False,False,False,True,False,False,False,False,False,False,relisted_after_event,1,False
rINCE-2026-07-31-1,rINCE,2026-07-31,True,,0.3,,True,False,31.0,,2026-06-09,52.0,ETF,Franklin Income Equity Focus ETF,False,False,False,False,False,False,False,False,False,False,,0,True
rIEF-2026-08-03-1,rIEF,2026-08-03,True,,0.31754899,,True,False,29.0,,2026-06-09,55.0,ETF,iShares 7-10 Year Treasury Bond ETF,False,False,False,False,True,False,False,False,False,False,ex_date_after_gap,1,False
rINGM-2026-08-11-1,rINGM,2026-08-11,False,,0.086,,True,False,,,2026-09-11,-31.0,EQUITY,Ingram Micro Holding Corporation,False,False,False,True,False,False,False,False,False,False,relisted_after_event,1,False
rIEP-2026-08-17-1,rIEP,2026-08-17,False,,0.5,,True,False,,,2026-09-11,-25.0,EQUITY,Icahn Enterprises L.P.,False,False,False,True,False,False,False,False,False,False,relisted_after_event,1,False
rIHG-2026-08-21-1,rIHG,2026-08-21,False,,0.625,,True,False,,,,,EQUITY,InterContinental Hotels Group PLC,False,False,False,False,False,False,False,False,True,False,underlying_check_failed,1,False
rIESC-2026-08-24-1,rIESC,2026-08-24,False,,,,False,False,,0.0,,,,,False,False,True,False,False,False,False,False,True,False,noncash_action_30d;underlying_check_failed,2,False
rINCE-2026-08-31-1,rINCE,2026-08-31,True,,0.30000001,,True,False,31.0,,2026-06-09,83.0,ETF,Franklin Income Equity Focus ETF,False,False,False,False,True,False,False,False,False,False,ex_date_after_gap,1,False
rIEF-2026-09-01-1,rIEF,2026-09-01,True,,0.332044,,True,False,29.0,,2026-06-09,84.0,ETF,iShares 7-10 Year Treasury Bond ETF,False,False,False,False,False,False,False,False,False,False,,0,True
rIMO-2026-09-04-1,rIMO,2026-09-04,False,,0.619962,,True,False,92.0,,,,EQUITY,Imperial Oil Limited,False,False,False,False,False,False,False,False,True,False,underlying_check_failed,1,False
rIJH-2026-09-15-1,rIJH,2026-09-15,True,,0.225857,,True,False,92.0,,2026-06-09,98.0,ETF,iShares Core S&P Mid-Cap ETF,False,False,False,False,False,False,False,False,False,False,,0,True
rIFF-2026-09-18-1,rIFF,2026-09-18,True,,0.4,,True,False,92.0,,2026-09-07,11.0,EQUITY,International Flavors & Fragrances Inc.,False,False,False,False,False,False,False,False,False,False,,0,True
rIEX-2026-10-02-1,rIEX,2026-10-02,False,,0.73,,True,False,88.0,,,,EQUITY,IDEX Corporation,False,False,False,False,False,False,False,False,True,False,underlying_check_failed,1,False
rIDCC-2026-10-14-1,rIDCC,2026-10-14,False,,0.75,,True,False,98.0,,2026-09-11,33.0,EQUITY,"InterDigital, Inc.",False,False,False,False,False,False,False,False,True,False,underlying_check_failed,1,False
rITT-2026-06-08-1,rITT,2026-06-08,False,,0.386,,True,False,92.0,,2026-09-07,-91.0,EQUITY,ITT Inc.,False,False,False,True,False,False,False,False,False,False,relisted_after_event,1,False
rINSW-2026-06-12-1,rINSW,2026-06-12,False,,,,False,True,90.0,,,,EQUITY,"International Seaways, Inc.",False,False,False,False,False,False,False,False,True,False,underlying_check_failed;reality_row_ambiguous,2,False
rINSW-2026-06-12-2,rINSW,2026-06-12,False,,,,False,True,90.0,,,,EQUITY,"International Seaways, Inc.",False,False,False,False,False,False,False,False,True,False,underlying_check_failed;reality_row_ambiguous,2,False
rIRDM-2026-06-15-1,rIRDM,2026-06-15,False,,0.15,,True,False,92.0,,2026-09-11,-88.0,EQUITY,Iridium Communications Inc.,False,False,False,True,False,False,False,False,False,False,relisted_after_event,1,False
rIRM-2026-06-15-1,rIRM,2026-06-15,False,,0.864,,True,False,92.0,,2026-09-07,-84.0,EQUITY,Iron Mountain Incorporated,False,False,False,True,False,False,False,False,False,False,relisted_after_event,1,False
rITA-2026-06-15-1,rITA,2026-06-15,True,,0.16358,,True,False,92.0,,2026-06-09,6.0,ETF,iShares U.S. Aerospace & Defense ETF,False,False,False,False,True,False,False,False,False,False,ex_date_after_gap,1,False
rITOT-2026-06-15-1,rITOT,2026-06-15,True,,0.419307,,True,False,92.0,,2026-06-09,6.0,ETF,iShares Core S&P Total U.S. Stock Market ETF,False,False,False,False,True,False,False,False,False,False,ex_date_after_gap,1,False
rIVV-2026-06-15-1,rIVV,2026-06-15,True,,1.995653,,True,False,92.0,,2026-06-09,6.0,ETF,iShares Core S&P 500 ETF,False,False,False,False,True,False,False,False,False,False,ex_date_after_gap,1,False
rIWF-2026-06-15-1,rIWF,2026-06-15,True,,0.106776,,True,False,92.0,,2026-06-09,6.0,ETF,iShares Russell 1000 Growth ETF,False,False,False,False,True,False,False,False,False,False,ex_date_after_gap,1,False
rIWM-2026-06-15-1,rIWM,2026-06-15,True,,0.695129,,True,False,92.0,,2026-06-09,6.0,ETF,iShares Russell 2000 ETF,False,False,False,False,True,False,False,False,False,False,ex_date_after_gap,1,False
rINVH-2026-06-25-1,rINVH,2026-06-25,False,,0.3,,True,False,91.0,,2026-09-07,-74.0,EQUITY,Invitation Homes Inc.,False,False,False,True,False,False,False,False,False,False,relisted_after_event,1,False
rITW-2026-06-30-1,rITW,2026-06-30,True,,1.61,,True,False,92.0,,2026-06-11,19.0,EQUITY,Illinois Tool Works Inc.,False,False,False,False,False,False,False,False,False,False,,0,True
rINTU-2026-07-09-1,rINTU,2026-07-09,True,1.2,1.2,1.0,True,False,91.0,,2026-06-04,35.0,EQUITY,Intuit Inc.,False,False,False,False,False,False,False,False,False,False,,0,True
rIR-2026-08-13-1,rIR,2026-08-13,True,,0.02,,True,False,,,2026-08-04,9.0,EQUITY,Ingersoll Rand Inc.,False,False,False,False,False,False,False,False,False,False,,0,True
rIP-2026-08-14-1,rIP,2026-08-14,False,,0.4625,,True,False,,,2026-09-07,-24.0,EQUITY,International Paper Company,False,False,False,True,False,False,False,False,False,False,relisted_after_event,1,False
rIVZ-2026-08-14-1,rIVZ,2026-08-14,False,,0.215,,True,False,,,2026-09-07,-24.0,EQUITY,Invesco Ltd.,False,False,False,True,False,False,False,False,False,False,relisted_after_event,1,False
rITT-2026-09-08-1,rITT,2026-09-08,False,,0.386,,True,False,92.0,,2026-09-07,1.0,EQUITY,ITT Inc.,False,False,False,False,False,False,False,False,False,False,,0,False
rINSW-2026-09-10-1,rINSW,2026-09-10,False,,5.05,,True,False,90.0,,2026-09-11,-1.0,EQUITY,"International Seaways, Inc.",False,False,False,True,False,False,False,False,False,False,relisted_after_event,1,False
rIRDM-2026-09-15-1,rIRDM,2026-09-15,True,,0.15,,True,False,92.0,,2026-09-11,4.0,EQUITY,Iridium Communications Inc.,False,False,False,False,False,False,False,False,False,False,,0,True
rIRM-2026-09-15-1,rIRM,2026-09-15,True,,0.864,,True,False,92.0,,2026-09-07,8.0,EQUITY,Iron Mountain Incorporated,False,False,False,False,False,False,False,False,False,False,,0,True
rITA-2026-09-15-1,rITA,2026-09-15,True,,0.25052,,True,False,92.0,,2026-06-09,98.0,ETF,iShares U.S. Aerospace & Defense ETF,False,False,False,False,False,False,False,False,False,False,,0,True
rITOT-2026-09-15-1,rITOT,2026-09-15,True,,0.452669,,True,False,92.0,,2026-06-09,98.0,ETF,iShares Core S&P Total U.S. Stock Market ETF,False,False,False,False,False,False,False,False,False,False,,0,True
rIVV-2026-09-15-1,rIVV,2026-09-15,True,,2.202607,,True,False,92.0,,2026-06-09,98.0,ETF,iShares Core S&P 500 ETF,False,False,False,False,False,False,False,False,False,False,,0,True
rIWF-2026-09-15-1,rIWF,2026-09-15,True,,0.108935,,True,False,92.0,,2026-06-09,98.0,ETF,iShares Russell 1000 Growth ETF,False,False,False,False,False,False,False,False,False,False,,0,True
rIWM-2026-09-15-1,rIWM,2026-09-15,True,,0.750436,,True,False,92.0,,2026-06-09,98.0,ETF,iShares Russell 2000 ETF,False,False,False,False,False,False,False,False,False,False,,0,True
rINVH-2026-09-24-1,rINVH,2026-09-24,False,,0.3,,True,False,91.0,,,,EQUITY,Invitation Homes Inc.,False,False,False,False,False,False,False,False,True,False,underlying_check_failed,1,False
rITW-2026-09-30-1,rITW,2026-09-30,False,,1.72,,True,False,92.0,,,,EQUITY,Illinois Tool Works Inc.,False,False,False,False,False,False,False,False,True,False,underlying_check_failed,1,False
rINTU-2026-10-08-1,rINTU,2026-10-08,False,,1.38,,True,False,91.0,,2026-06-04,126.0,EQUITY,Intuit Inc.,False,False,False,False,False,False,False,False,True,False,underlying_check_failed,1,False
rJEPI-2026-06-01-1,rJEPI,2026-06-01,False,,0.38921,,True,False,30.0,,2026-08-17,-77.0,ETF,JPMorgan Equity Premium Income ETF,False,False,False,True,False,False,False,False,False,False,relisted_after_event,1,False
rJEPQ-2026-06-01-1,rJEPQ,2026-06-01,False,,0.56444,,True,False,30.0,,2026-07-14,-43.0,ETF,JPMorgan Nasdaq Equity Premium Income ETF,False,False,False,True,False,False,False,False,False,False,relisted_after_event,1,False
rJKHY-2026-06-01-1,rJKHY,2026-06-01,False,,0.61,,True,False,95.0,,2026-09-07,-98.0,EQUITY,"Jack Henry & Associates, Inc.",False,False,False,True,False,False,False,False,False,False,relisted_after_event,1,False
rJXN-2026-06-11-1,rJXN,2026-06-11,False,,0.9,,True,False,96.0,,2026-09-11,-92.0,EQUITY,Jackson Financial Inc.,False,False,False,True,False,False,False,False,False,False,relisted_after_event,1,False
rJAN-2026-06-12-1,rJAN,2026-06-12,False,,0.1599,,True,False,35.0,,2026-09-11,-91.0,EQUITY,"Janus Living, Inc.",False,False,False,True,False,False,False,False,False,False,relisted_after_event,1,False
rIWN-2026-06-15-1,rIWN,2026-06-15,True,,0.785041,,True,False,92.0,,2026-06-09,6.0,ETF,iShares Russell 2000 Value ETF,False,False,False,False,True,False,False,False,False,False,ex_date_after_gap,1,False
rJCI-2026-06-15-1,rJCI,2026-06-15,True,,0.4,,True,False,98.0,,2026-06-10,5.0,EQUITY,Johnson Controls International plc,False,False,False,False,True,False,False,False,False,False,ex_date_after_gap,1,False
rJAAA-2026-06-30-1,rJAAA,2026-06-30,True,,0.200351,,True,False,31.0,,2026-06-09,21.0,ETF,Janus Henderson AAA CLO ETF,False,False,False,False,False,False,False,False,False,False,,0,True
rJEPI-2026-07-01-1,rJEPI,2026-07-01,False,,0.38716,,True,False,30.0,,2026-08-17,-47.0,ETF,JPMorgan Equity Premium Income ETF,False,False,False,True,False,False,False,False,False,False,relisted_after_event,1,False
rJEPQ-2026-07-01-1,rJEPQ,2026-07-01,False,,0.63658,,True,False,30.0,,2026-07-14,-13.0,ETF,JPMorgan Nasdaq Equity Premium Income ETF,False,False,False,True,False,False,False,False,False,False,relisted_after_event,1,False
rJPM-2026-07-06-1,rJPM,2026-07-06,True,,1.5,,True,False,92.0,,2026-06-02,34.0,EQUITY,JPMorgan Chase & Co.,False,False,False,False,True,False,False,False,False,False,ex_date_after_gap,1,False
rJAN-2026-07-17-1,rJAN,2026-07-17,False,,0.0475,,True,False,28.0,,2026-09-11,-56.0,EQUITY,"Janus Living, Inc.",False,False,False,True,False,False,False,False,False,False,relisted_after_event,1,False
rJAAA-2026-07-31-1,rJAAA,2026-07-31,True,,0.199366,,True,False,31.0,,2026-06-09,52.0,ETF,Janus Henderson AAA CLO ETF,False,False,False,False,False,False,False,False,False,False,,0,True
rJEPI-2026-08-03-1,rJEPI,2026-08-03,False,,0.36664,,True,False,29.0,,2026-08-17,-14.0,ETF,JPMorgan Equity Premium Income ETF,False,False,False,True,False,False,False,False,False,False,relisted_after_event,1,False
rJEPQ-2026-08-03-1,rJEPQ,2026-08-03,True,,0.70497,,True,False,29.0,,2026-07-14,20.0,ETF,JPMorgan Nasdaq Equity Premium Income ETF,False,False,False,False,True,False,False,False,False,False,ex_date_after_gap,1,False
rKB-2026-08-06-1,rKB,2026-08-06,False,,0.81140899,,True,False,,,,,EQUITY,KB Financial Group Inc.,False,False,False,False,False,False,False,False,True,False,underlying_check_failed,1,False
rJBHT-2026-08-07-1,rJBHT,2026-08-07,True,,0.45,,True,False,,,2026-08-04,3.0,EQUITY,"J.B. Hunt Transport Services, Inc.",False,False,False,False,False,False,False,False,False,False,,0,True
rJAN-2026-08-14-1,rJAN,2026-08-14,False,,0.0475,,True,False,28.0,,2026-09-11,-28.0,EQUITY,"Janus Living, Inc.",False,False,False,True,False,False,False,False,False,False,relisted_after_event,1,False
rJBL-2026-08-14-1,rJBL,2026-08-14,True,,0.08,,True,False,,,2026-07-14,31.0,EQUITY,Jabil Inc.,False,False,False,False,False,False,False,False,False,False,,0,True
rJBTM-2026-08-17-1,rJBTM,2026-08-17,False,,0.1,,True,False,,,2026-09-11,-25.0,EQUITY,JBT Marel Corporation,False,False,False,True,False,False,False,False,False,False,relisted_after_event,1,False
rJEF-2026-08-18-1,rJEF,2026-08-18,False,,0.4,,True,False,,,2026-09-07,-20.0,EQUITY,Jefferies Financial Group Inc.,False,False,False,True,False,False,False,False,False,False,relisted_after_event,1,False
rJ-2026-08-21-1,rJ,2026-08-21,False,,0.36,,True,False,,,2026-09-07,-17.0,EQUITY,Jacobs Solutions Inc.,False,False,False,True,False,False,False,False,False,False,relisted_after_event,1,False
rJNJ-2026-08-25-1,rJNJ,2026-08-25,True,,1.34,,True,False,,,2026-06-05,81.0,EQUITY,Johnson & Johnson,False,False,False,False,False,False,False,False,False,False,,0,True
rJAAA-2026-08-31-1,rJAAA,2026-08-31,True,,0.207666,,True,False,31.0,,2026-06-09,83.0,ETF,Janus Henderson AAA CLO ETF,False,False,False,False,True,False,False,False,False,False,ex_date_after_gap,1,False
rJEPI-2026-09-01-1,rJEPI,2026-09-01,True,,0.37142,,True,False,29.0,,2026-08-17,15.0,ETF,JPMorgan Equity Premium Income ETF,False,False,False,False,False,False,False,False,False,False,,0,True
rJEPQ-2026-09-01-1,rJEPQ,2026-09-01,True,,0.68255,,True,False,29.0,,2026-07-14,49.0,ETF,JPMorgan Nasdaq Equity Premium Income ETF,False,False,False,False,False,False,False,False,False,False,,0,True
rJKHY-2026-09-04-1,rJKHY,2026-09-04,False,,0.61,,True,False,95.0,,2026-09-07,-3.0,EQUITY,"Jack Henry & Associates, Inc.",False,False,False,True,False,False,False,False,False,False,relisted_after_event,1,False
rJAN-2026-09-11-1,rJAN,2026-09-11,False,,0.0475,,True,False,28.0,,2026-09-11,0.0,EQUITY,"Janus Living, Inc.",False,False,False,False,False,False,False,False,False,False,,0,False
rIWN-2026-09-15-1,rIWN,2026-09-15,True,,0.884556,,True,False,92.0,,2026-06-09,98.0,ETF,iShares Russell 2000 Value ETF,False,False,False,False,False,False,False,False,False,False,,0,True
rJXN-2026-09-15-1,rJXN,2026-09-15,True,,0.9,,True,False,96.0,,2026-09-11,4.0,EQUITY,Jackson Financial Inc.,False,False,False,False,False,False,False,False,False,False,,0,True
rJCI-2026-09-21-1,rJCI,2026-09-21,False,,0.4,,True,False,98.0,,,,EQUITY,Johnson Controls International plc,False,False,False,False,False,False,False,False,True,False,underlying_check_failed,1,False
rJPM-2026-10-06-1,rJPM,2026-10-06,False,,1.65,,True,False,92.0,,,,EQUITY,JPMorgan Chase & Co.,False,False,False,False,False,False,False,False,True,False,underlying_check_failed,1,False
rJAN-2026-10-16-1,rJAN,2026-10-16,False,,0.0475,,True,False,27.0,,,,EQUITY,"Janus Living, Inc.",False,False,False,False,False,False,False,False,True,False,underlying_check_failed,1,False
rJAN-2026-11-12-1,rJAN,2026-11-12,False,,0.0475,,True,False,27.0,,,,EQUITY,"Janus Living, Inc.",False,False,False,False,False,False,False,False,True,False,underlying_check_failed,1,False
rJAN-2026-12-18-1,rJAN,2026-12-18,False,,0.0475,,True,False,36.0,,,,EQUITY,"Janus Living, Inc.",False,False,False,False,False,False,False,False,True,False,underlying_check_failed,1,False
rKEY-2026-06-02-1,rKEY,2026-06-02,False,,0.205,,True,False,91.0,,2026-08-11,-70.0,EQUITY,KeyCorp,False,False,False,True,False,False,False,False,False,False,relisted_after_event,1,False
rKHC-2026-06-05-1,rKHC,2026-06-05,False,,0.4,,True,False,91.0,,2026-08-04,-60.0,EQUITY,The Kraft Heinz Company,False,False,False,True,False,False,False,False,False,False,relisted_after_event,1,False
rKIM-2026-06-05-1,rKIM,2026-06-05,False,,0.26,,True,False,91.0,,2026-09-07,-94.0,EQUITY,Kimco Realty Corporation,False,False,False,True,False,False,False,False,False,False,relisted_after_event,1,False
rKMB-2026-06-05-1,rKMB,2026-06-05,False,,1.28,,True,False,91.0,,2026-07-27,-52.0,EQUITY,Kimberly-Clark Corporation,False,False,False,True,False,False,False,False,False,False,relisted_after_event,1,False
rKNX-2026-06-08-1,rKNX,2026-06-08,False,,0.2,,True,False,88.0,,2026-09-07,-91.0,EQUITY,Knight-Swift Transportation Holdings Inc.,False,False,False,True,False,False,False,False,False,False,relisted_after_event,1,False
rKLAC-2026-06-12-1,rKLAC,2026-06-12,False,,,,False,False,66.0,0.0,,,EQUITY,KLA Corporation,False,False,True,False,False,False,False,False,True,False,noncash_action_30d;underlying_check_failed,2,False
rKBR-2026-06-15-1,rKBR,2026-06-15,False,,0.165,,True,False,92.0,,2026-09-11,-88.0,EQUITY,"KBR, Inc.",False,False,False,True,False,False,False,False,False,False,relisted_after_event,1,False
rKO-2026-06-15-1,rKO,2026-06-15,True,0.53,0.53,1.0,True,False,92.0,,2026-06-08,7.0,EQUITY,The Coca-Cola Company,False,False,False,False,True,False,False,False,False,False,ex_date_after_gap,1,False
rKLIC-2026-06-18-1,rKLIC,2026-06-18,False,,0.205,,True,False,91.0,,2026-09-11,-85.0,EQUITY,"Kulicke and Soffa Industries, Inc.",False,False,False,True,False,False,False,False,False,False,relisted_after_event,1,False
rKDP-2026-06-26-1,rKDP,2026-06-26,True,,0.23,,True,False,,,2026-06-11,15.0,EQUITY,Keurig Dr Pepper Inc.,False,False,False,False,False,False,False,False,False,False,,0,True
rKOF-2026-07-13-1,rKOF,2026-07-13,False,,0.997282,,True,False,,,,,EQUITY,"Coca-Cola FEMSA, S.A.B. de C.V.",False,False,False,False,False,False,False,False,True,False,underlying_check_failed,1,False
rKNTK-2026-07-24-1,rKNTK,2026-07-24,False,,0.81,,True,False,,,2026-09-11,-49.0,EQUITY,Kinetik Holdings Inc.,False,False,False,True,False,False,False,False,False,False,relisted_after_event,1,False
rKMI-2026-08-03-1,rKMI,2026-08-03,True,,0.2975,,True,False,,,2026-06-11,53.0,EQUITY,"Kinder Morgan, Inc.",False,False,False,False,True,False,False,False,False,False,ex_date_after_gap,1,False
rKKR-2026-08-10-1,rKKR,2026-08-10,True,,0.195,,True,False,,,2026-06-10,61.0,EQUITY,KKR & Co. Inc.,False,False,False,False,True,False,False,False,False,False,ex_date_after_gap,1,False
rKR-2026-08-14-1,rKR,2026-08-14,True,,0.39,,True,False,,,2026-07-14,31.0,EQUITY,The Kroger Co.,False,False,False,False,False,False,False,False,False,False,,0,True
rKGS-2026-08-17-1,rKGS,2026-08-17,False,,0.49,,True,False,,,2026-09-11,-25.0,EQUITY,"Kodiak Gas Services, Inc.",False,False,False,True,False,False,False,False,False,False,relisted_after_event,1,False
rKLAC-2026-08-17-1,rKLAC,2026-08-17,True,,0.23,,True,False,,66.0,2026-07-07,41.0,EQUITY,KLA Corporation,False,False,False,False,True,False,False,False,False,False,ex_date_after_gap,1,False
rKGC-2026-08-20-1,rKGC,2026-08-20,True,,0.04,,True,False,,,2026-07-27,24.0,EQUITY,Kinross Gold Corporation,False,False,False,False,False,False,False,False,False,False,,0,True
rKNSL-2026-08-28-1,rKNSL,2026-08-28,False,,0.25,,True,False,,,2026-09-11,-14.0,EQUITY,"Kinsale Capital Group, Inc.",False,False,False,True,False,False,False,False,False,False,relisted_after_event,1,False
rKEY-2026-09-01-1,rKEY,2026-09-01,True,,0.205,,True,False,91.0,,2026-08-11,21.0,EQUITY,KeyCorp,False,False,False,False,False,False,False,False,False,False,,0,True
rKHC-2026-09-04-1,rKHC,2026-09-04,True,,0.4,,True,False,91.0,,2026-08-04,31.0,EQUITY,The Kraft Heinz Company,False,False,False,False,False,False,False,False,False,False,,0,True
rKIM-2026-09-04-1,rKIM,2026-09-04,False,,0.28,,True,False,91.0,,2026-09-07,-3.0,EQUITY,Kimco Realty Corporation,False,False,False,True,False,False,False,False,False,False,relisted_after_event,1,False
rKMB-2026-09-04-1,rKMB,2026-09-04,True,,1.28,,True,False,91.0,,2026-07-27,39.0,EQUITY,Kimberly-Clark Corporation,False,False,False,False,False,False,False,False,False,False,,0,True
rKNX-2026-09-04-1,rKNX,2026-09-04,False,,0.2,,True,False,88.0,,2026-09-07,-3.0,EQUITY,Knight-Swift Transportation Holdings Inc.,False,False,False,True,False,False,False,False,False,False,relisted_after_event,1,False
rKBR-2026-09-15-1,rKBR,2026-09-15,True,,0.165,,True,False,92.0,,2026-09-11,4.0,EQUITY,"KBR, Inc.",False,False,False,False,False,False,False,False,False,False,,0,True
rKO-2026-09-15-1,rKO,2026-09-15,True,,0.53,,True,False,92.0,,2026-06-08,99.0,EQUITY,The Coca-Cola Company,False,False,False,False,False,False,False,False,False,False,,0,True
rKLIC-2026-09-17-1,rKLIC,2026-09-17,True,,0.205,,True,False,91.0,,2026-09-11,6.0,EQUITY,"Kulicke and Soffa Industries, Inc.",False,False,False,False,False,False,False,False,False,False,,0,True
rLB-2026-06-04-1,rLB,2026-06-04,False,,0.12,,True,False,84.0,,2026-09-11,-99.0,EQUITY,LandBridge Company LLC,False,False,False,True,False,False,False,False,False,False,relisted_after_event,1,False
rKTB-2026-06-08-1,rKTB,2026-06-08,False,,0.53,,True,False,92.0,,2026-09-11,-95.0,EQUITY,"Kontoor Brands, Inc.",False,False,False,True,False,False,False,False,False,False,relisted_after_event,1,False
rKSS-2026-06-10-1,rKSS,2026-06-10,False,,0.125,,True,False,91.0,,2026-09-11,-93.0,EQUITY,Kohl's Corporation,False,False,False,True,False,False,False,False,False,False,relisted_after_event,1,False
rKSPI-2026-06-12-1,rKSPI,2026-06-12,False,,1.79775,,True,False,90.0,,2026-09-07,-87.0,EQUITY,Joint Stock Company Kaspi.kz,False,False,False,True,False,False,False,False,False,False,relisted_after_event,1,False
rLDOS-2026-06-15-1,rLDOS,2026-06-15,False,,0.43,,True,False,92.0,,2026-09-07,-84.0,EQUITY,"Leidos Holdings, Inc.",False,False,False,True,False,False,False,False,False,False,relisted_after_event,1,False
rLAMR-2026-06-16-1,rLAMR,2026-06-16,False,,1.6,,True,False,97.0,,2026-09-07,-83.0,EQUITY,Lamar Advertising Company,False,False,False,True,False,False,False,False,False,False,relisted_after_event,1,False
rLABD-2026-06-23-1,rLABD,2026-06-23,True,0.07523,0.07523,1.0,True,False,,,2026-06-05,18.0,ETF,Direxion Daily S&P Biotech Bear 3X Shares,False,False,False,False,False,False,False,False,False,True,leveraged_name_hint,1,False
rKRC-2026-06-30-1,rKRC,2026-06-30,False,,0.54,,True,False,92.0,,2026-09-11,-73.0,EQUITY,Kilroy Realty Corporation,False,False,False,True,False,False,False,False,False,False,relisted_after_event,1,False
rKRG-2026-07-09-1,rKRG,2026-07-09,False,,0.29,,True,False,92.0,,2026-09-11,-64.0,EQUITY,Kite Realty Group Trust,False,False,False,True,False,False,False,False,False,False,relisted_after_event,1,False
rKT-2026-07-29-1,rKT,2026-07-29,False,,0.17339601,,True,False,,,,,EQUITY,KT Corporation,False,False,False,False,False,False,False,False,True,False,underlying_check_failed,1,False
rLAD-2026-08-07-1,rLAD,2026-08-07,False,,0.7,,True,False,,,2026-09-11,-35.0,EQUITY,"Lithia Motors, Inc.",False,False,False,True,False,False,False,False,False,False,relisted_after_event,1,False
rKVUE-2026-08-12-1,rKVUE,2026-08-12,True,,0.21,,True,False,40.0,,2026-07-24,19.0,EQUITY,Kenvue Inc.,False,False,False,False,False,False,False,False,False,False,,0,True
rL-2026-08-19-1,rL,2026-08-19,False,,0.0625,,True,False,,,2026-09-07,-19.0,EQUITY,Loews Corporation,False,False,False,True,False,False,False,False,False,False,relisted_after_event,1,False
rLB-2026-08-27-1,rLB,2026-08-27,False,,0.12,,True,False,84.0,,2026-09-11,-15.0,EQUITY,LandBridge Company LLC,False,False,False,True,False,False,False,False,False,False,relisted_after_event,1,False
rKTB-2026-09-08-1,rKTB,2026-09-08,False,,0.53,,True,False,92.0,,2026-09-11,-3.0,EQUITY,"Kontoor Brands, Inc.",False,False,False,True,False,False,False,False,False,False,relisted_after_event,1,False
rKSS-2026-09-09-1,rKSS,2026-09-09,False,,0.125,,True,False,91.0,,2026-09-11,-2.0,EQUITY,Kohl's Corporation,False,False,False,True,False,False,False,False,False,False,relisted_after_event,1,False
rKSPI-2026-09-10-1,rKSPI,2026-09-10,False,,2.099,,True,False,90.0,,,,EQUITY,Joint Stock Company Kaspi.kz,False,False,False,False,False,False,False,False,True,False,underlying_check_failed,1,False
rLDOS-2026-09-15-1,rLDOS,2026-09-15,True,,0.43,,True,False,92.0,,2026-09-07,8.0,EQUITY,"Leidos Holdings, Inc.",False,False,False,False,False,False,False,False,False,False,,0,True
rKVUE-2026-09-21-1,rKVUE,2026-09-21,False,,0.21,,True,False,40.0,,,,EQUITY,Kenvue Inc.,False,False,False,False,False,False,False,False,True,False,underlying_check_failed,1,False
rLAMR-2026-09-21-1,rLAMR,2026-09-21,False,,1.65,,True,False,97.0,,2026-09-07,14.0,EQUITY,Lamar Advertising Company,False,False,False,False,True,False,False,False,True,False,ex_date_after_gap;underlying_check_failed,2,False
rKRC-2026-09-30-1,rKRC,2026-09-30,False,,0.54,,True,False,92.0,,,,EQUITY,Kilroy Realty Corporation,False,False,False,False,False,False,False,False,True,False,underlying_check_failed,1,False
rKRG-2026-10-09-1,rKRG,2026-10-09,False,,0.29,,True,False,92.0,,,,EQUITY,Kite Realty Group Trust,False,False,False,False,False,False,False,False,True,False,underlying_check_failed,1,False
rLMT-2026-06-01-1,rLMT,2026-06-01,False,,3.45,,True,False,92.0,,2026-06-08,-7.0,EQUITY,Lockheed Martin Corporation,False,False,False,True,False,False,False,False,False,False,relisted_after_event,1,False
rLEA-2026-06-03-1,rLEA,2026-06-03,False,,0.77,,True,False,91.0,,2026-09-11,-100.0,EQUITY,Lear Corporation,False,False,False,True,False,False,False,False,False,False,relisted_after_event,1,False
rLIN-2026-06-04-1,rLIN,2026-06-04,False,,1.6,,True,False,91.0,,2026-06-10,-6.0,EQUITY,Linde plc,False,False,False,True,False,False,False,False,False,False,relisted_after_event,1,False
rLHX-2026-06-05-1,rLHX,2026-06-05,False,,1.25,,True,False,91.0,,2026-06-11,-6.0,EQUITY,"L3Harris Technologies, Inc.",False,False,False,True,False,False,False,False,False,False,relisted_after_event,1,False
rLIT-2026-06-29-1,rLIT,2026-06-29,True,0.324862,0.324862,1.0,True,False,,,2026-06-05,24.0,ETF,Global X Lithium & Battery Tech ETF,False,False,False,False,True,False,False,False,False,False,ex_date_after_gap,1,False
rLECO-2026-06-30-1,rLECO,2026-06-30,False,,0.79,,True,False,92.0,,2026-09-07,-69.0,EQUITY,"Lincoln Electric Holdings, Inc.",False,False,False,True,False,False,False,False,False,False,relisted_after_event,1,False
rLII-2026-06-30-1,rLII,2026-06-30,False,,1.36,,True,False,,,2026-09-07,-69.0,EQUITY,Lennox International Inc.,False,False,False,True,False,False,False,False,False,False,relisted_after_event,1,False
rLEN-2026-07-10-1,rLEN,2026-07-10,False,,0.5,,True,False,,,2026-08-11,-32.0,EQUITY,Lennar Corporation,False,False,False,True,False,False,False,False,False,False,relisted_after_event,1,False
rLNC-2026-07-10-1,rLNC,2026-07-10,False,,0.45,,True,False,91.0,,2026-09-11,-63.0,EQUITY,Lincoln National Corporation,False,False,False,True,False,False,False,False,False,False,relisted_after_event,1,False
rLEVI-2026-07-22-1,rLEVI,2026-07-22,False,,0.16,,True,False,,,2026-09-07,-47.0,EQUITY,Levi Strauss & Co.,False,False,False,True,False,False,False,False,False,False,relisted_after_event,1,False
rLNG-2026-08-10-1,rLNG,2026-08-10,True,,0.555,,True,False,,,2026-06-11,60.0,EQUITY,"Cheniere Energy, Inc.",False,False,False,False,True,False,False,False,False,False,ex_date_after_gap,1,False
rLLY-2026-08-14-1,rLLY,2026-08-14,True,,1.73,,True,False,,,2026-06-02,73.0,EQUITY,Eli Lilly and Company,False,False,False,False,False,False,False,False,False,False,,0,True
rLFUS-2026-08-20-1,rLFUS,2026-08-20,False,,0.8,,True,False,,,2026-09-07,-18.0,EQUITY,"Littelfuse, Inc.",False,False,False,True,False,False,False,False,False,False,relisted_after_event,1,False
rLKQ-2026-08-20-1,rLKQ,2026-08-20,False,,0.3,,True,False,,,2026-09-11,-22.0,EQUITY,LKQ Corporation,False,False,False,True,False,False,False,False,False,False,relisted_after_event,1,False
rLH-2026-08-28-1,rLH,2026-08-28,False,,0.72,,True,False,,,2026-09-07,-10.0,EQUITY,Labcorp Holdings Inc.,False,False,False,True,False,False,False,False,False,False,relisted_after_event,1,False
rLMT-2026-09-01-1,rLMT,2026-09-01,True,,3.45,,True,False,92.0,,2026-06-08,85.0,EQUITY,Lockheed Martin Corporation,False,False,False,False,False,False,False,False,False,False,,0,True
rLEA-2026-09-02-1,rLEA,2026-09-02,False,,0.77,,True,False,91.0,,2026-09-11,-9.0,EQUITY,Lear Corporation,False,False,False,True,False,False,False,False,False,False,relisted_after_event,1,False
rLIN-2026-09-03-1,rLIN,2026-09-03,True,,1.6,,True,False,91.0,,2026-06-10,85.0,EQUITY,Linde plc,False,False,False,False,False,False,False,False,False,False,,0,True
rLHX-2026-09-04-1,rLHX,2026-09-04,True,,1.25,,True,False,91.0,,2026-06-11,85.0,EQUITY,"L3Harris Technologies, Inc.",False,False,False,False,False,False,False,False,False,False,,0,True
rLECO-2026-09-30-1,rLECO,2026-09-30,False,,0.79,,True,False,92.0,,2026-09-07,23.0,EQUITY,"Lincoln Electric Holdings, Inc.",False,False,False,False,False,False,False,False,True,False,underlying_check_failed,1,False
rLNC-2026-10-09-1,rLNC,2026-10-09,False,,0.45,,True,False,91.0,,,,EQUITY,Lincoln National Corporation,False,False,False,False,False,False,False,False,True,False,underlying_check_failed,1,False
rLYB-2026-06-01-1,rLYB,2026-06-01,False,,0.69,,True,False,84.0,,2026-08-17,-77.0,EQUITY,LyondellBasell Industries N.V.,False,False,False,True,False,False,False,False,False,False,relisted_after_event,1,False
rLUV-2026-06-11-1,rLUV,2026-06-11,False,,0.18,,True,False,84.0,,2026-08-17,-67.0,EQUITY,Southwest Airlines Co.,False,False,False,True,False,False,False,False,False,False,relisted_after_event,1,False
rLRCX-2026-06-17-1,rLRCX,2026-06-17,True,0.26,0.26,1.0,True,False,98.0,,2026-06-02,15.0,EQUITY,Lam Research Corporation,False,False,False,False,False,False,False,False,False,False,,0,True
rLOW-2026-07-22-1,rLOW,2026-07-22,True,,1.25,,True,False,91.0,,2026-06-10,42.0,EQUITY,"Lowe's Companies, Inc.",False,False,False,False,False,False,False,False,False,False,,0,True
rLNT-2026-07-31-1,rLNT,2026-07-31,False,,0.535,,True,False,,,2026-08-25,-25.0,EQUITY,Alliant Energy Corporation,False,False,False,True,False,False,False,False,False,False,relisted_after_event,1,False
rLVS-2026-08-04-1,rLVS,2026-08-04,False,,0.3,,True,False,,,2026-09-07,-34.0,EQUITY,Las Vegas Sands Corp.,False,False,False,True,False,False,False,False,False,False,relisted_after_event,1,False
rLW-2026-08-07-1,rLW,2026-08-07,False,,0.38,,True,False,,,2026-09-11,-35.0,EQUITY,"Lamb Weston Holdings, Inc.",False,False,False,True,False,False,False,False,False,False,relisted_after_event,1,False
rLPLA-2026-08-14-1,rLPLA,2026-08-14,True,,0.3,,True,False,,,2026-08-11,3.0,EQUITY,LPL Financial Holdings Inc.,False,False,False,False,False,False,False,False,False,False,,0,True
rLPX-2026-08-14-1,rLPX,2026-08-14,False,,0.3,,True,False,,,2026-09-11,-28.0,EQUITY,Louisiana-Pacific Corporation,False,False,False,True,False,False,False,False,False,False,relisted_after_event,1,False
rLSTR-2026-08-18-1,rLSTR,2026-08-18,False,,0.44,,True,False,,,2026-09-11,-24.0,EQUITY,"Landstar System, Inc.",False,False,False,True,False,False,False,False,False,False,relisted_after_event,1,False
rLYB-2026-08-24-1,rLYB,2026-08-24,True,,0.69,,True,False,84.0,,2026-08-17,7.0,EQUITY,LyondellBasell Industries N.V.,False,False,False,False,True,False,False,False,False,False,ex_date_after_gap,1,False
rLUV-2026-09-03-1,rLUV,2026-09-03,True,,0.18,,True,False,84.0,,2026-08-17,17.0,EQUITY,Southwest Airlines Co.,False,False,False,False,False,False,False,False,False,False,,0,True
rLOGI-2026-09-21-1,rLOGI,2026-09-21,False,,1.0985468,,True,False,1.0,,,,EQUITY,Logitech International S.A.,False,True,False,False,False,False,False,False,True,False,adjacent_cash_event;underlying_check_failed,2,False
rLOGI-2026-09-22-1,rLOGI,2026-09-22,False,,1.36,,True,False,1.0,,,,EQUITY,Logitech International S.A.,False,True,False,False,False,False,False,False,True,False,adjacent_cash_event;underlying_check_failed,2,False
rLRCX-2026-09-23-1,rLRCX,2026-09-23,False,,0.33,,True,False,98.0,,2026-06-02,113.0,EQUITY,Lam Research Corporation,False,False,False,False,False,False,False,False,True,False,underlying_check_failed,1,False
rLOW-2026-10-21-1,rLOW,2026-10-21,False,,1.25,,True,False,91.0,,,,EQUITY,"Lowe's Companies, Inc.",False,False,False,False,False,False,False,False,True,False,underlying_check_failed,1,False
rMCK-2026-06-01-1,rMCK,2026-06-01,False,,0.82,,True,False,92.0,,2026-06-10,-9.0,EQUITY,McKesson Corporation,False,False,False,True,False,False,False,False,False,False,relisted_after_event,1,False
rMCD-2026-06-02-1,rMCD,2026-06-02,False,,1.86,,True,False,91.0,,2026-06-08,-6.0,EQUITY,McDonald's Corporation,False,False,False,True,False,False,False,False,False,False,relisted_after_event,1,False
rMAIN-2026-06-08-1,rMAIN,2026-06-08,False,,0.26,,True,False,14.0,,2026-09-01,-85.0,EQUITY,Main Street Capital Corporation,False,False,False,True,False,False,False,False,False,False,relisted_after_event,1,False
rMCY-2026-06-11-1,rMCY,2026-06-11,False,,0.3175,,True,False,91.0,,2026-09-11,-92.0,EQUITY,Mercury General Corporation,False,False,False,True,False,False,False,False,False,False,relisted_after_event,1,False
rM-2026-06-15-1,rM,2026-06-15,False,,0.1915,,True,False,92.0,,2026-09-11,-88.0,EQUITY,"Macy's, Inc.",False,False,False,True,False,False,False,False,False,False,relisted_after_event,1,False
rMAC-2026-06-15-1,rMAC,2026-06-15,False,,0.17,,True,False,91.0,,2026-09-11,-88.0,EQUITY,The Macerich Company,False,False,False,True,False,False,False,False,False,False,relisted_after_event,1,False
rMAIN-2026-06-22-1,rMAIN,2026-06-22,False,,0.3,,True,False,14.0,,2026-09-01,-71.0,EQUITY,Main Street Capital Corporation,False,False,False,True,False,False,False,False,False,False,relisted_after_event,1,False
rMAIN-2026-07-08-1,rMAIN,2026-07-08,False,,0.265,,True,False,16.0,,2026-09-01,-55.0,EQUITY,Main Street Capital Corporation,False,False,False,True,False,False,False,False,False,False,relisted_after_event,1,False
rMA-2026-07-09-1,rMA,2026-07-09,True,,0.87,,True,False,,,2026-06-04,35.0,EQUITY,Mastercard Incorporated,False,False,False,False,False,False,False,False,False,False,,0,True
rMAA-2026-07-15-1,rMAA,2026-07-15,False,,1.53,,True,False,,,2026-09-07,-54.0,EQUITY,"Mid-America Apartment Communities, Inc.",False,False,False,True,False,False,False,False,False,False,relisted_after_event,1,False
rMATX-2026-08-06-1,rMATX,2026-08-06,False,,0.38,,True,False,,,2026-09-11,-36.0,EQUITY,"Matson, Inc.",False,False,False,True,False,False,False,False,False,False,relisted_after_event,1,False
rMAIN-2026-08-07-1,rMAIN,2026-08-07,False,,0.265,,True,False,30.0,,2026-09-01,-25.0,EQUITY,Main Street Capital Corporation,False,False,False,True,False,False,False,False,False,False,relisted_after_event,1,False
rMC-2026-08-10-1,rMC,2026-08-10,False,,0.65,,True,False,,,2026-09-11,-32.0,EQUITY,Moelis & Company,False,False,False,True,False,False,False,False,False,False,relisted_after_event,1,False
rMCO-2026-08-14-1,rMCO,2026-08-14,True,,1.03,,True,False,,,2026-06-11,64.0,EQUITY,Moody's Corporation,False,False,False,False,False,False,False,False,False,False,,0,True
rMAR-2026-08-20-1,rMAR,2026-08-20,True,,0.73,,True,False,,,2026-06-10,71.0,EQUITY,"Marriott International, Inc.",False,False,False,False,False,False,False,False,False,False,,0,True
rMAS-2026-08-24-1,rMAS,2026-08-24,False,,0.32,,True,False,,,2026-09-07,-14.0,EQUITY,Masco Corporation,False,False,False,True,False,False,False,False,False,False,relisted_after_event,1,False
rMCHP-2026-08-24-1,rMCHP,2026-08-24,True,,0.455,,True,False,,,2026-06-11,74.0,EQUITY,Microchip Technology Incorporated,False,False,False,False,True,False,False,False,False,False,ex_date_after_gap,1,False
rMBGL-2026-08-27-1,rMBGL,2026-08-27,False,,0.06,,True,False,,,2026-09-11,-15.0,EQUITY,"Mobility Global, Inc.",False,False,False,True,False,False,False,False,False,False,relisted_after_event,1,False
rMCD-2026-09-01-1,rMCD,2026-09-01,True,,1.86,,True,False,91.0,,2026-06-08,85.0,EQUITY,McDonald's Corporation,False,False,False,False,False,False,False,False,False,False,,0,True
rMCK-2026-09-01-1,rMCK,2026-09-01,True,,0.94,,True,False,92.0,,2026-06-10,83.0,EQUITY,McKesson Corporation,False,False,False,False,False,False,False,False,False,False,,0,True
rMAIN-2026-09-08-1,rMAIN,2026-09-08,True,,0.265,,True,False,13.0,,2026-09-01,7.0,EQUITY,Main Street Capital Corporation,False,False,False,False,True,False,False,False,False,False,ex_date_after_gap,1,False
rMCY-2026-09-10-1,rMCY,2026-09-10,False,,0.3175,,True,False,91.0,,2026-09-11,-1.0,EQUITY,Mercury General Corporation,False,False,False,True,False,False,False,False,False,False,relisted_after_event,1,False
rMAC-2026-09-14-1,rMAC,2026-09-14,True,,0.17,,True,False,91.0,,2026-09-11,3.0,EQUITY,The Macerich Company,False,False,False,False,True,False,False,False,False,False,ex_date_after_gap,1,False
rM-2026-09-15-1,rM,2026-09-15,True,,0.1915,,True,False,92.0,,2026-09-11,4.0,EQUITY,"Macy's, Inc.",False,False,False,False,False,False,False,False,False,False,,0,True
rMAIN-2026-09-21-1,rMAIN,2026-09-21,False,,0.3,,True,False,13.0,,,,EQUITY,Main Street Capital Corporation,False,False,False,False,False,False,False,False,True,False,underlying_check_failed,1,False
rMAIN-2026-10-08-1,rMAIN,2026-10-08,False,,0.265,,True,False,17.0,,,,EQUITY,Main Street Capital Corporation,False,False,False,False,False,False,False,False,True,False,underlying_check_failed,1,False
rMAIN-2026-11-06-1,rMAIN,2026-11-06,False,,0.265,,True,False,29.0,,,,EQUITY,Main Street Capital Corporation,False,False,False,False,False,False,False,False,True,False,underlying_check_failed,1,False
rMAIN-2026-12-08-1,rMAIN,2026-12-08,False,,0.265,,True,False,32.0,,,,EQUITY,Main Street Capital Corporation,False,False,False,False,False,False,False,False,True,False,underlying_check_failed,1,False
rMLM-2026-06-01-1,rMLM,2026-06-01,False,,0.83,,True,False,92.0,,2026-07-24,-53.0,EQUITY,"Martin Marietta Materials, Inc.",False,False,False,True,False,False,False,False,False,False,relisted_after_event,1,False
rMKSI-2026-06-03-1,rMKSI,2026-06-03,False,,0.25,,True,False,83.0,,2026-08-17,-75.0,EQUITY,MKS Inc.,False,False,False,True,False,False,False,False,False,False,relisted_after_event,1,False
rMLI-2026-06-05-1,rMLI,2026-06-05,False,,0.35,,True,False,91.0,26.0,,,EQUITY,"Mueller Industries, Inc.",False,False,True,False,False,False,False,False,True,False,noncash_action_30d;underlying_check_failed,2,False
rMDU-2026-06-11-1,rMDU,2026-06-11,False,,0.14,,True,False,91.0,,2026-09-11,-92.0,EQUITY,"MDU Resources Group, Inc.",False,False,False,True,False,False,False,False,False,False,relisted_after_event,1,False
rMETA-2026-06-15-1,rMETA,2026-06-15,True,,0.525,,True,False,98.0,,2026-06-01,14.0,EQUITY,"Meta Platforms, Inc.",False,False,False,False,True,False,False,False,False,False,ex_date_after_gap,1,False
rMDT-2026-06-26-1,rMDT,2026-06-26,True,0.54,0.72,0.7500000000000001,True,False,91.0,,2026-06-10,16.0,EQUITY,Medtronic plc,True,False,False,False,False,False,False,False,False,False,gross_basis_conflict,1,False
rMDLZ-2026-06-30-1,rMDLZ,2026-06-30,True,,0.5,,True,False,92.0,,2026-06-10,20.0,EQUITY,"Mondelez International, Inc.",False,False,False,False,False,False,False,False,False,False,,0,True
rMLI-2026-07-01-1,rMLI,2026-07-01,False,,,,False,False,26.0,0.0,,,EQUITY,"Mueller Industries, Inc.",False,False,True,False,False,False,False,False,True,False,noncash_action_30d;underlying_check_failed,2,False
rMKC-2026-07-06-1,rMKC,2026-07-06,False,,0.48,,True,False,,,2026-09-07,-63.0,EQUITY,"McCormick & Company, Incorporated",False,False,False,True,False,False,False,False,False,False,relisted_after_event,1,False
rMIDD-2026-07-07-1,rMIDD,2026-07-07,False,,,,False,False,,0.0,,,,,False,False,True,False,False,False,False,False,True,False,noncash_action_30d;underlying_check_failed,2,False
rMET-2026-08-04-1,rMET,2026-08-04,False,,0.5925,,True,False,,,2026-09-07,-34.0,EQUITY,"MetLife, Inc.",False,False,False,True,False,False,False,False,False,False,relisted_after_event,1,False
rMGY-2026-08-10-1,rMGY,2026-08-10,False,,0.18,,True,False,,,2026-09-11,-32.0,EQUITY,Magnolia Oil & Gas Corporation,False,False,False,True,False,False,False,False,False,False,relisted_after_event,1,False
rMGA-2026-08-14-1,rMGA,2026-08-14,False,,0.495,,True,False,,,2026-09-07,-24.0,EQUITY,Magna International Inc.,False,False,False,True,False,False,False,False,False,False,relisted_after_event,1,False
rMFC-2026-08-21-1,rMFC,2026-08-21,False,,0.3461445,,True,False,,,,,EQUITY,Manulife Financial Corporation,False,False,False,False,False,False,False,False,True,False,underlying_check_failed,1,False
rMMM-2026-08-24-1,rMMM,2026-08-24,True,,0.78,,True,False,,,2026-06-10,75.0,EQUITY,3M Company,False,False,False,False,True,False,False,False,False,False,ex_date_after_gap,1,False
rMKSI-2026-08-25-1,rMKSI,2026-08-25,True,,0.25,,True,False,83.0,,2026-08-17,8.0,EQUITY,MKS Inc.,False,False,False,False,False,False,False,False,False,False,,0,True
rMLM-2026-09-01-1,rMLM,2026-09-01,True,,0.84,,True,False,92.0,,2026-07-24,39.0,EQUITY,"Martin Marietta Materials, Inc.",False,False,False,False,False,False,False,False,False,False,,0,True
rMLI-2026-09-04-1,rMLI,2026-09-04,False,,0.175,,True,False,91.0,65.0,2026-09-07,-3.0,EQUITY,"Mueller Industries, Inc.",False,False,False,True,False,False,False,False,False,False,relisted_after_event,1,False
rMDU-2026-09-10-1,rMDU,2026-09-10,False,,0.145,,True,False,91.0,,2026-09-11,-1.0,EQUITY,"MDU Resources Group, Inc.",False,False,False,True,False,False,False,False,False,False,relisted_after_event,1,False
rMETA-2026-09-21-1,rMETA,2026-09-21,True,,0.525,,True,False,98.0,,2026-06-01,112.0,EQUITY,"Meta Platforms, Inc.",False,False,False,False,True,False,False,False,True,False,ex_date_after_gap;underlying_check_failed,2,False
rMDT-2026-09-25-1,rMDT,2026-09-25,False,,0.72,,True,False,91.0,,,,EQUITY,Medtronic plc,False,False,False,False,False,False,False,False,True,False,underlying_check_failed,1,False
rMDLZ-2026-09-30-1,rMDLZ,2026-09-30,False,,0.52,,True,False,92.0,,2026-06-10,112.0,EQUITY,"Mondelez International, Inc.",False,False,False,False,False,False,False,False,True,False,underlying_check_failed,1,False
rMO-2026-06-15-1,rMO,2026-06-15,True,1.06,1.06,1.0,True,False,92.0,,2026-06-10,5.0,EQUITY,"Altria Group, Inc.",False,False,False,False,True,False,False,False,False,False,ex_date_after_gap,1,False
rMRK-2026-06-15-1,rMRK,2026-06-15,True,,0.85,,True,False,92.0,,2026-06-10,5.0,EQUITY,"Merck & Co., Inc.",False,False,False,False,True,False,False,False,False,False,ex_date_after_gap,1,False
rMSI-2026-06-17-1,rMSI,2026-06-17,True,,1.21,,True,False,91.0,,2026-06-11,6.0,EQUITY,"Motorola Solutions, Inc.",False,False,False,False,False,False,False,False,False,False,,0,True
rMPWR-2026-06-30-1,rMPWR,2026-06-30,True,2.0,2.0,1.0,True,False,92.0,,2026-06-11,19.0,EQUITY,"Monolithic Power Systems, Inc.",False,False,False,False,False,False,False,False,False,False,,0,True
rMRP-2026-07-06-1,rMRP,2026-07-06,False,,0.77,,True,False,,,2026-09-11,-67.0,EQUITY,"Millrose Properties, Inc.",False,False,False,True,False,False,False,False,False,False,relisted_after_event,1,False
rMSM-2026-07-08-1,rMSM,2026-07-08,False,,0.87,,True,False,,,2026-09-11,-65.0,EQUITY,"MSC Industrial Direct Co., Inc.",False,False,False,True,False,False,False,False,False,False,relisted_after_event,1,False
rMORN-2026-07-10-1,rMORN,2026-07-10,False,,0.5,,True,False,84.0,,2026-09-11,-63.0,EQUITY,"Morningstar, Inc.",False,False,False,True,False,False,False,False,False,False,relisted_after_event,1,False
rMRVL-2026-07-10-1,rMRVL,2026-07-10,True,,0.06,,True,False,,,2026-06-02,38.0,EQUITY,"Marvell Technology, Inc.",False,False,False,False,False,False,False,False,False,False,,0,True
rMRSH-2026-07-23-1,rMRSH,2026-07-23,True,,0.99,,True,False,,,2026-06-11,42.0,EQUITY,"Marsh & McLennan Companies, Inc.",False,False,False,False,False,False,False,False,False,False,,0,True
rMS-2026-07-31-1,rMS,2026-07-31,True,,1.15,,True,False,,,2026-06-10,51.0,EQUITY,Morgan Stanley,False,False,False,False,False,False,False,False,False,False,,0,True
rMPLX-2026-08-07-1,rMPLX,2026-08-07,False,,1.0765,,True,False,,,2026-09-01,-25.0,EQUITY,MPLX LP,False,False,False,True,False,False,False,False,False,False,relisted_after_event,1,False
rMNST-2026-08-11-1,rMNST,2026-08-11,False,,,,False,False,,0.0,,,,,False,False,True,False,False,False,False,False,True,False,noncash_action_30d;underlying_check_failed,2,False
rMSA-2026-08-14-1,rMSA,2026-08-14,False,,0.54,,True,False,,,2026-09-11,-28.0,EQUITY,MSA Safety Incorporated,False,False,False,True,False,False,False,False,False,False,relisted_after_event,1,False
rMSCI-2026-08-14-1,rMSCI,2026-08-14,True,,2.05,,True,False,,,2026-06-11,64.0,EQUITY,MSCI Inc.,False,False,False,False,False,False,False,False,False,False,,0,True
rMPC-2026-08-19-1,rMPC,2026-08-19,True,,1.0,,True,False,,,2026-06-11,69.0,EQUITY,Marathon Petroleum Corporation,False,False,False,False,False,False,False,False,False,False,,0,True
rMSFT-2026-08-20-1,rMSFT,2026-08-20,True,,0.91,,True,False,91.0,,2026-06-01,80.0,EQUITY,Microsoft Corporation,False,False,False,False,False,False,False,False,False,False,,0,True
rMRX-2026-08-24-1,rMRX,2026-08-24,False,,0.16,,True,False,,,2026-09-11,-18.0,EQUITY,Marex Group Limited,False,False,False,True,False,False,False,False,False,False,relisted_after_event,1,False
rMOS-2026-09-10-1,rMOS,2026-09-10,False,,0.22,,True,False,,,2026-09-11,-1.0,EQUITY,The Mosaic Company,False,False,False,True,False,False,False,False,False,False,relisted_after_event,1,False
rMO-2026-09-15-1,rMO,2026-09-15,True,,1.11,,True,False,92.0,,2026-06-10,97.0,EQUITY,"Altria Group, Inc.",False,False,False,False,False,False,False,False,False,False,,0,True
rMRK-2026-09-15-1,rMRK,2026-09-15,True,,0.85,,True,False,92.0,,2026-06-10,97.0,EQUITY,"Merck & Co., Inc.",False,False,False,False,False,False,False,False,False,False,,0,True
rMSI-2026-09-16-1,rMSI,2026-09-16,True,,1.21,,True,False,91.0,,2026-06-11,97.0,EQUITY,"Motorola Solutions, Inc.",False,False,False,False,False,False,False,False,False,False,,0,True
rMPWR-2026-09-30-1,rMPWR,2026-09-30,False,,2.0,,True,False,92.0,,2026-06-11,111.0,EQUITY,"Monolithic Power Systems, Inc.",False,False,False,False,False,False,False,False,True,False,underlying_check_failed,1,False
rMORN-2026-10-02-1,rMORN,2026-10-02,False,,0.5,,True,False,84.0,,,,EQUITY,"Morningstar, Inc.",False,False,False,False,False,False,False,False,True,False,underlying_check_failed,1,False
rMSFT-2026-11-19-1,rMSFT,2026-11-19,False,,0.98,,True,False,91.0,,2026-06-01,171.0,EQUITY,Microsoft Corporation,False,False,False,False,False,False,False,False,True,False,underlying_check_failed,1,False
rMTB-2026-06-01-1,rMTB,2026-06-01,False,,1.5,,True,False,92.0,,2026-07-27,-56.0,EQUITY,M&T Bank Corporation,False,False,False,True,False,False,False,False,False,False,relisted_after_event,1,False
rMTH-2026-06-16-1,rMTH,2026-06-16,False,,0.48,,True,False,91.0,,2026-09-11,-87.0,EQUITY,Meritage Homes Corporation,False,False,False,True,False,False,False,False,False,False,relisted_after_event,1,False
rMTN-2026-06-25-1,rMTN,2026-06-25,False,,2.22,,True,False,,,2026-09-11,-78.0,EQUITY,"Vail Resorts, Inc.",False,False,False,True,False,False,False,False,False,False,relisted_after_event,1,False
rMVLL-2026-06-26-1,rMVLL,2026-06-26,False,,,,False,False,,0.0,,,,,False,False,True,False,False,False,False,False,True,False,noncash_action_30d;underlying_check_failed,2,False
rMU-2026-07-06-1,rMU,2026-07-06,True,0.15,0.15,1.0,True,False,,,2026-06-01,35.0,EQUITY,"Micron Technology, Inc.",False,False,False,False,True,False,False,False,False,False,ex_date_after_gap,1,False
rMTCH-2026-07-07-1,rMTCH,2026-07-07,False,,0.2,,True,False,90.0,,2026-09-07,-62.0,EQUITY,"Match Group, Inc.",False,False,False,True,False,False,False,False,False,False,relisted_after_event,1,False
rMTG-2026-08-05-1,rMTG,2026-08-05,False,,0.17,,True,False,,,2026-09-11,-37.0,EQUITY,MGIC Investment Corporation,False,False,False,True,False,False,False,False,False,False,relisted_after_event,1,False
rMT-2026-08-07-1,rMT,2026-08-07,False,,0.1275,,True,False,98.0,,,,EQUITY,ArcelorMittal S.A.,False,False,False,False,False,False,False,False,True,False,underlying_check_failed,1,False
rMTDR-2026-08-10-1,rMTDR,2026-08-10,False,,0.375,,True,False,,,2026-09-11,-32.0,EQUITY,Matador Resources Company,False,False,False,True,False,False,False,False,False,False,relisted_after_event,1,False
rMUR-2026-08-17-1,rMUR,2026-08-17,False,,0.35,,True,False,,,2026-09-11,-25.0,EQUITY,Murphy Oil Corporation,False,False,False,True,False,False,False,False,False,False,relisted_after_event,1,False
rMTRN-2026-08-20-1,rMTRN,2026-08-20,False,,0.145,,True,False,,,2026-09-11,-22.0,EQUITY,Materion Corporation,False,False,False,True,False,False,False,False,False,False,relisted_after_event,1,False
rMSTU-2026-08-24-1,rMSTU,2026-08-24,False,,,,False,False,1.0,0.0,,,ETF,T-Rex 2X Long MSTR Daily Target ETF,False,True,True,False,False,False,False,False,True,True,adjacent_cash_event;noncash_action_30d;underlying_check_failed;leveraged_name_hint,4,False
rMUSA-2026-08-24-1,rMUSA,2026-08-24,False,,0.65,,True,False,,,2026-09-07,-14.0,EQUITY,Murphy USA Inc.,False,False,False,True,False,False,False,False,False,False,relisted_after_event,1,False
rMSTU-2026-08-25-1,rMSTU,2026-08-25,False,,0.28805,,True,False,,1.0,2026-08-25,0.0,ETF,T-Rex 2X Long MSTR Daily Target ETF,False,False,True,False,False,False,False,False,False,True,noncash_action_30d;leveraged_name_hint,2,False
rMTB-2026-09-01-1,rMTB,2026-09-01,True,,1.5,,True,False,92.0,,2026-07-27,36.0,EQUITY,M&T Bank Corporation,False,False,False,False,False,False,False,False,False,False,,0,True
rMTH-2026-09-15-1,rMTH,2026-09-15,True,,0.48,,True,False,91.0,,2026-09-11,4.0,EQUITY,Meritage Homes Corporation,False,False,False,False,False,False,False,False,False,False,,0,True
rMTCH-2026-10-05-1,rMTCH,2026-10-05,False,,0.2,,True,False,90.0,,2026-09-07,28.0,EQUITY,"Match Group, Inc.",False,False,False,False,False,False,False,False,True,False,underlying_check_failed,1,False
rMT-2026-11-13-1,rMT,2026-11-13,False,,0.15,,True,False,98.0,,,,EQUITY,ArcelorMittal S.A.,False,False,False,False,False,False,False,False,True,False,underlying_check_failed,1,False
rNKE-2026-06-01-1,rNKE,2026-06-01,False,,0.41,,True,False,92.0,,2026-06-10,-9.0,EQUITY,"NIKE, Inc.",False,False,False,True,False,False,False,False,False,False,relisted_after_event,1,False
rNNI-2026-06-01-1,rNNI,2026-06-01,False,,0.33,,True,False,92.0,,2026-09-11,-102.0,EQUITY,"Nelnet, Inc.",False,False,False,True,False,False,False,False,False,False,relisted_after_event,1,False
rNOC-2026-06-01-1,rNOC,2026-06-01,False,,2.47,,True,False,91.0,,2026-06-09,-8.0,EQUITY,Northrop Grumman Corporation,False,False,False,True,False,False,False,False,False,False,relisted_after_event,1,False
rNOV-2026-06-01-1,rNOV,2026-06-01,False,,0.09,,True,False,11.0,,2026-09-11,-102.0,EQUITY,NOV Inc.,False,False,False,True,False,False,False,False,False,False,relisted_after_event,1,False
rNE-2026-06-04-1,rNE,2026-06-04,False,,0.5,,True,False,91.0,,2026-09-11,-99.0,EQUITY,Noble Corporation plc,False,False,False,True,False,False,False,False,False,False,relisted_after_event,1,False
rNEE-2026-06-05-1,rNEE,2026-06-05,True,,0.6232,,True,False,84.0,,2026-06-02,3.0,EQUITY,"NextEra Energy, Inc.",False,False,False,False,False,False,False,False,False,False,,0,True
rNJR-2026-06-10-1,rNJR,2026-06-10,False,,0.475,,True,False,106.0,,2026-09-11,-93.0,EQUITY,New Jersey Resources Corporation,False,False,False,True,False,False,False,False,False,False,relisted_after_event,1,False
rNDAQ-2026-06-12-1,rNDAQ,2026-06-12,True,,0.31,,True,False,91.0,,2026-06-11,1.0,EQUITY,"Nasdaq, Inc.",False,False,False,False,False,False,False,False,False,False,,0,True
rNOV-2026-06-12-1,rNOV,2026-06-12,False,,0.09,,True,False,11.0,,2026-09-11,-91.0,EQUITY,NOV Inc.,False,False,False,True,False,False,False,False,False,False,relisted_after_event,1,False
rNEU-2026-06-15-1,rNEU,2026-06-15,False,,3.0,,True,False,92.0,,2026-09-11,-88.0,EQUITY,NewMarket Corporation,False,False,False,True,False,False,False,False,False,False,relisted_after_event,1,False
rNDSN-2026-06-18-1,rNDSN,2026-06-18,False,,0.82,,True,False,84.0,,2026-09-07,-81.0,EQUITY,Nordson Corporation,False,False,False,True,False,False,False,False,False,False,relisted_after_event,1,False
rNFG-2026-06-30-1,rNFG,2026-06-30,False,,0.555,,True,False,,,2026-09-11,-73.0,EQUITY,National Fuel Gas Company,False,False,False,True,False,False,False,False,False,False,relisted_after_event,1,False
rNLY-2026-06-30-1,rNLY,2026-06-30,False,,0.75,,True,False,92.0,,2026-09-07,-69.0,EQUITY,"Annaly Capital Management, Inc.",False,False,False,True,False,False,False,False,False,False,relisted_after_event,1,False
rNOK-2026-07-28-1,rNOK,2026-07-28,False,,0.033563,,True,False,,,,,EQUITY,Nokia Oyj,False,False,False,False,False,False,False,False,True,False,underlying_check_failed,1,False
rNI-2026-07-31-1,rNI,2026-07-31,False,,0.3,,True,False,91.0,,2026-09-07,-38.0,EQUITY,NiSource Inc.,False,False,False,True,False,False,False,False,False,False,relisted_after_event,1,False
rNNN-2026-07-31-1,rNNN,2026-07-31,False,,0.62,,True,False,,,2026-09-01,-32.0,EQUITY,"NNN REIT, Inc.",False,False,False,True,False,False,False,False,False,False,relisted_after_event,1,False
rNEE-2026-08-28-1,rNEE,2026-08-28,True,,0.6232,,True,False,84.0,,2026-06-02,87.0,EQUITY,"NextEra Energy, Inc.",False,False,False,False,False,False,False,False,False,False,,0,True
rNOC-2026-08-31-1,rNOC,2026-08-31,True,,2.47,,True,False,91.0,,2026-06-09,83.0,EQUITY,Northrop Grumman Corporation,False,False,False,False,True,False,False,False,False,False,ex_date_after_gap,1,False
rNKE-2026-09-01-1,rNKE,2026-09-01,True,,0.41,,True,False,92.0,,2026-06-10,83.0,EQUITY,"NIKE, Inc.",False,False,False,False,False,False,False,False,False,False,,0,True
rNNI-2026-09-01-1,rNNI,2026-09-01,False,,0.33,,True,False,92.0,,2026-09-11,-10.0,EQUITY,"Nelnet, Inc.",False,False,False,True,False,False,False,False,False,False,relisted_after_event,1,False
rNE-2026-09-03-1,rNE,2026-09-03,False,,0.5,,True,False,91.0,,2026-09-11,-8.0,EQUITY,Noble Corporation plc,False,False,False,True,False,False,False,False,False,False,relisted_after_event,1,False
rNEM-2026-09-03-1,rNEM,2026-09-03,True,,0.26,,True,False,,,2026-06-10,85.0,EQUITY,Newmont Corporation,False,False,False,False,False,False,False,False,False,False,,0,True
rNDSN-2026-09-10-1,rNDSN,2026-09-10,True,,0.94,,True,False,84.0,,2026-09-07,3.0,EQUITY,Nordson Corporation,False,False,False,False,False,False,False,False,False,False,,0,True
rNDAQ-2026-09-11-1,rNDAQ,2026-09-11,True,,0.31,,True,False,91.0,,2026-06-11,92.0,EQUITY,"Nasdaq, Inc.",False,False,False,False,False,False,False,False,False,False,,0,True
rNOV-2026-09-11-1,rNOV,2026-09-11,False,,0.09,,True,False,91.0,,2026-09-11,0.0,EQUITY,NOV Inc.,False,False,False,False,False,False,False,False,False,False,,0,False
rNEU-2026-09-15-1,rNEU,2026-09-15,True,,3.0,,True,False,92.0,,2026-09-11,4.0,EQUITY,NewMarket Corporation,False,False,False,False,False,False,False,False,False,False,,0,True
rNJR-2026-09-24-1,rNJR,2026-09-24,False,,0.5,,True,False,106.0,,,,EQUITY,New Jersey Resources Corporation,False,False,False,False,False,False,False,False,True,False,underlying_check_failed,1,False
rNLY-2026-09-30-1,rNLY,2026-09-30,False,,0.75,,True,False,92.0,,,,EQUITY,"Annaly Capital Management, Inc.",False,False,False,False,False,False,False,False,True,False,underlying_check_failed,1,False
rNI-2026-10-30-1,rNI,2026-10-30,False,,0.3,,True,False,91.0,,,,EQUITY,NiSource Inc.,False,False,False,False,False,False,False,False,True,False,underlying_check_failed,1,False
rNPO-2026-06-03-1,rNPO,2026-06-03,False,,0.32,,True,False,91.0,,2026-09-11,-100.0,EQUITY,Enpro Inc.,False,False,False,True,False,False,False,False,False,False,relisted_after_event,1,False
rNVDA-2026-06-04-1,rNVDA,2026-06-04,True,,0.25,,True,False,98.0,,2026-04-23,42.0,EQUITY,NVIDIA Corporation,False,False,False,False,False,False,False,False,False,False,,0,True
rNTES-2026-06-05-1,rNTES,2026-06-05,False,,0.7175,,True,False,90.0,,2026-06-09,-4.0,EQUITY,"NetEase, Inc.",False,False,False,True,False,False,False,False,True,False,relisted_after_event;underlying_check_failed,2,False
rNTRS-2026-06-05-1,rNTRS,2026-06-05,False,,0.8,,True,False,91.0,,2026-09-07,-94.0,EQUITY,Northern Trust Corporation,False,False,False,True,False,False,False,False,False,False,relisted_after_event,1,False
rNWE-2026-06-15-1,rNWE,2026-06-15,False,,0.67,,True,False,63.0,,2026-09-11,-88.0,EQUITY,"NorthWestern Energy Group, Inc.",False,False,False,True,False,False,False,False,False,False,relisted_after_event,1,False
rNVDL-2026-06-26-1,rNVDL,2026-06-26,False,,,,False,False,,0.0,,,,,False,False,True,False,False,False,False,False,True,False,noncash_action_30d;underlying_check_failed,2,False
rNUE-2026-06-30-1,rNUE,2026-06-30,True,,0.56,,True,False,,,2026-06-11,19.0,EQUITY,Nucor Corporation,False,False,False,False,False,False,False,False,False,False,,0,True
rNTAP-2026-07-10-1,rNTAP,2026-07-10,True,,0.52,,True,False,91.0,,2026-06-01,39.0,EQUITY,"NetApp, Inc.",False,False,False,False,False,False,False,False,False,False,,0,True
rNVT-2026-07-24-1,rNVT,2026-07-24,False,,0.21,,True,False,,,2026-08-04,-11.0,EQUITY,nVent Electric plc,False,False,False,True,False,False,False,False,False,False,relisted_after_event,1,False
rNRG-2026-08-03-1,rNRG,2026-08-03,False,,0.475,,True,False,,,2026-08-04,-1.0,EQUITY,"NRG Energy, Inc.",False,False,False,True,False,False,False,False,False,False,relisted_after_event,1,False
rNSC-2026-08-07-1,rNSC,2026-08-07,False,,1.35,,True,False,,,2026-09-07,-31.0,EQUITY,Norfolk Southern Corporation,False,False,False,True,False,False,False,False,False,False,relisted_after_event,1,False
rNWG-2026-08-14-1,rNWG,2026-08-14,False,,0.314145,,True,False,,,,,EQUITY,NatWest Group plc,False,False,False,False,False,False,False,False,True,False,underlying_check_failed,1,False
rNVO-2026-08-17-1,rNVO,2026-08-17,False,,0.407362,,True,False,,,,,EQUITY,Novo Nordisk A/S,False,False,False,False,False,False,False,False,True,False,underlying_check_failed,1,False
rNWE-2026-08-17-1,rNWE,2026-08-17,False,,0.67,,True,False,63.0,,2026-09-11,-25.0,EQUITY,"NorthWestern Energy Group, Inc.",False,False,False,True,False,False,False,False,False,False,relisted_after_event,1,False
rNPO-2026-09-02-1,rNPO,2026-09-02,False,,0.32,,True,False,91.0,,2026-09-11,-9.0,EQUITY,Enpro Inc.,False,False,False,True,False,False,False,False,False,False,relisted_after_event,1,False
rNTES-2026-09-03-1,rNTES,2026-09-03,True,,0.4775,,True,False,90.0,,2026-06-09,86.0,EQUITY,"NetEase, Inc.",False,False,False,False,False,False,False,False,True,False,underlying_check_failed,1,False
rNTRS-2026-09-04-1,rNTRS,2026-09-04,False,,0.88,,True,False,91.0,,2026-09-07,-3.0,EQUITY,Northern Trust Corporation,False,False,False,True,False,False,False,False,False,False,relisted_after_event,1,False
rNVDA-2026-09-10-1,rNVDA,2026-09-10,True,,0.25,,True,False,98.0,,2026-04-23,140.0,EQUITY,NVIDIA Corporation,False,False,False,False,False,False,False,False,False,False,,0,True
rNTAP-2026-10-09-1,rNTAP,2026-10-09,False,,0.52,,True,False,91.0,,2026-06-01,130.0,EQUITY,"NetApp, Inc.",False,False,False,False,False,False,False,False,True,False,underlying_check_failed,1,False
rODFL-2026-06-03-1,rODFL,2026-06-03,False,,0.29,,True,False,91.0,,2026-06-11,-8.0,EQUITY,"Old Dominion Freight Line, Inc.",False,False,False,True,False,False,False,False,False,False,relisted_after_event,1,False
rOMC-2026-06-10-1,rOMC,2026-06-10,False,,0.8,,True,False,100.0,,2026-08-17,-68.0,EQUITY,Omnicom Group Inc.,False,False,False,True,False,False,False,False,False,False,relisted_after_event,1,False
rNXPI-2026-06-24-1,rNXPI,2026-06-24,True,0.8619,1.014,0.85,True,False,84.0,,2026-06-02,22.0,EQUITY,NXP Semiconductors N.V.,True,False,False,False,False,False,False,False,False,False,gross_basis_conflict,1,False
rO-2026-06-30-1,rO,2026-06-30,True,,0.271,,True,False,31.0,,2026-06-11,19.0,EQUITY,Realty Income Corporation,False,False,False,False,False,False,False,False,False,False,,0,True
rOBDC-2026-06-30-1,rOBDC,2026-06-30,False,,0.31,,True,False,62.0,,2026-09-11,-73.0,EQUITY,Blue Owl Capital Corporation,False,False,False,True,False,False,False,False,False,False,relisted_after_event,1,False
rOGE-2026-07-06-1,rOGE,2026-07-06,False,,0.425,,True,False,,,2026-09-07,-63.0,EQUITY,OGE Energy Corp.,False,False,False,True,False,False,False,False,False,False,relisted_after_event,1,False
rNYT-2026-07-08-1,rNYT,2026-07-08,False,,0.23,,True,False,,,2026-09-07,-61.0,EQUITY,The New York Times Company,False,False,False,True,False,False,False,False,False,False,relisted_after_event,1,False
rOC-2026-07-20-1,rOC,2026-07-20,False,,0.79,,True,False,,,2026-09-07,-49.0,EQUITY,Owens Corning,False,False,False,True,False,False,False,False,False,False,relisted_after_event,1,False
rO-2026-07-31-1,rO,2026-07-31,True,,0.271,,True,False,31.0,,2026-06-11,50.0,EQUITY,Realty Income Corporation,False,False,False,False,False,False,False,False,False,False,,0,True
rOHI-2026-08-03-1,rOHI,2026-08-03,False,,0.68,,True,False,,,2026-09-07,-35.0,EQUITY,"Omega Healthcare Investors, Inc.",False,False,False,True,False,False,False,False,False,False,relisted_after_event,1,False
rOKE-2026-08-03-1,rOKE,2026-08-03,False,,1.07,,True,False,,,2026-09-07,-35.0,EQUITY,"ONEOK, Inc.",False,False,False,True,False,False,False,False,False,False,relisted_after_event,1,False
rOMF-2026-08-10-1,rOMF,2026-08-10,False,,1.05,,True,False,,,2026-09-11,-32.0,EQUITY,"OneMain Holdings, Inc.",False,False,False,True,False,False,False,False,False,False,relisted_after_event,1,False
rNXST-2026-08-14-1,rNXST,2026-08-14,False,,1.86,,True,False,,,2026-09-11,-28.0,EQUITY,"Nexstar Media Group, Inc.",False,False,False,True,False,False,False,False,False,False,relisted_after_event,1,False
rOGS-2026-08-17-1,rOGS,2026-08-17,False,,0.68,,True,False,,,2026-09-11,-25.0,EQUITY,"ONE Gas, Inc.",False,False,False,True,False,False,False,False,False,False,relisted_after_event,1,False
rOGC-2026-08-19-1,rOGC,2026-08-19,False,,0.09,,True,False,,,2026-09-11,-23.0,EQUITY,OceanaGold Corporation,False,False,False,True,False,False,False,False,False,False,relisted_after_event,1,False
rO-2026-08-31-1,rO,2026-08-31,True,,0.271,,True,False,30.0,,2026-06-11,81.0,EQUITY,Realty Income Corporation,False,False,False,False,True,False,False,False,False,False,ex_date_after_gap,1,False
rOBDC-2026-08-31-1,rOBDC,2026-08-31,False,,0.02,,True,False,30.0,,2026-09-11,-11.0,EQUITY,Blue Owl Capital Corporation,False,False,False,True,False,False,False,False,False,False,relisted_after_event,1,False
rODFL-2026-09-02-1,rODFL,2026-09-02,True,,0.29,,True,False,91.0,,2026-06-11,83.0,EQUITY,"Old Dominion Freight Line, Inc.",False,False,False,False,False,False,False,False,False,False,,0,True
rNWS-2026-09-09-1,rNWS,2026-09-09,True,,0.1,,True,False,,,2026-09-07,2.0,EQUITY,News Corporation,False,False,False,False,False,False,False,False,False,False,,0,True
rNWSA-2026-09-09-1,rNWSA,2026-09-09,True,,0.1,,True,False,,,2026-09-07,2.0,EQUITY,News Corporation,False,False,False,False,False,False,False,False,False,False,,0,True
rNXPI-2026-09-16-1,rNXPI,2026-09-16,True,,1.014,,True,False,84.0,,2026-06-02,106.0,EQUITY,NXP Semiconductors N.V.,False,False,False,False,False,False,False,False,False,False,,0,True
rOMC-2026-09-18-1,rOMC,2026-09-18,True,,0.8,,True,False,100.0,,2026-08-17,32.0,EQUITY,Omnicom Group Inc.,False,False,False,False,False,False,False,False,False,False,,0,True
rO-2026-09-30-1,rO,2026-09-30,False,,0.2715,,True,False,30.0,,,,EQUITY,Realty Income Corporation,False,False,False,False,False,False,False,False,True,False,underlying_check_failed,1,False
rOBDC-2026-09-30-1,rOBDC,2026-09-30,False,,0.31,,True,False,30.0,,,,EQUITY,Blue Owl Capital Corporation,False,False,False,False,False,False,False,False,True,False,underlying_check_failed,1,False
rONB-2026-06-05-1,rONB,2026-06-05,False,,0.145,,True,False,91.0,,2026-09-07,-94.0,EQUITY,Old National Bancorp,False,False,False,True,False,False,False,False,False,False,relisted_after_event,1,False
rORI-2026-06-05-1,rORI,2026-06-05,False,,0.315,,True,False,91.0,,2026-09-07,-94.0,EQUITY,Old Republic International Corporation,False,False,False,True,False,False,False,False,False,False,relisted_after_event,1,False
rOTEX-2026-06-05-1,rOTEX,2026-06-05,False,,0.275,,True,False,91.0,,2026-09-11,-98.0,EQUITY,Open Text Corporation,False,False,False,True,False,False,False,False,False,False,relisted_after_event,1,False
rOUT-2026-06-05-1,rOUT,2026-06-05,False,,0.3,,True,False,91.0,,2026-09-11,-98.0,EQUITY,OUTFRONT Media Inc.,False,False,False,True,False,False,False,False,False,False,relisted_after_event,1,False
rOXY-2026-06-10-1,rOXY,2026-06-10,False,,0.26,,True,False,92.0,,2026-06-10,0.0,EQUITY,Occidental Petroleum Corporation,False,False,False,False,False,False,False,False,False,False,,0,False
rOVV-2026-06-15-1,rOVV,2026-06-15,False,,0.3,,True,False,92.0,,2026-09-07,-84.0,EQUITY,Ovintiv Inc.,False,False,False,True,False,False,False,False,False,False,relisted_after_event,1,False
rOTF-2026-06-22-1,rOTF,2026-06-22,False,,0.05,,True,False,8.0,,2026-09-11,-81.0,EQUITY,Blue Owl Technology Finance Corp.,False,False,False,True,False,False,False,False,False,False,relisted_after_event,1,False
rOR-2026-06-30-1,rOR,2026-06-30,False,,0.065,,True,False,91.0,,2026-09-11,-73.0,EQUITY,OR Royalties Inc.,False,False,False,True,False,False,False,False,False,False,relisted_after_event,1,False
rOTF-2026-06-30-1,rOTF,2026-06-30,False,,0.35,,True,False,8.0,,2026-09-11,-73.0,EQUITY,Blue Owl Technology Finance Corp.,False,False,False,True,False,False,False,False,False,False,relisted_after_event,1,False
rOPRA-2026-07-07-1,rOPRA,2026-07-07,True,0.39,0.39,1.0,True,False,,,2026-06-04,33.0,EQUITY,Opera Limited,False,False,False,False,False,False,False,False,True,False,underlying_check_failed,1,False
rORCL-2026-07-10-1,rORCL,2026-07-10,True,,0.5,,True,False,91.0,,2026-06-02,38.0,EQUITY,Oracle Corporation,False,False,False,False,False,False,False,False,False,False,,0,True
rOZK-2026-07-13-1,rOZK,2026-07-13,False,,0.48,,True,False,,,2026-09-11,-60.0,EQUITY,Bank OZK,False,False,False,True,False,False,False,False,False,False,relisted_after_event,1,False
rOSK-2026-08-13-1,rOSK,2026-08-13,False,,0.57,,True,False,,,2026-09-07,-25.0,EQUITY,Oshkosh Corporation,False,False,False,True,False,False,False,False,False,False,relisted_after_event,1,False
rOWL-2026-08-13-1,rOWL,2026-08-13,False,,0.23,,True,False,,,2026-09-01,-19.0,EQUITY,Blue Owl Capital Inc.,False,False,False,True,False,False,False,False,False,False,relisted_after_event,1,False
rOTIS-2026-08-14-1,rOTIS,2026-08-14,True,,0.44,,True,False,,,2026-08-04,10.0,EQUITY,Otis Worldwide Corporation,False,False,False,False,False,False,False,False,False,False,,0,True
rORA-2026-08-19-1,rORA,2026-08-19,False,,0.12,,True,False,,,2026-09-11,-23.0,EQUITY,"Ormat Technologies, Inc.",False,False,False,True,False,False,False,False,False,False,relisted_after_event,1,False
rONB-2026-09-04-1,rONB,2026-09-04,False,,0.145,,True,False,91.0,,2026-09-07,-3.0,EQUITY,Old National Bancorp,False,False,False,True,False,False,False,False,False,False,relisted_after_event,1,False
rORI-2026-09-04-1,rORI,2026-09-04,False,,0.315,,True,False,91.0,,2026-09-07,-3.0,EQUITY,Old Republic International Corporation,False,False,False,True,False,False,False,False,False,False,relisted_after_event,1,False
rOTEX-2026-09-04-1,rOTEX,2026-09-04,False,,0.28,,True,False,91.0,,2026-09-11,-7.0,EQUITY,Open Text Corporation,False,False,False,True,False,False,False,False,False,False,relisted_after_event,1,False
rOUT-2026-09-04-1,rOUT,2026-09-04,False,,0.33,,True,False,91.0,,2026-09-11,-7.0,EQUITY,OUTFRONT Media Inc.,False,False,False,True,False,False,False,False,False,False,relisted_after_event,1,False
rOXY-2026-09-10-1,rOXY,2026-09-10,True,,0.28,,True,False,92.0,,2026-06-10,92.0,EQUITY,Occidental Petroleum Corporation,False,False,False,False,False,False,False,False,False,False,,0,True
rOVV-2026-09-15-1,rOVV,2026-09-15,True,,0.3,,True,False,92.0,,2026-09-07,8.0,EQUITY,Ovintiv Inc.,False,False,False,False,False,False,False,False,False,False,,0,True
rOTF-2026-09-21-1,rOTF,2026-09-21,False,,0.05,,True,False,9.0,,,,EQUITY,Blue Owl Technology Finance Corp.,False,False,False,False,False,False,False,False,True,False,underlying_check_failed,1,False
rOR-2026-09-29-1,rOR,2026-09-29,False,,0.065001,,True,False,1.0,,,,EQUITY,OR Royalties Inc.,False,True,False,False,False,False,False,False,True,False,adjacent_cash_event;underlying_check_failed,2,False
rOR-2026-09-30-1,rOR,2026-09-30,False,,0.065,,True,False,1.0,,,,EQUITY,OR Royalties Inc.,False,True,False,False,False,False,False,False,True,False,adjacent_cash_event;underlying_check_failed,2,False
rOTF-2026-09-30-1,rOTF,2026-09-30,False,,0.35,,True,False,9.0,,,,EQUITY,Blue Owl Technology Finance Corp.,False,False,False,False,False,False,False,False,True,False,underlying_check_failed,1,False
rORCL-2026-10-09-1,rORCL,2026-10-09,False,,0.5,,True,False,91.0,,,,EQUITY,Oracle Corporation,False,False,False,False,False,False,False,False,True,False,underlying_check_failed,1,False
rPBR-2026-06-03-1,rPBR,2026-06-03,False,,,,False,True,83.0,,,,EQUITY,Petróleo Brasileiro S.A. - Petrobras,False,False,False,False,False,False,False,False,True,False,underlying_check_failed;reality_row_ambiguous,2,False
rPBR-2026-06-03-2,rPBR,2026-06-03,False,,,,False,True,83.0,,,,EQUITY,Petróleo Brasileiro S.A. - Petrobras,False,False,False,False,False,False,False,False,True,False,underlying_check_failed;reality_row_ambiguous,2,False
rPB-2026-06-15-1,rPB,2026-06-15,False,,0.6,,True,False,92.0,,2026-09-07,-84.0,EQUITY,"Prosperity Bancshares, Inc.",False,False,False,True,False,False,False,False,False,False,relisted_after_event,1,False
rPBA-2026-06-15-1,rPBA,2026-06-15,False,,0.53802,,True,False,92.0,,,,EQUITY,Pembina Pipeline Corporation,False,False,False,False,False,False,False,False,True,False,underlying_check_failed,1,False
rPAVE-2026-06-29-1,rPAVE,2026-06-29,True,0.102695,0.1027,0.9999513145082765,True,False,,,2026-06-09,20.0,ETF,Global X U.S. Infrastructure Development ETF,False,False,False,False,True,False,False,False,False,False,ex_date_after_gap,1,False
rPCG-2026-06-30-1,rPCG,2026-06-30,True,0.05,0.05,1.0,True,False,,,2026-06-10,20.0,EQUITY,PG&E Corporation,False,False,False,False,False,False,False,False,False,False,,0,True
rPAYX-2026-07-28-1,rPAYX,2026-07-28,True,,1.19,,True,False,,,2026-07-24,4.0,EQUITY,"Paychex, Inc.",False,False,False,False,False,False,False,False,False,False,,0,True
rPAA-2026-07-31-1,rPAA,2026-07-31,False,,0.4175,,True,False,,,2026-09-01,-32.0,EQUITY,"Plains All American Pipeline, L.P.",False,False,False,True,False,False,False,False,False,False,relisted_after_event,1,False
rPAGP-2026-07-31-1,rPAGP,2026-07-31,False,,0.4175,,True,False,,,2026-09-11,-42.0,EQUITY,"Plains GP Holdings, L.P.",False,False,False,True,False,False,False,False,False,False,relisted_after_event,1,False
rPCAR-2026-08-12-1,rPCAR,2026-08-12,True,,0.35,,True,False,,,2026-06-11,62.0,EQUITY,PACCAR Inc,False,False,False,False,False,False,False,False,False,False,,0,True
rPAG-2026-08-14-1,rPAG,2026-08-14,False,,1.44,,True,False,,,2026-09-07,-24.0,EQUITY,"Penske Automotive Group, Inc.",False,False,False,True,False,False,False,False,False,False,relisted_after_event,1,False
rPBF-2026-08-14-1,rPBF,2026-08-14,False,,0.275,,True,False,,,2026-09-11,-28.0,EQUITY,PBF Energy Inc.,False,False,False,True,False,False,False,False,False,False,relisted_after_event,1,False
rPAAS-2026-08-24-1,rPAAS,2026-08-24,False,,0.184,,True,False,,,2026-09-07,-14.0,EQUITY,Pan American Silver Corp.,False,False,False,True,False,False,False,False,False,False,relisted_after_event,1,False
rPAYC-2026-08-24-1,rPAYC,2026-08-24,False,,0.375,,True,False,,,2026-09-11,-18.0,EQUITY,"Paycom Software, Inc.",False,False,False,True,False,False,False,False,False,False,relisted_after_event,1,False
rPBR-2026-08-25-1,rPBR,2026-08-25,False,,,,False,True,83.0,,,,EQUITY,Petróleo Brasileiro S.A. - Petrobras,False,False,False,False,False,False,False,False,True,False,underlying_check_failed;reality_row_ambiguous,2,False
rPBR-2026-08-25-2,rPBR,2026-08-25,False,,,,False,True,83.0,,,,EQUITY,Petróleo Brasileiro S.A. - Petrobras,False,False,False,False,False,False,False,False,True,False,underlying_check_failed;reality_row_ambiguous,2,False
rPBR-2026-08-25-3,rPBR,2026-08-25,False,,,,False,True,83.0,,,,EQUITY,Petróleo Brasileiro S.A. - Petrobras,False,False,False,False,False,False,False,False,True,False,underlying_check_failed;reality_row_ambiguous,2,False
rPB-2026-09-15-1,rPB,2026-09-15,True,,0.6,,True,False,92.0,,2026-09-07,8.0,EQUITY,"Prosperity Bancshares, Inc.",False,False,False,False,False,False,False,False,False,False,,0,True
rPBA-2026-09-15-1,rPBA,2026-09-15,False,,0.5245695,,True,False,92.0,,,,EQUITY,Pembina Pipeline Corporation,False,False,False,False,False,False,False,False,True,False,underlying_check_failed,1,False
rPFG-2026-06-01-1,rPFG,2026-06-01,False,,0.82,,True,False,94.0,,2026-09-07,-98.0,EQUITY,"Principal Financial Group, Inc.",False,False,False,True,False,False,False,False,False,False,relisted_after_event,1,False
rPEP-2026-06-05-1,rPEP,2026-06-05,False,,1.48,,True,False,91.0,,2026-06-08,-3.0,EQUITY,"PepsiCo, Inc.",False,False,False,True,False,False,False,False,False,False,relisted_after_event,1,False
rPEG-2026-06-09-1,rPEG,2026-06-09,False,,0.67,,True,False,92.0,,2026-06-30,-21.0,EQUITY,Public Service Enterprise Group Incorporated,False,False,False,True,False,False,False,False,False,False,relisted_after_event,1,False
rPECO-2026-06-15-1,rPECO,2026-06-15,False,,0.1083,,True,False,30.0,,2026-09-11,-88.0,EQUITY,"Phillips Edison & Company, Inc.",False,False,False,True,False,False,False,False,False,False,relisted_after_event,1,False
rPKG-2026-06-15-1,rPKG,2026-06-15,False,,1.5,,True,False,92.0,,2026-09-07,-84.0,EQUITY,Packaging Corporation of America,False,False,False,True,False,False,False,False,False,False,relisted_after_event,1,False
rPHM-2026-06-16-1,rPHM,2026-06-16,False,,0.26,,True,False,91.0,,2026-09-07,-83.0,EQUITY,"PulteGroup, Inc.",False,False,False,True,False,False,False,False,False,False,relisted_after_event,1,False
rPLD-2026-06-16-1,rPLD,2026-06-16,True,,1.07,,True,False,92.0,,2026-06-10,6.0,EQUITY,"Prologis, Inc.",False,False,False,False,False,False,False,False,False,False,,0,True
rPEGA-2026-07-01-1,rPEGA,2026-07-01,False,,0.03,,True,False,47.0,,2026-09-11,-72.0,EQUITY,Pegasystems Inc.,False,False,False,True,False,False,False,False,False,False,relisted_after_event,1,False
rPGR-2026-07-02-1,rPGR,2026-07-02,True,,0.1,,True,False,91.0,,2026-06-10,22.0,EQUITY,The Progressive Corporation,False,False,False,False,False,False,False,False,False,False,,0,True
rPECO-2026-07-15-1,rPECO,2026-07-15,False,,0.1083,,True,False,30.0,,2026-09-11,-58.0,EQUITY,"Phillips Edison & Company, Inc.",False,False,False,True,False,False,False,False,False,False,relisted_after_event,1,False
rPENG-2026-07-16-1,rPENG,2026-07-16,False,,0.0321144,,True,False,,,,,EQUITY,"Penguin Solutions, Inc.",False,False,False,False,False,False,False,False,True,False,underlying_check_failed,1,False
rPFE-2026-07-24-1,rPFE,2026-07-24,True,,0.43,,True,False,,,2026-06-10,44.0,EQUITY,Pfizer Inc.,False,False,False,False,False,False,False,False,False,False,,0,True
rPG-2026-07-24-1,rPG,2026-07-24,True,,1.0885,,True,False,,,2026-06-10,44.0,EQUITY,The Procter & Gamble Company,False,False,False,False,False,False,False,False,False,False,,0,True
rPECO-2026-08-17-1,rPECO,2026-08-17,False,,0.1083,,True,False,29.0,,2026-09-11,-25.0,EQUITY,"Phillips Edison & Company, Inc.",False,False,False,True,False,False,False,False,False,False,relisted_after_event,1,False
rPEGA-2026-08-17-1,rPEGA,2026-08-17,False,,0.083,,True,False,45.0,,2026-09-11,-25.0,EQUITY,Pegasystems Inc.,False,False,False,True,False,False,False,False,False,False,relisted_after_event,1,False
rPKX-2026-08-24-1,rPKX,2026-08-24,False,,0.28701401,,True,False,,,,,EQUITY,POSCO Holdings Inc.,False,False,False,False,False,False,False,False,True,False,underlying_check_failed,1,False
rPIPR-2026-08-28-1,rPIPR,2026-08-28,False,,0.2,,True,False,,,2026-09-11,-14.0,EQUITY,Piper Sandler Companies,False,False,False,True,False,False,False,False,False,False,relisted_after_event,1,False
rPH-2026-08-31-1,rPH,2026-08-31,True,,2.0,,True,False,,,2026-06-10,82.0,EQUITY,Parker-Hannifin Corporation,False,False,False,False,True,False,False,False,False,False,ex_date_after_gap,1,False
rPFG-2026-09-03-1,rPFG,2026-09-03,False,,0.84,,True,False,94.0,,2026-09-07,-4.0,EQUITY,"Principal Financial Group, Inc.",False,False,False,True,False,False,False,False,False,False,relisted_after_event,1,False
rPEP-2026-09-04-1,rPEP,2026-09-04,True,,1.48,,True,False,91.0,,2026-06-08,88.0,EQUITY,"PepsiCo, Inc.",False,False,False,False,False,False,False,False,False,False,,0,True
rPEG-2026-09-09-1,rPEG,2026-09-09,True,,0.67,,True,False,92.0,,2026-06-30,71.0,EQUITY,Public Service Enterprise Group Incorporated,False,False,False,False,False,False,False,False,False,False,,0,True
rPECO-2026-09-15-1,rPECO,2026-09-15,True,,0.115,,True,False,29.0,,2026-09-11,4.0,EQUITY,"Phillips Edison & Company, Inc.",False,False,False,False,False,False,False,False,False,False,,0,True
rPHM-2026-09-15-1,rPHM,2026-09-15,True,,0.26,,True,False,91.0,,2026-09-07,8.0,EQUITY,"PulteGroup, Inc.",False,False,False,False,False,False,False,False,False,False,,0,True
rPKG-2026-09-15-1,rPKG,2026-09-15,True,,1.5,,True,False,92.0,,2026-09-07,8.0,EQUITY,Packaging Corporation of America,False,False,False,False,False,False,False,False,False,False,,0,True
rPLD-2026-09-16-1,rPLD,2026-09-16,True,,1.07,,True,False,92.0,,2026-06-10,98.0,EQUITY,"Prologis, Inc.",False,False,False,False,False,False,False,False,False,False,,0,True
rPEGA-2026-10-01-1,rPEGA,2026-10-01,False,,0.03,,True,False,45.0,,2026-09-11,20.0,EQUITY,Pegasystems Inc.,False,False,False,False,False,False,False,False,True,False,underlying_check_failed,1,False
rPGR-2026-10-01-1,rPGR,2026-10-01,False,,0.1,,True,False,91.0,,,,EQUITY,The Progressive Corporation,False,False,False,False,False,False,False,False,True,False,underlying_check_failed,1,False
rPECO-2026-10-15-1,rPECO,2026-10-15,False,,0.115,,True,False,30.0,,2026-09-11,34.0,EQUITY,"Phillips Edison & Company, Inc.",False,False,False,False,False,False,False,False,True,False,underlying_check_failed,1,False
rPECO-2026-11-16-1,rPECO,2026-11-16,False,,0.115,,True,False,32.0,,2026-09-11,66.0,EQUITY,"Phillips Edison & Company, Inc.",False,False,False,False,False,False,False,False,True,False,underlying_check_failed,1,False
rPRMB-2026-06-04-1,rPRMB,2026-06-04,False,,0.12,,True,False,81.0,,2026-09-07,-95.0,EQUITY,Primo Brands Corporation,False,False,False,True,False,False,False,False,False,False,relisted_after_event,1,False
rPPL-2026-06-10-1,rPPL,2026-06-10,False,,0.285,,True,False,92.0,,2026-08-04,-55.0,EQUITY,PPL Corporation,False,False,False,True,False,False,False,False,False,False,relisted_after_event,1,False
rPSA-2026-06-15-1,rPSA,2026-06-15,True,,3.0,,True,False,92.0,,2026-06-11,4.0,EQUITY,Public Storage,False,False,False,False,True,False,False,False,False,False,ex_date_after_gap,1,False
rPSKY-2026-06-15-1,rPSKY,2026-06-15,False,,0.05,,True,False,92.0,,2026-09-07,-84.0,EQUITY,Paramount Skydance Corporation,False,False,False,True,False,False,False,False,False,False,relisted_after_event,1,False
rPR-2026-06-16-1,rPR,2026-06-16,False,,0.16,,True,False,92.0,,2026-09-07,-83.0,EQUITY,Permian Resources Corporation,False,False,False,True,False,False,False,False,False,False,relisted_after_event,1,False
rPM-2026-06-25-1,rPM,2026-06-25,True,1.47,1.47,1.0,True,False,,,2026-06-10,15.0,EQUITY,Philip Morris International Inc.,False,False,False,False,False,False,False,False,False,False,,0,True
rPOR-2026-06-25-1,rPOR,2026-06-25,False,,0.55125,,True,False,92.0,,2026-09-11,-78.0,EQUITY,Portland General Electric Company,False,False,False,True,False,False,False,False,False,False,relisted_after_event,1,False
rPRIM-2026-06-30-1,rPRIM,2026-06-30,False,,0.08,,True,False,92.0,,2026-09-11,-73.0,EQUITY,Primoris Services Corporation,False,False,False,True,False,False,False,False,False,False,relisted_after_event,1,False
rPS-2026-07-13-1,rPS,2026-07-13,False,,0.122,,True,False,,,2026-09-07,-56.0,EQUITY,Pershing Square Inc.,False,False,False,True,False,False,False,False,False,False,relisted_after_event,1,False
rPNC-2026-07-20-1,rPNC,2026-07-20,True,,2.0,,True,False,,,2026-06-10,40.0,EQUITY,"The PNC Financial Services Group, Inc.",False,False,False,False,True,False,False,False,False,False,ex_date_after_gap,1,False
rPNR-2026-07-24-1,rPNR,2026-07-24,False,,0.27,,True,False,,,2026-09-07,-45.0,EQUITY,Pentair plc,False,False,False,True,False,False,False,False,False,False,relisted_after_event,1,False
rPNW-2026-08-03-1,rPNW,2026-08-03,False,,0.91,,True,False,,,2026-09-07,-35.0,EQUITY,Pinnacle West Capital Corporation,False,False,False,True,False,False,False,False,False,False,relisted_after_event,1,False
rPNFP-2026-08-07-1,rPNFP,2026-08-07,False,,0.5,,True,False,,,2026-09-07,-31.0,EQUITY,"Pinnacle Financial Partners, Inc.",False,False,False,True,False,False,False,False,False,False,relisted_after_event,1,False
rPPG-2026-08-10-1,rPPG,2026-08-10,False,,0.74,,True,False,,,2026-09-07,-28.0,EQUITY,"PPG Industries, Inc.",False,False,False,True,False,False,False,False,False,False,relisted_after_event,1,False
rPOOL-2026-08-13-1,rPOOL,2026-08-13,False,,1.3,,True,False,,,2026-09-11,-29.0,EQUITY,Pool Corporation,False,False,False,True,False,False,False,False,False,False,relisted_after_event,1,False
rPSMT-2026-08-17-1,rPSMT,2026-08-17,False,,0.7,,True,False,,,2026-09-11,-25.0,EQUITY,"PriceSmart, Inc.",False,False,False,True,False,False,False,False,False,False,relisted_after_event,1,False
rPOWL-2026-08-19-1,rPOWL,2026-08-19,False,,0.09,,True,False,,,2026-09-11,-23.0,EQUITY,"Powell Industries, Inc.",False,False,False,True,False,False,False,False,False,False,relisted_after_event,1,False
rPRI-2026-08-21-1,rPRI,2026-08-21,False,,1.2,,True,False,,,2026-09-07,-17.0,EQUITY,"Primerica, Inc.",False,False,False,True,False,False,False,False,False,False,relisted_after_event,1,False
rPRMB-2026-08-24-1,rPRMB,2026-08-24,False,,0.12,,True,False,81.0,,2026-09-07,-14.0,EQUITY,Primo Brands Corporation,False,False,False,True,False,False,False,False,False,False,relisted_after_event,1,False
rPRU-2026-08-25-1,rPRU,2026-08-25,False,,1.4,,True,False,,,2026-09-07,-13.0,EQUITY,"Prudential Financial, Inc.",False,False,False,True,False,False,False,False,False,False,relisted_after_event,1,False
rPPL-2026-09-10-1,rPPL,2026-09-10,True,,0.285,,True,False,92.0,,2026-08-04,37.0,EQUITY,PPL Corporation,False,False,False,False,False,False,False,False,False,False,,0,True
rPSA-2026-09-15-1,rPSA,2026-09-15,True,,3.0,,True,False,92.0,,2026-06-11,96.0,EQUITY,Public Storage,False,False,False,False,False,False,False,False,False,False,,0,True
rPSKY-2026-09-15-1,rPSKY,2026-09-15,True,,0.05,,True,False,92.0,,2026-09-07,8.0,EQUITY,Paramount Skydance Corporation,False,False,False,False,False,False,False,False,False,False,,0,True
rPR-2026-09-16-1,rPR,2026-09-16,True,,0.16,,True,False,92.0,,2026-09-07,9.0,EQUITY,Permian Resources Corporation,False,False,False,False,False,False,False,False,False,False,,0,True
rPOR-2026-09-25-1,rPOR,2026-09-25,False,,0.55125,,True,False,92.0,,,,EQUITY,Portland General Electric Company,False,False,False,False,False,False,False,False,True,False,underlying_check_failed,1,False
rPRIM-2026-09-30-1,rPRIM,2026-09-30,False,,0.08,,True,False,92.0,,,,EQUITY,Primoris Services Corporation,False,False,False,False,False,False,False,False,True,False,underlying_check_failed,1,False
rPYPL-2026-06-04-1,rPYPL,2026-06-04,False,,0.14,,True,False,92.0,,2026-06-08,-4.0,EQUITY,"PayPal Holdings, Inc.",False,False,False,True,False,False,False,False,False,False,relisted_after_event,1,False
rQCOM-2026-06-04-1,rQCOM,2026-06-04,True,,0.92,,True,False,91.0,,2026-06-02,2.0,EQUITY,QUALCOMM Incorporated,False,False,False,False,False,False,False,False,False,False,,0,True
rQQQI-2026-06-16-1,rQQQI,2026-06-16,False,,0.6572,,True,False,36.0,,2026-06-23,-7.0,ETF,NEOS NASDAQ-100(R) High Income ETF,False,False,False,True,False,False,False,False,False,False,relisted_after_event,1,False
rQQQ-2026-06-22-1,rQQQ,2026-06-22,True,0.81349,0.81349,1.0,True,False,,,2026-06-01,21.0,ETF,Invesco QQQ Trust,False,False,False,False,True,False,False,False,False,False,ex_date_after_gap,1,False
rQQQM-2026-06-22-1,rQQQM,2026-06-22,True,,0.35215,,True,False,,,2026-06-09,13.0,ETF,Invesco NASDAQ 100 ETF,False,False,False,False,True,False,False,False,False,False,ex_date_after_gap,1,False
rQSR-2026-06-23-1,rQSR,2026-06-23,False,,0.65,,True,False,87.0,,2026-08-11,-49.0,EQUITY,Restaurant Brands International Inc.,False,False,False,True,False,False,False,False,False,False,relisted_after_event,1,False
rPSQ-2026-06-24-1,rPSQ,2026-06-24,True,0.228579,0.228579,1.0,True,False,,,2026-06-04,20.0,ETF,ProShares Short QQQ,False,False,False,False,False,False,False,False,False,False,,0,True
rQLD-2026-06-24-1,rQLD,2026-06-24,False,,0.060717,,True,False,,,2026-07-21,-27.0,ETF,ProShares Ultra QQQ,False,False,False,True,False,False,False,False,False,True,relisted_after_event;leveraged_name_hint,2,False
rPWR-2026-07-01-1,rPWR,2026-07-01,True,0.11,0.11,1.0,True,False,92.0,,2026-06-10,21.0,EQUITY,"Quanta Services, Inc.",False,False,False,False,False,False,False,False,False,False,,0,True
rQGEN-2026-07-07-1,rQGEN,2026-07-07,False,,0.35,,True,False,,,2026-09-11,-66.0,EQUITY,Qiagen N.V.,False,False,False,True,False,False,False,False,False,False,relisted_after_event,1,False
rQQQI-2026-07-22-1,rQQQI,2026-07-22,True,,0.6346,,True,False,28.0,,2026-06-23,29.0,ETF,NEOS NASDAQ-100(R) High Income ETF,False,False,False,False,False,False,False,False,False,False,,0,True
rPSO-2026-08-14-1,rPSO,2026-08-14,False,,0.110273,,True,False,,,2026-09-07,-24.0,EQUITY,Pearson plc,False,False,False,True,False,False,False,False,False,False,relisted_after_event,1,False
rPSX-2026-08-18-1,rPSX,2026-08-18,True,,1.27,,True,False,,,2026-06-11,68.0,EQUITY,Phillips 66,False,False,False,False,False,False,False,False,False,False,,0,True
rQQQI-2026-08-19-1,rQQQI,2026-08-19,True,,0.6518,,True,False,28.0,,2026-06-23,57.0,ETF,NEOS NASDAQ-100(R) High Income ETF,False,False,False,False,False,False,False,False,False,False,,0,True
rR-2026-08-24-1,rR,2026-08-24,False,,1.01,,True,False,,,2026-09-07,-14.0,EQUITY,"Ryder System, Inc.",False,False,False,True,False,False,False,False,False,False,relisted_after_event,1,False
rQ-2026-08-31-1,rQ,2026-08-31,False,,0.08,,True,False,,,2026-09-07,-7.0,EQUITY,"Qnity Electronics, Inc.",False,False,False,True,False,False,False,False,False,False,relisted_after_event,1,False
rQCOM-2026-09-03-1,rQCOM,2026-09-03,True,,0.92,,True,False,91.0,,2026-06-02,93.0,EQUITY,QUALCOMM Incorporated,False,False,False,False,False,False,False,False,False,False,,0,True
rPYPL-2026-09-04-1,rPYPL,2026-09-04,True,,0.14,,True,False,92.0,,2026-06-08,88.0,EQUITY,"PayPal Holdings, Inc.",False,False,False,False,False,False,False,False,False,False,,0,True
rPUK-2026-09-11-1,rPUK,2026-09-11,False,,0.1676,,True,False,,,,,EQUITY,Prudential plc,False,False,False,False,False,False,False,False,True,False,underlying_check_failed,1,False
rQQQI-2026-09-16-1,rQQQI,2026-09-16,True,,0.6339,,True,False,28.0,,2026-06-23,85.0,ETF,NEOS NASDAQ-100(R) High Income ETF,False,False,False,False,False,False,False,False,False,False,,0,True
rQSR-2026-09-18-1,rQSR,2026-09-18,True,,0.65,,True,False,87.0,,2026-08-11,38.0,EQUITY,Restaurant Brands International Inc.,False,False,False,False,False,False,False,False,False,False,,0,True
rPWR-2026-10-01-1,rPWR,2026-10-01,False,,0.11,,True,False,92.0,,,,EQUITY,"Quanta Services, Inc.",False,False,False,False,False,False,False,False,True,False,underlying_check_failed,1,False
rRF-2026-06-01-1,rRF,2026-06-01,False,,0.265,,True,False,92.0,,2026-08-11,-71.0,EQUITY,Regions Financial Corporation,False,False,False,True,False,False,False,False,False,False,relisted_after_event,1,False
rRDN-2026-06-02-1,rRDN,2026-06-02,False,,0.255,,True,False,83.0,,2026-09-11,-101.0,EQUITY,Radian Group Inc.,False,False,False,True,False,False,False,False,False,False,relisted_after_event,1,False
rRCL-2026-06-03-1,rRCL,2026-06-03,False,,1.5,,True,False,106.0,,2026-06-11,-8.0,EQUITY,Royal Caribbean Cruises Ltd.,False,False,False,True,False,False,False,False,False,False,relisted_after_event,1,False
rRAL-2026-06-08-1,rRAL,2026-06-08,False,,0.05,,True,False,92.0,,2026-09-11,-95.0,EQUITY,Ralliant Corporation,False,False,False,True,False,False,False,False,False,False,relisted_after_event,1,False
rRCI-2026-06-09-1,rRCI,2026-06-09,False,,0.3657564,,True,False,91.0,,,,EQUITY,Rogers Communications Inc.,False,False,False,False,False,False,False,False,True,False,underlying_check_failed,1,False
rREG-2026-06-12-1,rREG,2026-06-12,False,,0.755,,True,False,91.0,,2026-09-07,-87.0,EQUITY,Regency Centers Corporation,False,False,False,True,False,False,False,False,False,False,relisted_after_event,1,False
rREXR-2026-06-30-1,rREXR,2026-06-30,False,,0.435,,True,False,92.0,,2026-09-11,-73.0,EQUITY,"Rexford Industrial Realty, Inc.",False,False,False,True,False,False,False,False,False,False,relisted_after_event,1,False
rRDY-2026-07-24-1,rRDY,2026-07-24,False,,0.064257,,True,False,,,,,EQUITY,Dr. Reddy's Laboratories Limited,False,False,False,False,False,False,False,False,True,False,underlying_check_failed,1,False
rREZI-2026-08-04-1,rREZI,2026-08-04,False,,,,False,False,,0.0,,,,,False,False,True,False,False,False,False,False,True,False,noncash_action_30d;underlying_check_failed,2,False
rRELX-2026-08-07-1,rRELX,2026-08-07,False,,0.278513,,True,False,,,2026-09-07,-31.0,EQUITY,RELX PLC,False,False,False,True,False,False,False,False,False,False,relisted_after_event,1,False
rREYN-2026-08-17-1,rREYN,2026-08-17,False,,0.23,,True,False,,,2026-09-11,-25.0,EQUITY,Reynolds Consumer Products Inc.,False,False,False,True,False,False,False,False,False,False,relisted_after_event,1,False
rREGN-2026-08-18-1,rREGN,2026-08-18,True,,0.94,,True,False,,,2026-06-10,69.0,EQUITY,"Regeneron Pharmaceuticals, Inc.",False,False,False,False,False,False,False,False,False,False,,0,True
rRGA-2026-08-18-1,rRGA,2026-08-18,False,,0.98,,True,False,,,2026-09-07,-20.0,EQUITY,"Reinsurance Group of America, Incorporated",False,False,False,True,False,False,False,False,False,False,relisted_after_event,1,False
rRDN-2026-08-24-1,rRDN,2026-08-24,False,,0.255,,True,False,83.0,,2026-09-11,-18.0,EQUITY,Radian Group Inc.,False,False,False,True,False,False,False,False,False,False,relisted_after_event,1,False
rRBA-2026-08-25-1,rRBA,2026-08-25,False,,0.33,,True,False,,,2026-09-07,-13.0,EQUITY,"RB Global, Inc.",False,False,False,True,False,False,False,False,False,False,relisted_after_event,1,False
rRF-2026-09-01-1,rRF,2026-09-01,True,,0.3,,True,False,92.0,,2026-08-11,21.0,EQUITY,Regions Financial Corporation,False,False,False,False,False,False,False,False,False,False,,0,True
rRAL-2026-09-08-1,rRAL,2026-09-08,False,,0.05,,True,False,92.0,,2026-09-11,-3.0,EQUITY,Ralliant Corporation,False,False,False,True,False,False,False,False,False,False,relisted_after_event,1,False
rRCI-2026-09-08-1,rRCI,2026-09-08,False,,0.35495,,True,False,91.0,,,,EQUITY,Rogers Communications Inc.,False,False,False,False,False,False,False,False,True,False,underlying_check_failed,1,False
rREG-2026-09-11-1,rREG,2026-09-11,True,,0.755,,True,False,91.0,,2026-09-07,4.0,EQUITY,Regency Centers Corporation,False,False,False,False,False,False,False,False,False,False,,0,True
rRCL-2026-09-17-1,rRCL,2026-09-17,True,,1.5,,True,False,106.0,,2026-06-11,98.0,EQUITY,Royal Caribbean Cruises Ltd.,False,False,False,False,False,False,False,False,False,False,,0,True
rREXR-2026-09-30-1,rREXR,2026-09-30,False,,0.435,,True,False,92.0,,,,EQUITY,"Rexford Industrial Realty, Inc.",False,False,False,False,False,False,False,False,True,False,underlying_check_failed,1,False
rROST-2026-06-09-1,rROST,2026-06-09,False,,0.445,,True,False,91.0,,2026-06-11,-2.0,EQUITY,"Ross Stores, Inc.",False,False,False,True,False,False,False,False,False,False,relisted_after_event,1,False
rRNR-2026-06-15-1,rRNR,2026-06-15,False,,0.41,,True,False,92.0,,2026-09-07,-84.0,EQUITY,RenaissanceRe Holdings Ltd.,False,False,False,True,False,False,False,False,False,False,relisted_after_event,1,False
rRL-2026-06-26-1,rRL,2026-06-26,False,,1.0,,True,False,91.0,,2026-08-11,-46.0,EQUITY,Ralph Lauren Corporation,False,False,False,True,False,False,False,False,False,False,relisted_after_event,1,False
rRHP-2026-06-30-1,rRHP,2026-06-30,False,,1.2,,True,False,92.0,,2026-09-11,-73.0,EQUITY,"Ryman Hospitality Properties, Inc.",False,False,False,True,False,False,False,False,False,False,relisted_after_event,1,False
rRJF-2026-07-01-1,rRJF,2026-07-01,False,,0.54,,True,False,92.0,,2026-09-07,-68.0,EQUITY,"Raymond James Financial, Inc.",False,False,False,True,False,False,False,False,False,False,relisted_after_event,1,False
rRITM-2026-07-02-1,rRITM,2026-07-02,False,,0.25,,True,False,,,2026-09-11,-71.0,EQUITY,Rithm Capital Corp.,False,False,False,True,False,False,False,False,False,False,relisted_after_event,1,False
rROP-2026-07-08-1,rROP,2026-07-08,False,,0.91,,True,False,86.0,,2026-07-24,-16.0,EQUITY,"Roper Technologies, Inc.",False,False,False,True,False,False,False,False,False,False,relisted_after_event,1,False
rRPM-2026-07-14-1,rRPM,2026-07-14,False,,0.54,,True,False,,,2026-09-07,-55.0,EQUITY,RPM International Inc.,False,False,False,True,False,False,False,False,False,False,relisted_after_event,1,False
rROL-2026-08-10-1,rROL,2026-08-10,False,,0.1825,,True,False,,,2026-08-11,-1.0,EQUITY,"Rollins, Inc.",False,False,False,True,False,False,False,False,False,False,relisted_after_event,1,False
rRIO-2026-08-14-1,rRIO,2026-08-14,True,,2.11,,True,False,,,2026-06-10,65.0,EQUITY,Rio Tinto Group,False,False,False,False,False,False,False,True,False,False,high_yield_2pct,1,False
rRPRX-2026-08-14-1,rRPRX,2026-08-14,True,,0.235,,True,False,,,2026-07-27,18.0,EQUITY,Royalty Pharma plc,False,False,False,False,False,False,False,False,False,False,,0,True
rROK-2026-08-17-1,rROK,2026-08-17,True,,1.38,,True,False,,,2026-06-11,67.0,EQUITY,"Rockwell Automation, Inc.",False,False,False,False,True,False,False,False,False,False,ex_date_after_gap,1,False
rRMD-2026-08-20-1,rRMD,2026-08-20,True,,0.66,,True,False,,,2026-08-04,16.0,EQUITY,ResMed Inc.,False,False,False,False,False,False,False,False,False,False,,0,True
rRLI-2026-08-31-1,rRLI,2026-08-31,False,,0.18,,True,False,,,2026-09-11,-11.0,EQUITY,RLI Corp.,False,False,False,True,False,False,False,False,False,False,relisted_after_event,1,False
rROST-2026-09-08-1,rROST,2026-09-08,True,,0.445,,True,False,91.0,,2026-06-11,89.0,EQUITY,"Ross Stores, Inc.",False,False,False,False,True,False,False,False,False,False,ex_date_after_gap,1,False
rRNR-2026-09-15-1,rRNR,2026-09-15,True,,0.41,,True,False,92.0,,2026-09-07,8.0,EQUITY,RenaissanceRe Holdings Ltd.,False,False,False,False,False,False,False,False,False,False,,0,True
rRL-2026-09-25-1,rRL,2026-09-25,False,,1.0,,True,False,91.0,,,,EQUITY,Ralph Lauren Corporation,False,False,False,False,False,False,False,False,True,False,underlying_check_failed,1,False
rRHP-2026-09-30-1,rRHP,2026-09-30,False,,1.2,,True,False,92.0,,,,EQUITY,"Ryman Hospitality Properties, Inc.",False,False,False,False,False,False,False,False,True,False,underlying_check_failed,1,False
rRJF-2026-10-01-1,rRJF,2026-10-01,False,,0.54,,True,False,92.0,,,,EQUITY,"Raymond James Financial, Inc.",False,False,False,False,False,False,False,False,True,False,underlying_check_failed,1,False
rROP-2026-10-02-1,rROP,2026-10-02,False,,0.91,,True,False,86.0,,2026-07-24,70.0,EQUITY,"Roper Technologies, Inc.",False,False,False,False,False,False,False,False,True,False,underlying_check_failed,1,False
rRRC-2026-06-12-1,rRRC,2026-06-12,False,,0.1,,True,False,91.0,,2026-09-11,-91.0,EQUITY,Range Resources Corporation,False,False,False,True,False,False,False,False,False,False,relisted_after_event,1,False
rRRR-2026-06-15-1,rRRR,2026-06-15,False,,0.26,,True,False,92.0,,2026-09-11,-88.0,EQUITY,"Red Rock Resorts, Inc.",False,False,False,True,False,False,False,False,False,False,relisted_after_event,1,False
rRYN-2026-06-16-1,rRYN,2026-06-16,False,,0.26,,True,False,92.0,,2026-09-11,-87.0,EQUITY,Rayonier Inc.,False,False,False,True,False,False,False,False,False,False,relisted_after_event,1,False
rRRX-2026-06-30-1,rRRX,2026-06-30,False,,0.35,,True,False,92.0,,2026-09-07,-69.0,EQUITY,Regal Rexnord Corporation,False,False,False,True,False,False,False,False,False,False,relisted_after_event,1,False
rRSG-2026-07-02-1,rRSG,2026-07-02,True,,0.625,,True,False,92.0,,2026-06-11,21.0,EQUITY,"Republic Services, Inc.",False,False,False,False,False,False,False,False,False,False,,0,True
rSAIC-2026-07-10-1,rSAIC,2026-07-10,False,,0.37,,True,False,91.0,,2026-09-11,-63.0,EQUITY,Science Applications International Corporation,False,False,False,True,False,False,False,False,False,False,relisted_after_event,1,False
rRVTY-2026-07-17-1,rRVTY,2026-07-17,False,,0.07,,True,False,98.0,,2026-09-07,-52.0,EQUITY,"Revvity, Inc.",False,False,False,True,False,False,False,False,False,False,relisted_after_event,1,False
rRYAN-2026-08-11-1,rRYAN,2026-08-11,False,,0.13,,True,False,,,2026-09-07,-27.0,EQUITY,"Ryan Specialty Holdings, Inc.",False,False,False,True,False,False,False,False,False,False,relisted_after_event,1,False
rRS-2026-08-14-1,rRS,2026-08-14,False,,1.25,,True,False,,,2026-09-07,-24.0,EQUITY,"Reliance, Inc.",False,False,False,True,False,False,False,False,False,False,relisted_after_event,1,False
rRTO-2026-08-14-1,rRTO,2026-08-14,False,,0.1792,,True,False,,,,,EQUITY,Rentokil Initial plc,False,False,False,False,False,False,False,False,True,False,underlying_check_failed,1,False
rRTX-2026-08-14-1,rRTX,2026-08-14,True,,0.73,,True,False,,,2026-06-02,73.0,EQUITY,RTX Corporation,False,False,False,False,False,False,False,False,False,False,,0,True
rRUSHA-2026-09-01-1,rRUSHA,2026-09-01,False,,,,False,False,8.0,0.0,,,EQUITY,"Rush Enterprises, Inc.",False,False,True,False,False,False,False,False,True,False,noncash_action_30d;underlying_check_failed,2,False
rRUSHB-2026-09-01-1,rRUSHB,2026-09-01,False,,,,False,False,8.0,0.0,,,EQUITY,"Rush Enterprises, Inc.",False,False,True,False,False,False,False,False,True,False,noncash_action_30d;underlying_check_failed,2,False
rRUSHA-2026-09-09-1,rRUSHA,2026-09-09,False,,0.14,,True,False,,8.0,2026-09-11,-2.0,EQUITY,"Rush Enterprises, Inc.",False,False,True,True,False,False,False,False,False,False,noncash_action_30d;relisted_after_event,2,False
rRUSHB-2026-09-09-1,rRUSHB,2026-09-09,False,,0.14,,True,False,,8.0,2026-09-11,-2.0,EQUITY,"Rush Enterprises, Inc.",False,False,True,True,False,False,False,False,False,False,noncash_action_30d;relisted_after_event,2,False
rRRC-2026-09-11-1,rRRC,2026-09-11,False,,0.1,,True,False,91.0,,2026-09-11,0.0,EQUITY,Range Resources Corporation,False,False,False,False,False,False,False,False,False,False,,0,False
rRRR-2026-09-15-1,rRRR,2026-09-15,True,,0.26,,True,False,92.0,,2026-09-11,4.0,EQUITY,"Red Rock Resorts, Inc.",False,False,False,False,False,False,False,False,False,False,,0,True
rRYN-2026-09-16-1,rRYN,2026-09-16,True,,0.26,,True,False,92.0,,2026-09-11,5.0,EQUITY,Rayonier Inc.,False,False,False,False,False,False,False,False,False,False,,0,True
rRRX-2026-09-30-1,rRRX,2026-09-30,False,,0.35,,True,False,92.0,,,,EQUITY,Regal Rexnord Corporation,False,False,False,False,False,False,False,False,True,False,underlying_check_failed,1,False
rRSG-2026-10-02-1,rRSG,2026-10-02,False,,0.67,,True,False,92.0,,,,EQUITY,"Republic Services, Inc.",False,False,False,False,False,False,False,False,True,False,underlying_check_failed,1,False
rSAIC-2026-10-09-1,rSAIC,2026-10-09,False,,0.37,,True,False,91.0,,2026-09-11,28.0,EQUITY,Science Applications International Corporation,False,False,False,False,False,False,False,False,True,False,underlying_check_failed,1,False
rRVTY-2026-10-23-1,rRVTY,2026-10-23,False,,0.07,,True,False,98.0,,,,EQUITY,"Revvity, Inc.",False,False,False,False,False,False,False,False,True,False,underlying_check_failed,1,False
rSATA-2026-06-01-1,rSATA,2026-06-01,False,,1.0833,,True,False,14.0,,2026-07-07,-36.0,EQUITY,"Strive, Inc.",False,False,False,True,False,False,False,False,False,False,relisted_after_event,1,False
rSF-2026-06-01-1,rSF,2026-06-01,False,,0.34,,True,False,92.0,,2026-09-07,-98.0,EQUITY,Stifel Financial Corp.,False,False,False,True,False,False,False,False,False,False,relisted_after_event,1,False
rSGOV-2026-06-01-1,rSGOV,2026-06-01,False,,0.299492,,True,False,30.0,,2026-06-09,-8.0,ETF,iShares 0-3 Month Treasury Bond ETF,False,False,False,True,False,False,False,False,False,False,relisted_after_event,1,False
rSEI-2026-06-02-1,rSEI,2026-06-02,False,,0.12,,True,False,105.0,,2026-09-11,-101.0,EQUITY,"Solaris Energy Infrastructure, Inc.",False,False,False,True,False,False,False,False,False,False,relisted_after_event,1,False
rSEIC-2026-06-08-1,rSEIC,2026-06-08,False,,0.52,,True,False,,,2026-09-07,-91.0,EQUITY,SEI Investments Company,False,False,False,True,False,False,False,False,False,False,relisted_after_event,1,False
rSATA-2026-06-15-1,rSATA,2026-06-15,False,,0.0542,,True,False,1.0,,2026-07-07,-22.0,EQUITY,"Strive, Inc.",False,True,False,True,False,False,False,False,False,False,adjacent_cash_event;relisted_after_event,2,False
rSCI-2026-06-15-1,rSCI,2026-06-15,False,,0.36,,True,False,92.0,,2026-09-07,-84.0,EQUITY,Service Corporation International,False,False,False,True,False,False,False,False,False,False,relisted_after_event,1,False
rSATA-2026-06-16-1,rSATA,2026-06-16,False,,0.0542,,True,False,1.0,,2026-07-07,-21.0,EQUITY,"Strive, Inc.",False,True,False,True,False,False,False,False,True,False,adjacent_cash_event;relisted_after_event;underlying_check_failed,3,False
rSATA-2026-06-17-1,rSATA,2026-06-17,False,,0.0542,,True,False,1.0,,2026-07-07,-20.0,EQUITY,"Strive, Inc.",False,True,False,True,False,False,False,False,True,False,adjacent_cash_event;relisted_after_event;underlying_check_failed,3,False
rSATA-2026-06-18-1,rSATA,2026-06-18,False,,0.0542,,True,False,1.0,,2026-07-07,-19.0,EQUITY,"Strive, Inc.",False,True,False,True,False,False,False,False,False,False,adjacent_cash_event;relisted_after_event,2,False
rSATA-2026-06-22-1,rSATA,2026-06-22,False,,0.0542,,True,False,1.0,,2026-07-07,-15.0,EQUITY,"Strive, Inc.",False,True,False,True,False,False,False,False,False,False,adjacent_cash_event;relisted_after_event,2,False
rSATA-2026-06-23-1,rSATA,2026-06-23,False,,0.0542,,True,False,1.0,,2026-07-07,-14.0,EQUITY,"Strive, Inc.",False,True,False,True,False,False,False,False,False,False,adjacent_cash_event;relisted_after_event,2,False
rSGHC-2026-06-23-1,rSGHC,2026-06-23,False,,0.05,,True,False,91.0,,2026-09-11,-80.0,EQUITY,Super Group (SGHC) Limited,False,False,False,True,False,False,False,False,False,False,relisted_after_event,1,False
rSATA-2026-06-24-1,rSATA,2026-06-24,False,,0.0542,,True,False,1.0,,2026-07-07,-13.0,EQUITY,"Strive, Inc.",False,True,False,True,False,False,False,False,False,False,adjacent_cash_event;relisted_after_event,2,False
rSCHD-2026-06-24-1,rSCHD,2026-06-24,True,0.2525,0.2525,1.0,True,False,,,2026-06-23,1.0,ETF,Schwab U.S. Dividend Equity ETF,False,False,False,False,False,False,False,False,False,False,,0,True
rSATA-2026-06-25-1,rSATA,2026-06-25,False,,0.0542,,True,False,1.0,,2026-07-07,-12.0,EQUITY,"Strive, Inc.",False,True,False,True,False,False,False,False,False,False,adjacent_cash_event;relisted_after_event,2,False
rSATA-2026-06-26-1,rSATA,2026-06-26,False,,0.0542,,True,False,1.0,,2026-07-07,-11.0,EQUITY,"Strive, Inc.",False,True,False,True,False,False,False,False,False,False,adjacent_cash_event;relisted_after_event,2,False
rSATA-2026-06-29-1,rSATA,2026-06-29,False,,0.0542,,True,False,1.0,,2026-07-07,-8.0,EQUITY,"Strive, Inc.",False,True,False,True,False,False,False,False,False,False,adjacent_cash_event;relisted_after_event,2,False
rSATA-2026-06-30-1,rSATA,2026-06-30,False,,0.0493,,True,False,1.0,,2026-07-07,-7.0,EQUITY,"Strive, Inc.",False,True,False,True,False,False,False,False,False,False,adjacent_cash_event;relisted_after_event,2,False
rSATA-2026-07-01-1,rSATA,2026-07-01,False,,0.0493,,True,False,1.0,,2026-07-07,-6.0,EQUITY,"Strive, Inc.",False,True,False,True,False,False,False,False,False,False,adjacent_cash_event;relisted_after_event,2,False
rSFBS-2026-07-01-1,rSFBS,2026-07-01,False,,0.38,,True,False,,51.0,,,EQUITY,"ServisFirst Bancshares, Inc.",False,False,False,False,False,False,False,False,True,False,underlying_check_failed,1,False
rSGOV-2026-07-01-1,rSGOV,2026-07-01,True,0.295765,0.295765,1.0,True,False,30.0,,2026-06-09,22.0,ETF,iShares 0-3 Month Treasury Bond ETF,False,False,False,False,False,False,False,False,False,False,,0,True
rSATA-2026-07-02-1,rSATA,2026-07-02,False,,0.0493,,True,False,1.0,,2026-07-07,-5.0,EQUITY,"Strive, Inc.",False,True,False,True,False,False,False,False,False,False,adjacent_cash_event;relisted_after_event,2,False
rSATA-2026-07-06-1,rSATA,2026-07-06,False,,0.0493,,True,False,1.0,,2026-07-07,-1.0,EQUITY,"Strive, Inc.",False,True,False,True,False,False,False,False,False,False,adjacent_cash_event;relisted_after_event,2,False
rSATA-2026-07-07-1,rSATA,2026-07-07,False,,0.0493,,True,False,1.0,,2026-07-07,0.0,EQUITY,"Strive, Inc.",False,True,False,False,False,False,False,False,False,False,adjacent_cash_event,1,False
rSATA-2026-07-08-1,rSATA,2026-07-08,True,,0.0493,,True,False,1.0,,2026-07-07,1.0,EQUITY,"Strive, Inc.",False,True,False,False,False,False,False,False,False,False,adjacent_cash_event,1,False
rSATA-2026-07-09-1,rSATA,2026-07-09,True,0.0493,0.0493,1.0,True,False,1.0,,2026-07-07,2.0,EQUITY,"Strive, Inc.",False,True,False,False,False,False,False,False,False,False,adjacent_cash_event,1,False
rSATA-2026-07-10-1,rSATA,2026-07-10,True,0.0493,0.0493,1.0,True,False,1.0,,2026-07-07,3.0,EQUITY,"Strive, Inc.",False,True,False,False,False,False,False,False,False,False,adjacent_cash_event,1,False
rSATA-2026-07-13-1,rSATA,2026-07-13,True,0.0493,0.0493,1.0,True,False,1.0,,2026-07-07,6.0,EQUITY,"Strive, Inc.",False,True,False,False,True,False,False,False,False,False,adjacent_cash_event;ex_date_after_gap,2,False
rSATA-2026-07-14-1,rSATA,2026-07-14,True,0.0493,0.0493,1.0,True,False,1.0,,2026-07-07,7.0,EQUITY,"Strive, Inc.",False,True,False,False,False,False,False,False,False,False,adjacent_cash_event,1,False
rSATA-2026-07-15-1,rSATA,2026-07-15,True,,0.0493,,True,False,1.0,,2026-07-07,8.0,EQUITY,"Strive, Inc.",False,True,False,False,False,False,False,False,False,False,adjacent_cash_event,1,False
rSATA-2026-07-16-1,rSATA,2026-07-16,True,,0.0493,,True,False,1.0,,2026-07-07,9.0,EQUITY,"Strive, Inc.",False,True,False,False,False,False,False,False,False,False,adjacent_cash_event,1,False
rSATA-2026-07-17-1,rSATA,2026-07-17,True,,0.0493,,True,False,1.0,,2026-07-07,10.0,EQUITY,"Strive, Inc.",False,True,False,False,False,False,False,False,False,False,adjacent_cash_event,1,False
rSATA-2026-07-20-1,rSATA,2026-07-20,True,,0.0493,,True,False,1.0,,2026-07-07,13.0,EQUITY,"Strive, Inc.",False,True,False,False,True,False,False,False,False,False,adjacent_cash_event;ex_date_after_gap,2,False
rSATA-2026-07-21-1,rSATA,2026-07-21,True,0.0493,0.0493,1.0,True,False,1.0,,2026-07-07,14.0,EQUITY,"Strive, Inc.",False,True,False,False,False,False,False,False,False,False,adjacent_cash_event,1,False
rSATA-2026-07-22-1,rSATA,2026-07-22,True,,0.0493,,True,False,1.0,,2026-07-07,15.0,EQUITY,"Strive, Inc.",False,True,False,False,False,False,False,False,False,False,adjacent_cash_event,1,False
rSATA-2026-07-23-1,rSATA,2026-07-23,True,,0.0493,,True,False,1.0,,2026-07-07,16.0,EQUITY,"Strive, Inc.",False,True,False,False,False,False,False,False,False,False,adjacent_cash_event,1,False
rSATA-2026-07-24-1,rSATA,2026-07-24,True,,0.0493,,True,False,1.0,,2026-07-07,17.0,EQUITY,"Strive, Inc.",False,True,False,False,False,False,False,False,False,False,adjacent_cash_event,1,False
rSATA-2026-07-27-1,rSATA,2026-07-27,True,,0.0493,,True,False,1.0,,2026-07-07,20.0,EQUITY,"Strive, Inc.",False,True,False,False,True,False,False,False,False,False,adjacent_cash_event;ex_date_after_gap,2,False
rSATA-2026-07-28-1,rSATA,2026-07-28,True,,0.0493,,True,False,1.0,,2026-07-07,21.0,EQUITY,"Strive, Inc.",False,True,False,False,False,False,False,False,False,False,adjacent_cash_event,1,False
rSATA-2026-07-29-1,rSATA,2026-07-29,True,,0.0493,,True,False,1.0,,2026-07-07,22.0,EQUITY,"Strive, Inc.",False,True,False,False,False,False,False,False,False,False,adjacent_cash_event,1,False
rSATA-2026-07-30-1,rSATA,2026-07-30,True,,0.0493,,True,False,1.0,,2026-07-07,23.0,EQUITY,"Strive, Inc.",False,True,False,False,False,False,False,False,False,False,adjacent_cash_event,1,False
rSATA-2026-07-31-1,rSATA,2026-07-31,True,,0.0516,,True,False,1.0,,2026-07-07,24.0,EQUITY,"Strive, Inc.",False,True,False,False,False,False,False,False,False,False,adjacent_cash_event,1,False
rSATA-2026-08-03-1,rSATA,2026-08-03,True,,0.0516,,True,False,1.0,,2026-07-07,27.0,EQUITY,"Strive, Inc.",False,True,False,False,True,False,False,False,False,False,adjacent_cash_event;ex_date_after_gap,2,False
rSGOV-2026-08-03-1,rSGOV,2026-08-03,True,,0.30681199,,True,False,29.0,,2026-06-09,55.0,ETF,iShares 0-3 Month Treasury Bond ETF,False,False,False,False,True,False,False,False,False,False,ex_date_after_gap,1,False
rSATA-2026-08-04-1,rSATA,2026-08-04,True,,0.0516,,True,False,1.0,,2026-07-07,28.0,EQUITY,"Strive, Inc.",False,True,False,False,False,False,False,False,False,False,adjacent_cash_event,1,False
rSATA-2026-08-05-1,rSATA,2026-08-05,True,,0.0516,,True,False,1.0,,2026-07-07,29.0,EQUITY,"Strive, Inc.",False,True,False,False,False,False,False,False,False,False,adjacent_cash_event,1,False
rSATA-2026-08-06-1,rSATA,2026-08-06,True,,0.0516,,True,False,1.0,,2026-07-07,30.0,EQUITY,"Strive, Inc.",False,True,False,False,False,False,False,False,False,False,adjacent_cash_event,1,False
rSATA-2026-08-07-1,rSATA,2026-08-07,True,,0.0516,,True,False,1.0,,2026-07-07,31.0,EQUITY,"Strive, Inc.",False,True,False,False,False,False,False,False,False,False,adjacent_cash_event,1,False
rSATA-2026-08-10-1,rSATA,2026-08-10,True,,0.0516,,True,False,1.0,,2026-07-07,34.0,EQUITY,"Strive, Inc.",False,True,False,False,True,False,False,False,False,False,adjacent_cash_event;ex_date_after_gap,2,False
rSATA-2026-08-11-1,rSATA,2026-08-11,True,,0.0516,,True,False,1.0,,2026-07-07,35.0,EQUITY,"Strive, Inc.",False,True,False,False,False,False,False,False,False,False,adjacent_cash_event,1,False
rSCCO-2026-08-11-1,rSCCO,2026-08-11,False,,1.1,,True,False,,0.0,,,EQUITY,Southern Copper Corporation,False,False,True,False,False,False,False,False,True,False,noncash_action_30d;underlying_check_failed,2,False
rSCCO-2026-08-11-2,rSCCO,2026-08-11,False,,1.1,,True,False,,0.0,,,EQUITY,Southern Copper Corporation,False,False,True,False,False,False,False,False,True,False,noncash_action_30d;underlying_check_failed,2,False
rSATA-2026-08-12-1,rSATA,2026-08-12,True,,0.0516,,True,False,1.0,,2026-07-07,36.0,EQUITY,"Strive, Inc.",False,True,False,False,False,False,False,False,False,False,adjacent_cash_event,1,False
rSATA-2026-08-13-1,rSATA,2026-08-13,True,,0.0516,,True,False,1.0,,2026-07-07,37.0,EQUITY,"Strive, Inc.",False,True,False,False,False,False,False,False,False,False,adjacent_cash_event,1,False
rSFD-2026-08-13-1,rSFD,2026-08-13,False,,0.3125,,True,False,,,2026-09-07,-25.0,EQUITY,"Smithfield Foods, Inc.",False,False,False,True,False,False,False,False,False,False,relisted_after_event,1,False
rSATA-2026-08-14-1,rSATA,2026-08-14,True,,0.0516,,True,False,1.0,,2026-07-07,38.0,EQUITY,"Strive, Inc.",False,True,False,False,False,False,False,False,False,False,adjacent_cash_event,1,False
rSBRA-2026-08-14-1,rSBRA,2026-08-14,False,,0.3,,True,False,,,2026-09-11,-28.0,EQUITY,"Sabra Health Care REIT, Inc.",False,False,False,True,False,False,False,False,False,False,relisted_after_event,1,False
rSBUX-2026-08-14-1,rSBUX,2026-08-14,True,,0.62,,True,False,,,2026-06-10,65.0,EQUITY,Starbucks Corporation,False,False,False,False,False,False,False,False,False,False,,0,True
rSCHW-2026-08-14-1,rSCHW,2026-08-14,True,,0.32,,True,False,,,2026-06-05,70.0,EQUITY,The Charles Schwab Corporation,False,False,False,False,False,False,False,False,False,False,,0,True
rSEB-2026-08-14-1,rSEB,2026-08-14,False,,2.25,,True,False,,,2026-09-11,-28.0,EQUITY,Seaboard Corporation,False,False,False,True,False,False,False,False,False,False,relisted_after_event,1,False
rSATA-2026-08-17-1,rSATA,2026-08-17,True,,0.0516,,True,False,1.0,,2026-07-07,41.0,EQUITY,"Strive, Inc.",False,True,False,False,True,False,False,False,False,False,adjacent_cash_event;ex_date_after_gap,2,False
rSATA-2026-08-18-1,rSATA,2026-08-18,True,,0.0516,,True,False,1.0,,2026-07-07,42.0,EQUITY,"Strive, Inc.",False,True,False,False,False,False,False,False,False,False,adjacent_cash_event,1,False
rSATA-2026-08-19-1,rSATA,2026-08-19,True,,0.0516,,True,False,1.0,,2026-07-07,43.0,EQUITY,"Strive, Inc.",False,True,False,False,False,False,False,False,False,False,adjacent_cash_event,1,False
rSATA-2026-08-20-1,rSATA,2026-08-20,True,,0.0516,,True,False,1.0,,2026-07-07,44.0,EQUITY,"Strive, Inc.",False,True,False,False,False,False,False,False,False,False,adjacent_cash_event,1,False
rSBAC-2026-08-20-1,rSBAC,2026-08-20,False,,1.25,,True,False,,,2026-09-07,-18.0,EQUITY,SBA Communications Corporation,False,False,False,True,False,False,False,False,False,False,relisted_after_event,1,False
rSGI-2026-08-20-1,rSGI,2026-08-20,False,,0.17,,True,False,,,2026-09-07,-18.0,EQUITY,Somnigroup International Inc.,False,False,False,True,False,False,False,False,False,False,relisted_after_event,1,False
rSATA-2026-08-21-1,rSATA,2026-08-21,True,,0.0516,,True,False,1.0,,2026-07-07,45.0,EQUITY,"Strive, Inc.",False,True,False,False,False,False,False,False,False,False,adjacent_cash_event,1,False
rSFBS-2026-08-21-1,rSFBS,2026-08-21,False,,,,False,False,51.0,0.0,,,EQUITY,"ServisFirst Bancshares, Inc.",False,False,True,False,False,False,False,False,True,False,noncash_action_30d;underlying_check_failed,2,False
rSATA-2026-08-24-1,rSATA,2026-08-24,True,,0.0516,,True,False,1.0,,2026-07-07,48.0,EQUITY,"Strive, Inc.",False,True,False,False,True,False,False,False,False,False,adjacent_cash_event;ex_date_after_gap,2,False
rSATA-2026-08-25-1,rSATA,2026-08-25,True,,0.0516,,True,False,1.0,,2026-07-07,49.0,EQUITY,"Strive, Inc.",False,True,False,False,False,False,False,False,False,False,adjacent_cash_event,1,False
rSATA-2026-08-26-1,rSATA,2026-08-26,True,,0.0516,,True,False,1.0,,2026-07-07,50.0,EQUITY,"Strive, Inc.",False,True,False,False,False,False,False,False,False,False,adjacent_cash_event,1,False
rSATA-2026-08-27-1,rSATA,2026-08-27,True,,0.0516,,True,False,1.0,,2026-07-07,51.0,EQUITY,"Strive, Inc.",False,True,False,False,False,False,False,False,False,False,adjacent_cash_event,1,False
rSATA-2026-08-28-1,rSATA,2026-08-28,True,,0.0516,,True,False,1.0,,2026-07-07,52.0,EQUITY,"Strive, Inc.",False,True,False,False,False,False,False,False,False,False,adjacent_cash_event,1,False
rSATA-2026-08-31-1,rSATA,2026-08-31,True,,0.0516,,True,False,1.0,,2026-07-07,55.0,EQUITY,"Strive, Inc.",False,True,False,False,True,False,False,False,False,False,adjacent_cash_event;ex_date_after_gap,2,False
rSATA-2026-09-01-1,rSATA,2026-09-01,True,,0.0516,,True,False,1.0,,2026-07-07,56.0,EQUITY,"Strive, Inc.",False,True,False,False,False,False,False,False,False,False,adjacent_cash_event,1,False
rSF-2026-09-01-1,rSF,2026-09-01,False,,0.34,,True,False,92.0,,2026-09-07,-6.0,EQUITY,Stifel Financial Corp.,False,False,False,True,False,False,False,False,False,False,relisted_after_event,1,False
rSGOV-2026-09-01-1,rSGOV,2026-09-01,True,,0.307098,,True,False,29.0,,2026-06-09,84.0,ETF,iShares 0-3 Month Treasury Bond ETF,False,False,False,False,False,False,False,False,False,False,,0,True
rSATA-2026-09-02-1,rSATA,2026-09-02,True,,0.0516,,True,False,1.0,,2026-07-07,57.0,EQUITY,"Strive, Inc.",False,True,False,False,False,False,False,False,False,False,adjacent_cash_event,1,False
rSATA-2026-09-03-1,rSATA,2026-09-03,True,,0.0516,,True,False,1.0,,2026-07-07,58.0,EQUITY,"Strive, Inc.",False,True,False,False,False,False,False,False,False,False,adjacent_cash_event,1,False
rSATA-2026-09-04-1,rSATA,2026-09-04,True,,0.0516,,True,False,1.0,,2026-07-07,59.0,EQUITY,"Strive, Inc.",False,True,False,False,False,False,False,False,False,False,adjacent_cash_event,1,False
rSATA-2026-09-08-1,rSATA,2026-09-08,True,,0.0516,,True,False,1.0,,2026-07-07,63.0,EQUITY,"Strive, Inc.",False,True,False,False,True,False,False,False,False,False,adjacent_cash_event;ex_date_after_gap,2,False
rSATA-2026-09-09-1,rSATA,2026-09-09,True,,0.0516,,True,False,1.0,,2026-07-07,64.0,EQUITY,"Strive, Inc.",False,True,False,False,False,False,False,False,False,False,adjacent_cash_event,1,False
rSATA-2026-09-10-1,rSATA,2026-09-10,True,,0.0516,,True,False,1.0,,2026-07-07,65.0,EQUITY,"Strive, Inc.",False,True,False,False,False,False,False,False,False,False,adjacent_cash_event,1,False
rSATA-2026-09-11-1,rSATA,2026-09-11,True,,0.0516,,True,False,1.0,,2026-07-07,66.0,EQUITY,"Strive, Inc.",False,True,False,False,False,False,False,False,False,False,adjacent_cash_event,1,False
rSATA-2026-09-14-1,rSATA,2026-09-14,True,,0.0516,,True,False,1.0,,2026-07-07,69.0,EQUITY,"Strive, Inc.",False,True,False,False,True,False,False,False,False,False,adjacent_cash_event;ex_date_after_gap,2,False
rSATA-2026-09-15-1,rSATA,2026-09-15,True,,0.0516,,True,False,1.0,,2026-07-07,70.0,EQUITY,"Strive, Inc.",False,True,False,False,False,False,False,False,False,False,adjacent_cash_event,1,False
rSCI-2026-09-15-1,rSCI,2026-09-15,True,,0.36,,True,False,92.0,,2026-09-07,8.0,EQUITY,Service Corporation International,False,False,False,False,False,False,False,False,False,False,,0,True
rSEI-2026-09-15-1,rSEI,2026-09-15,True,,0.12,,True,False,105.0,,2026-09-11,4.0,EQUITY,"Solaris Energy Infrastructure, Inc.",False,False,False,False,False,False,False,False,False,False,,0,True
rSATA-2026-09-16-1,rSATA,2026-09-16,True,,0.0516,,True,False,1.0,,2026-07-07,71.0,EQUITY,"Strive, Inc.",False,True,False,False,False,False,False,False,True,False,adjacent_cash_event;underlying_check_failed,2,False
rSATA-2026-09-17-1,rSATA,2026-09-17,False,,0.0516,,True,False,1.0,,2026-07-07,72.0,EQUITY,"Strive, Inc.",False,True,False,False,False,False,False,False,True,False,adjacent_cash_event;underlying_check_failed,2,False
rSATA-2026-09-18-1,rSATA,2026-09-18,False,,0.0516,,True,False,1.0,,2026-07-07,73.0,EQUITY,"Strive, Inc.",False,True,False,False,False,False,False,False,True,False,adjacent_cash_event;underlying_check_failed,2,False
rSBSW-2026-09-18-1,rSBSW,2026-09-18,False,,0.398816,,True,False,,,,,EQUITY,Sibanye Stillwater Limited,False,False,False,False,False,False,False,False,True,False,underlying_check_failed,1,False
rSATA-2026-09-21-1,rSATA,2026-09-21,False,,0.0516,,True,False,1.0,,2026-07-07,76.0,EQUITY,"Strive, Inc.",False,True,False,False,False,False,False,False,True,False,adjacent_cash_event;underlying_check_failed,2,False
rSATA-2026-09-22-1,rSATA,2026-09-22,False,,0.0516,,True,False,1.0,,2026-07-07,77.0,EQUITY,"Strive, Inc.",False,True,False,False,False,False,False,False,True,False,adjacent_cash_event;underlying_check_failed,2,False
rSGHC-2026-09-22-1,rSGHC,2026-09-22,False,,0.05,,True,False,91.0,,,,EQUITY,Super Group (SGHC) Limited,False,False,False,False,False,False,False,False,True,False,underlying_check_failed,1,False
rSATA-2026-09-23-1,rSATA,2026-09-23,False,,0.0516,,True,False,1.0,,2026-07-07,78.0,EQUITY,"Strive, Inc.",False,True,False,False,False,False,False,False,True,False,adjacent_cash_event;underlying_check_failed,2,False
rSATA-2026-09-24-1,rSATA,2026-09-24,False,,0.0516,,True,False,1.0,,2026-07-07,79.0,EQUITY,"Strive, Inc.",False,True,False,False,False,False,False,False,True,False,adjacent_cash_event;underlying_check_failed,2,False
rSATA-2026-09-25-1,rSATA,2026-09-25,False,,0.0516,,True,False,1.0,,2026-07-07,80.0,EQUITY,"Strive, Inc.",False,True,False,False,False,False,False,False,True,False,adjacent_cash_event;underlying_check_failed,2,False
rSATA-2026-09-28-1,rSATA,2026-09-28,False,,0.0516,,True,False,1.0,,2026-07-07,83.0,EQUITY,"Strive, Inc.",False,True,False,False,False,False,False,False,True,False,adjacent_cash_event;underlying_check_failed,2,False
rSATA-2026-09-29-1,rSATA,2026-09-29,False,,0.0516,,True,False,1.0,,2026-07-07,84.0,EQUITY,"Strive, Inc.",False,True,False,False,False,False,False,False,True,False,adjacent_cash_event;underlying_check_failed,2,False
rSATA-2026-09-30-1,rSATA,2026-09-30,False,,0.0516,,True,False,1.0,,,,EQUITY,"Strive, Inc.",False,True,False,False,False,False,False,False,True,False,adjacent_cash_event;underlying_check_failed,2,False
rSATA-2026-10-01-1,rSATA,2026-10-01,False,,0.0516,,True,False,1.0,,,,EQUITY,"Strive, Inc.",False,True,False,False,False,False,False,False,True,False,adjacent_cash_event;underlying_check_failed,2,False
rSATA-2026-10-02-1,rSATA,2026-10-02,False,,0.0516,,True,False,1.0,,,,EQUITY,"Strive, Inc.",False,True,False,False,False,False,False,False,True,False,adjacent_cash_event;underlying_check_failed,2,False
rSATA-2026-10-05-1,rSATA,2026-10-05,False,,0.0516,,True,False,1.0,,,,EQUITY,"Strive, Inc.",False,True,False,False,False,False,False,False,True,False,adjacent_cash_event;underlying_check_failed,2,False
rSATA-2026-10-06-1,rSATA,2026-10-06,False,,0.0516,,True,False,1.0,,,,EQUITY,"Strive, Inc.",False,True,False,False,False,False,False,False,True,False,adjacent_cash_event;underlying_check_failed,2,False
rSATA-2026-10-07-1,rSATA,2026-10-07,False,,0.0516,,True,False,1.0,,,,EQUITY,"Strive, Inc.",False,True,False,False,False,False,False,False,True,False,adjacent_cash_event;underlying_check_failed,2,False
rSATA-2026-10-08-1,rSATA,2026-10-08,False,,0.0516,,True,False,1.0,,,,EQUITY,"Strive, Inc.",False,True,False,False,False,False,False,False,True,False,adjacent_cash_event;underlying_check_failed,2,False
rSATA-2026-10-09-1,rSATA,2026-10-09,False,,0.0516,,True,False,1.0,,,,EQUITY,"Strive, Inc.",False,True,False,False,False,False,False,False,True,False,adjacent_cash_event;underlying_check_failed,2,False
rSATA-2026-10-13-1,rSATA,2026-10-13,False,,0.0516,,True,False,1.0,,,,EQUITY,"Strive, Inc.",False,True,False,False,False,False,False,False,True,False,adjacent_cash_event;underlying_check_failed,2,False
rSATA-2026-10-14-1,rSATA,2026-10-14,False,,0.0516,,True,False,1.0,,,,EQUITY,"Strive, Inc.",False,True,False,False,False,False,False,False,True,False,adjacent_cash_event;underlying_check_failed,2,False
rSATA-2026-10-15-1,rSATA,2026-10-15,False,,0.0516,,True,False,1.0,,,,EQUITY,"Strive, Inc.",False,True,False,False,False,False,False,False,True,False,adjacent_cash_event;underlying_check_failed,2,False
rSATA-2026-10-16-1,rSATA,2026-10-16,False,,0.0516,,True,False,1.0,,,,EQUITY,"Strive, Inc.",False,True,False,False,False,False,False,False,True,False,adjacent_cash_event;underlying_check_failed,2,False
rSATA-2026-10-19-1,rSATA,2026-10-19,False,,0.0516,,True,False,1.0,,,,EQUITY,"Strive, Inc.",False,True,False,False,False,False,False,False,True,False,adjacent_cash_event;underlying_check_failed,2,False
rSATA-2026-10-20-1,rSATA,2026-10-20,False,,0.0516,,True,False,1.0,,,,EQUITY,"Strive, Inc.",False,True,False,False,False,False,False,False,True,False,adjacent_cash_event;underlying_check_failed,2,False
rSATA-2026-10-21-1,rSATA,2026-10-21,False,,0.0516,,True,False,1.0,,,,EQUITY,"Strive, Inc.",False,True,False,False,False,False,False,False,True,False,adjacent_cash_event;underlying_check_failed,2,False
rSATA-2026-10-22-1,rSATA,2026-10-22,False,,0.0516,,True,False,1.0,,,,EQUITY,"Strive, Inc.",False,True,False,False,False,False,False,False,True,False,adjacent_cash_event;underlying_check_failed,2,False
rSATA-2026-10-23-1,rSATA,2026-10-23,False,,0.0516,,True,False,1.0,,,,EQUITY,"Strive, Inc.",False,True,False,False,False,False,False,False,True,False,adjacent_cash_event;underlying_check_failed,2,False
rSATA-2026-10-26-1,rSATA,2026-10-26,False,,0.0516,,True,False,3.0,,,,EQUITY,"Strive, Inc.",False,False,False,False,False,False,False,False,True,False,underlying_check_failed,1,False
rSHY-2026-06-01-1,rSHY,2026-06-01,False,,0.242901,,True,False,30.0,,2026-06-09,-8.0,ETF,iShares 1-3 Year Treasury Bond ETF,False,False,False,True,False,False,False,False,False,False,relisted_after_event,1,False
rSLGN-2026-06-01-1,rSLGN,2026-06-01,False,,0.21,,True,False,92.0,,2026-09-11,-102.0,EQUITY,Silgan Holdings Inc.,False,False,False,True,False,False,False,False,False,False,relisted_after_event,1,False
rSLB-2026-06-03-1,rSLB,2026-06-03,False,,0.295,,True,False,91.0,,2026-06-10,-7.0,EQUITY,SLB N.V.,False,False,False,True,False,False,False,False,False,False,relisted_after_event,1,False
rSLM-2026-06-04-1,rSLM,2026-06-04,False,,0.13,,True,False,92.0,,2026-09-11,-99.0,EQUITY,SLM Corporation,False,False,False,True,False,False,False,False,False,False,relisted_after_event,1,False
rSM-2026-06-08-1,rSM,2026-06-08,False,,0.22,,True,False,88.0,,2026-09-11,-95.0,EQUITY,SM Energy Company,False,False,False,True,False,False,False,False,False,False,relisted_after_event,1,False
rSHY-2026-07-01-1,rSHY,2026-07-01,True,,0.238313,,True,False,30.0,,2026-06-09,22.0,ETF,iShares 1-3 Year Treasury Bond ETF,False,False,False,False,False,False,False,False,False,False,,0,True
rSHG-2026-07-30-1,rSHG,2026-07-30,False,,0.42660201,,True,False,,,,,EQUITY,"Shinhan Financial Group Co., Ltd.",False,False,False,False,False,False,False,False,True,False,underlying_check_failed,1,False
rSKT-2026-07-31-1,rSKT,2026-07-31,False,,0.3125,,True,False,,,2026-09-11,-42.0,EQUITY,Tanger Inc.,False,False,False,True,False,False,False,False,False,False,relisted_after_event,1,False
rSHY-2026-08-03-1,rSHY,2026-08-03,True,,0.250772,,True,False,29.0,,2026-06-09,55.0,ETF,iShares 1-3 Year Treasury Bond ETF,False,False,False,False,True,False,False,False,False,False,ex_date_after_gap,1,False
rSIMO-2026-08-06-1,rSIMO,2026-08-06,True,,0.5,,True,False,,,2026-06-01,66.0,EQUITY,Silicon Motion Technology Corporation,False,False,False,False,False,False,False,False,False,False,,0,True
rSIRI-2026-08-10-1,rSIRI,2026-08-10,False,,0.27,,True,False,,,2026-09-07,-28.0,EQUITY,Sirius XM Holdings Inc.,False,False,False,True,False,False,False,False,False,False,relisted_after_event,1,False
rSHEL-2026-08-14-1,rSHEL,2026-08-14,True,,0.7812,,True,False,,,2026-06-10,65.0,EQUITY,Shell plc,False,False,False,False,False,False,False,False,False,False,,0,True
rSJM-2026-08-14-1,rSJM,2026-08-14,False,,1.12,,True,False,,,2026-09-07,-24.0,EQUITY,The J. M. Smucker Company,False,False,False,True,False,False,False,False,False,False,relisted_after_event,1,False
rSIGI-2026-08-17-1,rSIGI,2026-08-17,False,,0.43,,True,False,,,2026-09-11,-25.0,EQUITY,"Selective Insurance Group, Inc.",False,False,False,True,False,False,False,False,False,False,relisted_after_event,1,False
rSHW-2026-08-21-1,rSHW,2026-08-21,True,,0.8,,True,False,,,2026-06-11,71.0,EQUITY,The Sherwin-Williams Company,False,False,False,False,False,False,False,False,False,False,,0,True
rSLF-2026-08-26-1,rSLF,2026-08-26,False,,0.68496,,True,False,,,,,EQUITY,Sun Life Financial Inc.,False,False,False,False,False,False,False,False,True,False,underlying_check_failed,1,False
rSKM-2026-08-31-1,rSKM,2026-08-31,False,,0.33599201,,True,False,,,,,EQUITY,"SK Telecom Co., Ltd.",False,False,False,False,False,False,False,False,True,False,underlying_check_failed,1,False
rSHY-2026-09-01-1,rSHY,2026-09-01,True,,0.243983,,True,False,29.0,,2026-06-09,84.0,ETF,iShares 1-3 Year Treasury Bond ETF,False,False,False,False,False,False,False,False,False,False,,0,True
rSLGN-2026-09-01-1,rSLGN,2026-09-01,False,,0.21,,True,False,92.0,,2026-09-11,-10.0,EQUITY,Silgan Holdings Inc.,False,False,False,True,False,False,False,False,False,False,relisted_after_event,1,False
rSLB-2026-09-02-1,rSLB,2026-09-02,True,,0.295,,True,False,91.0,,2026-06-10,84.0,EQUITY,SLB N.V.,False,False,False,False,False,False,False,False,False,False,,0,True
rSLM-2026-09-04-1,rSLM,2026-09-04,False,,0.13,,True,False,92.0,,2026-09-11,-7.0,EQUITY,SLM Corporation,False,False,False,True,False,False,False,False,False,False,relisted_after_event,1,False
rSM-2026-09-04-1,rSM,2026-09-04,False,,0.22,,True,False,88.0,,2026-09-11,-7.0,EQUITY,SM Energy Company,False,False,False,True,False,False,False,False,False,False,relisted_after_event,1,False
rSNXX-2026-06-03-1,rSNXX,2026-06-03,False,,,,False,False,,0.0,,,,,False,False,True,False,False,False,False,False,True,False,noncash_action_30d;underlying_check_failed,2,False
rSNDR-2026-06-12-1,rSNDR,2026-06-12,False,,0.1,,True,False,91.0,,2026-09-11,-91.0,EQUITY,"Schneider National, Inc.",False,False,False,True,False,False,False,False,False,False,relisted_after_event,1,False
rSOBO-2026-06-30-1,rSOBO,2026-06-30,False,,0.5,,True,False,91.0,,2026-09-11,-73.0,EQUITY,South Bow Corporation,False,False,False,True,False,False,False,False,False,False,relisted_after_event,1,False
rSNX-2026-07-17-1,rSNX,2026-07-17,False,,0.48,,True,False,,,2026-09-07,-52.0,EQUITY,TD SYNNEX Corporation,False,False,False,True,False,False,False,False,False,False,relisted_after_event,1,False
rSON-2026-08-10-1,rSON,2026-08-10,False,,0.54,,True,False,,,2026-09-11,-32.0,EQUITY,Sonoco Products Company,False,False,False,True,False,False,False,False,False,False,relisted_after_event,1,False
rSO-2026-08-17-1,rSO,2026-08-17,True,,0.76,,True,False,,,2026-06-10,68.0,EQUITY,The Southern Company,False,False,False,False,True,False,False,False,False,False,ex_date_after_gap,1,False
rSNA-2026-08-19-1,rSNA,2026-08-19,False,,2.44,,True,False,,,2026-09-07,-19.0,EQUITY,Snap-on Incorporated,False,False,False,True,False,False,False,False,False,False,relisted_after_event,1,False
rSOLS-2026-08-27-1,rSOLS,2026-08-27,False,,0.075,,True,False,,,2026-09-07,-11.0,EQUITY,"Solstice Advanced Materials, Inc.",False,False,False,True,False,False,False,False,False,False,relisted_after_event,1,False
rSNDR-2026-09-11-1,rSNDR,2026-09-11,False,,0.1,,True,False,91.0,,2026-09-11,0.0,EQUITY,"Schneider National, Inc.",False,False,False,False,False,False,False,False,False,False,,0,False
rSOBO-2026-09-29-1,rSOBO,2026-09-29,False,,0.5,,True,False,91.0,,,,EQUITY,South Bow Corporation,False,False,False,False,False,False,False,False,True,False,underlying_check_failed,1,False
rSNN-2026-10-02-1,rSNN,2026-10-02,False,,0.312,,True,False,,,,,EQUITY,Smith & Nephew plc,False,False,False,False,False,False,False,False,True,False,underlying_check_failed,1,False
rSSNC-2026-06-01-1,rSSNC,2026-06-01,False,,0.27,,True,False,92.0,,2026-09-07,-98.0,EQUITY,"SS&C Technologies Holdings, Inc.",False,False,False,True,False,False,False,False,False,False,relisted_after_event,1,False
rSTE-2026-06-08-1,rSTE,2026-06-08,False,,0.63,,True,False,88.0,,2026-09-07,-91.0,EQUITY,STERIS plc,False,False,False,True,False,False,False,False,False,False,relisted_after_event,1,False
rSPG-2026-06-09-1,rSPG,2026-06-09,False,,2.25,,True,False,92.0,,2026-06-11,-2.0,EQUITY,"Simon Property Group, Inc.",False,False,False,True,False,False,False,False,False,False,relisted_after_event,1,False
rSOXX-2026-06-15-1,rSOXX,2026-06-15,True,,0.282726,,True,False,92.0,,2026-06-04,11.0,ETF,iShares Semiconductor ETF,False,False,False,False,True,False,False,False,False,False,ex_date_after_gap,1,False
rSPY-2026-06-18-1,rSPY,2026-06-18,True,,1.903516,,True,False,92.0,,2026-06-01,17.0,ETF,State Street SPDR S&P 500 ETF Trust,False,False,False,False,False,False,False,False,False,False,,0,True
rSPMO-2026-06-22-1,rSPMO,2026-06-22,True,,0.24515,,True,False,,,2026-06-18,4.0,ETF,Invesco S&P 500 Momentum ETF,False,False,False,False,True,False,False,False,False,False,ex_date_after_gap,1,False
rSOXS-2026-06-23-1,rSOXS,2026-06-23,False,0.0375,0.0375,1.0,True,False,,22.0,2026-07-15,-22.0,ETF,Direxion Daily Semiconductor Bear 3X Shares,False,False,True,True,False,False,False,False,True,True,noncash_action_30d;relisted_after_event;underlying_check_failed;leveraged_name_hint,4,False
rSPXU-2026-06-24-1,rSPXU,2026-06-24,True,0.391445,0.391445,1.0,True,False,,,2026-06-05,19.0,ETF,ProShares UltraPro Short S&P500,False,False,False,False,False,False,False,False,False,True,leveraged_name_hint,1,False
rSQQQ-2026-06-24-1,rSQQQ,2026-06-24,True,0.637637,0.637637,1.0,True,False,,,2026-06-02,22.0,ETF,ProShares UltraPro Short QQQ,False,False,False,False,False,False,False,False,False,True,leveraged_name_hint,1,False
rSRE-2026-06-25-1,rSRE,2026-06-25,True,,0.6575,,True,False,91.0,,2026-06-11,14.0,EQUITY,Sempra,False,False,False,False,False,False,False,False,False,False,,0,True
rSTAG-2026-06-30-1,rSTAG,2026-06-30,False,,0.3875,,True,False,92.0,,2026-09-11,-73.0,EQUITY,"STAG Industrial, Inc.",False,False,False,True,False,False,False,False,False,False,relisted_after_event,1,False
rSSD-2026-07-02-1,rSSD,2026-07-02,False,,0.3,,True,False,91.0,,2026-09-11,-71.0,EQUITY,"Simpson Manufacturing Co., Inc.",False,False,False,True,False,False,False,False,False,False,relisted_after_event,1,False
rSOXS-2026-07-15-1,rSOXS,2026-07-15,False,,,,False,False,22.0,0.0,,,ETF,Direxion Daily Semiconductor Bear 3X Shares,False,False,True,False,False,False,False,False,True,True,noncash_action_30d;underlying_check_failed;leveraged_name_hint,3,False
rSSB-2026-08-07-1,rSSB,2026-08-07,False,,0.66,,True,False,,,2026-09-07,-31.0,EQUITY,SouthState Bank Corporation,False,False,False,True,False,False,False,False,False,False,relisted_after_event,1,False
rST-2026-08-12-1,rST,2026-08-12,False,,0.12,,True,False,,,2026-09-11,-30.0,EQUITY,Sensata Technologies Holding plc,False,False,False,True,False,False,False,False,False,False,relisted_after_event,1,False
rSSRM-2026-08-14-1,rSSRM,2026-08-14,False,,0.03,,True,False,,,2026-09-11,-28.0,EQUITY,SSR Mining Inc.,False,False,False,True,False,False,False,False,False,False,relisted_after_event,1,False
rSSNC-2026-09-01-1,rSSNC,2026-09-01,False,,0.3,,True,False,92.0,,2026-09-07,-6.0,EQUITY,"SS&C Technologies Holdings, Inc.",False,False,False,True,False,False,False,False,False,False,relisted_after_event,1,False
rSTE-2026-09-04-1,rSTE,2026-09-04,False,,0.69,,True,False,88.0,,2026-09-07,-3.0,EQUITY,STERIS plc,False,False,False,True,False,False,False,False,False,False,relisted_after_event,1,False
rSQM-2026-09-08-1,rSQM,2026-09-08,False,,0.932756,,True,False,,,,,EQUITY,Sociedad Química y Minera de Chile S.A.,False,False,False,False,False,False,False,False,True,False,underlying_check_failed,1,False
rSPG-2026-09-09-1,rSPG,2026-09-09,True,,2.25,,True,False,92.0,,2026-06-11,90.0,EQUITY,"Simon Property Group, Inc.",False,False,False,False,False,False,False,False,False,False,,0,True
rSOXX-2026-09-15-1,rSOXX,2026-09-15,True,,0.325046,,True,False,92.0,,2026-06-04,103.0,ETF,iShares Semiconductor ETF,False,False,False,False,False,False,False,False,False,False,,0,True
rSPY-2026-09-18-1,rSPY,2026-09-18,True,,1.889,,True,False,92.0,,2026-06-01,109.0,ETF,State Street SPDR S&P 500 ETF Trust,False,False,False,False,False,False,False,False,False,False,,0,True
rSRE-2026-09-24-1,rSRE,2026-09-24,False,,0.6575,,True,False,91.0,,,,EQUITY,Sempra,False,False,False,False,False,False,False,False,True,False,underlying_check_failed,1,False
rSTAG-2026-09-30-1,rSTAG,2026-09-30,False,,0.3875,,True,False,92.0,,,,EQUITY,"STAG Industrial, Inc.",False,False,False,False,False,False,False,False,True,False,underlying_check_failed,1,False
rSSD-2026-10-01-1,rSSD,2026-10-01,False,,0.3,,True,False,91.0,,,,EQUITY,"Simpson Manufacturing Co., Inc.",False,False,False,False,False,False,False,False,True,False,underlying_check_failed,1,False
rSU-2026-06-04-1,rSU,2026-06-04,False,,0.441,,True,False,92.0,,,,EQUITY,Suncor Energy Inc.,False,False,False,False,False,False,False,False,True,False,underlying_check_failed,1,False
rSWK-2026-06-08-1,rSWK,2026-06-08,False,,0.83,,True,False,92.0,,2026-09-07,-91.0,EQUITY,"Stanley Black & Decker, Inc.",False,False,False,True,False,False,False,False,False,False,relisted_after_event,1,False
rSTVN-2026-06-11-1,rSTVN,2026-06-11,False,,0.0636012,,True,False,,,,,EQUITY,Stevanato Group S.p.A.,False,False,False,False,False,False,False,False,True,False,underlying_check_failed,1,False
rSTEP-2026-06-15-1,rSTEP,2026-06-15,False,,,,False,True,77.0,,,,EQUITY,StepStone Group Inc.,False,False,False,False,False,False,False,False,True,False,underlying_check_failed;reality_row_ambiguous,2,False
rSTEP-2026-06-15-2,rSTEP,2026-06-15,False,,,,False,True,77.0,,,,EQUITY,StepStone Group Inc.,False,False,False,False,False,False,False,False,True,False,underlying_check_failed;reality_row_ambiguous,2,False
rSTRC-2026-06-15-1,rSTRC,2026-06-15,False,,0.95833333,,True,False,15.0,,2026-06-23,-8.0,EQUITY,Strategy Inc,False,False,False,True,False,False,False,False,False,False,relisted_after_event,1,False
rSTM-2026-06-23-1,rSTM,2026-06-23,True,0.0765,0.0765,1.0,True,False,91.0,,2026-06-08,15.0,EQUITY,STMicroelectronics N.V.,False,False,False,False,False,False,False,False,True,False,underlying_check_failed,1,False
rSTX-2026-06-24-1,rSTX,2026-06-24,True,0.74,0.74,1.0,True,False,92.0,,2026-06-02,22.0,EQUITY,Seagate Technology Holdings plc,False,False,False,False,False,False,False,False,False,False,,0,True
rSTLD-2026-06-30-1,rSTLD,2026-06-30,False,,0.53,,True,False,92.0,,2026-07-14,-14.0,EQUITY,"Steel Dynamics, Inc.",False,False,False,True,False,False,False,False,False,False,relisted_after_event,1,False
rSTN-2026-06-30-1,rSTN,2026-06-30,False,,0.1824,,True,False,43.0,,,,EQUITY,Stantec Inc.,False,False,False,False,False,False,False,False,True,False,underlying_check_failed,1,False
rSTRC-2026-06-30-1,rSTRC,2026-06-30,True,0.479166,0.47916667,0.9999986017391401,True,False,15.0,,2026-06-23,7.0,EQUITY,Strategy Inc,False,False,False,False,False,False,False,False,False,False,,0,True
rSTWD-2026-06-30-1,rSTWD,2026-06-30,False,,0.48,,True,False,,,2026-09-11,-73.0,EQUITY,"Starwood Property Trust, Inc.",False,False,False,True,False,False,False,False,False,False,relisted_after_event,1,False
rSUI-2026-06-30-1,rSUI,2026-06-30,False,,1.12,,True,False,92.0,,2026-09-07,-69.0,EQUITY,"Sun Communities, Inc.",False,False,False,True,False,False,False,False,False,False,relisted_after_event,1,False
rSYK-2026-06-30-1,rSYK,2026-06-30,True,,0.88,,True,False,92.0,,2026-06-10,20.0,EQUITY,Stryker Corporation,False,False,False,False,False,False,False,False,False,False,,0,True
rSTT-2026-07-01-1,rSTT,2026-07-01,True,,0.84,,True,False,92.0,,2026-06-11,20.0,EQUITY,State Street Corporation,False,False,False,False,False,False,False,False,False,False,,0,True
rSUNB-2026-07-10-1,rSUNB,2026-07-10,False,,0.75,,True,False,70.0,,2026-07-24,-14.0,EQUITY,"Sunbelt Rentals Holdings, Inc.",False,False,False,True,False,False,False,False,False,False,relisted_after_event,1,False
rSTRC-2026-07-15-1,rSTRC,2026-07-15,True,,0.5,,True,False,15.0,,2026-06-23,22.0,EQUITY,Strategy Inc,False,False,False,False,False,False,False,False,False,False,,0,True
rSTZ-2026-07-30-1,rSTZ,2026-07-30,False,,1.03,,True,False,,,2026-08-11,-12.0,EQUITY,"Constellation Brands, Inc.",False,False,False,True,False,False,False,False,False,False,relisted_after_event,1,False
rSTRC-2026-07-31-1,rSTRC,2026-07-31,True,,0.5,,True,False,14.0,,2026-06-23,38.0,EQUITY,Strategy Inc,False,False,False,False,False,False,False,False,False,False,,0,True
rSXT-2026-08-03-1,rSXT,2026-08-03,False,,0.41,,True,False,,,2026-09-11,-39.0,EQUITY,Sensient Technologies Corporation,False,False,False,True,False,False,False,False,False,False,relisted_after_event,1,False
rSYF-2026-08-05-1,rSYF,2026-08-05,False,,0.34,,True,False,,,2026-09-07,-33.0,EQUITY,Synchrony Financial,False,False,False,True,False,False,False,False,False,False,relisted_after_event,1,False
rSUN-2026-08-07-1,rSUN,2026-08-07,False,,1.0023,,True,False,,,2026-09-07,-31.0,EQUITY,Sunoco LP,False,False,False,True,False,False,False,False,False,False,relisted_after_event,1,False
rSTN-2026-08-12-1,rSTN,2026-08-12,False,,0.12,,True,False,43.0,,,,EQUITY,Stantec Inc.,False,False,False,False,False,False,False,False,True,False,underlying_check_failed,1,False
rSTRC-2026-08-14-1,rSTRC,2026-08-14,True,,0.5,,True,False,14.0,,2026-06-23,52.0,EQUITY,Strategy Inc,False,False,False,False,False,False,False,False,False,False,,0,True
rSW-2026-08-14-1,rSW,2026-08-14,False,,0.4523,,True,False,,,2026-08-17,-3.0,EQUITY,Smurfit Westrock Plc,False,False,False,True,False,False,False,False,False,False,relisted_after_event,1,False
rSWX-2026-08-17-1,rSWX,2026-08-17,False,,0.645,,True,False,,,2026-09-11,-25.0,EQUITY,"Southwest Gas Holdings, Inc.",False,False,False,True,False,False,False,False,False,False,relisted_after_event,1,False
rSTEP-2026-08-31-1,rSTEP,2026-08-31,False,,0.33,,True,False,77.0,,2026-09-11,-11.0,EQUITY,StepStone Group Inc.,False,False,False,True,False,False,False,False,False,False,relisted_after_event,1,False
rSTRC-2026-08-31-1,rSTRC,2026-08-31,True,,0.5,,True,False,15.0,,2026-06-23,69.0,EQUITY,Strategy Inc,False,False,False,False,True,False,False,False,False,False,ex_date_after_gap,1,False
rSU-2026-09-04-1,rSU,2026-09-04,False,,0.42654,,True,False,92.0,,,,EQUITY,Suncor Energy Inc.,False,False,False,False,False,False,False,False,True,False,underlying_check_failed,1,False
rSWK-2026-09-08-1,rSWK,2026-09-08,False,,0.84,,True,False,92.0,,2026-09-07,1.0,EQUITY,"Stanley Black & Decker, Inc.",False,False,False,False,False,False,False,False,False,False,,0,False
rSTRC-2026-09-15-1,rSTRC,2026-09-15,True,,0.5,,True,False,15.0,,2026-06-23,84.0,EQUITY,Strategy Inc,False,False,False,False,False,False,False,False,False,False,,0,True
rSUNB-2026-09-18-1,rSUNB,2026-09-18,True,,0.3,,True,False,70.0,,2026-07-24,56.0,EQUITY,"Sunbelt Rentals Holdings, Inc.",False,False,False,False,False,False,False,False,False,False,,0,True
rSTM-2026-09-22-1,rSTM,2026-09-22,False,,0.09,,True,False,84.0,,,,EQUITY,STMicroelectronics N.V.,False,False,False,False,False,False,False,False,True,False,underlying_check_failed,1,False
rSTX-2026-09-24-1,rSTX,2026-09-24,False,,0.74,,True,False,92.0,,2026-06-02,114.0,EQUITY,Seagate Technology Holdings plc,False,False,False,False,False,False,False,False,True,False,underlying_check_failed,1,False
rSTN-2026-09-29-1,rSTN,2026-09-29,False,,0.245,,True,False,48.0,,,,EQUITY,Stantec Inc.,False,False,False,False,False,False,False,False,True,False,underlying_check_failed,1,False
rSTLD-2026-09-30-1,rSTLD,2026-09-30,False,,0.53,,True,False,92.0,,2026-07-14,78.0,EQUITY,"Steel Dynamics, Inc.",False,False,False,False,False,False,False,False,True,False,underlying_check_failed,1,False
rSTRC-2026-09-30-1,rSTRC,2026-09-30,False,,0.5,,True,False,15.0,,2026-06-23,99.0,EQUITY,Strategy Inc,False,False,False,False,False,False,False,False,True,False,underlying_check_failed,1,False
rSUI-2026-09-30-1,rSUI,2026-09-30,False,,1.12,,True,False,92.0,,,,EQUITY,"Sun Communities, Inc.",False,False,False,False,False,False,False,False,True,False,underlying_check_failed,1,False
rSYK-2026-09-30-1,rSYK,2026-09-30,False,,0.88,,True,False,92.0,,,,EQUITY,Stryker Corporation,False,False,False,False,False,False,False,False,True,False,underlying_check_failed,1,False
rSTT-2026-10-01-1,rSTT,2026-10-01,False,,0.92,,True,False,92.0,,,,EQUITY,State Street Corporation,False,False,False,False,False,False,False,False,True,False,underlying_check_failed,1,False
rSTM-2026-12-15-1,rSTM,2026-12-15,False,,0.09,,True,False,84.0,,,,EQUITY,STMicroelectronics N.V.,False,False,False,False,False,False,False,False,True,False,underlying_check_failed,1,False
rSTM-2027-03-16-1,rSTM,2027-03-16,False,,0.09,,True,False,91.0,,,,EQUITY,STMicroelectronics N.V.,False,False,False,False,False,False,False,False,True,False,underlying_check_failed,1,False
rTAC-2026-06-01-1,rTAC,2026-06-01,False,,0.051275,,True,False,92.0,,2026-09-11,-102.0,EQUITY,TransAlta Corporation,False,False,False,True,False,False,False,False,False,False,relisted_after_event,1,False
rTCBI-2026-06-01-1,rTCBI,2026-06-01,False,,0.2,,True,False,92.0,,2026-09-11,-102.0,EQUITY,"Texas Capital Bancshares, Inc.",False,False,False,True,False,False,False,False,False,False,relisted_after_event,1,False
rTECK-2026-06-15-1,rTECK,2026-06-15,False,,0.0912375,,True,False,92.0,,,,EQUITY,Teck Resources Limited,False,False,False,False,False,False,False,False,True,False,underlying_check_failed,1,False
rSYY-2026-07-02-1,rSYY,2026-07-02,False,,0.55,,True,False,92.0,,2026-07-14,-12.0,EQUITY,Sysco Corporation,False,False,False,True,False,False,False,False,False,False,relisted_after_event,1,False
rT-2026-07-10-1,rT,2026-07-10,True,,0.2775,,True,False,,,2026-06-10,30.0,EQUITY,AT&T Inc.,False,False,False,False,False,False,False,False,False,False,,0,True
rTD-2026-07-10-1,rTD,2026-07-10,False,,0.81256,,True,False,91.0,,,,EQUITY,The Toronto-Dominion Bank,False,False,False,False,False,False,False,False,True,False,underlying_check_failed,1,False
rTECH-2026-08-17-1,rTECH,2026-08-17,False,,0.08,,True,False,7.0,,,,EQUITY,Bio-Techne Corporation,False,False,False,False,False,False,False,False,True,False,underlying_check_failed,1,False
rTEL-2026-08-21-1,rTEL,2026-08-21,True,,0.78,,True,False,,,2026-06-11,71.0,EQUITY,TE Connectivity plc,False,False,False,False,False,False,False,False,False,False,,0,True
rTECH-2026-08-24-1,rTECH,2026-08-24,False,,0.08,,True,False,7.0,,2026-09-07,-14.0,EQUITY,Bio-Techne Corporation,False,False,False,True,False,False,False,False,False,False,relisted_after_event,1,False
rTAP-2026-08-28-1,rTAP,2026-08-28,False,,0.48,,True,False,,,2026-09-11,-14.0,EQUITY,Molson Coors Beverage Company,False,False,False,True,False,False,False,False,False,False,relisted_after_event,1,False
rTAC-2026-09-01-1,rTAC,2026-09-01,False,,0.049616,,True,False,92.0,,,,EQUITY,TransAlta Corporation,False,False,False,False,False,False,False,False,True,False,underlying_check_failed,1,False
rTCBI-2026-09-01-1,rTCBI,2026-09-01,False,,0.2,,True,False,92.0,,2026-09-11,-10.0,EQUITY,"Texas Capital Bancshares, Inc.",False,False,False,True,False,False,False,False,False,False,relisted_after_event,1,False
rTER-2026-09-04-1,rTER,2026-09-04,True,,0.13,,True,False,,,2026-06-08,88.0,EQUITY,"Teradyne, Inc.",False,False,False,False,False,False,False,False,False,False,,0,True
rTECK-2026-09-15-1,rTECK,2026-09-15,True,,0.0887375,,True,False,92.0,,2026-09-07,8.0,EQUITY,Teck Resources Limited,False,False,False,False,False,False,False,False,True,False,underlying_check_failed,1,False
rSYY-2026-10-02-1,rSYY,2026-10-02,False,,0.55,,True,False,92.0,,,,EQUITY,Sysco Corporation,False,False,False,False,False,False,False,False,True,False,underlying_check_failed,1,False
rTD-2026-10-09-1,rTD,2026-10-09,False,,1.12,,True,False,91.0,,,,EQUITY,The Toronto-Dominion Bank,False,False,False,False,False,False,False,False,True,False,underlying_check_failed,1,False
rTFPM-2026-06-01-1,rTFPM,2026-06-01,False,,0.0575,,True,False,91.0,,2026-09-11,-102.0,EQUITY,Triple Flag Precious Metals Corp.,False,False,False,True,False,False,False,False,False,False,relisted_after_event,1,False
rTIP-2026-06-01-1,rTIP,2026-06-01,False,,1.277516,,True,False,30.0,,2026-06-09,-8.0,ETF,iShares TIPS Bond ETF,False,False,False,True,False,False,False,False,False,False,relisted_after_event,1,False
rTLT-2026-06-01-1,rTLT,2026-06-01,False,,0.335777,,True,False,30.0,,2026-06-02,-1.0,ETF,iShares 20+ Year Treasury Bond ETF,False,False,False,True,False,False,False,False,False,False,relisted_after_event,1,False
rTEX-2026-06-08-1,rTEX,2026-06-08,False,,0.17,,True,False,64.0,,2026-09-11,-95.0,EQUITY,Terex Corporation,False,False,False,True,False,False,False,False,False,False,relisted_after_event,1,False
rTFSL-2026-06-10-1,rTFSL,2026-06-10,False,,0.2825,,True,False,91.0,,2026-09-11,-93.0,EQUITY,TFS Financial Corporation,False,False,False,True,False,False,False,False,False,False,relisted_after_event,1,False
rTHG-2026-06-12-1,rTHG,2026-06-12,False,,0.95,,True,False,91.0,,2026-09-11,-91.0,EQUITY,"The Hanover Insurance Group, Inc.",False,False,False,True,False,False,False,False,False,False,relisted_after_event,1,False
rTMO-2026-06-15-1,rTMO,2026-06-15,True,,0.47,,True,False,92.0,,2026-06-09,6.0,EQUITY,Thermo Fisher Scientific Inc.,False,False,False,False,True,False,False,False,False,False,ex_date_after_gap,1,False
rTLK-2026-06-18-1,rTLK,2026-06-18,False,,0.990724,,True,False,,,,,EQUITY,Perusahaan Perseroan (Persero) PT Telekomunikasi Indonesia Tbk,False,False,False,False,False,False,False,False,True,False,underlying_check_failed,1,False
rTNA-2026-06-23-1,rTNA,2026-06-23,True,,0.08751,,True,False,,,2026-06-05,18.0,ETF,Direxion Daily Small Cap Bull 3X Shares,False,False,False,False,False,False,False,False,False,True,leveraged_name_hint,1,False
rTIMB-2026-06-29-1,rTIMB,2026-06-29,False,,0.123488,,True,False,,,,,EQUITY,TIM S.A.,False,False,False,False,False,False,False,False,True,False,underlying_check_failed,1,False
rTFII-2026-06-30-1,rTFII,2026-06-30,False,,0.47,,True,False,92.0,,2026-09-07,-69.0,EQUITY,TFI International Inc.,False,False,False,True,False,False,False,False,False,False,relisted_after_event,1,False
rTIP-2026-07-01-1,rTIP,2026-07-01,True,,1.058023,,True,False,30.0,,2026-06-09,22.0,ETF,iShares TIPS Bond ETF,False,False,False,False,False,False,False,False,False,False,,0,True
rTLT-2026-07-01-1,rTLT,2026-07-01,True,0.31803,0.31803,1.0,True,False,30.0,,2026-06-02,29.0,ETF,iShares 20+ Year Treasury Bond ETF,False,False,False,False,False,False,False,False,False,False,,0,True
rTIGO-2026-07-08-1,rTIGO,2026-07-08,False,,0.75,,True,False,92.0,,2026-09-07,-61.0,EQUITY,Millicom International Cellular S.A.,False,False,False,True,False,False,False,False,False,False,relisted_after_event,1,False
rTIP-2026-08-03-1,rTIP,2026-08-03,True,,0.78438401,,True,False,33.0,,2026-06-09,55.0,ETF,iShares TIPS Bond ETF,False,False,False,False,True,False,False,False,False,False,ex_date_after_gap,1,False
rTLT-2026-08-03-1,rTLT,2026-08-03,True,,0.33045399,,True,False,29.0,,2026-06-02,62.0,ETF,iShares 20+ Year Treasury Bond ETF,False,False,False,False,True,False,False,False,False,False,ex_date_after_gap,1,False
rTEX-2026-08-11-1,rTEX,2026-08-11,False,,0.17,,True,False,64.0,,2026-09-11,-31.0,EQUITY,Terex Corporation,False,False,False,True,False,False,False,False,False,False,relisted_after_event,1,False
rTGT-2026-08-12-1,rTGT,2026-08-12,True,,1.16,,True,False,,,2026-06-11,62.0,EQUITY,Target Corporation,False,False,False,False,False,False,False,False,False,False,,0,True
rTJX-2026-08-13-1,rTJX,2026-08-13,True,,0.48,,True,False,91.0,,2026-06-10,64.0,EQUITY,"The TJX Companies, Inc.",False,False,False,False,False,False,False,False,False,False,,0,True
rTFC-2026-08-14-1,rTFC,2026-08-14,True,,0.52,,True,False,,,2026-06-11,64.0,EQUITY,Truist Financial Corporation,False,False,False,False,False,False,False,False,False,False,,0,True
rTFX-2026-08-14-1,rTFX,2026-08-14,False,,0.34,,True,False,,,2026-09-11,-28.0,EQUITY,Teleflex Incorporated,False,False,False,True,False,False,False,False,False,False,relisted_after_event,1,False
rTKR-2026-08-18-1,rTKR,2026-08-18,False,,0.36,,True,False,,,2026-09-07,-20.0,EQUITY,The Timken Company,False,False,False,True,False,False,False,False,False,False,relisted_after_event,1,False
rTMUS-2026-08-28-1,rTMUS,2026-08-28,True,,1.02,,True,False,,,2026-06-10,79.0,EQUITY,"T-Mobile US, Inc.",False,False,False,False,False,False,False,False,False,False,,0,True
rTFPM-2026-08-31-1,rTFPM,2026-08-31,False,,0.06,,True,False,91.0,,2026-09-11,-11.0,EQUITY,Triple Flag Precious Metals Corp.,False,False,False,True,False,False,False,False,False,False,relisted_after_event,1,False
rTLT-2026-09-01-1,rTLT,2026-09-01,True,,0.314686,,True,False,29.0,,2026-06-02,91.0,ETF,iShares 20+ Year Treasury Bond ETF,False,False,False,False,False,False,False,False,False,False,,0,True
rTFSL-2026-09-09-1,rTFSL,2026-09-09,False,,0.3175,,True,False,91.0,,2026-09-11,-2.0,EQUITY,TFS Financial Corporation,False,False,False,True,False,False,False,False,False,False,relisted_after_event,1,False
rTHG-2026-09-11-1,rTHG,2026-09-11,False,,0.95,,True,False,91.0,,2026-09-11,0.0,EQUITY,"The Hanover Insurance Group, Inc.",False,False,False,False,False,False,False,False,False,False,,0,False
rTMO-2026-09-15-1,rTMO,2026-09-15,True,,0.47,,True,False,92.0,,2026-06-09,98.0,EQUITY,Thermo Fisher Scientific Inc.,False,False,False,False,False,False,False,False,False,False,,0,True
rTFII-2026-09-30-1,rTFII,2026-09-30,False,,0.47,,True,False,92.0,,,,EQUITY,TFI International Inc.,False,False,False,False,False,False,False,False,True,False,underlying_check_failed,1,False
rTIGO-2026-10-08-1,rTIGO,2026-10-08,False,,0.75,,True,False,92.0,,2026-09-07,31.0,EQUITY,Millicom International Cellular S.A.,False,False,False,False,False,False,False,False,True,False,underlying_check_failed,1,False
rTJX-2026-11-12-1,rTJX,2026-11-12,False,,0.48,,True,False,91.0,,,,EQUITY,"The TJX Companies, Inc.",False,False,False,False,False,False,False,False,True,False,underlying_check_failed,1,False
rTIGO-2027-01-08-1,rTIGO,2027-01-08,False,,0.75,,True,False,90.0,,,,EQUITY,Millicom International Cellular S.A.,False,False,False,False,False,False,False,False,True,False,underlying_check_failed,1,False
rTIGO-2027-04-08-1,rTIGO,2027-04-08,False,,0.75,,True,False,90.0,,,,EQUITY,Millicom International Cellular S.A.,False,False,False,False,False,False,False,False,True,False,underlying_check_failed,1,False
rTPL-2026-06-01-1,rTPL,2026-06-01,False,,0.6,,True,False,92.0,,2026-09-07,-98.0,EQUITY,Texas Pacific Land Corporation,False,False,False,True,False,False,False,False,False,False,relisted_after_event,1,False
rTSN-2026-06-01-1,rTSN,2026-06-01,False,,0.51,,True,False,92.0,,2026-08-17,-77.0,EQUITY,"Tyson Foods, Inc.",False,False,False,True,False,False,False,False,False,False,relisted_after_event,1,False
rTPR-2026-06-05-1,rTPR,2026-06-05,False,,0.4,,True,False,91.0,,2026-08-04,-60.0,EQUITY,"Tapestry, Inc.",False,False,False,True,False,False,False,False,False,False,relisted_after_event,1,False
rTT-2026-06-05-1,rTT,2026-06-05,False,,1.05,,True,False,91.0,,2026-06-10,-5.0,EQUITY,Trane Technologies plc,False,False,False,True,False,False,False,False,False,False,relisted_after_event,1,False
rTRV-2026-06-10-1,rTRV,2026-06-10,False,,1.25,,True,False,92.0,,2026-06-11,-1.0,EQUITY,"The Travelers Companies, Inc.",False,False,False,True,False,False,False,False,False,False,relisted_after_event,1,False
rTSM-2026-06-11-1,rTSM,2026-06-11,True,0.742067,0.742067,1.0,True,False,97.0,,2026-06-01,10.0,EQUITY,Taiwan Semiconductor Manufacturing Company Limited,False,False,False,False,False,False,False,False,True,False,underlying_check_failed,1,False
rTNL-2026-06-12-1,rTNL,2026-06-12,False,,0.6,,True,False,96.0,,2026-09-11,-91.0,EQUITY,Travel + Leisure Co.,False,False,False,True,False,False,False,False,False,False,relisted_after_event,1,False
rTROW-2026-06-15-1,rTROW,2026-06-15,False,,1.3,,True,False,92.0,,2026-09-07,-84.0,EQUITY,"T. Rowe Price Group, Inc.",False,False,False,True,False,False,False,False,False,False,relisted_after_event,1,False
rTQQQ-2026-06-24-1,rTQQQ,2026-06-24,True,0.171229,0.171229,1.0,True,False,,,2026-06-02,22.0,ETF,ProShares UltraPro QQQ,False,False,False,False,False,False,False,False,False,True,leveraged_name_hint,1,False
rTRNO-2026-06-26-1,rTRNO,2026-06-26,False,,0.52,,True,False,96.0,,2026-09-11,-77.0,EQUITY,Terreno Realty Corporation,False,False,False,True,False,False,False,False,False,False,relisted_after_event,1,False
rTRP-2026-06-30-1,rTRP,2026-06-30,False,,0.6418035,,True,False,91.0,,,,EQUITY,TC Energy Corporation,False,False,False,False,False,False,False,False,True,False,underlying_check_failed,1,False
rTOL-2026-07-10-1,rTOL,2026-07-10,False,,0.26,,True,False,,,2026-09-07,-59.0,EQUITY,"Toll Brothers, Inc.",False,False,False,True,False,False,False,False,False,False,relisted_after_event,1,False
rTRGP-2026-07-31-1,rTRGP,2026-07-31,False,,1.25,,True,False,,,2026-09-07,-38.0,EQUITY,Targa Resources Corp.,False,False,False,True,False,False,False,False,False,False,relisted_after_event,1,False
rTPG-2026-08-14-1,rTPG,2026-08-14,False,,0.59,,True,False,,,2026-09-07,-24.0,EQUITY,TPG Inc.,False,False,False,True,False,False,False,False,False,False,relisted_after_event,1,False
rTRI-2026-08-19-1,rTRI,2026-08-19,False,,0.655,,True,False,,,2026-09-07,-19.0,EQUITY,Thomson Reuters Corporation,False,False,False,True,False,False,False,False,False,False,relisted_after_event,1,False
rTRU-2026-08-20-1,rTRU,2026-08-20,False,,0.125,,True,False,,,2026-09-07,-18.0,EQUITY,TransUnion,False,False,False,True,False,False,False,False,False,False,relisted_after_event,1,False
rTSCO-2026-08-24-1,rTSCO,2026-08-24,False,,0.24,,True,False,,,2026-09-07,-14.0,EQUITY,Tractor Supply Company,False,False,False,True,False,False,False,False,False,False,relisted_after_event,1,False
rTPL-2026-09-01-1,rTPL,2026-09-01,False,,0.6,,True,False,92.0,,2026-09-07,-6.0,EQUITY,Texas Pacific Land Corporation,False,False,False,True,False,False,False,False,False,False,relisted_after_event,1,False
rTSN-2026-09-01-1,rTSN,2026-09-01,True,,0.51,,True,False,91.0,,2026-08-17,15.0,EQUITY,"Tyson Foods, Inc.",False,False,False,False,False,False,False,False,False,False,,0,True
rTPR-2026-09-04-1,rTPR,2026-09-04,True,,0.4625,,True,False,91.0,,2026-08-04,31.0,EQUITY,"Tapestry, Inc.",False,False,False,False,False,False,False,False,False,False,,0,True
rTT-2026-09-04-1,rTT,2026-09-04,True,,1.05,,True,False,91.0,,2026-06-10,86.0,EQUITY,Trane Technologies plc,False,False,False,False,False,False,False,False,False,False,,0,True
rTRV-2026-09-10-1,rTRV,2026-09-10,True,,1.25,,True,False,92.0,,2026-06-11,91.0,EQUITY,"The Travelers Companies, Inc.",False,False,False,False,False,False,False,False,False,False,,0,True
rTROW-2026-09-15-1,rTROW,2026-09-15,True,,1.3,,True,False,92.0,,2026-09-07,8.0,EQUITY,"T. Rowe Price Group, Inc.",False,False,False,False,False,False,False,False,False,False,,0,True
rTNL-2026-09-16-1,rTNL,2026-09-16,True,,0.6,,True,False,96.0,,2026-09-11,5.0,EQUITY,Travel + Leisure Co.,False,False,False,False,False,False,False,False,False,False,,0,True
rTSM-2026-09-16-1,rTSM,2026-09-16,False,,0.874889,,True,False,85.0,,,,EQUITY,Taiwan Semiconductor Manufacturing Company Limited,False,False,False,False,False,False,False,False,True,False,underlying_check_failed,1,False
rTRP-2026-09-29-1,rTRP,2026-09-29,False,,0.8775,,True,False,91.0,,,,EQUITY,TC Energy Corporation,False,False,False,False,False,False,False,False,True,False,underlying_check_failed,1,False
rTRNO-2026-09-30-1,rTRNO,2026-09-30,False,,0.57,,True,False,96.0,,,,EQUITY,Terreno Realty Corporation,False,False,False,False,False,False,False,False,True,False,underlying_check_failed,1,False
rTS-2026-11-24-1,rTS,2026-11-24,False,,1.18,,True,False,,,,,EQUITY,Tenaris S.A.,False,False,False,False,False,False,False,False,True,False,underlying_check_failed,1,False
rTSN-2026-12-01-1,rTSN,2026-12-01,False,,0.51,,True,False,91.0,,,,EQUITY,"Tyson Foods, Inc.",False,False,False,False,False,False,False,False,True,False,underlying_check_failed,1,False
rTSM-2026-12-10-1,rTSM,2026-12-10,False,,0.85749698,,True,False,85.0,,,,EQUITY,Taiwan Semiconductor Manufacturing Company Limited,False,False,False,False,False,False,False,False,True,False,underlying_check_failed,1,False
rTW-2026-06-01-1,rTW,2026-06-01,False,,0.14,,True,False,92.0,,2026-09-07,-98.0,EQUITY,Tradeweb Markets Inc.,False,False,False,True,False,False,False,False,False,False,relisted_after_event,1,False
rTXRH-2026-06-02-1,rTXRH,2026-06-02,False,,0.75,,True,False,91.0,,2026-09-07,-97.0,EQUITY,"Texas Roadhouse, Inc.",False,False,False,True,False,False,False,False,False,False,relisted_after_event,1,False
rTU-2026-06-10-1,rTU,2026-06-10,False,,0.3062688,,True,False,92.0,,2026-09-07,-89.0,EQUITY,TELUS Corporation,False,False,False,True,False,False,False,False,True,False,relisted_after_event;underlying_check_failed,2,False
rTXT-2026-06-12-1,rTXT,2026-06-12,False,,0.02,,True,False,91.0,,2026-09-07,-87.0,EQUITY,Textron Inc.,False,False,False,True,False,False,False,False,False,False,relisted_after_event,1,False
rUBSI-2026-06-12-1,rUBSI,2026-06-12,False,,0.38,,True,False,91.0,,2026-09-11,-91.0,EQUITY,"United Bankshares, Inc.",False,False,False,True,False,False,False,False,False,False,relisted_after_event,1,False
rUCB-2026-06-15-1,rUCB,2026-06-15,False,,0.25,,True,False,92.0,,2026-09-11,-88.0,EQUITY,"United Community Banks, Inc.",False,False,False,True,False,False,False,False,False,False,relisted_after_event,1,False
rTTC-2026-06-16-1,rTTC,2026-06-16,False,,0.39,,True,False,,,2026-09-07,-83.0,EQUITY,The Toro Company,False,False,False,True,False,False,False,False,False,False,relisted_after_event,1,False
rTZA-2026-06-23-1,rTZA,2026-06-23,False,0.03768,0.03768,1.0,True,False,,22.0,2026-07-15,-22.0,ETF,Direxion Daily Small Cap Bear 3X Shares,False,False,True,True,False,False,False,False,True,True,noncash_action_30d;relisted_after_event;underlying_check_failed;leveraged_name_hint,4,False
rTZA-2026-07-15-1,rTZA,2026-07-15,False,,,,False,False,22.0,0.0,,,ETF,Direxion Daily Small Cap Bear 3X Shares,False,False,True,False,False,False,False,False,True,True,noncash_action_30d;underlying_check_failed;leveraged_name_hint,3,False
rUDR-2026-07-17-1,rUDR,2026-07-17,False,,0.145,,True,False,31.0,,2026-09-07,-52.0,EQUITY,"UDR, Inc.",False,False,False,True,False,False,False,False,False,False,relisted_after_event,1,False
rTXN-2026-07-31-1,rTXN,2026-07-31,True,,1.42,,True,False,,,2026-06-02,59.0,EQUITY,Texas Instruments Incorporated,False,False,False,False,False,False,False,False,False,False,,0,True
rTXNM-2026-08-03-1,rTXNM,2026-08-03,False,,0.4225,,True,False,,,2026-09-11,-39.0,EQUITY,"TXNM Energy, Inc.",False,False,False,True,False,False,False,False,False,False,relisted_after_event,1,False
rTTEK-2026-08-13-1,rTTEK,2026-08-13,False,,0.072,,True,False,,,2026-09-11,-29.0,EQUITY,"Tetra Tech, Inc.",False,False,False,True,False,False,False,False,False,False,relisted_after_event,1,False
rUDR-2026-08-17-1,rUDR,2026-08-17,False,,0.145,,True,False,29.0,,2026-09-07,-21.0,EQUITY,"UDR, Inc.",False,False,False,True,False,False,False,False,False,False,relisted_after_event,1,False
rTW-2026-09-01-1,rTW,2026-09-01,False,,0.14,,True,False,92.0,,2026-09-07,-6.0,EQUITY,Tradeweb Markets Inc.,False,False,False,True,False,False,False,False,False,False,relisted_after_event,1,False
rTXRH-2026-09-01-1,rTXRH,2026-09-01,False,,0.75,,True,False,91.0,,2026-09-07,-6.0,EQUITY,"Texas Roadhouse, Inc.",False,False,False,True,False,False,False,False,False,False,relisted_after_event,1,False
rTU-2026-09-10-1,rTU,2026-09-10,False,,0.13381875,,True,False,92.0,,,,EQUITY,TELUS Corporation,False,False,False,False,False,False,False,False,True,False,underlying_check_failed,1,False
rTXT-2026-09-11-1,rTXT,2026-09-11,True,,0.02,,True,False,91.0,,2026-09-07,4.0,EQUITY,Textron Inc.,False,False,False,False,False,False,False,False,False,False,,0,True
rUBSI-2026-09-11-1,rUBSI,2026-09-11,False,,0.38,,True,False,91.0,,2026-09-11,0.0,EQUITY,"United Bankshares, Inc.",False,False,False,False,False,False,False,False,False,False,,0,False
rUCB-2026-09-15-1,rUCB,2026-09-15,True,,0.26,,True,False,92.0,,2026-09-11,4.0,EQUITY,"United Community Banks, Inc.",False,False,False,False,False,False,False,False,False,False,,0,True
rUDR-2026-09-15-1,rUDR,2026-09-15,True,,0.145,,True,False,29.0,,2026-09-07,8.0,EQUITY,"UDR, Inc.",False,False,False,False,False,False,False,False,False,False,,0,True
rUFPI-2026-06-01-1,rUFPI,2026-06-01,False,,0.36,,True,False,92.0,,2026-09-11,-102.0,EQUITY,"UFP Industries, Inc.",False,False,False,True,False,False,False,False,False,False,relisted_after_event,1,False
rUNF-2026-06-05-1,rUNF,2026-06-05,False,,0.365,,True,False,91.0,,2026-09-11,-98.0,EQUITY,UniFirst Corporation,False,False,False,True,False,False,False,False,False,False,relisted_after_event,1,False
rUHS-2026-06-08-1,rUHS,2026-06-08,False,,0.2,,True,False,85.0,,2026-09-07,-91.0,EQUITY,"Universal Health Services, Inc.",False,False,False,True,False,False,False,False,False,False,relisted_after_event,1,False
rUMBF-2026-06-10-1,rUMBF,2026-06-10,False,,0.43,,True,False,92.0,,2026-09-07,-89.0,EQUITY,UMB Financial Corporation,False,False,False,True,False,False,False,False,False,False,relisted_after_event,1,False
rUGI-2026-06-15-1,rUGI,2026-06-15,False,,0.375,,True,False,92.0,,2026-09-11,-88.0,EQUITY,UGI Corporation,False,False,False,True,False,False,False,False,False,False,relisted_after_event,1,False
rUNH-2026-06-15-1,rUNH,2026-06-15,True,,2.32,,True,False,91.0,,2026-06-05,10.0,EQUITY,UnitedHealth Group Incorporated,False,False,False,False,True,False,False,False,False,False,ex_date_after_gap,1,False
rUPRO-2026-06-24-1,rUPRO,2026-06-24,True,0.298729,0.299,0.9990936454849499,True,False,,,2026-06-05,19.0,ETF,ProShares UltraPro S&P500,False,False,False,False,False,False,False,False,False,True,leveraged_name_hint,1,False
rUSFR-2026-06-25-1,rUSFR,2026-06-25,True,,0.1512,,True,False,33.0,,2026-06-09,16.0,ETF,WisdomTree Floating Rate Treasury Fund,False,False,False,False,False,False,False,False,False,False,,0,True
rUSB-2026-06-30-1,rUSB,2026-06-30,True,,0.52,,True,False,92.0,,2026-06-10,20.0,EQUITY,U.S. Bancorp,False,False,False,False,False,False,False,False,False,False,,0,True
rUMC-2026-07-08-1,rUMC,2026-07-08,False,,0.315608,,True,False,,,,,EQUITY,United Microelectronics Corporation,False,False,False,False,False,False,False,False,True,False,underlying_check_failed,1,False
rUNM-2026-07-24-1,rUNM,2026-07-24,False,,0.505,,True,False,,,2026-09-07,-45.0,EQUITY,Unum Group,False,False,False,True,False,False,False,False,False,False,relisted_after_event,1,False
rUSFR-2026-07-28-1,rUSFR,2026-07-28,True,,0.1599,,True,False,29.0,,2026-06-09,49.0,ETF,WisdomTree Floating Rate Treasury Fund,False,False,False,False,False,False,False,False,False,False,,0,True
rUL-2026-08-07-1,rUL,2026-08-07,False,,0.5255,,True,False,,,,,EQUITY,Unilever PLC,False,False,False,False,False,False,False,False,True,False,underlying_check_failed,1,False
rURI-2026-08-12-1,rURI,2026-08-12,True,,1.97,,True,False,,,2026-06-11,62.0,EQUITY,"United Rentals, Inc.",False,False,False,False,False,False,False,False,False,False,,0,True
rUPS-2026-08-17-1,rUPS,2026-08-17,True,,1.64,,True,False,,,2026-06-10,68.0,EQUITY,"United Parcel Service, Inc.",False,False,False,False,True,False,False,False,False,False,ex_date_after_gap,1,False
rUGP-2026-08-26-1,rUGP,2026-08-26,False,,0.154598,,True,False,,,,,EQUITY,Ultrapar Participações S.A.,False,False,False,False,False,False,False,False,True,False,underlying_check_failed,1,False
rUSFR-2026-08-26-1,rUSFR,2026-08-26,True,,0.16046,,True,False,29.0,,2026-06-09,78.0,ETF,WisdomTree Floating Rate Treasury Fund,False,False,False,False,False,False,False,False,False,False,,0,True
rUI-2026-08-31-1,rUI,2026-08-31,False,,1.0,,True,False,,,2026-09-07,-7.0,EQUITY,Ubiquiti Inc.,False,False,False,True,False,False,False,False,False,False,relisted_after_event,1,False
rULS-2026-08-31-1,rULS,2026-08-31,False,,0.145,,True,False,,,2026-09-07,-7.0,EQUITY,UL Solutions Inc.,False,False,False,True,False,False,False,False,False,False,relisted_after_event,1,False
rUFPI-2026-09-01-1,rUFPI,2026-09-01,False,,0.36,,True,False,92.0,,2026-09-11,-10.0,EQUITY,"UFP Industries, Inc.",False,False,False,True,False,False,False,False,False,False,relisted_after_event,1,False
rUHS-2026-09-01-1,rUHS,2026-09-01,False,,0.2,,True,False,85.0,,2026-09-07,-6.0,EQUITY,"Universal Health Services, Inc.",False,False,False,True,False,False,False,False,False,False,relisted_after_event,1,False
rUNF-2026-09-04-1,rUNF,2026-09-04,False,,0.365,,True,False,91.0,,2026-09-11,-7.0,EQUITY,UniFirst Corporation,False,False,False,True,False,False,False,False,False,False,relisted_after_event,1,False
rUMBF-2026-09-10-1,rUMBF,2026-09-10,True,,0.5,,True,False,92.0,,2026-09-07,3.0,EQUITY,UMB Financial Corporation,False,False,False,False,False,False,False,False,False,False,,0,True
rUNH-2026-09-14-1,rUNH,2026-09-14,True,,2.32,,True,False,91.0,,2026-06-05,101.0,EQUITY,UnitedHealth Group Incorporated,False,False,False,False,True,False,False,False,False,False,ex_date_after_gap,1,False
rUGI-2026-09-15-1,rUGI,2026-09-15,True,,0.375,,True,False,92.0,,2026-09-11,4.0,EQUITY,UGI Corporation,False,False,False,False,False,False,False,False,False,False,,0,True
rUSB-2026-09-30-1,rUSB,2026-09-30,False,,0.54,,True,False,92.0,,,,EQUITY,U.S. Bancorp,False,False,False,False,False,False,False,False,True,False,underlying_check_failed,1,False
rVIRT-2026-06-01-1,rVIRT,2026-06-01,False,,0.24,,True,False,92.0,,2026-09-07,-98.0,EQUITY,"Virtu Financial, Inc.",False,False,False,True,False,False,False,False,False,False,relisted_after_event,1,False
rVCTR-2026-06-10-1,rVCTR,2026-06-10,False,,0.5,,True,False,92.0,,2026-09-11,-93.0,EQUITY,"Victory Capital Holdings, Inc.",False,False,False,True,False,False,False,False,False,False,relisted_after_event,1,False
rVFC-2026-06-10-1,rVFC,2026-06-10,False,,0.09,,True,False,92.0,,2026-09-11,-93.0,EQUITY,V.F. Corporation,False,False,False,True,False,False,False,False,False,False,relisted_after_event,1,False
rVG-2026-06-15-1,rVG,2026-06-15,False,,0.018,,True,False,92.0,,2026-09-07,-84.0,EQUITY,"Venture Global, Inc.",False,False,False,True,False,False,False,False,False,False,relisted_after_event,1,False
rVLY-2026-06-15-1,rVLY,2026-06-15,False,,0.11,,True,False,92.0,,2026-09-11,-88.0,EQUITY,Valley National Bancorp,False,False,False,True,False,False,False,False,False,False,relisted_after_event,1,False
rVICI-2026-06-18-1,rVICI,2026-06-18,False,,0.45,,True,False,91.0,,2026-09-01,-75.0,EQUITY,VICI Properties Inc.,False,False,False,True,False,False,False,False,False,False,relisted_after_event,1,False
rVGT-2026-06-24-1,rVGT,2026-06-24,True,,0.1384,,True,False,,,2026-06-09,15.0,ETF,Vanguard Information Technology Index Fund ETF Shares,False,False,False,False,False,False,False,False,False,False,,0,True
rVIV-2026-06-29-1,rVIV,2026-06-29,False,,0.022928,,True,False,29.0,,,,EQUITY,Telefônica Brasil S.A.,False,False,False,False,False,False,False,False,True,False,underlying_check_failed,1,False
rVLTO-2026-06-30-1,rVLTO,2026-06-30,False,,0.13,,True,False,,,2026-09-07,-69.0,EQUITY,Veralto Corporation,False,False,False,True,False,False,False,False,False,False,relisted_after_event,1,False
rVIV-2026-07-28-1,rVIV,2026-07-28,False,,0.050479,,True,False,29.0,,,,EQUITY,Telefônica Brasil S.A.,False,False,False,False,False,False,False,False,True,False,underlying_check_failed,1,False
rVLO-2026-07-31-1,rVLO,2026-07-31,True,,1.2,,True,False,,,2026-06-11,50.0,EQUITY,Valero Energy Corporation,False,False,False,False,False,False,False,False,False,False,,0,True
rV-2026-08-11-1,rV,2026-08-11,True,,0.67,,True,False,,,2026-06-02,70.0,EQUITY,Visa Inc.,False,False,False,False,False,False,False,False,False,False,,0,True
rVALE-2026-08-13-1,rVALE,2026-08-13,False,,,,False,True,,,,,EQUITY,Vale S.A.,False,False,False,False,False,False,False,False,True,False,underlying_check_failed;reality_row_ambiguous,2,False
rVALE-2026-08-13-2,rVALE,2026-08-13,False,,,,False,True,,,,,EQUITY,Vale S.A.,False,False,False,False,False,False,False,False,True,False,underlying_check_failed;reality_row_ambiguous,2,False
rVMC-2026-08-13-1,rVMC,2026-08-13,True,,0.52,,True,False,,,2026-07-24,20.0,EQUITY,Vulcan Materials Company,False,False,False,False,False,False,False,False,False,False,,0,True
rVIV-2026-08-27-1,rVIV,2026-08-27,False,,0.034674,,True,False,30.0,,,,EQUITY,Telefônica Brasil S.A.,False,False,False,False,False,False,False,False,True,False,underlying_check_failed,1,False
rVIRT-2026-09-01-1,rVIRT,2026-09-01,False,,0.24,,True,False,92.0,,2026-09-07,-6.0,EQUITY,"Virtu Financial, Inc.",False,False,False,True,False,False,False,False,False,False,relisted_after_event,1,False
rVCTR-2026-09-10-1,rVCTR,2026-09-10,False,,0.5,,True,False,92.0,,2026-09-11,-1.0,EQUITY,"Victory Capital Holdings, Inc.",False,False,False,True,False,False,False,False,False,False,relisted_after_event,1,False
rVFC-2026-09-10-1,rVFC,2026-09-10,False,,0.09,,True,False,92.0,,2026-09-11,-1.0,EQUITY,V.F. Corporation,False,False,False,True,False,False,False,False,False,False,relisted_after_event,1,False
rVG-2026-09-15-1,rVG,2026-09-15,True,,0.04,,True,False,92.0,,2026-09-07,8.0,EQUITY,"Venture Global, Inc.",False,False,False,False,False,False,False,False,False,False,,0,True
rVLY-2026-09-15-1,rVLY,2026-09-15,True,,0.11,,True,False,92.0,,2026-09-11,4.0,EQUITY,Valley National Bancorp,False,False,False,False,False,False,False,False,False,False,,0,True
rVICI-2026-09-17-1,rVICI,2026-09-17,True,,0.46,,True,False,91.0,,2026-09-01,16.0,EQUITY,VICI Properties Inc.,False,False,False,False,False,False,False,False,False,False,,0,True
rVIV-2026-09-28-1,rVIV,2026-09-28,False,,0.060738,,True,False,32.0,,,,EQUITY,Telefônica Brasil S.A.,False,False,False,False,False,False,False,False,True,False,underlying_check_failed,1,False
rVOD-2026-06-05-1,rVOD,2026-06-05,False,,0.259148,,True,False,,,,,EQUITY,Vodafone Group Public Limited Company,False,False,False,False,False,False,False,False,True,False,underlying_check_failed,1,False
rVRSK-2026-06-15-1,rVRSK,2026-06-15,False,,0.5,,True,False,92.0,,2026-08-11,-57.0,EQUITY,"Verisk Analytics, Inc.",False,False,False,True,False,False,False,False,False,False,relisted_after_event,1,False
rVRT-2026-06-15-1,rVRT,2026-06-15,True,,0.0625,,True,False,91.0,,2026-06-02,13.0,EQUITY,Vertiv Holdings Co,False,False,False,False,True,False,False,False,False,False,ex_date_after_gap,1,False
rVSH-2026-06-18-1,rVSH,2026-06-18,False,,0.1,,True,False,84.0,,2026-09-11,-85.0,EQUITY,"Vishay Intertechnology, Inc.",False,False,False,True,False,False,False,False,False,False,relisted_after_event,1,False
rVXUS-2026-06-18-1,rVXUS,2026-06-18,True,,0.3861,,True,False,92.0,,2026-06-09,9.0,ETF,Vanguard Total International Stock Index Fund ETF Shares,False,False,False,False,False,False,False,False,False,False,,0,True
rVST-2026-06-22-1,rVST,2026-06-22,True,0.229,0.229,1.0,True,False,91.0,,2026-06-02,20.0,EQUITY,Vistra Corp.,False,False,False,False,True,False,False,False,False,False,ex_date_after_gap,1,False
rVNQ-2026-06-24-1,rVNQ,2026-06-24,True,,0.8554,,True,False,,,2026-06-09,15.0,ETF,Vanguard Real Estate Index Fund ETF Shares,False,False,False,False,False,False,False,False,False,False,,0,True
rVMI-2026-06-26-1,rVMI,2026-06-26,False,,0.77,,True,False,91.0,,2026-09-07,-73.0,EQUITY,"Valmont Industries, Inc.",False,False,False,True,False,False,False,False,False,False,relisted_after_event,1,False
rVOO-2026-06-26-1,rVOO,2026-06-26,True,1.9622,1.9622,1.0,True,False,,,2026-06-09,17.0,ETF,Vanguard S&P 500 ETF,False,False,False,False,False,False,False,False,False,False,,0,True
rVTI-2026-06-26-1,rVTI,2026-06-26,True,,1.0437,,True,False,,,2026-06-09,17.0,ETF,Vanguard Morningstar Total Stock Market ETF,False,False,False,False,False,False,False,False,False,False,,0,True
rVTV-2026-06-26-1,rVTV,2026-06-26,True,1.0818,1.0818,1.0,True,False,,,2026-06-09,17.0,ETF,Vanguard Morningstar Value ETF,False,False,False,False,False,False,False,False,False,False,,0,True
rVSNT-2026-07-01-1,rVSNT,2026-07-01,False,,0.375,,True,False,92.0,,2026-09-11,-72.0,EQUITY,"Versant Media Group, Inc.",False,False,False,True,False,False,False,False,False,False,relisted_after_event,1,False
rVZ-2026-07-10-1,rVZ,2026-07-10,True,,0.7075,,True,False,91.0,,2026-06-10,30.0,EQUITY,Verizon Communications Inc.,False,False,False,False,False,False,False,False,False,False,,0,True
rVSEC-2026-07-15-1,rVSEC,2026-07-15,False,,0.1,,True,False,92.0,,2026-09-11,-58.0,EQUITY,VSE Corporation,False,False,False,True,False,False,False,False,False,False,relisted_after_event,1,False
rVNOM-2026-08-13-1,rVNOM,2026-08-13,False,,,,False,True,,,,,EQUITY,"Viper Energy, Inc.",False,False,False,False,False,False,False,False,True,False,underlying_check_failed;reality_row_ambiguous,2,False
rVNOM-2026-08-13-2,rVNOM,2026-08-13,False,,,,False,True,,,,,EQUITY,"Viper Energy, Inc.",False,False,False,False,False,False,False,False,True,False,underlying_check_failed;reality_row_ambiguous,2,False
rVRSN-2026-08-19-1,rVRSN,2026-08-19,True,,0.81,,True,False,,,2026-08-11,8.0,EQUITY,"VeriSign, Inc.",False,False,False,False,False,False,False,False,False,False,,0,True
rVTRS-2026-08-21-1,rVTRS,2026-08-21,False,,0.12,,True,False,,,2026-09-07,-17.0,EQUITY,Viatris Inc.,False,False,False,True,False,False,False,False,False,False,relisted_after_event,1,False
rVOYA-2026-08-26-1,rVOYA,2026-08-26,False,,0.47,,True,False,,,2026-09-07,-12.0,EQUITY,"Voya Financial, Inc.",False,False,False,True,False,False,False,False,False,False,relisted_after_event,1,False
rVSH-2026-09-10-1,rVSH,2026-09-10,False,,0.1,,True,False,84.0,,2026-09-11,-1.0,EQUITY,"Vishay Intertechnology, Inc.",False,False,False,True,False,False,False,False,False,False,relisted_after_event,1,False
rVRT-2026-09-14-1,rVRT,2026-09-14,True,,0.0625,,True,False,91.0,,2026-06-02,104.0,EQUITY,Vertiv Holdings Co,False,False,False,False,True,False,False,False,False,False,ex_date_after_gap,1,False
rVRSK-2026-09-15-1,rVRSK,2026-09-15,True,,0.5,,True,False,92.0,,2026-08-11,35.0,EQUITY,"Verisk Analytics, Inc.",False,False,False,False,False,False,False,False,False,False,,0,True
rVXUS-2026-09-18-1,rVXUS,2026-09-18,True,,0.156,,True,False,92.0,,2026-06-09,101.0,ETF,Vanguard Total International Stock Index Fund ETF Shares,False,False,False,False,False,False,False,False,False,False,,0,True
rVST-2026-09-21-1,rVST,2026-09-21,False,,0.23,,True,False,91.0,,2026-06-02,111.0,EQUITY,Vistra Corp.,False,False,False,False,False,False,False,False,True,False,underlying_check_failed,1,False
rVMI-2026-09-25-1,rVMI,2026-09-25,False,,0.77,,True,False,91.0,,,,EQUITY,"Valmont Industries, Inc.",False,False,False,False,False,False,False,False,True,False,underlying_check_failed,1,False
rVSNT-2026-10-01-1,rVSNT,2026-10-01,False,,0.375,,True,False,92.0,,2026-09-11,20.0,EQUITY,"Versant Media Group, Inc.",False,False,False,False,False,False,False,False,True,False,underlying_check_failed,1,False
rVZ-2026-10-09-1,rVZ,2026-10-09,False,,0.7075,,True,False,91.0,,,,EQUITY,Verizon Communications Inc.,False,False,False,False,False,False,False,False,True,False,underlying_check_failed,1,False
rVSEC-2026-10-15-1,rVSEC,2026-10-15,False,,0.1,,True,False,92.0,,2026-09-11,34.0,EQUITY,VSE Corporation,False,False,False,False,False,False,False,False,True,False,underlying_check_failed,1,False
rWHD-2026-06-01-1,rWHD,2026-06-01,False,,0.14,,True,False,91.0,,2026-09-11,-102.0,EQUITY,"Cactus, Inc.",False,False,False,True,False,False,False,False,False,False,relisted_after_event,1,False
rWBI-2026-06-04-1,rWBI,2026-06-04,False,,0.05,,True,False,84.0,,2026-09-11,-99.0,EQUITY,WaterBridge Infrastructure LLC,False,False,False,True,False,False,False,False,False,False,relisted_after_event,1,False
rWDC-2026-06-05-1,rWDC,2026-06-05,True,,0.15,,True,False,95.0,,2026-06-02,3.0,EQUITY,Western Digital Corporation,False,False,False,False,False,False,False,False,False,False,,0,True
rWM-2026-06-05-1,rWM,2026-06-05,False,,0.945,,True,False,98.0,,2026-06-10,-5.0,EQUITY,"Waste Management, Inc.",False,False,False,True,False,False,False,False,False,False,relisted_after_event,1,False
rWCC-2026-06-12-1,rWCC,2026-06-12,False,,0.5,,True,False,91.0,,2026-09-07,-87.0,EQUITY,"WESCO International, Inc.",False,False,False,True,False,False,False,False,False,False,relisted_after_event,1,False
rWH-2026-06-15-1,rWH,2026-06-15,False,,0.43,,True,False,92.0,,2026-09-11,-88.0,EQUITY,"Wyndham Hotels & Resorts, Inc.",False,False,False,True,False,False,False,False,False,False,relisted_after_event,1,False
rWFG-2026-06-25-1,rWFG,2026-06-25,False,,0.32,,True,False,,,2026-09-11,-78.0,EQUITY,West Fraser Timber Co. Ltd.,False,False,False,True,False,False,False,False,False,False,relisted_after_event,1,False
rWIT-2026-07-27-1,rWIT,2026-07-27,False,,0.018507,,True,False,,,,,EQUITY,Wipro Limited,False,False,False,False,False,False,False,False,True,False,underlying_check_failed,1,False
rWES-2026-07-31-1,rWES,2026-07-31,False,,0.93,,True,False,,,2026-09-01,-32.0,EQUITY,"Western Midstream Partners, LP",False,False,False,True,False,False,False,False,False,False,relisted_after_event,1,False
rWCN-2026-08-06-1,rWCN,2026-08-06,True,,0.35,,True,False,,,2026-06-30,37.0,EQUITY,"Waste Connections, Inc.",False,False,False,False,False,False,False,False,False,False,,0,True
rWFRD-2026-08-06-1,rWFRD,2026-08-06,False,,0.275,,True,False,,,2026-09-11,-36.0,EQUITY,Weatherford International plc,False,False,False,True,False,False,False,False,False,False,relisted_after_event,1,False
rWFC-2026-08-07-1,rWFC,2026-08-07,True,,0.5,,True,False,,,2026-06-05,63.0,EQUITY,Wells Fargo & Company,False,False,False,False,False,False,False,False,False,False,,0,True
rWF-2026-08-10-1,rWF,2026-08-10,False,,0.46536201,,True,False,,,,,EQUITY,Woori Financial Group Inc.,False,False,False,False,False,False,False,False,True,False,underlying_check_failed,1,False
rWELL-2026-08-12-1,rWELL,2026-08-12,True,,0.85,,True,False,,,2026-06-10,63.0,EQUITY,Welltower Inc.,False,False,False,False,False,False,False,False,False,False,,0,True
rWAL-2026-08-13-1,rWAL,2026-08-13,False,,0.42,,True,False,,,2026-09-07,-25.0,EQUITY,Western Alliance Bancorporation,False,False,False,True,False,False,False,False,False,False,relisted_after_event,1,False
rWEC-2026-08-14-1,rWEC,2026-08-14,False,,0.9525,,True,False,,,2026-09-07,-24.0,EQUITY,"WEC Energy Group, Inc.",False,False,False,True,False,False,False,False,False,False,relisted_after_event,1,False
rWAB-2026-08-18-1,rWAB,2026-08-18,False,,0.31,,True,False,,,2026-09-07,-20.0,EQUITY,Westinghouse Air Brake Technologies Corporation,False,False,False,True,False,False,False,False,False,False,relisted_after_event,1,False
rWLK-2026-08-25-1,rWLK,2026-08-25,False,,0.533,,True,False,,,2026-09-07,-13.0,EQUITY,Westlake Corporation,False,False,False,True,False,False,False,False,False,False,relisted_after_event,1,False
rWBI-2026-08-27-1,rWBI,2026-08-27,False,,0.05,,True,False,84.0,,2026-09-11,-15.0,EQUITY,WaterBridge Infrastructure LLC,False,False,False,True,False,False,False,False,False,False,relisted_after_event,1,False
rWHD-2026-08-31-1,rWHD,2026-08-31,False,,0.15,,True,False,91.0,,2026-09-11,-11.0,EQUITY,"Cactus, Inc.",False,False,False,True,False,False,False,False,False,False,relisted_after_event,1,False
rWDS-2026-09-04-1,rWDS,2026-09-04,False,,0.55,,True,False,,,,,EQUITY,Woodside Energy Group Ltd,False,False,False,False,False,False,False,False,True,False,underlying_check_failed,1,False
rWDC-2026-09-08-1,rWDC,2026-09-08,True,,0.15,,True,False,95.0,,2026-06-02,98.0,EQUITY,Western Digital Corporation,False,False,False,False,True,False,False,False,False,False,ex_date_after_gap,1,False
rWCC-2026-09-11-1,rWCC,2026-09-11,True,,0.5,,True,False,91.0,,2026-09-07,4.0,EQUITY,"WESCO International, Inc.",False,False,False,False,False,False,False,False,False,False,,0,True
rWM-2026-09-11-1,rWM,2026-09-11,True,,0.945,,True,False,98.0,,2026-06-10,93.0,EQUITY,"Waste Management, Inc.",False,False,False,False,False,False,False,False,False,False,,0,True
rWH-2026-09-15-1,rWH,2026-09-15,True,,0.43,,True,False,92.0,,2026-09-11,4.0,EQUITY,"Wyndham Hotels & Resorts, Inc.",False,False,False,False,False,False,False,False,False,False,,0,True
rWTS-2026-06-01-1,rWTS,2026-06-01,False,,0.63,,True,False,92.0,,2026-09-07,-98.0,EQUITY,"Watts Water Technologies, Inc.",False,False,False,True,False,False,False,False,False,False,relisted_after_event,1,False
rWSC-2026-06-03-1,rWSC,2026-06-03,False,,0.07,,True,False,91.0,,2026-09-11,-100.0,EQUITY,WillScot Holdings Corporation,False,False,False,True,False,False,False,False,False,False,relisted_after_event,1,False
rWY-2026-06-05-1,rWY,2026-06-05,False,,0.21,,True,False,91.0,,2026-09-07,-94.0,EQUITY,Weyerhaeuser Company,False,False,False,True,False,False,False,False,False,False,relisted_after_event,1,False
rWMB-2026-06-12-1,rWMB,2026-06-12,True,,0.525,,True,False,91.0,,2026-06-10,2.0,EQUITY,"The Williams Companies, Inc.",False,False,False,False,False,False,False,False,False,False,,0,True
rXEL-2026-06-15-1,rXEL,2026-06-15,True,,0.5925,,True,False,92.0,,2026-06-11,4.0,EQUITY,Xcel Energy Inc.,False,False,False,False,True,False,False,False,False,False,ex_date_after_gap,1,False
rXBI-2026-06-22-1,rXBI,2026-06-22,False,,0.138094,,True,False,,,2026-07-14,-22.0,ETF,State Street SPDR S&P Biotech ETF,False,False,False,True,False,False,False,False,False,False,relisted_after_event,1,False
rXLK-2026-06-22-1,rXLK,2026-06-22,True,,0.227918,,True,False,,,2026-06-09,13.0,ETF,State Street Technology Select Sector SPDR ETF,False,False,False,False,True,False,False,False,False,False,ex_date_after_gap,1,False
rWRB-2026-06-23-1,rWRB,2026-06-23,False,,,,False,True,90.0,,,,EQUITY,W. R. Berkley Corporation,False,False,False,False,False,False,False,False,True,False,underlying_check_failed;reality_row_ambiguous,2,False
rWRB-2026-06-23-2,rWRB,2026-06-23,False,,,,False,True,90.0,,,,EQUITY,W. R. Berkley Corporation,False,False,False,False,False,False,False,False,True,False,underlying_check_failed;reality_row_ambiguous,2,False
rWPC-2026-06-30-1,rWPC,2026-06-30,False,,0.94,,True,False,,,2026-09-07,-69.0,EQUITY,W. P. Carey Inc.,False,False,False,True,False,False,False,False,False,False,relisted_after_event,1,False
rWTW-2026-06-30-1,rWTW,2026-06-30,False,,0.96,,True,False,92.0,,2026-09-07,-69.0,EQUITY,Willis Towers Watson Public Limited Company,False,False,False,True,False,False,False,False,False,False,relisted_after_event,1,False
rWSO-2026-07-16-1,rWSO,2026-07-16,False,,3.3,,True,False,,,2026-09-07,-53.0,EQUITY,"Watsco, Inc.",False,False,False,True,False,False,False,False,False,False,relisted_after_event,1,False
rWSM-2026-07-17-1,rWSM,2026-07-17,False,,0.76,,True,False,,,2026-09-07,-52.0,EQUITY,"Williams-Sonoma, Inc.",False,False,False,True,False,False,False,False,False,False,relisted_after_event,1,False
rWST-2026-07-29-1,rWST,2026-07-29,False,,0.22,,True,False,,,2026-09-07,-40.0,EQUITY,"West Pharmaceutical Services, Inc.",False,False,False,True,False,False,False,False,False,False,relisted_after_event,1,False
rWTFC-2026-08-06-1,rWTFC,2026-08-06,False,,0.55,,True,False,,,2026-09-07,-32.0,EQUITY,Wintrust Financial Corporation,False,False,False,True,False,False,False,False,False,False,relisted_after_event,1,False
rWTRG-2026-08-11-1,rWTRG,2026-08-11,False,,0.3606,,True,False,,,2026-09-07,-27.0,EQUITY,"Essential Utilities, Inc.",False,False,False,True,False,False,False,False,False,False,relisted_after_event,1,False
rWYNN-2026-08-14-1,rWYNN,2026-08-14,False,,0.25,,True,False,,,2026-09-07,-24.0,EQUITY,"Wynn Resorts, Limited",False,False,False,True,False,False,False,False,False,False,relisted_after_event,1,False
rWMG-2026-08-20-1,rWMG,2026-08-20,False,,0.2,,True,False,,,2026-09-07,-18.0,EQUITY,Warner Music Group Corp.,False,False,False,True,False,False,False,False,False,False,relisted_after_event,1,False
rWPM-2026-08-20-1,rWPM,2026-08-20,True,,0.195,,True,False,,,2026-06-11,70.0,EQUITY,Wheaton Precious Metals Corp.,False,False,False,False,False,False,False,False,False,False,,0,True
rWWD-2026-08-20-1,rWWD,2026-08-20,True,,0.32,,True,False,,,2026-08-11,9.0,EQUITY,"Woodward, Inc.",False,False,False,False,False,False,False,False,False,False,,0,True
rWMT-2026-08-21-1,rWMT,2026-08-21,True,,0.2475,,True,False,112.0,,2026-06-09,73.0,EQUITY,Walmart Inc.,False,False,False,False,False,False,False,False,False,False,,0,True
rWTS-2026-09-01-1,rWTS,2026-09-01,False,,0.63,,True,False,92.0,,2026-09-07,-6.0,EQUITY,"Watts Water Technologies, Inc.",False,False,False,True,False,False,False,False,False,False,relisted_after_event,1,False
rWSC-2026-09-02-1,rWSC,2026-09-02,False,,0.07,,True,False,91.0,,2026-09-11,-9.0,EQUITY,WillScot Holdings Corporation,False,False,False,True,False,False,False,False,False,False,relisted_after_event,1,False
rWY-2026-09-04-1,rWY,2026-09-04,False,,0.21,,True,False,91.0,,2026-09-07,-3.0,EQUITY,Weyerhaeuser Company,False,False,False,True,False,False,False,False,False,False,relisted_after_event,1,False
rWMB-2026-09-11-1,rWMB,2026-09-11,True,,0.525,,True,False,91.0,,2026-06-10,93.0,EQUITY,"The Williams Companies, Inc.",False,False,False,False,False,False,False,False,False,False,,0,True
rXEL-2026-09-15-1,rXEL,2026-09-15,True,,0.5925,,True,False,92.0,,2026-06-11,96.0,EQUITY,Xcel Energy Inc.,False,False,False,False,False,False,False,False,False,False,,0,True
rWRB-2026-09-21-1,rWRB,2026-09-21,False,,0.1,,True,False,90.0,,,,EQUITY,W. R. Berkley Corporation,False,False,False,False,False,False,False,False,True,False,underlying_check_failed,1,False
rWTW-2026-09-30-1,rWTW,2026-09-30,False,,0.96,,True,False,92.0,,2026-09-07,23.0,EQUITY,Willis Towers Watson Public Limited Company,False,False,False,False,False,False,False,False,True,False,underlying_check_failed,1,False
rWMT-2026-12-11-1,rWMT,2026-12-11,False,,0.2475,,True,False,112.0,,2026-06-09,185.0,EQUITY,Walmart Inc.,False,False,False,False,False,False,False,False,True,False,underlying_check_failed,1,False
rXP-2026-06-10-1,rXP,2026-06-10,False,,0.2,,True,False,,,2026-09-11,-93.0,EQUITY,XP Inc.,False,False,False,True,False,False,False,False,False,False,relisted_after_event,1,False
rYOU-2026-06-10-1,rYOU,2026-06-10,False,,0.15,,True,False,92.0,,2026-09-11,-93.0,EQUITY,"Clear Secure, Inc.",False,False,False,True,False,False,False,False,False,False,relisted_after_event,1,False
rXLU-2026-06-22-1,rXLU,2026-06-22,True,,0.284415,,True,False,,,2026-06-09,13.0,ETF,State Street Utilities Select Sector SPDR ETF,False,False,False,False,True,False,False,False,False,False,ex_date_after_gap,1,False
rXLV-2026-06-22-1,rXLV,2026-06-22,False,,0.656252,,True,False,,,2026-07-21,-29.0,ETF,State Street Health Care Select Sector SPDR ETF,False,False,False,True,False,False,False,False,False,False,relisted_after_event,1,False
rYANG-2026-06-23-1,rYANG,2026-06-23,True,0.16314,0.16314,1.0,True,False,,,2026-06-05,18.0,ETF,Direxion Daily FTSE China Bear 3X Shares,False,False,False,False,False,False,False,False,False,True,leveraged_name_hint,1,False
rYINN-2026-06-23-1,rYINN,2026-06-23,True,0.20943,0.20943,1.0,True,False,,,2026-06-05,18.0,ETF,Direxion Daily FTSE China Bull 3X Shares,False,False,False,False,False,False,False,False,False,True,leveraged_name_hint,1,False
rZBH-2026-06-25-1,rZBH,2026-06-25,False,,0.24,,True,False,97.0,,2026-09-07,-74.0,EQUITY,"Zimmer Biomet Holdings, Inc.",False,False,False,True,False,False,False,False,False,False,relisted_after_event,1,False
rZGN-2026-07-06-1,rZGN,2026-07-06,False,,0.140748,,True,False,,,,,EQUITY,Ermenegildo Zegna N.V.,False,False,False,False,False,False,False,False,True,False,underlying_check_failed,1,False
rYMM-2026-07-07-1,rYMM,2026-07-07,False,,0.0798,,True,False,99.0,,,,EQUITY,Full Truck Alliance Co. Ltd.,False,False,False,False,False,False,False,False,True,False,underlying_check_failed,1,False
rZION-2026-08-13-1,rZION,2026-08-13,False,,0.48,,True,False,,,2026-09-07,-25.0,EQUITY,"Zions Bancorporation, National Association",False,False,False,True,False,False,False,False,False,False,relisted_after_event,1,False
rXOM-2026-08-17-1,rXOM,2026-08-17,True,,1.03,,True,False,,,2026-06-10,68.0,EQUITY,ExxonMobil Holdings Corporation,False,False,False,False,True,False,False,False,False,False,ex_date_after_gap,1,False
rXYL-2026-08-27-1,rXYL,2026-08-27,False,,0.43,,True,False,,,2026-09-07,-11.0,EQUITY,Xylem Inc.,False,False,False,True,False,False,False,False,False,False,relisted_after_event,1,False
rYUMC-2026-08-27-1,rYUMC,2026-08-27,False,,0.29,,True,False,,,2026-09-07,-11.0,EQUITY,"Yum China Holdings, Inc.",False,False,False,True,False,False,False,False,False,False,relisted_after_event,1,False
rYUM-2026-09-09-1,rYUM,2026-09-09,True,,0.75,,True,False,,,2026-06-23,78.0,EQUITY,"Yum! Brands, Inc.",False,False,False,False,False,False,False,False,False,False,,0,True
rYOU-2026-09-10-1,rYOU,2026-09-10,False,,0.15,,True,False,92.0,,2026-09-11,-1.0,EQUITY,"Clear Secure, Inc.",False,False,False,True,False,False,False,False,False,False,relisted_after_event,1,False
rZBH-2026-09-30-1,rZBH,2026-09-30,False,,0.24,,True,False,97.0,,,,EQUITY,"Zimmer Biomet Holdings, Inc.",False,False,False,False,False,False,False,False,True,False,underlying_check_failed,1,False
rYMM-2026-10-14-1,rYMM,2026-10-14,False,,0.084,,True,False,99.0,,,,EQUITY,Full Truck Alliance Co. Ltd.,False,False,False,False,False,False,False,False,True,False,underlying_check_failed,1,False
rZTS-2026-07-20-1,rZTS,2026-07-20,False,,0.53,,True,False,,,2026-07-24,-4.0,EQUITY,Zoetis Inc.,False,False,False,True,False,False,False,False,False,False,relisted_after_event,1,False
rZWS-2026-08-20-1,rZWS,2026-08-20,False,,0.11,,True,False,,,2026-09-11,-22.0,EQUITY,Zurn Elkay Water Solutions Corporation,False,False,False,True,False,False,False,False,False,False,relisted_after_event,1,False
