event_id,symbol,spot_symbol,ex_date,rung,notional_usd,gross_dividend,withholding_rate,net_dividend,p_pre,p_post,holding_hours,fee_rate,fee_label,pre_session,post_session,pre_book_ts,pre_book_source,post_book_ts,post_book_source,cost_basis,exit_gross_per_share,fee_per_share,walk_sell_frac,walk_buy_frac,walk_per_share,cost_per_share,exit_net_per_share,exit_breakeven_pdr,buy_net_per_share,buy_suppressed,cost_reason
rAVGO-2026-06-22-1,rAVGO,RAVGOUSDT,2026-06-22,overnight_2000,1000,0.65,0.3,0.455,411.256,411.251,0.016666666666666666,0.0005,DOCUMENTED promotional 0.05% through 2026-08-31,after_hours,overnight,2026-09-18T23:05:03.291954+00:00,public_book,2026-09-19T03:05:03.356996+00:00,public_book,OBSERVED-NOW book scenario; fee/prices event-time,0.0049999999999954525,0.4112535,0.00048325232974844045,0.0012741223816483682,0.7227245236982976,1.1339780236982977,-1.5839780236983023,2.4445815749204582,-0.3872967365079055,eligibility snapshot time unpublished,
rAVGO-2026-06-22-1,rAVGO,RAVGOUSDT,2026-06-22,overnight_2000,5000,0.65,0.3,0.455,411.256,411.251,0.016666666666666666,0.0005,DOCUMENTED promotional 0.05% through 2026-08-31,after_hours,overnight,2026-09-18T23:05:03.291954+00:00,public_book,2026-09-19T03:05:03.356996+00:00,public_book,OBSERVED-NOW book scenario; fee/prices event-time,0.0049999999999954525,0.4112535,0.0017755548620951302,0.002563587357299335,1.7844854546425037,2.1957389546425037,-2.6457389546425083,4.078059930219236,-1.5117372994539617,eligibility snapshot time unpublished,
rAVGO-2026-06-22-1,rAVGO,RAVGOUSDT,2026-06-22,overnight_2000,25000,0.65,0.3,0.455,411.256,411.251,0.016666666666666666,0.0005,DOCUMENTED promotional 0.05% through 2026-08-31,after_hours,overnight,2026-09-18T23:05:03.291954+00:00,public_book,2026-09-19T03:05:03.356996+00:00,public_book,OBSERVED-NOW book scenario; fee/prices event-time,0.0049999999999954525,0.4112535,0.003909026782272896,0.004873726573857429,3.6119356455958633,4.023189145595864,-4.473189145595868,6.889521762455175,-3.8683507330971585,eligibility snapshot time unpublished,
rAVGO-2026-06-22-1,rAVGO,RAVGOUSDT,2026-06-22,premarket_0400,1000,0.65,0.3,0.455,411.256,406.8,80.01666666666667,0.0005,DOCUMENTED promotional 0.05% through 2026-08-31,after_hours,pre_market,2026-09-18T23:05:03.291954+00:00,public_book,,,OBSERVED-NOW book scenario; fee/prices event-time,4.45599999999996,0.409028,0.00048325232974844045,,,,,,,eligibility snapshot time unpublished,buy: no depth sample for this symbol/session
rAVGO-2026-06-22-1,rAVGO,RAVGOUSDT,2026-06-22,premarket_0400,5000,0.65,0.3,0.455,411.256,406.8,80.01666666666667,0.0005,DOCUMENTED promotional 0.05% through 2026-08-31,after_hours,pre_market,2026-09-18T23:05:03.291954+00:00,public_book,,,OBSERVED-NOW book scenario; fee/prices event-time,4.45599999999996,0.409028,0.0017755548620951302,,,,,,,eligibility snapshot time unpublished,buy: no depth sample for this symbol/session
rAVGO-2026-06-22-1,rAVGO,RAVGOUSDT,2026-06-22,premarket_0400,25000,0.65,0.3,0.455,411.256,406.8,80.01666666666667,0.0005,DOCUMENTED promotional 0.05% through 2026-08-31,after_hours,pre_market,2026-09-18T23:05:03.291954+00:00,public_book,,,OBSERVED-NOW book scenario; fee/prices event-time,4.45599999999996,0.409028,0.003909026782272896,,,,,,,eligibility snapshot time unpublished,buy: no depth sample for this symbol/session
rAVGO-2026-06-22-1,rAVGO,RAVGOUSDT,2026-06-22,open_0930,1000,0.65,0.3,0.455,411.256,413.51,85.51666666666667,0.0005,DOCUMENTED promotional 0.05% through 2026-08-31,after_hours,regular,2026-09-18T23:05:03.291954+00:00,public_book,2026-09-16T19:34:15.315933+00:00,public_book,OBSERVED-NOW book scenario; fee/prices event-time,-2.254000000000019,0.412383,0.00048325232974844045,0.0006169772201209955,0.45386667041525747,0.8662496704152575,-3.5752496704152765,2.0326918006388577,1.8486362723635619,eligibility snapshot time unpublished,
rAVGO-2026-06-22-1,rAVGO,RAVGOUSDT,2026-06-22,open_0930,5000,0.65,0.3,0.455,411.256,413.51,85.51666666666667,0.0005,DOCUMENTED promotional 0.05% through 2026-08-31,after_hours,regular,2026-09-18T23:05:03.291954+00:00,public_book,2026-09-16T19:34:15.315933+00:00,public_book,OBSERVED-NOW book scenario; fee/prices event-time,-2.254000000000019,0.412383,0.0017755548620951302,0.0016955808291618801,1.4313472190325238,1.8437302190325238,-4.552730219032543,3.5365080292808053,0.557551618214148,eligibility snapshot time unpublished,
rAVGO-2026-06-22-1,rAVGO,RAVGOUSDT,2026-06-22,open_0930,25000,0.65,0.3,0.455,411.256,413.51,85.51666666666667,0.0005,DOCUMENTED promotional 0.05% through 2026-08-31,after_hours,regular,2026-09-18T23:05:03.291954+00:00,public_book,2026-09-16T19:34:15.315933+00:00,public_book,OBSERVED-NOW book scenario; fee/prices event-time,-2.254000000000019,0.412383,0.003909026782272896,0.004139854381229657,3.3194819035526977,3.731864903552698,-6.440864903552717,6.441330620850303,-1.715302939126416,eligibility snapshot time unpublished,
rAVGO-2026-06-22-1,rAVGO,RAVGOUSDT,2026-06-22,open_1000,1000,0.65,0.3,0.455,411.256,400.4,86.01666666666667,0.0005,DOCUMENTED promotional 0.05% through 2026-08-31,after_hours,regular,2026-09-18T23:05:03.291954+00:00,public_book,2026-09-16T19:34:15.315933+00:00,public_book,OBSERVED-NOW book scenario; fee/prices event-time,10.855999999999995,0.40582799999999997,0.00048325232974844045,0.0006169772201209955,0.4457780990594712,0.8516060990594712,9.549393900940522,2.0101632293222633,-11.248655605518469,eligibility snapshot time unpublished,
rAVGO-2026-06-22-1,rAVGO,RAVGOUSDT,2026-06-22,open_1000,5000,0.65,0.3,0.455,411.256,400.4,86.01666666666667,0.0005,DOCUMENTED promotional 0.05% through 2026-08-31,after_hours,regular,2026-09-18T23:05:03.291954+00:00,public_book,2026-09-16T19:34:15.315933+00:00,public_book,OBSERVED-NOW book scenario; fee/prices event-time,10.855999999999995,0.40582799999999997,0.0017755548620951302,0.0016955808291618801,1.4091181543622118,1.8149461543622118,8.586053845637782,3.492224852864941,-12.522961771668143,eligibility snapshot time unpublished,
rAVGO-2026-06-22-1,rAVGO,RAVGOUSDT,2026-06-22,open_1000,25000,0.65,0.3,0.455,411.256,400.4,86.01666666666667,0.0005,DOCUMENTED promotional 0.05% through 2026-08-31,after_hours,regular,2026-09-18T23:05:03.291954+00:00,public_book,2026-09-16T19:34:15.315933+00:00,public_book,OBSERVED-NOW book scenario; fee/prices event-time,10.855999999999995,0.40582799999999997,0.003909026782272896,0.004139854381229657,3.2652084126147765,3.6710364126147765,6.7299635873852175,6.347748327099655,-14.76603399424761,eligibility snapshot time unpublished,
rAVGO-2026-06-22-1,rAVGO,RAVGOUSDT,2026-06-22,close_1600,1000,0.65,0.3,0.455,411.256,392.996,92.01666666666667,0.0005,DOCUMENTED promotional 0.05% through 2026-08-31,after_hours,after_hours,2026-09-18T23:05:03.291954+00:00,public_book,2026-09-18T23:05:03.291954+00:00,public_book,OBSERVED-NOW book scenario; fee/prices event-time,18.25999999999999,0.402126,0.00048325232974844045,0.0006173808710727702,0.441368632931139,0.843494632931139,16.961505367068852,1.997684050663291,-18.650943820095712,eligibility snapshot time unpublished,
rAVGO-2026-06-22-1,rAVGO,RAVGOUSDT,2026-06-22,close_1600,5000,0.65,0.3,0.455,411.256,392.996,92.01666666666667,0.0005,DOCUMENTED promotional 0.05% through 2026-08-31,after_hours,after_hours,2026-09-18T23:05:03.291954+00:00,public_book,2026-09-18T23:05:03.291954+00:00,public_book,OBSERVED-NOW book scenario; fee/prices event-time,18.25999999999999,0.402126,0.0017755548620951302,0.002469912574611488,1.700873352537811,2.102999352537811,15.702000647462182,3.93538361928894,-19.920678324368353,eligibility snapshot time unpublished,
rAVGO-2026-06-22-1,rAVGO,RAVGOUSDT,2026-06-22,close_1600,25000,0.65,0.3,0.455,411.256,392.996,92.01666666666667,0.0005,DOCUMENTED promotional 0.05% through 2026-08-31,after_hours,after_hours,2026-09-18T23:05:03.291954+00:00,public_book,2026-09-18T23:05:03.291954+00:00,public_book,OBSERVED-NOW book scenario; fee/prices event-time,18.25999999999999,0.402126,0.003909026782272896,0.005712352615386829,3.852542446806984,4.254668446806984,13.550331553193008,7.245643764318436,-22.092597176519636,eligibility snapshot time unpublished,
rAVL-2026-06-23-1,rAVL,RAVLUSDT,2026-06-23,overnight_2000,1000,0.20039,0.3,0.140273,48.23,48.21,0.18333333333333332,0.0005,DOCUMENTED promotional 0.05% through 2026-08-31,after_hours,overnight,2026-09-18T23:05:03.291954+00:00,ticker_only,2026-09-19T03:05:03.356996+00:00,ticker_only,OBSERVED-NOW book scenario; fee/prices event-time,0.01999999999999602,0.04822,,,,,,,,eligibility snapshot time unpublished,"sell: $1,000 exceeds visible top-of-book ($372) on ticker-only symbol; buy: $1,000 exceeds visible top-of-book ($38) on ticker-only symbol"
rAVL-2026-06-23-1,rAVL,RAVLUSDT,2026-06-23,overnight_2000,5000,0.20039,0.3,0.140273,48.23,48.21,0.18333333333333332,0.0005,DOCUMENTED promotional 0.05% through 2026-08-31,after_hours,overnight,2026-09-18T23:05:03.291954+00:00,ticker_only,2026-09-19T03:05:03.356996+00:00,ticker_only,OBSERVED-NOW book scenario; fee/prices event-time,0.01999999999999602,0.04822,,,,,,,,eligibility snapshot time unpublished,"sell: $5,000 exceeds visible top-of-book ($372) on ticker-only symbol; buy: $5,000 exceeds visible top-of-book ($38) on ticker-only symbol"
rAVL-2026-06-23-1,rAVL,RAVLUSDT,2026-06-23,overnight_2000,25000,0.20039,0.3,0.140273,48.23,48.21,0.18333333333333332,0.0005,DOCUMENTED promotional 0.05% through 2026-08-31,after_hours,overnight,2026-09-18T23:05:03.291954+00:00,ticker_only,2026-09-19T03:05:03.356996+00:00,ticker_only,OBSERVED-NOW book scenario; fee/prices event-time,0.01999999999999602,0.04822,,,,,,,,eligibility snapshot time unpublished,"sell: $25,000 exceeds visible top-of-book ($372) on ticker-only symbol; buy: $25,000 exceeds visible top-of-book ($38) on ticker-only symbol"
rAVL-2026-06-23-1,rAVL,RAVLUSDT,2026-06-23,premarket_0400,1000,0.20039,0.3,0.140273,48.23,45.235,8.116666666666667,0.0005,DOCUMENTED promotional 0.05% through 2026-08-31,after_hours,pre_market,2026-09-18T23:05:03.291954+00:00,ticker_only,,,OBSERVED-NOW book scenario; fee/prices event-time,2.9949999999999974,0.0467325,,,,,,,,eligibility snapshot time unpublished,"sell: $1,000 exceeds visible top-of-book ($372) on ticker-only symbol; buy: no depth sample for this symbol/session"
rAVL-2026-06-23-1,rAVL,RAVLUSDT,2026-06-23,premarket_0400,5000,0.20039,0.3,0.140273,48.23,45.235,8.116666666666667,0.0005,DOCUMENTED promotional 0.05% through 2026-08-31,after_hours,pre_market,2026-09-18T23:05:03.291954+00:00,ticker_only,,,OBSERVED-NOW book scenario; fee/prices event-time,2.9949999999999974,0.0467325,,,,,,,,eligibility snapshot time unpublished,"sell: $5,000 exceeds visible top-of-book ($372) on ticker-only symbol; buy: no depth sample for this symbol/session"
rAVL-2026-06-23-1,rAVL,RAVLUSDT,2026-06-23,premarket_0400,25000,0.20039,0.3,0.140273,48.23,45.235,8.116666666666667,0.0005,DOCUMENTED promotional 0.05% through 2026-08-31,after_hours,pre_market,2026-09-18T23:05:03.291954+00:00,ticker_only,,,OBSERVED-NOW book scenario; fee/prices event-time,2.9949999999999974,0.0467325,,,,,,,,eligibility snapshot time unpublished,"sell: $25,000 exceeds visible top-of-book ($372) on ticker-only symbol; buy: no depth sample for this symbol/session"
rAVL-2026-06-23-1,rAVL,RAVLUSDT,2026-06-23,open_0930,1000,0.20039,0.3,0.140273,48.23,45.254,13.616666666666667,0.0005,DOCUMENTED promotional 0.05% through 2026-08-31,after_hours,regular,2026-09-18T23:05:03.291954+00:00,ticker_only,2026-09-16T19:34:15.315933+00:00,ticker_only,OBSERVED-NOW book scenario; fee/prices event-time,2.975999999999999,0.046742,,0.0006015037593985902,,,,,,eligibility snapshot time unpublished,"sell: $1,000 exceeds visible top-of-book ($372) on ticker-only symbol"
rAVL-2026-06-23-1,rAVL,RAVLUSDT,2026-06-23,open_0930,5000,0.20039,0.3,0.140273,48.23,45.254,13.616666666666667,0.0005,DOCUMENTED promotional 0.05% through 2026-08-31,after_hours,regular,2026-09-18T23:05:03.291954+00:00,ticker_only,2026-09-16T19:34:15.315933+00:00,ticker_only,OBSERVED-NOW book scenario; fee/prices event-time,2.975999999999999,0.046742,,0.0006015037593985902,,,,,,eligibility snapshot time unpublished,"sell: $5,000 exceeds visible top-of-book ($372) on ticker-only symbol"
rAVL-2026-06-23-1,rAVL,RAVLUSDT,2026-06-23,open_0930,25000,0.20039,0.3,0.140273,48.23,45.254,13.616666666666667,0.0005,DOCUMENTED promotional 0.05% through 2026-08-31,after_hours,regular,2026-09-18T23:05:03.291954+00:00,ticker_only,2026-09-16T19:34:15.315933+00:00,ticker_only,OBSERVED-NOW book scenario; fee/prices event-time,2.975999999999999,0.046742,,,,,,,,eligibility snapshot time unpublished,"sell: $25,000 exceeds visible top-of-book ($372) on ticker-only symbol; buy: $25,000 exceeds visible top-of-book ($19,297) on ticker-only symbol"
rAVL-2026-06-23-1,rAVL,RAVLUSDT,2026-06-23,open_1000,1000,0.20039,0.3,0.140273,48.23,47.042,14.116666666666667,0.0005,DOCUMENTED promotional 0.05% through 2026-08-31,after_hours,regular,2026-09-18T23:05:03.291954+00:00,ticker_only,2026-09-16T19:34:15.315933+00:00,ticker_only,OBSERVED-NOW book scenario; fee/prices event-time,1.1879999999999953,0.047636,,0.0006015037593985902,,,,,,eligibility snapshot time unpublished,"sell: $1,000 exceeds visible top-of-book ($372) on ticker-only symbol"
rAVL-2026-06-23-1,rAVL,RAVLUSDT,2026-06-23,open_1000,5000,0.20039,0.3,0.140273,48.23,47.042,14.116666666666667,0.0005,DOCUMENTED promotional 0.05% through 2026-08-31,after_hours,regular,2026-09-18T23:05:03.291954+00:00,ticker_only,2026-09-16T19:34:15.315933+00:00,ticker_only,OBSERVED-NOW book scenario; fee/prices event-time,1.1879999999999953,0.047636,,0.0006015037593985902,,,,,,eligibility snapshot time unpublished,"sell: $5,000 exceeds visible top-of-book ($372) on ticker-only symbol"
rAVL-2026-06-23-1,rAVL,RAVLUSDT,2026-06-23,open_1000,25000,0.20039,0.3,0.140273,48.23,47.042,14.116666666666667,0.0005,DOCUMENTED promotional 0.05% through 2026-08-31,after_hours,regular,2026-09-18T23:05:03.291954+00:00,ticker_only,2026-09-16T19:34:15.315933+00:00,ticker_only,OBSERVED-NOW book scenario; fee/prices event-time,1.1879999999999953,0.047636,,,,,,,,eligibility snapshot time unpublished,"sell: $25,000 exceeds visible top-of-book ($372) on ticker-only symbol; buy: $25,000 exceeds visible top-of-book ($19,297) on ticker-only symbol"
rAVL-2026-06-23-1,rAVL,RAVLUSDT,2026-06-23,close_1600,1000,0.20039,0.3,0.140273,48.23,44.925,20.116666666666667,0.0005,DOCUMENTED promotional 0.05% through 2026-08-31,after_hours,after_hours,2026-09-18T23:05:03.291954+00:00,ticker_only,2026-09-18T23:05:03.291954+00:00,ticker_only,OBSERVED-NOW book scenario; fee/prices event-time,3.3049999999999997,0.0465775,,,,,,,,eligibility snapshot time unpublished,"sell: $1,000 exceeds visible top-of-book ($372) on ticker-only symbol; buy: $1,000 exceeds visible top-of-book ($373) on ticker-only symbol"
rAVL-2026-06-23-1,rAVL,RAVLUSDT,2026-06-23,close_1600,5000,0.20039,0.3,0.140273,48.23,44.925,20.116666666666667,0.0005,DOCUMENTED promotional 0.05% through 2026-08-31,after_hours,after_hours,2026-09-18T23:05:03.291954+00:00,ticker_only,2026-09-18T23:05:03.291954+00:00,ticker_only,OBSERVED-NOW book scenario; fee/prices event-time,3.3049999999999997,0.0465775,,,,,,,,eligibility snapshot time unpublished,"sell: $5,000 exceeds visible top-of-book ($372) on ticker-only symbol; buy: $5,000 exceeds visible top-of-book ($373) on ticker-only symbol"
rAVL-2026-06-23-1,rAVL,RAVLUSDT,2026-06-23,close_1600,25000,0.20039,0.3,0.140273,48.23,44.925,20.116666666666667,0.0005,DOCUMENTED promotional 0.05% through 2026-08-31,after_hours,after_hours,2026-09-18T23:05:03.291954+00:00,ticker_only,2026-09-18T23:05:03.291954+00:00,ticker_only,OBSERVED-NOW book scenario; fee/prices event-time,3.3049999999999997,0.0465775,,,,,,,,eligibility snapshot time unpublished,"sell: $25,000 exceeds visible top-of-book ($372) on ticker-only symbol; buy: $25,000 exceeds visible top-of-book ($373) on ticker-only symbol"
rBABA-2026-06-11-1,rBABA,RBABAUSDT,2026-06-11,overnight_2000,1000,1.03,0.3,0.721,114.98,114.63,0.016666666666666666,0.0005,DOCUMENTED promotional 0.05% through 2026-08-31,after_hours,overnight,2026-09-18T23:05:03.291954+00:00,public_book,2026-09-19T03:05:03.356996+00:00,public_book,OBSERVED-NOW book scenario; fee/prices event-time,0.3500000000000085,0.114805,0.0008432862730696211,0.0015258606184176404,0.27187045836675916,0.38667545836675915,-0.7576754583667507,1.0754130663754944,-0.02247205872629815,eligibility snapshot time unpublished,
rBABA-2026-06-11-1,rBABA,RBABAUSDT,2026-06-11,overnight_2000,5000,1.03,0.3,0.721,114.98,114.63,0.016666666666666666,0.0005,DOCUMENTED promotional 0.05% through 2026-08-31,after_hours,overnight,2026-09-18T23:05:03.291954+00:00,public_book,2026-09-19T03:05:03.356996+00:00,public_book,OBSERVED-NOW book scenario; fee/prices event-time,0.3500000000000085,0.114805,0.0015275399291658776,0.002044676596049566,0.4100178192606544,0.5248228192606544,-0.8958228192606459,1.2095367177287906,-0.2062097414806056,eligibility snapshot time unpublished,
rBABA-2026-06-11-1,rBABA,RBABAUSDT,2026-06-11,overnight_2000,25000,1.03,0.3,0.721,114.98,114.63,0.016666666666666666,0.0005,DOCUMENTED promotional 0.05% through 2026-08-31,after_hours,overnight,2026-09-18T23:05:03.291954+00:00,public_book,2026-09-19T03:05:03.356996+00:00,public_book,OBSERVED-NOW book scenario; fee/prices event-time,0.3500000000000085,0.114805,0.0035786324179784,0.004135746619410963,0.8855517904022351,1.000356790402235,-1.3713567904022264,1.6712201848565387,-0.8432438949067433,eligibility snapshot time unpublished,
rBABA-2026-06-11-1,rBABA,RBABAUSDT,2026-06-11,premarket_0400,1000,1.03,0.3,0.721,114.98,109.804,8.016666666666667,0.0005,DOCUMENTED promotional 0.05% through 2026-08-31,after_hours,pre_market,2026-09-18T23:05:03.291954+00:00,public_book,,,OBSERVED-NOW book scenario; fee/prices event-time,5.176000000000002,0.11239199999999999,0.0008432862730696211,,,,,,,eligibility snapshot time unpublished,buy: no depth sample for this symbol/session
rBABA-2026-06-11-1,rBABA,RBABAUSDT,2026-06-11,premarket_0400,5000,1.03,0.3,0.721,114.98,109.804,8.016666666666667,0.0005,DOCUMENTED promotional 0.05% through 2026-08-31,after_hours,pre_market,2026-09-18T23:05:03.291954+00:00,public_book,,,OBSERVED-NOW book scenario; fee/prices event-time,5.176000000000002,0.11239199999999999,0.0015275399291658776,,,,,,,eligibility snapshot time unpublished,buy: no depth sample for this symbol/session
rBABA-2026-06-11-1,rBABA,RBABAUSDT,2026-06-11,premarket_0400,25000,1.03,0.3,0.721,114.98,109.804,8.016666666666667,0.0005,DOCUMENTED promotional 0.05% through 2026-08-31,after_hours,pre_market,2026-09-18T23:05:03.291954+00:00,public_book,,,OBSERVED-NOW book scenario; fee/prices event-time,5.176000000000002,0.11239199999999999,0.0035786324179784,,,,,,,eligibility snapshot time unpublished,buy: no depth sample for this symbol/session
rBABA-2026-06-11-1,rBABA,RBABAUSDT,2026-06-11,open_0930,1000,1.03,0.3,0.721,114.98,110.933,13.516666666666667,0.0005,DOCUMENTED promotional 0.05% through 2026-08-31,after_hours,regular,2026-09-18T23:05:03.291954+00:00,public_book,2026-09-16T19:34:15.315933+00:00,public_book,OBSERVED-NOW book scenario; fee/prices event-time,4.046999999999997,0.1129565,0.0008432862730696211,0.000526537922393544,0.15537148702242806,0.26832798702242805,3.057672012977569,0.9605126087596388,-3.612443830440717,eligibility snapshot time unpublished,
rBABA-2026-06-11-1,rBABA,RBABAUSDT,2026-06-11,open_0930,5000,1.03,0.3,0.721,114.98,110.933,13.516666666666667,0.0005,DOCUMENTED promotional 0.05% through 2026-08-31,after_hours,regular,2026-09-18T23:05:03.291954+00:00,public_book,2026-09-16T19:34:15.315933+00:00,public_book,OBSERVED-NOW book scenario; fee/prices event-time,4.046999999999997,0.1129565,0.0015275399291658776,0.0016392109862393145,0.3574791333919785,0.4704356333919785,2.8555643666080184,1.1567336246524063,-3.798836143457091,eligibility snapshot time unpublished,
rBABA-2026-06-11-1,rBABA,RBABAUSDT,2026-06-11,open_0930,25000,1.03,0.3,0.721,114.98,110.933,13.516666666666667,0.0005,DOCUMENTED promotional 0.05% through 2026-08-31,after_hours,regular,2026-09-18T23:05:03.291954+00:00,public_book,2026-09-16T19:34:15.315933+00:00,public_book,OBSERVED-NOW book scenario; fee/prices event-time,4.046999999999997,0.1129565,0.0035786324179784,0.003410697659421924,0.7898300788718088,0.9027865788718088,2.423213421128188,1.576491824147387,-4.3661128107112654,eligibility snapshot time unpublished,
rBABA-2026-06-11-1,rBABA,RBABAUSDT,2026-06-11,open_1000,1000,1.03,0.3,0.721,114.98,110.863,14.016666666666667,0.0005,DOCUMENTED promotional 0.05% through 2026-08-31,after_hours,regular,2026-09-18T23:05:03.291954+00:00,public_book,2026-09-16T19:34:15.315933+00:00,public_book,OBSERVED-NOW book scenario; fee/prices event-time,4.117000000000004,0.11292150000000001,0.0008432862730696211,0.000526537922393544,0.15533462936786052,0.26825612936786053,3.127743870632144,0.9604428440464665,-3.682364949365181,eligibility snapshot time unpublished,
rBABA-2026-06-11-1,rBABA,RBABAUSDT,2026-06-11,open_1000,5000,1.03,0.3,0.721,114.98,110.863,14.016666666666667,0.0005,DOCUMENTED promotional 0.05% through 2026-08-31,after_hours,regular,2026-09-18T23:05:03.291954+00:00,public_book,2026-09-16T19:34:15.315933+00:00,public_book,OBSERVED-NOW book scenario; fee/prices event-time,4.117000000000004,0.11292150000000001,0.0015275399291658776,0.0016392109862393145,0.35736438862294173,0.47028588862294174,2.9257141113770624,1.1565882413814967,-3.8686737575247614,eligibility snapshot time unpublished,
rBABA-2026-06-11-1,rBABA,RBABAUSDT,2026-06-11,open_1000,25000,1.03,0.3,0.721,114.98,110.863,14.016666666666667,0.0005,DOCUMENTED promotional 0.05% through 2026-08-31,after_hours,regular,2026-09-18T23:05:03.291954+00:00,public_book,2026-09-16T19:34:15.315933+00:00,public_book,OBSERVED-NOW book scenario; fee/prices event-time,4.117000000000004,0.11292150000000001,0.0035786324179784,0.003410697659421924,0.7895913300356492,0.9025128300356492,2.493487169964355,1.5762260485783002,-4.435801600804337,eligibility snapshot time unpublished,
rBABA-2026-06-11-1,rBABA,RBABAUSDT,2026-06-11,close_1600,1000,1.03,0.3,0.721,114.98,112.756,20.016666666666666,0.0005,DOCUMENTED promotional 0.05% through 2026-08-31,after_hours,after_hours,2026-09-18T23:05:03.291954+00:00,public_book,2026-09-18T23:05:03.291954+00:00,public_book,OBSERVED-NOW book scenario; fee/prices event-time,2.2240000000000038,0.113868,0.0008432862730696211,0.0009040396811401674,0.19889695396418577,0.3127649539641858,1.1902350460358178,1.00365529511086,-1.8159000695437384,eligibility snapshot time unpublished,
rBABA-2026-06-11-1,rBABA,RBABAUSDT,2026-06-11,close_1600,5000,1.03,0.3,0.721,114.98,112.756,20.016666666666666,0.0005,DOCUMENTED promotional 0.05% through 2026-08-31,after_hours,after_hours,2026-09-18T23:05:03.291954+00:00,public_book,2026-09-18T23:05:03.291954+00:00,public_book,OBSERVED-NOW book scenario; fee/prices event-time,2.2240000000000038,0.113868,0.0015275399291658776,0.0013741857478370978,0.3305842292386124,0.4444522292386124,1.0585477707613913,1.1315070186782643,-1.9471111695393408,eligibility snapshot time unpublished,
rBABA-2026-06-11-1,rBABA,RBABAUSDT,2026-06-11,close_1600,25000,1.03,0.3,0.721,114.98,112.756,20.016666666666666,0.0005,DOCUMENTED promotional 0.05% through 2026-08-31,after_hours,after_hours,2026-09-18T23:05:03.291954+00:00,public_book,2026-09-18T23:05:03.291954+00:00,public_book,OBSERVED-NOW book scenario; fee/prices event-time,2.2240000000000038,0.113868,0.0035786324179784,0.004256659312630751,0.8914350328741494,1.0053030328741495,0.4976969671258542,1.676022362013737,-2.50981096468786,eligibility snapshot time unpublished,
rBITI-2026-07-01-1,rBITI,RBITIUSDT,2026-07-01,overnight_2000,1000,1.448766,0.3,1.0141362,29.16,27.73,0.016666666666666666,0.0005,DOCUMENTED promotional 0.05% through 2026-08-31,after_hours,overnight,2026-09-18T23:05:03.291954+00:00,ticker_only,2026-09-19T03:05:03.356996+00:00,ticker_only,OBSERVED-NOW book scenario; fee/prices event-time,1.4299999999999997,0.028445,,0.04189723320158102,,,,,,eligibility snapshot time unpublished,"sell: $1,000 exceeds visible top-of-book ($18) on ticker-only symbol"
rBITI-2026-07-01-1,rBITI,RBITIUSDT,2026-07-01,overnight_2000,5000,1.448766,0.3,1.0141362,29.16,27.73,0.016666666666666666,0.0005,DOCUMENTED promotional 0.05% through 2026-08-31,after_hours,overnight,2026-09-18T23:05:03.291954+00:00,ticker_only,2026-09-19T03:05:03.356996+00:00,ticker_only,OBSERVED-NOW book scenario; fee/prices event-time,1.4299999999999997,0.028445,,,,,,,,eligibility snapshot time unpublished,"sell: $5,000 exceeds visible top-of-book ($18) on ticker-only symbol; buy: $5,000 exceeds visible top-of-book ($1,977) on ticker-only symbol"
rBITI-2026-07-01-1,rBITI,RBITIUSDT,2026-07-01,overnight_2000,25000,1.448766,0.3,1.0141362,29.16,27.73,0.016666666666666666,0.0005,DOCUMENTED promotional 0.05% through 2026-08-31,after_hours,overnight,2026-09-18T23:05:03.291954+00:00,ticker_only,2026-09-19T03:05:03.356996+00:00,ticker_only,OBSERVED-NOW book scenario; fee/prices event-time,1.4299999999999997,0.028445,,,,,,,,eligibility snapshot time unpublished,"sell: $25,000 exceeds visible top-of-book ($18) on ticker-only symbol; buy: $25,000 exceeds visible top-of-book ($1,977) on ticker-only symbol"
rBITI-2026-07-01-1,rBITI,RBITIUSDT,2026-07-01,premarket_0400,1000,1.448766,0.3,1.0141362,29.16,27.631,8.016666666666667,0.0005,DOCUMENTED promotional 0.05% through 2026-08-31,after_hours,pre_market,2026-09-18T23:05:03.291954+00:00,ticker_only,,,OBSERVED-NOW book scenario; fee/prices event-time,1.529,0.0283955,,,,,,,,eligibility snapshot time unpublished,"sell: $1,000 exceeds visible top-of-book ($18) on ticker-only symbol; buy: no depth sample for this symbol/session"
rBITI-2026-07-01-1,rBITI,RBITIUSDT,2026-07-01,premarket_0400,5000,1.448766,0.3,1.0141362,29.16,27.631,8.016666666666667,0.0005,DOCUMENTED promotional 0.05% through 2026-08-31,after_hours,pre_market,2026-09-18T23:05:03.291954+00:00,ticker_only,,,OBSERVED-NOW book scenario; fee/prices event-time,1.529,0.0283955,,,,,,,,eligibility snapshot time unpublished,"sell: $5,000 exceeds visible top-of-book ($18) on ticker-only symbol; buy: no depth sample for this symbol/session"
rBITI-2026-07-01-1,rBITI,RBITIUSDT,2026-07-01,premarket_0400,25000,1.448766,0.3,1.0141362,29.16,27.631,8.016666666666667,0.0005,DOCUMENTED promotional 0.05% through 2026-08-31,after_hours,pre_market,2026-09-18T23:05:03.291954+00:00,ticker_only,,,OBSERVED-NOW book scenario; fee/prices event-time,1.529,0.0283955,,,,,,,,eligibility snapshot time unpublished,"sell: $25,000 exceeds visible top-of-book ($18) on ticker-only symbol; buy: no depth sample for this symbol/session"
rBITI-2026-07-01-1,rBITI,RBITIUSDT,2026-07-01,open_0930,1000,1.448766,0.3,1.0141362,29.16,27.609,13.516666666666667,0.0005,DOCUMENTED promotional 0.05% through 2026-08-31,after_hours,regular,2026-09-18T23:05:03.291954+00:00,ticker_only,2026-09-16T19:34:15.315933+00:00,ticker_only,OBSERVED-NOW book scenario; fee/prices event-time,1.5509999999999984,0.028384500000000003,,0.0002547770700636436,,,,,,eligibility snapshot time unpublished,"sell: $1,000 exceeds visible top-of-book ($18) on ticker-only symbol"
rBITI-2026-07-01-1,rBITI,RBITIUSDT,2026-07-01,open_0930,5000,1.448766,0.3,1.0141362,29.16,27.609,13.516666666666667,0.0005,DOCUMENTED promotional 0.05% through 2026-08-31,after_hours,regular,2026-09-18T23:05:03.291954+00:00,ticker_only,2026-09-16T19:34:15.315933+00:00,ticker_only,OBSERVED-NOW book scenario; fee/prices event-time,1.5509999999999984,0.028384500000000003,,0.0002547770700636436,,,,,,eligibility snapshot time unpublished,"sell: $5,000 exceeds visible top-of-book ($18) on ticker-only symbol"
rBITI-2026-07-01-1,rBITI,RBITIUSDT,2026-07-01,open_0930,25000,1.448766,0.3,1.0141362,29.16,27.609,13.516666666666667,0.0005,DOCUMENTED promotional 0.05% through 2026-08-31,after_hours,regular,2026-09-18T23:05:03.291954+00:00,ticker_only,2026-09-16T19:34:15.315933+00:00,ticker_only,OBSERVED-NOW book scenario; fee/prices event-time,1.5509999999999984,0.028384500000000003,,0.0002547770700636436,,,,,,eligibility snapshot time unpublished,"sell: $25,000 exceeds visible top-of-book ($18) on ticker-only symbol"
rBITI-2026-07-01-1,rBITI,RBITIUSDT,2026-07-01,open_1000,1000,1.448766,0.3,1.0141362,29.16,27.283,14.016666666666667,0.0005,DOCUMENTED promotional 0.05% through 2026-08-31,after_hours,regular,2026-09-18T23:05:03.291954+00:00,ticker_only,2026-09-16T19:34:15.315933+00:00,ticker_only,OBSERVED-NOW book scenario; fee/prices event-time,1.876999999999999,0.0282215,,0.0002547770700636436,,,,,,eligibility snapshot time unpublished,"sell: $1,000 exceeds visible top-of-book ($18) on ticker-only symbol"
rBITI-2026-07-01-1,rBITI,RBITIUSDT,2026-07-01,open_1000,5000,1.448766,0.3,1.0141362,29.16,27.283,14.016666666666667,0.0005,DOCUMENTED promotional 0.05% through 2026-08-31,after_hours,regular,2026-09-18T23:05:03.291954+00:00,ticker_only,2026-09-16T19:34:15.315933+00:00,ticker_only,OBSERVED-NOW book scenario; fee/prices event-time,1.876999999999999,0.0282215,,0.0002547770700636436,,,,,,eligibility snapshot time unpublished,"sell: $5,000 exceeds visible top-of-book ($18) on ticker-only symbol"
rBITI-2026-07-01-1,rBITI,RBITIUSDT,2026-07-01,open_1000,25000,1.448766,0.3,1.0141362,29.16,27.283,14.016666666666667,0.0005,DOCUMENTED promotional 0.05% through 2026-08-31,after_hours,regular,2026-09-18T23:05:03.291954+00:00,ticker_only,2026-09-16T19:34:15.315933+00:00,ticker_only,OBSERVED-NOW book scenario; fee/prices event-time,1.876999999999999,0.0282215,,0.0002547770700636436,,,,,,eligibility snapshot time unpublished,"sell: $25,000 exceeds visible top-of-book ($18) on ticker-only symbol"
rBITI-2026-07-01-1,rBITI,RBITIUSDT,2026-07-01,close_1600,1000,1.448766,0.3,1.0141362,29.16,26.975,20.016666666666666,0.0005,DOCUMENTED promotional 0.05% through 2026-08-31,after_hours,after_hours,2026-09-18T23:05:03.291954+00:00,ticker_only,2026-09-18T23:05:03.291954+00:00,ticker_only,OBSERVED-NOW book scenario; fee/prices event-time,2.1849999999999987,0.028067500000000002,,0.0019246631839428179,,,,,,eligibility snapshot time unpublished,"sell: $1,000 exceeds visible top-of-book ($18) on ticker-only symbol"
rBITI-2026-07-01-1,rBITI,RBITIUSDT,2026-07-01,close_1600,5000,1.448766,0.3,1.0141362,29.16,26.975,20.016666666666666,0.0005,DOCUMENTED promotional 0.05% through 2026-08-31,after_hours,after_hours,2026-09-18T23:05:03.291954+00:00,ticker_only,2026-09-18T23:05:03.291954+00:00,ticker_only,OBSERVED-NOW book scenario; fee/prices event-time,2.1849999999999987,0.028067500000000002,,0.0019246631839428179,,,,,,eligibility snapshot time unpublished,"sell: $5,000 exceeds visible top-of-book ($18) on ticker-only symbol"
rBITI-2026-07-01-1,rBITI,RBITIUSDT,2026-07-01,close_1600,25000,1.448766,0.3,1.0141362,29.16,26.975,20.016666666666666,0.0005,DOCUMENTED promotional 0.05% through 2026-08-31,after_hours,after_hours,2026-09-18T23:05:03.291954+00:00,ticker_only,2026-09-18T23:05:03.291954+00:00,ticker_only,OBSERVED-NOW book scenario; fee/prices event-time,2.1849999999999987,0.028067500000000002,,0.0019246631839428179,,,,,,eligibility snapshot time unpublished,"sell: $25,000 exceeds visible top-of-book ($18) on ticker-only symbol"
rBITO-2026-07-01-1,rBITO,RBITOUSDT,2026-07-01,overnight_2000,1000,0.010375,0.3,0.0072625,7.945,7.94,0.016666666666666666,0.0005,DOCUMENTED promotional 0.05% through 2026-08-31,after_hours,overnight,2026-09-18T23:05:03.291954+00:00,ticker_only,2026-09-19T03:05:03.356996+00:00,ticker_only,OBSERVED-NOW book scenario; fee/prices event-time,0.004999999999999893,0.007942500000000002,0.0004585052728106275,0.00045977011494260055,0.007293399105124684,0.015235899105124686,-0.017498399105124792,2.1685203956746686,,eligibility snapshot time unpublished,
rBITO-2026-07-01-1,rBITO,RBITOUSDT,2026-07-01,overnight_2000,5000,0.010375,0.3,0.0072625,7.945,7.94,0.016666666666666666,0.0005,DOCUMENTED promotional 0.05% through 2026-08-31,after_hours,overnight,2026-09-18T23:05:03.291954+00:00,ticker_only,2026-09-19T03:05:03.356996+00:00,ticker_only,OBSERVED-NOW book scenario; fee/prices event-time,0.004999999999999893,0.007942500000000002,0.0004585052728106275,0.00045977011494260055,0.007293399105124684,0.015235899105124686,-0.017498399105124792,2.1685203956746686,,eligibility snapshot time unpublished,
rBITO-2026-07-01-1,rBITO,RBITOUSDT,2026-07-01,overnight_2000,25000,0.010375,0.3,0.0072625,7.945,7.94,0.016666666666666666,0.0005,DOCUMENTED promotional 0.05% through 2026-08-31,after_hours,overnight,2026-09-18T23:05:03.291954+00:00,ticker_only,2026-09-19T03:05:03.356996+00:00,ticker_only,OBSERVED-NOW book scenario; fee/prices event-time,0.004999999999999893,0.007942500000000002,0.0004585052728106275,0.00045977011494260055,0.007293399105124684,0.015235899105124686,-0.017498399105124792,2.1685203956746686,,eligibility snapshot time unpublished,
rBITO-2026-07-01-1,rBITO,RBITOUSDT,2026-07-01,premarket_0400,1000,0.010375,0.3,0.0072625,7.945,7.955,8.016666666666667,0.0005,DOCUMENTED promotional 0.05% through 2026-08-31,after_hours,pre_market,2026-09-18T23:05:03.291954+00:00,ticker_only,,,OBSERVED-NOW book scenario; fee/prices event-time,-0.009999999999999787,0.00795,0.0004585052728106275,,,,,,,eligibility snapshot time unpublished,buy: no depth sample for this symbol/session
rBITO-2026-07-01-1,rBITO,RBITOUSDT,2026-07-01,premarket_0400,5000,0.010375,0.3,0.0072625,7.945,7.955,8.016666666666667,0.0005,DOCUMENTED promotional 0.05% through 2026-08-31,after_hours,pre_market,2026-09-18T23:05:03.291954+00:00,ticker_only,,,OBSERVED-NOW book scenario; fee/prices event-time,-0.009999999999999787,0.00795,0.0004585052728106275,,,,,,,eligibility snapshot time unpublished,buy: no depth sample for this symbol/session
rBITO-2026-07-01-1,rBITO,RBITOUSDT,2026-07-01,premarket_0400,25000,0.010375,0.3,0.0072625,7.945,7.955,8.016666666666667,0.0005,DOCUMENTED promotional 0.05% through 2026-08-31,after_hours,pre_market,2026-09-18T23:05:03.291954+00:00,ticker_only,,,OBSERVED-NOW book scenario; fee/prices event-time,-0.009999999999999787,0.00795,0.0004585052728106275,,,,,,,eligibility snapshot time unpublished,buy: no depth sample for this symbol/session
rBITO-2026-07-01-1,rBITO,RBITOUSDT,2026-07-01,open_0930,1000,0.010375,0.3,0.0072625,7.945,7.95,13.516666666666667,0.0005,DOCUMENTED promotional 0.05% through 2026-08-31,after_hours,regular,2026-09-18T23:05:03.291954+00:00,ticker_only,2026-09-16T19:34:15.315933+00:00,ticker_only,OBSERVED-NOW book scenario; fee/prices event-time,-0.004999999999999893,0.0079475,0.0004585052728106275,0.0004928536224741147,0.007561010691149648,0.015508510691149648,-0.02777101069114954,2.1947962111951465,-0.0032460106911497543,eligibility snapshot time unpublished,
rBITO-2026-07-01-1,rBITO,RBITOUSDT,2026-07-01,open_0930,5000,0.010375,0.3,0.0072625,7.945,7.95,13.516666666666667,0.0005,DOCUMENTED promotional 0.05% through 2026-08-31,after_hours,regular,2026-09-18T23:05:03.291954+00:00,ticker_only,2026-09-16T19:34:15.315933+00:00,ticker_only,OBSERVED-NOW book scenario; fee/prices event-time,-0.004999999999999893,0.0079475,0.0004585052728106275,0.0004928536224741147,0.007561010691149648,0.015508510691149648,-0.02777101069114954,2.1947962111951465,-0.0032460106911497543,eligibility snapshot time unpublished,
rBITO-2026-07-01-1,rBITO,RBITOUSDT,2026-07-01,open_0930,25000,0.010375,0.3,0.0072625,7.945,7.95,13.516666666666667,0.0005,DOCUMENTED promotional 0.05% through 2026-08-31,after_hours,regular,2026-09-18T23:05:03.291954+00:00,ticker_only,2026-09-16T19:34:15.315933+00:00,ticker_only,OBSERVED-NOW book scenario; fee/prices event-time,-0.004999999999999893,0.0079475,0.0004585052728106275,0.0004928536224741147,0.007561010691149648,0.015508510691149648,-0.02777101069114954,2.1947962111951465,-0.0032460106911497543,eligibility snapshot time unpublished,
rBITO-2026-07-01-1,rBITO,RBITOUSDT,2026-07-01,open_1000,1000,0.010375,0.3,0.0072625,7.945,8.05,14.016666666666667,0.0005,DOCUMENTED promotional 0.05% through 2026-08-31,after_hours,regular,2026-09-18T23:05:03.291954+00:00,ticker_only,2026-09-16T19:34:15.315933+00:00,ticker_only,OBSERVED-NOW book scenario; fee/prices event-time,-0.10500000000000043,0.007997500000000001,0.0004585052728106275,0.0004928536224741147,0.007610296053397059,0.015607796053397061,-0.1278702960533975,2.204365884664777,0.09665470394660337,eligibility snapshot time unpublished,
rBITO-2026-07-01-1,rBITO,RBITOUSDT,2026-07-01,open_1000,5000,0.010375,0.3,0.0072625,7.945,8.05,14.016666666666667,0.0005,DOCUMENTED promotional 0.05% through 2026-08-31,after_hours,regular,2026-09-18T23:05:03.291954+00:00,ticker_only,2026-09-16T19:34:15.315933+00:00,ticker_only,OBSERVED-NOW book scenario; fee/prices event-time,-0.10500000000000043,0.007997500000000001,0.0004585052728106275,0.0004928536224741147,0.007610296053397059,0.015607796053397061,-0.1278702960533975,2.204365884664777,0.09665470394660337,eligibility snapshot time unpublished,
rBITO-2026-07-01-1,rBITO,RBITOUSDT,2026-07-01,open_1000,25000,0.010375,0.3,0.0072625,7.945,8.05,14.016666666666667,0.0005,DOCUMENTED promotional 0.05% through 2026-08-31,after_hours,regular,2026-09-18T23:05:03.291954+00:00,ticker_only,2026-09-16T19:34:15.315933+00:00,ticker_only,OBSERVED-NOW book scenario; fee/prices event-time,-0.10500000000000043,0.007997500000000001,0.0004585052728106275,0.0004928536224741147,0.007610296053397059,0.015607796053397061,-0.1278702960533975,2.204365884664777,0.09665470394660337,eligibility snapshot time unpublished,
rBITO-2026-07-01-1,rBITO,RBITOUSDT,2026-07-01,close_1600,1000,0.010375,0.3,0.0072625,7.945,8.14,20.016666666666666,0.0005,DOCUMENTED promotional 0.05% through 2026-08-31,after_hours,after_hours,2026-09-18T23:05:03.291954+00:00,ticker_only,2026-09-18T23:05:03.291954+00:00,ticker_only,OBSERVED-NOW book scenario; fee/prices event-time,-0.19500000000000028,0.008042500000000001,0.0004585052728106275,0.0004585052728106275,0.007375057313158944,0.015417557313158945,-0.21768005731315923,2.1860296205454404,0.18684494268684135,eligibility snapshot time unpublished,
rBITO-2026-07-01-1,rBITO,RBITOUSDT,2026-07-01,close_1600,5000,0.010375,0.3,0.0072625,7.945,8.14,20.016666666666666,0.0005,DOCUMENTED promotional 0.05% through 2026-08-31,after_hours,after_hours,2026-09-18T23:05:03.291954+00:00,ticker_only,2026-09-18T23:05:03.291954+00:00,ticker_only,OBSERVED-NOW book scenario; fee/prices event-time,-0.19500000000000028,0.008042500000000001,0.0004585052728106275,0.0004585052728106275,0.007375057313158944,0.015417557313158945,-0.21768005731315923,2.1860296205454404,0.18684494268684135,eligibility snapshot time unpublished,
rBITO-2026-07-01-1,rBITO,RBITOUSDT,2026-07-01,close_1600,25000,0.010375,0.3,0.0072625,7.945,8.14,20.016666666666666,0.0005,DOCUMENTED promotional 0.05% through 2026-08-31,after_hours,after_hours,2026-09-18T23:05:03.291954+00:00,ticker_only,2026-09-18T23:05:03.291954+00:00,ticker_only,OBSERVED-NOW book scenario; fee/prices event-time,-0.19500000000000028,0.008042500000000001,0.0004585052728106275,0.0004585052728106275,0.007375057313158944,0.015417557313158945,-0.21768005731315923,2.1860296205454404,0.18684494268684135,eligibility snapshot time unpublished,
rBITI-2026-08-03-1,rBITI,RBITIUSDT,2026-08-03,overnight_2000,1000,1.32930505,0.3,0.930513535,25.68,25.626,0.016666666666666666,0.0005,DOCUMENTED promotional 0.05% through 2026-08-31,after_hours,overnight,2026-09-18T23:05:03.291954+00:00,ticker_only,2026-09-19T03:05:03.356996+00:00,ticker_only,OBSERVED-NOW book scenario; fee/prices event-time,0.053999999999998494,0.025653,,0.04189723320158102,,,,,,eligibility snapshot time unpublished,"sell: $1,000 exceeds visible top-of-book ($18) on ticker-only symbol"
rBITI-2026-08-03-1,rBITI,RBITIUSDT,2026-08-03,overnight_2000,5000,1.32930505,0.3,0.930513535,25.68,25.626,0.016666666666666666,0.0005,DOCUMENTED promotional 0.05% through 2026-08-31,after_hours,overnight,2026-09-18T23:05:03.291954+00:00,ticker_only,2026-09-19T03:05:03.356996+00:00,ticker_only,OBSERVED-NOW book scenario; fee/prices event-time,0.053999999999998494,0.025653,,,,,,,,eligibility snapshot time unpublished,"sell: $5,000 exceeds visible top-of-book ($18) on ticker-only symbol; buy: $5,000 exceeds visible top-of-book ($1,977) on ticker-only symbol"
rBITI-2026-08-03-1,rBITI,RBITIUSDT,2026-08-03,overnight_2000,25000,1.32930505,0.3,0.930513535,25.68,25.626,0.016666666666666666,0.0005,DOCUMENTED promotional 0.05% through 2026-08-31,after_hours,overnight,2026-09-18T23:05:03.291954+00:00,ticker_only,2026-09-19T03:05:03.356996+00:00,ticker_only,OBSERVED-NOW book scenario; fee/prices event-time,0.053999999999998494,0.025653,,,,,,,,eligibility snapshot time unpublished,"sell: $25,000 exceeds visible top-of-book ($18) on ticker-only symbol; buy: $25,000 exceeds visible top-of-book ($1,977) on ticker-only symbol"
rBITI-2026-08-03-1,rBITI,RBITIUSDT,2026-08-03,premarket_0400,1000,1.32930505,0.3,0.930513535,25.68,24.502,56.016666666666666,0.0005,DOCUMENTED promotional 0.05% through 2026-08-31,after_hours,pre_market,2026-09-18T23:05:03.291954+00:00,ticker_only,,,OBSERVED-NOW book scenario; fee/prices event-time,1.1780000000000008,0.025091000000000002,,,,,,,,eligibility snapshot time unpublished,"sell: $1,000 exceeds visible top-of-book ($18) on ticker-only symbol; buy: no depth sample for this symbol/session"
rBITI-2026-08-03-1,rBITI,RBITIUSDT,2026-08-03,premarket_0400,5000,1.32930505,0.3,0.930513535,25.68,24.502,56.016666666666666,0.0005,DOCUMENTED promotional 0.05% through 2026-08-31,after_hours,pre_market,2026-09-18T23:05:03.291954+00:00,ticker_only,,,OBSERVED-NOW book scenario; fee/prices event-time,1.1780000000000008,0.025091000000000002,,,,,,,,eligibility snapshot time unpublished,"sell: $5,000 exceeds visible top-of-book ($18) on ticker-only symbol; buy: no depth sample for this symbol/session"
rBITI-2026-08-03-1,rBITI,RBITIUSDT,2026-08-03,premarket_0400,25000,1.32930505,0.3,0.930513535,25.68,24.502,56.016666666666666,0.0005,DOCUMENTED promotional 0.05% through 2026-08-31,after_hours,pre_market,2026-09-18T23:05:03.291954+00:00,ticker_only,,,OBSERVED-NOW book scenario; fee/prices event-time,1.1780000000000008,0.025091000000000002,,,,,,,,eligibility snapshot time unpublished,"sell: $25,000 exceeds visible top-of-book ($18) on ticker-only symbol; buy: no depth sample for this symbol/session"
rBITI-2026-08-03-1,rBITI,RBITIUSDT,2026-08-03,open_0930,1000,1.32930505,0.3,0.930513535,25.68,24.441,61.516666666666666,0.0005,DOCUMENTED promotional 0.05% through 2026-08-31,after_hours,regular,2026-09-18T23:05:03.291954+00:00,ticker_only,2026-09-16T19:34:15.315933+00:00,ticker_only,OBSERVED-NOW book scenario; fee/prices event-time,1.2390000000000008,0.0250605,,0.0002547770700636436,,,,,,eligibility snapshot time unpublished,"sell: $1,000 exceeds visible top-of-book ($18) on ticker-only symbol"
rBITI-2026-08-03-1,rBITI,RBITIUSDT,2026-08-03,open_0930,5000,1.32930505,0.3,0.930513535,25.68,24.441,61.516666666666666,0.0005,DOCUMENTED promotional 0.05% through 2026-08-31,after_hours,regular,2026-09-18T23:05:03.291954+00:00,ticker_only,2026-09-16T19:34:15.315933+00:00,ticker_only,OBSERVED-NOW book scenario; fee/prices event-time,1.2390000000000008,0.0250605,,0.0002547770700636436,,,,,,eligibility snapshot time unpublished,"sell: $5,000 exceeds visible top-of-book ($18) on ticker-only symbol"
rBITI-2026-08-03-1,rBITI,RBITIUSDT,2026-08-03,open_0930,25000,1.32930505,0.3,0.930513535,25.68,24.441,61.516666666666666,0.0005,DOCUMENTED promotional 0.05% through 2026-08-31,after_hours,regular,2026-09-18T23:05:03.291954+00:00,ticker_only,2026-09-16T19:34:15.315933+00:00,ticker_only,OBSERVED-NOW book scenario; fee/prices event-time,1.2390000000000008,0.0250605,,0.0002547770700636436,,,,,,eligibility snapshot time unpublished,"sell: $25,000 exceeds visible top-of-book ($18) on ticker-only symbol"
rBITI-2026-08-03-1,rBITI,RBITIUSDT,2026-08-03,open_1000,1000,1.32930505,0.3,0.930513535,25.68,24.233,62.016666666666666,0.0005,DOCUMENTED promotional 0.05% through 2026-08-31,after_hours,regular,2026-09-18T23:05:03.291954+00:00,ticker_only,2026-09-16T19:34:15.315933+00:00,ticker_only,OBSERVED-NOW book scenario; fee/prices event-time,1.4469999999999992,0.0249565,,0.0002547770700636436,,,,,,eligibility snapshot time unpublished,"sell: $1,000 exceeds visible top-of-book ($18) on ticker-only symbol"
rBITI-2026-08-03-1,rBITI,RBITIUSDT,2026-08-03,open_1000,5000,1.32930505,0.3,0.930513535,25.68,24.233,62.016666666666666,0.0005,DOCUMENTED promotional 0.05% through 2026-08-31,after_hours,regular,2026-09-18T23:05:03.291954+00:00,ticker_only,2026-09-16T19:34:15.315933+00:00,ticker_only,OBSERVED-NOW book scenario; fee/prices event-time,1.4469999999999992,0.0249565,,0.0002547770700636436,,,,,,eligibility snapshot time unpublished,"sell: $5,000 exceeds visible top-of-book ($18) on ticker-only symbol"
rBITI-2026-08-03-1,rBITI,RBITIUSDT,2026-08-03,open_1000,25000,1.32930505,0.3,0.930513535,25.68,24.233,62.016666666666666,0.0005,DOCUMENTED promotional 0.05% through 2026-08-31,after_hours,regular,2026-09-18T23:05:03.291954+00:00,ticker_only,2026-09-16T19:34:15.315933+00:00,ticker_only,OBSERVED-NOW book scenario; fee/prices event-time,1.4469999999999992,0.0249565,,0.0002547770700636436,,,,,,eligibility snapshot time unpublished,"sell: $25,000 exceeds visible top-of-book ($18) on ticker-only symbol"
rBITI-2026-08-03-1,rBITI,RBITIUSDT,2026-08-03,close_1600,1000,1.32930505,0.3,0.930513535,25.68,23.95,68.01666666666667,0.0005,DOCUMENTED promotional 0.05% through 2026-08-31,after_hours,after_hours,2026-09-18T23:05:03.291954+00:00,ticker_only,2026-09-18T23:05:03.291954+00:00,ticker_only,OBSERVED-NOW book scenario; fee/prices event-time,1.7300000000000004,0.024814999999999997,,0.0019246631839428179,,,,,,eligibility snapshot time unpublished,"sell: $1,000 exceeds visible top-of-book ($18) on ticker-only symbol"
rBITI-2026-08-03-1,rBITI,RBITIUSDT,2026-08-03,close_1600,5000,1.32930505,0.3,0.930513535,25.68,23.95,68.01666666666667,0.0005,DOCUMENTED promotional 0.05% through 2026-08-31,after_hours,after_hours,2026-09-18T23:05:03.291954+00:00,ticker_only,2026-09-18T23:05:03.291954+00:00,ticker_only,OBSERVED-NOW book scenario; fee/prices event-time,1.7300000000000004,0.024814999999999997,,0.0019246631839428179,,,,,,eligibility snapshot time unpublished,"sell: $5,000 exceeds visible top-of-book ($18) on ticker-only symbol"
rBITI-2026-08-03-1,rBITI,RBITIUSDT,2026-08-03,close_1600,25000,1.32930505,0.3,0.930513535,25.68,23.95,68.01666666666667,0.0005,DOCUMENTED promotional 0.05% through 2026-08-31,after_hours,after_hours,2026-09-18T23:05:03.291954+00:00,ticker_only,2026-09-18T23:05:03.291954+00:00,ticker_only,OBSERVED-NOW book scenario; fee/prices event-time,1.7300000000000004,0.024814999999999997,,0.0019246631839428179,,,,,,eligibility snapshot time unpublished,"sell: $25,000 exceeds visible top-of-book ($18) on ticker-only symbol"
rBITO-2026-08-03-1,rBITO,RBITOUSDT,2026-08-03,overnight_2000,1000,0.013749,0.3,0.0096243,8.51,8.51,0.03333333333333333,0.0005,DOCUMENTED promotional 0.05% through 2026-08-31,after_hours,overnight,2026-09-18T23:05:03.291954+00:00,ticker_only,2026-09-19T03:05:03.356996+00:00,ticker_only,OBSERVED-NOW book scenario; fee/prices event-time,0.0,0.00851,0.0004585052728106275,0.00045977011494260055,0.00781452354977997,0.016324523549779972,-0.025948823549779974,1.8873244272150682,,eligibility snapshot time unpublished,
rBITO-2026-08-03-1,rBITO,RBITOUSDT,2026-08-03,overnight_2000,5000,0.013749,0.3,0.0096243,8.51,8.51,0.03333333333333333,0.0005,DOCUMENTED promotional 0.05% through 2026-08-31,after_hours,overnight,2026-09-18T23:05:03.291954+00:00,ticker_only,2026-09-19T03:05:03.356996+00:00,ticker_only,OBSERVED-NOW book scenario; fee/prices event-time,0.0,0.00851,0.0004585052728106275,0.00045977011494260055,0.00781452354977997,0.016324523549779972,-0.025948823549779974,1.8873244272150682,,eligibility snapshot time unpublished,
rBITO-2026-08-03-1,rBITO,RBITOUSDT,2026-08-03,overnight_2000,25000,0.013749,0.3,0.0096243,8.51,8.51,0.03333333333333333,0.0005,DOCUMENTED promotional 0.05% through 2026-08-31,after_hours,overnight,2026-09-18T23:05:03.291954+00:00,ticker_only,2026-09-19T03:05:03.356996+00:00,ticker_only,OBSERVED-NOW book scenario; fee/prices event-time,0.0,0.00851,0.0004585052728106275,0.00045977011494260055,0.00781452354977997,0.016324523549779972,-0.025948823549779974,1.8873244272150682,,eligibility snapshot time unpublished,
rBITO-2026-08-03-1,rBITO,RBITOUSDT,2026-08-03,premarket_0400,1000,0.013749,0.3,0.0096243,8.51,8.45,56.03333333333333,0.0005,DOCUMENTED promotional 0.05% through 2026-08-31,after_hours,pre_market,2026-09-18T23:05:03.291954+00:00,ticker_only,,,OBSERVED-NOW book scenario; fee/prices event-time,0.0600000000000005,0.008480000000000001,0.0004585052728106275,,,,,,,eligibility snapshot time unpublished,buy: no depth sample for this symbol/session
rBITO-2026-08-03-1,rBITO,RBITOUSDT,2026-08-03,premarket_0400,5000,0.013749,0.3,0.0096243,8.51,8.45,56.03333333333333,0.0005,DOCUMENTED promotional 0.05% through 2026-08-31,after_hours,pre_market,2026-09-18T23:05:03.291954+00:00,ticker_only,,,OBSERVED-NOW book scenario; fee/prices event-time,0.0600000000000005,0.008480000000000001,0.0004585052728106275,,,,,,,eligibility snapshot time unpublished,buy: no depth sample for this symbol/session
rBITO-2026-08-03-1,rBITO,RBITOUSDT,2026-08-03,premarket_0400,25000,0.013749,0.3,0.0096243,8.51,8.45,56.03333333333333,0.0005,DOCUMENTED promotional 0.05% through 2026-08-31,after_hours,pre_market,2026-09-18T23:05:03.291954+00:00,ticker_only,,,OBSERVED-NOW book scenario; fee/prices event-time,0.0600000000000005,0.008480000000000001,0.0004585052728106275,,,,,,,eligibility snapshot time unpublished,buy: no depth sample for this symbol/session
rBITO-2026-08-03-1,rBITO,RBITOUSDT,2026-08-03,open_0930,1000,0.013749,0.3,0.0096243,8.51,8.465,61.53333333333333,0.0005,DOCUMENTED promotional 0.05% through 2026-08-31,after_hours,regular,2026-09-18T23:05:03.291954+00:00,ticker_only,2026-09-16T19:34:15.315933+00:00,ticker_only,OBSERVED-NOW book scenario; fee/prices event-time,0.04499999999999993,0.0084875,0.0004585052728106275,0.0004928536224741147,0.008073885785861821,0.01656138578586182,0.018814314214138105,1.9045520245735559,-0.05193708578586175,eligibility snapshot time unpublished,
rBITO-2026-08-03-1,rBITO,RBITOUSDT,2026-08-03,open_0930,5000,0.013749,0.3,0.0096243,8.51,8.465,61.53333333333333,0.0005,DOCUMENTED promotional 0.05% through 2026-08-31,after_hours,regular,2026-09-18T23:05:03.291954+00:00,ticker_only,2026-09-16T19:34:15.315933+00:00,ticker_only,OBSERVED-NOW book scenario; fee/prices event-time,0.04499999999999993,0.0084875,0.0004585052728106275,0.0004928536224741147,0.008073885785861821,0.01656138578586182,0.018814314214138105,1.9045520245735559,-0.05193708578586175,eligibility snapshot time unpublished,
rBITO-2026-08-03-1,rBITO,RBITOUSDT,2026-08-03,open_0930,25000,0.013749,0.3,0.0096243,8.51,8.465,61.53333333333333,0.0005,DOCUMENTED promotional 0.05% through 2026-08-31,after_hours,regular,2026-09-18T23:05:03.291954+00:00,ticker_only,2026-09-16T19:34:15.315933+00:00,ticker_only,OBSERVED-NOW book scenario; fee/prices event-time,0.04499999999999993,0.0084875,0.0004585052728106275,0.0004928536224741147,0.008073885785861821,0.01656138578586182,0.018814314214138105,1.9045520245735559,-0.05193708578586175,eligibility snapshot time unpublished,
rBITO-2026-08-03-1,rBITO,RBITOUSDT,2026-08-03,open_1000,1000,0.013749,0.3,0.0096243,8.51,8.55,62.03333333333333,0.0005,DOCUMENTED promotional 0.05% through 2026-08-31,after_hours,regular,2026-09-18T23:05:03.291954+00:00,ticker_only,2026-09-16T19:34:15.315933+00:00,ticker_only,OBSERVED-NOW book scenario; fee/prices event-time,-0.040000000000000924,0.008530000000000001,0.0004585052728106275,0.0004928536224741147,0.00811577834377212,0.016645778343772122,-0.06627007834377305,1.9106901115551767,0.032978521656228804,eligibility snapshot time unpublished,
rBITO-2026-08-03-1,rBITO,RBITOUSDT,2026-08-03,open_1000,5000,0.013749,0.3,0.0096243,8.51,8.55,62.03333333333333,0.0005,DOCUMENTED promotional 0.05% through 2026-08-31,after_hours,regular,2026-09-18T23:05:03.291954+00:00,ticker_only,2026-09-16T19:34:15.315933+00:00,ticker_only,OBSERVED-NOW book scenario; fee/prices event-time,-0.040000000000000924,0.008530000000000001,0.0004585052728106275,0.0004928536224741147,0.00811577834377212,0.016645778343772122,-0.06627007834377305,1.9106901115551767,0.032978521656228804,eligibility snapshot time unpublished,
rBITO-2026-08-03-1,rBITO,RBITOUSDT,2026-08-03,open_1000,25000,0.013749,0.3,0.0096243,8.51,8.55,62.03333333333333,0.0005,DOCUMENTED promotional 0.05% through 2026-08-31,after_hours,regular,2026-09-18T23:05:03.291954+00:00,ticker_only,2026-09-16T19:34:15.315933+00:00,ticker_only,OBSERVED-NOW book scenario; fee/prices event-time,-0.040000000000000924,0.008530000000000001,0.0004585052728106275,0.0004928536224741147,0.00811577834377212,0.016645778343772122,-0.06627007834377305,1.9106901115551767,0.032978521656228804,eligibility snapshot time unpublished,
rBITO-2026-08-03-1,rBITO,RBITOUSDT,2026-08-03,close_1600,1000,0.013749,0.3,0.0096243,8.51,8.631,68.03333333333333,0.0005,DOCUMENTED promotional 0.05% through 2026-08-31,after_hours,after_hours,2026-09-18T23:05:03.291954+00:00,ticker_only,2026-09-18T23:05:03.291954+00:00,ticker_only,OBSERVED-NOW book scenario; fee/prices event-time,-0.12100000000000044,0.0085705,0.0004585052728106275,0.0004585052728106275,0.007859238881246965,0.016429738881246964,-0.1470540388812474,1.894977007873079,0.11419456111875348,eligibility snapshot time unpublished,
rBITO-2026-08-03-1,rBITO,RBITOUSDT,2026-08-03,close_1600,5000,0.013749,0.3,0.0096243,8.51,8.631,68.03333333333333,0.0005,DOCUMENTED promotional 0.05% through 2026-08-31,after_hours,after_hours,2026-09-18T23:05:03.291954+00:00,ticker_only,2026-09-18T23:05:03.291954+00:00,ticker_only,OBSERVED-NOW book scenario; fee/prices event-time,-0.12100000000000044,0.0085705,0.0004585052728106275,0.0004585052728106275,0.007859238881246965,0.016429738881246964,-0.1470540388812474,1.894977007873079,0.11419456111875348,eligibility snapshot time unpublished,
rBITO-2026-08-03-1,rBITO,RBITOUSDT,2026-08-03,close_1600,25000,0.013749,0.3,0.0096243,8.51,8.631,68.03333333333333,0.0005,DOCUMENTED promotional 0.05% through 2026-08-31,after_hours,after_hours,2026-09-18T23:05:03.291954+00:00,ticker_only,2026-09-18T23:05:03.291954+00:00,ticker_only,OBSERVED-NOW book scenario; fee/prices event-time,-0.12100000000000044,0.0085705,0.0004585052728106275,0.0004585052728106275,0.007859238881246965,0.016429738881246964,-0.1470540388812474,1.894977007873079,0.11419456111875348,eligibility snapshot time unpublished,
rBITI-2026-09-01-1,rBITI,RBITIUSDT,2026-09-01,overnight_2000,1000,0.376238,0.3,0.2633666,19.33,19.02,0.016666666666666666,0.001,OBSERVED live symbol takerFeeRate,after_hours,overnight,2026-09-18T23:05:03.291954+00:00,ticker_only,2026-09-19T03:05:03.356996+00:00,ticker_only,OBSERVED-NOW book scenario; fee/prices event-time,0.3099999999999987,0.038349999999999995,,0.04189723320158102,,,,,,eligibility snapshot time unpublished,"sell: $1,000 exceeds visible top-of-book ($18) on ticker-only symbol"
rBITI-2026-09-01-1,rBITI,RBITIUSDT,2026-09-01,overnight_2000,5000,0.376238,0.3,0.2633666,19.33,19.02,0.016666666666666666,0.001,OBSERVED live symbol takerFeeRate,after_hours,overnight,2026-09-18T23:05:03.291954+00:00,ticker_only,2026-09-19T03:05:03.356996+00:00,ticker_only,OBSERVED-NOW book scenario; fee/prices event-time,0.3099999999999987,0.038349999999999995,,,,,,,,eligibility snapshot time unpublished,"sell: $5,000 exceeds visible top-of-book ($18) on ticker-only symbol; buy: $5,000 exceeds visible top-of-book ($1,977) on ticker-only symbol"
rBITI-2026-09-01-1,rBITI,RBITIUSDT,2026-09-01,overnight_2000,25000,0.376238,0.3,0.2633666,19.33,19.02,0.016666666666666666,0.001,OBSERVED live symbol takerFeeRate,after_hours,overnight,2026-09-18T23:05:03.291954+00:00,ticker_only,2026-09-19T03:05:03.356996+00:00,ticker_only,OBSERVED-NOW book scenario; fee/prices event-time,0.3099999999999987,0.038349999999999995,,,,,,,,eligibility snapshot time unpublished,"sell: $25,000 exceeds visible top-of-book ($18) on ticker-only symbol; buy: $25,000 exceeds visible top-of-book ($1,977) on ticker-only symbol"
rBITI-2026-09-01-1,rBITI,RBITIUSDT,2026-09-01,premarket_0400,1000,0.376238,0.3,0.2633666,19.33,18.911,8.016666666666667,0.001,OBSERVED live symbol takerFeeRate,after_hours,pre_market,2026-09-18T23:05:03.291954+00:00,ticker_only,,,OBSERVED-NOW book scenario; fee/prices event-time,0.41899999999999693,0.038241,,,,,,,,eligibility snapshot time unpublished,"sell: $1,000 exceeds visible top-of-book ($18) on ticker-only symbol; buy: no depth sample for this symbol/session"
rBITI-2026-09-01-1,rBITI,RBITIUSDT,2026-09-01,premarket_0400,5000,0.376238,0.3,0.2633666,19.33,18.911,8.016666666666667,0.001,OBSERVED live symbol takerFeeRate,after_hours,pre_market,2026-09-18T23:05:03.291954+00:00,ticker_only,,,OBSERVED-NOW book scenario; fee/prices event-time,0.41899999999999693,0.038241,,,,,,,,eligibility snapshot time unpublished,"sell: $5,000 exceeds visible top-of-book ($18) on ticker-only symbol; buy: no depth sample for this symbol/session"
rBITI-2026-09-01-1,rBITI,RBITIUSDT,2026-09-01,premarket_0400,25000,0.376238,0.3,0.2633666,19.33,18.911,8.016666666666667,0.001,OBSERVED live symbol takerFeeRate,after_hours,pre_market,2026-09-18T23:05:03.291954+00:00,ticker_only,,,OBSERVED-NOW book scenario; fee/prices event-time,0.41899999999999693,0.038241,,,,,,,,eligibility snapshot time unpublished,"sell: $25,000 exceeds visible top-of-book ($18) on ticker-only symbol; buy: no depth sample for this symbol/session"
rBITI-2026-09-01-1,rBITI,RBITIUSDT,2026-09-01,open_0930,1000,0.376238,0.3,0.2633666,19.33,19.092,13.516666666666667,0.001,OBSERVED live symbol takerFeeRate,after_hours,regular,2026-09-18T23:05:03.291954+00:00,ticker_only,2026-09-16T19:34:15.315933+00:00,ticker_only,OBSERVED-NOW book scenario; fee/prices event-time,0.23799999999999955,0.038422,,0.0002547770700636436,,,,,,eligibility snapshot time unpublished,"sell: $1,000 exceeds visible top-of-book ($18) on ticker-only symbol"
rBITI-2026-09-01-1,rBITI,RBITIUSDT,2026-09-01,open_0930,5000,0.376238,0.3,0.2633666,19.33,19.092,13.516666666666667,0.001,OBSERVED live symbol takerFeeRate,after_hours,regular,2026-09-18T23:05:03.291954+00:00,ticker_only,2026-09-16T19:34:15.315933+00:00,ticker_only,OBSERVED-NOW book scenario; fee/prices event-time,0.23799999999999955,0.038422,,0.0002547770700636436,,,,,,eligibility snapshot time unpublished,"sell: $5,000 exceeds visible top-of-book ($18) on ticker-only symbol"
rBITI-2026-09-01-1,rBITI,RBITIUSDT,2026-09-01,open_0930,25000,0.376238,0.3,0.2633666,19.33,19.092,13.516666666666667,0.001,OBSERVED live symbol takerFeeRate,after_hours,regular,2026-09-18T23:05:03.291954+00:00,ticker_only,2026-09-16T19:34:15.315933+00:00,ticker_only,OBSERVED-NOW book scenario; fee/prices event-time,0.23799999999999955,0.038422,,0.0002547770700636436,,,,,,eligibility snapshot time unpublished,"sell: $25,000 exceeds visible top-of-book ($18) on ticker-only symbol"
rBITI-2026-09-01-1,rBITI,RBITIUSDT,2026-09-01,open_1000,1000,0.376238,0.3,0.2633666,19.33,19.048,14.016666666666667,0.001,OBSERVED live symbol takerFeeRate,after_hours,regular,2026-09-18T23:05:03.291954+00:00,ticker_only,2026-09-16T19:34:15.315933+00:00,ticker_only,OBSERVED-NOW book scenario; fee/prices event-time,0.28200000000000003,0.038378,,0.0002547770700636436,,,,,,eligibility snapshot time unpublished,"sell: $1,000 exceeds visible top-of-book ($18) on ticker-only symbol"
rBITI-2026-09-01-1,rBITI,RBITIUSDT,2026-09-01,open_1000,5000,0.376238,0.3,0.2633666,19.33,19.048,14.016666666666667,0.001,OBSERVED live symbol takerFeeRate,after_hours,regular,2026-09-18T23:05:03.291954+00:00,ticker_only,2026-09-16T19:34:15.315933+00:00,ticker_only,OBSERVED-NOW book scenario; fee/prices event-time,0.28200000000000003,0.038378,,0.0002547770700636436,,,,,,eligibility snapshot time unpublished,"sell: $5,000 exceeds visible top-of-book ($18) on ticker-only symbol"
rBITI-2026-09-01-1,rBITI,RBITIUSDT,2026-09-01,open_1000,25000,0.376238,0.3,0.2633666,19.33,19.048,14.016666666666667,0.001,OBSERVED live symbol takerFeeRate,after_hours,regular,2026-09-18T23:05:03.291954+00:00,ticker_only,2026-09-16T19:34:15.315933+00:00,ticker_only,OBSERVED-NOW book scenario; fee/prices event-time,0.28200000000000003,0.038378,,0.0002547770700636436,,,,,,eligibility snapshot time unpublished,"sell: $25,000 exceeds visible top-of-book ($18) on ticker-only symbol"
rBITI-2026-09-01-1,rBITI,RBITIUSDT,2026-09-01,close_1600,1000,0.376238,0.3,0.2633666,19.33,19.246,20.016666666666666,0.001,OBSERVED live symbol takerFeeRate,after_hours,after_hours,2026-09-18T23:05:03.291954+00:00,ticker_only,2026-09-18T23:05:03.291954+00:00,ticker_only,OBSERVED-NOW book scenario; fee/prices event-time,0.08399999999999963,0.03857599999999999,,0.0019246631839428179,,,,,,eligibility snapshot time unpublished,"sell: $1,000 exceeds visible top-of-book ($18) on ticker-only symbol"
rBITI-2026-09-01-1,rBITI,RBITIUSDT,2026-09-01,close_1600,5000,0.376238,0.3,0.2633666,19.33,19.246,20.016666666666666,0.001,OBSERVED live symbol takerFeeRate,after_hours,after_hours,2026-09-18T23:05:03.291954+00:00,ticker_only,2026-09-18T23:05:03.291954+00:00,ticker_only,OBSERVED-NOW book scenario; fee/prices event-time,0.08399999999999963,0.03857599999999999,,0.0019246631839428179,,,,,,eligibility snapshot time unpublished,"sell: $5,000 exceeds visible top-of-book ($18) on ticker-only symbol"
rBITI-2026-09-01-1,rBITI,RBITIUSDT,2026-09-01,close_1600,25000,0.376238,0.3,0.2633666,19.33,19.246,20.016666666666666,0.001,OBSERVED live symbol takerFeeRate,after_hours,after_hours,2026-09-18T23:05:03.291954+00:00,ticker_only,2026-09-18T23:05:03.291954+00:00,ticker_only,OBSERVED-NOW book scenario; fee/prices event-time,0.08399999999999963,0.03857599999999999,,0.0019246631839428179,,,,,,eligibility snapshot time unpublished,"sell: $25,000 exceeds visible top-of-book ($18) on ticker-only symbol"
rBITO-2026-09-01-1,rBITO,RBITOUSDT,2026-09-01,overnight_2000,1000,0.01081,0.3,0.007567,10.585,10.57,0.06666666666666667,0.001,OBSERVED live symbol takerFeeRate,after_hours,overnight,2026-09-18T23:05:03.291954+00:00,ticker_only,2026-09-19T03:05:03.356996+00:00,ticker_only,OBSERVED-NOW book scenario; fee/prices event-time,0.015000000000000568,0.021155,0.0004585052728106275,0.00045977011494260055,0.00971304842764378,0.03086804842764378,-0.023435048427643212,3.5555086427052527,,eligibility snapshot time unpublished,
rBITO-2026-09-01-1,rBITO,RBITOUSDT,2026-09-01,overnight_2000,5000,0.01081,0.3,0.007567,10.585,10.57,0.06666666666666667,0.001,OBSERVED live symbol takerFeeRate,after_hours,overnight,2026-09-18T23:05:03.291954+00:00,ticker_only,2026-09-19T03:05:03.356996+00:00,ticker_only,OBSERVED-NOW book scenario; fee/prices event-time,0.015000000000000568,0.021155,0.0004585052728106275,0.00045977011494260055,0.00971304842764378,0.03086804842764378,-0.023435048427643212,3.5555086427052527,,eligibility snapshot time unpublished,
rBITO-2026-09-01-1,rBITO,RBITOUSDT,2026-09-01,overnight_2000,25000,0.01081,0.3,0.007567,10.585,10.57,0.06666666666666667,0.001,OBSERVED live symbol takerFeeRate,after_hours,overnight,2026-09-18T23:05:03.291954+00:00,ticker_only,2026-09-19T03:05:03.356996+00:00,ticker_only,OBSERVED-NOW book scenario; fee/prices event-time,0.015000000000000568,0.021155,0.0004585052728106275,0.00045977011494260055,0.00971304842764378,0.03086804842764378,-0.023435048427643212,3.5555086427052527,,eligibility snapshot time unpublished,
rBITO-2026-09-01-1,rBITO,RBITOUSDT,2026-09-01,premarket_0400,1000,0.01081,0.3,0.007567,10.585,10.585,8.016666666666667,0.001,OBSERVED live symbol takerFeeRate,after_hours,pre_market,2026-09-18T23:05:03.291954+00:00,ticker_only,,,OBSERVED-NOW book scenario; fee/prices event-time,0.0,0.02117,0.0004585052728106275,,,,,,,eligibility snapshot time unpublished,buy: no depth sample for this symbol/session
rBITO-2026-09-01-1,rBITO,RBITOUSDT,2026-09-01,premarket_0400,5000,0.01081,0.3,0.007567,10.585,10.585,8.016666666666667,0.001,OBSERVED live symbol takerFeeRate,after_hours,pre_market,2026-09-18T23:05:03.291954+00:00,ticker_only,,,OBSERVED-NOW book scenario; fee/prices event-time,0.0,0.02117,0.0004585052728106275,,,,,,,eligibility snapshot time unpublished,buy: no depth sample for this symbol/session
rBITO-2026-09-01-1,rBITO,RBITOUSDT,2026-09-01,premarket_0400,25000,0.01081,0.3,0.007567,10.585,10.585,8.016666666666667,0.001,OBSERVED live symbol takerFeeRate,after_hours,pre_market,2026-09-18T23:05:03.291954+00:00,ticker_only,,,OBSERVED-NOW book scenario; fee/prices event-time,0.0,0.02117,0.0004585052728106275,,,,,,,eligibility snapshot time unpublished,buy: no depth sample for this symbol/session
rBITO-2026-09-01-1,rBITO,RBITOUSDT,2026-09-01,open_0930,1000,0.01081,0.3,0.007567,10.585,10.47,13.516666666666667,0.001,OBSERVED live symbol takerFeeRate,after_hours,regular,2026-09-18T23:05:03.291954+00:00,ticker_only,2026-09-16T19:34:15.315933+00:00,ticker_only,OBSERVED-NOW book scenario; fee/prices event-time,0.11500000000000021,0.021055,0.0004585052728106275,0.0004928536224741147,0.010013455740004474,0.031068455740004476,0.07636454425999573,3.5740477095286285,-0.1385014557400047,eligibility snapshot time unpublished,
rBITO-2026-09-01-1,rBITO,RBITOUSDT,2026-09-01,open_0930,5000,0.01081,0.3,0.007567,10.585,10.47,13.516666666666667,0.001,OBSERVED live symbol takerFeeRate,after_hours,regular,2026-09-18T23:05:03.291954+00:00,ticker_only,2026-09-16T19:34:15.315933+00:00,ticker_only,OBSERVED-NOW book scenario; fee/prices event-time,0.11500000000000021,0.021055,0.0004585052728106275,0.0004928536224741147,0.010013455740004474,0.031068455740004476,0.07636454425999573,3.5740477095286285,-0.1385014557400047,eligibility snapshot time unpublished,
rBITO-2026-09-01-1,rBITO,RBITOUSDT,2026-09-01,open_0930,25000,0.01081,0.3,0.007567,10.585,10.47,13.516666666666667,0.001,OBSERVED live symbol takerFeeRate,after_hours,regular,2026-09-18T23:05:03.291954+00:00,ticker_only,2026-09-16T19:34:15.315933+00:00,ticker_only,OBSERVED-NOW book scenario; fee/prices event-time,0.11500000000000021,0.021055,0.0004585052728106275,0.0004928536224741147,0.010013455740004474,0.031068455740004476,0.07636454425999573,3.5740477095286285,-0.1385014557400047,eligibility snapshot time unpublished,
rBITO-2026-09-01-1,rBITO,RBITOUSDT,2026-09-01,open_1000,1000,0.01081,0.3,0.007567,10.585,10.5,14.016666666666667,0.001,OBSERVED live symbol takerFeeRate,after_hours,regular,2026-09-18T23:05:03.291954+00:00,ticker_only,2026-09-16T19:34:15.315933+00:00,ticker_only,OBSERVED-NOW book scenario; fee/prices event-time,0.08500000000000085,0.021085,0.0004585052728106275,0.0004928536224741147,0.010028241348678697,0.031113241348678697,0.04631975865132215,3.578190689054458,-0.10854624134867955,eligibility snapshot time unpublished,
rBITO-2026-09-01-1,rBITO,RBITOUSDT,2026-09-01,open_1000,5000,0.01081,0.3,0.007567,10.585,10.5,14.016666666666667,0.001,OBSERVED live symbol takerFeeRate,after_hours,regular,2026-09-18T23:05:03.291954+00:00,ticker_only,2026-09-16T19:34:15.315933+00:00,ticker_only,OBSERVED-NOW book scenario; fee/prices event-time,0.08500000000000085,0.021085,0.0004585052728106275,0.0004928536224741147,0.010028241348678697,0.031113241348678697,0.04631975865132215,3.578190689054458,-0.10854624134867955,eligibility snapshot time unpublished,
rBITO-2026-09-01-1,rBITO,RBITOUSDT,2026-09-01,open_1000,25000,0.01081,0.3,0.007567,10.585,10.5,14.016666666666667,0.001,OBSERVED live symbol takerFeeRate,after_hours,regular,2026-09-18T23:05:03.291954+00:00,ticker_only,2026-09-16T19:34:15.315933+00:00,ticker_only,OBSERVED-NOW book scenario; fee/prices event-time,0.08500000000000085,0.021085,0.0004585052728106275,0.0004928536224741147,0.010028241348678697,0.031113241348678697,0.04631975865132215,3.578190689054458,-0.10854624134867955,eligibility snapshot time unpublished,
rBITO-2026-09-01-1,rBITO,RBITOUSDT,2026-09-01,close_1600,1000,0.01081,0.3,0.007567,10.585,10.396,20.016666666666666,0.001,OBSERVED live symbol takerFeeRate,after_hours,after_hours,2026-09-18T23:05:03.291954+00:00,ticker_only,2026-09-18T23:05:03.291954+00:00,ticker_only,OBSERVED-NOW book scenario; fee/prices event-time,0.18900000000000006,0.020981000000000003,0.0004585052728106275,0.0004585052728106275,0.009619899128839777,0.03060089912883978,0.15083210087116028,3.53079547907861,-0.21203389912883985,eligibility snapshot time unpublished,
rBITO-2026-09-01-1,rBITO,RBITOUSDT,2026-09-01,close_1600,5000,0.01081,0.3,0.007567,10.585,10.396,20.016666666666666,0.001,OBSERVED live symbol takerFeeRate,after_hours,after_hours,2026-09-18T23:05:03.291954+00:00,ticker_only,2026-09-18T23:05:03.291954+00:00,ticker_only,OBSERVED-NOW book scenario; fee/prices event-time,0.18900000000000006,0.020981000000000003,0.0004585052728106275,0.0004585052728106275,0.009619899128839777,0.03060089912883978,0.15083210087116028,3.53079547907861,-0.21203389912883985,eligibility snapshot time unpublished,
rBITO-2026-09-01-1,rBITO,RBITOUSDT,2026-09-01,close_1600,25000,0.01081,0.3,0.007567,10.585,10.396,20.016666666666666,0.001,OBSERVED live symbol takerFeeRate,after_hours,after_hours,2026-09-18T23:05:03.291954+00:00,ticker_only,2026-09-18T23:05:03.291954+00:00,ticker_only,OBSERVED-NOW book scenario; fee/prices event-time,0.18900000000000006,0.020981000000000003,0.0004585052728106275,0.0004585052728106275,0.009619899128839777,0.03060089912883978,0.15083210087116028,3.53079547907861,-0.21203389912883985,eligibility snapshot time unpublished,
rBOTZ-2026-06-29-1,rBOTZ,RBOTZUSDT,2026-06-29,overnight_2000,1000,0.017986,0.3,0.0125902,36.49,36.49,48.1,0.0005,DOCUMENTED promotional 0.05% through 2026-08-31,after_hours,overnight,2026-09-18T23:05:03.291954+00:00,ticker_only,2026-09-19T03:05:03.356996+00:00,ticker_only,OBSERVED-NOW book scenario; fee/prices event-time,0.0,0.03649,,0.0024226877583012926,,,,,,eligibility snapshot time unpublished,"sell: $1,000 exceeds visible top-of-book ($70) on ticker-only symbol"
rBOTZ-2026-06-29-1,rBOTZ,RBOTZUSDT,2026-06-29,overnight_2000,5000,0.017986,0.3,0.0125902,36.49,36.49,48.1,0.0005,DOCUMENTED promotional 0.05% through 2026-08-31,after_hours,overnight,2026-09-18T23:05:03.291954+00:00,ticker_only,2026-09-19T03:05:03.356996+00:00,ticker_only,OBSERVED-NOW book scenario; fee/prices event-time,0.0,0.03649,,,,,,,,eligibility snapshot time unpublished,"sell: $5,000 exceeds visible top-of-book ($70) on ticker-only symbol; buy: $5,000 exceeds visible top-of-book ($3,517) on ticker-only symbol"
rBOTZ-2026-06-29-1,rBOTZ,RBOTZUSDT,2026-06-29,overnight_2000,25000,0.017986,0.3,0.0125902,36.49,36.49,48.1,0.0005,DOCUMENTED promotional 0.05% through 2026-08-31,after_hours,overnight,2026-09-18T23:05:03.291954+00:00,ticker_only,2026-09-19T03:05:03.356996+00:00,ticker_only,OBSERVED-NOW book scenario; fee/prices event-time,0.0,0.03649,,,,,,,,eligibility snapshot time unpublished,"sell: $25,000 exceeds visible top-of-book ($70) on ticker-only symbol; buy: $25,000 exceeds visible top-of-book ($3,517) on ticker-only symbol"
rBOTZ-2026-06-29-1,rBOTZ,RBOTZUSDT,2026-06-29,premarket_0400,1000,0.017986,0.3,0.0125902,36.49,36.674,56.1,0.0005,DOCUMENTED promotional 0.05% through 2026-08-31,after_hours,pre_market,2026-09-18T23:05:03.291954+00:00,ticker_only,,,OBSERVED-NOW book scenario; fee/prices event-time,-0.1839999999999975,0.036582,,,,,,,,eligibility snapshot time unpublished,"sell: $1,000 exceeds visible top-of-book ($70) on ticker-only symbol; buy: no depth sample for this symbol/session"
rBOTZ-2026-06-29-1,rBOTZ,RBOTZUSDT,2026-06-29,premarket_0400,5000,0.017986,0.3,0.0125902,36.49,36.674,56.1,0.0005,DOCUMENTED promotional 0.05% through 2026-08-31,after_hours,pre_market,2026-09-18T23:05:03.291954+00:00,ticker_only,,,OBSERVED-NOW book scenario; fee/prices event-time,-0.1839999999999975,0.036582,,,,,,,,eligibility snapshot time unpublished,"sell: $5,000 exceeds visible top-of-book ($70) on ticker-only symbol; buy: no depth sample for this symbol/session"
rBOTZ-2026-06-29-1,rBOTZ,RBOTZUSDT,2026-06-29,premarket_0400,25000,0.017986,0.3,0.0125902,36.49,36.674,56.1,0.0005,DOCUMENTED promotional 0.05% through 2026-08-31,after_hours,pre_market,2026-09-18T23:05:03.291954+00:00,ticker_only,,,OBSERVED-NOW book scenario; fee/prices event-time,-0.1839999999999975,0.036582,,,,,,,,eligibility snapshot time unpublished,"sell: $25,000 exceeds visible top-of-book ($70) on ticker-only symbol; buy: no depth sample for this symbol/session"
rBOTZ-2026-06-29-1,rBOTZ,RBOTZUSDT,2026-06-29,open_0930,1000,0.017986,0.3,0.0125902,36.49,36.39,61.6,0.0005,DOCUMENTED promotional 0.05% through 2026-08-31,after_hours,regular,2026-09-18T23:05:03.291954+00:00,ticker_only,2026-09-16T19:34:15.315933+00:00,ticker_only,OBSERVED-NOW book scenario; fee/prices event-time,0.10000000000000142,0.03644,,0.0001446131597975128,,,,,,eligibility snapshot time unpublished,"sell: $1,000 exceeds visible top-of-book ($70) on ticker-only symbol"
rBOTZ-2026-06-29-1,rBOTZ,RBOTZUSDT,2026-06-29,open_0930,5000,0.017986,0.3,0.0125902,36.49,36.39,61.6,0.0005,DOCUMENTED promotional 0.05% through 2026-08-31,after_hours,regular,2026-09-18T23:05:03.291954+00:00,ticker_only,2026-09-16T19:34:15.315933+00:00,ticker_only,OBSERVED-NOW book scenario; fee/prices event-time,0.10000000000000142,0.03644,,0.0001446131597975128,,,,,,eligibility snapshot time unpublished,"sell: $5,000 exceeds visible top-of-book ($70) on ticker-only symbol"
rBOTZ-2026-06-29-1,rBOTZ,RBOTZUSDT,2026-06-29,open_0930,25000,0.017986,0.3,0.0125902,36.49,36.39,61.6,0.0005,DOCUMENTED promotional 0.05% through 2026-08-31,after_hours,regular,2026-09-18T23:05:03.291954+00:00,ticker_only,2026-09-16T19:34:15.315933+00:00,ticker_only,OBSERVED-NOW book scenario; fee/prices event-time,0.10000000000000142,0.03644,,,,,,,,eligibility snapshot time unpublished,"sell: $25,000 exceeds visible top-of-book ($70) on ticker-only symbol; buy: $25,000 exceeds visible top-of-book ($20,921) on ticker-only symbol"
rBOTZ-2026-06-29-1,rBOTZ,RBOTZUSDT,2026-06-29,open_1000,1000,0.017986,0.3,0.0125902,36.49,36.455,62.1,0.0005,DOCUMENTED promotional 0.05% through 2026-08-31,after_hours,regular,2026-09-18T23:05:03.291954+00:00,ticker_only,2026-09-16T19:34:15.315933+00:00,ticker_only,OBSERVED-NOW book scenario; fee/prices event-time,0.035000000000003695,0.0364725,,0.0001446131597975128,,,,,,eligibility snapshot time unpublished,"sell: $1,000 exceeds visible top-of-book ($70) on ticker-only symbol"
rBOTZ-2026-06-29-1,rBOTZ,RBOTZUSDT,2026-06-29,open_1000,5000,0.017986,0.3,0.0125902,36.49,36.455,62.1,0.0005,DOCUMENTED promotional 0.05% through 2026-08-31,after_hours,regular,2026-09-18T23:05:03.291954+00:00,ticker_only,2026-09-16T19:34:15.315933+00:00,ticker_only,OBSERVED-NOW book scenario; fee/prices event-time,0.035000000000003695,0.0364725,,0.0001446131597975128,,,,,,eligibility snapshot time unpublished,"sell: $5,000 exceeds visible top-of-book ($70) on ticker-only symbol"
rBOTZ-2026-06-29-1,rBOTZ,RBOTZUSDT,2026-06-29,open_1000,25000,0.017986,0.3,0.0125902,36.49,36.455,62.1,0.0005,DOCUMENTED promotional 0.05% through 2026-08-31,after_hours,regular,2026-09-18T23:05:03.291954+00:00,ticker_only,2026-09-16T19:34:15.315933+00:00,ticker_only,OBSERVED-NOW book scenario; fee/prices event-time,0.035000000000003695,0.0364725,,,,,,,,eligibility snapshot time unpublished,"sell: $25,000 exceeds visible top-of-book ($70) on ticker-only symbol; buy: $25,000 exceeds visible top-of-book ($20,921) on ticker-only symbol"
rBOTZ-2026-06-29-1,rBOTZ,RBOTZUSDT,2026-06-29,close_1600,1000,0.017986,0.3,0.0125902,36.49,36.87,68.1,0.0005,DOCUMENTED promotional 0.05% through 2026-08-31,after_hours,after_hours,2026-09-18T23:05:03.291954+00:00,ticker_only,2026-09-18T23:05:03.291954+00:00,ticker_only,OBSERVED-NOW book scenario; fee/prices event-time,-0.37999999999999545,0.03668,,0.0021370565607636218,,,,,,eligibility snapshot time unpublished,"sell: $1,000 exceeds visible top-of-book ($70) on ticker-only symbol"
rBOTZ-2026-06-29-1,rBOTZ,RBOTZUSDT,2026-06-29,close_1600,5000,0.017986,0.3,0.0125902,36.49,36.87,68.1,0.0005,DOCUMENTED promotional 0.05% through 2026-08-31,after_hours,after_hours,2026-09-18T23:05:03.291954+00:00,ticker_only,2026-09-18T23:05:03.291954+00:00,ticker_only,OBSERVED-NOW book scenario; fee/prices event-time,-0.37999999999999545,0.03668,,,,,,,,eligibility snapshot time unpublished,"sell: $5,000 exceeds visible top-of-book ($70) on ticker-only symbol; buy: $5,000 exceeds visible top-of-book ($3,517) on ticker-only symbol"
rBOTZ-2026-06-29-1,rBOTZ,RBOTZUSDT,2026-06-29,close_1600,25000,0.017986,0.3,0.0125902,36.49,36.87,68.1,0.0005,DOCUMENTED promotional 0.05% through 2026-08-31,after_hours,after_hours,2026-09-18T23:05:03.291954+00:00,ticker_only,2026-09-18T23:05:03.291954+00:00,ticker_only,OBSERVED-NOW book scenario; fee/prices event-time,-0.37999999999999545,0.03668,,,,,,,,eligibility snapshot time unpublished,"sell: $25,000 exceeds visible top-of-book ($70) on ticker-only symbol; buy: $25,000 exceeds visible top-of-book ($3,517) on ticker-only symbol"
rCLOI-2026-07-01-1,rCLOI,RCLOIUSDT,2026-07-01,overnight_2000,1000,0.2051,0.3,0.14357,52.95,52.757,17.333333333333332,0.0005,DOCUMENTED promotional 0.05% through 2026-08-31,after_hours,overnight,2026-09-18T23:05:03.291954+00:00,ticker_only,2026-09-19T03:05:03.356996+00:00,ticker_only,OBSERVED-NOW book scenario; fee/prices event-time,0.19300000000000495,0.0528535,,0.041391178335295715,,,,,,eligibility snapshot time unpublished,"sell: $1,000 exceeds visible top-of-book ($529) on ticker-only symbol"
rCLOI-2026-07-01-1,rCLOI,RCLOIUSDT,2026-07-01,overnight_2000,5000,0.2051,0.3,0.14357,52.95,52.757,17.333333333333332,0.0005,DOCUMENTED promotional 0.05% through 2026-08-31,after_hours,overnight,2026-09-18T23:05:03.291954+00:00,ticker_only,2026-09-19T03:05:03.356996+00:00,ticker_only,OBSERVED-NOW book scenario; fee/prices event-time,0.19300000000000495,0.0528535,,0.041391178335295715,,,,,,eligibility snapshot time unpublished,"sell: $5,000 exceeds visible top-of-book ($529) on ticker-only symbol"
rCLOI-2026-07-01-1,rCLOI,RCLOIUSDT,2026-07-01,overnight_2000,25000,0.2051,0.3,0.14357,52.95,52.757,17.333333333333332,0.0005,DOCUMENTED promotional 0.05% through 2026-08-31,after_hours,overnight,2026-09-18T23:05:03.291954+00:00,ticker_only,2026-09-19T03:05:03.356996+00:00,ticker_only,OBSERVED-NOW book scenario; fee/prices event-time,0.19300000000000495,0.0528535,,,,,,,,eligibility snapshot time unpublished,"sell: $25,000 exceeds visible top-of-book ($529) on ticker-only symbol; buy: $25,000 exceeds visible top-of-book ($5,749) on ticker-only symbol"
rCLOI-2026-07-01-1,rCLOI,RCLOIUSDT,2026-07-01,premarket_0400,1000,0.2051,0.3,0.14357,52.95,52.757,17.333333333333332,0.0005,DOCUMENTED promotional 0.05% through 2026-08-31,after_hours,pre_market,2026-09-18T23:05:03.291954+00:00,ticker_only,,,OBSERVED-NOW book scenario; fee/prices event-time,0.19300000000000495,0.0528535,,,,,,,,eligibility snapshot time unpublished,"sell: $1,000 exceeds visible top-of-book ($529) on ticker-only symbol; buy: no depth sample for this symbol/session"
rCLOI-2026-07-01-1,rCLOI,RCLOIUSDT,2026-07-01,premarket_0400,5000,0.2051,0.3,0.14357,52.95,52.757,17.333333333333332,0.0005,DOCUMENTED promotional 0.05% through 2026-08-31,after_hours,pre_market,2026-09-18T23:05:03.291954+00:00,ticker_only,,,OBSERVED-NOW book scenario; fee/prices event-time,0.19300000000000495,0.0528535,,,,,,,,eligibility snapshot time unpublished,"sell: $5,000 exceeds visible top-of-book ($529) on ticker-only symbol; buy: no depth sample for this symbol/session"
rCLOI-2026-07-01-1,rCLOI,RCLOIUSDT,2026-07-01,premarket_0400,25000,0.2051,0.3,0.14357,52.95,52.757,17.333333333333332,0.0005,DOCUMENTED promotional 0.05% through 2026-08-31,after_hours,pre_market,2026-09-18T23:05:03.291954+00:00,ticker_only,,,OBSERVED-NOW book scenario; fee/prices event-time,0.19300000000000495,0.0528535,,,,,,,,eligibility snapshot time unpublished,"sell: $25,000 exceeds visible top-of-book ($529) on ticker-only symbol; buy: no depth sample for this symbol/session"
rCLOI-2026-07-01-1,rCLOI,RCLOIUSDT,2026-07-01,open_0930,1000,0.2051,0.3,0.14357,52.95,52.757,17.333333333333332,0.0005,DOCUMENTED promotional 0.05% through 2026-08-31,after_hours,regular,2026-09-18T23:05:03.291954+00:00,ticker_only,2026-09-16T19:34:15.315933+00:00,ticker_only,OBSERVED-NOW book scenario; fee/prices event-time,0.19300000000000495,0.0528535,,9.449116507611371e-05,,,,,,eligibility snapshot time unpublished,"sell: $1,000 exceeds visible top-of-book ($529) on ticker-only symbol"
rCLOI-2026-07-01-1,rCLOI,RCLOIUSDT,2026-07-01,open_0930,5000,0.2051,0.3,0.14357,52.95,52.757,17.333333333333332,0.0005,DOCUMENTED promotional 0.05% through 2026-08-31,after_hours,regular,2026-09-18T23:05:03.291954+00:00,ticker_only,2026-09-16T19:34:15.315933+00:00,ticker_only,OBSERVED-NOW book scenario; fee/prices event-time,0.19300000000000495,0.0528535,,9.449116507611371e-05,,,,,,eligibility snapshot time unpublished,"sell: $5,000 exceeds visible top-of-book ($529) on ticker-only symbol"
rCLOI-2026-07-01-1,rCLOI,RCLOIUSDT,2026-07-01,open_0930,25000,0.2051,0.3,0.14357,52.95,52.757,17.333333333333332,0.0005,DOCUMENTED promotional 0.05% through 2026-08-31,after_hours,regular,2026-09-18T23:05:03.291954+00:00,ticker_only,2026-09-16T19:34:15.315933+00:00,ticker_only,OBSERVED-NOW book scenario; fee/prices event-time,0.19300000000000495,0.0528535,,9.449116507611371e-05,,,,,,eligibility snapshot time unpublished,"sell: $25,000 exceeds visible top-of-book ($529) on ticker-only symbol"
rCLOI-2026-07-01-1,rCLOI,RCLOIUSDT,2026-07-01,open_1000,1000,0.2051,0.3,0.14357,52.95,52.739,17.833333333333332,0.0005,DOCUMENTED promotional 0.05% through 2026-08-31,after_hours,regular,2026-09-18T23:05:03.291954+00:00,ticker_only,2026-09-16T19:34:15.315933+00:00,ticker_only,OBSERVED-NOW book scenario; fee/prices event-time,0.21100000000000563,0.052844499999999996,,9.449116507611371e-05,,,,,,eligibility snapshot time unpublished,"sell: $1,000 exceeds visible top-of-book ($529) on ticker-only symbol"
rCLOI-2026-07-01-1,rCLOI,RCLOIUSDT,2026-07-01,open_1000,5000,0.2051,0.3,0.14357,52.95,52.739,17.833333333333332,0.0005,DOCUMENTED promotional 0.05% through 2026-08-31,after_hours,regular,2026-09-18T23:05:03.291954+00:00,ticker_only,2026-09-16T19:34:15.315933+00:00,ticker_only,OBSERVED-NOW book scenario; fee/prices event-time,0.21100000000000563,0.052844499999999996,,9.449116507611371e-05,,,,,,eligibility snapshot time unpublished,"sell: $5,000 exceeds visible top-of-book ($529) on ticker-only symbol"
rCLOI-2026-07-01-1,rCLOI,RCLOIUSDT,2026-07-01,open_1000,25000,0.2051,0.3,0.14357,52.95,52.739,17.833333333333332,0.0005,DOCUMENTED promotional 0.05% through 2026-08-31,after_hours,regular,2026-09-18T23:05:03.291954+00:00,ticker_only,2026-09-16T19:34:15.315933+00:00,ticker_only,OBSERVED-NOW book scenario; fee/prices event-time,0.21100000000000563,0.052844499999999996,,9.449116507611371e-05,,,,,,eligibility snapshot time unpublished,"sell: $25,000 exceeds visible top-of-book ($529) on ticker-only symbol"
rCLOI-2026-07-01-1,rCLOI,RCLOIUSDT,2026-07-01,close_1600,1000,0.2051,0.3,0.14357,52.95,52.76,23.833333333333332,0.0005,DOCUMENTED promotional 0.05% through 2026-08-31,after_hours,after_hours,2026-09-18T23:05:03.291954+00:00,ticker_only,2026-09-18T23:05:03.291954+00:00,ticker_only,OBSERVED-NOW book scenario; fee/prices event-time,0.19000000000000483,0.052855000000000006,,0.041391178335295715,,,,,,eligibility snapshot time unpublished,"sell: $1,000 exceeds visible top-of-book ($529) on ticker-only symbol"
rCLOI-2026-07-01-1,rCLOI,RCLOIUSDT,2026-07-01,close_1600,5000,0.2051,0.3,0.14357,52.95,52.76,23.833333333333332,0.0005,DOCUMENTED promotional 0.05% through 2026-08-31,after_hours,after_hours,2026-09-18T23:05:03.291954+00:00,ticker_only,2026-09-18T23:05:03.291954+00:00,ticker_only,OBSERVED-NOW book scenario; fee/prices event-time,0.19000000000000483,0.052855000000000006,,0.041391178335295715,,,,,,eligibility snapshot time unpublished,"sell: $5,000 exceeds visible top-of-book ($529) on ticker-only symbol"
rCLOI-2026-07-01-1,rCLOI,RCLOIUSDT,2026-07-01,close_1600,25000,0.2051,0.3,0.14357,52.95,52.76,23.833333333333332,0.0005,DOCUMENTED promotional 0.05% through 2026-08-31,after_hours,after_hours,2026-09-18T23:05:03.291954+00:00,ticker_only,2026-09-18T23:05:03.291954+00:00,ticker_only,OBSERVED-NOW book scenario; fee/prices event-time,0.19000000000000483,0.052855000000000006,,,,,,,,eligibility snapshot time unpublished,"sell: $25,000 exceeds visible top-of-book ($529) on ticker-only symbol; buy: $25,000 exceeds visible top-of-book ($5,749) on ticker-only symbol"
rCMCSA-2026-07-01-1,rCMCSA,RCMCSAUSDT,2026-07-01,overnight_2000,1000,0.33,0.3,0.231,24.585,24.51,0.1,0.0005,DOCUMENTED promotional 0.05% through 2026-08-31,after_hours,overnight,2026-09-18T23:05:03.291954+00:00,ticker_only,2026-09-19T03:05:03.356996+00:00,ticker_only,OBSERVED-NOW book scenario; fee/prices event-time,0.07499999999999929,0.0245475,,0.004596191726854911,,,,,,eligibility snapshot time unpublished,"sell: $1,000 exceeds visible top-of-book ($410) on ticker-only symbol"
rCMCSA-2026-07-01-1,rCMCSA,RCMCSAUSDT,2026-07-01,overnight_2000,5000,0.33,0.3,0.231,24.585,24.51,0.1,0.0005,DOCUMENTED promotional 0.05% through 2026-08-31,after_hours,overnight,2026-09-18T23:05:03.291954+00:00,ticker_only,2026-09-19T03:05:03.356996+00:00,ticker_only,OBSERVED-NOW book scenario; fee/prices event-time,0.07499999999999929,0.0245475,,,,,,,,eligibility snapshot time unpublished,"sell: $5,000 exceeds visible top-of-book ($410) on ticker-only symbol; buy: $5,000 exceeds visible top-of-book ($2,295) on ticker-only symbol"
rCMCSA-2026-07-01-1,rCMCSA,RCMCSAUSDT,2026-07-01,overnight_2000,25000,0.33,0.3,0.231,24.585,24.51,0.1,0.0005,DOCUMENTED promotional 0.05% through 2026-08-31,after_hours,overnight,2026-09-18T23:05:03.291954+00:00,ticker_only,2026-09-19T03:05:03.356996+00:00,ticker_only,OBSERVED-NOW book scenario; fee/prices event-time,0.07499999999999929,0.0245475,,,,,,,,eligibility snapshot time unpublished,"sell: $25,000 exceeds visible top-of-book ($410) on ticker-only symbol; buy: $25,000 exceeds visible top-of-book ($2,295) on ticker-only symbol"
rCMCSA-2026-07-01-1,rCMCSA,RCMCSAUSDT,2026-07-01,premarket_0400,1000,0.33,0.3,0.231,24.585,24.429,8.016666666666667,0.0005,DOCUMENTED promotional 0.05% through 2026-08-31,after_hours,pre_market,2026-09-18T23:05:03.291954+00:00,ticker_only,,,OBSERVED-NOW book scenario; fee/prices event-time,0.15600000000000236,0.024506999999999998,,,,,,,,eligibility snapshot time unpublished,"sell: $1,000 exceeds visible top-of-book ($410) on ticker-only symbol; buy: no depth sample for this symbol/session"
rCMCSA-2026-07-01-1,rCMCSA,RCMCSAUSDT,2026-07-01,premarket_0400,5000,0.33,0.3,0.231,24.585,24.429,8.016666666666667,0.0005,DOCUMENTED promotional 0.05% through 2026-08-31,after_hours,pre_market,2026-09-18T23:05:03.291954+00:00,ticker_only,,,OBSERVED-NOW book scenario; fee/prices event-time,0.15600000000000236,0.024506999999999998,,,,,,,,eligibility snapshot time unpublished,"sell: $5,000 exceeds visible top-of-book ($410) on ticker-only symbol; buy: no depth sample for this symbol/session"
rCMCSA-2026-07-01-1,rCMCSA,RCMCSAUSDT,2026-07-01,premarket_0400,25000,0.33,0.3,0.231,24.585,24.429,8.016666666666667,0.0005,DOCUMENTED promotional 0.05% through 2026-08-31,after_hours,pre_market,2026-09-18T23:05:03.291954+00:00,ticker_only,,,OBSERVED-NOW book scenario; fee/prices event-time,0.15600000000000236,0.024506999999999998,,,,,,,,eligibility snapshot time unpublished,"sell: $25,000 exceeds visible top-of-book ($410) on ticker-only symbol; buy: no depth sample for this symbol/session"
rCMCSA-2026-07-01-1,rCMCSA,RCMCSAUSDT,2026-07-01,open_0930,1000,0.33,0.3,0.231,24.585,24.27,13.516666666666667,0.0005,DOCUMENTED promotional 0.05% through 2026-08-31,after_hours,regular,2026-09-18T23:05:03.291954+00:00,ticker_only,2026-09-16T19:34:15.315933+00:00,ticker_only,OBSERVED-NOW book scenario; fee/prices event-time,0.3150000000000013,0.0244275,,0.0002112824846820529,,,,,,eligibility snapshot time unpublished,"sell: $1,000 exceeds visible top-of-book ($410) on ticker-only symbol"
rCMCSA-2026-07-01-1,rCMCSA,RCMCSAUSDT,2026-07-01,open_0930,5000,0.33,0.3,0.231,24.585,24.27,13.516666666666667,0.0005,DOCUMENTED promotional 0.05% through 2026-08-31,after_hours,regular,2026-09-18T23:05:03.291954+00:00,ticker_only,2026-09-16T19:34:15.315933+00:00,ticker_only,OBSERVED-NOW book scenario; fee/prices event-time,0.3150000000000013,0.0244275,,0.0002112824846820529,,,,,,eligibility snapshot time unpublished,"sell: $5,000 exceeds visible top-of-book ($410) on ticker-only symbol"
rCMCSA-2026-07-01-1,rCMCSA,RCMCSAUSDT,2026-07-01,open_0930,25000,0.33,0.3,0.231,24.585,24.27,13.516666666666667,0.0005,DOCUMENTED promotional 0.05% through 2026-08-31,after_hours,regular,2026-09-18T23:05:03.291954+00:00,ticker_only,2026-09-16T19:34:15.315933+00:00,ticker_only,OBSERVED-NOW book scenario; fee/prices event-time,0.3150000000000013,0.0244275,,0.0002112824846820529,,,,,,eligibility snapshot time unpublished,"sell: $25,000 exceeds visible top-of-book ($410) on ticker-only symbol"
rCMCSA-2026-07-01-1,rCMCSA,RCMCSAUSDT,2026-07-01,open_1000,1000,0.33,0.3,0.231,24.585,23.988,14.016666666666667,0.0005,DOCUMENTED promotional 0.05% through 2026-08-31,after_hours,regular,2026-09-18T23:05:03.291954+00:00,ticker_only,2026-09-16T19:34:15.315933+00:00,ticker_only,OBSERVED-NOW book scenario; fee/prices event-time,0.5970000000000013,0.0242865,,0.0002112824846820529,,,,,,eligibility snapshot time unpublished,"sell: $1,000 exceeds visible top-of-book ($410) on ticker-only symbol"
rCMCSA-2026-07-01-1,rCMCSA,RCMCSAUSDT,2026-07-01,open_1000,5000,0.33,0.3,0.231,24.585,23.988,14.016666666666667,0.0005,DOCUMENTED promotional 0.05% through 2026-08-31,after_hours,regular,2026-09-18T23:05:03.291954+00:00,ticker_only,2026-09-16T19:34:15.315933+00:00,ticker_only,OBSERVED-NOW book scenario; fee/prices event-time,0.5970000000000013,0.0242865,,0.0002112824846820529,,,,,,eligibility snapshot time unpublished,"sell: $5,000 exceeds visible top-of-book ($410) on ticker-only symbol"
rCMCSA-2026-07-01-1,rCMCSA,RCMCSAUSDT,2026-07-01,open_1000,25000,0.33,0.3,0.231,24.585,23.988,14.016666666666667,0.0005,DOCUMENTED promotional 0.05% through 2026-08-31,after_hours,regular,2026-09-18T23:05:03.291954+00:00,ticker_only,2026-09-16T19:34:15.315933+00:00,ticker_only,OBSERVED-NOW book scenario; fee/prices event-time,0.5970000000000013,0.0242865,,0.0002112824846820529,,,,,,eligibility snapshot time unpublished,"sell: $25,000 exceeds visible top-of-book ($410) on ticker-only symbol"
rCMCSA-2026-07-01-1,rCMCSA,RCMCSAUSDT,2026-07-01,close_1600,1000,0.33,0.3,0.231,24.585,23.735,20.016666666666666,0.0005,DOCUMENTED promotional 0.05% through 2026-08-31,after_hours,after_hours,2026-09-18T23:05:03.291954+00:00,ticker_only,2026-09-18T23:05:03.291954+00:00,ticker_only,OBSERVED-NOW book scenario; fee/prices event-time,0.8500000000000014,0.02416,,0.004376367614879634,,,,,,eligibility snapshot time unpublished,"sell: $1,000 exceeds visible top-of-book ($410) on ticker-only symbol"
rCMCSA-2026-07-01-1,rCMCSA,RCMCSAUSDT,2026-07-01,close_1600,5000,0.33,0.3,0.231,24.585,23.735,20.016666666666666,0.0005,DOCUMENTED promotional 0.05% through 2026-08-31,after_hours,after_hours,2026-09-18T23:05:03.291954+00:00,ticker_only,2026-09-18T23:05:03.291954+00:00,ticker_only,OBSERVED-NOW book scenario; fee/prices event-time,0.8500000000000014,0.02416,,,,,,,,eligibility snapshot time unpublished,"sell: $5,000 exceeds visible top-of-book ($410) on ticker-only symbol; buy: $5,000 exceeds visible top-of-book ($2,295) on ticker-only symbol"
rCMCSA-2026-07-01-1,rCMCSA,RCMCSAUSDT,2026-07-01,close_1600,25000,0.33,0.3,0.231,24.585,23.735,20.016666666666666,0.0005,DOCUMENTED promotional 0.05% through 2026-08-31,after_hours,after_hours,2026-09-18T23:05:03.291954+00:00,ticker_only,2026-09-18T23:05:03.291954+00:00,ticker_only,OBSERVED-NOW book scenario; fee/prices event-time,0.8500000000000014,0.02416,,,,,,,,eligibility snapshot time unpublished,"sell: $25,000 exceeds visible top-of-book ($410) on ticker-only symbol; buy: $25,000 exceeds visible top-of-book ($2,295) on ticker-only symbol"
rCLOI-2026-08-03-1,rCLOI,RCLOIUSDT,2026-08-03,overnight_2000,1000,0.21529999,0.3,0.150709993,52.9,52.949,59.43333333333333,0.0005,DOCUMENTED promotional 0.05% through 2026-08-31,after_hours,overnight,2026-09-18T23:05:03.291954+00:00,ticker_only,2026-09-19T03:05:03.356996+00:00,ticker_only,OBSERVED-NOW book scenario; fee/prices event-time,-0.04899999999999949,0.0529245,,0.041391178335295715,,,,,,eligibility snapshot time unpublished,"sell: $1,000 exceeds visible top-of-book ($529) on ticker-only symbol"
rCLOI-2026-08-03-1,rCLOI,RCLOIUSDT,2026-08-03,overnight_2000,5000,0.21529999,0.3,0.150709993,52.9,52.949,59.43333333333333,0.0005,DOCUMENTED promotional 0.05% through 2026-08-31,after_hours,overnight,2026-09-18T23:05:03.291954+00:00,ticker_only,2026-09-19T03:05:03.356996+00:00,ticker_only,OBSERVED-NOW book scenario; fee/prices event-time,-0.04899999999999949,0.0529245,,0.041391178335295715,,,,,,eligibility snapshot time unpublished,"sell: $5,000 exceeds visible top-of-book ($529) on ticker-only symbol"
rCLOI-2026-08-03-1,rCLOI,RCLOIUSDT,2026-08-03,overnight_2000,25000,0.21529999,0.3,0.150709993,52.9,52.949,59.43333333333333,0.0005,DOCUMENTED promotional 0.05% through 2026-08-31,after_hours,overnight,2026-09-18T23:05:03.291954+00:00,ticker_only,2026-09-19T03:05:03.356996+00:00,ticker_only,OBSERVED-NOW book scenario; fee/prices event-time,-0.04899999999999949,0.0529245,,,,,,,,eligibility snapshot time unpublished,"sell: $25,000 exceeds visible top-of-book ($529) on ticker-only symbol; buy: $25,000 exceeds visible top-of-book ($5,749) on ticker-only symbol"
rCLOI-2026-08-03-1,rCLOI,RCLOIUSDT,2026-08-03,premarket_0400,1000,0.21529999,0.3,0.150709993,52.9,52.949,59.43333333333333,0.0005,DOCUMENTED promotional 0.05% through 2026-08-31,after_hours,pre_market,2026-09-18T23:05:03.291954+00:00,ticker_only,,,OBSERVED-NOW book scenario; fee/prices event-time,-0.04899999999999949,0.0529245,,,,,,,,eligibility snapshot time unpublished,"sell: $1,000 exceeds visible top-of-book ($529) on ticker-only symbol; buy: no depth sample for this symbol/session"
rCLOI-2026-08-03-1,rCLOI,RCLOIUSDT,2026-08-03,premarket_0400,5000,0.21529999,0.3,0.150709993,52.9,52.949,59.43333333333333,0.0005,DOCUMENTED promotional 0.05% through 2026-08-31,after_hours,pre_market,2026-09-18T23:05:03.291954+00:00,ticker_only,,,OBSERVED-NOW book scenario; fee/prices event-time,-0.04899999999999949,0.0529245,,,,,,,,eligibility snapshot time unpublished,"sell: $5,000 exceeds visible top-of-book ($529) on ticker-only symbol; buy: no depth sample for this symbol/session"
rCLOI-2026-08-03-1,rCLOI,RCLOIUSDT,2026-08-03,premarket_0400,25000,0.21529999,0.3,0.150709993,52.9,52.949,59.43333333333333,0.0005,DOCUMENTED promotional 0.05% through 2026-08-31,after_hours,pre_market,2026-09-18T23:05:03.291954+00:00,ticker_only,,,OBSERVED-NOW book scenario; fee/prices event-time,-0.04899999999999949,0.0529245,,,,,,,,eligibility snapshot time unpublished,"sell: $25,000 exceeds visible top-of-book ($529) on ticker-only symbol; buy: no depth sample for this symbol/session"
rCLOI-2026-08-03-1,rCLOI,RCLOIUSDT,2026-08-03,open_0930,1000,0.21529999,0.3,0.150709993,52.9,52.785,61.93333333333333,0.0005,DOCUMENTED promotional 0.05% through 2026-08-31,after_hours,regular,2026-09-18T23:05:03.291954+00:00,ticker_only,2026-09-16T19:34:15.315933+00:00,ticker_only,OBSERVED-NOW book scenario; fee/prices event-time,0.11500000000000199,0.0528425,,9.449116507611371e-05,,,,,,eligibility snapshot time unpublished,"sell: $1,000 exceeds visible top-of-book ($529) on ticker-only symbol"
rCLOI-2026-08-03-1,rCLOI,RCLOIUSDT,2026-08-03,open_0930,5000,0.21529999,0.3,0.150709993,52.9,52.785,61.93333333333333,0.0005,DOCUMENTED promotional 0.05% through 2026-08-31,after_hours,regular,2026-09-18T23:05:03.291954+00:00,ticker_only,2026-09-16T19:34:15.315933+00:00,ticker_only,OBSERVED-NOW book scenario; fee/prices event-time,0.11500000000000199,0.0528425,,9.449116507611371e-05,,,,,,eligibility snapshot time unpublished,"sell: $5,000 exceeds visible top-of-book ($529) on ticker-only symbol"
rCLOI-2026-08-03-1,rCLOI,RCLOIUSDT,2026-08-03,open_0930,25000,0.21529999,0.3,0.150709993,52.9,52.785,61.93333333333333,0.0005,DOCUMENTED promotional 0.05% through 2026-08-31,after_hours,regular,2026-09-18T23:05:03.291954+00:00,ticker_only,2026-09-16T19:34:15.315933+00:00,ticker_only,OBSERVED-NOW book scenario; fee/prices event-time,0.11500000000000199,0.0528425,,9.449116507611371e-05,,,,,,eligibility snapshot time unpublished,"sell: $25,000 exceeds visible top-of-book ($529) on ticker-only symbol"
rCLOI-2026-08-03-1,rCLOI,RCLOIUSDT,2026-08-03,open_1000,1000,0.21529999,0.3,0.150709993,52.9,52.778,62.43333333333333,0.0005,DOCUMENTED promotional 0.05% through 2026-08-31,after_hours,regular,2026-09-18T23:05:03.291954+00:00,ticker_only,2026-09-16T19:34:15.315933+00:00,ticker_only,OBSERVED-NOW book scenario; fee/prices event-time,0.12199999999999989,0.052839,,9.449116507611371e-05,,,,,,eligibility snapshot time unpublished,"sell: $1,000 exceeds visible top-of-book ($529) on ticker-only symbol"
rCLOI-2026-08-03-1,rCLOI,RCLOIUSDT,2026-08-03,open_1000,5000,0.21529999,0.3,0.150709993,52.9,52.778,62.43333333333333,0.0005,DOCUMENTED promotional 0.05% through 2026-08-31,after_hours,regular,2026-09-18T23:05:03.291954+00:00,ticker_only,2026-09-16T19:34:15.315933+00:00,ticker_only,OBSERVED-NOW book scenario; fee/prices event-time,0.12199999999999989,0.052839,,9.449116507611371e-05,,,,,,eligibility snapshot time unpublished,"sell: $5,000 exceeds visible top-of-book ($529) on ticker-only symbol"
rCLOI-2026-08-03-1,rCLOI,RCLOIUSDT,2026-08-03,open_1000,25000,0.21529999,0.3,0.150709993,52.9,52.778,62.43333333333333,0.0005,DOCUMENTED promotional 0.05% through 2026-08-31,after_hours,regular,2026-09-18T23:05:03.291954+00:00,ticker_only,2026-09-16T19:34:15.315933+00:00,ticker_only,OBSERVED-NOW book scenario; fee/prices event-time,0.12199999999999989,0.052839,,9.449116507611371e-05,,,,,,eligibility snapshot time unpublished,"sell: $25,000 exceeds visible top-of-book ($529) on ticker-only symbol"
rCLOI-2026-08-03-1,rCLOI,RCLOIUSDT,2026-08-03,close_1600,1000,0.21529999,0.3,0.150709993,52.9,52.764,68.43333333333334,0.0005,DOCUMENTED promotional 0.05% through 2026-08-31,after_hours,after_hours,2026-09-18T23:05:03.291954+00:00,ticker_only,2026-09-18T23:05:03.291954+00:00,ticker_only,OBSERVED-NOW book scenario; fee/prices event-time,0.13599999999999568,0.052832000000000004,,0.041391178335295715,,,,,,eligibility snapshot time unpublished,"sell: $1,000 exceeds visible top-of-book ($529) on ticker-only symbol"
rCLOI-2026-08-03-1,rCLOI,RCLOIUSDT,2026-08-03,close_1600,5000,0.21529999,0.3,0.150709993,52.9,52.764,68.43333333333334,0.0005,DOCUMENTED promotional 0.05% through 2026-08-31,after_hours,after_hours,2026-09-18T23:05:03.291954+00:00,ticker_only,2026-09-18T23:05:03.291954+00:00,ticker_only,OBSERVED-NOW book scenario; fee/prices event-time,0.13599999999999568,0.052832000000000004,,0.041391178335295715,,,,,,eligibility snapshot time unpublished,"sell: $5,000 exceeds visible top-of-book ($529) on ticker-only symbol"
rCLOI-2026-08-03-1,rCLOI,RCLOIUSDT,2026-08-03,close_1600,25000,0.21529999,0.3,0.150709993,52.9,52.764,68.43333333333334,0.0005,DOCUMENTED promotional 0.05% through 2026-08-31,after_hours,after_hours,2026-09-18T23:05:03.291954+00:00,ticker_only,2026-09-18T23:05:03.291954+00:00,ticker_only,OBSERVED-NOW book scenario; fee/prices event-time,0.13599999999999568,0.052832000000000004,,,,,,,,eligibility snapshot time unpublished,"sell: $25,000 exceeds visible top-of-book ($529) on ticker-only symbol; buy: $25,000 exceeds visible top-of-book ($5,749) on ticker-only symbol"
rCLOI-2026-09-01-1,rCLOI,RCLOIUSDT,2026-09-01,overnight_2000,1000,0.2247,0.3,0.15729,52.98,52.98,11.516666666666667,0.001,OBSERVED live symbol takerFeeRate,after_hours,overnight,2026-09-18T23:05:03.291954+00:00,ticker_only,2026-09-19T03:05:03.356996+00:00,ticker_only,OBSERVED-NOW book scenario; fee/prices event-time,0.0,0.10596,,0.041391178335295715,,,,,,eligibility snapshot time unpublished,"sell: $1,000 exceeds visible top-of-book ($529) on ticker-only symbol"
rCLOI-2026-09-01-1,rCLOI,RCLOIUSDT,2026-09-01,overnight_2000,5000,0.2247,0.3,0.15729,52.98,52.98,11.516666666666667,0.001,OBSERVED live symbol takerFeeRate,after_hours,overnight,2026-09-18T23:05:03.291954+00:00,ticker_only,2026-09-19T03:05:03.356996+00:00,ticker_only,OBSERVED-NOW book scenario; fee/prices event-time,0.0,0.10596,,0.041391178335295715,,,,,,eligibility snapshot time unpublished,"sell: $5,000 exceeds visible top-of-book ($529) on ticker-only symbol"
rCLOI-2026-09-01-1,rCLOI,RCLOIUSDT,2026-09-01,overnight_2000,25000,0.2247,0.3,0.15729,52.98,52.98,11.516666666666667,0.001,OBSERVED live symbol takerFeeRate,after_hours,overnight,2026-09-18T23:05:03.291954+00:00,ticker_only,2026-09-19T03:05:03.356996+00:00,ticker_only,OBSERVED-NOW book scenario; fee/prices event-time,0.0,0.10596,,,,,,,,eligibility snapshot time unpublished,"sell: $25,000 exceeds visible top-of-book ($529) on ticker-only symbol; buy: $25,000 exceeds visible top-of-book ($5,749) on ticker-only symbol"
rCLOI-2026-09-01-1,rCLOI,RCLOIUSDT,2026-09-01,premarket_0400,1000,0.2247,0.3,0.15729,52.98,52.98,11.516666666666667,0.001,OBSERVED live symbol takerFeeRate,after_hours,pre_market,2026-09-18T23:05:03.291954+00:00,ticker_only,,,OBSERVED-NOW book scenario; fee/prices event-time,0.0,0.10596,,,,,,,,eligibility snapshot time unpublished,"sell: $1,000 exceeds visible top-of-book ($529) on ticker-only symbol; buy: no depth sample for this symbol/session"
rCLOI-2026-09-01-1,rCLOI,RCLOIUSDT,2026-09-01,premarket_0400,5000,0.2247,0.3,0.15729,52.98,52.98,11.516666666666667,0.001,OBSERVED live symbol takerFeeRate,after_hours,pre_market,2026-09-18T23:05:03.291954+00:00,ticker_only,,,OBSERVED-NOW book scenario; fee/prices event-time,0.0,0.10596,,,,,,,,eligibility snapshot time unpublished,"sell: $5,000 exceeds visible top-of-book ($529) on ticker-only symbol; buy: no depth sample for this symbol/session"
rCLOI-2026-09-01-1,rCLOI,RCLOIUSDT,2026-09-01,premarket_0400,25000,0.2247,0.3,0.15729,52.98,52.98,11.516666666666667,0.001,OBSERVED live symbol takerFeeRate,after_hours,pre_market,2026-09-18T23:05:03.291954+00:00,ticker_only,,,OBSERVED-NOW book scenario; fee/prices event-time,0.0,0.10596,,,,,,,,eligibility snapshot time unpublished,"sell: $25,000 exceeds visible top-of-book ($529) on ticker-only symbol; buy: no depth sample for this symbol/session"
rCLOI-2026-09-01-1,rCLOI,RCLOIUSDT,2026-09-01,open_0930,1000,0.2247,0.3,0.15729,52.98,52.789,13.816666666666666,0.001,OBSERVED live symbol takerFeeRate,after_hours,regular,2026-09-18T23:05:03.291954+00:00,ticker_only,2026-09-16T19:34:15.315933+00:00,ticker_only,OBSERVED-NOW book scenario; fee/prices event-time,0.1909999999999954,0.105769,,9.449116507611371e-05,,,,,,eligibility snapshot time unpublished,"sell: $1,000 exceeds visible top-of-book ($529) on ticker-only symbol"
rCLOI-2026-09-01-1,rCLOI,RCLOIUSDT,2026-09-01,open_0930,5000,0.2247,0.3,0.15729,52.98,52.789,13.816666666666666,0.001,OBSERVED live symbol takerFeeRate,after_hours,regular,2026-09-18T23:05:03.291954+00:00,ticker_only,2026-09-16T19:34:15.315933+00:00,ticker_only,OBSERVED-NOW book scenario; fee/prices event-time,0.1909999999999954,0.105769,,9.449116507611371e-05,,,,,,eligibility snapshot time unpublished,"sell: $5,000 exceeds visible top-of-book ($529) on ticker-only symbol"
rCLOI-2026-09-01-1,rCLOI,RCLOIUSDT,2026-09-01,open_0930,25000,0.2247,0.3,0.15729,52.98,52.789,13.816666666666666,0.001,OBSERVED live symbol takerFeeRate,after_hours,regular,2026-09-18T23:05:03.291954+00:00,ticker_only,2026-09-16T19:34:15.315933+00:00,ticker_only,OBSERVED-NOW book scenario; fee/prices event-time,0.1909999999999954,0.105769,,9.449116507611371e-05,,,,,,eligibility snapshot time unpublished,"sell: $25,000 exceeds visible top-of-book ($529) on ticker-only symbol"
rCLOI-2026-09-01-1,rCLOI,RCLOIUSDT,2026-09-01,open_1000,1000,0.2247,0.3,0.15729,52.98,52.779,14.316666666666666,0.001,OBSERVED live symbol takerFeeRate,after_hours,regular,2026-09-18T23:05:03.291954+00:00,ticker_only,2026-09-16T19:34:15.315933+00:00,ticker_only,OBSERVED-NOW book scenario; fee/prices event-time,0.2009999999999934,0.105759,,9.449116507611371e-05,,,,,,eligibility snapshot time unpublished,"sell: $1,000 exceeds visible top-of-book ($529) on ticker-only symbol"
rCLOI-2026-09-01-1,rCLOI,RCLOIUSDT,2026-09-01,open_1000,5000,0.2247,0.3,0.15729,52.98,52.779,14.316666666666666,0.001,OBSERVED live symbol takerFeeRate,after_hours,regular,2026-09-18T23:05:03.291954+00:00,ticker_only,2026-09-16T19:34:15.315933+00:00,ticker_only,OBSERVED-NOW book scenario; fee/prices event-time,0.2009999999999934,0.105759,,9.449116507611371e-05,,,,,,eligibility snapshot time unpublished,"sell: $5,000 exceeds visible top-of-book ($529) on ticker-only symbol"
rCLOI-2026-09-01-1,rCLOI,RCLOIUSDT,2026-09-01,open_1000,25000,0.2247,0.3,0.15729,52.98,52.779,14.316666666666666,0.001,OBSERVED live symbol takerFeeRate,after_hours,regular,2026-09-18T23:05:03.291954+00:00,ticker_only,2026-09-16T19:34:15.315933+00:00,ticker_only,OBSERVED-NOW book scenario; fee/prices event-time,0.2009999999999934,0.105759,,9.449116507611371e-05,,,,,,eligibility snapshot time unpublished,"sell: $25,000 exceeds visible top-of-book ($529) on ticker-only symbol"
rCLOI-2026-09-01-1,rCLOI,RCLOIUSDT,2026-09-01,close_1600,1000,0.2247,0.3,0.15729,52.98,52.79,20.316666666666666,0.001,OBSERVED live symbol takerFeeRate,after_hours,after_hours,2026-09-18T23:05:03.291954+00:00,ticker_only,2026-09-18T23:05:03.291954+00:00,ticker_only,OBSERVED-NOW book scenario; fee/prices event-time,0.18999999999999773,0.10577,,0.041391178335295715,,,,,,eligibility snapshot time unpublished,"sell: $1,000 exceeds visible top-of-book ($529) on ticker-only symbol"
rCLOI-2026-09-01-1,rCLOI,RCLOIUSDT,2026-09-01,close_1600,5000,0.2247,0.3,0.15729,52.98,52.79,20.316666666666666,0.001,OBSERVED live symbol takerFeeRate,after_hours,after_hours,2026-09-18T23:05:03.291954+00:00,ticker_only,2026-09-18T23:05:03.291954+00:00,ticker_only,OBSERVED-NOW book scenario; fee/prices event-time,0.18999999999999773,0.10577,,0.041391178335295715,,,,,,eligibility snapshot time unpublished,"sell: $5,000 exceeds visible top-of-book ($529) on ticker-only symbol"
rCLOI-2026-09-01-1,rCLOI,RCLOIUSDT,2026-09-01,close_1600,25000,0.2247,0.3,0.15729,52.98,52.79,20.316666666666666,0.001,OBSERVED live symbol takerFeeRate,after_hours,after_hours,2026-09-18T23:05:03.291954+00:00,ticker_only,2026-09-18T23:05:03.291954+00:00,ticker_only,OBSERVED-NOW book scenario; fee/prices event-time,0.18999999999999773,0.10577,,,,,,,,eligibility snapshot time unpublished,"sell: $25,000 exceeds visible top-of-book ($529) on ticker-only symbol; buy: $25,000 exceeds visible top-of-book ($5,749) on ticker-only symbol"
rCOPX-2026-06-29-1,rCOPX,RCOPXUSDT,2026-06-29,overnight_2000,1000,0.257976,0.3,0.1805832,76.525,76.29,48.03333333333333,0.0005,DOCUMENTED promotional 0.05% through 2026-08-31,after_hours,overnight,2026-09-18T23:05:03.291954+00:00,ticker_only,2026-09-19T03:05:03.356996+00:00,ticker_only,OBSERVED-NOW book scenario; fee/prices event-time,0.23499999999999943,0.0764075,,0.007392973809387392,,,,,,eligibility snapshot time unpublished,"sell: $1,000 exceeds visible top-of-book ($862) on ticker-only symbol"
rCOPX-2026-06-29-1,rCOPX,RCOPXUSDT,2026-06-29,overnight_2000,5000,0.257976,0.3,0.1805832,76.525,76.29,48.03333333333333,0.0005,DOCUMENTED promotional 0.05% through 2026-08-31,after_hours,overnight,2026-09-18T23:05:03.291954+00:00,ticker_only,2026-09-19T03:05:03.356996+00:00,ticker_only,OBSERVED-NOW book scenario; fee/prices event-time,0.23499999999999943,0.0764075,,0.007392973809387392,,,,,,eligibility snapshot time unpublished,"sell: $5,000 exceeds visible top-of-book ($862) on ticker-only symbol"
rCOPX-2026-06-29-1,rCOPX,RCOPXUSDT,2026-06-29,overnight_2000,25000,0.257976,0.3,0.1805832,76.525,76.29,48.03333333333333,0.0005,DOCUMENTED promotional 0.05% through 2026-08-31,after_hours,overnight,2026-09-18T23:05:03.291954+00:00,ticker_only,2026-09-19T03:05:03.356996+00:00,ticker_only,OBSERVED-NOW book scenario; fee/prices event-time,0.23499999999999943,0.0764075,,0.007392973809387392,,,,,,eligibility snapshot time unpublished,"sell: $25,000 exceeds visible top-of-book ($862) on ticker-only symbol"
rCOPX-2026-06-29-1,rCOPX,RCOPXUSDT,2026-06-29,premarket_0400,1000,0.257976,0.3,0.1805832,76.525,76.449,56.03333333333333,0.0005,DOCUMENTED promotional 0.05% through 2026-08-31,after_hours,pre_market,2026-09-18T23:05:03.291954+00:00,ticker_only,,,OBSERVED-NOW book scenario; fee/prices event-time,0.07600000000000762,0.076487,,,,,,,,eligibility snapshot time unpublished,"sell: $1,000 exceeds visible top-of-book ($862) on ticker-only symbol; buy: no depth sample for this symbol/session"
rCOPX-2026-06-29-1,rCOPX,RCOPXUSDT,2026-06-29,premarket_0400,5000,0.257976,0.3,0.1805832,76.525,76.449,56.03333333333333,0.0005,DOCUMENTED promotional 0.05% through 2026-08-31,after_hours,pre_market,2026-09-18T23:05:03.291954+00:00,ticker_only,,,OBSERVED-NOW book scenario; fee/prices event-time,0.07600000000000762,0.076487,,,,,,,,eligibility snapshot time unpublished,"sell: $5,000 exceeds visible top-of-book ($862) on ticker-only symbol; buy: no depth sample for this symbol/session"
rCOPX-2026-06-29-1,rCOPX,RCOPXUSDT,2026-06-29,premarket_0400,25000,0.257976,0.3,0.1805832,76.525,76.449,56.03333333333333,0.0005,DOCUMENTED promotional 0.05% through 2026-08-31,after_hours,pre_market,2026-09-18T23:05:03.291954+00:00,ticker_only,,,OBSERVED-NOW book scenario; fee/prices event-time,0.07600000000000762,0.076487,,,,,,,,eligibility snapshot time unpublished,"sell: $25,000 exceeds visible top-of-book ($862) on ticker-only symbol; buy: no depth sample for this symbol/session"
rCOPX-2026-06-29-1,rCOPX,RCOPXUSDT,2026-06-29,open_0930,1000,0.257976,0.3,0.1805832,76.525,75.94,61.53333333333333,0.0005,DOCUMENTED promotional 0.05% through 2026-08-31,after_hours,regular,2026-09-18T23:05:03.291954+00:00,ticker_only,2026-09-16T19:34:15.315933+00:00,ticker_only,OBSERVED-NOW book scenario; fee/prices event-time,0.585000000000008,0.07623250000000001,,0.0006564420839052301,,,,,,eligibility snapshot time unpublished,"sell: $1,000 exceeds visible top-of-book ($862) on ticker-only symbol"
rCOPX-2026-06-29-1,rCOPX,RCOPXUSDT,2026-06-29,open_0930,5000,0.257976,0.3,0.1805832,76.525,75.94,61.53333333333333,0.0005,DOCUMENTED promotional 0.05% through 2026-08-31,after_hours,regular,2026-09-18T23:05:03.291954+00:00,ticker_only,2026-09-16T19:34:15.315933+00:00,ticker_only,OBSERVED-NOW book scenario; fee/prices event-time,0.585000000000008,0.07623250000000001,,0.0006564420839052301,,,,,,eligibility snapshot time unpublished,"sell: $5,000 exceeds visible top-of-book ($862) on ticker-only symbol"
rCOPX-2026-06-29-1,rCOPX,RCOPXUSDT,2026-06-29,open_0930,25000,0.257976,0.3,0.1805832,76.525,75.94,61.53333333333333,0.0005,DOCUMENTED promotional 0.05% through 2026-08-31,after_hours,regular,2026-09-18T23:05:03.291954+00:00,ticker_only,2026-09-16T19:34:15.315933+00:00,ticker_only,OBSERVED-NOW book scenario; fee/prices event-time,0.585000000000008,0.07623250000000001,,,,,,,,eligibility snapshot time unpublished,"sell: $25,000 exceeds visible top-of-book ($862) on ticker-only symbol; buy: $25,000 exceeds visible top-of-book ($10,061) on ticker-only symbol"
rCOPX-2026-06-29-1,rCOPX,RCOPXUSDT,2026-06-29,open_1000,1000,0.257976,0.3,0.1805832,76.525,75.234,62.03333333333333,0.0005,DOCUMENTED promotional 0.05% through 2026-08-31,after_hours,regular,2026-09-18T23:05:03.291954+00:00,ticker_only,2026-09-16T19:34:15.315933+00:00,ticker_only,OBSERVED-NOW book scenario; fee/prices event-time,1.291000000000011,0.0758795,,0.0006564420839052301,,,,,,eligibility snapshot time unpublished,"sell: $1,000 exceeds visible top-of-book ($862) on ticker-only symbol"
rCOPX-2026-06-29-1,rCOPX,RCOPXUSDT,2026-06-29,open_1000,5000,0.257976,0.3,0.1805832,76.525,75.234,62.03333333333333,0.0005,DOCUMENTED promotional 0.05% through 2026-08-31,after_hours,regular,2026-09-18T23:05:03.291954+00:00,ticker_only,2026-09-16T19:34:15.315933+00:00,ticker_only,OBSERVED-NOW book scenario; fee/prices event-time,1.291000000000011,0.0758795,,0.0006564420839052301,,,,,,eligibility snapshot time unpublished,"sell: $5,000 exceeds visible top-of-book ($862) on ticker-only symbol"
rCOPX-2026-06-29-1,rCOPX,RCOPXUSDT,2026-06-29,open_1000,25000,0.257976,0.3,0.1805832,76.525,75.234,62.03333333333333,0.0005,DOCUMENTED promotional 0.05% through 2026-08-31,after_hours,regular,2026-09-18T23:05:03.291954+00:00,ticker_only,2026-09-16T19:34:15.315933+00:00,ticker_only,OBSERVED-NOW book scenario; fee/prices event-time,1.291000000000011,0.0758795,,,,,,,,eligibility snapshot time unpublished,"sell: $25,000 exceeds visible top-of-book ($862) on ticker-only symbol; buy: $25,000 exceeds visible top-of-book ($10,061) on ticker-only symbol"
rCOPX-2026-06-29-1,rCOPX,RCOPXUSDT,2026-06-29,close_1600,1000,0.257976,0.3,0.1805832,76.525,75.745,68.03333333333333,0.0005,DOCUMENTED promotional 0.05% through 2026-08-31,after_hours,after_hours,2026-09-18T23:05:03.291954+00:00,ticker_only,2026-09-18T23:05:03.291954+00:00,ticker_only,OBSERVED-NOW book scenario; fee/prices event-time,0.7800000000000011,0.07613500000000001,,0.00953365495060876,,,,,,eligibility snapshot time unpublished,"sell: $1,000 exceeds visible top-of-book ($862) on ticker-only symbol"
rCOPX-2026-06-29-1,rCOPX,RCOPXUSDT,2026-06-29,close_1600,5000,0.257976,0.3,0.1805832,76.525,75.745,68.03333333333333,0.0005,DOCUMENTED promotional 0.05% through 2026-08-31,after_hours,after_hours,2026-09-18T23:05:03.291954+00:00,ticker_only,2026-09-18T23:05:03.291954+00:00,ticker_only,OBSERVED-NOW book scenario; fee/prices event-time,0.7800000000000011,0.07613500000000001,,0.00953365495060876,,,,,,eligibility snapshot time unpublished,"sell: $5,000 exceeds visible top-of-book ($862) on ticker-only symbol"
rCOPX-2026-06-29-1,rCOPX,RCOPXUSDT,2026-06-29,close_1600,25000,0.257976,0.3,0.1805832,76.525,75.745,68.03333333333333,0.0005,DOCUMENTED promotional 0.05% through 2026-08-31,after_hours,after_hours,2026-09-18T23:05:03.291954+00:00,ticker_only,2026-09-18T23:05:03.291954+00:00,ticker_only,OBSERVED-NOW book scenario; fee/prices event-time,0.7800000000000011,0.07613500000000001,,0.00953365495060876,,,,,,eligibility snapshot time unpublished,"sell: $25,000 exceeds visible top-of-book ($862) on ticker-only symbol"
rCRM-2026-06-11-1,rCRM,RCRMUSDT,2026-06-11,overnight_2000,1000,0.44,0.3,0.308,170.125,171.02,0.016666666666666666,0.0005,DOCUMENTED promotional 0.05% through 2026-08-31,after_hours,overnight,2026-09-18T23:05:03.291954+00:00,ticker_only,2026-09-19T03:05:03.356996+00:00,ticker_only,OBSERVED-NOW book scenario; fee/prices event-time,-0.8950000000000102,0.1705725,0.00010497805958551083,0.0007959115281501245,0.15397618193121934,0.32454868193121933,-1.5275486819312296,1.4376106407527713,0.878451318068791,eligibility snapshot time unpublished,
rCRM-2026-06-11-1,rCRM,RCRMUSDT,2026-06-11,overnight_2000,5000,0.44,0.3,0.308,170.125,171.02,0.016666666666666666,0.0005,DOCUMENTED promotional 0.05% through 2026-08-31,after_hours,overnight,2026-09-18T23:05:03.291954+00:00,ticker_only,2026-09-19T03:05:03.356996+00:00,ticker_only,OBSERVED-NOW book scenario; fee/prices event-time,-0.8950000000000102,0.1705725,0.00010497805958551083,0.0007959115281501245,0.15397618193121934,0.32454868193121933,-1.5275486819312296,1.4376106407527713,0.878451318068791,eligibility snapshot time unpublished,
rCRM-2026-06-11-1,rCRM,RCRMUSDT,2026-06-11,overnight_2000,25000,0.44,0.3,0.308,170.125,171.02,0.016666666666666666,0.0005,DOCUMENTED promotional 0.05% through 2026-08-31,after_hours,overnight,2026-09-18T23:05:03.291954+00:00,ticker_only,2026-09-19T03:05:03.356996+00:00,ticker_only,OBSERVED-NOW book scenario; fee/prices event-time,-0.8950000000000102,0.1705725,0.00010497805958551083,0.0007959115281501245,0.15397618193121934,0.32454868193121933,-1.5275486819312296,1.4376106407527713,,eligibility snapshot time unpublished,
rCRM-2026-06-11-1,rCRM,RCRMUSDT,2026-06-11,premarket_0400,1000,0.44,0.3,0.308,170.125,170.154,8.016666666666667,0.0005,DOCUMENTED promotional 0.05% through 2026-08-31,after_hours,pre_market,2026-09-18T23:05:03.291954+00:00,ticker_only,,,OBSERVED-NOW book scenario; fee/prices event-time,-0.028999999999996362,0.1701395,0.00010497805958551083,,,,,,,eligibility snapshot time unpublished,buy: no depth sample for this symbol/session
rCRM-2026-06-11-1,rCRM,RCRMUSDT,2026-06-11,premarket_0400,5000,0.44,0.3,0.308,170.125,170.154,8.016666666666667,0.0005,DOCUMENTED promotional 0.05% through 2026-08-31,after_hours,pre_market,2026-09-18T23:05:03.291954+00:00,ticker_only,,,OBSERVED-NOW book scenario; fee/prices event-time,-0.028999999999996362,0.1701395,0.00010497805958551083,,,,,,,eligibility snapshot time unpublished,buy: no depth sample for this symbol/session
rCRM-2026-06-11-1,rCRM,RCRMUSDT,2026-06-11,premarket_0400,25000,0.44,0.3,0.308,170.125,170.154,8.016666666666667,0.0005,DOCUMENTED promotional 0.05% through 2026-08-31,after_hours,pre_market,2026-09-18T23:05:03.291954+00:00,ticker_only,,,OBSERVED-NOW book scenario; fee/prices event-time,-0.028999999999996362,0.1701395,0.00010497805958551083,,,,,,,eligibility snapshot time unpublished,buy: no depth sample for this symbol/session
rCRM-2026-06-11-1,rCRM,RCRMUSDT,2026-06-11,open_0930,1000,0.44,0.3,0.308,170.125,167.835,13.516666666666667,0.0005,DOCUMENTED promotional 0.05% through 2026-08-31,after_hours,regular,2026-09-18T23:05:03.291954+00:00,ticker_only,2026-09-16T19:34:15.315933+00:00,ticker_only,OBSERVED-NOW book scenario; fee/prices event-time,2.289999999999992,0.16898000000000002,0.00010497805958551083,0.0002799216219458279,0.06484003780626305,0.23382003780626306,1.7481799621937288,1.231409176832416,-2.2158200378062554,eligibility snapshot time unpublished,
rCRM-2026-06-11-1,rCRM,RCRMUSDT,2026-06-11,open_0930,5000,0.44,0.3,0.308,170.125,167.835,13.516666666666667,0.0005,DOCUMENTED promotional 0.05% through 2026-08-31,after_hours,regular,2026-09-18T23:05:03.291954+00:00,ticker_only,2026-09-16T19:34:15.315933+00:00,ticker_only,OBSERVED-NOW book scenario; fee/prices event-time,2.289999999999992,0.16898000000000002,0.00010497805958551083,0.0002799216219458279,0.06484003780626305,0.23382003780626306,1.7481799621937288,1.231409176832416,-2.2158200378062554,eligibility snapshot time unpublished,
rCRM-2026-06-11-1,rCRM,RCRMUSDT,2026-06-11,open_0930,25000,0.44,0.3,0.308,170.125,167.835,13.516666666666667,0.0005,DOCUMENTED promotional 0.05% through 2026-08-31,after_hours,regular,2026-09-18T23:05:03.291954+00:00,ticker_only,2026-09-16T19:34:15.315933+00:00,ticker_only,OBSERVED-NOW book scenario; fee/prices event-time,2.289999999999992,0.16898000000000002,0.00010497805958551083,,,,,,,eligibility snapshot time unpublished,"buy: $25,000 exceeds visible top-of-book ($17,760) on ticker-only symbol"
rCRM-2026-06-11-1,rCRM,RCRMUSDT,2026-06-11,open_1000,1000,0.44,0.3,0.308,170.125,168.31,14.016666666666667,0.0005,DOCUMENTED promotional 0.05% through 2026-08-31,after_hours,regular,2026-09-18T23:05:03.291954+00:00,ticker_only,2026-09-16T19:34:15.315933+00:00,ticker_only,OBSERVED-NOW book scenario; fee/prices event-time,1.8149999999999977,0.1692175,0.00010497805958551083,0.0002799216219458279,0.06497300057668731,0.2341905005766873,1.2728094994233103,1.2322511376742893,-1.741190500576685,eligibility snapshot time unpublished,
rCRM-2026-06-11-1,rCRM,RCRMUSDT,2026-06-11,open_1000,5000,0.44,0.3,0.308,170.125,168.31,14.016666666666667,0.0005,DOCUMENTED promotional 0.05% through 2026-08-31,after_hours,regular,2026-09-18T23:05:03.291954+00:00,ticker_only,2026-09-16T19:34:15.315933+00:00,ticker_only,OBSERVED-NOW book scenario; fee/prices event-time,1.8149999999999977,0.1692175,0.00010497805958551083,0.0002799216219458279,0.06497300057668731,0.2341905005766873,1.2728094994233103,1.2322511376742893,-1.741190500576685,eligibility snapshot time unpublished,
rCRM-2026-06-11-1,rCRM,RCRMUSDT,2026-06-11,open_1000,25000,0.44,0.3,0.308,170.125,168.31,14.016666666666667,0.0005,DOCUMENTED promotional 0.05% through 2026-08-31,after_hours,regular,2026-09-18T23:05:03.291954+00:00,ticker_only,2026-09-16T19:34:15.315933+00:00,ticker_only,OBSERVED-NOW book scenario; fee/prices event-time,1.8149999999999977,0.1692175,0.00010497805958551083,,,,,,,eligibility snapshot time unpublished,"buy: $25,000 exceeds visible top-of-book ($17,760) on ticker-only symbol"
rCRM-2026-06-11-1,rCRM,RCRMUSDT,2026-06-11,close_1600,1000,0.44,0.3,0.308,170.125,166.5,20.016666666666666,0.0005,DOCUMENTED promotional 0.05% through 2026-08-31,after_hours,after_hours,2026-09-18T23:05:03.291954+00:00,ticker_only,2026-09-18T23:05:03.291954+00:00,ticker_only,OBSERVED-NOW book scenario; fee/prices event-time,3.625,0.1683125,0.00010497805958551083,0.00010497805958551083,0.035338239307972585,0.2036507393079726,3.1133492606920274,1.1628425893363012,-3.5206507393079725,eligibility snapshot time unpublished,
rCRM-2026-06-11-1,rCRM,RCRMUSDT,2026-06-11,close_1600,5000,0.44,0.3,0.308,170.125,166.5,20.016666666666666,0.0005,DOCUMENTED promotional 0.05% through 2026-08-31,after_hours,after_hours,2026-09-18T23:05:03.291954+00:00,ticker_only,2026-09-18T23:05:03.291954+00:00,ticker_only,OBSERVED-NOW book scenario; fee/prices event-time,3.625,0.1683125,0.00010497805958551083,0.00010497805958551083,0.035338239307972585,0.2036507393079726,3.1133492606920274,1.1628425893363012,-3.5206507393079725,eligibility snapshot time unpublished,
rCRM-2026-06-11-1,rCRM,RCRMUSDT,2026-06-11,close_1600,25000,0.44,0.3,0.308,170.125,166.5,20.016666666666666,0.0005,DOCUMENTED promotional 0.05% through 2026-08-31,after_hours,after_hours,2026-09-18T23:05:03.291954+00:00,ticker_only,2026-09-18T23:05:03.291954+00:00,ticker_only,OBSERVED-NOW book scenario; fee/prices event-time,3.625,0.1683125,0.00010497805958551083,,,,,,,eligibility snapshot time unpublished,"buy: $25,000 exceeds visible top-of-book ($23,817) on ticker-only symbol"
rCRCA-2026-06-24-1,rCRCA,RCRCAUSDT,2026-06-24,overnight_2000,1000,0.181138,0.3,0.1267966,20.24,20.36,0.03333333333333333,0.0005,DOCUMENTED promotional 0.05% through 2026-08-31,after_hours,overnight,2026-09-18T23:05:03.291954+00:00,ticker_only,2026-09-19T03:05:03.356996+00:00,ticker_only,OBSERVED-NOW book scenario; fee/prices event-time,-0.120000000000001,0.0203,,0.009307604994324635,,,,,,eligibility snapshot time unpublished,"sell: $1,000 exceeds visible top-of-book ($22) on ticker-only symbol"
rCRCA-2026-06-24-1,rCRCA,RCRCAUSDT,2026-06-24,overnight_2000,5000,0.181138,0.3,0.1267966,20.24,20.36,0.03333333333333333,0.0005,DOCUMENTED promotional 0.05% through 2026-08-31,after_hours,overnight,2026-09-18T23:05:03.291954+00:00,ticker_only,2026-09-19T03:05:03.356996+00:00,ticker_only,OBSERVED-NOW book scenario; fee/prices event-time,-0.120000000000001,0.0203,,,,,,,,eligibility snapshot time unpublished,"sell: $5,000 exceeds visible top-of-book ($22) on ticker-only symbol; buy: $5,000 exceeds visible top-of-book ($2,223) on ticker-only symbol"
rCRCA-2026-06-24-1,rCRCA,RCRCAUSDT,2026-06-24,overnight_2000,25000,0.181138,0.3,0.1267966,20.24,20.36,0.03333333333333333,0.0005,DOCUMENTED promotional 0.05% through 2026-08-31,after_hours,overnight,2026-09-18T23:05:03.291954+00:00,ticker_only,2026-09-19T03:05:03.356996+00:00,ticker_only,OBSERVED-NOW book scenario; fee/prices event-time,-0.120000000000001,0.0203,,,,,,,,eligibility snapshot time unpublished,"sell: $25,000 exceeds visible top-of-book ($22) on ticker-only symbol; buy: $25,000 exceeds visible top-of-book ($2,223) on ticker-only symbol"
rCRCA-2026-06-24-1,rCRCA,RCRCAUSDT,2026-06-24,premarket_0400,1000,0.181138,0.3,0.1267966,20.24,20.035,8.016666666666667,0.0005,DOCUMENTED promotional 0.05% through 2026-08-31,after_hours,pre_market,2026-09-18T23:05:03.291954+00:00,ticker_only,,,OBSERVED-NOW book scenario; fee/prices event-time,0.2049999999999983,0.0201375,,,,,,,,eligibility snapshot time unpublished,"sell: $1,000 exceeds visible top-of-book ($22) on ticker-only symbol; buy: no depth sample for this symbol/session"
rCRCA-2026-06-24-1,rCRCA,RCRCAUSDT,2026-06-24,premarket_0400,5000,0.181138,0.3,0.1267966,20.24,20.035,8.016666666666667,0.0005,DOCUMENTED promotional 0.05% through 2026-08-31,after_hours,pre_market,2026-09-18T23:05:03.291954+00:00,ticker_only,,,OBSERVED-NOW book scenario; fee/prices event-time,0.2049999999999983,0.0201375,,,,,,,,eligibility snapshot time unpublished,"sell: $5,000 exceeds visible top-of-book ($22) on ticker-only symbol; buy: no depth sample for this symbol/session"
rCRCA-2026-06-24-1,rCRCA,RCRCAUSDT,2026-06-24,premarket_0400,25000,0.181138,0.3,0.1267966,20.24,20.035,8.016666666666667,0.0005,DOCUMENTED promotional 0.05% through 2026-08-31,after_hours,pre_market,2026-09-18T23:05:03.291954+00:00,ticker_only,,,OBSERVED-NOW book scenario; fee/prices event-time,0.2049999999999983,0.0201375,,,,,,,,eligibility snapshot time unpublished,"sell: $25,000 exceeds visible top-of-book ($22) on ticker-only symbol; buy: no depth sample for this symbol/session"
rCRCA-2026-06-24-1,rCRCA,RCRCAUSDT,2026-06-24,open_0930,1000,0.181138,0.3,0.1267966,20.24,19.065,13.516666666666667,0.0005,DOCUMENTED promotional 0.05% through 2026-08-31,after_hours,regular,2026-09-18T23:05:03.291954+00:00,ticker_only,2026-09-16T19:34:15.315933+00:00,ticker_only,OBSERVED-NOW book scenario; fee/prices event-time,1.1749999999999972,0.0196525,,0.0015028554253081069,,,,,,eligibility snapshot time unpublished,"sell: $1,000 exceeds visible top-of-book ($22) on ticker-only symbol"
rCRCA-2026-06-24-1,rCRCA,RCRCAUSDT,2026-06-24,open_0930,5000,0.181138,0.3,0.1267966,20.24,19.065,13.516666666666667,0.0005,DOCUMENTED promotional 0.05% through 2026-08-31,after_hours,regular,2026-09-18T23:05:03.291954+00:00,ticker_only,2026-09-16T19:34:15.315933+00:00,ticker_only,OBSERVED-NOW book scenario; fee/prices event-time,1.1749999999999972,0.0196525,,0.0015028554253081069,,,,,,eligibility snapshot time unpublished,"sell: $5,000 exceeds visible top-of-book ($22) on ticker-only symbol"
rCRCA-2026-06-24-1,rCRCA,RCRCAUSDT,2026-06-24,open_0930,25000,0.181138,0.3,0.1267966,20.24,19.065,13.516666666666667,0.0005,DOCUMENTED promotional 0.05% through 2026-08-31,after_hours,regular,2026-09-18T23:05:03.291954+00:00,ticker_only,2026-09-16T19:34:15.315933+00:00,ticker_only,OBSERVED-NOW book scenario; fee/prices event-time,1.1749999999999972,0.0196525,,,,,,,,eligibility snapshot time unpublished,"sell: $25,000 exceeds visible top-of-book ($22) on ticker-only symbol; buy: $25,000 exceeds visible top-of-book ($6,997) on ticker-only symbol"
rCRCA-2026-06-24-1,rCRCA,RCRCAUSDT,2026-06-24,open_1000,1000,0.181138,0.3,0.1267966,20.24,18.293,14.016666666666667,0.0005,DOCUMENTED promotional 0.05% through 2026-08-31,after_hours,regular,2026-09-18T23:05:03.291954+00:00,ticker_only,2026-09-16T19:34:15.315933+00:00,ticker_only,OBSERVED-NOW book scenario; fee/prices event-time,1.9469999999999992,0.019266500000000002,,0.0015028554253081069,,,,,,eligibility snapshot time unpublished,"sell: $1,000 exceeds visible top-of-book ($22) on ticker-only symbol"
rCRCA-2026-06-24-1,rCRCA,RCRCAUSDT,2026-06-24,open_1000,5000,0.181138,0.3,0.1267966,20.24,18.293,14.016666666666667,0.0005,DOCUMENTED promotional 0.05% through 2026-08-31,after_hours,regular,2026-09-18T23:05:03.291954+00:00,ticker_only,2026-09-16T19:34:15.315933+00:00,ticker_only,OBSERVED-NOW book scenario; fee/prices event-time,1.9469999999999992,0.019266500000000002,,0.0015028554253081069,,,,,,eligibility snapshot time unpublished,"sell: $5,000 exceeds visible top-of-book ($22) on ticker-only symbol"
rCRCA-2026-06-24-1,rCRCA,RCRCAUSDT,2026-06-24,open_1000,25000,0.181138,0.3,0.1267966,20.24,18.293,14.016666666666667,0.0005,DOCUMENTED promotional 0.05% through 2026-08-31,after_hours,regular,2026-09-18T23:05:03.291954+00:00,ticker_only,2026-09-16T19:34:15.315933+00:00,ticker_only,OBSERVED-NOW book scenario; fee/prices event-time,1.9469999999999992,0.019266500000000002,,,,,,,,eligibility snapshot time unpublished,"sell: $25,000 exceeds visible top-of-book ($22) on ticker-only symbol; buy: $25,000 exceeds visible top-of-book ($6,997) on ticker-only symbol"
rCRCA-2026-06-24-1,rCRCA,RCRCAUSDT,2026-06-24,close_1600,1000,0.181138,0.3,0.1267966,20.24,17.339,20.016666666666666,0.0005,DOCUMENTED promotional 0.05% through 2026-08-31,after_hours,after_hours,2026-09-18T23:05:03.291954+00:00,ticker_only,2026-09-18T23:05:03.291954+00:00,ticker_only,OBSERVED-NOW book scenario; fee/prices event-time,2.901,0.018789499999999997,,,,,,,,eligibility snapshot time unpublished,"sell: $1,000 exceeds visible top-of-book ($22) on ticker-only symbol; buy: $1,000 exceeds visible top-of-book ($22) on ticker-only symbol"
rCRCA-2026-06-24-1,rCRCA,RCRCAUSDT,2026-06-24,close_1600,5000,0.181138,0.3,0.1267966,20.24,17.339,20.016666666666666,0.0005,DOCUMENTED promotional 0.05% through 2026-08-31,after_hours,after_hours,2026-09-18T23:05:03.291954+00:00,ticker_only,2026-09-18T23:05:03.291954+00:00,ticker_only,OBSERVED-NOW book scenario; fee/prices event-time,2.901,0.018789499999999997,,,,,,,,eligibility snapshot time unpublished,"sell: $5,000 exceeds visible top-of-book ($22) on ticker-only symbol; buy: $5,000 exceeds visible top-of-book ($22) on ticker-only symbol"
rCRCA-2026-06-24-1,rCRCA,RCRCAUSDT,2026-06-24,close_1600,25000,0.181138,0.3,0.1267966,20.24,17.339,20.016666666666666,0.0005,DOCUMENTED promotional 0.05% through 2026-08-31,after_hours,after_hours,2026-09-18T23:05:03.291954+00:00,ticker_only,2026-09-18T23:05:03.291954+00:00,ticker_only,OBSERVED-NOW book scenario; fee/prices event-time,2.901,0.018789499999999997,,,,,,,,eligibility snapshot time unpublished,"sell: $25,000 exceeds visible top-of-book ($22) on ticker-only symbol; buy: $25,000 exceeds visible top-of-book ($22) on ticker-only symbol"
rCSCO-2026-07-06-1,rCSCO,RCSCOUSDT,2026-07-06,overnight_2000,1000,0.42,0.3,0.294,112.465,113.59,72.01666666666667,0.0005,DOCUMENTED promotional 0.05% through 2026-08-31,after_hours,overnight,2026-09-18T23:05:03.291954+00:00,public_book,2026-09-19T03:05:03.356996+00:00,public_book,OBSERVED-NOW book scenario; fee/prices event-time,-1.125,0.1130275,0.0006752045162881082,0.000904801326839344,0.1787132586400232,0.2917407586400232,-1.7107407586400232,1.394620853904817,1.0998538273605056,eligibility snapshot time unpublished,
rCSCO-2026-07-06-1,rCSCO,RCSCOUSDT,2026-07-06,overnight_2000,5000,0.42,0.3,0.294,112.465,113.59,72.01666666666667,0.0005,DOCUMENTED promotional 0.05% through 2026-08-31,after_hours,overnight,2026-09-18T23:05:03.291954+00:00,public_book,2026-09-19T03:05:03.356996+00:00,public_book,OBSERVED-NOW book scenario; fee/prices event-time,-1.125,0.1130275,0.0016077495285123924,0.002433717143861536,0.4572614810953781,0.5702889810953782,-1.9892889810953782,2.057830907369948,0.8663554318158541,eligibility snapshot time unpublished,
rCSCO-2026-07-06-1,rCSCO,RCSCOUSDT,2026-07-06,overnight_2000,25000,0.42,0.3,0.294,112.465,113.59,72.01666666666667,0.0005,DOCUMENTED promotional 0.05% through 2026-08-31,after_hours,overnight,2026-09-18T23:05:03.291954+00:00,public_book,2026-09-19T03:05:03.356996+00:00,public_book,OBSERVED-NOW book scenario; fee/prices event-time,-1.125,0.1130275,0.0038553221338935018,0.004760805681705671,0.9743687211732799,1.08739622117328,-2.50639622117328,3.289038621841143,0.35311059604110295,eligibility snapshot time unpublished,
rCSCO-2026-07-06-1,rCSCO,RCSCOUSDT,2026-07-06,premarket_0400,1000,0.42,0.3,0.294,112.465,112.47,80.01666666666667,0.0005,DOCUMENTED promotional 0.05% through 2026-08-31,after_hours,pre_market,2026-09-18T23:05:03.291954+00:00,public_book,,,OBSERVED-NOW book scenario; fee/prices event-time,-0.0049999999999954525,0.1124675,0.0006752045162881082,,,,,,,eligibility snapshot time unpublished,buy: no depth sample for this symbol/session
rCSCO-2026-07-06-1,rCSCO,RCSCOUSDT,2026-07-06,premarket_0400,5000,0.42,0.3,0.294,112.465,112.47,80.01666666666667,0.0005,DOCUMENTED promotional 0.05% through 2026-08-31,after_hours,pre_market,2026-09-18T23:05:03.291954+00:00,public_book,,,OBSERVED-NOW book scenario; fee/prices event-time,-0.0049999999999954525,0.1124675,0.0016077495285123924,,,,,,,eligibility snapshot time unpublished,buy: no depth sample for this symbol/session
rCSCO-2026-07-06-1,rCSCO,RCSCOUSDT,2026-07-06,premarket_0400,25000,0.42,0.3,0.294,112.465,112.47,80.01666666666667,0.0005,DOCUMENTED promotional 0.05% through 2026-08-31,after_hours,pre_market,2026-09-18T23:05:03.291954+00:00,public_book,,,OBSERVED-NOW book scenario; fee/prices event-time,-0.0049999999999954525,0.1124675,0.0038553221338935018,,,,,,,eligibility snapshot time unpublished,buy: no depth sample for this symbol/session
rCSCO-2026-07-06-1,rCSCO,RCSCOUSDT,2026-07-06,open_0930,1000,0.42,0.3,0.294,112.465,112.925,85.51666666666667,0.0005,DOCUMENTED promotional 0.05% through 2026-08-31,after_hours,regular,2026-09-18T23:05:03.291954+00:00,public_book,2026-09-16T19:34:15.315933+00:00,public_book,OBSERVED-NOW book scenario; fee/prices event-time,-0.45999999999999375,0.11269499999999999,0.0006752045162881082,0.0005299393190878465,0.13578027353233715,0.24847527353233714,-1.002475273532331,1.2916077941246122,0.4760452087126251,eligibility snapshot time unpublished,
rCSCO-2026-07-06-1,rCSCO,RCSCOUSDT,2026-07-06,open_0930,5000,0.42,0.3,0.294,112.465,112.925,85.51666666666667,0.0005,DOCUMENTED promotional 0.05% through 2026-08-31,after_hours,regular,2026-09-18T23:05:03.291954+00:00,public_book,2026-09-16T19:34:15.315933+00:00,public_book,OBSERVED-NOW book scenario; fee/prices event-time,-0.45999999999999375,0.11269499999999999,0.0016077495285123924,0.0012979929358178932,0.3273914030013818,0.4400864030013818,-1.1940864030013756,1.7478247690509092,0.17115415974754994,eligibility snapshot time unpublished,
rCSCO-2026-07-06-1,rCSCO,RCSCOUSDT,2026-07-06,open_0930,25000,0.42,0.3,0.294,112.465,112.925,85.51666666666667,0.0005,DOCUMENTED promotional 0.05% through 2026-08-31,after_hours,regular,2026-09-18T23:05:03.291954+00:00,public_book,2026-09-16T19:34:15.315933+00:00,public_book,OBSERVED-NOW book scenario; fee/prices event-time,-0.45999999999999375,0.11269499999999999,0.0038553221338935018,0.0029416873121566045,0.7657788435136172,0.8784738435136172,-1.632473843513611,2.7916043893181364,-0.3605879836189432,eligibility snapshot time unpublished,
rCSCO-2026-07-06-1,rCSCO,RCSCOUSDT,2026-07-06,open_1000,1000,0.42,0.3,0.294,112.465,114.63,86.01666666666667,0.0005,DOCUMENTED promotional 0.05% through 2026-08-31,after_hours,regular,2026-09-18T23:05:03.291954+00:00,public_book,2026-09-16T19:34:15.315933+00:00,public_book,OBSERVED-NOW book scenario; fee/prices event-time,-2.164999999999992,0.1135475,0.0006752045162881082,0.0005299393190878465,0.13668382007138194,0.25023132007138194,-2.709231320071374,1.2957888573128142,2.1790518213542662,eligibility snapshot time unpublished,
rCSCO-2026-07-06-1,rCSCO,RCSCOUSDT,2026-07-06,open_1000,5000,0.42,0.3,0.294,112.465,114.63,86.01666666666667,0.0005,DOCUMENTED promotional 0.05% through 2026-08-31,after_hours,regular,2026-09-18T23:05:03.291954+00:00,public_book,2026-09-16T19:34:15.315933+00:00,public_book,OBSERVED-NOW book scenario; fee/prices event-time,-2.164999999999992,0.1135475,0.0016077495285123924,0.0012979929358178932,0.3296044809569513,0.4431519809569513,-2.902151980956943,1.7551237641832176,1.8719092991096675,eligibility snapshot time unpublished,
rCSCO-2026-07-06-1,rCSCO,RCSCOUSDT,2026-07-06,open_1000,25000,0.42,0.3,0.294,112.465,114.63,86.01666666666667,0.0005,DOCUMENTED promotional 0.05% through 2026-08-31,after_hours,regular,2026-09-18T23:05:03.291954+00:00,public_book,2026-09-16T19:34:15.315933+00:00,public_book,OBSERVED-NOW book scenario; fee/prices event-time,-2.164999999999992,0.1135475,0.0038553221338935018,0.0029416873121566045,0.7707944203808443,0.8843419203808444,-3.3433419203808366,2.8055760009067723,1.3363081683872071,eligibility snapshot time unpublished,
rCSCO-2026-07-06-1,rCSCO,RCSCOUSDT,2026-07-06,close_1600,1000,0.42,0.3,0.294,112.465,114.0,92.01666666666667,0.0005,DOCUMENTED promotional 0.05% through 2026-08-31,after_hours,after_hours,2026-09-18T23:05:03.291954+00:00,public_book,2026-09-18T23:05:03.291954+00:00,public_book,OBSERVED-NOW book scenario; fee/prices event-time,-1.5349999999999966,0.1132325,0.0006752045162881082,0.0007975540344842269,0.16685803585554396,0.28009053585554394,-2.1090905358555405,1.3668822282274855,1.5490972706548836,eligibility snapshot time unpublished,
rCSCO-2026-07-06-1,rCSCO,RCSCOUSDT,2026-07-06,close_1600,5000,0.42,0.3,0.294,112.465,114.0,92.01666666666667,0.0005,DOCUMENTED promotional 0.05% through 2026-08-31,after_hours,after_hours,2026-09-18T23:05:03.291954+00:00,public_book,2026-09-18T23:05:03.291954+00:00,public_book,OBSERVED-NOW book scenario; fee/prices event-time,-1.5349999999999966,0.1132325,0.0016077495285123924,0.0021826268144824468,0.42963500757514517,0.5428675075751451,-2.371867507575142,1.9925416847027264,1.2870149290588153,eligibility snapshot time unpublished,
rCSCO-2026-07-06-1,rCSCO,RCSCOUSDT,2026-07-06,close_1600,25000,0.42,0.3,0.294,112.465,114.0,92.01666666666667,0.0005,DOCUMENTED promotional 0.05% through 2026-08-31,after_hours,after_hours,2026-09-18T23:05:03.291954+00:00,public_book,2026-09-18T23:05:03.291954+00:00,public_book,OBSERVED-NOW book scenario; fee/prices event-time,-1.5349999999999966,0.1132325,0.0038553221338935018,0.004638101497931091,0.962332374552477,1.075564874552477,-2.9045648745524737,3.2608687489344694,0.7546366917713172,eligibility snapshot time unpublished,
rDGRW-2026-06-25-1,rDGRW,RDGRWUSDT,2026-06-25,overnight_2000,1000,0.16,0.3,0.112,94.859,94.67,1.2,0.0005,DOCUMENTED promotional 0.05% through 2026-08-31,after_hours,overnight,2026-09-18T23:05:03.291954+00:00,ticker_only,2026-09-19T03:05:03.356996+00:00,ticker_only,OBSERVED-NOW book scenario; fee/prices event-time,0.18899999999999295,0.0947645,0.003160685154975553,0.0027006369426751647,0.5554887324788838,0.6502532324788838,-0.5732532324788908,4.764082702993023,,eligibility snapshot time unpublished,
rDGRW-2026-06-25-1,rDGRW,RDGRWUSDT,2026-06-25,overnight_2000,5000,0.16,0.3,0.112,94.859,94.67,1.2,0.0005,DOCUMENTED promotional 0.05% through 2026-08-31,after_hours,overnight,2026-09-18T23:05:03.291954+00:00,ticker_only,2026-09-19T03:05:03.356996+00:00,ticker_only,OBSERVED-NOW book scenario; fee/prices event-time,0.18899999999999295,0.0947645,0.003160685154975553,0.0027006369426751647,0.5554887324788838,0.6502532324788838,-0.5732532324788908,4.764082702993023,,eligibility snapshot time unpublished,
rDGRW-2026-06-25-1,rDGRW,RDGRWUSDT,2026-06-25,overnight_2000,25000,0.16,0.3,0.112,94.859,94.67,1.2,0.0005,DOCUMENTED promotional 0.05% through 2026-08-31,after_hours,overnight,2026-09-18T23:05:03.291954+00:00,ticker_only,2026-09-19T03:05:03.356996+00:00,ticker_only,OBSERVED-NOW book scenario; fee/prices event-time,0.18899999999999295,0.0947645,0.003160685154975553,0.0027006369426751647,0.5554887324788838,0.6502532324788838,-0.5732532324788908,4.764082702993023,,eligibility snapshot time unpublished,
rDGRW-2026-06-25-1,rDGRW,RDGRWUSDT,2026-06-25,premarket_0400,1000,0.16,0.3,0.112,94.859,94.86,8.233333333333333,0.0005,DOCUMENTED promotional 0.05% through 2026-08-31,after_hours,pre_market,2026-09-18T23:05:03.291954+00:00,ticker_only,,,OBSERVED-NOW book scenario; fee/prices event-time,-0.0010000000000047748,0.0948595,0.003160685154975553,,,,,,,eligibility snapshot time unpublished,buy: no depth sample for this symbol/session
rDGRW-2026-06-25-1,rDGRW,RDGRWUSDT,2026-06-25,premarket_0400,5000,0.16,0.3,0.112,94.859,94.86,8.233333333333333,0.0005,DOCUMENTED promotional 0.05% through 2026-08-31,after_hours,pre_market,2026-09-18T23:05:03.291954+00:00,ticker_only,,,OBSERVED-NOW book scenario; fee/prices event-time,-0.0010000000000047748,0.0948595,0.003160685154975553,,,,,,,eligibility snapshot time unpublished,buy: no depth sample for this symbol/session
rDGRW-2026-06-25-1,rDGRW,RDGRWUSDT,2026-06-25,premarket_0400,25000,0.16,0.3,0.112,94.859,94.86,8.233333333333333,0.0005,DOCUMENTED promotional 0.05% through 2026-08-31,after_hours,pre_market,2026-09-18T23:05:03.291954+00:00,ticker_only,,,OBSERVED-NOW book scenario; fee/prices event-time,-0.0010000000000047748,0.0948595,0.003160685154975553,,,,,,,eligibility snapshot time unpublished,buy: no depth sample for this symbol/session
rDGRW-2026-06-25-1,rDGRW,RDGRWUSDT,2026-06-25,open_0930,1000,0.16,0.3,0.112,94.859,94.936,13.733333333333333,0.0005,DOCUMENTED promotional 0.05% through 2026-08-31,after_hours,regular,2026-09-18T23:05:03.291954+00:00,ticker_only,2026-09-16T19:34:15.315933+00:00,ticker_only,OBSERVED-NOW book scenario; fee/prices event-time,-0.07700000000001239,0.09489750000000001,0.003160685154975553,5.155968033000834e-05,0.3047143029276357,0.3996118029276357,-0.5886118029276481,3.1975737682977234,-0.21061180292762333,eligibility snapshot time unpublished,
rDGRW-2026-06-25-1,rDGRW,RDGRWUSDT,2026-06-25,open_0930,5000,0.16,0.3,0.112,94.859,94.936,13.733333333333333,0.0005,DOCUMENTED promotional 0.05% through 2026-08-31,after_hours,regular,2026-09-18T23:05:03.291954+00:00,ticker_only,2026-09-16T19:34:15.315933+00:00,ticker_only,OBSERVED-NOW book scenario; fee/prices event-time,-0.07700000000001239,0.09489750000000001,0.003160685154975553,5.155968033000834e-05,0.3047143029276357,0.3996118029276357,-0.5886118029276481,3.1975737682977234,-0.21061180292762333,eligibility snapshot time unpublished,
rDGRW-2026-06-25-1,rDGRW,RDGRWUSDT,2026-06-25,open_0930,25000,0.16,0.3,0.112,94.859,94.936,13.733333333333333,0.0005,DOCUMENTED promotional 0.05% through 2026-08-31,after_hours,regular,2026-09-18T23:05:03.291954+00:00,ticker_only,2026-09-16T19:34:15.315933+00:00,ticker_only,OBSERVED-NOW book scenario; fee/prices event-time,-0.07700000000001239,0.09489750000000001,0.003160685154975553,5.155968033000834e-05,0.3047143029276357,0.3996118029276357,-0.5886118029276481,3.1975737682977234,,eligibility snapshot time unpublished,
rDGRW-2026-06-25-1,rDGRW,RDGRWUSDT,2026-06-25,open_1000,1000,0.16,0.3,0.112,94.859,94.438,14.233333333333333,0.0005,DOCUMENTED promotional 0.05% through 2026-08-31,after_hours,regular,2026-09-18T23:05:03.291954+00:00,ticker_only,2026-09-16T19:34:15.315933+00:00,ticker_only,OBSERVED-NOW book scenario; fee/prices event-time,0.42099999999999227,0.0946485,0.003160685154975553,5.155968033000834e-05,0.3046886262068313,0.39933712620683126,-0.09033712620683898,3.1958570387926954,-0.7083371262068237,eligibility snapshot time unpublished,
rDGRW-2026-06-25-1,rDGRW,RDGRWUSDT,2026-06-25,open_1000,5000,0.16,0.3,0.112,94.859,94.438,14.233333333333333,0.0005,DOCUMENTED promotional 0.05% through 2026-08-31,after_hours,regular,2026-09-18T23:05:03.291954+00:00,ticker_only,2026-09-16T19:34:15.315933+00:00,ticker_only,OBSERVED-NOW book scenario; fee/prices event-time,0.42099999999999227,0.0946485,0.003160685154975553,5.155968033000834e-05,0.3046886262068313,0.39933712620683126,-0.09033712620683898,3.1958570387926954,-0.7083371262068237,eligibility snapshot time unpublished,
rDGRW-2026-06-25-1,rDGRW,RDGRWUSDT,2026-06-25,open_1000,25000,0.16,0.3,0.112,94.859,94.438,14.233333333333333,0.0005,DOCUMENTED promotional 0.05% through 2026-08-31,after_hours,regular,2026-09-18T23:05:03.291954+00:00,ticker_only,2026-09-16T19:34:15.315933+00:00,ticker_only,OBSERVED-NOW book scenario; fee/prices event-time,0.42099999999999227,0.0946485,0.003160685154975553,5.155968033000834e-05,0.3046886262068313,0.39933712620683126,-0.09033712620683898,3.1958570387926954,,eligibility snapshot time unpublished,
rDGRW-2026-06-25-1,rDGRW,RDGRWUSDT,2026-06-25,close_1600,1000,0.16,0.3,0.112,94.859,94.575,20.233333333333334,0.0005,DOCUMENTED promotional 0.05% through 2026-08-31,after_hours,after_hours,2026-09-18T23:05:03.291954+00:00,ticker_only,2026-09-18T23:05:03.291954+00:00,ticker_only,OBSERVED-NOW book scenario; fee/prices event-time,0.2839999999999918,0.094717,0.003160685154975553,0.003160685154975553,0.5987412316476389,0.693458231647639,-0.5214582316476472,5.034113947797743,-0.8654582316476307,eligibility snapshot time unpublished,
rDGRW-2026-06-25-1,rDGRW,RDGRWUSDT,2026-06-25,close_1600,5000,0.16,0.3,0.112,94.859,94.575,20.233333333333334,0.0005,DOCUMENTED promotional 0.05% through 2026-08-31,after_hours,after_hours,2026-09-18T23:05:03.291954+00:00,ticker_only,2026-09-18T23:05:03.291954+00:00,ticker_only,OBSERVED-NOW book scenario; fee/prices event-time,0.2839999999999918,0.094717,0.003160685154975553,0.003160685154975553,0.5987412316476389,0.693458231647639,-0.5214582316476472,5.034113947797743,-0.8654582316476307,eligibility snapshot time unpublished,
rDGRW-2026-06-25-1,rDGRW,RDGRWUSDT,2026-06-25,close_1600,25000,0.16,0.3,0.112,94.859,94.575,20.233333333333334,0.0005,DOCUMENTED promotional 0.05% through 2026-08-31,after_hours,after_hours,2026-09-18T23:05:03.291954+00:00,ticker_only,2026-09-18T23:05:03.291954+00:00,ticker_only,OBSERVED-NOW book scenario; fee/prices event-time,0.2839999999999918,0.094717,0.003160685154975553,0.003160685154975553,0.5987412316476389,0.693458231647639,-0.5214582316476472,5.034113947797743,-0.8654582316476307,eligibility snapshot time unpublished,
rDIS-2026-06-30-1,rDIS,RDISUSDT,2026-06-30,overnight_2000,1000,0.75,0.3,0.525,98.705,98.02,0.016666666666666666,0.0005,DOCUMENTED promotional 0.05% through 2026-08-31,after_hours,overnight,2026-09-18T23:05:03.291954+00:00,ticker_only,2026-09-19T03:05:03.356996+00:00,ticker_only,OBSERVED-NOW book scenario; fee/prices event-time,0.6850000000000023,0.0983625,0.0002433682161109621,0.0012156576707999024,0.14318042466303893,0.24154292466303895,-0.0815429246630367,1.022057232884052,,eligibility snapshot time unpublished,
rDIS-2026-06-30-1,rDIS,RDISUSDT,2026-06-30,overnight_2000,5000,0.75,0.3,0.525,98.705,98.02,0.016666666666666666,0.0005,DOCUMENTED promotional 0.05% through 2026-08-31,after_hours,overnight,2026-09-18T23:05:03.291954+00:00,ticker_only,2026-09-19T03:05:03.356996+00:00,ticker_only,OBSERVED-NOW book scenario; fee/prices event-time,0.6850000000000023,0.0983625,0.0002433682161109621,0.0012156576707999024,0.14318042466303893,0.24154292466303895,-0.0815429246630367,1.022057232884052,,eligibility snapshot time unpublished,
rDIS-2026-06-30-1,rDIS,RDISUSDT,2026-06-30,overnight_2000,25000,0.75,0.3,0.525,98.705,98.02,0.016666666666666666,0.0005,DOCUMENTED promotional 0.05% through 2026-08-31,after_hours,overnight,2026-09-18T23:05:03.291954+00:00,ticker_only,2026-09-19T03:05:03.356996+00:00,ticker_only,OBSERVED-NOW book scenario; fee/prices event-time,0.6850000000000023,0.0983625,,,,,,,,eligibility snapshot time unpublished,"sell: $25,000 exceeds visible top-of-book ($10,475) on ticker-only symbol; buy: $25,000 exceeds visible top-of-book ($24,399) on ticker-only symbol"
rDIS-2026-06-30-1,rDIS,RDISUSDT,2026-06-30,premarket_0400,1000,0.75,0.3,0.525,98.705,98.525,8.016666666666667,0.0005,DOCUMENTED promotional 0.05% through 2026-08-31,after_hours,pre_market,2026-09-18T23:05:03.291954+00:00,ticker_only,,,OBSERVED-NOW book scenario; fee/prices event-time,0.1799999999999926,0.09861500000000001,0.0002433682161109621,,,,,,,eligibility snapshot time unpublished,buy: no depth sample for this symbol/session
rDIS-2026-06-30-1,rDIS,RDISUSDT,2026-06-30,premarket_0400,5000,0.75,0.3,0.525,98.705,98.525,8.016666666666667,0.0005,DOCUMENTED promotional 0.05% through 2026-08-31,after_hours,pre_market,2026-09-18T23:05:03.291954+00:00,ticker_only,,,OBSERVED-NOW book scenario; fee/prices event-time,0.1799999999999926,0.09861500000000001,0.0002433682161109621,,,,,,,eligibility snapshot time unpublished,buy: no depth sample for this symbol/session
rDIS-2026-06-30-1,rDIS,RDISUSDT,2026-06-30,premarket_0400,25000,0.75,0.3,0.525,98.705,98.525,8.016666666666667,0.0005,DOCUMENTED promotional 0.05% through 2026-08-31,after_hours,pre_market,2026-09-18T23:05:03.291954+00:00,ticker_only,,,OBSERVED-NOW book scenario; fee/prices event-time,0.1799999999999926,0.09861500000000001,,,,,,,,eligibility snapshot time unpublished,"sell: $25,000 exceeds visible top-of-book ($10,475) on ticker-only symbol; buy: no depth sample for this symbol/session"
rDIS-2026-06-30-1,rDIS,RDISUSDT,2026-06-30,open_0930,1000,0.75,0.3,0.525,98.705,97.2,13.516666666666667,0.0005,DOCUMENTED promotional 0.05% through 2026-08-31,after_hours,regular,2026-09-18T23:05:03.291954+00:00,ticker_only,2026-09-16T19:34:15.315933+00:00,ticker_only,OBSERVED-NOW book scenario; fee/prices event-time,1.5049999999999955,0.0979525,0.0002433682161109621,9.40026320736794e-05,0.03315871560879415,0.13111121560879416,0.8488887843912013,0.8748149541450588,-1.1111112156087897,eligibility snapshot time unpublished,
rDIS-2026-06-30-1,rDIS,RDISUSDT,2026-06-30,open_0930,5000,0.75,0.3,0.525,98.705,97.2,13.516666666666667,0.0005,DOCUMENTED promotional 0.05% through 2026-08-31,after_hours,regular,2026-09-18T23:05:03.291954+00:00,ticker_only,2026-09-16T19:34:15.315933+00:00,ticker_only,OBSERVED-NOW book scenario; fee/prices event-time,1.5049999999999955,0.0979525,0.0002433682161109621,9.40026320736794e-05,0.03315871560879415,0.13111121560879416,0.8488887843912013,0.8748149541450588,-1.1111112156087897,eligibility snapshot time unpublished,
rDIS-2026-06-30-1,rDIS,RDISUSDT,2026-06-30,open_0930,25000,0.75,0.3,0.525,98.705,97.2,13.516666666666667,0.0005,DOCUMENTED promotional 0.05% through 2026-08-31,after_hours,regular,2026-09-18T23:05:03.291954+00:00,ticker_only,2026-09-16T19:34:15.315933+00:00,ticker_only,OBSERVED-NOW book scenario; fee/prices event-time,1.5049999999999955,0.0979525,,,,,,,,eligibility snapshot time unpublished,"sell: $25,000 exceeds visible top-of-book ($10,475) on ticker-only symbol; buy: $25,000 exceeds visible top-of-book ($11,703) on ticker-only symbol"
rDIS-2026-06-30-1,rDIS,RDISUSDT,2026-06-30,open_1000,1000,0.75,0.3,0.525,98.705,96.71,14.016666666666667,0.0005,DOCUMENTED promotional 0.05% through 2026-08-31,after_hours,regular,2026-09-18T23:05:03.291954+00:00,ticker_only,2026-09-16T19:34:15.315933+00:00,ticker_only,OBSERVED-NOW book scenario; fee/prices event-time,1.9950000000000045,0.0977075,0.0002433682161109621,9.40026320736794e-05,0.03311265431907805,0.13082015431907806,1.3391798456809265,0.8744268724254374,-1.6008201543190828,eligibility snapshot time unpublished,
rDIS-2026-06-30-1,rDIS,RDISUSDT,2026-06-30,open_1000,5000,0.75,0.3,0.525,98.705,96.71,14.016666666666667,0.0005,DOCUMENTED promotional 0.05% through 2026-08-31,after_hours,regular,2026-09-18T23:05:03.291954+00:00,ticker_only,2026-09-16T19:34:15.315933+00:00,ticker_only,OBSERVED-NOW book scenario; fee/prices event-time,1.9950000000000045,0.0977075,0.0002433682161109621,9.40026320736794e-05,0.03311265431907805,0.13082015431907806,1.3391798456809265,0.8744268724254374,-1.6008201543190828,eligibility snapshot time unpublished,
rDIS-2026-06-30-1,rDIS,RDISUSDT,2026-06-30,open_1000,25000,0.75,0.3,0.525,98.705,96.71,14.016666666666667,0.0005,DOCUMENTED promotional 0.05% through 2026-08-31,after_hours,regular,2026-09-18T23:05:03.291954+00:00,ticker_only,2026-09-16T19:34:15.315933+00:00,ticker_only,OBSERVED-NOW book scenario; fee/prices event-time,1.9950000000000045,0.0977075,,,,,,,,eligibility snapshot time unpublished,"sell: $25,000 exceeds visible top-of-book ($10,475) on ticker-only symbol; buy: $25,000 exceeds visible top-of-book ($11,703) on ticker-only symbol"
rDIS-2026-06-30-1,rDIS,RDISUSDT,2026-06-30,close_1600,1000,0.75,0.3,0.525,98.705,96.438,20.016666666666666,0.0005,DOCUMENTED promotional 0.05% through 2026-08-31,after_hours,after_hours,2026-09-18T23:05:03.291954+00:00,ticker_only,2026-09-18T23:05:03.291954+00:00,ticker_only,OBSERVED-NOW book scenario; fee/prices event-time,2.266999999999996,0.0975715,0.0002433682161109621,0.0002433682161109621,0.04749160379654148,0.14506310379654147,1.5969368962034545,0.8934174717287219,-1.8870631037965373,eligibility snapshot time unpublished,
rDIS-2026-06-30-1,rDIS,RDISUSDT,2026-06-30,close_1600,5000,0.75,0.3,0.525,98.705,96.438,20.016666666666666,0.0005,DOCUMENTED promotional 0.05% through 2026-08-31,after_hours,after_hours,2026-09-18T23:05:03.291954+00:00,ticker_only,2026-09-18T23:05:03.291954+00:00,ticker_only,OBSERVED-NOW book scenario; fee/prices event-time,2.266999999999996,0.0975715,0.0002433682161109621,0.0002433682161109621,0.04749160379654148,0.14506310379654147,1.5969368962034545,0.8934174717287219,-1.8870631037965373,eligibility snapshot time unpublished,
rDIS-2026-06-30-1,rDIS,RDISUSDT,2026-06-30,close_1600,25000,0.75,0.3,0.525,98.705,96.438,20.016666666666666,0.0005,DOCUMENTED promotional 0.05% through 2026-08-31,after_hours,after_hours,2026-09-18T23:05:03.291954+00:00,ticker_only,2026-09-18T23:05:03.291954+00:00,ticker_only,OBSERVED-NOW book scenario; fee/prices event-time,2.266999999999996,0.0975715,,0.0002433682161109621,,,,,,eligibility snapshot time unpublished,"sell: $25,000 exceeds visible top-of-book ($10,475) on ticker-only symbol"
rDGRW-2026-07-28-1,rDGRW,RDGRWUSDT,2026-07-28,overnight_2000,1000,0.065,0.3,0.0455,95.656,95.5,2.033333333333333,0.0005,DOCUMENTED promotional 0.05% through 2026-08-31,after_hours,overnight,2026-09-18T23:05:03.291954+00:00,ticker_only,2026-09-19T03:05:03.356996+00:00,ticker_only,OBSERVED-NOW book scenario; fee/prices event-time,0.1560000000000059,0.09557800000000001,0.003160685154975553,0.0027006369426751647,0.5602493272098197,0.6558273272098197,-0.5453273272098138,10.78965118784338,,eligibility snapshot time unpublished,
rDGRW-2026-07-28-1,rDGRW,RDGRWUSDT,2026-07-28,overnight_2000,5000,0.065,0.3,0.0455,95.656,95.5,2.033333333333333,0.0005,DOCUMENTED promotional 0.05% through 2026-08-31,after_hours,overnight,2026-09-18T23:05:03.291954+00:00,ticker_only,2026-09-19T03:05:03.356996+00:00,ticker_only,OBSERVED-NOW book scenario; fee/prices event-time,0.1560000000000059,0.09557800000000001,0.003160685154975553,0.0027006369426751647,0.5602493272098197,0.6558273272098197,-0.5453273272098138,10.78965118784338,,eligibility snapshot time unpublished,
rDGRW-2026-07-28-1,rDGRW,RDGRWUSDT,2026-07-28,overnight_2000,25000,0.065,0.3,0.0455,95.656,95.5,2.033333333333333,0.0005,DOCUMENTED promotional 0.05% through 2026-08-31,after_hours,overnight,2026-09-18T23:05:03.291954+00:00,ticker_only,2026-09-19T03:05:03.356996+00:00,ticker_only,OBSERVED-NOW book scenario; fee/prices event-time,0.1560000000000059,0.09557800000000001,0.003160685154975553,0.0027006369426751647,0.5602493272098197,0.6558273272098197,-0.5453273272098138,10.78965118784338,,eligibility snapshot time unpublished,
rDGRW-2026-07-28-1,rDGRW,RDGRWUSDT,2026-07-28,premarket_0400,1000,0.065,0.3,0.0455,95.656,95.582,8.15,0.0005,DOCUMENTED promotional 0.05% through 2026-08-31,after_hours,pre_market,2026-09-18T23:05:03.291954+00:00,ticker_only,,,OBSERVED-NOW book scenario; fee/prices event-time,0.07400000000001228,0.095619,0.003160685154975553,,,,,,,eligibility snapshot time unpublished,buy: no depth sample for this symbol/session
rDGRW-2026-07-28-1,rDGRW,RDGRWUSDT,2026-07-28,premarket_0400,5000,0.065,0.3,0.0455,95.656,95.582,8.15,0.0005,DOCUMENTED promotional 0.05% through 2026-08-31,after_hours,pre_market,2026-09-18T23:05:03.291954+00:00,ticker_only,,,OBSERVED-NOW book scenario; fee/prices event-time,0.07400000000001228,0.095619,0.003160685154975553,,,,,,,eligibility snapshot time unpublished,buy: no depth sample for this symbol/session
rDGRW-2026-07-28-1,rDGRW,RDGRWUSDT,2026-07-28,premarket_0400,25000,0.065,0.3,0.0455,95.656,95.582,8.15,0.0005,DOCUMENTED promotional 0.05% through 2026-08-31,after_hours,pre_market,2026-09-18T23:05:03.291954+00:00,ticker_only,,,OBSERVED-NOW book scenario; fee/prices event-time,0.07400000000001228,0.095619,0.003160685154975553,,,,,,,eligibility snapshot time unpublished,buy: no depth sample for this symbol/session
rDGRW-2026-07-28-1,rDGRW,RDGRWUSDT,2026-07-28,open_0930,1000,0.065,0.3,0.0455,95.656,95.996,13.65,0.0005,DOCUMENTED promotional 0.05% through 2026-08-31,after_hours,regular,2026-09-18T23:05:03.291954+00:00,ticker_only,2026-09-16T19:34:15.315933+00:00,ticker_only,OBSERVED-NOW book scenario; fee/prices event-time,-0.3399999999999892,0.095826,0.003160685154975553,5.155968033000834e-05,0.307288022257301,0.403114022257301,-0.7886140222572902,6.901754188573861,-0.01761402225731179,eligibility snapshot time unpublished,
rDGRW-2026-07-28-1,rDGRW,RDGRWUSDT,2026-07-28,open_0930,5000,0.065,0.3,0.0455,95.656,95.996,13.65,0.0005,DOCUMENTED promotional 0.05% through 2026-08-31,after_hours,regular,2026-09-18T23:05:03.291954+00:00,ticker_only,2026-09-16T19:34:15.315933+00:00,ticker_only,OBSERVED-NOW book scenario; fee/prices event-time,-0.3399999999999892,0.095826,0.003160685154975553,5.155968033000834e-05,0.307288022257301,0.403114022257301,-0.7886140222572902,6.901754188573861,-0.01761402225731179,eligibility snapshot time unpublished,
rDGRW-2026-07-28-1,rDGRW,RDGRWUSDT,2026-07-28,open_0930,25000,0.065,0.3,0.0455,95.656,95.996,13.65,0.0005,DOCUMENTED promotional 0.05% through 2026-08-31,after_hours,regular,2026-09-18T23:05:03.291954+00:00,ticker_only,2026-09-16T19:34:15.315933+00:00,ticker_only,OBSERVED-NOW book scenario; fee/prices event-time,-0.3399999999999892,0.095826,0.003160685154975553,5.155968033000834e-05,0.307288022257301,0.403114022257301,-0.7886140222572902,6.901754188573861,,eligibility snapshot time unpublished,
rDGRW-2026-07-28-1,rDGRW,RDGRWUSDT,2026-07-28,open_1000,1000,0.065,0.3,0.0455,95.656,96.12,14.15,0.0005,DOCUMENTED promotional 0.05% through 2026-08-31,after_hours,regular,2026-09-18T23:05:03.291954+00:00,ticker_only,2026-09-16T19:34:15.315933+00:00,ticker_only,OBSERVED-NOW book scenario; fee/prices event-time,-0.46399999999999864,0.095888,0.003160685154975553,5.155968033000834e-05,0.3072944156576619,0.4031824156576619,-0.9126824156576605,6.902806394733259,0.10631758434233674,eligibility snapshot time unpublished,
rDGRW-2026-07-28-1,rDGRW,RDGRWUSDT,2026-07-28,open_1000,5000,0.065,0.3,0.0455,95.656,96.12,14.15,0.0005,DOCUMENTED promotional 0.05% through 2026-08-31,after_hours,regular,2026-09-18T23:05:03.291954+00:00,ticker_only,2026-09-16T19:34:15.315933+00:00,ticker_only,OBSERVED-NOW book scenario; fee/prices event-time,-0.46399999999999864,0.095888,0.003160685154975553,5.155968033000834e-05,0.3072944156576619,0.4031824156576619,-0.9126824156576605,6.902806394733259,0.10631758434233674,eligibility snapshot time unpublished,
rDGRW-2026-07-28-1,rDGRW,RDGRWUSDT,2026-07-28,open_1000,25000,0.065,0.3,0.0455,95.656,96.12,14.15,0.0005,DOCUMENTED promotional 0.05% through 2026-08-31,after_hours,regular,2026-09-18T23:05:03.291954+00:00,ticker_only,2026-09-16T19:34:15.315933+00:00,ticker_only,OBSERVED-NOW book scenario; fee/prices event-time,-0.46399999999999864,0.095888,0.003160685154975553,5.155968033000834e-05,0.3072944156576619,0.4031824156576619,-0.9126824156576605,6.902806394733259,,eligibility snapshot time unpublished,
rDGRW-2026-07-28-1,rDGRW,RDGRWUSDT,2026-07-28,close_1600,1000,0.065,0.3,0.0455,95.656,96.306,20.15,0.0005,DOCUMENTED promotional 0.05% through 2026-08-31,after_hours,after_hours,2026-09-18T23:05:03.291954+00:00,ticker_only,2026-09-18T23:05:03.291954+00:00,ticker_only,OBSERVED-NOW book scenario; fee/prices event-time,-0.6499999999999915,0.095981,0.003160685154975553,0.003160685154975553,0.6067314437194171,0.7027124437194171,-1.3982124437194086,11.510960672606416,-0.007212443719425643,eligibility snapshot time unpublished,
rDGRW-2026-07-28-1,rDGRW,RDGRWUSDT,2026-07-28,close_1600,5000,0.065,0.3,0.0455,95.656,96.306,20.15,0.0005,DOCUMENTED promotional 0.05% through 2026-08-31,after_hours,after_hours,2026-09-18T23:05:03.291954+00:00,ticker_only,2026-09-18T23:05:03.291954+00:00,ticker_only,OBSERVED-NOW book scenario; fee/prices event-time,-0.6499999999999915,0.095981,0.003160685154975553,0.003160685154975553,0.6067314437194171,0.7027124437194171,-1.3982124437194086,11.510960672606416,-0.007212443719425643,eligibility snapshot time unpublished,
rDGRW-2026-07-28-1,rDGRW,RDGRWUSDT,2026-07-28,close_1600,25000,0.065,0.3,0.0455,95.656,96.306,20.15,0.0005,DOCUMENTED promotional 0.05% through 2026-08-31,after_hours,after_hours,2026-09-18T23:05:03.291954+00:00,ticker_only,2026-09-18T23:05:03.291954+00:00,ticker_only,OBSERVED-NOW book scenario; fee/prices event-time,-0.6499999999999915,0.095981,0.003160685154975553,0.003160685154975553,0.6067314437194171,0.7027124437194171,-1.3982124437194086,11.510960672606416,-0.007212443719425643,eligibility snapshot time unpublished,
rDGRW-2026-08-26-1,rDGRW,RDGRWUSDT,2026-08-26,overnight_2000,1000,0.055,0.3,0.0385,100.989,99.41,3.566666666666667,0.0005,DOCUMENTED promotional 0.05% through 2026-08-31,after_hours,overnight,2026-09-18T23:05:03.291954+00:00,ticker_only,2026-09-19T03:05:03.356996+00:00,ticker_only,OBSERVED-NOW book scenario; fee/prices event-time,1.5790000000000077,0.1001995,0.003160685154975553,0.0027006369426751647,0.5876647515871642,0.6878642515871642,0.8526357484128435,13.206622756130258,,eligibility snapshot time unpublished,
rDGRW-2026-08-26-1,rDGRW,RDGRWUSDT,2026-08-26,overnight_2000,5000,0.055,0.3,0.0385,100.989,99.41,3.566666666666667,0.0005,DOCUMENTED promotional 0.05% through 2026-08-31,after_hours,overnight,2026-09-18T23:05:03.291954+00:00,ticker_only,2026-09-19T03:05:03.356996+00:00,ticker_only,OBSERVED-NOW book scenario; fee/prices event-time,1.5790000000000077,0.1001995,0.003160685154975553,0.0027006369426751647,0.5876647515871642,0.6878642515871642,0.8526357484128435,13.206622756130258,,eligibility snapshot time unpublished,
rDGRW-2026-08-26-1,rDGRW,RDGRWUSDT,2026-08-26,overnight_2000,25000,0.055,0.3,0.0385,100.989,99.41,3.566666666666667,0.0005,DOCUMENTED promotional 0.05% through 2026-08-31,after_hours,overnight,2026-09-18T23:05:03.291954+00:00,ticker_only,2026-09-19T03:05:03.356996+00:00,ticker_only,OBSERVED-NOW book scenario; fee/prices event-time,1.5790000000000077,0.1001995,0.003160685154975553,0.0027006369426751647,0.5876647515871642,0.6878642515871642,0.8526357484128435,13.206622756130258,,eligibility snapshot time unpublished,
rDGRW-2026-08-26-1,rDGRW,RDGRWUSDT,2026-08-26,premarket_0400,1000,0.055,0.3,0.0385,100.989,99.446,8.1,0.0005,DOCUMENTED promotional 0.05% through 2026-08-31,after_hours,pre_market,2026-09-18T23:05:03.291954+00:00,ticker_only,,,OBSERVED-NOW book scenario; fee/prices event-time,1.5430000000000064,0.1002175,0.003160685154975553,,,,,,,eligibility snapshot time unpublished,buy: no depth sample for this symbol/session
rDGRW-2026-08-26-1,rDGRW,RDGRWUSDT,2026-08-26,premarket_0400,5000,0.055,0.3,0.0385,100.989,99.446,8.1,0.0005,DOCUMENTED promotional 0.05% through 2026-08-31,after_hours,pre_market,2026-09-18T23:05:03.291954+00:00,ticker_only,,,OBSERVED-NOW book scenario; fee/prices event-time,1.5430000000000064,0.1002175,0.003160685154975553,,,,,,,eligibility snapshot time unpublished,buy: no depth sample for this symbol/session
rDGRW-2026-08-26-1,rDGRW,RDGRWUSDT,2026-08-26,premarket_0400,25000,0.055,0.3,0.0385,100.989,99.446,8.1,0.0005,DOCUMENTED promotional 0.05% through 2026-08-31,after_hours,pre_market,2026-09-18T23:05:03.291954+00:00,ticker_only,,,OBSERVED-NOW book scenario; fee/prices event-time,1.5430000000000064,0.1002175,0.003160685154975553,,,,,,,eligibility snapshot time unpublished,buy: no depth sample for this symbol/session
rDGRW-2026-08-26-1,rDGRW,RDGRWUSDT,2026-08-26,open_0930,1000,0.055,0.3,0.0385,100.989,99.34,13.6,0.0005,DOCUMENTED promotional 0.05% through 2026-08-31,after_hours,regular,2026-09-18T23:05:03.291954+00:00,ticker_only,2026-09-16T19:34:15.315933+00:00,ticker_only,OBSERVED-NOW book scenario; fee/prices event-time,1.649000000000001,0.1001645,0.003160685154975553,5.155968033000834e-05,0.32431637175980915,0.42448087175980914,1.1860191282401917,8.417834031996529,-2.03498087175981,eligibility snapshot time unpublished,
rDGRW-2026-08-26-1,rDGRW,RDGRWUSDT,2026-08-26,open_0930,5000,0.055,0.3,0.0385,100.989,99.34,13.6,0.0005,DOCUMENTED promotional 0.05% through 2026-08-31,after_hours,regular,2026-09-18T23:05:03.291954+00:00,ticker_only,2026-09-16T19:34:15.315933+00:00,ticker_only,OBSERVED-NOW book scenario; fee/prices event-time,1.649000000000001,0.1001645,0.003160685154975553,5.155968033000834e-05,0.32431637175980915,0.42448087175980914,1.1860191282401917,8.417834031996529,-2.03498087175981,eligibility snapshot time unpublished,
rDGRW-2026-08-26-1,rDGRW,RDGRWUSDT,2026-08-26,open_0930,25000,0.055,0.3,0.0385,100.989,99.34,13.6,0.0005,DOCUMENTED promotional 0.05% through 2026-08-31,after_hours,regular,2026-09-18T23:05:03.291954+00:00,ticker_only,2026-09-16T19:34:15.315933+00:00,ticker_only,OBSERVED-NOW book scenario; fee/prices event-time,1.649000000000001,0.1001645,0.003160685154975553,5.155968033000834e-05,0.32431637175980915,0.42448087175980914,1.1860191282401917,8.417834031996529,,eligibility snapshot time unpublished,
rDGRW-2026-08-26-1,rDGRW,RDGRWUSDT,2026-08-26,open_1000,1000,0.055,0.3,0.0385,100.989,99.418,14.1,0.0005,DOCUMENTED promotional 0.05% through 2026-08-31,after_hours,regular,2026-09-18T23:05:03.291954+00:00,ticker_only,2026-09-16T19:34:15.315933+00:00,ticker_only,OBSERVED-NOW book scenario; fee/prices event-time,1.570999999999998,0.1002035,0.003160685154975553,5.155968033000834e-05,0.3243203934148749,0.4245238934148749,1.107976106585123,8.418616243906817,-1.957023893414873,eligibility snapshot time unpublished,
rDGRW-2026-08-26-1,rDGRW,RDGRWUSDT,2026-08-26,open_1000,5000,0.055,0.3,0.0385,100.989,99.418,14.1,0.0005,DOCUMENTED promotional 0.05% through 2026-08-31,after_hours,regular,2026-09-18T23:05:03.291954+00:00,ticker_only,2026-09-16T19:34:15.315933+00:00,ticker_only,OBSERVED-NOW book scenario; fee/prices event-time,1.570999999999998,0.1002035,0.003160685154975553,5.155968033000834e-05,0.3243203934148749,0.4245238934148749,1.107976106585123,8.418616243906817,-1.957023893414873,eligibility snapshot time unpublished,
rDGRW-2026-08-26-1,rDGRW,RDGRWUSDT,2026-08-26,open_1000,25000,0.055,0.3,0.0385,100.989,99.418,14.1,0.0005,DOCUMENTED promotional 0.05% through 2026-08-31,after_hours,regular,2026-09-18T23:05:03.291954+00:00,ticker_only,2026-09-16T19:34:15.315933+00:00,ticker_only,OBSERVED-NOW book scenario; fee/prices event-time,1.570999999999998,0.1002035,0.003160685154975553,5.155968033000834e-05,0.3243203934148749,0.4245238934148749,1.107976106585123,8.418616243906817,,eligibility snapshot time unpublished,
rDGRW-2026-08-26-1,rDGRW,RDGRWUSDT,2026-08-26,close_1600,1000,0.055,0.3,0.0385,100.989,99.214,20.1,0.0005,DOCUMENTED promotional 0.05% through 2026-08-31,after_hours,after_hours,2026-09-18T23:05:03.291954+00:00,ticker_only,2026-09-18T23:05:03.291954+00:00,ticker_only,OBSERVED-NOW book scenario; fee/prices event-time,1.7750000000000057,0.10010150000000001,0.003160685154975553,0.003160685154975553,0.6327786500815706,0.7328801500815707,1.003619849918435,14.025093637846739,-2.4693801500815766,eligibility snapshot time unpublished,
rDGRW-2026-08-26-1,rDGRW,RDGRWUSDT,2026-08-26,close_1600,5000,0.055,0.3,0.0385,100.989,99.214,20.1,0.0005,DOCUMENTED promotional 0.05% through 2026-08-31,after_hours,after_hours,2026-09-18T23:05:03.291954+00:00,ticker_only,2026-09-18T23:05:03.291954+00:00,ticker_only,OBSERVED-NOW book scenario; fee/prices event-time,1.7750000000000057,0.10010150000000001,0.003160685154975553,0.003160685154975553,0.6327786500815706,0.7328801500815707,1.003619849918435,14.025093637846739,-2.4693801500815766,eligibility snapshot time unpublished,
rDGRW-2026-08-26-1,rDGRW,RDGRWUSDT,2026-08-26,close_1600,25000,0.055,0.3,0.0385,100.989,99.214,20.1,0.0005,DOCUMENTED promotional 0.05% through 2026-08-31,after_hours,after_hours,2026-09-18T23:05:03.291954+00:00,ticker_only,2026-09-18T23:05:03.291954+00:00,ticker_only,OBSERVED-NOW book scenario; fee/prices event-time,1.7750000000000057,0.10010150000000001,0.003160685154975553,0.003160685154975553,0.6327786500815706,0.7328801500815707,1.003619849918435,14.025093637846739,-2.4693801500815766,eligibility snapshot time unpublished,
rFLQL-2026-06-26-1,rFLQL,RFLQLUSDT,2026-06-26,overnight_2000,1000,0.2235,0.3,0.15645,76.911,76.91,8.75,0.0005,DOCUMENTED promotional 0.05% through 2026-08-31,after_hours,overnight,2026-09-18T23:05:03.291954+00:00,ticker_only,2026-09-19T03:05:03.356996+00:00,ticker_only,OBSERVED-NOW book scenario; fee/prices event-time,0.0010000000000047748,0.0769105,0.140767126773106,0.140767126773106,21.652940207365937,21.729850707365937,-21.885300707365932,97.92528280700643,-21.574400707365943,eligibility snapshot time unpublished,
rFLQL-2026-06-26-1,rFLQL,RFLQLUSDT,2026-06-26,overnight_2000,5000,0.2235,0.3,0.15645,76.911,76.91,8.75,0.0005,DOCUMENTED promotional 0.05% through 2026-08-31,after_hours,overnight,2026-09-18T23:05:03.291954+00:00,ticker_only,2026-09-19T03:05:03.356996+00:00,ticker_only,OBSERVED-NOW book scenario; fee/prices event-time,0.0010000000000047748,0.0769105,0.140767126773106,0.140767126773106,21.652940207365937,21.729850707365937,-21.885300707365932,97.92528280700643,-21.574400707365943,eligibility snapshot time unpublished,
rFLQL-2026-06-26-1,rFLQL,RFLQLUSDT,2026-06-26,overnight_2000,25000,0.2235,0.3,0.15645,76.911,76.91,8.75,0.0005,DOCUMENTED promotional 0.05% through 2026-08-31,after_hours,overnight,2026-09-18T23:05:03.291954+00:00,ticker_only,2026-09-19T03:05:03.356996+00:00,ticker_only,OBSERVED-NOW book scenario; fee/prices event-time,0.0010000000000047748,0.0769105,,,,,,,,eligibility snapshot time unpublished,"sell: $25,000 exceeds visible top-of-book ($6,754) on ticker-only symbol; buy: $25,000 exceeds visible top-of-book ($8,967) on ticker-only symbol"
rFLQL-2026-06-26-1,rFLQL,RFLQLUSDT,2026-06-26,premarket_0400,1000,0.2235,0.3,0.15645,76.911,76.91,8.75,0.0005,DOCUMENTED promotional 0.05% through 2026-08-31,after_hours,pre_market,2026-09-18T23:05:03.291954+00:00,ticker_only,,,OBSERVED-NOW book scenario; fee/prices event-time,0.0010000000000047748,0.0769105,0.140767126773106,,,,,,,eligibility snapshot time unpublished,buy: no depth sample for this symbol/session
rFLQL-2026-06-26-1,rFLQL,RFLQLUSDT,2026-06-26,premarket_0400,5000,0.2235,0.3,0.15645,76.911,76.91,8.75,0.0005,DOCUMENTED promotional 0.05% through 2026-08-31,after_hours,pre_market,2026-09-18T23:05:03.291954+00:00,ticker_only,,,OBSERVED-NOW book scenario; fee/prices event-time,0.0010000000000047748,0.0769105,0.140767126773106,,,,,,,eligibility snapshot time unpublished,buy: no depth sample for this symbol/session
rFLQL-2026-06-26-1,rFLQL,RFLQLUSDT,2026-06-26,premarket_0400,25000,0.2235,0.3,0.15645,76.911,76.91,8.75,0.0005,DOCUMENTED promotional 0.05% through 2026-08-31,after_hours,pre_market,2026-09-18T23:05:03.291954+00:00,ticker_only,,,OBSERVED-NOW book scenario; fee/prices event-time,0.0010000000000047748,0.0769105,,,,,,,,eligibility snapshot time unpublished,"sell: $25,000 exceeds visible top-of-book ($6,754) on ticker-only symbol; buy: no depth sample for this symbol/session"
rFLQL-2026-06-26-1,rFLQL,RFLQLUSDT,2026-06-26,open_0930,1000,0.2235,0.3,0.15645,76.911,76.202,14.166666666666666,0.0005,DOCUMENTED promotional 0.05% through 2026-08-31,after_hours,regular,2026-09-18T23:05:03.291954+00:00,ticker_only,2026-09-16T19:34:15.315933+00:00,ticker_only,OBSERVED-NOW book scenario; fee/prices event-time,0.7090000000000032,0.0765565,0.140767126773106,0.00032423318850915745,10.85124770467713,10.92780420467713,-10.375254204677127,49.593978544416686,-11.480354204677132,eligibility snapshot time unpublished,
rFLQL-2026-06-26-1,rFLQL,RFLQLUSDT,2026-06-26,open_0930,5000,0.2235,0.3,0.15645,76.911,76.202,14.166666666666666,0.0005,DOCUMENTED promotional 0.05% through 2026-08-31,after_hours,regular,2026-09-18T23:05:03.291954+00:00,ticker_only,2026-09-16T19:34:15.315933+00:00,ticker_only,OBSERVED-NOW book scenario; fee/prices event-time,0.7090000000000032,0.0765565,0.140767126773106,0.00032423318850915745,10.85124770467713,10.92780420467713,-10.375254204677127,49.593978544416686,,eligibility snapshot time unpublished,
rFLQL-2026-06-26-1,rFLQL,RFLQLUSDT,2026-06-26,open_0930,25000,0.2235,0.3,0.15645,76.911,76.202,14.166666666666666,0.0005,DOCUMENTED promotional 0.05% through 2026-08-31,after_hours,regular,2026-09-18T23:05:03.291954+00:00,ticker_only,2026-09-16T19:34:15.315933+00:00,ticker_only,OBSERVED-NOW book scenario; fee/prices event-time,0.7090000000000032,0.0765565,,0.00032423318850915745,,,,,,eligibility snapshot time unpublished,"sell: $25,000 exceeds visible top-of-book ($6,754) on ticker-only symbol"
rFLQL-2026-06-26-1,rFLQL,RFLQLUSDT,2026-06-26,open_1000,1000,0.2235,0.3,0.15645,76.911,76.36,14.666666666666666,0.0005,DOCUMENTED promotional 0.05% through 2026-08-31,after_hours,regular,2026-09-18T23:05:03.291954+00:00,ticker_only,2026-09-16T19:34:15.315933+00:00,ticker_only,OBSERVED-NOW book scenario; fee/prices event-time,0.5510000000000019,0.07663550000000001,0.140767126773106,0.00032423318850915745,10.851298933520914,10.927934433520914,-10.533384433520911,49.59456122380722,-11.322484433520916,eligibility snapshot time unpublished,
rFLQL-2026-06-26-1,rFLQL,RFLQLUSDT,2026-06-26,open_1000,5000,0.2235,0.3,0.15645,76.911,76.36,14.666666666666666,0.0005,DOCUMENTED promotional 0.05% through 2026-08-31,after_hours,regular,2026-09-18T23:05:03.291954+00:00,ticker_only,2026-09-16T19:34:15.315933+00:00,ticker_only,OBSERVED-NOW book scenario; fee/prices event-time,0.5510000000000019,0.07663550000000001,0.140767126773106,0.00032423318850915745,10.851298933520914,10.927934433520914,-10.533384433520911,49.59456122380722,,eligibility snapshot time unpublished,
rFLQL-2026-06-26-1,rFLQL,RFLQLUSDT,2026-06-26,open_1000,25000,0.2235,0.3,0.15645,76.911,76.36,14.666666666666666,0.0005,DOCUMENTED promotional 0.05% through 2026-08-31,after_hours,regular,2026-09-18T23:05:03.291954+00:00,ticker_only,2026-09-16T19:34:15.315933+00:00,ticker_only,OBSERVED-NOW book scenario; fee/prices event-time,0.5510000000000019,0.07663550000000001,,0.00032423318850915745,,,,,,eligibility snapshot time unpublished,"sell: $25,000 exceeds visible top-of-book ($6,754) on ticker-only symbol"
rFLQL-2026-06-26-1,rFLQL,RFLQLUSDT,2026-06-26,close_1600,1000,0.2235,0.3,0.15645,76.911,76.336,20.666666666666668,0.0005,DOCUMENTED promotional 0.05% through 2026-08-31,after_hours,after_hours,2026-09-18T23:05:03.291954+00:00,ticker_only,2026-09-18T23:05:03.291954+00:00,ticker_only,OBSERVED-NOW book scenario; fee/prices event-time,0.5750000000000028,0.07662350000000001,0.140767126773106,0.140767126773106,21.572139876598172,21.648763376598172,-21.23021337659817,97.56247595793366,-22.067313376598175,eligibility snapshot time unpublished,
rFLQL-2026-06-26-1,rFLQL,RFLQLUSDT,2026-06-26,close_1600,5000,0.2235,0.3,0.15645,76.911,76.336,20.666666666666668,0.0005,DOCUMENTED promotional 0.05% through 2026-08-31,after_hours,after_hours,2026-09-18T23:05:03.291954+00:00,ticker_only,2026-09-18T23:05:03.291954+00:00,ticker_only,OBSERVED-NOW book scenario; fee/prices event-time,0.5750000000000028,0.07662350000000001,0.140767126773106,0.140767126773106,21.572139876598172,21.648763376598172,-21.23021337659817,97.56247595793366,-22.067313376598175,eligibility snapshot time unpublished,
rFLQL-2026-06-26-1,rFLQL,RFLQLUSDT,2026-06-26,close_1600,25000,0.2235,0.3,0.15645,76.911,76.336,20.666666666666668,0.0005,DOCUMENTED promotional 0.05% through 2026-08-31,after_hours,after_hours,2026-09-18T23:05:03.291954+00:00,ticker_only,2026-09-18T23:05:03.291954+00:00,ticker_only,OBSERVED-NOW book scenario; fee/prices event-time,0.5750000000000028,0.07662350000000001,,,,,,,,eligibility snapshot time unpublished,"sell: $25,000 exceeds visible top-of-book ($6,754) on ticker-only symbol; buy: $25,000 exceeds visible top-of-book ($8,967) on ticker-only symbol"
rFTGC-2026-06-25-1,rFTGC,RFTGCUSDT,2026-06-25,overnight_2000,1000,0.1691,0.3,0.11837,26.966,26.965,11.616666666666667,0.0005,DOCUMENTED promotional 0.05% through 2026-08-31,after_hours,overnight,2026-09-18T23:05:03.291954+00:00,ticker_only,2026-09-19T03:05:03.356996+00:00,ticker_only,OBSERVED-NOW book scenario; fee/prices event-time,0.0010000000000012221,0.0269655,,0.06332931242460794,,,,,,eligibility snapshot time unpublished,"sell: $1,000 exceeds visible top-of-book ($31) on ticker-only symbol"
rFTGC-2026-06-25-1,rFTGC,RFTGCUSDT,2026-06-25,overnight_2000,5000,0.1691,0.3,0.11837,26.966,26.965,11.616666666666667,0.0005,DOCUMENTED promotional 0.05% through 2026-08-31,after_hours,overnight,2026-09-18T23:05:03.291954+00:00,ticker_only,2026-09-19T03:05:03.356996+00:00,ticker_only,OBSERVED-NOW book scenario; fee/prices event-time,0.0010000000000012221,0.0269655,,,,,,,,eligibility snapshot time unpublished,"sell: $5,000 exceeds visible top-of-book ($31) on ticker-only symbol; buy: $5,000 exceeds visible top-of-book ($3,526) on ticker-only symbol"
rFTGC-2026-06-25-1,rFTGC,RFTGCUSDT,2026-06-25,overnight_2000,25000,0.1691,0.3,0.11837,26.966,26.965,11.616666666666667,0.0005,DOCUMENTED promotional 0.05% through 2026-08-31,after_hours,overnight,2026-09-18T23:05:03.291954+00:00,ticker_only,2026-09-19T03:05:03.356996+00:00,ticker_only,OBSERVED-NOW book scenario; fee/prices event-time,0.0010000000000012221,0.0269655,,,,,,,,eligibility snapshot time unpublished,"sell: $25,000 exceeds visible top-of-book ($31) on ticker-only symbol; buy: $25,000 exceeds visible top-of-book ($3,526) on ticker-only symbol"
rFTGC-2026-06-25-1,rFTGC,RFTGCUSDT,2026-06-25,premarket_0400,1000,0.1691,0.3,0.11837,26.966,26.965,11.616666666666667,0.0005,DOCUMENTED promotional 0.05% through 2026-08-31,after_hours,pre_market,2026-09-18T23:05:03.291954+00:00,ticker_only,,,OBSERVED-NOW book scenario; fee/prices event-time,0.0010000000000012221,0.0269655,,,,,,,,eligibility snapshot time unpublished,"sell: $1,000 exceeds visible top-of-book ($31) on ticker-only symbol; buy: no depth sample for this symbol/session"
rFTGC-2026-06-25-1,rFTGC,RFTGCUSDT,2026-06-25,premarket_0400,5000,0.1691,0.3,0.11837,26.966,26.965,11.616666666666667,0.0005,DOCUMENTED promotional 0.05% through 2026-08-31,after_hours,pre_market,2026-09-18T23:05:03.291954+00:00,ticker_only,,,OBSERVED-NOW book scenario; fee/prices event-time,0.0010000000000012221,0.0269655,,,,,,,,eligibility snapshot time unpublished,"sell: $5,000 exceeds visible top-of-book ($31) on ticker-only symbol; buy: no depth sample for this symbol/session"
rFTGC-2026-06-25-1,rFTGC,RFTGCUSDT,2026-06-25,premarket_0400,25000,0.1691,0.3,0.11837,26.966,26.965,11.616666666666667,0.0005,DOCUMENTED promotional 0.05% through 2026-08-31,after_hours,pre_market,2026-09-18T23:05:03.291954+00:00,ticker_only,,,OBSERVED-NOW book scenario; fee/prices event-time,0.0010000000000012221,0.0269655,,,,,,,,eligibility snapshot time unpublished,"sell: $25,000 exceeds visible top-of-book ($31) on ticker-only symbol; buy: no depth sample for this symbol/session"
rFTGC-2026-06-25-1,rFTGC,RFTGCUSDT,2026-06-25,open_0930,1000,0.1691,0.3,0.11837,26.966,26.757,13.533333333333333,0.0005,DOCUMENTED promotional 0.05% through 2026-08-31,after_hours,regular,2026-09-18T23:05:03.291954+00:00,ticker_only,2026-09-16T19:34:15.315933+00:00,ticker_only,OBSERVED-NOW book scenario; fee/prices event-time,0.20899999999999963,0.0268615,,0.00015946420028700384,,,,,,eligibility snapshot time unpublished,"sell: $1,000 exceeds visible top-of-book ($31) on ticker-only symbol"
rFTGC-2026-06-25-1,rFTGC,RFTGCUSDT,2026-06-25,open_0930,5000,0.1691,0.3,0.11837,26.966,26.757,13.533333333333333,0.0005,DOCUMENTED promotional 0.05% through 2026-08-31,after_hours,regular,2026-09-18T23:05:03.291954+00:00,ticker_only,2026-09-16T19:34:15.315933+00:00,ticker_only,OBSERVED-NOW book scenario; fee/prices event-time,0.20899999999999963,0.0268615,,0.00015946420028700384,,,,,,eligibility snapshot time unpublished,"sell: $5,000 exceeds visible top-of-book ($31) on ticker-only symbol"
rFTGC-2026-06-25-1,rFTGC,RFTGCUSDT,2026-06-25,open_0930,25000,0.1691,0.3,0.11837,26.966,26.757,13.533333333333333,0.0005,DOCUMENTED promotional 0.05% through 2026-08-31,after_hours,regular,2026-09-18T23:05:03.291954+00:00,ticker_only,2026-09-16T19:34:15.315933+00:00,ticker_only,OBSERVED-NOW book scenario; fee/prices event-time,0.20899999999999963,0.0268615,,0.00015946420028700384,,,,,,eligibility snapshot time unpublished,"sell: $25,000 exceeds visible top-of-book ($31) on ticker-only symbol"
rFTGC-2026-06-25-1,rFTGC,RFTGCUSDT,2026-06-25,open_1000,1000,0.1691,0.3,0.11837,26.966,26.727,14.033333333333333,0.0005,DOCUMENTED promotional 0.05% through 2026-08-31,after_hours,regular,2026-09-18T23:05:03.291954+00:00,ticker_only,2026-09-16T19:34:15.315933+00:00,ticker_only,OBSERVED-NOW book scenario; fee/prices event-time,0.23900000000000077,0.0268465,,0.00015946420028700384,,,,,,eligibility snapshot time unpublished,"sell: $1,000 exceeds visible top-of-book ($31) on ticker-only symbol"
rFTGC-2026-06-25-1,rFTGC,RFTGCUSDT,2026-06-25,open_1000,5000,0.1691,0.3,0.11837,26.966,26.727,14.033333333333333,0.0005,DOCUMENTED promotional 0.05% through 2026-08-31,after_hours,regular,2026-09-18T23:05:03.291954+00:00,ticker_only,2026-09-16T19:34:15.315933+00:00,ticker_only,OBSERVED-NOW book scenario; fee/prices event-time,0.23900000000000077,0.0268465,,0.00015946420028700384,,,,,,eligibility snapshot time unpublished,"sell: $5,000 exceeds visible top-of-book ($31) on ticker-only symbol"
rFTGC-2026-06-25-1,rFTGC,RFTGCUSDT,2026-06-25,open_1000,25000,0.1691,0.3,0.11837,26.966,26.727,14.033333333333333,0.0005,DOCUMENTED promotional 0.05% through 2026-08-31,after_hours,regular,2026-09-18T23:05:03.291954+00:00,ticker_only,2026-09-16T19:34:15.315933+00:00,ticker_only,OBSERVED-NOW book scenario; fee/prices event-time,0.23900000000000077,0.0268465,,0.00015946420028700384,,,,,,eligibility snapshot time unpublished,"sell: $25,000 exceeds visible top-of-book ($31) on ticker-only symbol"
rFTGC-2026-06-25-1,rFTGC,RFTGCUSDT,2026-06-25,close_1600,1000,0.1691,0.3,0.11837,26.966,27.035,20.033333333333335,0.0005,DOCUMENTED promotional 0.05% through 2026-08-31,after_hours,after_hours,2026-09-18T23:05:03.291954+00:00,ticker_only,2026-09-18T23:05:03.291954+00:00,ticker_only,OBSERVED-NOW book scenario; fee/prices event-time,-0.06899999999999906,0.027000500000000004,,0.06332931242460794,,,,,,eligibility snapshot time unpublished,"sell: $1,000 exceeds visible top-of-book ($31) on ticker-only symbol"
rFTGC-2026-06-25-1,rFTGC,RFTGCUSDT,2026-06-25,close_1600,5000,0.1691,0.3,0.11837,26.966,27.035,20.033333333333335,0.0005,DOCUMENTED promotional 0.05% through 2026-08-31,after_hours,after_hours,2026-09-18T23:05:03.291954+00:00,ticker_only,2026-09-18T23:05:03.291954+00:00,ticker_only,OBSERVED-NOW book scenario; fee/prices event-time,-0.06899999999999906,0.027000500000000004,,,,,,,,eligibility snapshot time unpublished,"sell: $5,000 exceeds visible top-of-book ($31) on ticker-only symbol; buy: $5,000 exceeds visible top-of-book ($3,526) on ticker-only symbol"
rFTGC-2026-06-25-1,rFTGC,RFTGCUSDT,2026-06-25,close_1600,25000,0.1691,0.3,0.11837,26.966,27.035,20.033333333333335,0.0005,DOCUMENTED promotional 0.05% through 2026-08-31,after_hours,after_hours,2026-09-18T23:05:03.291954+00:00,ticker_only,2026-09-18T23:05:03.291954+00:00,ticker_only,OBSERVED-NOW book scenario; fee/prices event-time,-0.06899999999999906,0.027000500000000004,,,,,,,,eligibility snapshot time unpublished,"sell: $25,000 exceeds visible top-of-book ($31) on ticker-only symbol; buy: $25,000 exceeds visible top-of-book ($3,526) on ticker-only symbol"
rGEV-2026-06-16-1,rGEV,RGEVUSDT,2026-06-16,overnight_2000,1000,0.5,0.3,0.35,980.625,979.51,0.016666666666666666,0.0005,DOCUMENTED promotional 0.05% through 2026-08-31,after_hours,overnight,2026-09-18T23:05:03.291954+00:00,ticker_only,2026-09-19T03:05:03.356996+00:00,ticker_only,OBSERVED-NOW book scenario; fee/prices event-time,1.115000000000009,0.9800675,,0.0011498658489843287,,,,,,eligibility snapshot time unpublished,"sell: $1,000 exceeds visible top-of-book ($938) on ticker-only symbol"
rGEV-2026-06-16-1,rGEV,RGEVUSDT,2026-06-16,overnight_2000,5000,0.5,0.3,0.35,980.625,979.51,0.016666666666666666,0.0005,DOCUMENTED promotional 0.05% through 2026-08-31,after_hours,overnight,2026-09-18T23:05:03.291954+00:00,ticker_only,2026-09-19T03:05:03.356996+00:00,ticker_only,OBSERVED-NOW book scenario; fee/prices event-time,1.115000000000009,0.9800675,,0.0011498658489843287,,,,,,eligibility snapshot time unpublished,"sell: $5,000 exceeds visible top-of-book ($938) on ticker-only symbol"
rGEV-2026-06-16-1,rGEV,RGEVUSDT,2026-06-16,overnight_2000,25000,0.5,0.3,0.35,980.625,979.51,0.016666666666666666,0.0005,DOCUMENTED promotional 0.05% through 2026-08-31,after_hours,overnight,2026-09-18T23:05:03.291954+00:00,ticker_only,2026-09-19T03:05:03.356996+00:00,ticker_only,OBSERVED-NOW book scenario; fee/prices event-time,1.115000000000009,0.9800675,,0.0011498658489843287,,,,,,eligibility snapshot time unpublished,"sell: $25,000 exceeds visible top-of-book ($938) on ticker-only symbol"
rGEV-2026-06-16-1,rGEV,RGEVUSDT,2026-06-16,premarket_0400,1000,0.5,0.3,0.35,980.625,980.63,8.016666666666667,0.0005,DOCUMENTED promotional 0.05% through 2026-08-31,after_hours,pre_market,2026-09-18T23:05:03.291954+00:00,ticker_only,,,OBSERVED-NOW book scenario; fee/prices event-time,-0.0049999999999954525,0.9806275000000001,,,,,,,,eligibility snapshot time unpublished,"sell: $1,000 exceeds visible top-of-book ($938) on ticker-only symbol; buy: no depth sample for this symbol/session"
rGEV-2026-06-16-1,rGEV,RGEVUSDT,2026-06-16,premarket_0400,5000,0.5,0.3,0.35,980.625,980.63,8.016666666666667,0.0005,DOCUMENTED promotional 0.05% through 2026-08-31,after_hours,pre_market,2026-09-18T23:05:03.291954+00:00,ticker_only,,,OBSERVED-NOW book scenario; fee/prices event-time,-0.0049999999999954525,0.9806275000000001,,,,,,,,eligibility snapshot time unpublished,"sell: $5,000 exceeds visible top-of-book ($938) on ticker-only symbol; buy: no depth sample for this symbol/session"
rGEV-2026-06-16-1,rGEV,RGEVUSDT,2026-06-16,premarket_0400,25000,0.5,0.3,0.35,980.625,980.63,8.016666666666667,0.0005,DOCUMENTED promotional 0.05% through 2026-08-31,after_hours,pre_market,2026-09-18T23:05:03.291954+00:00,ticker_only,,,OBSERVED-NOW book scenario; fee/prices event-time,-0.0049999999999954525,0.9806275000000001,,,,,,,,eligibility snapshot time unpublished,"sell: $25,000 exceeds visible top-of-book ($938) on ticker-only symbol; buy: no depth sample for this symbol/session"
rGEV-2026-06-16-1,rGEV,RGEVUSDT,2026-06-16,open_0930,1000,0.5,0.3,0.35,980.625,995.527,13.516666666666667,0.0005,DOCUMENTED promotional 0.05% through 2026-08-31,after_hours,regular,2026-09-18T23:05:03.291954+00:00,ticker_only,2026-09-16T19:34:15.315933+00:00,ticker_only,OBSERVED-NOW book scenario; fee/prices event-time,-14.902000000000044,0.9880760000000001,,0.00040615404610660734,,,,,,eligibility snapshot time unpublished,"sell: $1,000 exceeds visible top-of-book ($938) on ticker-only symbol"
rGEV-2026-06-16-1,rGEV,RGEVUSDT,2026-06-16,open_0930,5000,0.5,0.3,0.35,980.625,995.527,13.516666666666667,0.0005,DOCUMENTED promotional 0.05% through 2026-08-31,after_hours,regular,2026-09-18T23:05:03.291954+00:00,ticker_only,2026-09-16T19:34:15.315933+00:00,ticker_only,OBSERVED-NOW book scenario; fee/prices event-time,-14.902000000000044,0.9880760000000001,,0.00040615404610660734,,,,,,eligibility snapshot time unpublished,"sell: $5,000 exceeds visible top-of-book ($938) on ticker-only symbol"
rGEV-2026-06-16-1,rGEV,RGEVUSDT,2026-06-16,open_0930,25000,0.5,0.3,0.35,980.625,995.527,13.516666666666667,0.0005,DOCUMENTED promotional 0.05% through 2026-08-31,after_hours,regular,2026-09-18T23:05:03.291954+00:00,ticker_only,2026-09-16T19:34:15.315933+00:00,ticker_only,OBSERVED-NOW book scenario; fee/prices event-time,-14.902000000000044,0.9880760000000001,,0.00040615404610660734,,,,,,eligibility snapshot time unpublished,"sell: $25,000 exceeds visible top-of-book ($938) on ticker-only symbol"
rGEV-2026-06-16-1,rGEV,RGEVUSDT,2026-06-16,open_1000,1000,0.5,0.3,0.35,980.625,1000.034,14.016666666666667,0.0005,DOCUMENTED promotional 0.05% through 2026-08-31,after_hours,regular,2026-09-18T23:05:03.291954+00:00,ticker_only,2026-09-16T19:34:15.315933+00:00,ticker_only,OBSERVED-NOW book scenario; fee/prices event-time,-19.408999999999992,0.9903295000000001,,0.00040615404610660734,,,,,,eligibility snapshot time unpublished,"sell: $1,000 exceeds visible top-of-book ($938) on ticker-only symbol"
rGEV-2026-06-16-1,rGEV,RGEVUSDT,2026-06-16,open_1000,5000,0.5,0.3,0.35,980.625,1000.034,14.016666666666667,0.0005,DOCUMENTED promotional 0.05% through 2026-08-31,after_hours,regular,2026-09-18T23:05:03.291954+00:00,ticker_only,2026-09-16T19:34:15.315933+00:00,ticker_only,OBSERVED-NOW book scenario; fee/prices event-time,-19.408999999999992,0.9903295000000001,,0.00040615404610660734,,,,,,eligibility snapshot time unpublished,"sell: $5,000 exceeds visible top-of-book ($938) on ticker-only symbol"
rGEV-2026-06-16-1,rGEV,RGEVUSDT,2026-06-16,open_1000,25000,0.5,0.3,0.35,980.625,1000.034,14.016666666666667,0.0005,DOCUMENTED promotional 0.05% through 2026-08-31,after_hours,regular,2026-09-18T23:05:03.291954+00:00,ticker_only,2026-09-16T19:34:15.315933+00:00,ticker_only,OBSERVED-NOW book scenario; fee/prices event-time,-19.408999999999992,0.9903295000000001,,0.00040615404610660734,,,,,,eligibility snapshot time unpublished,"sell: $25,000 exceeds visible top-of-book ($938) on ticker-only symbol"
rGEV-2026-06-16-1,rGEV,RGEVUSDT,2026-06-16,close_1600,1000,0.5,0.3,0.35,980.625,982.6,20.016666666666666,0.0005,DOCUMENTED promotional 0.05% through 2026-08-31,after_hours,after_hours,2026-09-18T23:05:03.291954+00:00,ticker_only,2026-09-18T23:05:03.291954+00:00,ticker_only,OBSERVED-NOW book scenario; fee/prices event-time,-1.9750000000000227,0.9816125,,0.000852151682999586,,,,,,eligibility snapshot time unpublished,"sell: $1,000 exceeds visible top-of-book ($938) on ticker-only symbol"
rGEV-2026-06-16-1,rGEV,RGEVUSDT,2026-06-16,close_1600,5000,0.5,0.3,0.35,980.625,982.6,20.016666666666666,0.0005,DOCUMENTED promotional 0.05% through 2026-08-31,after_hours,after_hours,2026-09-18T23:05:03.291954+00:00,ticker_only,2026-09-18T23:05:03.291954+00:00,ticker_only,OBSERVED-NOW book scenario; fee/prices event-time,-1.9750000000000227,0.9816125,,0.000852151682999586,,,,,,eligibility snapshot time unpublished,"sell: $5,000 exceeds visible top-of-book ($938) on ticker-only symbol"
rGEV-2026-06-16-1,rGEV,RGEVUSDT,2026-06-16,close_1600,25000,0.5,0.3,0.35,980.625,982.6,20.016666666666666,0.0005,DOCUMENTED promotional 0.05% through 2026-08-31,after_hours,after_hours,2026-09-18T23:05:03.291954+00:00,ticker_only,2026-09-18T23:05:03.291954+00:00,ticker_only,OBSERVED-NOW book scenario; fee/prices event-time,-1.9750000000000227,0.9816125,,,,,,,,eligibility snapshot time unpublished,"sell: $25,000 exceeds visible top-of-book ($938) on ticker-only symbol; buy: $25,000 exceeds visible top-of-book ($10,336) on ticker-only symbol"
rGFS-2026-06-24-1,rGFS,RGFSUSDT,2026-06-24,overnight_2000,1000,0.12,0.3,0.084,82.727,83.51,0.016666666666666666,0.0005,DOCUMENTED promotional 0.05% through 2026-08-31,after_hours,overnight,2026-09-18T23:05:03.291954+00:00,ticker_only,2026-09-19T03:05:03.356996+00:00,ticker_only,OBSERVED-NOW book scenario; fee/prices event-time,-0.7830000000000013,0.08311850000000001,0.003543881592662116,,,,,,,eligibility snapshot time unpublished,"buy: $1,000 exceeds visible top-of-book ($49) on ticker-only symbol"
rGFS-2026-06-24-1,rGFS,RGFSUSDT,2026-06-24,overnight_2000,5000,0.12,0.3,0.084,82.727,83.51,0.016666666666666666,0.0005,DOCUMENTED promotional 0.05% through 2026-08-31,after_hours,overnight,2026-09-18T23:05:03.291954+00:00,ticker_only,2026-09-19T03:05:03.356996+00:00,ticker_only,OBSERVED-NOW book scenario; fee/prices event-time,-0.7830000000000013,0.08311850000000001,,,,,,,,eligibility snapshot time unpublished,"sell: $5,000 exceeds visible top-of-book ($1,195) on ticker-only symbol; buy: $5,000 exceeds visible top-of-book ($49) on ticker-only symbol"
rGFS-2026-06-24-1,rGFS,RGFSUSDT,2026-06-24,overnight_2000,25000,0.12,0.3,0.084,82.727,83.51,0.016666666666666666,0.0005,DOCUMENTED promotional 0.05% through 2026-08-31,after_hours,overnight,2026-09-18T23:05:03.291954+00:00,ticker_only,2026-09-19T03:05:03.356996+00:00,ticker_only,OBSERVED-NOW book scenario; fee/prices event-time,-0.7830000000000013,0.08311850000000001,,,,,,,,eligibility snapshot time unpublished,"sell: $25,000 exceeds visible top-of-book ($1,195) on ticker-only symbol; buy: $25,000 exceeds visible top-of-book ($49) on ticker-only symbol"
rGFS-2026-06-24-1,rGFS,RGFSUSDT,2026-06-24,premarket_0400,1000,0.12,0.3,0.084,82.727,84.865,8.016666666666667,0.0005,DOCUMENTED promotional 0.05% through 2026-08-31,after_hours,pre_market,2026-09-18T23:05:03.291954+00:00,ticker_only,,,OBSERVED-NOW book scenario; fee/prices event-time,-2.137999999999991,0.083796,0.003543881592662116,,,,,,,eligibility snapshot time unpublished,buy: no depth sample for this symbol/session
rGFS-2026-06-24-1,rGFS,RGFSUSDT,2026-06-24,premarket_0400,5000,0.12,0.3,0.084,82.727,84.865,8.016666666666667,0.0005,DOCUMENTED promotional 0.05% through 2026-08-31,after_hours,pre_market,2026-09-18T23:05:03.291954+00:00,ticker_only,,,OBSERVED-NOW book scenario; fee/prices event-time,-2.137999999999991,0.083796,,,,,,,,eligibility snapshot time unpublished,"sell: $5,000 exceeds visible top-of-book ($1,195) on ticker-only symbol; buy: no depth sample for this symbol/session"
rGFS-2026-06-24-1,rGFS,RGFSUSDT,2026-06-24,premarket_0400,25000,0.12,0.3,0.084,82.727,84.865,8.016666666666667,0.0005,DOCUMENTED promotional 0.05% through 2026-08-31,after_hours,pre_market,2026-09-18T23:05:03.291954+00:00,ticker_only,,,OBSERVED-NOW book scenario; fee/prices event-time,-2.137999999999991,0.083796,,,,,,,,eligibility snapshot time unpublished,"sell: $25,000 exceeds visible top-of-book ($1,195) on ticker-only symbol; buy: no depth sample for this symbol/session"
rGFS-2026-06-24-1,rGFS,RGFSUSDT,2026-06-24,open_0930,1000,0.12,0.3,0.084,82.727,83.603,13.516666666666667,0.0005,DOCUMENTED promotional 0.05% through 2026-08-31,after_hours,regular,2026-09-18T23:05:03.291954+00:00,ticker_only,2026-09-16T19:34:15.315933+00:00,ticker_only,OBSERVED-NOW book scenario; fee/prices event-time,-0.8759999999999906,0.08316499999999999,0.003543881592662116,0.0002329373398555325,0.312648952940101,0.39581395294010097,-1.3558139529400914,3.998449607834175,,eligibility snapshot time unpublished,
rGFS-2026-06-24-1,rGFS,RGFSUSDT,2026-06-24,open_0930,5000,0.12,0.3,0.084,82.727,83.603,13.516666666666667,0.0005,DOCUMENTED promotional 0.05% through 2026-08-31,after_hours,regular,2026-09-18T23:05:03.291954+00:00,ticker_only,2026-09-16T19:34:15.315933+00:00,ticker_only,OBSERVED-NOW book scenario; fee/prices event-time,-0.8759999999999906,0.08316499999999999,,,,,,,,eligibility snapshot time unpublished,"sell: $5,000 exceeds visible top-of-book ($1,195) on ticker-only symbol; buy: $5,000 exceeds visible top-of-book ($2,576) on ticker-only symbol"
rGFS-2026-06-24-1,rGFS,RGFSUSDT,2026-06-24,open_0930,25000,0.12,0.3,0.084,82.727,83.603,13.516666666666667,0.0005,DOCUMENTED promotional 0.05% through 2026-08-31,after_hours,regular,2026-09-18T23:05:03.291954+00:00,ticker_only,2026-09-16T19:34:15.315933+00:00,ticker_only,OBSERVED-NOW book scenario; fee/prices event-time,-0.8759999999999906,0.08316499999999999,,,,,,,,eligibility snapshot time unpublished,"sell: $25,000 exceeds visible top-of-book ($1,195) on ticker-only symbol; buy: $25,000 exceeds visible top-of-book ($2,576) on ticker-only symbol"
rGFS-2026-06-24-1,rGFS,RGFSUSDT,2026-06-24,open_1000,1000,0.12,0.3,0.084,82.727,82.553,14.016666666666667,0.0005,DOCUMENTED promotional 0.05% through 2026-08-31,after_hours,regular,2026-09-18T23:05:03.291954+00:00,ticker_only,2026-09-16T19:34:15.315933+00:00,ticker_only,OBSERVED-NOW book scenario; fee/prices event-time,0.1740000000000066,0.08264,0.003543881592662116,0.0002329373398555325,0.31240436873325267,0.39504436873325266,-0.3050443687332461,3.992036406110439,,eligibility snapshot time unpublished,
rGFS-2026-06-24-1,rGFS,RGFSUSDT,2026-06-24,open_1000,5000,0.12,0.3,0.084,82.727,82.553,14.016666666666667,0.0005,DOCUMENTED promotional 0.05% through 2026-08-31,after_hours,regular,2026-09-18T23:05:03.291954+00:00,ticker_only,2026-09-16T19:34:15.315933+00:00,ticker_only,OBSERVED-NOW book scenario; fee/prices event-time,0.1740000000000066,0.08264,,,,,,,,eligibility snapshot time unpublished,"sell: $5,000 exceeds visible top-of-book ($1,195) on ticker-only symbol; buy: $5,000 exceeds visible top-of-book ($2,576) on ticker-only symbol"
rGFS-2026-06-24-1,rGFS,RGFSUSDT,2026-06-24,open_1000,25000,0.12,0.3,0.084,82.727,82.553,14.016666666666667,0.0005,DOCUMENTED promotional 0.05% through 2026-08-31,after_hours,regular,2026-09-18T23:05:03.291954+00:00,ticker_only,2026-09-16T19:34:15.315933+00:00,ticker_only,OBSERVED-NOW book scenario; fee/prices event-time,0.1740000000000066,0.08264,,,,,,,,eligibility snapshot time unpublished,"sell: $25,000 exceeds visible top-of-book ($1,195) on ticker-only symbol; buy: $25,000 exceeds visible top-of-book ($2,576) on ticker-only symbol"
rGFS-2026-06-24-1,rGFS,RGFSUSDT,2026-06-24,close_1600,1000,0.12,0.3,0.084,82.727,83.75,20.016666666666666,0.0005,DOCUMENTED promotional 0.05% through 2026-08-31,after_hours,after_hours,2026-09-18T23:05:03.291954+00:00,ticker_only,2026-09-18T23:05:03.291954+00:00,ticker_only,OBSERVED-NOW book scenario; fee/prices event-time,-1.0229999999999961,0.0832385,0.003543881592662116,,,,,,,eligibility snapshot time unpublished,"buy: $1,000 exceeds visible top-of-book ($481) on ticker-only symbol"
rGFS-2026-06-24-1,rGFS,RGFSUSDT,2026-06-24,close_1600,5000,0.12,0.3,0.084,82.727,83.75,20.016666666666666,0.0005,DOCUMENTED promotional 0.05% through 2026-08-31,after_hours,after_hours,2026-09-18T23:05:03.291954+00:00,ticker_only,2026-09-18T23:05:03.291954+00:00,ticker_only,OBSERVED-NOW book scenario; fee/prices event-time,-1.0229999999999961,0.0832385,,,,,,,,eligibility snapshot time unpublished,"sell: $5,000 exceeds visible top-of-book ($1,195) on ticker-only symbol; buy: $5,000 exceeds visible top-of-book ($481) on ticker-only symbol"
rGFS-2026-06-24-1,rGFS,RGFSUSDT,2026-06-24,close_1600,25000,0.12,0.3,0.084,82.727,83.75,20.016666666666666,0.0005,DOCUMENTED promotional 0.05% through 2026-08-31,after_hours,after_hours,2026-09-18T23:05:03.291954+00:00,ticker_only,2026-09-18T23:05:03.291954+00:00,ticker_only,OBSERVED-NOW book scenario; fee/prices event-time,-1.0229999999999961,0.0832385,,,,,,,,eligibility snapshot time unpublished,"sell: $25,000 exceeds visible top-of-book ($1,195) on ticker-only symbol; buy: $25,000 exceeds visible top-of-book ($481) on ticker-only symbol"
rHEI-2026-07-01-1,rHEI,RHEIUSDT,2026-07-01,overnight_2000,1000,0.13,0.3,0.091,354.6,354.6,11.25,0.0005,DOCUMENTED promotional 0.05% through 2026-08-31,after_hours,overnight,2026-09-18T23:05:03.291954+00:00,ticker_only,2026-09-19T03:05:03.356996+00:00,ticker_only,OBSERVED-NOW book scenario; fee/prices event-time,0.0,0.3546,,0.028617033405540972,,,,,,eligibility snapshot time unpublished,"sell: $1,000 exceeds visible top-of-book ($298) on ticker-only symbol"
rHEI-2026-07-01-1,rHEI,RHEIUSDT,2026-07-01,overnight_2000,5000,0.13,0.3,0.091,354.6,354.6,11.25,0.0005,DOCUMENTED promotional 0.05% through 2026-08-31,after_hours,overnight,2026-09-18T23:05:03.291954+00:00,ticker_only,2026-09-19T03:05:03.356996+00:00,ticker_only,OBSERVED-NOW book scenario; fee/prices event-time,0.0,0.3546,,0.028617033405540972,,,,,,eligibility snapshot time unpublished,"sell: $5,000 exceeds visible top-of-book ($298) on ticker-only symbol"
rHEI-2026-07-01-1,rHEI,RHEIUSDT,2026-07-01,overnight_2000,25000,0.13,0.3,0.091,354.6,354.6,11.25,0.0005,DOCUMENTED promotional 0.05% through 2026-08-31,after_hours,overnight,2026-09-18T23:05:03.291954+00:00,ticker_only,2026-09-19T03:05:03.356996+00:00,ticker_only,OBSERVED-NOW book scenario; fee/prices event-time,0.0,0.3546,,0.028617033405540972,,,,,,eligibility snapshot time unpublished,"sell: $25,000 exceeds visible top-of-book ($298) on ticker-only symbol"
rHEI-2026-07-01-1,rHEI,RHEIUSDT,2026-07-01,premarket_0400,1000,0.13,0.3,0.091,354.6,354.6,11.25,0.0005,DOCUMENTED promotional 0.05% through 2026-08-31,after_hours,pre_market,2026-09-18T23:05:03.291954+00:00,ticker_only,,,OBSERVED-NOW book scenario; fee/prices event-time,0.0,0.3546,,,,,,,,eligibility snapshot time unpublished,"sell: $1,000 exceeds visible top-of-book ($298) on ticker-only symbol; buy: no depth sample for this symbol/session"
rHEI-2026-07-01-1,rHEI,RHEIUSDT,2026-07-01,premarket_0400,5000,0.13,0.3,0.091,354.6,354.6,11.25,0.0005,DOCUMENTED promotional 0.05% through 2026-08-31,after_hours,pre_market,2026-09-18T23:05:03.291954+00:00,ticker_only,,,OBSERVED-NOW book scenario; fee/prices event-time,0.0,0.3546,,,,,,,,eligibility snapshot time unpublished,"sell: $5,000 exceeds visible top-of-book ($298) on ticker-only symbol; buy: no depth sample for this symbol/session"
rHEI-2026-07-01-1,rHEI,RHEIUSDT,2026-07-01,premarket_0400,25000,0.13,0.3,0.091,354.6,354.6,11.25,0.0005,DOCUMENTED promotional 0.05% through 2026-08-31,after_hours,pre_market,2026-09-18T23:05:03.291954+00:00,ticker_only,,,OBSERVED-NOW book scenario; fee/prices event-time,0.0,0.3546,,,,,,,,eligibility snapshot time unpublished,"sell: $25,000 exceeds visible top-of-book ($298) on ticker-only symbol; buy: no depth sample for this symbol/session"
rHEI-2026-07-01-1,rHEI,RHEIUSDT,2026-07-01,open_0930,1000,0.13,0.3,0.091,354.6,358.62,14.666666666666666,0.0005,DOCUMENTED promotional 0.05% through 2026-08-31,after_hours,regular,2026-09-18T23:05:03.291954+00:00,ticker_only,2026-09-16T19:34:15.315933+00:00,ticker_only,OBSERVED-NOW book scenario; fee/prices event-time,-4.019999999999982,0.35661000000000004,,0.000736870310825291,,,,,,eligibility snapshot time unpublished,"sell: $1,000 exceeds visible top-of-book ($298) on ticker-only symbol"
rHEI-2026-07-01-1,rHEI,RHEIUSDT,2026-07-01,open_0930,5000,0.13,0.3,0.091,354.6,358.62,14.666666666666666,0.0005,DOCUMENTED promotional 0.05% through 2026-08-31,after_hours,regular,2026-09-18T23:05:03.291954+00:00,ticker_only,2026-09-16T19:34:15.315933+00:00,ticker_only,OBSERVED-NOW book scenario; fee/prices event-time,-4.019999999999982,0.35661000000000004,,0.000736870310825291,,,,,,eligibility snapshot time unpublished,"sell: $5,000 exceeds visible top-of-book ($298) on ticker-only symbol"
rHEI-2026-07-01-1,rHEI,RHEIUSDT,2026-07-01,open_0930,25000,0.13,0.3,0.091,354.6,358.62,14.666666666666666,0.0005,DOCUMENTED promotional 0.05% through 2026-08-31,after_hours,regular,2026-09-18T23:05:03.291954+00:00,ticker_only,2026-09-16T19:34:15.315933+00:00,ticker_only,OBSERVED-NOW book scenario; fee/prices event-time,-4.019999999999982,0.35661000000000004,,0.000736870310825291,,,,,,eligibility snapshot time unpublished,"sell: $25,000 exceeds visible top-of-book ($298) on ticker-only symbol"
rHEI-2026-07-01-1,rHEI,RHEIUSDT,2026-07-01,open_1000,1000,0.13,0.3,0.091,354.6,358.998,15.166666666666666,0.0005,DOCUMENTED promotional 0.05% through 2026-08-31,after_hours,regular,2026-09-18T23:05:03.291954+00:00,ticker_only,2026-09-16T19:34:15.315933+00:00,ticker_only,OBSERVED-NOW book scenario; fee/prices event-time,-4.397999999999968,0.356799,,0.000736870310825291,,,,,,eligibility snapshot time unpublished,"sell: $1,000 exceeds visible top-of-book ($298) on ticker-only symbol"
rHEI-2026-07-01-1,rHEI,RHEIUSDT,2026-07-01,open_1000,5000,0.13,0.3,0.091,354.6,358.998,15.166666666666666,0.0005,DOCUMENTED promotional 0.05% through 2026-08-31,after_hours,regular,2026-09-18T23:05:03.291954+00:00,ticker_only,2026-09-16T19:34:15.315933+00:00,ticker_only,OBSERVED-NOW book scenario; fee/prices event-time,-4.397999999999968,0.356799,,0.000736870310825291,,,,,,eligibility snapshot time unpublished,"sell: $5,000 exceeds visible top-of-book ($298) on ticker-only symbol"
rHEI-2026-07-01-1,rHEI,RHEIUSDT,2026-07-01,open_1000,25000,0.13,0.3,0.091,354.6,358.998,15.166666666666666,0.0005,DOCUMENTED promotional 0.05% through 2026-08-31,after_hours,regular,2026-09-18T23:05:03.291954+00:00,ticker_only,2026-09-16T19:34:15.315933+00:00,ticker_only,OBSERVED-NOW book scenario; fee/prices event-time,-4.397999999999968,0.356799,,0.000736870310825291,,,,,,eligibility snapshot time unpublished,"sell: $25,000 exceeds visible top-of-book ($298) on ticker-only symbol"
rHEI-2026-07-01-1,rHEI,RHEIUSDT,2026-07-01,close_1600,1000,0.13,0.3,0.091,354.6,359.805,21.166666666666668,0.0005,DOCUMENTED promotional 0.05% through 2026-08-31,after_hours,after_hours,2026-09-18T23:05:03.291954+00:00,ticker_only,2026-09-18T23:05:03.291954+00:00,ticker_only,OBSERVED-NOW book scenario; fee/prices event-time,-5.204999999999984,0.3572025,,0.028617033405540972,,,,,,eligibility snapshot time unpublished,"sell: $1,000 exceeds visible top-of-book ($298) on ticker-only symbol"
rHEI-2026-07-01-1,rHEI,RHEIUSDT,2026-07-01,close_1600,5000,0.13,0.3,0.091,354.6,359.805,21.166666666666668,0.0005,DOCUMENTED promotional 0.05% through 2026-08-31,after_hours,after_hours,2026-09-18T23:05:03.291954+00:00,ticker_only,2026-09-18T23:05:03.291954+00:00,ticker_only,OBSERVED-NOW book scenario; fee/prices event-time,-5.204999999999984,0.3572025,,0.028617033405540972,,,,,,eligibility snapshot time unpublished,"sell: $5,000 exceeds visible top-of-book ($298) on ticker-only symbol"
rHEI-2026-07-01-1,rHEI,RHEIUSDT,2026-07-01,close_1600,25000,0.13,0.3,0.091,354.6,359.805,21.166666666666668,0.0005,DOCUMENTED promotional 0.05% through 2026-08-31,after_hours,after_hours,2026-09-18T23:05:03.291954+00:00,ticker_only,2026-09-18T23:05:03.291954+00:00,ticker_only,OBSERVED-NOW book scenario; fee/prices event-time,-5.204999999999984,0.3572025,,0.028617033405540972,,,,,,eligibility snapshot time unpublished,"sell: $25,000 exceeds visible top-of-book ($298) on ticker-only symbol"
rHPE-2026-06-16-1,rHPE,RHPEUSDT,2026-06-16,overnight_2000,1000,0.1425,0.3,0.09975,48.804,48.49,0.016666666666666666,0.0005,DOCUMENTED promotional 0.05% through 2026-08-31,after_hours,overnight,2026-09-18T23:05:03.291954+00:00,ticker_only,2026-09-19T03:05:03.356996+00:00,ticker_only,OBSERVED-NOW book scenario; fee/prices event-time,0.31400000000000006,0.04864700000000001,0.0005746654626056997,0.0016447368421052282,0.10779926271069108,0.1564462627106911,0.05780373728930896,1.797868510250464,-0.3706962627106911,eligibility snapshot time unpublished,
rHPE-2026-06-16-1,rHPE,RHPEUSDT,2026-06-16,overnight_2000,5000,0.1425,0.3,0.09975,48.804,48.49,0.016666666666666666,0.0005,DOCUMENTED promotional 0.05% through 2026-08-31,after_hours,overnight,2026-09-18T23:05:03.291954+00:00,ticker_only,2026-09-19T03:05:03.356996+00:00,ticker_only,OBSERVED-NOW book scenario; fee/prices event-time,0.31400000000000006,0.04864700000000001,0.0005746654626056997,0.0016447368421052282,0.10779926271069108,0.1564462627106911,0.05780373728930896,1.797868510250464,,eligibility snapshot time unpublished,
rHPE-2026-06-16-1,rHPE,RHPEUSDT,2026-06-16,overnight_2000,25000,0.1425,0.3,0.09975,48.804,48.49,0.016666666666666666,0.0005,DOCUMENTED promotional 0.05% through 2026-08-31,after_hours,overnight,2026-09-18T23:05:03.291954+00:00,ticker_only,2026-09-19T03:05:03.356996+00:00,ticker_only,OBSERVED-NOW book scenario; fee/prices event-time,0.31400000000000006,0.04864700000000001,,0.0016447368421052282,,,,,,eligibility snapshot time unpublished,"sell: $25,000 exceeds visible top-of-book ($12,174) on ticker-only symbol"
rHPE-2026-06-16-1,rHPE,RHPEUSDT,2026-06-16,premarket_0400,1000,0.1425,0.3,0.09975,48.804,49.065,8.016666666666667,0.0005,DOCUMENTED promotional 0.05% through 2026-08-31,after_hours,pre_market,2026-09-18T23:05:03.291954+00:00,ticker_only,,,OBSERVED-NOW book scenario; fee/prices event-time,-0.2609999999999957,0.0489345,0.0005746654626056997,,,,,,,eligibility snapshot time unpublished,buy: no depth sample for this symbol/session
rHPE-2026-06-16-1,rHPE,RHPEUSDT,2026-06-16,premarket_0400,5000,0.1425,0.3,0.09975,48.804,49.065,8.016666666666667,0.0005,DOCUMENTED promotional 0.05% through 2026-08-31,after_hours,pre_market,2026-09-18T23:05:03.291954+00:00,ticker_only,,,OBSERVED-NOW book scenario; fee/prices event-time,-0.2609999999999957,0.0489345,0.0005746654626056997,,,,,,,eligibility snapshot time unpublished,buy: no depth sample for this symbol/session
rHPE-2026-06-16-1,rHPE,RHPEUSDT,2026-06-16,premarket_0400,25000,0.1425,0.3,0.09975,48.804,49.065,8.016666666666667,0.0005,DOCUMENTED promotional 0.05% through 2026-08-31,after_hours,pre_market,2026-09-18T23:05:03.291954+00:00,ticker_only,,,OBSERVED-NOW book scenario; fee/prices event-time,-0.2609999999999957,0.0489345,,,,,,,,eligibility snapshot time unpublished,"sell: $25,000 exceeds visible top-of-book ($12,174) on ticker-only symbol; buy: no depth sample for this symbol/session"
rHPE-2026-06-16-1,rHPE,RHPEUSDT,2026-06-16,open_0930,1000,0.1425,0.3,0.09975,48.804,49.17,13.516666666666667,0.0005,DOCUMENTED promotional 0.05% through 2026-08-31,after_hours,regular,2026-09-18T23:05:03.291954+00:00,ticker_only,2026-09-16T19:34:15.315933+00:00,ticker_only,OBSERVED-NOW book scenario; fee/prices event-time,-0.36599999999999966,0.048987,0.0005746654626056997,,,,,,,eligibility snapshot time unpublished,"buy: $1,000 exceeds visible top-of-book ($621) on ticker-only symbol"
rHPE-2026-06-16-1,rHPE,RHPEUSDT,2026-06-16,open_0930,5000,0.1425,0.3,0.09975,48.804,49.17,13.516666666666667,0.0005,DOCUMENTED promotional 0.05% through 2026-08-31,after_hours,regular,2026-09-18T23:05:03.291954+00:00,ticker_only,2026-09-16T19:34:15.315933+00:00,ticker_only,OBSERVED-NOW book scenario; fee/prices event-time,-0.36599999999999966,0.048987,0.0005746654626056997,,,,,,,eligibility snapshot time unpublished,"buy: $5,000 exceeds visible top-of-book ($621) on ticker-only symbol"
rHPE-2026-06-16-1,rHPE,RHPEUSDT,2026-06-16,open_0930,25000,0.1425,0.3,0.09975,48.804,49.17,13.516666666666667,0.0005,DOCUMENTED promotional 0.05% through 2026-08-31,after_hours,regular,2026-09-18T23:05:03.291954+00:00,ticker_only,2026-09-16T19:34:15.315933+00:00,ticker_only,OBSERVED-NOW book scenario; fee/prices event-time,-0.36599999999999966,0.048987,,,,,,,,eligibility snapshot time unpublished,"sell: $25,000 exceeds visible top-of-book ($12,174) on ticker-only symbol; buy: $25,000 exceeds visible top-of-book ($621) on ticker-only symbol"
rHPE-2026-06-16-1,rHPE,RHPEUSDT,2026-06-16,open_1000,1000,0.1425,0.3,0.09975,48.804,49.776,14.016666666666667,0.0005,DOCUMENTED promotional 0.05% through 2026-08-31,after_hours,regular,2026-09-18T23:05:03.291954+00:00,ticker_only,2026-09-16T19:34:15.315933+00:00,ticker_only,OBSERVED-NOW book scenario; fee/prices event-time,-0.9720000000000013,0.04929000000000001,0.0005746654626056997,,,,,,,eligibility snapshot time unpublished,"buy: $1,000 exceeds visible top-of-book ($621) on ticker-only symbol"
rHPE-2026-06-16-1,rHPE,RHPEUSDT,2026-06-16,open_1000,5000,0.1425,0.3,0.09975,48.804,49.776,14.016666666666667,0.0005,DOCUMENTED promotional 0.05% through 2026-08-31,after_hours,regular,2026-09-18T23:05:03.291954+00:00,ticker_only,2026-09-16T19:34:15.315933+00:00,ticker_only,OBSERVED-NOW book scenario; fee/prices event-time,-0.9720000000000013,0.04929000000000001,0.0005746654626056997,,,,,,,eligibility snapshot time unpublished,"buy: $5,000 exceeds visible top-of-book ($621) on ticker-only symbol"
rHPE-2026-06-16-1,rHPE,RHPEUSDT,2026-06-16,open_1000,25000,0.1425,0.3,0.09975,48.804,49.776,14.016666666666667,0.0005,DOCUMENTED promotional 0.05% through 2026-08-31,after_hours,regular,2026-09-18T23:05:03.291954+00:00,ticker_only,2026-09-16T19:34:15.315933+00:00,ticker_only,OBSERVED-NOW book scenario; fee/prices event-time,-0.9720000000000013,0.04929000000000001,,,,,,,,eligibility snapshot time unpublished,"sell: $25,000 exceeds visible top-of-book ($12,174) on ticker-only symbol; buy: $25,000 exceeds visible top-of-book ($621) on ticker-only symbol"
rHPE-2026-06-16-1,rHPE,RHPEUSDT,2026-06-16,close_1600,1000,0.1425,0.3,0.09975,48.804,48.395,20.016666666666666,0.0005,DOCUMENTED promotional 0.05% through 2026-08-31,after_hours,after_hours,2026-09-18T23:05:03.291954+00:00,ticker_only,2026-09-18T23:05:03.291954+00:00,ticker_only,OBSERVED-NOW book scenario; fee/prices event-time,0.4089999999999989,0.048599500000000004,0.0005746654626056997,0.0005746654626056997,0.05585690829981141,0.10445640829981141,0.20479359170018752,1.4330274266653433,-0.4137064082998103,eligibility snapshot time unpublished,
rHPE-2026-06-16-1,rHPE,RHPEUSDT,2026-06-16,close_1600,5000,0.1425,0.3,0.09975,48.804,48.395,20.016666666666666,0.0005,DOCUMENTED promotional 0.05% through 2026-08-31,after_hours,after_hours,2026-09-18T23:05:03.291954+00:00,ticker_only,2026-09-18T23:05:03.291954+00:00,ticker_only,OBSERVED-NOW book scenario; fee/prices event-time,0.4089999999999989,0.048599500000000004,0.0005746654626056997,0.0005746654626056997,0.05585690829981141,0.10445640829981141,0.20479359170018752,1.4330274266653433,-0.4137064082998103,eligibility snapshot time unpublished,
rHPE-2026-06-16-1,rHPE,RHPEUSDT,2026-06-16,close_1600,25000,0.1425,0.3,0.09975,48.804,48.395,20.016666666666666,0.0005,DOCUMENTED promotional 0.05% through 2026-08-31,after_hours,after_hours,2026-09-18T23:05:03.291954+00:00,ticker_only,2026-09-18T23:05:03.291954+00:00,ticker_only,OBSERVED-NOW book scenario; fee/prices event-time,0.4089999999999989,0.048599500000000004,,,,,,,,eligibility snapshot time unpublished,"sell: $25,000 exceeds visible top-of-book ($12,174) on ticker-only symbol; buy: $25,000 exceeds visible top-of-book ($21,512) on ticker-only symbol"
rHIMX-2026-06-30-1,rHIMX,RHIMXUSDT,2026-06-30,overnight_2000,1000,0.242,0.3,0.1694,14.722,14.31,0.26666666666666666,0.0005,DOCUMENTED promotional 0.05% through 2026-08-31,after_hours,overnight,2026-09-18T23:05:03.291954+00:00,ticker_only,2026-09-19T03:05:03.356996+00:00,ticker_only,OBSERVED-NOW book scenario; fee/prices event-time,0.41199999999999903,0.014516000000000001,,0.012389380530973501,,,,,,eligibility snapshot time unpublished,"sell: $1,000 exceeds visible top-of-book ($140) on ticker-only symbol"
rHIMX-2026-06-30-1,rHIMX,RHIMXUSDT,2026-06-30,overnight_2000,5000,0.242,0.3,0.1694,14.722,14.31,0.26666666666666666,0.0005,DOCUMENTED promotional 0.05% through 2026-08-31,after_hours,overnight,2026-09-18T23:05:03.291954+00:00,ticker_only,2026-09-19T03:05:03.356996+00:00,ticker_only,OBSERVED-NOW book scenario; fee/prices event-time,0.41199999999999903,0.014516000000000001,,,,,,,,eligibility snapshot time unpublished,"sell: $5,000 exceeds visible top-of-book ($140) on ticker-only symbol; buy: $5,000 exceeds visible top-of-book ($2,860) on ticker-only symbol"
rHIMX-2026-06-30-1,rHIMX,RHIMXUSDT,2026-06-30,overnight_2000,25000,0.242,0.3,0.1694,14.722,14.31,0.26666666666666666,0.0005,DOCUMENTED promotional 0.05% through 2026-08-31,after_hours,overnight,2026-09-18T23:05:03.291954+00:00,ticker_only,2026-09-19T03:05:03.356996+00:00,ticker_only,OBSERVED-NOW book scenario; fee/prices event-time,0.41199999999999903,0.014516000000000001,,,,,,,,eligibility snapshot time unpublished,"sell: $25,000 exceeds visible top-of-book ($140) on ticker-only symbol; buy: $25,000 exceeds visible top-of-book ($2,860) on ticker-only symbol"
rHIMX-2026-06-30-1,rHIMX,RHIMXUSDT,2026-06-30,premarket_0400,1000,0.242,0.3,0.1694,14.722,14.72,8.033333333333333,0.0005,DOCUMENTED promotional 0.05% through 2026-08-31,after_hours,pre_market,2026-09-18T23:05:03.291954+00:00,ticker_only,,,OBSERVED-NOW book scenario; fee/prices event-time,0.0019999999999988916,0.014721,,,,,,,,eligibility snapshot time unpublished,"sell: $1,000 exceeds visible top-of-book ($140) on ticker-only symbol; buy: no depth sample for this symbol/session"
rHIMX-2026-06-30-1,rHIMX,RHIMXUSDT,2026-06-30,premarket_0400,5000,0.242,0.3,0.1694,14.722,14.72,8.033333333333333,0.0005,DOCUMENTED promotional 0.05% through 2026-08-31,after_hours,pre_market,2026-09-18T23:05:03.291954+00:00,ticker_only,,,OBSERVED-NOW book scenario; fee/prices event-time,0.0019999999999988916,0.014721,,,,,,,,eligibility snapshot time unpublished,"sell: $5,000 exceeds visible top-of-book ($140) on ticker-only symbol; buy: no depth sample for this symbol/session"
rHIMX-2026-06-30-1,rHIMX,RHIMXUSDT,2026-06-30,premarket_0400,25000,0.242,0.3,0.1694,14.722,14.72,8.033333333333333,0.0005,DOCUMENTED promotional 0.05% through 2026-08-31,after_hours,pre_market,2026-09-18T23:05:03.291954+00:00,ticker_only,,,OBSERVED-NOW book scenario; fee/prices event-time,0.0019999999999988916,0.014721,,,,,,,,eligibility snapshot time unpublished,"sell: $25,000 exceeds visible top-of-book ($140) on ticker-only symbol; buy: no depth sample for this symbol/session"
rHIMX-2026-06-30-1,rHIMX,RHIMXUSDT,2026-06-30,open_0930,1000,0.242,0.3,0.1694,14.722,14.706,13.533333333333333,0.0005,DOCUMENTED promotional 0.05% through 2026-08-31,after_hours,regular,2026-09-18T23:05:03.291954+00:00,ticker_only,2026-09-16T19:34:15.315933+00:00,ticker_only,OBSERVED-NOW book scenario; fee/prices event-time,0.016000000000000014,0.014714,,,,,,,,eligibility snapshot time unpublished,"sell: $1,000 exceeds visible top-of-book ($140) on ticker-only symbol; buy: $1,000 exceeds visible top-of-book ($78) on ticker-only symbol"
rHIMX-2026-06-30-1,rHIMX,RHIMXUSDT,2026-06-30,open_0930,5000,0.242,0.3,0.1694,14.722,14.706,13.533333333333333,0.0005,DOCUMENTED promotional 0.05% through 2026-08-31,after_hours,regular,2026-09-18T23:05:03.291954+00:00,ticker_only,2026-09-16T19:34:15.315933+00:00,ticker_only,OBSERVED-NOW book scenario; fee/prices event-time,0.016000000000000014,0.014714,,,,,,,,eligibility snapshot time unpublished,"sell: $5,000 exceeds visible top-of-book ($140) on ticker-only symbol; buy: $5,000 exceeds visible top-of-book ($78) on ticker-only symbol"
rHIMX-2026-06-30-1,rHIMX,RHIMXUSDT,2026-06-30,open_0930,25000,0.242,0.3,0.1694,14.722,14.706,13.533333333333333,0.0005,DOCUMENTED promotional 0.05% through 2026-08-31,after_hours,regular,2026-09-18T23:05:03.291954+00:00,ticker_only,2026-09-16T19:34:15.315933+00:00,ticker_only,OBSERVED-NOW book scenario; fee/prices event-time,0.016000000000000014,0.014714,,,,,,,,eligibility snapshot time unpublished,"sell: $25,000 exceeds visible top-of-book ($140) on ticker-only symbol; buy: $25,000 exceeds visible top-of-book ($78) on ticker-only symbol"
rHIMX-2026-06-30-1,rHIMX,RHIMXUSDT,2026-06-30,open_1000,1000,0.242,0.3,0.1694,14.722,14.94,14.033333333333333,0.0005,DOCUMENTED promotional 0.05% through 2026-08-31,after_hours,regular,2026-09-18T23:05:03.291954+00:00,ticker_only,2026-09-16T19:34:15.315933+00:00,ticker_only,OBSERVED-NOW book scenario; fee/prices event-time,-0.21799999999999997,0.014831,,,,,,,,eligibility snapshot time unpublished,"sell: $1,000 exceeds visible top-of-book ($140) on ticker-only symbol; buy: $1,000 exceeds visible top-of-book ($78) on ticker-only symbol"
rHIMX-2026-06-30-1,rHIMX,RHIMXUSDT,2026-06-30,open_1000,5000,0.242,0.3,0.1694,14.722,14.94,14.033333333333333,0.0005,DOCUMENTED promotional 0.05% through 2026-08-31,after_hours,regular,2026-09-18T23:05:03.291954+00:00,ticker_only,2026-09-16T19:34:15.315933+00:00,ticker_only,OBSERVED-NOW book scenario; fee/prices event-time,-0.21799999999999997,0.014831,,,,,,,,eligibility snapshot time unpublished,"sell: $5,000 exceeds visible top-of-book ($140) on ticker-only symbol; buy: $5,000 exceeds visible top-of-book ($78) on ticker-only symbol"
rHIMX-2026-06-30-1,rHIMX,RHIMXUSDT,2026-06-30,open_1000,25000,0.242,0.3,0.1694,14.722,14.94,14.033333333333333,0.0005,DOCUMENTED promotional 0.05% through 2026-08-31,after_hours,regular,2026-09-18T23:05:03.291954+00:00,ticker_only,2026-09-16T19:34:15.315933+00:00,ticker_only,OBSERVED-NOW book scenario; fee/prices event-time,-0.21799999999999997,0.014831,,,,,,,,eligibility snapshot time unpublished,"sell: $25,000 exceeds visible top-of-book ($140) on ticker-only symbol; buy: $25,000 exceeds visible top-of-book ($78) on ticker-only symbol"
rHIMX-2026-06-30-1,rHIMX,RHIMXUSDT,2026-06-30,close_1600,1000,0.242,0.3,0.1694,14.722,15.34,20.033333333333335,0.0005,DOCUMENTED promotional 0.05% through 2026-08-31,after_hours,after_hours,2026-09-18T23:05:03.291954+00:00,ticker_only,2026-09-18T23:05:03.291954+00:00,ticker_only,OBSERVED-NOW book scenario; fee/prices event-time,-0.6180000000000003,0.015031,,,,,,,,eligibility snapshot time unpublished,"sell: $1,000 exceeds visible top-of-book ($140) on ticker-only symbol; buy: $1,000 exceeds visible top-of-book ($14) on ticker-only symbol"
rHIMX-2026-06-30-1,rHIMX,RHIMXUSDT,2026-06-30,close_1600,5000,0.242,0.3,0.1694,14.722,15.34,20.033333333333335,0.0005,DOCUMENTED promotional 0.05% through 2026-08-31,after_hours,after_hours,2026-09-18T23:05:03.291954+00:00,ticker_only,2026-09-18T23:05:03.291954+00:00,ticker_only,OBSERVED-NOW book scenario; fee/prices event-time,-0.6180000000000003,0.015031,,,,,,,,eligibility snapshot time unpublished,"sell: $5,000 exceeds visible top-of-book ($140) on ticker-only symbol; buy: $5,000 exceeds visible top-of-book ($14) on ticker-only symbol"
rHIMX-2026-06-30-1,rHIMX,RHIMXUSDT,2026-06-30,close_1600,25000,0.242,0.3,0.1694,14.722,15.34,20.033333333333335,0.0005,DOCUMENTED promotional 0.05% through 2026-08-31,after_hours,after_hours,2026-09-18T23:05:03.291954+00:00,ticker_only,2026-09-18T23:05:03.291954+00:00,ticker_only,OBSERVED-NOW book scenario; fee/prices event-time,-0.6180000000000003,0.015031,,,,,,,,eligibility snapshot time unpublished,"sell: $25,000 exceeds visible top-of-book ($140) on ticker-only symbol; buy: $25,000 exceeds visible top-of-book ($14) on ticker-only symbol"
rHYS-2026-07-01-1,rHYS,RHYSUSDT,2026-07-01,overnight_2000,1000,0.57,0.3,0.399,93.51,93.51,17.183333333333334,0.0005,DOCUMENTED promotional 0.05% through 2026-08-31,after_hours,overnight,2026-09-18T23:05:03.291954+00:00,ticker_only,2026-09-19T03:05:03.356996+00:00,ticker_only,OBSERVED-NOW book scenario; fee/prices event-time,0.0,0.09351000000000001,,0.048073927941023734,,,,,,eligibility snapshot time unpublished,"sell: $1,000 exceeds visible top-of-book ($92) on ticker-only symbol"
rHYS-2026-07-01-1,rHYS,RHYSUSDT,2026-07-01,overnight_2000,5000,0.57,0.3,0.399,93.51,93.51,17.183333333333334,0.0005,DOCUMENTED promotional 0.05% through 2026-08-31,after_hours,overnight,2026-09-18T23:05:03.291954+00:00,ticker_only,2026-09-19T03:05:03.356996+00:00,ticker_only,OBSERVED-NOW book scenario; fee/prices event-time,0.0,0.09351000000000001,,0.048073927941023734,,,,,,eligibility snapshot time unpublished,"sell: $5,000 exceeds visible top-of-book ($92) on ticker-only symbol"
rHYS-2026-07-01-1,rHYS,RHYSUSDT,2026-07-01,overnight_2000,25000,0.57,0.3,0.399,93.51,93.51,17.183333333333334,0.0005,DOCUMENTED promotional 0.05% through 2026-08-31,after_hours,overnight,2026-09-18T23:05:03.291954+00:00,ticker_only,2026-09-19T03:05:03.356996+00:00,ticker_only,OBSERVED-NOW book scenario; fee/prices event-time,0.0,0.09351000000000001,,,,,,,,eligibility snapshot time unpublished,"sell: $25,000 exceeds visible top-of-book ($92) on ticker-only symbol; buy: $25,000 exceeds visible top-of-book ($10,094) on ticker-only symbol"
rHYS-2026-07-01-1,rHYS,RHYSUSDT,2026-07-01,premarket_0400,1000,0.57,0.3,0.399,93.51,93.51,17.183333333333334,0.0005,DOCUMENTED promotional 0.05% through 2026-08-31,after_hours,pre_market,2026-09-18T23:05:03.291954+00:00,ticker_only,,,OBSERVED-NOW book scenario; fee/prices event-time,0.0,0.09351000000000001,,,,,,,,eligibility snapshot time unpublished,"sell: $1,000 exceeds visible top-of-book ($92) on ticker-only symbol; buy: no depth sample for this symbol/session"
rHYS-2026-07-01-1,rHYS,RHYSUSDT,2026-07-01,premarket_0400,5000,0.57,0.3,0.399,93.51,93.51,17.183333333333334,0.0005,DOCUMENTED promotional 0.05% through 2026-08-31,after_hours,pre_market,2026-09-18T23:05:03.291954+00:00,ticker_only,,,OBSERVED-NOW book scenario; fee/prices event-time,0.0,0.09351000000000001,,,,,,,,eligibility snapshot time unpublished,"sell: $5,000 exceeds visible top-of-book ($92) on ticker-only symbol; buy: no depth sample for this symbol/session"
rHYS-2026-07-01-1,rHYS,RHYSUSDT,2026-07-01,premarket_0400,25000,0.57,0.3,0.399,93.51,93.51,17.183333333333334,0.0005,DOCUMENTED promotional 0.05% through 2026-08-31,after_hours,pre_market,2026-09-18T23:05:03.291954+00:00,ticker_only,,,OBSERVED-NOW book scenario; fee/prices event-time,0.0,0.09351000000000001,,,,,,,,eligibility snapshot time unpublished,"sell: $25,000 exceeds visible top-of-book ($92) on ticker-only symbol; buy: no depth sample for this symbol/session"
rHYS-2026-07-01-1,rHYS,RHYSUSDT,2026-07-01,open_0930,1000,0.57,0.3,0.399,93.51,92.881,17.333333333333332,0.0005,DOCUMENTED promotional 0.05% through 2026-08-31,after_hours,regular,2026-09-18T23:05:03.291954+00:00,ticker_only,2026-09-16T19:34:15.315933+00:00,ticker_only,OBSERVED-NOW book scenario; fee/prices event-time,0.6290000000000049,0.09319550000000001,,,,,,,,eligibility snapshot time unpublished,"sell: $1,000 exceeds visible top-of-book ($92) on ticker-only symbol; buy: $1,000 exceeds visible top-of-book ($92) on ticker-only symbol"
rHYS-2026-07-01-1,rHYS,RHYSUSDT,2026-07-01,open_0930,5000,0.57,0.3,0.399,93.51,92.881,17.333333333333332,0.0005,DOCUMENTED promotional 0.05% through 2026-08-31,after_hours,regular,2026-09-18T23:05:03.291954+00:00,ticker_only,2026-09-16T19:34:15.315933+00:00,ticker_only,OBSERVED-NOW book scenario; fee/prices event-time,0.6290000000000049,0.09319550000000001,,,,,,,,eligibility snapshot time unpublished,"sell: $5,000 exceeds visible top-of-book ($92) on ticker-only symbol; buy: $5,000 exceeds visible top-of-book ($92) on ticker-only symbol"
rHYS-2026-07-01-1,rHYS,RHYSUSDT,2026-07-01,open_0930,25000,0.57,0.3,0.399,93.51,92.881,17.333333333333332,0.0005,DOCUMENTED promotional 0.05% through 2026-08-31,after_hours,regular,2026-09-18T23:05:03.291954+00:00,ticker_only,2026-09-16T19:34:15.315933+00:00,ticker_only,OBSERVED-NOW book scenario; fee/prices event-time,0.6290000000000049,0.09319550000000001,,,,,,,,eligibility snapshot time unpublished,"sell: $25,000 exceeds visible top-of-book ($92) on ticker-only symbol; buy: $25,000 exceeds visible top-of-book ($92) on ticker-only symbol"
rHYS-2026-07-01-1,rHYS,RHYSUSDT,2026-07-01,open_1000,1000,0.57,0.3,0.399,93.51,92.903,17.85,0.0005,DOCUMENTED promotional 0.05% through 2026-08-31,after_hours,regular,2026-09-18T23:05:03.291954+00:00,ticker_only,2026-09-16T19:34:15.315933+00:00,ticker_only,OBSERVED-NOW book scenario; fee/prices event-time,0.6069999999999993,0.09320650000000001,,,,,,,,eligibility snapshot time unpublished,"sell: $1,000 exceeds visible top-of-book ($92) on ticker-only symbol; buy: $1,000 exceeds visible top-of-book ($92) on ticker-only symbol"
rHYS-2026-07-01-1,rHYS,RHYSUSDT,2026-07-01,open_1000,5000,0.57,0.3,0.399,93.51,92.903,17.85,0.0005,DOCUMENTED promotional 0.05% through 2026-08-31,after_hours,regular,2026-09-18T23:05:03.291954+00:00,ticker_only,2026-09-16T19:34:15.315933+00:00,ticker_only,OBSERVED-NOW book scenario; fee/prices event-time,0.6069999999999993,0.09320650000000001,,,,,,,,eligibility snapshot time unpublished,"sell: $5,000 exceeds visible top-of-book ($92) on ticker-only symbol; buy: $5,000 exceeds visible top-of-book ($92) on ticker-only symbol"
rHYS-2026-07-01-1,rHYS,RHYSUSDT,2026-07-01,open_1000,25000,0.57,0.3,0.399,93.51,92.903,17.85,0.0005,DOCUMENTED promotional 0.05% through 2026-08-31,after_hours,regular,2026-09-18T23:05:03.291954+00:00,ticker_only,2026-09-16T19:34:15.315933+00:00,ticker_only,OBSERVED-NOW book scenario; fee/prices event-time,0.6069999999999993,0.09320650000000001,,,,,,,,eligibility snapshot time unpublished,"sell: $25,000 exceeds visible top-of-book ($92) on ticker-only symbol; buy: $25,000 exceeds visible top-of-book ($92) on ticker-only symbol"
rHYS-2026-07-01-1,rHYS,RHYSUSDT,2026-07-01,close_1600,1000,0.57,0.3,0.399,93.51,92.97,23.833333333333332,0.0005,DOCUMENTED promotional 0.05% through 2026-08-31,after_hours,after_hours,2026-09-18T23:05:03.291954+00:00,ticker_only,2026-09-18T23:05:03.291954+00:00,ticker_only,OBSERVED-NOW book scenario; fee/prices event-time,0.5400000000000063,0.09324000000000002,,0.048073927941023734,,,,,,eligibility snapshot time unpublished,"sell: $1,000 exceeds visible top-of-book ($92) on ticker-only symbol"
rHYS-2026-07-01-1,rHYS,RHYSUSDT,2026-07-01,close_1600,5000,0.57,0.3,0.399,93.51,92.97,23.833333333333332,0.0005,DOCUMENTED promotional 0.05% through 2026-08-31,after_hours,after_hours,2026-09-18T23:05:03.291954+00:00,ticker_only,2026-09-18T23:05:03.291954+00:00,ticker_only,OBSERVED-NOW book scenario; fee/prices event-time,0.5400000000000063,0.09324000000000002,,0.048073927941023734,,,,,,eligibility snapshot time unpublished,"sell: $5,000 exceeds visible top-of-book ($92) on ticker-only symbol"
rHYS-2026-07-01-1,rHYS,RHYSUSDT,2026-07-01,close_1600,25000,0.57,0.3,0.399,93.51,92.97,23.833333333333332,0.0005,DOCUMENTED promotional 0.05% through 2026-08-31,after_hours,after_hours,2026-09-18T23:05:03.291954+00:00,ticker_only,2026-09-18T23:05:03.291954+00:00,ticker_only,OBSERVED-NOW book scenario; fee/prices event-time,0.5400000000000063,0.09324000000000002,,,,,,,,eligibility snapshot time unpublished,"sell: $25,000 exceeds visible top-of-book ($92) on ticker-only symbol; buy: $25,000 exceeds visible top-of-book ($10,094) on ticker-only symbol"
rHYS-2026-08-03-1,rHYS,RHYSUSDT,2026-08-03,overnight_2000,1000,0.55000001,0.3,0.385000007,92.785,92.757,56.38333333333333,0.0005,DOCUMENTED promotional 0.05% through 2026-08-31,after_hours,overnight,2026-09-18T23:05:03.291954+00:00,ticker_only,2026-09-19T03:05:03.356996+00:00,ticker_only,OBSERVED-NOW book scenario; fee/prices event-time,0.027999999999991587,0.092771,,0.048073927941023734,,,,,,eligibility snapshot time unpublished,"sell: $1,000 exceeds visible top-of-book ($92) on ticker-only symbol"
rHYS-2026-08-03-1,rHYS,RHYSUSDT,2026-08-03,overnight_2000,5000,0.55000001,0.3,0.385000007,92.785,92.757,56.38333333333333,0.0005,DOCUMENTED promotional 0.05% through 2026-08-31,after_hours,overnight,2026-09-18T23:05:03.291954+00:00,ticker_only,2026-09-19T03:05:03.356996+00:00,ticker_only,OBSERVED-NOW book scenario; fee/prices event-time,0.027999999999991587,0.092771,,0.048073927941023734,,,,,,eligibility snapshot time unpublished,"sell: $5,000 exceeds visible top-of-book ($92) on ticker-only symbol"
rHYS-2026-08-03-1,rHYS,RHYSUSDT,2026-08-03,overnight_2000,25000,0.55000001,0.3,0.385000007,92.785,92.757,56.38333333333333,0.0005,DOCUMENTED promotional 0.05% through 2026-08-31,after_hours,overnight,2026-09-18T23:05:03.291954+00:00,ticker_only,2026-09-19T03:05:03.356996+00:00,ticker_only,OBSERVED-NOW book scenario; fee/prices event-time,0.027999999999991587,0.092771,,,,,,,,eligibility snapshot time unpublished,"sell: $25,000 exceeds visible top-of-book ($92) on ticker-only symbol; buy: $25,000 exceeds visible top-of-book ($10,094) on ticker-only symbol"
rHYS-2026-08-03-1,rHYS,RHYSUSDT,2026-08-03,premarket_0400,1000,0.55000001,0.3,0.385000007,92.785,92.757,56.38333333333333,0.0005,DOCUMENTED promotional 0.05% through 2026-08-31,after_hours,pre_market,2026-09-18T23:05:03.291954+00:00,ticker_only,,,OBSERVED-NOW book scenario; fee/prices event-time,0.027999999999991587,0.092771,,,,,,,,eligibility snapshot time unpublished,"sell: $1,000 exceeds visible top-of-book ($92) on ticker-only symbol; buy: no depth sample for this symbol/session"
rHYS-2026-08-03-1,rHYS,RHYSUSDT,2026-08-03,premarket_0400,5000,0.55000001,0.3,0.385000007,92.785,92.757,56.38333333333333,0.0005,DOCUMENTED promotional 0.05% through 2026-08-31,after_hours,pre_market,2026-09-18T23:05:03.291954+00:00,ticker_only,,,OBSERVED-NOW book scenario; fee/prices event-time,0.027999999999991587,0.092771,,,,,,,,eligibility snapshot time unpublished,"sell: $5,000 exceeds visible top-of-book ($92) on ticker-only symbol; buy: no depth sample for this symbol/session"
rHYS-2026-08-03-1,rHYS,RHYSUSDT,2026-08-03,premarket_0400,25000,0.55000001,0.3,0.385000007,92.785,92.757,56.38333333333333,0.0005,DOCUMENTED promotional 0.05% through 2026-08-31,after_hours,pre_market,2026-09-18T23:05:03.291954+00:00,ticker_only,,,OBSERVED-NOW book scenario; fee/prices event-time,0.027999999999991587,0.092771,,,,,,,,eligibility snapshot time unpublished,"sell: $25,000 exceeds visible top-of-book ($92) on ticker-only symbol; buy: no depth sample for this symbol/session"
rHYS-2026-08-03-1,rHYS,RHYSUSDT,2026-08-03,open_0930,1000,0.55000001,0.3,0.385000007,92.785,92.333,61.88333333333333,0.0005,DOCUMENTED promotional 0.05% through 2026-08-31,after_hours,regular,2026-09-18T23:05:03.291954+00:00,ticker_only,2026-09-16T19:34:15.315933+00:00,ticker_only,OBSERVED-NOW book scenario; fee/prices event-time,0.4519999999999982,0.092559,,,,,,,,eligibility snapshot time unpublished,"sell: $1,000 exceeds visible top-of-book ($92) on ticker-only symbol; buy: $1,000 exceeds visible top-of-book ($92) on ticker-only symbol"
rHYS-2026-08-03-1,rHYS,RHYSUSDT,2026-08-03,open_0930,5000,0.55000001,0.3,0.385000007,92.785,92.333,61.88333333333333,0.0005,DOCUMENTED promotional 0.05% through 2026-08-31,after_hours,regular,2026-09-18T23:05:03.291954+00:00,ticker_only,2026-09-16T19:34:15.315933+00:00,ticker_only,OBSERVED-NOW book scenario; fee/prices event-time,0.4519999999999982,0.092559,,,,,,,,eligibility snapshot time unpublished,"sell: $5,000 exceeds visible top-of-book ($92) on ticker-only symbol; buy: $5,000 exceeds visible top-of-book ($92) on ticker-only symbol"
rHYS-2026-08-03-1,rHYS,RHYSUSDT,2026-08-03,open_0930,25000,0.55000001,0.3,0.385000007,92.785,92.333,61.88333333333333,0.0005,DOCUMENTED promotional 0.05% through 2026-08-31,after_hours,regular,2026-09-18T23:05:03.291954+00:00,ticker_only,2026-09-16T19:34:15.315933+00:00,ticker_only,OBSERVED-NOW book scenario; fee/prices event-time,0.4519999999999982,0.092559,,,,,,,,eligibility snapshot time unpublished,"sell: $25,000 exceeds visible top-of-book ($92) on ticker-only symbol; buy: $25,000 exceeds visible top-of-book ($92) on ticker-only symbol"
rHYS-2026-08-03-1,rHYS,RHYSUSDT,2026-08-03,open_1000,1000,0.55000001,0.3,0.385000007,92.785,92.425,62.38333333333333,0.0005,DOCUMENTED promotional 0.05% through 2026-08-31,after_hours,regular,2026-09-18T23:05:03.291954+00:00,ticker_only,2026-09-16T19:34:15.315933+00:00,ticker_only,OBSERVED-NOW book scenario; fee/prices event-time,0.35999999999999943,0.09260499999999999,,,,,,,,eligibility snapshot time unpublished,"sell: $1,000 exceeds visible top-of-book ($92) on ticker-only symbol; buy: $1,000 exceeds visible top-of-book ($92) on ticker-only symbol"
rHYS-2026-08-03-1,rHYS,RHYSUSDT,2026-08-03,open_1000,5000,0.55000001,0.3,0.385000007,92.785,92.425,62.38333333333333,0.0005,DOCUMENTED promotional 0.05% through 2026-08-31,after_hours,regular,2026-09-18T23:05:03.291954+00:00,ticker_only,2026-09-16T19:34:15.315933+00:00,ticker_only,OBSERVED-NOW book scenario; fee/prices event-time,0.35999999999999943,0.09260499999999999,,,,,,,,eligibility snapshot time unpublished,"sell: $5,000 exceeds visible top-of-book ($92) on ticker-only symbol; buy: $5,000 exceeds visible top-of-book ($92) on ticker-only symbol"
rHYS-2026-08-03-1,rHYS,RHYSUSDT,2026-08-03,open_1000,25000,0.55000001,0.3,0.385000007,92.785,92.425,62.38333333333333,0.0005,DOCUMENTED promotional 0.05% through 2026-08-31,after_hours,regular,2026-09-18T23:05:03.291954+00:00,ticker_only,2026-09-16T19:34:15.315933+00:00,ticker_only,OBSERVED-NOW book scenario; fee/prices event-time,0.35999999999999943,0.09260499999999999,,,,,,,,eligibility snapshot time unpublished,"sell: $25,000 exceeds visible top-of-book ($92) on ticker-only symbol; buy: $25,000 exceeds visible top-of-book ($92) on ticker-only symbol"
rHYS-2026-08-03-1,rHYS,RHYSUSDT,2026-08-03,close_1600,1000,0.55000001,0.3,0.385000007,92.785,92.47,68.38333333333334,0.0005,DOCUMENTED promotional 0.05% through 2026-08-31,after_hours,after_hours,2026-09-18T23:05:03.291954+00:00,ticker_only,2026-09-18T23:05:03.291954+00:00,ticker_only,OBSERVED-NOW book scenario; fee/prices event-time,0.3149999999999977,0.0926275,,0.048073927941023734,,,,,,eligibility snapshot time unpublished,"sell: $1,000 exceeds visible top-of-book ($92) on ticker-only symbol"
rHYS-2026-08-03-1,rHYS,RHYSUSDT,2026-08-03,close_1600,5000,0.55000001,0.3,0.385000007,92.785,92.47,68.38333333333334,0.0005,DOCUMENTED promotional 0.05% through 2026-08-31,after_hours,after_hours,2026-09-18T23:05:03.291954+00:00,ticker_only,2026-09-18T23:05:03.291954+00:00,ticker_only,OBSERVED-NOW book scenario; fee/prices event-time,0.3149999999999977,0.0926275,,0.048073927941023734,,,,,,eligibility snapshot time unpublished,"sell: $5,000 exceeds visible top-of-book ($92) on ticker-only symbol"
rHYS-2026-08-03-1,rHYS,RHYSUSDT,2026-08-03,close_1600,25000,0.55000001,0.3,0.385000007,92.785,92.47,68.38333333333334,0.0005,DOCUMENTED promotional 0.05% through 2026-08-31,after_hours,after_hours,2026-09-18T23:05:03.291954+00:00,ticker_only,2026-09-18T23:05:03.291954+00:00,ticker_only,OBSERVED-NOW book scenario; fee/prices event-time,0.3149999999999977,0.0926275,,,,,,,,eligibility snapshot time unpublished,"sell: $25,000 exceeds visible top-of-book ($92) on ticker-only symbol; buy: $25,000 exceeds visible top-of-book ($10,094) on ticker-only symbol"
rHYS-2026-09-01-1,rHYS,RHYSUSDT,2026-09-01,overnight_2000,1000,0.49,0.3,0.343,93.005,93.005,12.766666666666667,0.001,OBSERVED live symbol takerFeeRate,after_hours,overnight,2026-09-18T23:05:03.291954+00:00,ticker_only,2026-09-19T03:05:03.356996+00:00,ticker_only,OBSERVED-NOW book scenario; fee/prices event-time,0.0,0.18600999999999998,,0.048073927941023734,,,,,,eligibility snapshot time unpublished,"sell: $1,000 exceeds visible top-of-book ($92) on ticker-only symbol"
rHYS-2026-09-01-1,rHYS,RHYSUSDT,2026-09-01,overnight_2000,5000,0.49,0.3,0.343,93.005,93.005,12.766666666666667,0.001,OBSERVED live symbol takerFeeRate,after_hours,overnight,2026-09-18T23:05:03.291954+00:00,ticker_only,2026-09-19T03:05:03.356996+00:00,ticker_only,OBSERVED-NOW book scenario; fee/prices event-time,0.0,0.18600999999999998,,0.048073927941023734,,,,,,eligibility snapshot time unpublished,"sell: $5,000 exceeds visible top-of-book ($92) on ticker-only symbol"
rHYS-2026-09-01-1,rHYS,RHYSUSDT,2026-09-01,overnight_2000,25000,0.49,0.3,0.343,93.005,93.005,12.766666666666667,0.001,OBSERVED live symbol takerFeeRate,after_hours,overnight,2026-09-18T23:05:03.291954+00:00,ticker_only,2026-09-19T03:05:03.356996+00:00,ticker_only,OBSERVED-NOW book scenario; fee/prices event-time,0.0,0.18600999999999998,,,,,,,,eligibility snapshot time unpublished,"sell: $25,000 exceeds visible top-of-book ($92) on ticker-only symbol; buy: $25,000 exceeds visible top-of-book ($10,094) on ticker-only symbol"
rHYS-2026-09-01-1,rHYS,RHYSUSDT,2026-09-01,premarket_0400,1000,0.49,0.3,0.343,93.005,93.005,12.766666666666667,0.001,OBSERVED live symbol takerFeeRate,after_hours,pre_market,2026-09-18T23:05:03.291954+00:00,ticker_only,,,OBSERVED-NOW book scenario; fee/prices event-time,0.0,0.18600999999999998,,,,,,,,eligibility snapshot time unpublished,"sell: $1,000 exceeds visible top-of-book ($92) on ticker-only symbol; buy: no depth sample for this symbol/session"
rHYS-2026-09-01-1,rHYS,RHYSUSDT,2026-09-01,premarket_0400,5000,0.49,0.3,0.343,93.005,93.005,12.766666666666667,0.001,OBSERVED live symbol takerFeeRate,after_hours,pre_market,2026-09-18T23:05:03.291954+00:00,ticker_only,,,OBSERVED-NOW book scenario; fee/prices event-time,0.0,0.18600999999999998,,,,,,,,eligibility snapshot time unpublished,"sell: $5,000 exceeds visible top-of-book ($92) on ticker-only symbol; buy: no depth sample for this symbol/session"
rHYS-2026-09-01-1,rHYS,RHYSUSDT,2026-09-01,premarket_0400,25000,0.49,0.3,0.343,93.005,93.005,12.766666666666667,0.001,OBSERVED live symbol takerFeeRate,after_hours,pre_market,2026-09-18T23:05:03.291954+00:00,ticker_only,,,OBSERVED-NOW book scenario; fee/prices event-time,0.0,0.18600999999999998,,,,,,,,eligibility snapshot time unpublished,"sell: $25,000 exceeds visible top-of-book ($92) on ticker-only symbol; buy: no depth sample for this symbol/session"
rHYS-2026-09-01-1,rHYS,RHYSUSDT,2026-09-01,open_0930,1000,0.49,0.3,0.343,93.005,92.409,14.0,0.001,OBSERVED live symbol takerFeeRate,after_hours,regular,2026-09-18T23:05:03.291954+00:00,ticker_only,2026-09-16T19:34:15.315933+00:00,ticker_only,OBSERVED-NOW book scenario; fee/prices event-time,0.5959999999999894,0.185414,,,,,,,,eligibility snapshot time unpublished,"sell: $1,000 exceeds visible top-of-book ($92) on ticker-only symbol; buy: $1,000 exceeds visible top-of-book ($92) on ticker-only symbol"
rHYS-2026-09-01-1,rHYS,RHYSUSDT,2026-09-01,open_0930,5000,0.49,0.3,0.343,93.005,92.409,14.0,0.001,OBSERVED live symbol takerFeeRate,after_hours,regular,2026-09-18T23:05:03.291954+00:00,ticker_only,2026-09-16T19:34:15.315933+00:00,ticker_only,OBSERVED-NOW book scenario; fee/prices event-time,0.5959999999999894,0.185414,,,,,,,,eligibility snapshot time unpublished,"sell: $5,000 exceeds visible top-of-book ($92) on ticker-only symbol; buy: $5,000 exceeds visible top-of-book ($92) on ticker-only symbol"
rHYS-2026-09-01-1,rHYS,RHYSUSDT,2026-09-01,open_0930,25000,0.49,0.3,0.343,93.005,92.409,14.0,0.001,OBSERVED live symbol takerFeeRate,after_hours,regular,2026-09-18T23:05:03.291954+00:00,ticker_only,2026-09-16T19:34:15.315933+00:00,ticker_only,OBSERVED-NOW book scenario; fee/prices event-time,0.5959999999999894,0.185414,,,,,,,,eligibility snapshot time unpublished,"sell: $25,000 exceeds visible top-of-book ($92) on ticker-only symbol; buy: $25,000 exceeds visible top-of-book ($92) on ticker-only symbol"
rHYS-2026-09-01-1,rHYS,RHYSUSDT,2026-09-01,open_1000,1000,0.49,0.3,0.343,93.005,92.415,14.5,0.001,OBSERVED live symbol takerFeeRate,after_hours,regular,2026-09-18T23:05:03.291954+00:00,ticker_only,2026-09-16T19:34:15.315933+00:00,ticker_only,OBSERVED-NOW book scenario; fee/prices event-time,0.5899999999999892,0.18542000000000003,,,,,,,,eligibility snapshot time unpublished,"sell: $1,000 exceeds visible top-of-book ($92) on ticker-only symbol; buy: $1,000 exceeds visible top-of-book ($92) on ticker-only symbol"
rHYS-2026-09-01-1,rHYS,RHYSUSDT,2026-09-01,open_1000,5000,0.49,0.3,0.343,93.005,92.415,14.5,0.001,OBSERVED live symbol takerFeeRate,after_hours,regular,2026-09-18T23:05:03.291954+00:00,ticker_only,2026-09-16T19:34:15.315933+00:00,ticker_only,OBSERVED-NOW book scenario; fee/prices event-time,0.5899999999999892,0.18542000000000003,,,,,,,,eligibility snapshot time unpublished,"sell: $5,000 exceeds visible top-of-book ($92) on ticker-only symbol; buy: $5,000 exceeds visible top-of-book ($92) on ticker-only symbol"
rHYS-2026-09-01-1,rHYS,RHYSUSDT,2026-09-01,open_1000,25000,0.49,0.3,0.343,93.005,92.415,14.5,0.001,OBSERVED live symbol takerFeeRate,after_hours,regular,2026-09-18T23:05:03.291954+00:00,ticker_only,2026-09-16T19:34:15.315933+00:00,ticker_only,OBSERVED-NOW book scenario; fee/prices event-time,0.5899999999999892,0.18542000000000003,,,,,,,,eligibility snapshot time unpublished,"sell: $25,000 exceeds visible top-of-book ($92) on ticker-only symbol; buy: $25,000 exceeds visible top-of-book ($92) on ticker-only symbol"
rHYS-2026-09-01-1,rHYS,RHYSUSDT,2026-09-01,close_1600,1000,0.49,0.3,0.343,93.005,92.26,20.5,0.001,OBSERVED live symbol takerFeeRate,after_hours,after_hours,2026-09-18T23:05:03.291954+00:00,ticker_only,2026-09-18T23:05:03.291954+00:00,ticker_only,OBSERVED-NOW book scenario; fee/prices event-time,0.7449999999999903,0.18526499999999999,,0.048073927941023734,,,,,,eligibility snapshot time unpublished,"sell: $1,000 exceeds visible top-of-book ($92) on ticker-only symbol"
rHYS-2026-09-01-1,rHYS,RHYSUSDT,2026-09-01,close_1600,5000,0.49,0.3,0.343,93.005,92.26,20.5,0.001,OBSERVED live symbol takerFeeRate,after_hours,after_hours,2026-09-18T23:05:03.291954+00:00,ticker_only,2026-09-18T23:05:03.291954+00:00,ticker_only,OBSERVED-NOW book scenario; fee/prices event-time,0.7449999999999903,0.18526499999999999,,0.048073927941023734,,,,,,eligibility snapshot time unpublished,"sell: $5,000 exceeds visible top-of-book ($92) on ticker-only symbol"
rHYS-2026-09-01-1,rHYS,RHYSUSDT,2026-09-01,close_1600,25000,0.49,0.3,0.343,93.005,92.26,20.5,0.001,OBSERVED live symbol takerFeeRate,after_hours,after_hours,2026-09-18T23:05:03.291954+00:00,ticker_only,2026-09-18T23:05:03.291954+00:00,ticker_only,OBSERVED-NOW book scenario; fee/prices event-time,0.7449999999999903,0.18526499999999999,,,,,,,,eligibility snapshot time unpublished,"sell: $25,000 exceeds visible top-of-book ($92) on ticker-only symbol; buy: $25,000 exceeds visible top-of-book ($10,094) on ticker-only symbol"
rINTU-2026-07-09-1,rINTU,RINTUUSDT,2026-07-09,overnight_2000,1000,1.2,0.3,0.84,273.055,271.61,0.18333333333333332,0.0005,DOCUMENTED promotional 0.05% through 2026-08-31,after_hours,overnight,2026-09-18T23:05:03.291954+00:00,ticker_only,2026-09-19T03:05:03.356996+00:00,ticker_only,OBSERVED-NOW book scenario; fee/prices event-time,1.4449999999999932,0.2723325,0.00027975710500767833,0.004932889755649957,1.4162112628399566,1.6885437628399567,-1.0835437628399633,2.1071198023666304,,eligibility snapshot time unpublished,
rINTU-2026-07-09-1,rINTU,RINTUUSDT,2026-07-09,overnight_2000,5000,1.2,0.3,0.84,273.055,271.61,0.18333333333333332,0.0005,DOCUMENTED promotional 0.05% through 2026-08-31,after_hours,overnight,2026-09-18T23:05:03.291954+00:00,ticker_only,2026-09-19T03:05:03.356996+00:00,ticker_only,OBSERVED-NOW book scenario; fee/prices event-time,1.4449999999999932,0.2723325,0.00027975710500767833,0.004932889755649957,1.4162112628399566,1.6885437628399567,-1.0835437628399633,2.1071198023666304,,eligibility snapshot time unpublished,
rINTU-2026-07-09-1,rINTU,RINTUUSDT,2026-07-09,overnight_2000,25000,1.2,0.3,0.84,273.055,271.61,0.18333333333333332,0.0005,DOCUMENTED promotional 0.05% through 2026-08-31,after_hours,overnight,2026-09-18T23:05:03.291954+00:00,ticker_only,2026-09-19T03:05:03.356996+00:00,ticker_only,OBSERVED-NOW book scenario; fee/prices event-time,1.4449999999999932,0.2723325,0.00027975710500767833,0.004932889755649957,1.4162112628399566,1.6885437628399567,-1.0835437628399633,2.1071198023666304,,eligibility snapshot time unpublished,
rINTU-2026-07-09-1,rINTU,RINTUUSDT,2026-07-09,premarket_0400,1000,1.2,0.3,0.84,273.055,271.381,8.016666666666667,0.0005,DOCUMENTED promotional 0.05% through 2026-08-31,after_hours,pre_market,2026-09-18T23:05:03.291954+00:00,ticker_only,,,OBSERVED-NOW book scenario; fee/prices event-time,1.674000000000035,0.27221799999999996,0.00027975710500767833,,,,,,,eligibility snapshot time unpublished,buy: no depth sample for this symbol/session
rINTU-2026-07-09-1,rINTU,RINTUUSDT,2026-07-09,premarket_0400,5000,1.2,0.3,0.84,273.055,271.381,8.016666666666667,0.0005,DOCUMENTED promotional 0.05% through 2026-08-31,after_hours,pre_market,2026-09-18T23:05:03.291954+00:00,ticker_only,,,OBSERVED-NOW book scenario; fee/prices event-time,1.674000000000035,0.27221799999999996,0.00027975710500767833,,,,,,,eligibility snapshot time unpublished,buy: no depth sample for this symbol/session
rINTU-2026-07-09-1,rINTU,RINTUUSDT,2026-07-09,premarket_0400,25000,1.2,0.3,0.84,273.055,271.381,8.016666666666667,0.0005,DOCUMENTED promotional 0.05% through 2026-08-31,after_hours,pre_market,2026-09-18T23:05:03.291954+00:00,ticker_only,,,OBSERVED-NOW book scenario; fee/prices event-time,1.674000000000035,0.27221799999999996,0.00027975710500767833,,,,,,,eligibility snapshot time unpublished,buy: no depth sample for this symbol/session
rINTU-2026-07-09-1,rINTU,RINTUUSDT,2026-07-09,open_0930,1000,1.2,0.3,0.84,273.055,262.13,13.516666666666667,0.0005,DOCUMENTED promotional 0.05% through 2026-08-31,after_hours,regular,2026-09-18T23:05:03.291954+00:00,ticker_only,2026-09-16T19:34:15.315933+00:00,ticker_only,OBSERVED-NOW book scenario; fee/prices event-time,10.925000000000011,0.26759249999999996,0.00027975710500767833,0.00042547156431708944,0.18791793746231025,0.45551043746231024,9.629489562537701,1.0795920312185918,,eligibility snapshot time unpublished,
rINTU-2026-07-09-1,rINTU,RINTUUSDT,2026-07-09,open_0930,5000,1.2,0.3,0.84,273.055,262.13,13.516666666666667,0.0005,DOCUMENTED promotional 0.05% through 2026-08-31,after_hours,regular,2026-09-18T23:05:03.291954+00:00,ticker_only,2026-09-16T19:34:15.315933+00:00,ticker_only,OBSERVED-NOW book scenario; fee/prices event-time,10.925000000000011,0.26759249999999996,0.00027975710500767833,0.00042547156431708944,0.18791793746231025,0.45551043746231024,9.629489562537701,1.0795920312185918,,eligibility snapshot time unpublished,
rINTU-2026-07-09-1,rINTU,RINTUUSDT,2026-07-09,open_0930,25000,1.2,0.3,0.84,273.055,262.13,13.516666666666667,0.0005,DOCUMENTED promotional 0.05% through 2026-08-31,after_hours,regular,2026-09-18T23:05:03.291954+00:00,ticker_only,2026-09-16T19:34:15.315933+00:00,ticker_only,OBSERVED-NOW book scenario; fee/prices event-time,10.925000000000011,0.26759249999999996,0.00027975710500767833,,,,,,,eligibility snapshot time unpublished,"buy: $25,000 exceeds visible top-of-book ($6,349) on ticker-only symbol"
rINTU-2026-07-09-1,rINTU,RINTUUSDT,2026-07-09,open_1000,1000,1.2,0.3,0.84,273.055,269.038,14.016666666666667,0.0005,DOCUMENTED promotional 0.05% through 2026-08-31,after_hours,regular,2026-09-18T23:05:03.291954+00:00,ticker_only,2026-09-16T19:34:15.315933+00:00,ticker_only,OBSERVED-NOW book scenario; fee/prices event-time,4.016999999999996,0.2710465,0.00027975710500767833,0.00042547156431708944,0.1908570950286127,0.4619035950286127,2.7150964049713835,1.084919662523844,,eligibility snapshot time unpublished,
rINTU-2026-07-09-1,rINTU,RINTUUSDT,2026-07-09,open_1000,5000,1.2,0.3,0.84,273.055,269.038,14.016666666666667,0.0005,DOCUMENTED promotional 0.05% through 2026-08-31,after_hours,regular,2026-09-18T23:05:03.291954+00:00,ticker_only,2026-09-16T19:34:15.315933+00:00,ticker_only,OBSERVED-NOW book scenario; fee/prices event-time,4.016999999999996,0.2710465,0.00027975710500767833,0.00042547156431708944,0.1908570950286127,0.4619035950286127,2.7150964049713835,1.084919662523844,,eligibility snapshot time unpublished,
rINTU-2026-07-09-1,rINTU,RINTUUSDT,2026-07-09,open_1000,25000,1.2,0.3,0.84,273.055,269.038,14.016666666666667,0.0005,DOCUMENTED promotional 0.05% through 2026-08-31,after_hours,regular,2026-09-18T23:05:03.291954+00:00,ticker_only,2026-09-16T19:34:15.315933+00:00,ticker_only,OBSERVED-NOW book scenario; fee/prices event-time,4.016999999999996,0.2710465,0.00027975710500767833,,,,,,,eligibility snapshot time unpublished,"buy: $25,000 exceeds visible top-of-book ($6,349) on ticker-only symbol"
rINTU-2026-07-09-1,rINTU,RINTUUSDT,2026-07-09,close_1600,1000,1.2,0.3,0.84,273.055,273.33,20.016666666666666,0.0005,DOCUMENTED promotional 0.05% through 2026-08-31,after_hours,after_hours,2026-09-18T23:05:03.291954+00:00,ticker_only,2026-09-18T23:05:03.291954+00:00,ticker_only,OBSERVED-NOW book scenario; fee/prices event-time,-0.27499999999997726,0.2731925,0.00027975710500767833,0.00027975710500767833,0.15285508581962032,0.4260475858196203,-1.5410475858195976,1.0550396548496837,0.6889524141803569,eligibility snapshot time unpublished,
rINTU-2026-07-09-1,rINTU,RINTUUSDT,2026-07-09,close_1600,5000,1.2,0.3,0.84,273.055,273.33,20.016666666666666,0.0005,DOCUMENTED promotional 0.05% through 2026-08-31,after_hours,after_hours,2026-09-18T23:05:03.291954+00:00,ticker_only,2026-09-18T23:05:03.291954+00:00,ticker_only,OBSERVED-NOW book scenario; fee/prices event-time,-0.27499999999997726,0.2731925,0.00027975710500767833,0.00027975710500767833,0.15285508581962032,0.4260475858196203,-1.5410475858195976,1.0550396548496837,0.6889524141803569,eligibility snapshot time unpublished,
rINTU-2026-07-09-1,rINTU,RINTUUSDT,2026-07-09,close_1600,25000,1.2,0.3,0.84,273.055,273.33,20.016666666666666,0.0005,DOCUMENTED promotional 0.05% through 2026-08-31,after_hours,after_hours,2026-09-18T23:05:03.291954+00:00,ticker_only,2026-09-18T23:05:03.291954+00:00,ticker_only,OBSERVED-NOW book scenario; fee/prices event-time,-0.27499999999997726,0.2731925,0.00027975710500767833,0.00027975710500767833,0.15285508581962032,0.4260475858196203,-1.5410475858195976,1.0550396548496837,0.6889524141803569,eligibility snapshot time unpublished,
rKO-2026-06-15-1,rKO,RKOUSDT,2026-06-15,overnight_2000,1000,0.53,0.3,0.371,82.66,82.66,0.016666666666666666,0.0005,DOCUMENTED promotional 0.05% through 2026-08-31,after_hours,overnight,2026-09-18T23:05:03.291954+00:00,public_book,2026-09-19T03:05:03.356996+00:00,public_book,OBSERVED-NOW book scenario; fee/prices event-time,0.0,0.08266,0.001178612704926918,0.0011663161255137666,0.19383181712422698,0.276491817124227,-0.647491817124227,1.221682673819296,0.0913182570730407,eligibility snapshot time unpublished,
rKO-2026-06-15-1,rKO,RKOUSDT,2026-06-15,overnight_2000,5000,0.53,0.3,0.371,82.66,82.66,0.016666666666666666,0.0005,DOCUMENTED promotional 0.05% through 2026-08-31,after_hours,overnight,2026-09-18T23:05:03.291954+00:00,public_book,2026-09-19T03:05:03.356996+00:00,public_book,OBSERVED-NOW book scenario; fee/prices event-time,0.0,0.08266,0.0019885005502300324,0.0021656395734606093,0.3433812226242684,0.4260412226242684,-0.7970412226242685,1.5038513634420159,-0.10538566307744818,eligibility snapshot time unpublished,
rKO-2026-06-15-1,rKO,RKOUSDT,2026-06-15,overnight_2000,25000,0.53,0.3,0.371,82.66,82.66,0.016666666666666666,0.0005,DOCUMENTED promotional 0.05% through 2026-08-31,after_hours,overnight,2026-09-18T23:05:03.291954+00:00,public_book,2026-09-19T03:05:03.356996+00:00,public_book,OBSERVED-NOW book scenario; fee/prices event-time,0.0,0.08266,0.004144728610531279,0.0036678836563357456,0.6457905299792281,0.7284505299792281,-1.099450529979228,2.0744349622249585,-0.3611671219347667,eligibility snapshot time unpublished,
rKO-2026-06-15-1,rKO,RKOUSDT,2026-06-15,premarket_0400,1000,0.53,0.3,0.371,82.66,81.686,56.016666666666666,0.0005,DOCUMENTED promotional 0.05% through 2026-08-31,after_hours,pre_market,2026-09-18T23:05:03.291954+00:00,public_book,,,OBSERVED-NOW book scenario; fee/prices event-time,0.9739999999999895,0.08217300000000001,0.001178612704926918,,,,,,,eligibility snapshot time unpublished,buy: no depth sample for this symbol/session
rKO-2026-06-15-1,rKO,RKOUSDT,2026-06-15,premarket_0400,5000,0.53,0.3,0.371,82.66,81.686,56.016666666666666,0.0005,DOCUMENTED promotional 0.05% through 2026-08-31,after_hours,pre_market,2026-09-18T23:05:03.291954+00:00,public_book,,,OBSERVED-NOW book scenario; fee/prices event-time,0.9739999999999895,0.08217300000000001,0.0019885005502300324,,,,,,,eligibility snapshot time unpublished,buy: no depth sample for this symbol/session
rKO-2026-06-15-1,rKO,RKOUSDT,2026-06-15,premarket_0400,25000,0.53,0.3,0.371,82.66,81.686,56.016666666666666,0.0005,DOCUMENTED promotional 0.05% through 2026-08-31,after_hours,pre_market,2026-09-18T23:05:03.291954+00:00,public_book,,,OBSERVED-NOW book scenario; fee/prices event-time,0.9739999999999895,0.08217300000000001,0.004144728610531279,,,,,,,eligibility snapshot time unpublished,buy: no depth sample for this symbol/session
rKO-2026-06-15-1,rKO,RKOUSDT,2026-06-15,open_0930,1000,0.53,0.3,0.371,82.66,80.92,61.516666666666666,0.0005,DOCUMENTED promotional 0.05% through 2026-08-31,after_hours,regular,2026-09-18T23:05:03.291954+00:00,public_book,2026-09-16T19:34:15.315933+00:00,public_book,OBSERVED-NOW book scenario; fee/prices event-time,1.7399999999999949,0.08178999999999999,0.001178612704926918,0.0006458921016734287,0.1496897150566729,0.23147971505667286,1.1375202849433221,1.136754179352213,-1.5907062890969654,eligibility snapshot time unpublished,
rKO-2026-06-15-1,rKO,RKOUSDT,2026-06-15,open_0930,5000,0.53,0.3,0.371,82.66,80.92,61.516666666666666,0.0005,DOCUMENTED promotional 0.05% through 2026-08-31,after_hours,regular,2026-09-18T23:05:03.291954+00:00,public_book,2026-09-16T19:34:15.315933+00:00,public_book,OBSERVED-NOW book scenario; fee/prices event-time,1.7399999999999949,0.08178999999999999,0.0019885005502300324,0.0012644585264416364,0.26668943944167167,0.34847943944167165,1.0205205605583232,1.3575083763050408,-1.7295195557252838,eligibility snapshot time unpublished,
rKO-2026-06-15-1,rKO,RKOUSDT,2026-06-15,open_0930,25000,0.53,0.3,0.371,82.66,80.92,61.516666666666666,0.0005,DOCUMENTED promotional 0.05% through 2026-08-31,after_hours,regular,2026-09-18T23:05:03.291954+00:00,public_book,2026-09-16T19:34:15.315933+00:00,public_book,OBSERVED-NOW book scenario; fee/prices event-time,1.7399999999999949,0.08178999999999999,0.004144728610531279,0.0034363436979807376,0.6206721989871168,0.7024621989871168,0.6665378010128781,2.02540037544739,-1.9874396315497618,eligibility snapshot time unpublished,
rKO-2026-06-15-1,rKO,RKOUSDT,2026-06-15,open_1000,1000,0.53,0.3,0.371,82.66,80.932,62.016666666666666,0.0005,DOCUMENTED promotional 0.05% through 2026-08-31,after_hours,regular,2026-09-18T23:05:03.291954+00:00,public_book,2026-09-16T19:34:15.315933+00:00,public_book,OBSERVED-NOW book scenario; fee/prices event-time,1.7279999999999944,0.081796,0.001178612704926918,0.0006458921016734287,0.14969746576189297,0.23149346576189295,1.1255065342381014,1.1367801240790434,-1.5787187466352397,eligibility snapshot time unpublished,
rKO-2026-06-15-1,rKO,RKOUSDT,2026-06-15,open_1000,5000,0.53,0.3,0.371,82.66,80.932,62.016666666666666,0.0005,DOCUMENTED promotional 0.05% through 2026-08-31,after_hours,regular,2026-09-18T23:05:03.291954+00:00,public_book,2026-09-16T19:34:15.315933+00:00,public_book,OBSERVED-NOW book scenario; fee/prices event-time,1.7279999999999944,0.081796,0.0019885005502300324,0.0012644585264416364,0.266704612943989,0.348500612943989,1.0084993870560055,1.357548326309413,-1.7175388399124822,eligibility snapshot time unpublished,
rKO-2026-06-15-1,rKO,RKOUSDT,2026-06-15,open_1000,25000,0.53,0.3,0.371,82.66,80.932,62.016666666666666,0.0005,DOCUMENTED promotional 0.05% through 2026-08-31,after_hours,regular,2026-09-18T23:05:03.291954+00:00,public_book,2026-09-16T19:34:15.315933+00:00,public_book,OBSERVED-NOW book scenario; fee/prices event-time,1.7279999999999944,0.081796,0.004144728610531279,0.0034363436979807376,0.6207134351114926,0.7025094351114926,0.6544905648885019,2.0254895002103632,-1.9754792916655681,eligibility snapshot time unpublished,
rKO-2026-06-15-1,rKO,RKOUSDT,2026-06-15,close_1600,1000,0.53,0.3,0.371,82.66,80.954,68.01666666666667,0.0005,DOCUMENTED promotional 0.05% through 2026-08-31,after_hours,after_hours,2026-09-18T23:05:03.291954+00:00,public_book,2026-09-18T23:05:03.291954+00:00,public_book,OBSERVED-NOW book scenario; fee/prices event-time,1.706000000000003,0.08180699999999999,0.001178612704926918,0.0011658717154328093,0.19180610504040668,0.2736131050404067,1.0613868949595964,1.216251141585673,-1.6085913689123328,eligibility snapshot time unpublished,
rKO-2026-06-15-1,rKO,RKOUSDT,2026-06-15,close_1600,5000,0.53,0.3,0.371,82.66,80.954,68.01666666666667,0.0005,DOCUMENTED promotional 0.05% through 2026-08-31,after_hours,after_hours,2026-09-18T23:05:03.291954+00:00,public_book,2026-09-18T23:05:03.291954+00:00,public_book,OBSERVED-NOW book scenario; fee/prices event-time,1.706000000000003,0.08180699999999999,0.0019885005502300324,0.0022882876044068023,0.3496154902091627,0.4314224902091627,0.9035775097908404,1.5140046985078541,-1.7669339269235913,eligibility snapshot time unpublished,
rKO-2026-06-15-1,rKO,RKOUSDT,2026-06-15,close_1600,25000,0.53,0.3,0.371,82.66,80.954,68.01666666666667,0.0005,DOCUMENTED promotional 0.05% through 2026-08-31,after_hours,after_hours,2026-09-18T23:05:03.291954+00:00,public_book,2026-09-18T23:05:03.291954+00:00,public_book,OBSERVED-NOW book scenario; fee/prices event-time,1.706000000000003,0.08180699999999999,0.004144728610531279,0.0037462890228134866,0.6458803484993585,0.7276873484993585,0.6073126515006446,2.0729949971686006,-2.062007610562715,eligibility snapshot time unpublished,
rKO-2026-09-15-1,rKO,RKOUSDT,2026-09-15,overnight_2000,1000,0.53,0.3,0.371,89.41,89.25,0.016666666666666666,0.001,OBSERVED live symbol takerFeeRate,after_hours,overnight,2026-09-18T23:05:03.291954+00:00,public_book,2026-09-19T03:05:03.356996+00:00,public_book,OBSERVED-NOW book scenario; fee/prices event-time,0.1599999999999966,0.17866,0.001178612704926918,0.0011663161255137666,0.20947347614961942,0.38813347614961946,-0.5991334761496229,1.432327313489848,-0.18057567758517376,eligibility snapshot time unpublished,
rKO-2026-09-15-1,rKO,RKOUSDT,2026-09-15,overnight_2000,5000,0.53,0.3,0.371,89.41,89.25,0.016666666666666666,0.001,OBSERVED live symbol takerFeeRate,after_hours,overnight,2026-09-18T23:05:03.291954+00:00,public_book,2026-09-19T03:05:03.356996+00:00,public_book,OBSERVED-NOW book scenario; fee/prices event-time,0.1599999999999966,0.17866,0.0019885005502300324,0.0021656395734606093,0.3710751661274266,0.5497351661274266,-0.76073516612743,1.7372361625045782,-0.3931412413041714,eligibility snapshot time unpublished,
rKO-2026-09-15-1,rKO,RKOUSDT,2026-09-15,overnight_2000,25000,0.53,0.3,0.371,89.41,89.25,0.016666666666666666,0.001,OBSERVED live symbol takerFeeRate,after_hours,overnight,2026-09-18T23:05:03.291954+00:00,public_book,2026-09-19T03:05:03.356996+00:00,public_book,OBSERVED-NOW book scenario; fee/prices event-time,0.1599999999999966,0.17866,0.004144728610531279,0.0036678836563357456,0.697938801395567,0.876598801395567,-1.0875988013955704,2.353960002633145,-0.6695479452307981,eligibility snapshot time unpublished,
rKO-2026-09-15-1,rKO,RKOUSDT,2026-09-15,premarket_0400,1000,0.53,0.3,0.371,89.41,88.63,8.016666666666667,0.001,OBSERVED live symbol takerFeeRate,after_hours,pre_market,2026-09-18T23:05:03.291954+00:00,public_book,,,OBSERVED-NOW book scenario; fee/prices event-time,0.7800000000000011,0.17804,0.001178612704926918,,,,,,,eligibility snapshot time unpublished,buy: no depth sample for this symbol/session
rKO-2026-09-15-1,rKO,RKOUSDT,2026-09-15,premarket_0400,5000,0.53,0.3,0.371,89.41,88.63,8.016666666666667,0.001,OBSERVED live symbol takerFeeRate,after_hours,pre_market,2026-09-18T23:05:03.291954+00:00,public_book,,,OBSERVED-NOW book scenario; fee/prices event-time,0.7800000000000011,0.17804,0.0019885005502300324,,,,,,,eligibility snapshot time unpublished,buy: no depth sample for this symbol/session
rKO-2026-09-15-1,rKO,RKOUSDT,2026-09-15,premarket_0400,25000,0.53,0.3,0.371,89.41,88.63,8.016666666666667,0.001,OBSERVED live symbol takerFeeRate,after_hours,pre_market,2026-09-18T23:05:03.291954+00:00,public_book,,,OBSERVED-NOW book scenario; fee/prices event-time,0.7800000000000011,0.17804,0.004144728610531279,,,,,,,eligibility snapshot time unpublished,buy: no depth sample for this symbol/session
rKO-2026-09-15-1,rKO,RKOUSDT,2026-09-15,open_0930,1000,0.53,0.3,0.371,89.41,88.02,13.516666666666667,0.001,OBSERVED live symbol takerFeeRate,after_hours,regular,2026-09-18T23:05:03.291954+00:00,public_book,2026-09-16T19:34:15.315933+00:00,public_book,OBSERVED-NOW book scenario; fee/prices event-time,1.3900000000000006,0.17743,0.001178612704926918,0.0006458921016734287,0.16223118473681092,0.33966118473681095,0.6793388152631896,1.3408701598807753,-1.3480366333220273,eligibility snapshot time unpublished,
rKO-2026-09-15-1,rKO,RKOUSDT,2026-09-15,open_0930,5000,0.53,0.3,0.371,89.41,88.02,13.516666666666667,0.001,OBSERVED live symbol takerFeeRate,after_hours,regular,2026-09-18T23:05:03.291954+00:00,public_book,2026-09-16T19:34:15.315933+00:00,public_book,OBSERVED-NOW book scenario; fee/prices event-time,1.3900000000000006,0.17743,0.0019885005502300324,0.0012644585264416364,0.28908947369346005,0.46651947369346003,0.5524805263065405,1.580225422063132,-1.4984653078144232,eligibility snapshot time unpublished,
rKO-2026-09-15-1,rKO,RKOUSDT,2026-09-15,open_0930,25000,0.53,0.3,0.371,89.41,88.02,13.516666666666667,0.001,OBSERVED live symbol takerFeeRate,after_hours,regular,2026-09-18T23:05:03.291954+00:00,public_book,2026-09-16T19:34:15.315933+00:00,public_book,OBSERVED-NOW book scenario; fee/prices event-time,1.3900000000000006,0.17743,0.004144728610531279,0.0034363436979807376,0.6730471573638661,0.8504771573638661,0.16852284263613448,2.304673881818615,-1.778282650972795,eligibility snapshot time unpublished,
rKO-2026-09-15-1,rKO,RKOUSDT,2026-09-15,open_1000,1000,0.53,0.3,0.371,89.41,88.27,14.016666666666667,0.001,OBSERVED live symbol takerFeeRate,after_hours,regular,2026-09-18T23:05:03.291954+00:00,public_book,2026-09-16T19:34:15.315933+00:00,public_book,OBSERVED-NOW book scenario; fee/prices event-time,1.1400000000000006,0.17768,0.001178612704926918,0.0006458921016734287,0.16239265776222928,0.3400726577622293,0.4289273422377713,1.3416465240796778,-1.0984211653694176,eligibility snapshot time unpublished,
rKO-2026-09-15-1,rKO,RKOUSDT,2026-09-15,open_1000,5000,0.53,0.3,0.371,89.41,88.27,14.016666666666667,0.001,OBSERVED live symbol takerFeeRate,after_hours,regular,2026-09-18T23:05:03.291954+00:00,public_book,2026-09-16T19:34:15.315933+00:00,public_book,OBSERVED-NOW book scenario; fee/prices event-time,1.1400000000000006,0.17768,0.0019885005502300324,0.0012644585264416364,0.28940558832507046,0.46708558832507047,0.3019144116749301,1.5812935628774913,-1.2489920617144017,eligibility snapshot time unpublished,
rKO-2026-09-15-1,rKO,RKOUSDT,2026-09-15,open_1000,25000,0.53,0.3,0.371,89.41,88.27,14.016666666666667,0.001,OBSERVED live symbol takerFeeRate,after_hours,regular,2026-09-18T23:05:03.291954+00:00,public_book,2026-09-16T19:34:15.315933+00:00,public_book,OBSERVED-NOW book scenario; fee/prices event-time,1.1400000000000006,0.17768,0.004144728610531279,0.0034363436979807376,0.6739062432883614,0.8515862432883614,-0.08258624328836084,2.3067664967704933,-1.5292339033854372,eligibility snapshot time unpublished,
rKO-2026-09-15-1,rKO,RKOUSDT,2026-09-15,close_1600,1000,0.53,0.3,0.371,89.41,88.5012,20.016666666666666,0.001,OBSERVED live symbol takerFeeRate,after_hours,after_hours,2026-09-18T23:05:03.291954+00:00,public_book,2026-09-18T23:05:03.291954+00:00,public_book,OBSERVED-NOW book scenario; fee/prices event-time,0.9087999999999994,0.17791120000000002,0.001178612704926918,0.0011658717154328093,0.20856080780937786,0.38647200780937785,0.15132799219062154,1.4291924675648637,-0.9242604287981251,eligibility snapshot time unpublished,
rKO-2026-09-15-1,rKO,RKOUSDT,2026-09-15,close_1600,5000,0.53,0.3,0.371,89.41,88.5012,20.016666666666666,0.001,OBSERVED live symbol takerFeeRate,after_hours,after_hours,2026-09-18T23:05:03.291954+00:00,public_book,2026-09-18T23:05:03.291954+00:00,public_book,OBSERVED-NOW book scenario; fee/prices event-time,0.9087999999999994,0.17791120000000002,0.0019885005502300324,0.0022882876044068023,0.3803080331311945,0.5582192331311945,-0.02041923313119509,1.7532438360965932,-1.0962916796060298,eligibility snapshot time unpublished,
rKO-2026-09-15-1,rKO,RKOUSDT,2026-09-15,close_1600,25000,0.53,0.3,0.371,89.41,88.5012,20.016666666666666,0.001,OBSERVED live symbol takerFeeRate,after_hours,after_hours,2026-09-18T23:05:03.291954+00:00,public_book,2026-09-18T23:05:03.291954+00:00,public_book,OBSERVED-NOW book scenario; fee/prices event-time,0.9087999999999994,0.17791120000000002,0.004144728610531279,0.0037462890228134866,0.7021312591334226,0.8800424591334226,-0.3422424591334232,2.3604574700630616,-1.417480357236104,eligibility snapshot time unpublished,
rLABD-2026-06-23-1,rLABD,RLABDUSDT,2026-06-23,overnight_2000,1000,0.07523,0.3,0.052661,10.015,9.8,0.03333333333333333,0.0005,DOCUMENTED promotional 0.05% through 2026-08-31,after_hours,overnight,2026-09-18T23:05:03.291954+00:00,ticker_only,2026-09-19T03:05:03.356996+00:00,ticker_only,OBSERVED-NOW book scenario; fee/prices event-time,0.21499999999999986,0.009907500000000001,,,,,,,,eligibility snapshot time unpublished,"sell: $1,000 exceeds visible top-of-book ($73) on ticker-only symbol; buy: $1,000 exceeds visible top-of-book ($74) on ticker-only symbol"
rLABD-2026-06-23-1,rLABD,RLABDUSDT,2026-06-23,overnight_2000,5000,0.07523,0.3,0.052661,10.015,9.8,0.03333333333333333,0.0005,DOCUMENTED promotional 0.05% through 2026-08-31,after_hours,overnight,2026-09-18T23:05:03.291954+00:00,ticker_only,2026-09-19T03:05:03.356996+00:00,ticker_only,OBSERVED-NOW book scenario; fee/prices event-time,0.21499999999999986,0.009907500000000001,,,,,,,,eligibility snapshot time unpublished,"sell: $5,000 exceeds visible top-of-book ($73) on ticker-only symbol; buy: $5,000 exceeds visible top-of-book ($74) on ticker-only symbol"
rLABD-2026-06-23-1,rLABD,RLABDUSDT,2026-06-23,overnight_2000,25000,0.07523,0.3,0.052661,10.015,9.8,0.03333333333333333,0.0005,DOCUMENTED promotional 0.05% through 2026-08-31,after_hours,overnight,2026-09-18T23:05:03.291954+00:00,ticker_only,2026-09-19T03:05:03.356996+00:00,ticker_only,OBSERVED-NOW book scenario; fee/prices event-time,0.21499999999999986,0.009907500000000001,,,,,,,,eligibility snapshot time unpublished,"sell: $25,000 exceeds visible top-of-book ($73) on ticker-only symbol; buy: $25,000 exceeds visible top-of-book ($74) on ticker-only symbol"
rLABD-2026-06-23-1,rLABD,RLABDUSDT,2026-06-23,premarket_0400,1000,0.07523,0.3,0.052661,10.015,10.151,8.016666666666667,0.0005,DOCUMENTED promotional 0.05% through 2026-08-31,after_hours,pre_market,2026-09-18T23:05:03.291954+00:00,ticker_only,,,OBSERVED-NOW book scenario; fee/prices event-time,-0.13599999999999923,0.010083,,,,,,,,eligibility snapshot time unpublished,"sell: $1,000 exceeds visible top-of-book ($73) on ticker-only symbol; buy: no depth sample for this symbol/session"
rLABD-2026-06-23-1,rLABD,RLABDUSDT,2026-06-23,premarket_0400,5000,0.07523,0.3,0.052661,10.015,10.151,8.016666666666667,0.0005,DOCUMENTED promotional 0.05% through 2026-08-31,after_hours,pre_market,2026-09-18T23:05:03.291954+00:00,ticker_only,,,OBSERVED-NOW book scenario; fee/prices event-time,-0.13599999999999923,0.010083,,,,,,,,eligibility snapshot time unpublished,"sell: $5,000 exceeds visible top-of-book ($73) on ticker-only symbol; buy: no depth sample for this symbol/session"
rLABD-2026-06-23-1,rLABD,RLABDUSDT,2026-06-23,premarket_0400,25000,0.07523,0.3,0.052661,10.015,10.151,8.016666666666667,0.0005,DOCUMENTED promotional 0.05% through 2026-08-31,after_hours,pre_market,2026-09-18T23:05:03.291954+00:00,ticker_only,,,OBSERVED-NOW book scenario; fee/prices event-time,-0.13599999999999923,0.010083,,,,,,,,eligibility snapshot time unpublished,"sell: $25,000 exceeds visible top-of-book ($73) on ticker-only symbol; buy: no depth sample for this symbol/session"
rLABD-2026-06-23-1,rLABD,RLABDUSDT,2026-06-23,open_0930,1000,0.07523,0.3,0.052661,10.015,10.067,13.516666666666667,0.0005,DOCUMENTED promotional 0.05% through 2026-08-31,after_hours,regular,2026-09-18T23:05:03.291954+00:00,ticker_only,2026-09-16T19:34:15.315933+00:00,ticker_only,OBSERVED-NOW book scenario; fee/prices event-time,-0.0519999999999996,0.010041000000000001,,0.000638162093171652,,,,,,eligibility snapshot time unpublished,"sell: $1,000 exceeds visible top-of-book ($73) on ticker-only symbol"
rLABD-2026-06-23-1,rLABD,RLABDUSDT,2026-06-23,open_0930,5000,0.07523,0.3,0.052661,10.015,10.067,13.516666666666667,0.0005,DOCUMENTED promotional 0.05% through 2026-08-31,after_hours,regular,2026-09-18T23:05:03.291954+00:00,ticker_only,2026-09-16T19:34:15.315933+00:00,ticker_only,OBSERVED-NOW book scenario; fee/prices event-time,-0.0519999999999996,0.010041000000000001,,0.000638162093171652,,,,,,eligibility snapshot time unpublished,"sell: $5,000 exceeds visible top-of-book ($73) on ticker-only symbol"
rLABD-2026-06-23-1,rLABD,RLABDUSDT,2026-06-23,open_0930,25000,0.07523,0.3,0.052661,10.015,10.067,13.516666666666667,0.0005,DOCUMENTED promotional 0.05% through 2026-08-31,after_hours,regular,2026-09-18T23:05:03.291954+00:00,ticker_only,2026-09-16T19:34:15.315933+00:00,ticker_only,OBSERVED-NOW book scenario; fee/prices event-time,-0.0519999999999996,0.010041000000000001,,0.000638162093171652,,,,,,eligibility snapshot time unpublished,"sell: $25,000 exceeds visible top-of-book ($73) on ticker-only symbol"
rLABD-2026-06-23-1,rLABD,RLABDUSDT,2026-06-23,open_1000,1000,0.07523,0.3,0.052661,10.015,9.526,14.016666666666667,0.0005,DOCUMENTED promotional 0.05% through 2026-08-31,after_hours,regular,2026-09-18T23:05:03.291954+00:00,ticker_only,2026-09-16T19:34:15.315933+00:00,ticker_only,OBSERVED-NOW book scenario; fee/prices event-time,0.48900000000000077,0.0097705,,0.000638162093171652,,,,,,eligibility snapshot time unpublished,"sell: $1,000 exceeds visible top-of-book ($73) on ticker-only symbol"
rLABD-2026-06-23-1,rLABD,RLABDUSDT,2026-06-23,open_1000,5000,0.07523,0.3,0.052661,10.015,9.526,14.016666666666667,0.0005,DOCUMENTED promotional 0.05% through 2026-08-31,after_hours,regular,2026-09-18T23:05:03.291954+00:00,ticker_only,2026-09-16T19:34:15.315933+00:00,ticker_only,OBSERVED-NOW book scenario; fee/prices event-time,0.48900000000000077,0.0097705,,0.000638162093171652,,,,,,eligibility snapshot time unpublished,"sell: $5,000 exceeds visible top-of-book ($73) on ticker-only symbol"
rLABD-2026-06-23-1,rLABD,RLABDUSDT,2026-06-23,open_1000,25000,0.07523,0.3,0.052661,10.015,9.526,14.016666666666667,0.0005,DOCUMENTED promotional 0.05% through 2026-08-31,after_hours,regular,2026-09-18T23:05:03.291954+00:00,ticker_only,2026-09-16T19:34:15.315933+00:00,ticker_only,OBSERVED-NOW book scenario; fee/prices event-time,0.48900000000000077,0.0097705,,0.000638162093171652,,,,,,eligibility snapshot time unpublished,"sell: $25,000 exceeds visible top-of-book ($73) on ticker-only symbol"
rLABD-2026-06-23-1,rLABD,RLABDUSDT,2026-06-23,close_1600,1000,0.07523,0.3,0.052661,10.015,9.689,20.016666666666666,0.0005,DOCUMENTED promotional 0.05% through 2026-08-31,after_hours,after_hours,2026-09-18T23:05:03.291954+00:00,ticker_only,2026-09-18T23:05:03.291954+00:00,ticker_only,OBSERVED-NOW book scenario; fee/prices event-time,0.3260000000000005,0.009852000000000001,,,,,,,,eligibility snapshot time unpublished,"sell: $1,000 exceeds visible top-of-book ($73) on ticker-only symbol; buy: $1,000 exceeds visible top-of-book ($7) on ticker-only symbol"
rLABD-2026-06-23-1,rLABD,RLABDUSDT,2026-06-23,close_1600,5000,0.07523,0.3,0.052661,10.015,9.689,20.016666666666666,0.0005,DOCUMENTED promotional 0.05% through 2026-08-31,after_hours,after_hours,2026-09-18T23:05:03.291954+00:00,ticker_only,2026-09-18T23:05:03.291954+00:00,ticker_only,OBSERVED-NOW book scenario; fee/prices event-time,0.3260000000000005,0.009852000000000001,,,,,,,,eligibility snapshot time unpublished,"sell: $5,000 exceeds visible top-of-book ($73) on ticker-only symbol; buy: $5,000 exceeds visible top-of-book ($7) on ticker-only symbol"
rLABD-2026-06-23-1,rLABD,RLABDUSDT,2026-06-23,close_1600,25000,0.07523,0.3,0.052661,10.015,9.689,20.016666666666666,0.0005,DOCUMENTED promotional 0.05% through 2026-08-31,after_hours,after_hours,2026-09-18T23:05:03.291954+00:00,ticker_only,2026-09-18T23:05:03.291954+00:00,ticker_only,OBSERVED-NOW book scenario; fee/prices event-time,0.3260000000000005,0.009852000000000001,,,,,,,,eligibility snapshot time unpublished,"sell: $25,000 exceeds visible top-of-book ($73) on ticker-only symbol; buy: $25,000 exceeds visible top-of-book ($7) on ticker-only symbol"
rLIT-2026-06-29-1,rLIT,RLITUSDT,2026-06-29,overnight_2000,1000,0.324862,0.3,0.2274034,76.85,75.92,48.516666666666666,0.0005,DOCUMENTED promotional 0.05% through 2026-08-31,after_hours,overnight,2026-09-18T23:05:03.291954+00:00,ticker_only,2026-09-19T03:05:03.356996+00:00,ticker_only,OBSERVED-NOW book scenario; fee/prices event-time,0.9299999999999926,0.076385,,0.09753298909925412,,,,,,eligibility snapshot time unpublished,"sell: $1,000 exceeds visible top-of-book ($70) on ticker-only symbol"
rLIT-2026-06-29-1,rLIT,RLITUSDT,2026-06-29,overnight_2000,5000,0.324862,0.3,0.2274034,76.85,75.92,48.516666666666666,0.0005,DOCUMENTED promotional 0.05% through 2026-08-31,after_hours,overnight,2026-09-18T23:05:03.291954+00:00,ticker_only,2026-09-19T03:05:03.356996+00:00,ticker_only,OBSERVED-NOW book scenario; fee/prices event-time,0.9299999999999926,0.076385,,0.09753298909925412,,,,,,eligibility snapshot time unpublished,"sell: $5,000 exceeds visible top-of-book ($70) on ticker-only symbol"
rLIT-2026-06-29-1,rLIT,RLITUSDT,2026-06-29,overnight_2000,25000,0.324862,0.3,0.2274034,76.85,75.92,48.516666666666666,0.0005,DOCUMENTED promotional 0.05% through 2026-08-31,after_hours,overnight,2026-09-18T23:05:03.291954+00:00,ticker_only,2026-09-19T03:05:03.356996+00:00,ticker_only,OBSERVED-NOW book scenario; fee/prices event-time,0.9299999999999926,0.076385,,,,,,,,eligibility snapshot time unpublished,"sell: $25,000 exceeds visible top-of-book ($70) on ticker-only symbol; buy: $25,000 exceeds visible top-of-book ($7,652) on ticker-only symbol"
rLIT-2026-06-29-1,rLIT,RLITUSDT,2026-06-29,premarket_0400,1000,0.324862,0.3,0.2274034,76.85,77.049,56.03333333333333,0.0005,DOCUMENTED promotional 0.05% through 2026-08-31,after_hours,pre_market,2026-09-18T23:05:03.291954+00:00,ticker_only,,,OBSERVED-NOW book scenario; fee/prices event-time,-0.19900000000001228,0.0769495,,,,,,,,eligibility snapshot time unpublished,"sell: $1,000 exceeds visible top-of-book ($70) on ticker-only symbol; buy: no depth sample for this symbol/session"
rLIT-2026-06-29-1,rLIT,RLITUSDT,2026-06-29,premarket_0400,5000,0.324862,0.3,0.2274034,76.85,77.049,56.03333333333333,0.0005,DOCUMENTED promotional 0.05% through 2026-08-31,after_hours,pre_market,2026-09-18T23:05:03.291954+00:00,ticker_only,,,OBSERVED-NOW book scenario; fee/prices event-time,-0.19900000000001228,0.0769495,,,,,,,,eligibility snapshot time unpublished,"sell: $5,000 exceeds visible top-of-book ($70) on ticker-only symbol; buy: no depth sample for this symbol/session"
rLIT-2026-06-29-1,rLIT,RLITUSDT,2026-06-29,premarket_0400,25000,0.324862,0.3,0.2274034,76.85,77.049,56.03333333333333,0.0005,DOCUMENTED promotional 0.05% through 2026-08-31,after_hours,pre_market,2026-09-18T23:05:03.291954+00:00,ticker_only,,,OBSERVED-NOW book scenario; fee/prices event-time,-0.19900000000001228,0.0769495,,,,,,,,eligibility snapshot time unpublished,"sell: $25,000 exceeds visible top-of-book ($70) on ticker-only symbol; buy: no depth sample for this symbol/session"
rLIT-2026-06-29-1,rLIT,RLITUSDT,2026-06-29,open_0930,1000,0.324862,0.3,0.2274034,76.85,76.785,61.53333333333333,0.0005,DOCUMENTED promotional 0.05% through 2026-08-31,after_hours,regular,2026-09-18T23:05:03.291954+00:00,ticker_only,2026-09-16T19:34:15.315933+00:00,ticker_only,OBSERVED-NOW book scenario; fee/prices event-time,0.06499999999999773,0.0768175,,0.004179878927644843,,,,,,eligibility snapshot time unpublished,"sell: $1,000 exceeds visible top-of-book ($70) on ticker-only symbol"
rLIT-2026-06-29-1,rLIT,RLITUSDT,2026-06-29,open_0930,5000,0.324862,0.3,0.2274034,76.85,76.785,61.53333333333333,0.0005,DOCUMENTED promotional 0.05% through 2026-08-31,after_hours,regular,2026-09-18T23:05:03.291954+00:00,ticker_only,2026-09-16T19:34:15.315933+00:00,ticker_only,OBSERVED-NOW book scenario; fee/prices event-time,0.06499999999999773,0.0768175,,0.004179878927644843,,,,,,eligibility snapshot time unpublished,"sell: $5,000 exceeds visible top-of-book ($70) on ticker-only symbol"
rLIT-2026-06-29-1,rLIT,RLITUSDT,2026-06-29,open_0930,25000,0.324862,0.3,0.2274034,76.85,76.785,61.53333333333333,0.0005,DOCUMENTED promotional 0.05% through 2026-08-31,after_hours,regular,2026-09-18T23:05:03.291954+00:00,ticker_only,2026-09-16T19:34:15.315933+00:00,ticker_only,OBSERVED-NOW book scenario; fee/prices event-time,0.06499999999999773,0.0768175,,,,,,,,eligibility snapshot time unpublished,"sell: $25,000 exceeds visible top-of-book ($70) on ticker-only symbol; buy: $25,000 exceeds visible top-of-book ($6,967) on ticker-only symbol"
rLIT-2026-06-29-1,rLIT,RLITUSDT,2026-06-29,open_1000,1000,0.324862,0.3,0.2274034,76.85,76.605,62.03333333333333,0.0005,DOCUMENTED promotional 0.05% through 2026-08-31,after_hours,regular,2026-09-18T23:05:03.291954+00:00,ticker_only,2026-09-16T19:34:15.315933+00:00,ticker_only,OBSERVED-NOW book scenario; fee/prices event-time,0.24499999999999034,0.07672749999999999,,0.004179878927644843,,,,,,eligibility snapshot time unpublished,"sell: $1,000 exceeds visible top-of-book ($70) on ticker-only symbol"
rLIT-2026-06-29-1,rLIT,RLITUSDT,2026-06-29,open_1000,5000,0.324862,0.3,0.2274034,76.85,76.605,62.03333333333333,0.0005,DOCUMENTED promotional 0.05% through 2026-08-31,after_hours,regular,2026-09-18T23:05:03.291954+00:00,ticker_only,2026-09-16T19:34:15.315933+00:00,ticker_only,OBSERVED-NOW book scenario; fee/prices event-time,0.24499999999999034,0.07672749999999999,,0.004179878927644843,,,,,,eligibility snapshot time unpublished,"sell: $5,000 exceeds visible top-of-book ($70) on ticker-only symbol"
rLIT-2026-06-29-1,rLIT,RLITUSDT,2026-06-29,open_1000,25000,0.324862,0.3,0.2274034,76.85,76.605,62.03333333333333,0.0005,DOCUMENTED promotional 0.05% through 2026-08-31,after_hours,regular,2026-09-18T23:05:03.291954+00:00,ticker_only,2026-09-16T19:34:15.315933+00:00,ticker_only,OBSERVED-NOW book scenario; fee/prices event-time,0.24499999999999034,0.07672749999999999,,,,,,,,eligibility snapshot time unpublished,"sell: $25,000 exceeds visible top-of-book ($70) on ticker-only symbol; buy: $25,000 exceeds visible top-of-book ($6,967) on ticker-only symbol"
rLIT-2026-06-29-1,rLIT,RLITUSDT,2026-06-29,close_1600,1000,0.324862,0.3,0.2274034,76.85,77.35,68.03333333333333,0.0005,DOCUMENTED promotional 0.05% through 2026-08-31,after_hours,after_hours,2026-09-18T23:05:03.291954+00:00,ticker_only,2026-09-18T23:05:03.291954+00:00,ticker_only,OBSERVED-NOW book scenario; fee/prices event-time,-0.5,0.0771,,0.03872876109238492,,,,,,eligibility snapshot time unpublished,"sell: $1,000 exceeds visible top-of-book ($70) on ticker-only symbol"
rLIT-2026-06-29-1,rLIT,RLITUSDT,2026-06-29,close_1600,5000,0.324862,0.3,0.2274034,76.85,77.35,68.03333333333333,0.0005,DOCUMENTED promotional 0.05% through 2026-08-31,after_hours,after_hours,2026-09-18T23:05:03.291954+00:00,ticker_only,2026-09-18T23:05:03.291954+00:00,ticker_only,OBSERVED-NOW book scenario; fee/prices event-time,-0.5,0.0771,,,,,,,,eligibility snapshot time unpublished,"sell: $5,000 exceeds visible top-of-book ($70) on ticker-only symbol; buy: $5,000 exceeds visible top-of-book ($1,888) on ticker-only symbol"
rLIT-2026-06-29-1,rLIT,RLITUSDT,2026-06-29,close_1600,25000,0.324862,0.3,0.2274034,76.85,77.35,68.03333333333333,0.0005,DOCUMENTED promotional 0.05% through 2026-08-31,after_hours,after_hours,2026-09-18T23:05:03.291954+00:00,ticker_only,2026-09-18T23:05:03.291954+00:00,ticker_only,OBSERVED-NOW book scenario; fee/prices event-time,-0.5,0.0771,,,,,,,,eligibility snapshot time unpublished,"sell: $25,000 exceeds visible top-of-book ($70) on ticker-only symbol; buy: $25,000 exceeds visible top-of-book ($1,888) on ticker-only symbol"
rLRCX-2026-06-17-1,rLRCX,RLRCXUSDT,2026-06-17,overnight_2000,1000,0.26,0.3,0.182,369.884,370.52,0.016666666666666666,0.0005,DOCUMENTED promotional 0.05% through 2026-08-31,after_hours,overnight,2026-09-18T23:05:03.291954+00:00,public_book,2026-09-19T03:05:03.356996+00:00,public_book,OBSERVED-NOW book scenario; fee/prices event-time,-0.6359999999999673,0.37020200000000003,0.001866224563791264,0.002060222000048295,1.4536400620112622,1.8238420620112623,-2.6418420620112295,7.714777161581778,-0.37578506364625064,eligibility snapshot time unpublished,
rLRCX-2026-06-17-1,rLRCX,RLRCXUSDT,2026-06-17,overnight_2000,5000,0.26,0.3,0.182,369.884,370.52,0.016666666666666666,0.0005,DOCUMENTED promotional 0.05% through 2026-08-31,after_hours,overnight,2026-09-18T23:05:03.291954+00:00,public_book,2026-09-19T03:05:03.356996+00:00,public_book,OBSERVED-NOW book scenario; fee/prices event-time,-0.6359999999999673,0.37020200000000003,0.0027390143852665805,0.0032074467079636904,2.2015407511146505,2.5717427511146504,-3.3897427511146176,10.591318273517885,-1.1902862558144207,eligibility snapshot time unpublished,
rLRCX-2026-06-17-1,rLRCX,RLRCXUSDT,2026-06-17,overnight_2000,25000,0.26,0.3,0.182,369.884,370.52,0.016666666666666666,0.0005,DOCUMENTED promotional 0.05% through 2026-08-31,after_hours,overnight,2026-09-18T23:05:03.291954+00:00,public_book,2026-09-19T03:05:03.356996+00:00,public_book,OBSERVED-NOW book scenario; fee/prices event-time,-0.6359999999999673,0.37020200000000003,0.004665947611194099,0.005187422544363108,3.647903167356337,4.018105167356337,-4.836105167356305,16.15425064367822,-2.581024375896059,eligibility snapshot time unpublished,
rLRCX-2026-06-17-1,rLRCX,RLRCXUSDT,2026-06-17,premarket_0400,1000,0.26,0.3,0.182,369.884,382.894,8.016666666666667,0.0005,DOCUMENTED promotional 0.05% through 2026-08-31,after_hours,pre_market,2026-09-18T23:05:03.291954+00:00,public_book,,,OBSERVED-NOW book scenario; fee/prices event-time,-13.009999999999991,0.37638900000000003,0.001866224563791264,,,,,,,eligibility snapshot time unpublished,buy: no depth sample for this symbol/session
rLRCX-2026-06-17-1,rLRCX,RLRCXUSDT,2026-06-17,premarket_0400,5000,0.26,0.3,0.182,369.884,382.894,8.016666666666667,0.0005,DOCUMENTED promotional 0.05% through 2026-08-31,after_hours,pre_market,2026-09-18T23:05:03.291954+00:00,public_book,,,OBSERVED-NOW book scenario; fee/prices event-time,-13.009999999999991,0.37638900000000003,0.0027390143852665805,,,,,,,eligibility snapshot time unpublished,buy: no depth sample for this symbol/session
rLRCX-2026-06-17-1,rLRCX,RLRCXUSDT,2026-06-17,premarket_0400,25000,0.26,0.3,0.182,369.884,382.894,8.016666666666667,0.0005,DOCUMENTED promotional 0.05% through 2026-08-31,after_hours,pre_market,2026-09-18T23:05:03.291954+00:00,public_book,,,OBSERVED-NOW book scenario; fee/prices event-time,-13.009999999999991,0.37638900000000003,0.004665947611194099,,,,,,,eligibility snapshot time unpublished,buy: no depth sample for this symbol/session
rLRCX-2026-06-17-1,rLRCX,RLRCXUSDT,2026-06-17,open_0930,1000,0.26,0.3,0.182,369.884,385.312,13.516666666666667,0.0005,DOCUMENTED promotional 0.05% through 2026-08-31,after_hours,regular,2026-09-18T23:05:03.291954+00:00,public_book,2026-09-16T19:34:15.315933+00:00,public_book,OBSERVED-NOW book scenario; fee/prices event-time,-15.427999999999997,0.37759800000000004,0.001866224563791264,0.0007527559991016286,0.9803325260792146,1.3579305260792147,-16.96793052607921,5.922809715689287,14.299236739873455,eligibility snapshot time unpublished,
rLRCX-2026-06-17-1,rLRCX,RLRCXUSDT,2026-06-17,open_0930,5000,0.26,0.3,0.182,369.884,385.312,13.516666666666667,0.0005,DOCUMENTED promotional 0.05% through 2026-08-31,after_hours,regular,2026-09-18T23:05:03.291954+00:00,public_book,2026-09-16T19:34:15.315933+00:00,public_book,OBSERVED-NOW book scenario; fee/prices event-time,-15.427999999999997,0.37759800000000004,0.0027390143852665805,0.002526619464723545,1.9866543960715026,2.3642523960715027,-17.9742523960715,9.793278446428856,13.524342056534154,eligibility snapshot time unpublished,
rLRCX-2026-06-17-1,rLRCX,RLRCXUSDT,2026-06-17,open_0930,25000,0.26,0.3,0.182,369.884,385.312,13.516666666666667,0.0005,DOCUMENTED promotional 0.05% through 2026-08-31,after_hours,regular,2026-09-18T23:05:03.291954+00:00,public_book,2026-09-16T19:34:15.315933+00:00,public_book,OBSERVED-NOW book scenario; fee/prices event-time,-15.427999999999997,0.37759800000000004,0.004665947611194099,0.00498220531560567,3.64556286078557,4.02316086078557,-19.633160860785566,16.17369561840604,11.910351646927094,eligibility snapshot time unpublished,
rLRCX-2026-06-17-1,rLRCX,RLRCXUSDT,2026-06-17,open_1000,1000,0.26,0.3,0.182,369.884,388.41,14.016666666666667,0.0005,DOCUMENTED promotional 0.05% through 2026-08-31,after_hours,regular,2026-09-18T23:05:03.291954+00:00,public_book,2026-09-16T19:34:15.315933+00:00,public_book,OBSERVED-NOW book scenario; fee/prices event-time,-18.52600000000001,0.37914700000000007,0.001866224563791264,0.0007527559991016286,0.9826645641644316,1.3618115641644317,-20.06981156416444,5.937736785247814,17.393783024720776,eligibility snapshot time unpublished,
rLRCX-2026-06-17-1,rLRCX,RLRCXUSDT,2026-06-17,open_1000,5000,0.26,0.3,0.182,369.884,388.41,14.016666666666667,0.0005,DOCUMENTED promotional 0.05% through 2026-08-31,after_hours,regular,2026-09-18T23:05:03.291954+00:00,public_book,2026-09-16T19:34:15.315933+00:00,public_book,OBSERVED-NOW book scenario; fee/prices event-time,-18.52600000000001,0.37914700000000007,0.0027390143852665805,0.002526619464723545,1.9944818631732162,2.373628863173216,-21.081628863173226,9.829341781435446,16.61603271999716,eligibility snapshot time unpublished,
rLRCX-2026-06-17-1,rLRCX,RLRCXUSDT,2026-06-17,open_1000,25000,0.26,0.3,0.182,369.884,388.41,14.016666666666667,0.0005,DOCUMENTED promotional 0.05% through 2026-08-31,after_hours,regular,2026-09-18T23:05:03.291954+00:00,public_book,2026-09-16T19:34:15.315933+00:00,public_book,OBSERVED-NOW book scenario; fee/prices event-time,-18.52600000000001,0.37914700000000007,0.004665947611194099,0.00498220531560567,3.6609977328533168,4.040144732853316,-22.748144732853326,16.239018203281987,14.99478061696437,eligibility snapshot time unpublished,
rLRCX-2026-06-17-1,rLRCX,RLRCXUSDT,2026-06-17,close_1600,1000,0.26,0.3,0.182,369.884,374.16,20.016666666666666,0.0005,DOCUMENTED promotional 0.05% through 2026-08-31,after_hours,after_hours,2026-09-18T23:05:03.291954+00:00,public_book,2026-09-18T23:05:03.291954+00:00,public_book,OBSERVED-NOW book scenario; fee/prices event-time,-4.2760000000000105,0.3720220000000001,0.001866224563791264,0.0018823939098391307,1.3946031118587772,1.7666251118587772,-6.2246251118587885,7.4947119686876045,2.691444028264934,eligibility snapshot time unpublished,
rLRCX-2026-06-17-1,rLRCX,RLRCXUSDT,2026-06-17,close_1600,5000,0.26,0.3,0.182,369.884,374.16,20.016666666666666,0.0005,DOCUMENTED promotional 0.05% through 2026-08-31,after_hours,after_hours,2026-09-18T23:05:03.291954+00:00,public_book,2026-09-18T23:05:03.291954+00:00,public_book,OBSERVED-NOW book scenario; fee/prices event-time,-4.2760000000000105,0.3720220000000001,0.0027390143852665805,0.003017150716704053,2.1420147090419324,2.5140367090419327,-6.9720367090419435,10.369371957853586,1.945152601911305,eligibility snapshot time unpublished,
rLRCX-2026-06-17-1,rLRCX,RLRCXUSDT,2026-06-17,close_1600,25000,0.26,0.3,0.182,369.884,374.16,20.016666666666666,0.0005,DOCUMENTED promotional 0.05% through 2026-08-31,after_hours,after_hours,2026-09-18T23:05:03.291954+00:00,public_book,2026-09-18T23:05:03.291954+00:00,public_book,OBSERVED-NOW book scenario; fee/prices event-time,-4.2760000000000105,0.3720220000000001,0.004665947611194099,0.004938892105277759,3.5737952363296444,3.9458172363296447,-8.403817236329655,15.876220139729403,0.5133498743270675,eligibility snapshot time unpublished,
rMDT-2026-06-26-1,rMDT,RMDTUSDT,2026-06-26,overnight_2000,1000,0.72,0.3,0.504,80.696,80.03,0.016666666666666666,0.0005,DOCUMENTED promotional 0.05% through 2026-08-31,after_hours,overnight,2026-09-18T23:05:03.291954+00:00,ticker_only,2026-09-19T03:05:03.356996+00:00,ticker_only,OBSERVED-NOW book scenario; fee/prices event-time,0.6659999999999968,0.080363,,0.012006861063464887,,,,,,eligibility snapshot time unpublished,"sell: $1,000 exceeds visible top-of-book ($922) on ticker-only symbol"
rMDT-2026-06-26-1,rMDT,RMDTUSDT,2026-06-26,overnight_2000,5000,0.72,0.3,0.504,80.696,80.03,0.016666666666666666,0.0005,DOCUMENTED promotional 0.05% through 2026-08-31,after_hours,overnight,2026-09-18T23:05:03.291954+00:00,ticker_only,2026-09-19T03:05:03.356996+00:00,ticker_only,OBSERVED-NOW book scenario; fee/prices event-time,0.6659999999999968,0.080363,,0.012006861063464887,,,,,,eligibility snapshot time unpublished,"sell: $5,000 exceeds visible top-of-book ($922) on ticker-only symbol"
rMDT-2026-06-26-1,rMDT,RMDTUSDT,2026-06-26,overnight_2000,25000,0.72,0.3,0.504,80.696,80.03,0.016666666666666666,0.0005,DOCUMENTED promotional 0.05% through 2026-08-31,after_hours,overnight,2026-09-18T23:05:03.291954+00:00,ticker_only,2026-09-19T03:05:03.356996+00:00,ticker_only,OBSERVED-NOW book scenario; fee/prices event-time,0.6659999999999968,0.080363,,,,,,,,eligibility snapshot time unpublished,"sell: $25,000 exceeds visible top-of-book ($922) on ticker-only symbol; buy: $25,000 exceeds visible top-of-book ($13,971) on ticker-only symbol"
rMDT-2026-06-26-1,rMDT,RMDTUSDT,2026-06-26,premarket_0400,1000,0.72,0.3,0.504,80.696,80.382,8.016666666666667,0.0005,DOCUMENTED promotional 0.05% through 2026-08-31,after_hours,pre_market,2026-09-18T23:05:03.291954+00:00,ticker_only,,,OBSERVED-NOW book scenario; fee/prices event-time,0.31399999999999295,0.080539,,,,,,,,eligibility snapshot time unpublished,"sell: $1,000 exceeds visible top-of-book ($922) on ticker-only symbol; buy: no depth sample for this symbol/session"
rMDT-2026-06-26-1,rMDT,RMDTUSDT,2026-06-26,premarket_0400,5000,0.72,0.3,0.504,80.696,80.382,8.016666666666667,0.0005,DOCUMENTED promotional 0.05% through 2026-08-31,after_hours,pre_market,2026-09-18T23:05:03.291954+00:00,ticker_only,,,OBSERVED-NOW book scenario; fee/prices event-time,0.31399999999999295,0.080539,,,,,,,,eligibility snapshot time unpublished,"sell: $5,000 exceeds visible top-of-book ($922) on ticker-only symbol; buy: no depth sample for this symbol/session"
rMDT-2026-06-26-1,rMDT,RMDTUSDT,2026-06-26,premarket_0400,25000,0.72,0.3,0.504,80.696,80.382,8.016666666666667,0.0005,DOCUMENTED promotional 0.05% through 2026-08-31,after_hours,pre_market,2026-09-18T23:05:03.291954+00:00,ticker_only,,,OBSERVED-NOW book scenario; fee/prices event-time,0.31399999999999295,0.080539,,,,,,,,eligibility snapshot time unpublished,"sell: $25,000 exceeds visible top-of-book ($922) on ticker-only symbol; buy: no depth sample for this symbol/session"
rMDT-2026-06-26-1,rMDT,RMDTUSDT,2026-06-26,open_0930,1000,0.72,0.3,0.504,80.696,80.015,13.516666666666667,0.0005,DOCUMENTED promotional 0.05% through 2026-08-31,after_hours,regular,2026-09-18T23:05:03.291954+00:00,ticker_only,2026-09-16T19:34:15.315933+00:00,ticker_only,OBSERVED-NOW book scenario; fee/prices event-time,0.6809999999999974,0.08035550000000001,,0.00010794473229711911,,,,,,eligibility snapshot time unpublished,"sell: $1,000 exceeds visible top-of-book ($922) on ticker-only symbol"
rMDT-2026-06-26-1,rMDT,RMDTUSDT,2026-06-26,open_0930,5000,0.72,0.3,0.504,80.696,80.015,13.516666666666667,0.0005,DOCUMENTED promotional 0.05% through 2026-08-31,after_hours,regular,2026-09-18T23:05:03.291954+00:00,ticker_only,2026-09-16T19:34:15.315933+00:00,ticker_only,OBSERVED-NOW book scenario; fee/prices event-time,0.6809999999999974,0.08035550000000001,,0.00010794473229711911,,,,,,eligibility snapshot time unpublished,"sell: $5,000 exceeds visible top-of-book ($922) on ticker-only symbol"
rMDT-2026-06-26-1,rMDT,RMDTUSDT,2026-06-26,open_0930,25000,0.72,0.3,0.504,80.696,80.015,13.516666666666667,0.0005,DOCUMENTED promotional 0.05% through 2026-08-31,after_hours,regular,2026-09-18T23:05:03.291954+00:00,ticker_only,2026-09-16T19:34:15.315933+00:00,ticker_only,OBSERVED-NOW book scenario; fee/prices event-time,0.6809999999999974,0.08035550000000001,,,,,,,,eligibility snapshot time unpublished,"sell: $25,000 exceeds visible top-of-book ($922) on ticker-only symbol; buy: $25,000 exceeds visible top-of-book ($11,489) on ticker-only symbol"
rMDT-2026-06-26-1,rMDT,RMDTUSDT,2026-06-26,open_1000,1000,0.72,0.3,0.504,80.696,80.74,14.016666666666667,0.0005,DOCUMENTED promotional 0.05% through 2026-08-31,after_hours,regular,2026-09-18T23:05:03.291954+00:00,ticker_only,2026-09-16T19:34:15.315933+00:00,ticker_only,OBSERVED-NOW book scenario; fee/prices event-time,-0.04399999999999693,0.08071799999999998,,0.00010794473229711911,,,,,,eligibility snapshot time unpublished,"sell: $1,000 exceeds visible top-of-book ($922) on ticker-only symbol"
rMDT-2026-06-26-1,rMDT,RMDTUSDT,2026-06-26,open_1000,5000,0.72,0.3,0.504,80.696,80.74,14.016666666666667,0.0005,DOCUMENTED promotional 0.05% through 2026-08-31,after_hours,regular,2026-09-18T23:05:03.291954+00:00,ticker_only,2026-09-16T19:34:15.315933+00:00,ticker_only,OBSERVED-NOW book scenario; fee/prices event-time,-0.04399999999999693,0.08071799999999998,,0.00010794473229711911,,,,,,eligibility snapshot time unpublished,"sell: $5,000 exceeds visible top-of-book ($922) on ticker-only symbol"
rMDT-2026-06-26-1,rMDT,RMDTUSDT,2026-06-26,open_1000,25000,0.72,0.3,0.504,80.696,80.74,14.016666666666667,0.0005,DOCUMENTED promotional 0.05% through 2026-08-31,after_hours,regular,2026-09-18T23:05:03.291954+00:00,ticker_only,2026-09-16T19:34:15.315933+00:00,ticker_only,OBSERVED-NOW book scenario; fee/prices event-time,-0.04399999999999693,0.08071799999999998,,,,,,,,eligibility snapshot time unpublished,"sell: $25,000 exceeds visible top-of-book ($922) on ticker-only symbol; buy: $25,000 exceeds visible top-of-book ($11,489) on ticker-only symbol"
rMDT-2026-06-26-1,rMDT,RMDTUSDT,2026-06-26,close_1600,1000,0.72,0.3,0.504,80.696,80.97,20.016666666666666,0.0005,DOCUMENTED promotional 0.05% through 2026-08-31,after_hours,after_hours,2026-09-18T23:05:03.291954+00:00,ticker_only,2026-09-18T23:05:03.291954+00:00,ticker_only,OBSERVED-NOW book scenario; fee/prices event-time,-0.2740000000000009,0.080833,,0.0004338394793926155,,,,,,eligibility snapshot time unpublished,"sell: $1,000 exceeds visible top-of-book ($922) on ticker-only symbol"
rMDT-2026-06-26-1,rMDT,RMDTUSDT,2026-06-26,close_1600,5000,0.72,0.3,0.504,80.696,80.97,20.016666666666666,0.0005,DOCUMENTED promotional 0.05% through 2026-08-31,after_hours,after_hours,2026-09-18T23:05:03.291954+00:00,ticker_only,2026-09-18T23:05:03.291954+00:00,ticker_only,OBSERVED-NOW book scenario; fee/prices event-time,-0.2740000000000009,0.080833,,,,,,,,eligibility snapshot time unpublished,"sell: $5,000 exceeds visible top-of-book ($922) on ticker-only symbol; buy: $5,000 exceeds visible top-of-book ($2,306) on ticker-only symbol"
rMDT-2026-06-26-1,rMDT,RMDTUSDT,2026-06-26,close_1600,25000,0.72,0.3,0.504,80.696,80.97,20.016666666666666,0.0005,DOCUMENTED promotional 0.05% through 2026-08-31,after_hours,after_hours,2026-09-18T23:05:03.291954+00:00,ticker_only,2026-09-18T23:05:03.291954+00:00,ticker_only,OBSERVED-NOW book scenario; fee/prices event-time,-0.2740000000000009,0.080833,,,,,,,,eligibility snapshot time unpublished,"sell: $25,000 exceeds visible top-of-book ($922) on ticker-only symbol; buy: $25,000 exceeds visible top-of-book ($2,306) on ticker-only symbol"
rMO-2026-06-15-1,rMO,RMOUSDT,2026-06-15,overnight_2000,1000,1.06,0.3,0.742,72.163,72.168,0.016666666666666666,0.0005,DOCUMENTED promotional 0.05% through 2026-08-31,after_hours,overnight,2026-09-18T23:05:03.291954+00:00,ticker_only,2026-09-19T03:05:03.356996+00:00,ticker_only,OBSERVED-NOW book scenario; fee/prices event-time,-0.005000000000009663,0.07216550000000001,,0.0005752912411908406,,,,,,eligibility snapshot time unpublished,"sell: $1,000 exceeds visible top-of-book ($347) on ticker-only symbol"
rMO-2026-06-15-1,rMO,RMOUSDT,2026-06-15,overnight_2000,5000,1.06,0.3,0.742,72.163,72.168,0.016666666666666666,0.0005,DOCUMENTED promotional 0.05% through 2026-08-31,after_hours,overnight,2026-09-18T23:05:03.291954+00:00,ticker_only,2026-09-19T03:05:03.356996+00:00,ticker_only,OBSERVED-NOW book scenario; fee/prices event-time,-0.005000000000009663,0.07216550000000001,,0.0005752912411908406,,,,,,eligibility snapshot time unpublished,"sell: $5,000 exceeds visible top-of-book ($347) on ticker-only symbol"
rMO-2026-06-15-1,rMO,RMOUSDT,2026-06-15,overnight_2000,25000,1.06,0.3,0.742,72.163,72.168,0.016666666666666666,0.0005,DOCUMENTED promotional 0.05% through 2026-08-31,after_hours,overnight,2026-09-18T23:05:03.291954+00:00,ticker_only,2026-09-19T03:05:03.356996+00:00,ticker_only,OBSERVED-NOW book scenario; fee/prices event-time,-0.005000000000009663,0.07216550000000001,,,,,,,,eligibility snapshot time unpublished,"sell: $25,000 exceeds visible top-of-book ($347) on ticker-only symbol; buy: $25,000 exceeds visible top-of-book ($7,583) on ticker-only symbol"
rMO-2026-06-15-1,rMO,RMOUSDT,2026-06-15,premarket_0400,1000,1.06,0.3,0.742,72.163,70.682,56.016666666666666,0.0005,DOCUMENTED promotional 0.05% through 2026-08-31,after_hours,pre_market,2026-09-18T23:05:03.291954+00:00,ticker_only,,,OBSERVED-NOW book scenario; fee/prices event-time,1.4809999999999945,0.0714225,,,,,,,,eligibility snapshot time unpublished,"sell: $1,000 exceeds visible top-of-book ($347) on ticker-only symbol; buy: no depth sample for this symbol/session"
rMO-2026-06-15-1,rMO,RMOUSDT,2026-06-15,premarket_0400,5000,1.06,0.3,0.742,72.163,70.682,56.016666666666666,0.0005,DOCUMENTED promotional 0.05% through 2026-08-31,after_hours,pre_market,2026-09-18T23:05:03.291954+00:00,ticker_only,,,OBSERVED-NOW book scenario; fee/prices event-time,1.4809999999999945,0.0714225,,,,,,,,eligibility snapshot time unpublished,"sell: $5,000 exceeds visible top-of-book ($347) on ticker-only symbol; buy: no depth sample for this symbol/session"
rMO-2026-06-15-1,rMO,RMOUSDT,2026-06-15,premarket_0400,25000,1.06,0.3,0.742,72.163,70.682,56.016666666666666,0.0005,DOCUMENTED promotional 0.05% through 2026-08-31,after_hours,pre_market,2026-09-18T23:05:03.291954+00:00,ticker_only,,,OBSERVED-NOW book scenario; fee/prices event-time,1.4809999999999945,0.0714225,,,,,,,,eligibility snapshot time unpublished,"sell: $25,000 exceeds visible top-of-book ($347) on ticker-only symbol; buy: no depth sample for this symbol/session"
rMO-2026-06-15-1,rMO,RMOUSDT,2026-06-15,open_0930,1000,1.06,0.3,0.742,72.163,69.768,61.516666666666666,0.0005,DOCUMENTED promotional 0.05% through 2026-08-31,after_hours,regular,2026-09-18T23:05:03.291954+00:00,ticker_only,2026-09-16T19:34:15.315933+00:00,ticker_only,OBSERVED-NOW book scenario; fee/prices event-time,2.394999999999996,0.07096549999999999,,0.00014253135689848933,,,,,,eligibility snapshot time unpublished,"sell: $1,000 exceeds visible top-of-book ($347) on ticker-only symbol"
rMO-2026-06-15-1,rMO,RMOUSDT,2026-06-15,open_0930,5000,1.06,0.3,0.742,72.163,69.768,61.516666666666666,0.0005,DOCUMENTED promotional 0.05% through 2026-08-31,after_hours,regular,2026-09-18T23:05:03.291954+00:00,ticker_only,2026-09-16T19:34:15.315933+00:00,ticker_only,OBSERVED-NOW book scenario; fee/prices event-time,2.394999999999996,0.07096549999999999,,0.00014253135689848933,,,,,,eligibility snapshot time unpublished,"sell: $5,000 exceeds visible top-of-book ($347) on ticker-only symbol"
rMO-2026-06-15-1,rMO,RMOUSDT,2026-06-15,open_0930,25000,1.06,0.3,0.742,72.163,69.768,61.516666666666666,0.0005,DOCUMENTED promotional 0.05% through 2026-08-31,after_hours,regular,2026-09-18T23:05:03.291954+00:00,ticker_only,2026-09-16T19:34:15.315933+00:00,ticker_only,OBSERVED-NOW book scenario; fee/prices event-time,2.394999999999996,0.07096549999999999,,0.00014253135689848933,,,,,,eligibility snapshot time unpublished,"sell: $25,000 exceeds visible top-of-book ($347) on ticker-only symbol"
rMO-2026-06-15-1,rMO,RMOUSDT,2026-06-15,open_1000,1000,1.06,0.3,0.742,72.163,70.004,62.016666666666666,0.0005,DOCUMENTED promotional 0.05% through 2026-08-31,after_hours,regular,2026-09-18T23:05:03.291954+00:00,ticker_only,2026-09-16T19:34:15.315933+00:00,ticker_only,OBSERVED-NOW book scenario; fee/prices event-time,2.158999999999992,0.07108350000000001,,0.00014253135689848933,,,,,,eligibility snapshot time unpublished,"sell: $1,000 exceeds visible top-of-book ($347) on ticker-only symbol"
rMO-2026-06-15-1,rMO,RMOUSDT,2026-06-15,open_1000,5000,1.06,0.3,0.742,72.163,70.004,62.016666666666666,0.0005,DOCUMENTED promotional 0.05% through 2026-08-31,after_hours,regular,2026-09-18T23:05:03.291954+00:00,ticker_only,2026-09-16T19:34:15.315933+00:00,ticker_only,OBSERVED-NOW book scenario; fee/prices event-time,2.158999999999992,0.07108350000000001,,0.00014253135689848933,,,,,,eligibility snapshot time unpublished,"sell: $5,000 exceeds visible top-of-book ($347) on ticker-only symbol"
rMO-2026-06-15-1,rMO,RMOUSDT,2026-06-15,open_1000,25000,1.06,0.3,0.742,72.163,70.004,62.016666666666666,0.0005,DOCUMENTED promotional 0.05% through 2026-08-31,after_hours,regular,2026-09-18T23:05:03.291954+00:00,ticker_only,2026-09-16T19:34:15.315933+00:00,ticker_only,OBSERVED-NOW book scenario; fee/prices event-time,2.158999999999992,0.07108350000000001,,0.00014253135689848933,,,,,,eligibility snapshot time unpublished,"sell: $25,000 exceeds visible top-of-book ($347) on ticker-only symbol"
rMO-2026-06-15-1,rMO,RMOUSDT,2026-06-15,close_1600,1000,1.06,0.3,0.742,72.163,69.608,68.01666666666667,0.0005,DOCUMENTED promotional 0.05% through 2026-08-31,after_hours,after_hours,2026-09-18T23:05:03.291954+00:00,ticker_only,2026-09-18T23:05:03.291954+00:00,ticker_only,OBSERVED-NOW book scenario; fee/prices event-time,2.5549999999999926,0.0708855,,0.0017278617710582789,,,,,,eligibility snapshot time unpublished,"sell: $1,000 exceeds visible top-of-book ($347) on ticker-only symbol"
rMO-2026-06-15-1,rMO,RMOUSDT,2026-06-15,close_1600,5000,1.06,0.3,0.742,72.163,69.608,68.01666666666667,0.0005,DOCUMENTED promotional 0.05% through 2026-08-31,after_hours,after_hours,2026-09-18T23:05:03.291954+00:00,ticker_only,2026-09-18T23:05:03.291954+00:00,ticker_only,OBSERVED-NOW book scenario; fee/prices event-time,2.5549999999999926,0.0708855,,0.0017278617710582789,,,,,,eligibility snapshot time unpublished,"sell: $5,000 exceeds visible top-of-book ($347) on ticker-only symbol"
rMO-2026-06-15-1,rMO,RMOUSDT,2026-06-15,close_1600,25000,1.06,0.3,0.742,72.163,69.608,68.01666666666667,0.0005,DOCUMENTED promotional 0.05% through 2026-08-31,after_hours,after_hours,2026-09-18T23:05:03.291954+00:00,ticker_only,2026-09-18T23:05:03.291954+00:00,ticker_only,OBSERVED-NOW book scenario; fee/prices event-time,2.5549999999999926,0.0708855,,,,,,,,eligibility snapshot time unpublished,"sell: $25,000 exceeds visible top-of-book ($347) on ticker-only symbol; buy: $25,000 exceeds visible top-of-book ($7,583) on ticker-only symbol"
rMPWR-2026-06-30-1,rMPWR,RMPWRUSDT,2026-06-30,overnight_2000,1000,2.0,0.3,1.4,1308.795,1309.99,0.4666666666666667,0.0005,DOCUMENTED promotional 0.05% through 2026-08-31,after_hours,overnight,2026-09-18T23:05:03.291954+00:00,ticker_only,2026-09-19T03:05:03.356996+00:00,ticker_only,OBSERVED-NOW book scenario; fee/prices event-time,-1.1949999999999363,1.3093925,0.0028923283653018695,0.0003034328921255101,4.182958957220757,5.492351457220757,-8.087351457220693,3.4461757286103785,-2.8973514572208208,eligibility snapshot time unpublished,
rMPWR-2026-06-30-1,rMPWR,RMPWRUSDT,2026-06-30,overnight_2000,5000,2.0,0.3,1.4,1308.795,1309.99,0.4666666666666667,0.0005,DOCUMENTED promotional 0.05% through 2026-08-31,after_hours,overnight,2026-09-18T23:05:03.291954+00:00,ticker_only,2026-09-19T03:05:03.356996+00:00,ticker_only,OBSERVED-NOW book scenario; fee/prices event-time,-1.1949999999999363,1.3093925,0.0028923283653018695,0.0003034328921255101,4.182958957220757,5.492351457220757,-8.087351457220693,3.4461757286103785,-2.8973514572208208,eligibility snapshot time unpublished,
rMPWR-2026-06-30-1,rMPWR,RMPWRUSDT,2026-06-30,overnight_2000,25000,2.0,0.3,1.4,1308.795,1309.99,0.4666666666666667,0.0005,DOCUMENTED promotional 0.05% through 2026-08-31,after_hours,overnight,2026-09-18T23:05:03.291954+00:00,ticker_only,2026-09-19T03:05:03.356996+00:00,ticker_only,OBSERVED-NOW book scenario; fee/prices event-time,-1.1949999999999363,1.3093925,0.0028923283653018695,,,,,,,eligibility snapshot time unpublished,"buy: $25,000 exceeds visible top-of-book ($6,099) on ticker-only symbol"
rMPWR-2026-06-30-1,rMPWR,RMPWRUSDT,2026-06-30,premarket_0400,1000,2.0,0.3,1.4,1308.795,1308.795,8.016666666666667,0.0005,DOCUMENTED promotional 0.05% through 2026-08-31,after_hours,pre_market,2026-09-18T23:05:03.291954+00:00,ticker_only,,,OBSERVED-NOW book scenario; fee/prices event-time,0.0,1.3087950000000002,0.0028923283653018695,,,,,,,eligibility snapshot time unpublished,buy: no depth sample for this symbol/session
rMPWR-2026-06-30-1,rMPWR,RMPWRUSDT,2026-06-30,premarket_0400,5000,2.0,0.3,1.4,1308.795,1308.795,8.016666666666667,0.0005,DOCUMENTED promotional 0.05% through 2026-08-31,after_hours,pre_market,2026-09-18T23:05:03.291954+00:00,ticker_only,,,OBSERVED-NOW book scenario; fee/prices event-time,0.0,1.3087950000000002,0.0028923283653018695,,,,,,,eligibility snapshot time unpublished,buy: no depth sample for this symbol/session
rMPWR-2026-06-30-1,rMPWR,RMPWRUSDT,2026-06-30,premarket_0400,25000,2.0,0.3,1.4,1308.795,1308.795,8.016666666666667,0.0005,DOCUMENTED promotional 0.05% through 2026-08-31,after_hours,pre_market,2026-09-18T23:05:03.291954+00:00,ticker_only,,,OBSERVED-NOW book scenario; fee/prices event-time,0.0,1.3087950000000002,0.0028923283653018695,,,,,,,eligibility snapshot time unpublished,buy: no depth sample for this symbol/session
rMPWR-2026-06-30-1,rMPWR,RMPWRUSDT,2026-06-30,open_0930,1000,2.0,0.3,1.4,1308.795,1344.88,13.516666666666667,0.0005,DOCUMENTED promotional 0.05% through 2026-08-31,after_hours,regular,2026-09-18T23:05:03.291954+00:00,ticker_only,2026-09-16T19:34:15.315933+00:00,ticker_only,OBSERVED-NOW book scenario; fee/prices event-time,-36.085000000000036,1.3268375000000001,0.0028923283653018695,0.0012544967369971156,5.472612474517941,6.799449974517941,-44.284449974517976,4.099724987258971,30.68555002548209,eligibility snapshot time unpublished,
rMPWR-2026-06-30-1,rMPWR,RMPWRUSDT,2026-06-30,open_0930,5000,2.0,0.3,1.4,1308.795,1344.88,13.516666666666667,0.0005,DOCUMENTED promotional 0.05% through 2026-08-31,after_hours,regular,2026-09-18T23:05:03.291954+00:00,ticker_only,2026-09-16T19:34:15.315933+00:00,ticker_only,OBSERVED-NOW book scenario; fee/prices event-time,-36.085000000000036,1.3268375000000001,0.0028923283653018695,0.0012544967369971156,5.472612474517941,6.799449974517941,-44.284449974517976,4.099724987258971,30.68555002548209,eligibility snapshot time unpublished,
rMPWR-2026-06-30-1,rMPWR,RMPWRUSDT,2026-06-30,open_0930,25000,2.0,0.3,1.4,1308.795,1344.88,13.516666666666667,0.0005,DOCUMENTED promotional 0.05% through 2026-08-31,after_hours,regular,2026-09-18T23:05:03.291954+00:00,ticker_only,2026-09-16T19:34:15.315933+00:00,ticker_only,OBSERVED-NOW book scenario; fee/prices event-time,-36.085000000000036,1.3268375000000001,0.0028923283653018695,0.0012544967369971156,5.472612474517941,6.799449974517941,-44.284449974517976,4.099724987258971,,eligibility snapshot time unpublished,
rMPWR-2026-06-30-1,rMPWR,RMPWRUSDT,2026-06-30,open_1000,1000,2.0,0.3,1.4,1308.795,1352.15,14.016666666666667,0.0005,DOCUMENTED promotional 0.05% through 2026-08-31,after_hours,regular,2026-09-18T23:05:03.291954+00:00,ticker_only,2026-09-16T19:34:15.315933+00:00,ticker_only,OBSERVED-NOW book scenario; fee/prices event-time,-43.35500000000002,1.3304725000000002,0.0028923283653018695,0.0012544967369971156,5.48173266579591,6.81220516579591,-51.567205165795926,4.106102582897955,37.94279483420411,eligibility snapshot time unpublished,
rMPWR-2026-06-30-1,rMPWR,RMPWRUSDT,2026-06-30,open_1000,5000,2.0,0.3,1.4,1308.795,1352.15,14.016666666666667,0.0005,DOCUMENTED promotional 0.05% through 2026-08-31,after_hours,regular,2026-09-18T23:05:03.291954+00:00,ticker_only,2026-09-16T19:34:15.315933+00:00,ticker_only,OBSERVED-NOW book scenario; fee/prices event-time,-43.35500000000002,1.3304725000000002,0.0028923283653018695,0.0012544967369971156,5.48173266579591,6.81220516579591,-51.567205165795926,4.106102582897955,37.94279483420411,eligibility snapshot time unpublished,
rMPWR-2026-06-30-1,rMPWR,RMPWRUSDT,2026-06-30,open_1000,25000,2.0,0.3,1.4,1308.795,1352.15,14.016666666666667,0.0005,DOCUMENTED promotional 0.05% through 2026-08-31,after_hours,regular,2026-09-18T23:05:03.291954+00:00,ticker_only,2026-09-16T19:34:15.315933+00:00,ticker_only,OBSERVED-NOW book scenario; fee/prices event-time,-43.35500000000002,1.3304725000000002,0.0028923283653018695,0.0012544967369971156,5.48173266579591,6.81220516579591,-51.567205165795926,4.106102582897955,,eligibility snapshot time unpublished,
rMPWR-2026-06-30-1,rMPWR,RMPWRUSDT,2026-06-30,close_1600,1000,2.0,0.3,1.4,1308.795,1381.75,20.016666666666666,0.0005,DOCUMENTED promotional 0.05% through 2026-08-31,after_hours,after_hours,2026-09-18T23:05:03.291954+00:00,ticker_only,2026-09-18T23:05:03.291954+00:00,ticker_only,OBSERVED-NOW book scenario; fee/prices event-time,-72.95499999999993,1.3452725,0.0028923283653018695,0.0028923283653018695,7.7819396216211185,9.127212121621119,-83.48221212162105,5.2636060608105595,65.22778787837882,eligibility snapshot time unpublished,
rMPWR-2026-06-30-1,rMPWR,RMPWRUSDT,2026-06-30,close_1600,5000,2.0,0.3,1.4,1308.795,1381.75,20.016666666666666,0.0005,DOCUMENTED promotional 0.05% through 2026-08-31,after_hours,after_hours,2026-09-18T23:05:03.291954+00:00,ticker_only,2026-09-18T23:05:03.291954+00:00,ticker_only,OBSERVED-NOW book scenario; fee/prices event-time,-72.95499999999993,1.3452725,0.0028923283653018695,0.0028923283653018695,7.7819396216211185,9.127212121621119,-83.48221212162105,5.2636060608105595,65.22778787837882,eligibility snapshot time unpublished,
rMPWR-2026-06-30-1,rMPWR,RMPWRUSDT,2026-06-30,close_1600,25000,2.0,0.3,1.4,1308.795,1381.75,20.016666666666666,0.0005,DOCUMENTED promotional 0.05% through 2026-08-31,after_hours,after_hours,2026-09-18T23:05:03.291954+00:00,ticker_only,2026-09-18T23:05:03.291954+00:00,ticker_only,OBSERVED-NOW book scenario; fee/prices event-time,-72.95499999999993,1.3452725,0.0028923283653018695,,,,,,,eligibility snapshot time unpublished,"buy: $25,000 exceeds visible top-of-book ($6,120) on ticker-only symbol"
rMO-2026-09-15-1,rMO,RMOUSDT,2026-09-15,overnight_2000,1000,1.11,0.3,0.777,70.74,70.6,0.03333333333333333,0.001,OBSERVED live symbol takerFeeRate,after_hours,overnight,2026-09-18T23:05:03.291954+00:00,ticker_only,2026-09-19T03:05:03.356996+00:00,ticker_only,OBSERVED-NOW book scenario; fee/prices event-time,0.14000000000000057,0.14133999999999997,,0.0005752912411908406,,,,,,eligibility snapshot time unpublished,"sell: $1,000 exceeds visible top-of-book ($347) on ticker-only symbol"
rMO-2026-09-15-1,rMO,RMOUSDT,2026-09-15,overnight_2000,5000,1.11,0.3,0.777,70.74,70.6,0.03333333333333333,0.001,OBSERVED live symbol takerFeeRate,after_hours,overnight,2026-09-18T23:05:03.291954+00:00,ticker_only,2026-09-19T03:05:03.356996+00:00,ticker_only,OBSERVED-NOW book scenario; fee/prices event-time,0.14000000000000057,0.14133999999999997,,0.0005752912411908406,,,,,,eligibility snapshot time unpublished,"sell: $5,000 exceeds visible top-of-book ($347) on ticker-only symbol"
rMO-2026-09-15-1,rMO,RMOUSDT,2026-09-15,overnight_2000,25000,1.11,0.3,0.777,70.74,70.6,0.03333333333333333,0.001,OBSERVED live symbol takerFeeRate,after_hours,overnight,2026-09-18T23:05:03.291954+00:00,ticker_only,2026-09-19T03:05:03.356996+00:00,ticker_only,OBSERVED-NOW book scenario; fee/prices event-time,0.14000000000000057,0.14133999999999997,,,,,,,,eligibility snapshot time unpublished,"sell: $25,000 exceeds visible top-of-book ($347) on ticker-only symbol; buy: $25,000 exceeds visible top-of-book ($7,583) on ticker-only symbol"
rMO-2026-09-15-1,rMO,RMOUSDT,2026-09-15,premarket_0400,1000,1.11,0.3,0.777,70.74,69.59,8.016666666666667,0.001,OBSERVED live symbol takerFeeRate,after_hours,pre_market,2026-09-18T23:05:03.291954+00:00,ticker_only,,,OBSERVED-NOW book scenario; fee/prices event-time,1.1499999999999915,0.14032999999999998,,,,,,,,eligibility snapshot time unpublished,"sell: $1,000 exceeds visible top-of-book ($347) on ticker-only symbol; buy: no depth sample for this symbol/session"
rMO-2026-09-15-1,rMO,RMOUSDT,2026-09-15,premarket_0400,5000,1.11,0.3,0.777,70.74,69.59,8.016666666666667,0.001,OBSERVED live symbol takerFeeRate,after_hours,pre_market,2026-09-18T23:05:03.291954+00:00,ticker_only,,,OBSERVED-NOW book scenario; fee/prices event-time,1.1499999999999915,0.14032999999999998,,,,,,,,eligibility snapshot time unpublished,"sell: $5,000 exceeds visible top-of-book ($347) on ticker-only symbol; buy: no depth sample for this symbol/session"
rMO-2026-09-15-1,rMO,RMOUSDT,2026-09-15,premarket_0400,25000,1.11,0.3,0.777,70.74,69.59,8.016666666666667,0.001,OBSERVED live symbol takerFeeRate,after_hours,pre_market,2026-09-18T23:05:03.291954+00:00,ticker_only,,,OBSERVED-NOW book scenario; fee/prices event-time,1.1499999999999915,0.14032999999999998,,,,,,,,eligibility snapshot time unpublished,"sell: $25,000 exceeds visible top-of-book ($347) on ticker-only symbol; buy: no depth sample for this symbol/session"
rMO-2026-09-15-1,rMO,RMOUSDT,2026-09-15,open_0930,1000,1.11,0.3,0.777,70.74,68.755,13.516666666666667,0.001,OBSERVED live symbol takerFeeRate,after_hours,regular,2026-09-18T23:05:03.291954+00:00,ticker_only,2026-09-16T19:34:15.315933+00:00,ticker_only,OBSERVED-NOW book scenario; fee/prices event-time,1.9849999999999994,0.139495,,0.00014253135689848933,,,,,,eligibility snapshot time unpublished,"sell: $1,000 exceeds visible top-of-book ($347) on ticker-only symbol"
rMO-2026-09-15-1,rMO,RMOUSDT,2026-09-15,open_0930,5000,1.11,0.3,0.777,70.74,68.755,13.516666666666667,0.001,OBSERVED live symbol takerFeeRate,after_hours,regular,2026-09-18T23:05:03.291954+00:00,ticker_only,2026-09-16T19:34:15.315933+00:00,ticker_only,OBSERVED-NOW book scenario; fee/prices event-time,1.9849999999999994,0.139495,,0.00014253135689848933,,,,,,eligibility snapshot time unpublished,"sell: $5,000 exceeds visible top-of-book ($347) on ticker-only symbol"
rMO-2026-09-15-1,rMO,RMOUSDT,2026-09-15,open_0930,25000,1.11,0.3,0.777,70.74,68.755,13.516666666666667,0.001,OBSERVED live symbol takerFeeRate,after_hours,regular,2026-09-18T23:05:03.291954+00:00,ticker_only,2026-09-16T19:34:15.315933+00:00,ticker_only,OBSERVED-NOW book scenario; fee/prices event-time,1.9849999999999994,0.139495,,0.00014253135689848933,,,,,,eligibility snapshot time unpublished,"sell: $25,000 exceeds visible top-of-book ($347) on ticker-only symbol"
rMO-2026-09-15-1,rMO,RMOUSDT,2026-09-15,open_1000,1000,1.11,0.3,0.777,70.74,69.05,14.016666666666667,0.001,OBSERVED live symbol takerFeeRate,after_hours,regular,2026-09-18T23:05:03.291954+00:00,ticker_only,2026-09-16T19:34:15.315933+00:00,ticker_only,OBSERVED-NOW book scenario; fee/prices event-time,1.6899999999999977,0.13979,,0.00014253135689848933,,,,,,eligibility snapshot time unpublished,"sell: $1,000 exceeds visible top-of-book ($347) on ticker-only symbol"
rMO-2026-09-15-1,rMO,RMOUSDT,2026-09-15,open_1000,5000,1.11,0.3,0.777,70.74,69.05,14.016666666666667,0.001,OBSERVED live symbol takerFeeRate,after_hours,regular,2026-09-18T23:05:03.291954+00:00,ticker_only,2026-09-16T19:34:15.315933+00:00,ticker_only,OBSERVED-NOW book scenario; fee/prices event-time,1.6899999999999977,0.13979,,0.00014253135689848933,,,,,,eligibility snapshot time unpublished,"sell: $5,000 exceeds visible top-of-book ($347) on ticker-only symbol"
rMO-2026-09-15-1,rMO,RMOUSDT,2026-09-15,open_1000,25000,1.11,0.3,0.777,70.74,69.05,14.016666666666667,0.001,OBSERVED live symbol takerFeeRate,after_hours,regular,2026-09-18T23:05:03.291954+00:00,ticker_only,2026-09-16T19:34:15.315933+00:00,ticker_only,OBSERVED-NOW book scenario; fee/prices event-time,1.6899999999999977,0.13979,,0.00014253135689848933,,,,,,eligibility snapshot time unpublished,"sell: $25,000 exceeds visible top-of-book ($347) on ticker-only symbol"
rMO-2026-09-15-1,rMO,RMOUSDT,2026-09-15,close_1600,1000,1.11,0.3,0.777,70.74,69.6,20.016666666666666,0.001,OBSERVED live symbol takerFeeRate,after_hours,after_hours,2026-09-18T23:05:03.291954+00:00,ticker_only,2026-09-18T23:05:03.291954+00:00,ticker_only,OBSERVED-NOW book scenario; fee/prices event-time,1.1400000000000006,0.14033999999999996,,0.0017278617710582789,,,,,,eligibility snapshot time unpublished,"sell: $1,000 exceeds visible top-of-book ($347) on ticker-only symbol"
rMO-2026-09-15-1,rMO,RMOUSDT,2026-09-15,close_1600,5000,1.11,0.3,0.777,70.74,69.6,20.016666666666666,0.001,OBSERVED live symbol takerFeeRate,after_hours,after_hours,2026-09-18T23:05:03.291954+00:00,ticker_only,2026-09-18T23:05:03.291954+00:00,ticker_only,OBSERVED-NOW book scenario; fee/prices event-time,1.1400000000000006,0.14033999999999996,,0.0017278617710582789,,,,,,eligibility snapshot time unpublished,"sell: $5,000 exceeds visible top-of-book ($347) on ticker-only symbol"
rMO-2026-09-15-1,rMO,RMOUSDT,2026-09-15,close_1600,25000,1.11,0.3,0.777,70.74,69.6,20.016666666666666,0.001,OBSERVED live symbol takerFeeRate,after_hours,after_hours,2026-09-18T23:05:03.291954+00:00,ticker_only,2026-09-18T23:05:03.291954+00:00,ticker_only,OBSERVED-NOW book scenario; fee/prices event-time,1.1400000000000006,0.14033999999999996,,,,,,,,eligibility snapshot time unpublished,"sell: $25,000 exceeds visible top-of-book ($347) on ticker-only symbol; buy: $25,000 exceeds visible top-of-book ($7,583) on ticker-only symbol"
rMU-2026-07-06-1,rMU,RMUUSDT,2026-07-06,overnight_2000,1000,0.15,0.3,0.105,977.5,976.994,0.016666666666666666,0.0005,DOCUMENTED promotional 0.05% through 2026-08-31,after_hours,overnight,2026-09-18T23:05:03.291954+00:00,public_book,2026-09-19T03:05:03.356996+00:00,public_book,OBSERVED-NOW book scenario; fee/prices event-time,0.5059999999999718,0.9772470000000001,2.9528430957603817e-05,2.47938392268221e-05,0.05308747342262757,1.0303344734226276,-0.6293344734226558,7.568896489484184,-2.0352637144083934,eligibility snapshot time unpublished,
rMU-2026-07-06-1,rMU,RMUUSDT,2026-07-06,overnight_2000,5000,0.15,0.3,0.105,977.5,976.994,0.016666666666666666,0.0005,DOCUMENTED promotional 0.05% through 2026-08-31,after_hours,overnight,2026-09-18T23:05:03.291954+00:00,public_book,2026-09-19T03:05:03.356996+00:00,public_book,OBSERVED-NOW book scenario; fee/prices event-time,0.5059999999999718,0.9772470000000001,2.952843095771484e-05,0.00014509453909550274,0.17062053539023786,1.147867535390238,-0.7468675353902661,8.352450235934919,-2.906332475426483,eligibility snapshot time unpublished,
rMU-2026-07-06-1,rMU,RMUUSDT,2026-07-06,overnight_2000,25000,0.15,0.3,0.105,977.5,976.994,0.016666666666666666,0.0005,DOCUMENTED promotional 0.05% through 2026-08-31,after_hours,overnight,2026-09-18T23:05:03.291954+00:00,public_book,2026-09-19T03:05:03.356996+00:00,public_book,OBSERVED-NOW book scenario; fee/prices event-time,0.5059999999999718,0.9772470000000001,5.58518667148622e-05,0.0031244449309770768,3.1071591506087963,4.084406150608796,-3.6834061506088243,27.929374337391977,-3.145925171023057,eligibility snapshot time unpublished,
rMU-2026-07-06-1,rMU,RMUUSDT,2026-07-06,premarket_0400,1000,0.15,0.3,0.105,977.5,1011.0,80.01666666666667,0.0005,DOCUMENTED promotional 0.05% through 2026-08-31,after_hours,pre_market,2026-09-18T23:05:03.291954+00:00,public_book,,,OBSERVED-NOW book scenario; fee/prices event-time,-33.5,0.99425,2.9528430957603817e-05,,,,,,,eligibility snapshot time unpublished,buy: no depth sample for this symbol/session
rMU-2026-07-06-1,rMU,RMUUSDT,2026-07-06,premarket_0400,5000,0.15,0.3,0.105,977.5,1011.0,80.01666666666667,0.0005,DOCUMENTED promotional 0.05% through 2026-08-31,after_hours,pre_market,2026-09-18T23:05:03.291954+00:00,public_book,,,OBSERVED-NOW book scenario; fee/prices event-time,-33.5,0.99425,2.952843095771484e-05,,,,,,,eligibility snapshot time unpublished,buy: no depth sample for this symbol/session
rMU-2026-07-06-1,rMU,RMUUSDT,2026-07-06,premarket_0400,25000,0.15,0.3,0.105,977.5,1011.0,80.01666666666667,0.0005,DOCUMENTED promotional 0.05% through 2026-08-31,after_hours,pre_market,2026-09-18T23:05:03.291954+00:00,public_book,,,OBSERVED-NOW book scenario; fee/prices event-time,-33.5,0.99425,5.58518667148622e-05,,,,,,,eligibility snapshot time unpublished,buy: no depth sample for this symbol/session
rMU-2026-07-06-1,rMU,RMUUSDT,2026-07-06,open_0930,1000,0.15,0.3,0.105,977.5,1001.935,85.51666666666667,0.0005,DOCUMENTED promotional 0.05% through 2026-08-31,after_hours,regular,2026-09-18T23:05:03.291954+00:00,public_book,2026-09-16T19:34:15.315933+00:00,public_book,OBSERVED-NOW book scenario; fee/prices event-time,-24.434999999999945,0.9897175,2.9528430957603817e-05,5.39330690596528e-06,0.034267784215886055,1.023985284215886,-25.563985284215832,7.526568561439241,22.28772279901508,eligibility snapshot time unpublished,
rMU-2026-07-06-1,rMU,RMUUSDT,2026-07-06,open_0930,5000,0.15,0.3,0.105,977.5,1001.935,85.51666666666667,0.0005,DOCUMENTED promotional 0.05% through 2026-08-31,after_hours,regular,2026-09-18T23:05:03.291954+00:00,public_book,2026-09-16T19:34:15.315933+00:00,public_book,OBSERVED-NOW book scenario; fee/prices event-time,-24.434999999999945,0.9897175,2.952843095771484e-05,5.39330690618733e-06,0.034267784216217054,1.0239852842162172,-25.563985284216162,7.526568561441448,21.93127001210524,eligibility snapshot time unpublished,
rMU-2026-07-06-1,rMU,RMUUSDT,2026-07-06,open_0930,25000,0.15,0.3,0.105,977.5,1001.935,85.51666666666667,0.0005,DOCUMENTED promotional 0.05% through 2026-08-31,after_hours,regular,2026-09-18T23:05:03.291954+00:00,public_book,2026-09-16T19:34:15.315933+00:00,public_book,OBSERVED-NOW book scenario; fee/prices event-time,-24.434999999999945,0.9897175,5.58518667148622e-05,6.099859231945e-06,0.06070686217333661,1.0504243621733367,-25.590424362173284,7.702829081155578,21.788790790473684,eligibility snapshot time unpublished,
rMU-2026-07-06-1,rMU,RMUUSDT,2026-07-06,open_1000,1000,0.15,0.3,0.105,977.5,993.26,86.01666666666667,0.0005,DOCUMENTED promotional 0.05% through 2026-08-31,after_hours,regular,2026-09-18T23:05:03.291954+00:00,public_book,2026-09-16T19:34:15.315933+00:00,public_book,OBSERVED-NOW book scenario; fee/prices event-time,-15.759999999999991,0.98538,2.9528430957603817e-05,5.39330690596528e-06,0.03422099727847681,1.0196009972784768,-16.88460099727847,7.497339981856512,13.622918585260582,eligibility snapshot time unpublished,
rMU-2026-07-06-1,rMU,RMUUSDT,2026-07-06,open_1000,5000,0.15,0.3,0.105,977.5,993.26,86.01666666666667,0.0005,DOCUMENTED promotional 0.05% through 2026-08-31,after_hours,regular,2026-09-18T23:05:03.291954+00:00,public_book,2026-09-16T19:34:15.315933+00:00,public_book,OBSERVED-NOW book scenario; fee/prices event-time,-15.759999999999991,0.98538,2.952843095771484e-05,5.39330690618733e-06,0.034220997278805884,1.0196009972788058,-16.884600997278795,7.497339981858706,13.268479175684732,eligibility snapshot time unpublished,
rMU-2026-07-06-1,rMU,RMUUSDT,2026-07-06,open_1000,25000,0.15,0.3,0.105,977.5,993.26,86.01666666666667,0.0005,DOCUMENTED promotional 0.05% through 2026-08-31,after_hours,regular,2026-09-18T23:05:03.291954+00:00,public_book,2026-09-16T19:34:15.315933+00:00,public_book,OBSERVED-NOW book scenario; fee/prices event-time,-15.759999999999991,0.98538,5.58518667148622e-05,6.099859231945e-06,0.06065394589449949,1.0460339458944996,-16.91103394589449,7.6735596392966645,13.12684256397499,eligibility snapshot time unpublished,
rMU-2026-07-06-1,rMU,RMUUSDT,2026-07-06,close_1600,1000,0.15,0.3,0.105,977.5,984.75,92.01666666666667,0.0005,DOCUMENTED promotional 0.05% through 2026-08-31,after_hours,after_hours,2026-09-18T23:05:03.291954+00:00,public_book,2026-09-18T23:05:03.291954+00:00,public_book,OBSERVED-NOW book scenario; fee/prices event-time,-7.25,0.981125,2.9528430957603817e-05,0.0005994334634997767,0.6191561444424627,1.6002811444424627,-8.955281144442463,11.368540962949751,5.758850667043468,eligibility snapshot time unpublished,
rMU-2026-07-06-1,rMU,RMUUSDT,2026-07-06,close_1600,5000,0.15,0.3,0.105,977.5,984.75,92.01666666666667,0.0005,DOCUMENTED promotional 0.05% through 2026-08-31,after_hours,after_hours,2026-09-18T23:05:03.291954+00:00,public_book,2026-09-18T23:05:03.291954+00:00,public_book,OBSERVED-NOW book scenario; fee/prices event-time,-7.25,0.981125,2.952843095771484e-05,0.000726199793216642,0.7439892876312544,1.7251142876312544,-9.080114287631254,12.200761917541696,5.634936579745123,eligibility snapshot time unpublished,
rMU-2026-07-06-1,rMU,RMUUSDT,2026-07-06,close_1600,25000,0.15,0.3,0.105,977.5,984.75,92.01666666666667,0.0005,DOCUMENTED promotional 0.05% through 2026-08-31,after_hours,after_hours,2026-09-18T23:05:03.291954+00:00,public_book,2026-09-18T23:05:03.291954+00:00,public_book,OBSERVED-NOW book scenario; fee/prices event-time,-7.25,0.981125,5.58518667148622e-05,0.000772399738750762,0.8152158424485906,1.7963408424485907,-9.15134084244859,12.675605616323939,5.563854129623669,eligibility snapshot time unpublished,
rNXPI-2026-06-24-1,rNXPI,RNXPIUSDT,2026-06-24,overnight_2000,1000,1.014,0.3,0.7098,298.795,300.01,0.16666666666666666,0.0005,DOCUMENTED promotional 0.05% through 2026-08-31,after_hours,overnight,2026-09-18T23:05:03.291954+00:00,ticker_only,2026-09-19T03:05:03.356996+00:00,ticker_only,OBSERVED-NOW book scenario; fee/prices event-time,-1.214999999999975,0.2994025,0.0065645514223194755,0.011183700586867483,5.316677155298061,5.616079655298061,-7.540879655298037,6.2385400939823095,-3.6912796552980858,eligibility snapshot time unpublished,
rNXPI-2026-06-24-1,rNXPI,RNXPIUSDT,2026-06-24,overnight_2000,5000,1.014,0.3,0.7098,298.795,300.01,0.16666666666666666,0.0005,DOCUMENTED promotional 0.05% through 2026-08-31,after_hours,overnight,2026-09-18T23:05:03.291954+00:00,ticker_only,2026-09-19T03:05:03.356996+00:00,ticker_only,OBSERVED-NOW book scenario; fee/prices event-time,-1.214999999999975,0.2994025,,0.011183700586867483,,,,,,eligibility snapshot time unpublished,"sell: $5,000 exceeds visible top-of-book ($3,405) on ticker-only symbol"
rNXPI-2026-06-24-1,rNXPI,RNXPIUSDT,2026-06-24,overnight_2000,25000,1.014,0.3,0.7098,298.795,300.01,0.16666666666666666,0.0005,DOCUMENTED promotional 0.05% through 2026-08-31,after_hours,overnight,2026-09-18T23:05:03.291954+00:00,ticker_only,2026-09-19T03:05:03.356996+00:00,ticker_only,OBSERVED-NOW book scenario; fee/prices event-time,-1.214999999999975,0.2994025,,,,,,,,eligibility snapshot time unpublished,"sell: $25,000 exceeds visible top-of-book ($3,405) on ticker-only symbol; buy: $25,000 exceeds visible top-of-book ($5,023) on ticker-only symbol"
rNXPI-2026-06-24-1,rNXPI,RNXPIUSDT,2026-06-24,premarket_0400,1000,1.014,0.3,0.7098,298.795,298.795,8.083333333333334,0.0005,DOCUMENTED promotional 0.05% through 2026-08-31,after_hours,pre_market,2026-09-18T23:05:03.291954+00:00,ticker_only,,,OBSERVED-NOW book scenario; fee/prices event-time,0.0,0.29879500000000003,0.0065645514223194755,,,,,,,eligibility snapshot time unpublished,buy: no depth sample for this symbol/session
rNXPI-2026-06-24-1,rNXPI,RNXPIUSDT,2026-06-24,premarket_0400,5000,1.014,0.3,0.7098,298.795,298.795,8.083333333333334,0.0005,DOCUMENTED promotional 0.05% through 2026-08-31,after_hours,pre_market,2026-09-18T23:05:03.291954+00:00,ticker_only,,,OBSERVED-NOW book scenario; fee/prices event-time,0.0,0.29879500000000003,,,,,,,,eligibility snapshot time unpublished,"sell: $5,000 exceeds visible top-of-book ($3,405) on ticker-only symbol; buy: no depth sample for this symbol/session"
rNXPI-2026-06-24-1,rNXPI,RNXPIUSDT,2026-06-24,premarket_0400,25000,1.014,0.3,0.7098,298.795,298.795,8.083333333333334,0.0005,DOCUMENTED promotional 0.05% through 2026-08-31,after_hours,pre_market,2026-09-18T23:05:03.291954+00:00,ticker_only,,,OBSERVED-NOW book scenario; fee/prices event-time,0.0,0.29879500000000003,,,,,,,,eligibility snapshot time unpublished,"sell: $25,000 exceeds visible top-of-book ($3,405) on ticker-only symbol; buy: no depth sample for this symbol/session"
rNXPI-2026-06-24-1,rNXPI,RNXPIUSDT,2026-06-24,open_0930,1000,1.014,0.3,0.7098,298.795,296.726,13.583333333333334,0.0005,DOCUMENTED promotional 0.05% through 2026-08-31,after_hours,regular,2026-09-18T23:05:03.291954+00:00,ticker_only,2026-09-16T19:34:15.315933+00:00,ticker_only,OBSERVED-NOW book scenario; fee/prices event-time,2.069000000000017,0.2977605,0.0065645514223194755,0.00034333585112958793,2.0633318159942258,2.3610923159942256,-1.0018923159942088,3.028493408278329,-3.7202923159942425,eligibility snapshot time unpublished,
rNXPI-2026-06-24-1,rNXPI,RNXPIUSDT,2026-06-24,open_0930,5000,1.014,0.3,0.7098,298.795,296.726,13.583333333333334,0.0005,DOCUMENTED promotional 0.05% through 2026-08-31,after_hours,regular,2026-09-18T23:05:03.291954+00:00,ticker_only,2026-09-16T19:34:15.315933+00:00,ticker_only,OBSERVED-NOW book scenario; fee/prices event-time,2.069000000000017,0.2977605,,0.00034333585112958793,,,,,,eligibility snapshot time unpublished,"sell: $5,000 exceeds visible top-of-book ($3,405) on ticker-only symbol"
rNXPI-2026-06-24-1,rNXPI,RNXPIUSDT,2026-06-24,open_0930,25000,1.014,0.3,0.7098,298.795,296.726,13.583333333333334,0.0005,DOCUMENTED promotional 0.05% through 2026-08-31,after_hours,regular,2026-09-18T23:05:03.291954+00:00,ticker_only,2026-09-16T19:34:15.315933+00:00,ticker_only,OBSERVED-NOW book scenario; fee/prices event-time,2.069000000000017,0.2977605,,0.00034333585112958793,,,,,,eligibility snapshot time unpublished,"sell: $25,000 exceeds visible top-of-book ($3,405) on ticker-only symbol"
rNXPI-2026-06-24-1,rNXPI,RNXPIUSDT,2026-06-24,open_1000,1000,1.014,0.3,0.7098,298.795,294.623,14.083333333333334,0.0005,DOCUMENTED promotional 0.05% through 2026-08-31,after_hours,regular,2026-09-18T23:05:03.291954+00:00,ticker_only,2026-09-16T19:34:15.315933+00:00,ticker_only,OBSERVED-NOW book scenario; fee/prices event-time,4.1720000000000255,0.296709,0.0065645514223194755,0.00034333585112958793,2.0626097806993005,2.3593187806993003,1.1028812193007251,3.0267443596640042,-5.821518780699326,eligibility snapshot time unpublished,
rNXPI-2026-06-24-1,rNXPI,RNXPIUSDT,2026-06-24,open_1000,5000,1.014,0.3,0.7098,298.795,294.623,14.083333333333334,0.0005,DOCUMENTED promotional 0.05% through 2026-08-31,after_hours,regular,2026-09-18T23:05:03.291954+00:00,ticker_only,2026-09-16T19:34:15.315933+00:00,ticker_only,OBSERVED-NOW book scenario; fee/prices event-time,4.1720000000000255,0.296709,,0.00034333585112958793,,,,,,eligibility snapshot time unpublished,"sell: $5,000 exceeds visible top-of-book ($3,405) on ticker-only symbol"
rNXPI-2026-06-24-1,rNXPI,RNXPIUSDT,2026-06-24,open_1000,25000,1.014,0.3,0.7098,298.795,294.623,14.083333333333334,0.0005,DOCUMENTED promotional 0.05% through 2026-08-31,after_hours,regular,2026-09-18T23:05:03.291954+00:00,ticker_only,2026-09-16T19:34:15.315933+00:00,ticker_only,OBSERVED-NOW book scenario; fee/prices event-time,4.1720000000000255,0.296709,,0.00034333585112958793,,,,,,eligibility snapshot time unpublished,"sell: $25,000 exceeds visible top-of-book ($3,405) on ticker-only symbol"
rNXPI-2026-06-24-1,rNXPI,RNXPIUSDT,2026-06-24,close_1600,1000,1.014,0.3,0.7098,298.795,294.104,20.083333333333332,0.0005,DOCUMENTED promotional 0.05% through 2026-08-31,after_hours,after_hours,2026-09-18T23:05:03.291954+00:00,ticker_only,2026-09-18T23:05:03.291954+00:00,ticker_only,OBSERVED-NOW book scenario; fee/prices event-time,4.691000000000031,0.29644950000000003,0.0065645514223194755,0.0065645514223194755,3.8921159737417947,4.188565473741795,-0.20736547374176384,4.8307351812049255,-8.169765473741826,eligibility snapshot time unpublished,
rNXPI-2026-06-24-1,rNXPI,RNXPIUSDT,2026-06-24,close_1600,5000,1.014,0.3,0.7098,298.795,294.104,20.083333333333332,0.0005,DOCUMENTED promotional 0.05% through 2026-08-31,after_hours,after_hours,2026-09-18T23:05:03.291954+00:00,ticker_only,2026-09-18T23:05:03.291954+00:00,ticker_only,OBSERVED-NOW book scenario; fee/prices event-time,4.691000000000031,0.29644950000000003,,,,,,,,eligibility snapshot time unpublished,"sell: $5,000 exceeds visible top-of-book ($3,405) on ticker-only symbol; buy: $5,000 exceeds visible top-of-book ($4,600) on ticker-only symbol"
rNXPI-2026-06-24-1,rNXPI,RNXPIUSDT,2026-06-24,close_1600,25000,1.014,0.3,0.7098,298.795,294.104,20.083333333333332,0.0005,DOCUMENTED promotional 0.05% through 2026-08-31,after_hours,after_hours,2026-09-18T23:05:03.291954+00:00,ticker_only,2026-09-18T23:05:03.291954+00:00,ticker_only,OBSERVED-NOW book scenario; fee/prices event-time,4.691000000000031,0.29644950000000003,,,,,,,,eligibility snapshot time unpublished,"sell: $25,000 exceeds visible top-of-book ($3,405) on ticker-only symbol; buy: $25,000 exceeds visible top-of-book ($4,600) on ticker-only symbol"
rNXPI-2026-09-16-1,rNXPI,RNXPIUSDT,2026-09-16,overnight_2000,1000,1.014,0.3,0.7098,226.96,225.72,0.75,0.001,OBSERVED live symbol takerFeeRate,after_hours,overnight,2026-09-18T23:05:03.291954+00:00,ticker_only,2026-09-19T03:05:03.356996+00:00,ticker_only,OBSERVED-NOW book scenario; fee/prices event-time,1.240000000000009,0.45268,0.0065645514223194755,0.011183700586867483,4.014275487277357,4.466955487277357,-3.9367554872773476,5.105281545638419,-4.997155487277366,eligibility snapshot time unpublished,
rNXPI-2026-09-16-1,rNXPI,RNXPIUSDT,2026-09-16,overnight_2000,5000,1.014,0.3,0.7098,226.96,225.72,0.75,0.001,OBSERVED live symbol takerFeeRate,after_hours,overnight,2026-09-18T23:05:03.291954+00:00,ticker_only,2026-09-19T03:05:03.356996+00:00,ticker_only,OBSERVED-NOW book scenario; fee/prices event-time,1.240000000000009,0.45268,,0.011183700586867483,,,,,,eligibility snapshot time unpublished,"sell: $5,000 exceeds visible top-of-book ($3,405) on ticker-only symbol"
rNXPI-2026-09-16-1,rNXPI,RNXPIUSDT,2026-09-16,overnight_2000,25000,1.014,0.3,0.7098,226.96,225.72,0.75,0.001,OBSERVED live symbol takerFeeRate,after_hours,overnight,2026-09-18T23:05:03.291954+00:00,ticker_only,2026-09-19T03:05:03.356996+00:00,ticker_only,OBSERVED-NOW book scenario; fee/prices event-time,1.240000000000009,0.45268,,,,,,,,eligibility snapshot time unpublished,"sell: $25,000 exceeds visible top-of-book ($3,405) on ticker-only symbol; buy: $25,000 exceeds visible top-of-book ($5,023) on ticker-only symbol"
rNXPI-2026-09-16-1,rNXPI,RNXPIUSDT,2026-09-16,premarket_0400,1000,1.014,0.3,0.7098,226.96,226.6,8.083333333333334,0.001,OBSERVED live symbol takerFeeRate,after_hours,pre_market,2026-09-18T23:05:03.291954+00:00,ticker_only,,,OBSERVED-NOW book scenario; fee/prices event-time,0.36000000000001364,0.45356,0.0065645514223194755,,,,,,,eligibility snapshot time unpublished,buy: no depth sample for this symbol/session
rNXPI-2026-09-16-1,rNXPI,RNXPIUSDT,2026-09-16,premarket_0400,5000,1.014,0.3,0.7098,226.96,226.6,8.083333333333334,0.001,OBSERVED live symbol takerFeeRate,after_hours,pre_market,2026-09-18T23:05:03.291954+00:00,ticker_only,,,OBSERVED-NOW book scenario; fee/prices event-time,0.36000000000001364,0.45356,,,,,,,,eligibility snapshot time unpublished,"sell: $5,000 exceeds visible top-of-book ($3,405) on ticker-only symbol; buy: no depth sample for this symbol/session"
rNXPI-2026-09-16-1,rNXPI,RNXPIUSDT,2026-09-16,premarket_0400,25000,1.014,0.3,0.7098,226.96,226.6,8.083333333333334,0.001,OBSERVED live symbol takerFeeRate,after_hours,pre_market,2026-09-18T23:05:03.291954+00:00,ticker_only,,,OBSERVED-NOW book scenario; fee/prices event-time,0.36000000000001364,0.45356,,,,,,,,eligibility snapshot time unpublished,"sell: $25,000 exceeds visible top-of-book ($3,405) on ticker-only symbol; buy: no depth sample for this symbol/session"
rNXPI-2026-09-16-1,rNXPI,RNXPIUSDT,2026-09-16,open_0930,1000,1.014,0.3,0.7098,226.96,228.17,13.583333333333334,0.001,OBSERVED live symbol takerFeeRate,after_hours,regular,2026-09-18T23:05:03.291954+00:00,ticker_only,2026-09-16T19:34:15.315933+00:00,ticker_only,OBSERVED-NOW book scenario; fee/prices event-time,-1.2099999999999795,0.45513,0.0065645514223194755,0.00034333585112958793,1.5682295319618664,2.0233595319618662,-3.9431595319618458,2.695423601540302,-0.10355953196188694,eligibility snapshot time unpublished,
rNXPI-2026-09-16-1,rNXPI,RNXPIUSDT,2026-09-16,open_0930,5000,1.014,0.3,0.7098,226.96,228.17,13.583333333333334,0.001,OBSERVED live symbol takerFeeRate,after_hours,regular,2026-09-18T23:05:03.291954+00:00,ticker_only,2026-09-16T19:34:15.315933+00:00,ticker_only,OBSERVED-NOW book scenario; fee/prices event-time,-1.2099999999999795,0.45513,,0.00034333585112958793,,,,,,eligibility snapshot time unpublished,"sell: $5,000 exceeds visible top-of-book ($3,405) on ticker-only symbol"
rNXPI-2026-09-16-1,rNXPI,RNXPIUSDT,2026-09-16,open_0930,25000,1.014,0.3,0.7098,226.96,228.17,13.583333333333334,0.001,OBSERVED live symbol takerFeeRate,after_hours,regular,2026-09-18T23:05:03.291954+00:00,ticker_only,2026-09-16T19:34:15.315933+00:00,ticker_only,OBSERVED-NOW book scenario; fee/prices event-time,-1.2099999999999795,0.45513,,0.00034333585112958793,,,,,,eligibility snapshot time unpublished,"sell: $25,000 exceeds visible top-of-book ($3,405) on ticker-only symbol"
rNXPI-2026-09-16-1,rNXPI,RNXPIUSDT,2026-09-16,open_1000,1000,1.014,0.3,0.7098,226.96,227.775,14.083333333333334,0.001,OBSERVED live symbol takerFeeRate,after_hours,regular,2026-09-18T23:05:03.291954+00:00,ticker_only,2026-09-16T19:34:15.315933+00:00,ticker_only,OBSERVED-NOW book scenario; fee/prices event-time,-0.8149999999999977,0.454735,0.0065645514223194755,0.00034333585112958793,1.5680939143006702,2.0228289143006704,-3.547628914300668,2.694900309961213,-0.4980289143006724,eligibility snapshot time unpublished,
rNXPI-2026-09-16-1,rNXPI,RNXPIUSDT,2026-09-16,open_1000,5000,1.014,0.3,0.7098,226.96,227.775,14.083333333333334,0.001,OBSERVED live symbol takerFeeRate,after_hours,regular,2026-09-18T23:05:03.291954+00:00,ticker_only,2026-09-16T19:34:15.315933+00:00,ticker_only,OBSERVED-NOW book scenario; fee/prices event-time,-0.8149999999999977,0.454735,,0.00034333585112958793,,,,,,eligibility snapshot time unpublished,"sell: $5,000 exceeds visible top-of-book ($3,405) on ticker-only symbol"
rNXPI-2026-09-16-1,rNXPI,RNXPIUSDT,2026-09-16,open_1000,25000,1.014,0.3,0.7098,226.96,227.775,14.083333333333334,0.001,OBSERVED live symbol takerFeeRate,after_hours,regular,2026-09-18T23:05:03.291954+00:00,ticker_only,2026-09-16T19:34:15.315933+00:00,ticker_only,OBSERVED-NOW book scenario; fee/prices event-time,-0.8149999999999977,0.454735,,0.00034333585112958793,,,,,,eligibility snapshot time unpublished,"sell: $25,000 exceeds visible top-of-book ($3,405) on ticker-only symbol"
rNXPI-2026-09-16-1,rNXPI,RNXPIUSDT,2026-09-16,close_1600,1000,1.014,0.3,0.7098,226.96,220.05,20.083333333333332,0.001,OBSERVED live symbol takerFeeRate,after_hours,after_hours,2026-09-18T23:05:03.291954+00:00,ticker_only,2026-09-18T23:05:03.291954+00:00,ticker_only,OBSERVED-NOW book scenario; fee/prices event-time,6.909999999999997,0.44701,0.0065645514223194755,0.0065645514223194755,2.934420131291029,3.381430131291029,2.818769868708968,4.034743719221922,-9.581630131291025,eligibility snapshot time unpublished,
rNXPI-2026-09-16-1,rNXPI,RNXPIUSDT,2026-09-16,close_1600,5000,1.014,0.3,0.7098,226.96,220.05,20.083333333333332,0.001,OBSERVED live symbol takerFeeRate,after_hours,after_hours,2026-09-18T23:05:03.291954+00:00,ticker_only,2026-09-18T23:05:03.291954+00:00,ticker_only,OBSERVED-NOW book scenario; fee/prices event-time,6.909999999999997,0.44701,,,,,,,,eligibility snapshot time unpublished,"sell: $5,000 exceeds visible top-of-book ($3,405) on ticker-only symbol; buy: $5,000 exceeds visible top-of-book ($4,600) on ticker-only symbol"
rNXPI-2026-09-16-1,rNXPI,RNXPIUSDT,2026-09-16,close_1600,25000,1.014,0.3,0.7098,226.96,220.05,20.083333333333332,0.001,OBSERVED live symbol takerFeeRate,after_hours,after_hours,2026-09-18T23:05:03.291954+00:00,ticker_only,2026-09-18T23:05:03.291954+00:00,ticker_only,OBSERVED-NOW book scenario; fee/prices event-time,6.909999999999997,0.44701,,,,,,,,eligibility snapshot time unpublished,"sell: $25,000 exceeds visible top-of-book ($3,405) on ticker-only symbol; buy: $25,000 exceeds visible top-of-book ($4,600) on ticker-only symbol"
rOPRA-2026-07-07-1,rOPRA,ROPRAUSDT,2026-07-07,overnight_2000,1000,0.39,0.3,0.273,20.67,19.91,4.55,0.0005,DOCUMENTED promotional 0.05% through 2026-08-31,after_hours,overnight,2026-09-18T23:05:03.291954+00:00,ticker_only,2026-09-19T03:05:03.356996+00:00,ticker_only,OBSERVED-NOW book scenario; fee/prices event-time,0.7600000000000016,0.02029,,0.05147058823529414,,,,,,eligibility snapshot time unpublished,"sell: $1,000 exceeds visible top-of-book ($18) on ticker-only symbol"
rOPRA-2026-07-07-1,rOPRA,ROPRAUSDT,2026-07-07,overnight_2000,5000,0.39,0.3,0.273,20.67,19.91,4.55,0.0005,DOCUMENTED promotional 0.05% through 2026-08-31,after_hours,overnight,2026-09-18T23:05:03.291954+00:00,ticker_only,2026-09-19T03:05:03.356996+00:00,ticker_only,OBSERVED-NOW book scenario; fee/prices event-time,0.7600000000000016,0.02029,,,,,,,,eligibility snapshot time unpublished,"sell: $5,000 exceeds visible top-of-book ($18) on ticker-only symbol; buy: $5,000 exceeds visible top-of-book ($2,002) on ticker-only symbol"
rOPRA-2026-07-07-1,rOPRA,ROPRAUSDT,2026-07-07,overnight_2000,25000,0.39,0.3,0.273,20.67,19.91,4.55,0.0005,DOCUMENTED promotional 0.05% through 2026-08-31,after_hours,overnight,2026-09-18T23:05:03.291954+00:00,ticker_only,2026-09-19T03:05:03.356996+00:00,ticker_only,OBSERVED-NOW book scenario; fee/prices event-time,0.7600000000000016,0.02029,,,,,,,,eligibility snapshot time unpublished,"sell: $25,000 exceeds visible top-of-book ($18) on ticker-only symbol; buy: $25,000 exceeds visible top-of-book ($2,002) on ticker-only symbol"
rOPRA-2026-07-07-1,rOPRA,ROPRAUSDT,2026-07-07,premarket_0400,1000,0.39,0.3,0.273,20.67,20.67,8.083333333333334,0.0005,DOCUMENTED promotional 0.05% through 2026-08-31,after_hours,pre_market,2026-09-18T23:05:03.291954+00:00,ticker_only,,,OBSERVED-NOW book scenario; fee/prices event-time,0.0,0.02067,,,,,,,,eligibility snapshot time unpublished,"sell: $1,000 exceeds visible top-of-book ($18) on ticker-only symbol; buy: no depth sample for this symbol/session"
rOPRA-2026-07-07-1,rOPRA,ROPRAUSDT,2026-07-07,premarket_0400,5000,0.39,0.3,0.273,20.67,20.67,8.083333333333334,0.0005,DOCUMENTED promotional 0.05% through 2026-08-31,after_hours,pre_market,2026-09-18T23:05:03.291954+00:00,ticker_only,,,OBSERVED-NOW book scenario; fee/prices event-time,0.0,0.02067,,,,,,,,eligibility snapshot time unpublished,"sell: $5,000 exceeds visible top-of-book ($18) on ticker-only symbol; buy: no depth sample for this symbol/session"
rOPRA-2026-07-07-1,rOPRA,ROPRAUSDT,2026-07-07,premarket_0400,25000,0.39,0.3,0.273,20.67,20.67,8.083333333333334,0.0005,DOCUMENTED promotional 0.05% through 2026-08-31,after_hours,pre_market,2026-09-18T23:05:03.291954+00:00,ticker_only,,,OBSERVED-NOW book scenario; fee/prices event-time,0.0,0.02067,,,,,,,,eligibility snapshot time unpublished,"sell: $25,000 exceeds visible top-of-book ($18) on ticker-only symbol; buy: no depth sample for this symbol/session"
rOPRA-2026-07-07-1,rOPRA,ROPRAUSDT,2026-07-07,open_0930,1000,0.39,0.3,0.273,20.67,20.66,13.583333333333334,0.0005,DOCUMENTED promotional 0.05% through 2026-08-31,after_hours,regular,2026-09-18T23:05:03.291954+00:00,ticker_only,2026-09-16T19:34:15.315933+00:00,ticker_only,OBSERVED-NOW book scenario; fee/prices event-time,0.010000000000001563,0.020665,,,,,,,,eligibility snapshot time unpublished,"sell: $1,000 exceeds visible top-of-book ($18) on ticker-only symbol; buy: $1,000 exceeds visible top-of-book ($110) on ticker-only symbol"
rOPRA-2026-07-07-1,rOPRA,ROPRAUSDT,2026-07-07,open_0930,5000,0.39,0.3,0.273,20.67,20.66,13.583333333333334,0.0005,DOCUMENTED promotional 0.05% through 2026-08-31,after_hours,regular,2026-09-18T23:05:03.291954+00:00,ticker_only,2026-09-16T19:34:15.315933+00:00,ticker_only,OBSERVED-NOW book scenario; fee/prices event-time,0.010000000000001563,0.020665,,,,,,,,eligibility snapshot time unpublished,"sell: $5,000 exceeds visible top-of-book ($18) on ticker-only symbol; buy: $5,000 exceeds visible top-of-book ($110) on ticker-only symbol"
rOPRA-2026-07-07-1,rOPRA,ROPRAUSDT,2026-07-07,open_0930,25000,0.39,0.3,0.273,20.67,20.66,13.583333333333334,0.0005,DOCUMENTED promotional 0.05% through 2026-08-31,after_hours,regular,2026-09-18T23:05:03.291954+00:00,ticker_only,2026-09-16T19:34:15.315933+00:00,ticker_only,OBSERVED-NOW book scenario; fee/prices event-time,0.010000000000001563,0.020665,,,,,,,,eligibility snapshot time unpublished,"sell: $25,000 exceeds visible top-of-book ($18) on ticker-only symbol; buy: $25,000 exceeds visible top-of-book ($110) on ticker-only symbol"
rOPRA-2026-07-07-1,rOPRA,ROPRAUSDT,2026-07-07,open_1000,1000,0.39,0.3,0.273,20.67,20.1,14.083333333333334,0.0005,DOCUMENTED promotional 0.05% through 2026-08-31,after_hours,regular,2026-09-18T23:05:03.291954+00:00,ticker_only,2026-09-16T19:34:15.315933+00:00,ticker_only,OBSERVED-NOW book scenario; fee/prices event-time,0.5700000000000003,0.020385,,,,,,,,eligibility snapshot time unpublished,"sell: $1,000 exceeds visible top-of-book ($18) on ticker-only symbol; buy: $1,000 exceeds visible top-of-book ($110) on ticker-only symbol"
rOPRA-2026-07-07-1,rOPRA,ROPRAUSDT,2026-07-07,open_1000,5000,0.39,0.3,0.273,20.67,20.1,14.083333333333334,0.0005,DOCUMENTED promotional 0.05% through 2026-08-31,after_hours,regular,2026-09-18T23:05:03.291954+00:00,ticker_only,2026-09-16T19:34:15.315933+00:00,ticker_only,OBSERVED-NOW book scenario; fee/prices event-time,0.5700000000000003,0.020385,,,,,,,,eligibility snapshot time unpublished,"sell: $5,000 exceeds visible top-of-book ($18) on ticker-only symbol; buy: $5,000 exceeds visible top-of-book ($110) on ticker-only symbol"
rOPRA-2026-07-07-1,rOPRA,ROPRAUSDT,2026-07-07,open_1000,25000,0.39,0.3,0.273,20.67,20.1,14.083333333333334,0.0005,DOCUMENTED promotional 0.05% through 2026-08-31,after_hours,regular,2026-09-18T23:05:03.291954+00:00,ticker_only,2026-09-16T19:34:15.315933+00:00,ticker_only,OBSERVED-NOW book scenario; fee/prices event-time,0.5700000000000003,0.020385,,,,,,,,eligibility snapshot time unpublished,"sell: $25,000 exceeds visible top-of-book ($18) on ticker-only symbol; buy: $25,000 exceeds visible top-of-book ($110) on ticker-only symbol"
rOPRA-2026-07-07-1,rOPRA,ROPRAUSDT,2026-07-07,close_1600,1000,0.39,0.3,0.273,20.67,19.69,20.083333333333332,0.0005,DOCUMENTED promotional 0.05% through 2026-08-31,after_hours,after_hours,2026-09-18T23:05:03.291954+00:00,ticker_only,2026-09-18T23:05:03.291954+00:00,ticker_only,OBSERVED-NOW book scenario; fee/prices event-time,0.9800000000000004,0.02018,,0.017410228509249198,,,,,,eligibility snapshot time unpublished,"sell: $1,000 exceeds visible top-of-book ($18) on ticker-only symbol"
rOPRA-2026-07-07-1,rOPRA,ROPRAUSDT,2026-07-07,close_1600,5000,0.39,0.3,0.273,20.67,19.69,20.083333333333332,0.0005,DOCUMENTED promotional 0.05% through 2026-08-31,after_hours,after_hours,2026-09-18T23:05:03.291954+00:00,ticker_only,2026-09-18T23:05:03.291954+00:00,ticker_only,OBSERVED-NOW book scenario; fee/prices event-time,0.9800000000000004,0.02018,,0.017410228509249198,,,,,,eligibility snapshot time unpublished,"sell: $5,000 exceeds visible top-of-book ($18) on ticker-only symbol"
rOPRA-2026-07-07-1,rOPRA,ROPRAUSDT,2026-07-07,close_1600,25000,0.39,0.3,0.273,20.67,19.69,20.083333333333332,0.0005,DOCUMENTED promotional 0.05% through 2026-08-31,after_hours,after_hours,2026-09-18T23:05:03.291954+00:00,ticker_only,2026-09-18T23:05:03.291954+00:00,ticker_only,OBSERVED-NOW book scenario; fee/prices event-time,0.9800000000000004,0.02018,,0.017410228509249198,,,,,,eligibility snapshot time unpublished,"sell: $25,000 exceeds visible top-of-book ($18) on ticker-only symbol"
rPAVE-2026-06-29-1,rPAVE,RPAVEUSDT,2026-06-29,overnight_2000,1000,0.1027,0.3,0.07189,58.76,58.85,48.05,0.0005,DOCUMENTED promotional 0.05% through 2026-08-31,after_hours,overnight,2026-09-18T23:05:03.291954+00:00,ticker_only,2026-09-19T03:05:03.356996+00:00,ticker_only,OBSERVED-NOW book scenario; fee/prices event-time,-0.09000000000000341,0.058805,,,,,,,,eligibility snapshot time unpublished,"sell: $1,000 exceeds visible top-of-book ($530) on ticker-only symbol; buy: $1,000 exceeds visible top-of-book ($535) on ticker-only symbol"
rPAVE-2026-06-29-1,rPAVE,RPAVEUSDT,2026-06-29,overnight_2000,5000,0.1027,0.3,0.07189,58.76,58.85,48.05,0.0005,DOCUMENTED promotional 0.05% through 2026-08-31,after_hours,overnight,2026-09-18T23:05:03.291954+00:00,ticker_only,2026-09-19T03:05:03.356996+00:00,ticker_only,OBSERVED-NOW book scenario; fee/prices event-time,-0.09000000000000341,0.058805,,,,,,,,eligibility snapshot time unpublished,"sell: $5,000 exceeds visible top-of-book ($530) on ticker-only symbol; buy: $5,000 exceeds visible top-of-book ($535) on ticker-only symbol"
rPAVE-2026-06-29-1,rPAVE,RPAVEUSDT,2026-06-29,overnight_2000,25000,0.1027,0.3,0.07189,58.76,58.85,48.05,0.0005,DOCUMENTED promotional 0.05% through 2026-08-31,after_hours,overnight,2026-09-18T23:05:03.291954+00:00,ticker_only,2026-09-19T03:05:03.356996+00:00,ticker_only,OBSERVED-NOW book scenario; fee/prices event-time,-0.09000000000000341,0.058805,,,,,,,,eligibility snapshot time unpublished,"sell: $25,000 exceeds visible top-of-book ($530) on ticker-only symbol; buy: $25,000 exceeds visible top-of-book ($535) on ticker-only symbol"
rPAVE-2026-06-29-1,rPAVE,RPAVEUSDT,2026-06-29,premarket_0400,1000,0.1027,0.3,0.07189,58.76,58.267,56.03333333333333,0.0005,DOCUMENTED promotional 0.05% through 2026-08-31,after_hours,pre_market,2026-09-18T23:05:03.291954+00:00,ticker_only,,,OBSERVED-NOW book scenario; fee/prices event-time,0.492999999999995,0.0585135,,,,,,,,eligibility snapshot time unpublished,"sell: $1,000 exceeds visible top-of-book ($530) on ticker-only symbol; buy: no depth sample for this symbol/session"
rPAVE-2026-06-29-1,rPAVE,RPAVEUSDT,2026-06-29,premarket_0400,5000,0.1027,0.3,0.07189,58.76,58.267,56.03333333333333,0.0005,DOCUMENTED promotional 0.05% through 2026-08-31,after_hours,pre_market,2026-09-18T23:05:03.291954+00:00,ticker_only,,,OBSERVED-NOW book scenario; fee/prices event-time,0.492999999999995,0.0585135,,,,,,,,eligibility snapshot time unpublished,"sell: $5,000 exceeds visible top-of-book ($530) on ticker-only symbol; buy: no depth sample for this symbol/session"
rPAVE-2026-06-29-1,rPAVE,RPAVEUSDT,2026-06-29,premarket_0400,25000,0.1027,0.3,0.07189,58.76,58.267,56.03333333333333,0.0005,DOCUMENTED promotional 0.05% through 2026-08-31,after_hours,pre_market,2026-09-18T23:05:03.291954+00:00,ticker_only,,,OBSERVED-NOW book scenario; fee/prices event-time,0.492999999999995,0.0585135,,,,,,,,eligibility snapshot time unpublished,"sell: $25,000 exceeds visible top-of-book ($530) on ticker-only symbol; buy: no depth sample for this symbol/session"
rPAVE-2026-06-29-1,rPAVE,RPAVEUSDT,2026-06-29,open_0930,1000,0.1027,0.3,0.07189,58.76,58.38,61.53333333333333,0.0005,DOCUMENTED promotional 0.05% through 2026-08-31,after_hours,regular,2026-09-18T23:05:03.291954+00:00,ticker_only,2026-09-16T19:34:15.315933+00:00,ticker_only,OBSERVED-NOW book scenario; fee/prices event-time,0.37999999999999545,0.058570000000000004,,9.508414947233162e-05,,,,,,eligibility snapshot time unpublished,"sell: $1,000 exceeds visible top-of-book ($530) on ticker-only symbol"
rPAVE-2026-06-29-1,rPAVE,RPAVEUSDT,2026-06-29,open_0930,5000,0.1027,0.3,0.07189,58.76,58.38,61.53333333333333,0.0005,DOCUMENTED promotional 0.05% through 2026-08-31,after_hours,regular,2026-09-18T23:05:03.291954+00:00,ticker_only,2026-09-16T19:34:15.315933+00:00,ticker_only,OBSERVED-NOW book scenario; fee/prices event-time,0.37999999999999545,0.058570000000000004,,9.508414947233162e-05,,,,,,eligibility snapshot time unpublished,"sell: $5,000 exceeds visible top-of-book ($530) on ticker-only symbol"
rPAVE-2026-06-29-1,rPAVE,RPAVEUSDT,2026-06-29,open_0930,25000,0.1027,0.3,0.07189,58.76,58.38,61.53333333333333,0.0005,DOCUMENTED promotional 0.05% through 2026-08-31,after_hours,regular,2026-09-18T23:05:03.291954+00:00,ticker_only,2026-09-16T19:34:15.315933+00:00,ticker_only,OBSERVED-NOW book scenario; fee/prices event-time,0.37999999999999545,0.058570000000000004,,,,,,,,eligibility snapshot time unpublished,"sell: $25,000 exceeds visible top-of-book ($530) on ticker-only symbol; buy: $25,000 exceeds visible top-of-book ($22,351) on ticker-only symbol"
rPAVE-2026-06-29-1,rPAVE,RPAVEUSDT,2026-06-29,open_1000,1000,0.1027,0.3,0.07189,58.76,58.75,62.03333333333333,0.0005,DOCUMENTED promotional 0.05% through 2026-08-31,after_hours,regular,2026-09-18T23:05:03.291954+00:00,ticker_only,2026-09-16T19:34:15.315933+00:00,ticker_only,OBSERVED-NOW book scenario; fee/prices event-time,0.00999999999999801,0.058754999999999995,,9.508414947233162e-05,,,,,,eligibility snapshot time unpublished,"sell: $1,000 exceeds visible top-of-book ($530) on ticker-only symbol"
rPAVE-2026-06-29-1,rPAVE,RPAVEUSDT,2026-06-29,open_1000,5000,0.1027,0.3,0.07189,58.76,58.75,62.03333333333333,0.0005,DOCUMENTED promotional 0.05% through 2026-08-31,after_hours,regular,2026-09-18T23:05:03.291954+00:00,ticker_only,2026-09-16T19:34:15.315933+00:00,ticker_only,OBSERVED-NOW book scenario; fee/prices event-time,0.00999999999999801,0.058754999999999995,,9.508414947233162e-05,,,,,,eligibility snapshot time unpublished,"sell: $5,000 exceeds visible top-of-book ($530) on ticker-only symbol"
rPAVE-2026-06-29-1,rPAVE,RPAVEUSDT,2026-06-29,open_1000,25000,0.1027,0.3,0.07189,58.76,58.75,62.03333333333333,0.0005,DOCUMENTED promotional 0.05% through 2026-08-31,after_hours,regular,2026-09-18T23:05:03.291954+00:00,ticker_only,2026-09-16T19:34:15.315933+00:00,ticker_only,OBSERVED-NOW book scenario; fee/prices event-time,0.00999999999999801,0.058754999999999995,,,,,,,,eligibility snapshot time unpublished,"sell: $25,000 exceeds visible top-of-book ($530) on ticker-only symbol; buy: $25,000 exceeds visible top-of-book ($22,351) on ticker-only symbol"
rPAVE-2026-06-29-1,rPAVE,RPAVEUSDT,2026-06-29,close_1600,1000,0.1027,0.3,0.07189,58.76,58.601,68.03333333333333,0.0005,DOCUMENTED promotional 0.05% through 2026-08-31,after_hours,after_hours,2026-09-18T23:05:03.291954+00:00,ticker_only,2026-09-18T23:05:03.291954+00:00,ticker_only,OBSERVED-NOW book scenario; fee/prices event-time,0.15899999999999892,0.0586805,,,,,,,,eligibility snapshot time unpublished,"sell: $1,000 exceeds visible top-of-book ($530) on ticker-only symbol; buy: $1,000 exceeds visible top-of-book ($165) on ticker-only symbol"
rPAVE-2026-06-29-1,rPAVE,RPAVEUSDT,2026-06-29,close_1600,5000,0.1027,0.3,0.07189,58.76,58.601,68.03333333333333,0.0005,DOCUMENTED promotional 0.05% through 2026-08-31,after_hours,after_hours,2026-09-18T23:05:03.291954+00:00,ticker_only,2026-09-18T23:05:03.291954+00:00,ticker_only,OBSERVED-NOW book scenario; fee/prices event-time,0.15899999999999892,0.0586805,,,,,,,,eligibility snapshot time unpublished,"sell: $5,000 exceeds visible top-of-book ($530) on ticker-only symbol; buy: $5,000 exceeds visible top-of-book ($165) on ticker-only symbol"
rPAVE-2026-06-29-1,rPAVE,RPAVEUSDT,2026-06-29,close_1600,25000,0.1027,0.3,0.07189,58.76,58.601,68.03333333333333,0.0005,DOCUMENTED promotional 0.05% through 2026-08-31,after_hours,after_hours,2026-09-18T23:05:03.291954+00:00,ticker_only,2026-09-18T23:05:03.291954+00:00,ticker_only,OBSERVED-NOW book scenario; fee/prices event-time,0.15899999999999892,0.0586805,,,,,,,,eligibility snapshot time unpublished,"sell: $25,000 exceeds visible top-of-book ($530) on ticker-only symbol; buy: $25,000 exceeds visible top-of-book ($165) on ticker-only symbol"
rPCG-2026-06-30-1,rPCG,RPCGUSDT,2026-06-30,overnight_2000,1000,0.05,0.3,0.035,17.195,17.195,8.133333333333333,0.0005,DOCUMENTED promotional 0.05% through 2026-08-31,after_hours,overnight,2026-09-18T23:05:03.291954+00:00,ticker_only,2026-09-19T03:05:03.356996+00:00,ticker_only,OBSERVED-NOW book scenario; fee/prices event-time,0.0,0.017195000000000002,0.0007570022710068641,0.0037735849056604307,0.07790344650279413,0.09509844650279413,-0.13009844650279412,2.6019689300558824,-0.060098446502794126,eligibility snapshot time unpublished,
rPCG-2026-06-30-1,rPCG,RPCGUSDT,2026-06-30,overnight_2000,5000,0.05,0.3,0.035,17.195,17.195,8.133333333333333,0.0005,DOCUMENTED promotional 0.05% through 2026-08-31,after_hours,overnight,2026-09-18T23:05:03.291954+00:00,ticker_only,2026-09-19T03:05:03.356996+00:00,ticker_only,OBSERVED-NOW book scenario; fee/prices event-time,0.0,0.017195000000000002,,0.0037735849056604307,,,,,,eligibility snapshot time unpublished,"sell: $5,000 exceeds visible top-of-book ($1,584) on ticker-only symbol"
rPCG-2026-06-30-1,rPCG,RPCGUSDT,2026-06-30,overnight_2000,25000,0.05,0.3,0.035,17.195,17.195,8.133333333333333,0.0005,DOCUMENTED promotional 0.05% through 2026-08-31,after_hours,overnight,2026-09-18T23:05:03.291954+00:00,ticker_only,2026-09-19T03:05:03.356996+00:00,ticker_only,OBSERVED-NOW book scenario; fee/prices event-time,0.0,0.017195000000000002,,0.0037735849056604307,,,,,,eligibility snapshot time unpublished,"sell: $25,000 exceeds visible top-of-book ($1,584) on ticker-only symbol"
rPCG-2026-06-30-1,rPCG,RPCGUSDT,2026-06-30,premarket_0400,1000,0.05,0.3,0.035,17.195,17.195,8.15,0.0005,DOCUMENTED promotional 0.05% through 2026-08-31,after_hours,pre_market,2026-09-18T23:05:03.291954+00:00,ticker_only,,,OBSERVED-NOW book scenario; fee/prices event-time,0.0,0.017195000000000002,0.0007570022710068641,,,,,,,eligibility snapshot time unpublished,buy: no depth sample for this symbol/session
rPCG-2026-06-30-1,rPCG,RPCGUSDT,2026-06-30,premarket_0400,5000,0.05,0.3,0.035,17.195,17.195,8.15,0.0005,DOCUMENTED promotional 0.05% through 2026-08-31,after_hours,pre_market,2026-09-18T23:05:03.291954+00:00,ticker_only,,,OBSERVED-NOW book scenario; fee/prices event-time,0.0,0.017195000000000002,,,,,,,,eligibility snapshot time unpublished,"sell: $5,000 exceeds visible top-of-book ($1,584) on ticker-only symbol; buy: no depth sample for this symbol/session"
rPCG-2026-06-30-1,rPCG,RPCGUSDT,2026-06-30,premarket_0400,25000,0.05,0.3,0.035,17.195,17.195,8.15,0.0005,DOCUMENTED promotional 0.05% through 2026-08-31,after_hours,pre_market,2026-09-18T23:05:03.291954+00:00,ticker_only,,,OBSERVED-NOW book scenario; fee/prices event-time,0.0,0.017195000000000002,,,,,,,,eligibility snapshot time unpublished,"sell: $25,000 exceeds visible top-of-book ($1,584) on ticker-only symbol; buy: no depth sample for this symbol/session"
rPCG-2026-06-30-1,rPCG,RPCGUSDT,2026-06-30,open_0930,1000,0.05,0.3,0.035,17.195,17.035,13.65,0.0005,DOCUMENTED promotional 0.05% through 2026-08-31,after_hours,regular,2026-09-18T23:05:03.291954+00:00,ticker_only,2026-09-16T19:34:15.315933+00:00,ticker_only,OBSERVED-NOW book scenario; fee/prices event-time,0.16000000000000014,0.017115000000000002,0.0007570022710068641,0.00037551633496056276,0.019413574816016216,0.03652857481601622,0.08847142518398392,1.4305714963203244,-0.16152857481601635,eligibility snapshot time unpublished,
rPCG-2026-06-30-1,rPCG,RPCGUSDT,2026-06-30,open_0930,5000,0.05,0.3,0.035,17.195,17.035,13.65,0.0005,DOCUMENTED promotional 0.05% through 2026-08-31,after_hours,regular,2026-09-18T23:05:03.291954+00:00,ticker_only,2026-09-16T19:34:15.315933+00:00,ticker_only,OBSERVED-NOW book scenario; fee/prices event-time,0.16000000000000014,0.017115000000000002,,0.00037551633496056276,,,,,,eligibility snapshot time unpublished,"sell: $5,000 exceeds visible top-of-book ($1,584) on ticker-only symbol"
rPCG-2026-06-30-1,rPCG,RPCGUSDT,2026-06-30,open_0930,25000,0.05,0.3,0.035,17.195,17.035,13.65,0.0005,DOCUMENTED promotional 0.05% through 2026-08-31,after_hours,regular,2026-09-18T23:05:03.291954+00:00,ticker_only,2026-09-16T19:34:15.315933+00:00,ticker_only,OBSERVED-NOW book scenario; fee/prices event-time,0.16000000000000014,0.017115000000000002,,,,,,,,eligibility snapshot time unpublished,"sell: $25,000 exceeds visible top-of-book ($1,584) on ticker-only symbol; buy: $25,000 exceeds visible top-of-book ($18,648) on ticker-only symbol"
rPCG-2026-06-30-1,rPCG,RPCGUSDT,2026-06-30,open_1000,1000,0.05,0.3,0.035,17.195,16.95,14.15,0.0005,DOCUMENTED promotional 0.05% through 2026-08-31,after_hours,regular,2026-09-18T23:05:03.291954+00:00,ticker_only,2026-09-16T19:34:15.315933+00:00,ticker_only,OBSERVED-NOW book scenario; fee/prices event-time,0.245000000000001,0.017072499999999997,0.0007570022710068641,0.00037551633496056276,0.019381655927544567,0.036454155927544564,0.17354584407245643,1.4290831185508912,-0.24645415592754555,eligibility snapshot time unpublished,
rPCG-2026-06-30-1,rPCG,RPCGUSDT,2026-06-30,open_1000,5000,0.05,0.3,0.035,17.195,16.95,14.15,0.0005,DOCUMENTED promotional 0.05% through 2026-08-31,after_hours,regular,2026-09-18T23:05:03.291954+00:00,ticker_only,2026-09-16T19:34:15.315933+00:00,ticker_only,OBSERVED-NOW book scenario; fee/prices event-time,0.245000000000001,0.017072499999999997,,0.00037551633496056276,,,,,,eligibility snapshot time unpublished,"sell: $5,000 exceeds visible top-of-book ($1,584) on ticker-only symbol"
rPCG-2026-06-30-1,rPCG,RPCGUSDT,2026-06-30,open_1000,25000,0.05,0.3,0.035,17.195,16.95,14.15,0.0005,DOCUMENTED promotional 0.05% through 2026-08-31,after_hours,regular,2026-09-18T23:05:03.291954+00:00,ticker_only,2026-09-16T19:34:15.315933+00:00,ticker_only,OBSERVED-NOW book scenario; fee/prices event-time,0.245000000000001,0.017072499999999997,,,,,,,,eligibility snapshot time unpublished,"sell: $25,000 exceeds visible top-of-book ($1,584) on ticker-only symbol; buy: $25,000 exceeds visible top-of-book ($18,648) on ticker-only symbol"
rPCG-2026-06-30-1,rPCG,RPCGUSDT,2026-06-30,close_1600,1000,0.05,0.3,0.035,17.195,16.815,20.15,0.0005,DOCUMENTED promotional 0.05% through 2026-08-31,after_hours,after_hours,2026-09-18T23:05:03.291954+00:00,ticker_only,2026-09-18T23:05:03.291954+00:00,ticker_only,OBSERVED-NOW book scenario; fee/prices event-time,0.379999999999999,0.017005000000000003,0.0007570022710068641,0.0007570022710068641,0.025745647236943447,0.042750647236943454,0.30224935276305553,1.555012944738869,-0.3877506472369424,eligibility snapshot time unpublished,
rPCG-2026-06-30-1,rPCG,RPCGUSDT,2026-06-30,close_1600,5000,0.05,0.3,0.035,17.195,16.815,20.15,0.0005,DOCUMENTED promotional 0.05% through 2026-08-31,after_hours,after_hours,2026-09-18T23:05:03.291954+00:00,ticker_only,2026-09-18T23:05:03.291954+00:00,ticker_only,OBSERVED-NOW book scenario; fee/prices event-time,0.379999999999999,0.017005000000000003,,0.0007570022710068641,,,,,,eligibility snapshot time unpublished,"sell: $5,000 exceeds visible top-of-book ($1,584) on ticker-only symbol"
rPCG-2026-06-30-1,rPCG,RPCGUSDT,2026-06-30,close_1600,25000,0.05,0.3,0.035,17.195,16.815,20.15,0.0005,DOCUMENTED promotional 0.05% through 2026-08-31,after_hours,after_hours,2026-09-18T23:05:03.291954+00:00,ticker_only,2026-09-18T23:05:03.291954+00:00,ticker_only,OBSERVED-NOW book scenario; fee/prices event-time,0.379999999999999,0.017005000000000003,,0.0007570022710068641,,,,,,eligibility snapshot time unpublished,"sell: $25,000 exceeds visible top-of-book ($1,584) on ticker-only symbol"
rPM-2026-06-25-1,rPM,RPMUSDT,2026-06-25,overnight_2000,1000,1.47,0.3,1.029,178.004,176.49,0.03333333333333333,0.0005,DOCUMENTED promotional 0.05% through 2026-08-31,after_hours,overnight,2026-09-18T23:05:03.291954+00:00,ticker_only,2026-09-19T03:05:03.356996+00:00,ticker_only,OBSERVED-NOW book scenario; fee/prices event-time,1.5139999999999816,0.17724700000000002,0.002645502645502646,0.0025399513175997667,0.9191860609532359,1.0964330609532358,-0.6114330609532541,1.4458728305804323,,eligibility snapshot time unpublished,
rPM-2026-06-25-1,rPM,RPMUSDT,2026-06-25,overnight_2000,5000,1.47,0.3,1.029,178.004,176.49,0.03333333333333333,0.0005,DOCUMENTED promotional 0.05% through 2026-08-31,after_hours,overnight,2026-09-18T23:05:03.291954+00:00,ticker_only,2026-09-19T03:05:03.356996+00:00,ticker_only,OBSERVED-NOW book scenario; fee/prices event-time,1.5139999999999816,0.17724700000000002,,,,,,,,eligibility snapshot time unpublished,"sell: $5,000 exceeds visible top-of-book ($3,582) on ticker-only symbol; buy: $5,000 exceeds visible top-of-book ($1,326) on ticker-only symbol"
rPM-2026-06-25-1,rPM,RPMUSDT,2026-06-25,overnight_2000,25000,1.47,0.3,1.029,178.004,176.49,0.03333333333333333,0.0005,DOCUMENTED promotional 0.05% through 2026-08-31,after_hours,overnight,2026-09-18T23:05:03.291954+00:00,ticker_only,2026-09-19T03:05:03.356996+00:00,ticker_only,OBSERVED-NOW book scenario; fee/prices event-time,1.5139999999999816,0.17724700000000002,,,,,,,,eligibility snapshot time unpublished,"sell: $25,000 exceeds visible top-of-book ($3,582) on ticker-only symbol; buy: $25,000 exceeds visible top-of-book ($1,326) on ticker-only symbol"
rPM-2026-06-25-1,rPM,RPMUSDT,2026-06-25,premarket_0400,1000,1.47,0.3,1.029,178.004,176.331,8.016666666666667,0.0005,DOCUMENTED promotional 0.05% through 2026-08-31,after_hours,pre_market,2026-09-18T23:05:03.291954+00:00,ticker_only,,,OBSERVED-NOW book scenario; fee/prices event-time,1.6730000000000018,0.1771675,0.002645502645502646,,,,,,,eligibility snapshot time unpublished,buy: no depth sample for this symbol/session
rPM-2026-06-25-1,rPM,RPMUSDT,2026-06-25,premarket_0400,5000,1.47,0.3,1.029,178.004,176.331,8.016666666666667,0.0005,DOCUMENTED promotional 0.05% through 2026-08-31,after_hours,pre_market,2026-09-18T23:05:03.291954+00:00,ticker_only,,,OBSERVED-NOW book scenario; fee/prices event-time,1.6730000000000018,0.1771675,,,,,,,,eligibility snapshot time unpublished,"sell: $5,000 exceeds visible top-of-book ($3,582) on ticker-only symbol; buy: no depth sample for this symbol/session"
rPM-2026-06-25-1,rPM,RPMUSDT,2026-06-25,premarket_0400,25000,1.47,0.3,1.029,178.004,176.331,8.016666666666667,0.0005,DOCUMENTED promotional 0.05% through 2026-08-31,after_hours,pre_market,2026-09-18T23:05:03.291954+00:00,ticker_only,,,OBSERVED-NOW book scenario; fee/prices event-time,1.6730000000000018,0.1771675,,,,,,,,eligibility snapshot time unpublished,"sell: $25,000 exceeds visible top-of-book ($3,582) on ticker-only symbol; buy: no depth sample for this symbol/session"
rPM-2026-06-25-1,rPM,RPMUSDT,2026-06-25,open_0930,1000,1.47,0.3,1.029,178.004,176.418,13.516666666666667,0.0005,DOCUMENTED promotional 0.05% through 2026-08-31,after_hours,regular,2026-09-18T23:05:03.291954+00:00,ticker_only,2026-09-16T19:34:15.315933+00:00,ticker_only,OBSERVED-NOW book scenario; fee/prices event-time,1.5859999999999843,0.177211,0.002645502645502646,0.0002866598910692029,0.5214820175726996,0.6986930175726996,-0.14169301757271524,1.1753013724984351,,eligibility snapshot time unpublished,
rPM-2026-06-25-1,rPM,RPMUSDT,2026-06-25,open_0930,5000,1.47,0.3,1.029,178.004,176.418,13.516666666666667,0.0005,DOCUMENTED promotional 0.05% through 2026-08-31,after_hours,regular,2026-09-18T23:05:03.291954+00:00,ticker_only,2026-09-16T19:34:15.315933+00:00,ticker_only,OBSERVED-NOW book scenario; fee/prices event-time,1.5859999999999843,0.177211,,,,,,,,eligibility snapshot time unpublished,"sell: $5,000 exceeds visible top-of-book ($3,582) on ticker-only symbol; buy: $5,000 exceeds visible top-of-book ($2,495) on ticker-only symbol"
rPM-2026-06-25-1,rPM,RPMUSDT,2026-06-25,open_0930,25000,1.47,0.3,1.029,178.004,176.418,13.516666666666667,0.0005,DOCUMENTED promotional 0.05% through 2026-08-31,after_hours,regular,2026-09-18T23:05:03.291954+00:00,ticker_only,2026-09-16T19:34:15.315933+00:00,ticker_only,OBSERVED-NOW book scenario; fee/prices event-time,1.5859999999999843,0.177211,,,,,,,,eligibility snapshot time unpublished,"sell: $25,000 exceeds visible top-of-book ($3,582) on ticker-only symbol; buy: $25,000 exceeds visible top-of-book ($2,495) on ticker-only symbol"
rPM-2026-06-25-1,rPM,RPMUSDT,2026-06-25,open_1000,1000,1.47,0.3,1.029,178.004,180.431,14.016666666666667,0.0005,DOCUMENTED promotional 0.05% through 2026-08-31,after_hours,regular,2026-09-18T23:05:03.291954+00:00,ticker_only,2026-09-16T19:34:15.315933+00:00,ticker_only,OBSERVED-NOW book scenario; fee/prices event-time,-2.427000000000021,0.1792175,0.002645502645502646,0.0002866598910692029,0.5226323837155603,0.7018498837155603,-4.157849883715581,1.1774489004867759,,eligibility snapshot time unpublished,
rPM-2026-06-25-1,rPM,RPMUSDT,2026-06-25,open_1000,5000,1.47,0.3,1.029,178.004,180.431,14.016666666666667,0.0005,DOCUMENTED promotional 0.05% through 2026-08-31,after_hours,regular,2026-09-18T23:05:03.291954+00:00,ticker_only,2026-09-16T19:34:15.315933+00:00,ticker_only,OBSERVED-NOW book scenario; fee/prices event-time,-2.427000000000021,0.1792175,,,,,,,,eligibility snapshot time unpublished,"sell: $5,000 exceeds visible top-of-book ($3,582) on ticker-only symbol; buy: $5,000 exceeds visible top-of-book ($2,495) on ticker-only symbol"
rPM-2026-06-25-1,rPM,RPMUSDT,2026-06-25,open_1000,25000,1.47,0.3,1.029,178.004,180.431,14.016666666666667,0.0005,DOCUMENTED promotional 0.05% through 2026-08-31,after_hours,regular,2026-09-18T23:05:03.291954+00:00,ticker_only,2026-09-16T19:34:15.315933+00:00,ticker_only,OBSERVED-NOW book scenario; fee/prices event-time,-2.427000000000021,0.1792175,,,,,,,,eligibility snapshot time unpublished,"sell: $25,000 exceeds visible top-of-book ($3,582) on ticker-only symbol; buy: $25,000 exceeds visible top-of-book ($2,495) on ticker-only symbol"
rPM-2026-06-25-1,rPM,RPMUSDT,2026-06-25,close_1600,1000,1.47,0.3,1.029,178.004,178.95,20.016666666666666,0.0005,DOCUMENTED promotional 0.05% through 2026-08-31,after_hours,after_hours,2026-09-18T23:05:03.291954+00:00,ticker_only,2026-09-18T23:05:03.291954+00:00,ticker_only,OBSERVED-NOW book scenario; fee/prices event-time,-0.945999999999998,0.17847699999999997,0.002645502645502646,,,,,,,eligibility snapshot time unpublished,"buy: $1,000 exceeds visible top-of-book ($379) on ticker-only symbol"
rPM-2026-06-25-1,rPM,RPMUSDT,2026-06-25,close_1600,5000,1.47,0.3,1.029,178.004,178.95,20.016666666666666,0.0005,DOCUMENTED promotional 0.05% through 2026-08-31,after_hours,after_hours,2026-09-18T23:05:03.291954+00:00,ticker_only,2026-09-18T23:05:03.291954+00:00,ticker_only,OBSERVED-NOW book scenario; fee/prices event-time,-0.945999999999998,0.17847699999999997,,,,,,,,eligibility snapshot time unpublished,"sell: $5,000 exceeds visible top-of-book ($3,582) on ticker-only symbol; buy: $5,000 exceeds visible top-of-book ($379) on ticker-only symbol"
rPM-2026-06-25-1,rPM,RPMUSDT,2026-06-25,close_1600,25000,1.47,0.3,1.029,178.004,178.95,20.016666666666666,0.0005,DOCUMENTED promotional 0.05% through 2026-08-31,after_hours,after_hours,2026-09-18T23:05:03.291954+00:00,ticker_only,2026-09-18T23:05:03.291954+00:00,ticker_only,OBSERVED-NOW book scenario; fee/prices event-time,-0.945999999999998,0.17847699999999997,,,,,,,,eligibility snapshot time unpublished,"sell: $25,000 exceeds visible top-of-book ($3,582) on ticker-only symbol; buy: $25,000 exceeds visible top-of-book ($379) on ticker-only symbol"
rQQQ-2026-06-22-1,rQQQ,RQQQUSDT,2026-06-22,overnight_2000,1000,0.81349,0.3,0.569443,739.817,739.802,0.016666666666666666,0.0005,DOCUMENTED promotional 0.05% through 2026-08-31,after_hours,overnight,2026-09-18T23:05:03.291954+00:00,public_book,2026-09-19T03:05:03.356996+00:00,public_book,OBSERVED-NOW book scenario; fee/prices event-time,0.014999999999986358,0.7398095000000001,0.0002630558786065329,0.0006301369074850349,0.6607897553742932,1.4005992553742934,-1.9550422553743072,2.4217166226681255,-0.3851039516252941,eligibility snapshot time unpublished,
rQQQ-2026-06-22-1,rQQQ,RQQQUSDT,2026-06-22,overnight_2000,5000,0.81349,0.3,0.569443,739.817,739.802,0.016666666666666666,0.0005,DOCUMENTED promotional 0.05% through 2026-08-31,after_hours,overnight,2026-09-18T23:05:03.291954+00:00,public_book,2026-09-19T03:05:03.356996+00:00,public_book,OBSERVED-NOW book scenario; fee/prices event-time,0.014999999999986358,0.7398095000000001,0.0002630558786065329,0.0007189340578146464,0.7264820647824404,1.4662915647824404,-2.020734564782454,2.5024703005352746,-0.3851039516252941,eligibility snapshot time unpublished,
rQQQ-2026-06-22-1,rQQQ,RQQQUSDT,2026-06-22,overnight_2000,25000,0.81349,0.3,0.569443,739.817,739.802,0.016666666666666666,0.0005,DOCUMENTED promotional 0.05% through 2026-08-31,after_hours,overnight,2026-09-18T23:05:03.291954+00:00,public_book,2026-09-19T03:05:03.356996+00:00,public_book,OBSERVED-NOW book scenario; fee/prices event-time,0.014999999999986358,0.7398095000000001,0.0002925738286562174,0.000758568409157334,0.7776415184263707,1.517451018426371,-2.0718940184263848,2.5653591542936867,-0.44301953082817463,eligibility snapshot time unpublished,
rQQQ-2026-06-22-1,rQQQ,RQQQUSDT,2026-06-22,premarket_0400,1000,0.81349,0.3,0.569443,739.817,740.566,80.01666666666667,0.0005,DOCUMENTED promotional 0.05% through 2026-08-31,after_hours,pre_market,2026-09-18T23:05:03.291954+00:00,public_book,,,OBSERVED-NOW book scenario; fee/prices event-time,-0.7490000000000236,0.7401915,0.0002630558786065329,,,,,,,eligibility snapshot time unpublished,buy: no depth sample for this symbol/session
rQQQ-2026-06-22-1,rQQQ,RQQQUSDT,2026-06-22,premarket_0400,5000,0.81349,0.3,0.569443,739.817,740.566,80.01666666666667,0.0005,DOCUMENTED promotional 0.05% through 2026-08-31,after_hours,pre_market,2026-09-18T23:05:03.291954+00:00,public_book,,,OBSERVED-NOW book scenario; fee/prices event-time,-0.7490000000000236,0.7401915,0.0002630558786065329,,,,,,,eligibility snapshot time unpublished,buy: no depth sample for this symbol/session
rQQQ-2026-06-22-1,rQQQ,RQQQUSDT,2026-06-22,premarket_0400,25000,0.81349,0.3,0.569443,739.817,740.566,80.01666666666667,0.0005,DOCUMENTED promotional 0.05% through 2026-08-31,after_hours,pre_market,2026-09-18T23:05:03.291954+00:00,public_book,,,OBSERVED-NOW book scenario; fee/prices event-time,-0.7490000000000236,0.7401915,0.0002925738286562174,,,,,,,eligibility snapshot time unpublished,buy: no depth sample for this symbol/session
rQQQ-2026-06-22-1,rQQQ,RQQQUSDT,2026-06-22,open_0930,1000,0.81349,0.3,0.569443,739.817,743.759,85.51666666666667,0.0005,DOCUMENTED promotional 0.05% through 2026-08-31,after_hours,regular,2026-09-18T23:05:03.291954+00:00,public_book,2026-09-16T19:34:15.315933+00:00,public_book,OBSERVED-NOW book scenario; fee/prices event-time,-3.9420000000000073,0.741788,0.0002630558786065329,0.00016346953425405708,0.3161951482703126,1.0579831482703126,-5.56942614827032,2.0005484373136886,3.4534598517296127,eligibility snapshot time unpublished,
rQQQ-2026-06-22-1,rQQQ,RQQQUSDT,2026-06-22,open_0930,5000,0.81349,0.3,0.569443,739.817,743.759,85.51666666666667,0.0005,DOCUMENTED promotional 0.05% through 2026-08-31,after_hours,regular,2026-09-18T23:05:03.291954+00:00,public_book,2026-09-16T19:34:15.315933+00:00,public_book,OBSERVED-NOW book scenario; fee/prices event-time,-3.9420000000000073,0.741788,0.0002630558786065329,0.00016346953425405708,0.3161951482703126,1.0579831482703126,-5.56942614827032,2.0005484373136886,3.4534598517296127,eligibility snapshot time unpublished,
rQQQ-2026-06-22-1,rQQQ,RQQQUSDT,2026-06-22,open_0930,25000,0.81349,0.3,0.569443,739.817,743.759,85.51666666666667,0.0005,DOCUMENTED promotional 0.05% through 2026-08-31,after_hours,regular,2026-09-18T23:05:03.291954+00:00,public_book,2026-09-16T19:34:15.315933+00:00,public_book,OBSERVED-NOW book scenario; fee/prices event-time,-3.9420000000000073,0.741788,0.0002925738286562174,0.00018653838272864046,0.35519069319482766,1.0969786931948278,-5.608421693194835,2.0484845458393193,3.3976331807884743,eligibility snapshot time unpublished,
rQQQ-2026-06-22-1,rQQQ,RQQQUSDT,2026-06-22,open_1000,1000,0.81349,0.3,0.569443,739.817,744.31,86.01666666666667,0.0005,DOCUMENTED promotional 0.05% through 2026-08-31,after_hours,regular,2026-09-18T23:05:03.291954+00:00,public_book,2026-09-16T19:34:15.315933+00:00,public_book,OBSERVED-NOW book scenario; fee/prices event-time,-4.492999999999938,0.7420635,0.0002630558786065329,0.00016346953425405708,0.3162852199836865,1.0583487199836865,-6.120791719983624,2.000997824169549,4.00409428001617,eligibility snapshot time unpublished,
rQQQ-2026-06-22-1,rQQQ,RQQQUSDT,2026-06-22,open_1000,5000,0.81349,0.3,0.569443,739.817,744.31,86.01666666666667,0.0005,DOCUMENTED promotional 0.05% through 2026-08-31,after_hours,regular,2026-09-18T23:05:03.291954+00:00,public_book,2026-09-16T19:34:15.315933+00:00,public_book,OBSERVED-NOW book scenario; fee/prices event-time,-4.492999999999938,0.7420635,0.0002630558786065329,0.00016346953425405708,0.3162852199836865,1.0583487199836865,-6.120791719983624,2.000997824169549,4.00409428001617,eligibility snapshot time unpublished,
rQQQ-2026-06-22-1,rQQQ,RQQQUSDT,2026-06-22,open_1000,25000,0.81349,0.3,0.569443,739.817,744.31,86.01666666666667,0.0005,DOCUMENTED promotional 0.05% through 2026-08-31,after_hours,regular,2026-09-18T23:05:03.291954+00:00,public_book,2026-09-16T19:34:15.315933+00:00,public_book,OBSERVED-NOW book scenario; fee/prices event-time,-4.492999999999938,0.7420635,0.0002925738286562174,0.00018653838272864046,0.3552934758437112,1.0973569758437112,-6.159799975843649,2.0489495578848063,3.9482434769958283,eligibility snapshot time unpublished,
rQQQ-2026-06-22-1,rQQQ,RQQQUSDT,2026-06-22,close_1600,1000,0.81349,0.3,0.569443,739.817,738.014,92.01666666666667,0.0005,DOCUMENTED promotional 0.05% through 2026-08-31,after_hours,after_hours,2026-09-18T23:05:03.291954+00:00,public_book,2026-09-18T23:05:03.291954+00:00,public_book,OBSERVED-NOW book scenario; fee/prices event-time,1.8029999999999973,0.7389155000000001,0.0002630558786065329,0.0002630558786067549,0.38875213213713494,1.127667632137135,0.10588936786286207,2.086209581109952,-2.3612246321371324,eligibility snapshot time unpublished,
rQQQ-2026-06-22-1,rQQQ,RQQQUSDT,2026-06-22,close_1600,5000,0.81349,0.3,0.569443,739.817,738.014,92.01666666666667,0.0005,DOCUMENTED promotional 0.05% through 2026-08-31,after_hours,after_hours,2026-09-18T23:05:03.291954+00:00,public_book,2026-09-18T23:05:03.291954+00:00,public_book,OBSERVED-NOW book scenario; fee/prices event-time,1.8029999999999973,0.7389155000000001,0.0002630558786065329,0.0002630558786067549,0.38875213213713494,1.127667632137135,0.10588936786286207,2.086209581109952,-2.3612246321371324,eligibility snapshot time unpublished,
rQQQ-2026-06-22-1,rQQQ,RQQQUSDT,2026-06-22,close_1600,25000,0.81349,0.3,0.569443,739.817,738.014,92.01666666666667,0.0005,DOCUMENTED promotional 0.05% through 2026-08-31,after_hours,after_hours,2026-09-18T23:05:03.291954+00:00,public_book,2026-09-18T23:05:03.291954+00:00,public_book,OBSERVED-NOW book scenario; fee/prices event-time,1.8029999999999973,0.7389155000000001,0.0002925738286562174,0.00029448574509172154,0.4337856948730786,1.1727011948730786,0.06085580512691857,2.141568052309283,-2.406261642058409,eligibility snapshot time unpublished,
rPSQ-2026-06-24-1,rPSQ,RPSQUSDT,2026-06-24,overnight_2000,1000,0.228579,0.3,0.1600053,25.97,25.81,0.2,0.0005,DOCUMENTED promotional 0.05% through 2026-08-31,after_hours,overnight,2026-09-18T23:05:03.291954+00:00,ticker_only,2026-09-19T03:05:03.356996+00:00,ticker_only,OBSERVED-NOW book scenario; fee/prices event-time,0.16000000000000014,0.02589,,,,,,,,eligibility snapshot time unpublished,"sell: $1,000 exceeds visible top-of-book ($26) on ticker-only symbol; buy: $1,000 exceeds visible top-of-book ($257) on ticker-only symbol"
rPSQ-2026-06-24-1,rPSQ,RPSQUSDT,2026-06-24,overnight_2000,5000,0.228579,0.3,0.1600053,25.97,25.81,0.2,0.0005,DOCUMENTED promotional 0.05% through 2026-08-31,after_hours,overnight,2026-09-18T23:05:03.291954+00:00,ticker_only,2026-09-19T03:05:03.356996+00:00,ticker_only,OBSERVED-NOW book scenario; fee/prices event-time,0.16000000000000014,0.02589,,,,,,,,eligibility snapshot time unpublished,"sell: $5,000 exceeds visible top-of-book ($26) on ticker-only symbol; buy: $5,000 exceeds visible top-of-book ($257) on ticker-only symbol"
rPSQ-2026-06-24-1,rPSQ,RPSQUSDT,2026-06-24,overnight_2000,25000,0.228579,0.3,0.1600053,25.97,25.81,0.2,0.0005,DOCUMENTED promotional 0.05% through 2026-08-31,after_hours,overnight,2026-09-18T23:05:03.291954+00:00,ticker_only,2026-09-19T03:05:03.356996+00:00,ticker_only,OBSERVED-NOW book scenario; fee/prices event-time,0.16000000000000014,0.02589,,,,,,,,eligibility snapshot time unpublished,"sell: $25,000 exceeds visible top-of-book ($26) on ticker-only symbol; buy: $25,000 exceeds visible top-of-book ($257) on ticker-only symbol"
rPSQ-2026-06-24-1,rPSQ,RPSQUSDT,2026-06-24,premarket_0400,1000,0.228579,0.3,0.1600053,25.97,25.716,8.116666666666667,0.0005,DOCUMENTED promotional 0.05% through 2026-08-31,after_hours,pre_market,2026-09-18T23:05:03.291954+00:00,ticker_only,,,OBSERVED-NOW book scenario; fee/prices event-time,0.2539999999999978,0.025843,,,,,,,,eligibility snapshot time unpublished,"sell: $1,000 exceeds visible top-of-book ($26) on ticker-only symbol; buy: no depth sample for this symbol/session"
rPSQ-2026-06-24-1,rPSQ,RPSQUSDT,2026-06-24,premarket_0400,5000,0.228579,0.3,0.1600053,25.97,25.716,8.116666666666667,0.0005,DOCUMENTED promotional 0.05% through 2026-08-31,after_hours,pre_market,2026-09-18T23:05:03.291954+00:00,ticker_only,,,OBSERVED-NOW book scenario; fee/prices event-time,0.2539999999999978,0.025843,,,,,,,,eligibility snapshot time unpublished,"sell: $5,000 exceeds visible top-of-book ($26) on ticker-only symbol; buy: no depth sample for this symbol/session"
rPSQ-2026-06-24-1,rPSQ,RPSQUSDT,2026-06-24,premarket_0400,25000,0.228579,0.3,0.1600053,25.97,25.716,8.116666666666667,0.0005,DOCUMENTED promotional 0.05% through 2026-08-31,after_hours,pre_market,2026-09-18T23:05:03.291954+00:00,ticker_only,,,OBSERVED-NOW book scenario; fee/prices event-time,0.2539999999999978,0.025843,,,,,,,,eligibility snapshot time unpublished,"sell: $25,000 exceeds visible top-of-book ($26) on ticker-only symbol; buy: no depth sample for this symbol/session"
rPSQ-2026-06-24-1,rPSQ,RPSQUSDT,2026-06-24,open_0930,1000,0.228579,0.3,0.1600053,25.97,25.811,13.616666666666667,0.0005,DOCUMENTED promotional 0.05% through 2026-08-31,after_hours,regular,2026-09-18T23:05:03.291954+00:00,ticker_only,2026-09-16T19:34:15.315933+00:00,ticker_only,OBSERVED-NOW book scenario; fee/prices event-time,0.15899999999999892,0.0258905,,0.00018942981625304055,,,,,,eligibility snapshot time unpublished,"sell: $1,000 exceeds visible top-of-book ($26) on ticker-only symbol"
rPSQ-2026-06-24-1,rPSQ,RPSQUSDT,2026-06-24,open_0930,5000,0.228579,0.3,0.1600053,25.97,25.811,13.616666666666667,0.0005,DOCUMENTED promotional 0.05% through 2026-08-31,after_hours,regular,2026-09-18T23:05:03.291954+00:00,ticker_only,2026-09-16T19:34:15.315933+00:00,ticker_only,OBSERVED-NOW book scenario; fee/prices event-time,0.15899999999999892,0.0258905,,0.00018942981625304055,,,,,,eligibility snapshot time unpublished,"sell: $5,000 exceeds visible top-of-book ($26) on ticker-only symbol"
rPSQ-2026-06-24-1,rPSQ,RPSQUSDT,2026-06-24,open_0930,25000,0.228579,0.3,0.1600053,25.97,25.811,13.616666666666667,0.0005,DOCUMENTED promotional 0.05% through 2026-08-31,after_hours,regular,2026-09-18T23:05:03.291954+00:00,ticker_only,2026-09-16T19:34:15.315933+00:00,ticker_only,OBSERVED-NOW book scenario; fee/prices event-time,0.15899999999999892,0.0258905,,0.00018942981625304055,,,,,,eligibility snapshot time unpublished,"sell: $25,000 exceeds visible top-of-book ($26) on ticker-only symbol"
rPSQ-2026-06-24-1,rPSQ,RPSQUSDT,2026-06-24,open_1000,1000,0.228579,0.3,0.1600053,25.97,25.818,14.116666666666667,0.0005,DOCUMENTED promotional 0.05% through 2026-08-31,after_hours,regular,2026-09-18T23:05:03.291954+00:00,ticker_only,2026-09-16T19:34:15.315933+00:00,ticker_only,OBSERVED-NOW book scenario; fee/prices event-time,0.15199999999999747,0.025894,,0.00018942981625304055,,,,,,eligibility snapshot time unpublished,"sell: $1,000 exceeds visible top-of-book ($26) on ticker-only symbol"
rPSQ-2026-06-24-1,rPSQ,RPSQUSDT,2026-06-24,open_1000,5000,0.228579,0.3,0.1600053,25.97,25.818,14.116666666666667,0.0005,DOCUMENTED promotional 0.05% through 2026-08-31,after_hours,regular,2026-09-18T23:05:03.291954+00:00,ticker_only,2026-09-16T19:34:15.315933+00:00,ticker_only,OBSERVED-NOW book scenario; fee/prices event-time,0.15199999999999747,0.025894,,0.00018942981625304055,,,,,,eligibility snapshot time unpublished,"sell: $5,000 exceeds visible top-of-book ($26) on ticker-only symbol"
rPSQ-2026-06-24-1,rPSQ,RPSQUSDT,2026-06-24,open_1000,25000,0.228579,0.3,0.1600053,25.97,25.818,14.116666666666667,0.0005,DOCUMENTED promotional 0.05% through 2026-08-31,after_hours,regular,2026-09-18T23:05:03.291954+00:00,ticker_only,2026-09-16T19:34:15.315933+00:00,ticker_only,OBSERVED-NOW book scenario; fee/prices event-time,0.15199999999999747,0.025894,,0.00018942981625304055,,,,,,eligibility snapshot time unpublished,"sell: $25,000 exceeds visible top-of-book ($26) on ticker-only symbol"
rPSQ-2026-06-24-1,rPSQ,RPSQUSDT,2026-06-24,close_1600,1000,0.228579,0.3,0.1600053,25.97,25.954,20.116666666666667,0.0005,DOCUMENTED promotional 0.05% through 2026-08-31,after_hours,after_hours,2026-09-18T23:05:03.291954+00:00,ticker_only,2026-09-18T23:05:03.291954+00:00,ticker_only,OBSERVED-NOW book scenario; fee/prices event-time,0.015999999999998238,0.025962,,,,,,,,eligibility snapshot time unpublished,"sell: $1,000 exceeds visible top-of-book ($26) on ticker-only symbol; buy: $1,000 exceeds visible top-of-book ($154) on ticker-only symbol"
rPSQ-2026-06-24-1,rPSQ,RPSQUSDT,2026-06-24,close_1600,5000,0.228579,0.3,0.1600053,25.97,25.954,20.116666666666667,0.0005,DOCUMENTED promotional 0.05% through 2026-08-31,after_hours,after_hours,2026-09-18T23:05:03.291954+00:00,ticker_only,2026-09-18T23:05:03.291954+00:00,ticker_only,OBSERVED-NOW book scenario; fee/prices event-time,0.015999999999998238,0.025962,,,,,,,,eligibility snapshot time unpublished,"sell: $5,000 exceeds visible top-of-book ($26) on ticker-only symbol; buy: $5,000 exceeds visible top-of-book ($154) on ticker-only symbol"
rPSQ-2026-06-24-1,rPSQ,RPSQUSDT,2026-06-24,close_1600,25000,0.228579,0.3,0.1600053,25.97,25.954,20.116666666666667,0.0005,DOCUMENTED promotional 0.05% through 2026-08-31,after_hours,after_hours,2026-09-18T23:05:03.291954+00:00,ticker_only,2026-09-18T23:05:03.291954+00:00,ticker_only,OBSERVED-NOW book scenario; fee/prices event-time,0.015999999999998238,0.025962,,,,,,,,eligibility snapshot time unpublished,"sell: $25,000 exceeds visible top-of-book ($26) on ticker-only symbol; buy: $25,000 exceeds visible top-of-book ($154) on ticker-only symbol"
rPWR-2026-07-01-1,rPWR,RPWRUSDT,2026-07-01,overnight_2000,1000,0.11,0.3,0.077,719.275,718.85,0.18333333333333332,0.0005,DOCUMENTED promotional 0.05% through 2026-08-31,after_hours,overnight,2026-09-18T23:05:03.291954+00:00,ticker_only,2026-09-19T03:05:03.356996+00:00,ticker_only,OBSERVED-NOW book scenario; fee/prices event-time,0.4249999999999545,0.7190625,0.0022939383464789295,,,,,,,eligibility snapshot time unpublished,"buy: $1,000 exceeds visible top-of-book ($638) on ticker-only symbol"
rPWR-2026-07-01-1,rPWR,RPWRUSDT,2026-07-01,overnight_2000,5000,0.11,0.3,0.077,719.275,718.85,0.18333333333333332,0.0005,DOCUMENTED promotional 0.05% through 2026-08-31,after_hours,overnight,2026-09-18T23:05:03.291954+00:00,ticker_only,2026-09-19T03:05:03.356996+00:00,ticker_only,OBSERVED-NOW book scenario; fee/prices event-time,0.4249999999999545,0.7190625,,,,,,,,eligibility snapshot time unpublished,"sell: $5,000 exceeds visible top-of-book ($1,270) on ticker-only symbol; buy: $5,000 exceeds visible top-of-book ($638) on ticker-only symbol"
rPWR-2026-07-01-1,rPWR,RPWRUSDT,2026-07-01,overnight_2000,25000,0.11,0.3,0.077,719.275,718.85,0.18333333333333332,0.0005,DOCUMENTED promotional 0.05% through 2026-08-31,after_hours,overnight,2026-09-18T23:05:03.291954+00:00,ticker_only,2026-09-19T03:05:03.356996+00:00,ticker_only,OBSERVED-NOW book scenario; fee/prices event-time,0.4249999999999545,0.7190625,,,,,,,,eligibility snapshot time unpublished,"sell: $25,000 exceeds visible top-of-book ($1,270) on ticker-only symbol; buy: $25,000 exceeds visible top-of-book ($638) on ticker-only symbol"
rPWR-2026-07-01-1,rPWR,RPWRUSDT,2026-07-01,premarket_0400,1000,0.11,0.3,0.077,719.275,713.011,8.033333333333333,0.0005,DOCUMENTED promotional 0.05% through 2026-08-31,after_hours,pre_market,2026-09-18T23:05:03.291954+00:00,ticker_only,,,OBSERVED-NOW book scenario; fee/prices event-time,6.26400000000001,0.7161430000000001,0.0022939383464789295,,,,,,,eligibility snapshot time unpublished,buy: no depth sample for this symbol/session
rPWR-2026-07-01-1,rPWR,RPWRUSDT,2026-07-01,premarket_0400,5000,0.11,0.3,0.077,719.275,713.011,8.033333333333333,0.0005,DOCUMENTED promotional 0.05% through 2026-08-31,after_hours,pre_market,2026-09-18T23:05:03.291954+00:00,ticker_only,,,OBSERVED-NOW book scenario; fee/prices event-time,6.26400000000001,0.7161430000000001,,,,,,,,eligibility snapshot time unpublished,"sell: $5,000 exceeds visible top-of-book ($1,270) on ticker-only symbol; buy: no depth sample for this symbol/session"
rPWR-2026-07-01-1,rPWR,RPWRUSDT,2026-07-01,premarket_0400,25000,0.11,0.3,0.077,719.275,713.011,8.033333333333333,0.0005,DOCUMENTED promotional 0.05% through 2026-08-31,after_hours,pre_market,2026-09-18T23:05:03.291954+00:00,ticker_only,,,OBSERVED-NOW book scenario; fee/prices event-time,6.26400000000001,0.7161430000000001,,,,,,,,eligibility snapshot time unpublished,"sell: $25,000 exceeds visible top-of-book ($1,270) on ticker-only symbol; buy: no depth sample for this symbol/session"
rPWR-2026-07-01-1,rPWR,RPWRUSDT,2026-07-01,open_0930,1000,0.11,0.3,0.077,719.275,705.37,13.533333333333333,0.0005,DOCUMENTED promotional 0.05% through 2026-08-31,after_hours,regular,2026-09-18T23:05:03.291954+00:00,ticker_only,2026-09-16T19:34:15.315933+00:00,ticker_only,OBSERVED-NOW book scenario; fee/prices event-time,13.904999999999973,0.7123225,0.0022939383464789295,0.0005434209565830657,2.033285344308629,2.745607844308629,11.082392155691345,25.660071311896626,-16.573607844308604,eligibility snapshot time unpublished,
rPWR-2026-07-01-1,rPWR,RPWRUSDT,2026-07-01,open_0930,5000,0.11,0.3,0.077,719.275,705.37,13.533333333333333,0.0005,DOCUMENTED promotional 0.05% through 2026-08-31,after_hours,regular,2026-09-18T23:05:03.291954+00:00,ticker_only,2026-09-16T19:34:15.315933+00:00,ticker_only,OBSERVED-NOW book scenario; fee/prices event-time,13.904999999999973,0.7123225,,0.0005434209565830657,,,,,,eligibility snapshot time unpublished,"sell: $5,000 exceeds visible top-of-book ($1,270) on ticker-only symbol"
rPWR-2026-07-01-1,rPWR,RPWRUSDT,2026-07-01,open_0930,25000,0.11,0.3,0.077,719.275,705.37,13.533333333333333,0.0005,DOCUMENTED promotional 0.05% through 2026-08-31,after_hours,regular,2026-09-18T23:05:03.291954+00:00,ticker_only,2026-09-16T19:34:15.315933+00:00,ticker_only,OBSERVED-NOW book scenario; fee/prices event-time,13.904999999999973,0.7123225,,,,,,,,eligibility snapshot time unpublished,"sell: $25,000 exceeds visible top-of-book ($1,270) on ticker-only symbol; buy: $25,000 exceeds visible top-of-book ($14,186) on ticker-only symbol"
rPWR-2026-07-01-1,rPWR,RPWRUSDT,2026-07-01,open_1000,1000,0.11,0.3,0.077,719.275,695.18,14.033333333333333,0.0005,DOCUMENTED promotional 0.05% through 2026-08-31,after_hours,regular,2026-09-18T23:05:03.291954+00:00,ticker_only,2026-09-16T19:34:15.315933+00:00,ticker_only,OBSERVED-NOW book scenario; fee/prices event-time,24.095000000000027,0.7072275,0.0022939383464789295,0.0005434209565830657,2.0277478847610473,2.7349753847610474,21.28302461523898,25.563412588736796,-26.752975384761072,eligibility snapshot time unpublished,
rPWR-2026-07-01-1,rPWR,RPWRUSDT,2026-07-01,open_1000,5000,0.11,0.3,0.077,719.275,695.18,14.033333333333333,0.0005,DOCUMENTED promotional 0.05% through 2026-08-31,after_hours,regular,2026-09-18T23:05:03.291954+00:00,ticker_only,2026-09-16T19:34:15.315933+00:00,ticker_only,OBSERVED-NOW book scenario; fee/prices event-time,24.095000000000027,0.7072275,,0.0005434209565830657,,,,,,eligibility snapshot time unpublished,"sell: $5,000 exceeds visible top-of-book ($1,270) on ticker-only symbol"
rPWR-2026-07-01-1,rPWR,RPWRUSDT,2026-07-01,open_1000,25000,0.11,0.3,0.077,719.275,695.18,14.033333333333333,0.0005,DOCUMENTED promotional 0.05% through 2026-08-31,after_hours,regular,2026-09-18T23:05:03.291954+00:00,ticker_only,2026-09-16T19:34:15.315933+00:00,ticker_only,OBSERVED-NOW book scenario; fee/prices event-time,24.095000000000027,0.7072275,,,,,,,,eligibility snapshot time unpublished,"sell: $25,000 exceeds visible top-of-book ($1,270) on ticker-only symbol; buy: $25,000 exceeds visible top-of-book ($14,186) on ticker-only symbol"
rPWR-2026-07-01-1,rPWR,RPWRUSDT,2026-07-01,close_1600,1000,0.11,0.3,0.077,719.275,691.375,20.033333333333335,0.0005,DOCUMENTED promotional 0.05% through 2026-08-31,after_hours,after_hours,2026-09-18T23:05:03.291954+00:00,ticker_only,2026-09-18T23:05:03.291954+00:00,ticker_only,OBSERVED-NOW book scenario; fee/prices event-time,27.899999999999977,0.7053250000000001,0.0022939383464789295,0.0022939383464789295,3.2359441284605017,3.941269128460502,23.881730871539474,36.52971934964093,-31.764269128460477,eligibility snapshot time unpublished,
rPWR-2026-07-01-1,rPWR,RPWRUSDT,2026-07-01,close_1600,5000,0.11,0.3,0.077,719.275,691.375,20.033333333333335,0.0005,DOCUMENTED promotional 0.05% through 2026-08-31,after_hours,after_hours,2026-09-18T23:05:03.291954+00:00,ticker_only,2026-09-18T23:05:03.291954+00:00,ticker_only,OBSERVED-NOW book scenario; fee/prices event-time,27.899999999999977,0.7053250000000001,,0.0022939383464789295,,,,,,eligibility snapshot time unpublished,"sell: $5,000 exceeds visible top-of-book ($1,270) on ticker-only symbol"
rPWR-2026-07-01-1,rPWR,RPWRUSDT,2026-07-01,close_1600,25000,0.11,0.3,0.077,719.275,691.375,20.033333333333335,0.0005,DOCUMENTED promotional 0.05% through 2026-08-31,after_hours,after_hours,2026-09-18T23:05:03.291954+00:00,ticker_only,2026-09-18T23:05:03.291954+00:00,ticker_only,OBSERVED-NOW book scenario; fee/prices event-time,27.899999999999977,0.7053250000000001,,,,,,,,eligibility snapshot time unpublished,"sell: $25,000 exceeds visible top-of-book ($1,270) on ticker-only symbol; buy: $25,000 exceeds visible top-of-book ($15,948) on ticker-only symbol"
rSCHD-2026-06-24-1,rSCHD,RSCHDUSDT,2026-06-24,overnight_2000,1000,0.2525,0.3,0.17675,32.04,31.84,0.016666666666666666,0.0005,DOCUMENTED promotional 0.05% through 2026-08-31,after_hours,overnight,2026-09-18T23:05:03.291954+00:00,ticker_only,2026-09-19T03:05:03.356996+00:00,ticker_only,OBSERVED-NOW book scenario; fee/prices event-time,0.1999999999999993,0.031939999999999996,,,,,,,,eligibility snapshot time unpublished,"sell: $1,000 exceeds visible top-of-book ($236) on ticker-only symbol; buy: $1,000 exceeds visible top-of-book ($69) on ticker-only symbol"
rSCHD-2026-06-24-1,rSCHD,RSCHDUSDT,2026-06-24,overnight_2000,5000,0.2525,0.3,0.17675,32.04,31.84,0.016666666666666666,0.0005,DOCUMENTED promotional 0.05% through 2026-08-31,after_hours,overnight,2026-09-18T23:05:03.291954+00:00,ticker_only,2026-09-19T03:05:03.356996+00:00,ticker_only,OBSERVED-NOW book scenario; fee/prices event-time,0.1999999999999993,0.031939999999999996,,,,,,,,eligibility snapshot time unpublished,"sell: $5,000 exceeds visible top-of-book ($236) on ticker-only symbol; buy: $5,000 exceeds visible top-of-book ($69) on ticker-only symbol"
rSCHD-2026-06-24-1,rSCHD,RSCHDUSDT,2026-06-24,overnight_2000,25000,0.2525,0.3,0.17675,32.04,31.84,0.016666666666666666,0.0005,DOCUMENTED promotional 0.05% through 2026-08-31,after_hours,overnight,2026-09-18T23:05:03.291954+00:00,ticker_only,2026-09-19T03:05:03.356996+00:00,ticker_only,OBSERVED-NOW book scenario; fee/prices event-time,0.1999999999999993,0.031939999999999996,,,,,,,,eligibility snapshot time unpublished,"sell: $25,000 exceeds visible top-of-book ($236) on ticker-only symbol; buy: $25,000 exceeds visible top-of-book ($69) on ticker-only symbol"
rSCHD-2026-06-24-1,rSCHD,RSCHDUSDT,2026-06-24,premarket_0400,1000,0.2525,0.3,0.17675,32.04,31.795,8.016666666666667,0.0005,DOCUMENTED promotional 0.05% through 2026-08-31,after_hours,pre_market,2026-09-18T23:05:03.291954+00:00,ticker_only,,,OBSERVED-NOW book scenario; fee/prices event-time,0.24499999999999744,0.0319175,,,,,,,,eligibility snapshot time unpublished,"sell: $1,000 exceeds visible top-of-book ($236) on ticker-only symbol; buy: no depth sample for this symbol/session"
rSCHD-2026-06-24-1,rSCHD,RSCHDUSDT,2026-06-24,premarket_0400,5000,0.2525,0.3,0.17675,32.04,31.795,8.016666666666667,0.0005,DOCUMENTED promotional 0.05% through 2026-08-31,after_hours,pre_market,2026-09-18T23:05:03.291954+00:00,ticker_only,,,OBSERVED-NOW book scenario; fee/prices event-time,0.24499999999999744,0.0319175,,,,,,,,eligibility snapshot time unpublished,"sell: $5,000 exceeds visible top-of-book ($236) on ticker-only symbol; buy: no depth sample for this symbol/session"
rSCHD-2026-06-24-1,rSCHD,RSCHDUSDT,2026-06-24,premarket_0400,25000,0.2525,0.3,0.17675,32.04,31.795,8.016666666666667,0.0005,DOCUMENTED promotional 0.05% through 2026-08-31,after_hours,pre_market,2026-09-18T23:05:03.291954+00:00,ticker_only,,,OBSERVED-NOW book scenario; fee/prices event-time,0.24499999999999744,0.0319175,,,,,,,,eligibility snapshot time unpublished,"sell: $25,000 exceeds visible top-of-book ($236) on ticker-only symbol; buy: no depth sample for this symbol/session"
rSCHD-2026-06-24-1,rSCHD,RSCHDUSDT,2026-06-24,open_0930,1000,0.2525,0.3,0.17675,32.04,31.74,13.516666666666667,0.0005,DOCUMENTED promotional 0.05% through 2026-08-31,after_hours,regular,2026-09-18T23:05:03.291954+00:00,ticker_only,2026-09-16T19:34:15.315933+00:00,ticker_only,OBSERVED-NOW book scenario; fee/prices event-time,0.3000000000000007,0.03189,,0.0001480823337776561,,,,,,eligibility snapshot time unpublished,"sell: $1,000 exceeds visible top-of-book ($236) on ticker-only symbol"
rSCHD-2026-06-24-1,rSCHD,RSCHDUSDT,2026-06-24,open_0930,5000,0.2525,0.3,0.17675,32.04,31.74,13.516666666666667,0.0005,DOCUMENTED promotional 0.05% through 2026-08-31,after_hours,regular,2026-09-18T23:05:03.291954+00:00,ticker_only,2026-09-16T19:34:15.315933+00:00,ticker_only,OBSERVED-NOW book scenario; fee/prices event-time,0.3000000000000007,0.03189,,0.0001480823337776561,,,,,,eligibility snapshot time unpublished,"sell: $5,000 exceeds visible top-of-book ($236) on ticker-only symbol"
rSCHD-2026-06-24-1,rSCHD,RSCHDUSDT,2026-06-24,open_0930,25000,0.2525,0.3,0.17675,32.04,31.74,13.516666666666667,0.0005,DOCUMENTED promotional 0.05% through 2026-08-31,after_hours,regular,2026-09-18T23:05:03.291954+00:00,ticker_only,2026-09-16T19:34:15.315933+00:00,ticker_only,OBSERVED-NOW book scenario; fee/prices event-time,0.3000000000000007,0.03189,,0.0001480823337776561,,,,,,eligibility snapshot time unpublished,"sell: $25,000 exceeds visible top-of-book ($236) on ticker-only symbol"
rSCHD-2026-06-24-1,rSCHD,RSCHDUSDT,2026-06-24,open_1000,1000,0.2525,0.3,0.17675,32.04,31.762,14.016666666666667,0.0005,DOCUMENTED promotional 0.05% through 2026-08-31,after_hours,regular,2026-09-18T23:05:03.291954+00:00,ticker_only,2026-09-16T19:34:15.315933+00:00,ticker_only,OBSERVED-NOW book scenario; fee/prices event-time,0.2779999999999987,0.031901,,0.0001480823337776561,,,,,,eligibility snapshot time unpublished,"sell: $1,000 exceeds visible top-of-book ($236) on ticker-only symbol"
rSCHD-2026-06-24-1,rSCHD,RSCHDUSDT,2026-06-24,open_1000,5000,0.2525,0.3,0.17675,32.04,31.762,14.016666666666667,0.0005,DOCUMENTED promotional 0.05% through 2026-08-31,after_hours,regular,2026-09-18T23:05:03.291954+00:00,ticker_only,2026-09-16T19:34:15.315933+00:00,ticker_only,OBSERVED-NOW book scenario; fee/prices event-time,0.2779999999999987,0.031901,,0.0001480823337776561,,,,,,eligibility snapshot time unpublished,"sell: $5,000 exceeds visible top-of-book ($236) on ticker-only symbol"
rSCHD-2026-06-24-1,rSCHD,RSCHDUSDT,2026-06-24,open_1000,25000,0.2525,0.3,0.17675,32.04,31.762,14.016666666666667,0.0005,DOCUMENTED promotional 0.05% through 2026-08-31,after_hours,regular,2026-09-18T23:05:03.291954+00:00,ticker_only,2026-09-16T19:34:15.315933+00:00,ticker_only,OBSERVED-NOW book scenario; fee/prices event-time,0.2779999999999987,0.031901,,0.0001480823337776561,,,,,,eligibility snapshot time unpublished,"sell: $25,000 exceeds visible top-of-book ($236) on ticker-only symbol"
rSCHD-2026-06-24-1,rSCHD,RSCHDUSDT,2026-06-24,close_1600,1000,0.2525,0.3,0.17675,32.04,31.705,20.016666666666666,0.0005,DOCUMENTED promotional 0.05% through 2026-08-31,after_hours,after_hours,2026-09-18T23:05:03.291954+00:00,ticker_only,2026-09-18T23:05:03.291954+00:00,ticker_only,OBSERVED-NOW book scenario; fee/prices event-time,0.33500000000000085,0.0318725,,0.0013319520497261554,,,,,,eligibility snapshot time unpublished,"sell: $1,000 exceeds visible top-of-book ($236) on ticker-only symbol"
rSCHD-2026-06-24-1,rSCHD,RSCHDUSDT,2026-06-24,close_1600,5000,0.2525,0.3,0.17675,32.04,31.705,20.016666666666666,0.0005,DOCUMENTED promotional 0.05% through 2026-08-31,after_hours,after_hours,2026-09-18T23:05:03.291954+00:00,ticker_only,2026-09-18T23:05:03.291954+00:00,ticker_only,OBSERVED-NOW book scenario; fee/prices event-time,0.33500000000000085,0.0318725,,,,,,,,eligibility snapshot time unpublished,"sell: $5,000 exceeds visible top-of-book ($236) on ticker-only symbol; buy: $5,000 exceeds visible top-of-book ($1,252) on ticker-only symbol"
rSCHD-2026-06-24-1,rSCHD,RSCHDUSDT,2026-06-24,close_1600,25000,0.2525,0.3,0.17675,32.04,31.705,20.016666666666666,0.0005,DOCUMENTED promotional 0.05% through 2026-08-31,after_hours,after_hours,2026-09-18T23:05:03.291954+00:00,ticker_only,2026-09-18T23:05:03.291954+00:00,ticker_only,OBSERVED-NOW book scenario; fee/prices event-time,0.33500000000000085,0.0318725,,,,,,,,eligibility snapshot time unpublished,"sell: $25,000 exceeds visible top-of-book ($236) on ticker-only symbol; buy: $25,000 exceeds visible top-of-book ($1,252) on ticker-only symbol"
rSGOV-2026-07-01-1,rSGOV,RSGOVUSDT,2026-07-01,overnight_2000,1000,0.295765,0.3,0.2070355,100.665,100.39,0.016666666666666666,0.0005,DOCUMENTED promotional 0.05% through 2026-08-31,after_hours,overnight,2026-09-18T23:05:03.291954+00:00,public_book,2026-09-19T03:05:03.356996+00:00,public_book,OBSERVED-NOW book scenario; fee/prices event-time,0.2750000000000057,0.1005275,0.000406809483053161,0.0005387394622062837,0.09503553122243527,0.1955630312224353,-0.12759853122242962,1.3612108641064198,-0.2927815179738093,eligibility snapshot time unpublished,
rSGOV-2026-07-01-1,rSGOV,RSGOVUSDT,2026-07-01,overnight_2000,5000,0.295765,0.3,0.2070355,100.665,100.39,0.016666666666666666,0.0005,DOCUMENTED promotional 0.05% through 2026-08-31,after_hours,overnight,2026-09-18T23:05:03.291954+00:00,public_book,2026-09-19T03:05:03.356996+00:00,public_book,OBSERVED-NOW book scenario; fee/prices event-time,0.2750000000000057,0.1005275,0.001406201257912687,0.0019696022553432613,0.33928362004169066,0.43981112004169065,-0.371846620041685,2.1870289589427103,-0.5378751414087213,eligibility snapshot time unpublished,
rSGOV-2026-07-01-1,rSGOV,RSGOVUSDT,2026-07-01,overnight_2000,25000,0.295765,0.3,0.2070355,100.665,100.39,0.016666666666666666,0.0005,DOCUMENTED promotional 0.05% through 2026-08-31,after_hours,overnight,2026-09-18T23:05:03.291954+00:00,public_book,2026-09-19T03:05:03.356996+00:00,public_book,OBSERVED-NOW book scenario; fee/prices event-time,0.2750000000000057,0.1005275,0.0035656916043583786,0.003955059366375524,0.7559887551431751,0.8565162551431751,-0.7885517551431694,3.595935134796798,-0.9637882896867211,eligibility snapshot time unpublished,
rSGOV-2026-07-01-1,rSGOV,RSGOVUSDT,2026-07-01,premarket_0400,1000,0.295765,0.3,0.2070355,100.665,100.395,8.016666666666667,0.0005,DOCUMENTED promotional 0.05% through 2026-08-31,after_hours,pre_market,2026-09-18T23:05:03.291954+00:00,public_book,,,OBSERVED-NOW book scenario; fee/prices event-time,0.27000000000001023,0.10053000000000001,0.000406809483053161,,,,,,,eligibility snapshot time unpublished,buy: no depth sample for this symbol/session
rSGOV-2026-07-01-1,rSGOV,RSGOVUSDT,2026-07-01,premarket_0400,5000,0.295765,0.3,0.2070355,100.665,100.395,8.016666666666667,0.0005,DOCUMENTED promotional 0.05% through 2026-08-31,after_hours,pre_market,2026-09-18T23:05:03.291954+00:00,public_book,,,OBSERVED-NOW book scenario; fee/prices event-time,0.27000000000001023,0.10053000000000001,0.001406201257912687,,,,,,,eligibility snapshot time unpublished,buy: no depth sample for this symbol/session
rSGOV-2026-07-01-1,rSGOV,RSGOVUSDT,2026-07-01,premarket_0400,25000,0.295765,0.3,0.2070355,100.665,100.395,8.016666666666667,0.0005,DOCUMENTED promotional 0.05% through 2026-08-31,after_hours,pre_market,2026-09-18T23:05:03.291954+00:00,public_book,,,OBSERVED-NOW book scenario; fee/prices event-time,0.27000000000001023,0.10053000000000001,0.0035656916043583786,,,,,,,eligibility snapshot time unpublished,buy: no depth sample for this symbol/session
rSGOV-2026-07-01-1,rSGOV,RSGOVUSDT,2026-07-01,open_0930,1000,0.295765,0.3,0.2070355,100.665,100.395,13.516666666666667,0.0005,DOCUMENTED promotional 0.05% through 2026-08-31,after_hours,regular,2026-09-18T23:05:03.291954+00:00,public_book,2026-09-16T19:34:15.315933+00:00,public_book,OBSERVED-NOW book scenario; fee/prices event-time,0.27000000000001023,0.10053000000000001,0.000406809483053161,0.0007192977958250246,0.1131653788233998,0.2136953788233998,-0.1507308788233896,1.422517467663178,-0.2830689163045333,eligibility snapshot time unpublished,
rSGOV-2026-07-01-1,rSGOV,RSGOVUSDT,2026-07-01,open_0930,5000,0.295765,0.3,0.2070355,100.665,100.395,13.516666666666667,0.0005,DOCUMENTED promotional 0.05% through 2026-08-31,after_hours,regular,2026-09-18T23:05:03.291954+00:00,public_book,2026-09-16T19:34:15.315933+00:00,public_book,OBSERVED-NOW book scenario; fee/prices event-time,0.27000000000001023,0.10053000000000001,0.001406201257912687,0.0013955956673150638,0.28166607664787646,0.38219607664787647,-0.3192315766478663,1.9922288866088838,-0.5563305485918311,eligibility snapshot time unpublished,
rSGOV-2026-07-01-1,rSGOV,RSGOVUSDT,2026-07-01,open_0930,25000,0.295765,0.3,0.2070355,100.665,100.395,13.516666666666667,0.0005,DOCUMENTED promotional 0.05% through 2026-08-31,after_hours,regular,2026-09-18T23:05:03.291954+00:00,public_book,2026-09-16T19:34:15.315933+00:00,public_book,OBSERVED-NOW book scenario; fee/prices event-time,0.27000000000001023,0.10053000000000001,0.0035656916043583786,0.003408095931560773,0.70109613640178,0.80162613640178,-0.7386616364017698,3.4103482034783696,-0.9942984239434173,eligibility snapshot time unpublished,
rSGOV-2026-07-01-1,rSGOV,RSGOVUSDT,2026-07-01,open_1000,1000,0.295765,0.3,0.2070355,100.665,100.395,14.016666666666667,0.0005,DOCUMENTED promotional 0.05% through 2026-08-31,after_hours,regular,2026-09-18T23:05:03.291954+00:00,public_book,2026-09-16T19:34:15.315933+00:00,public_book,OBSERVED-NOW book scenario; fee/prices event-time,0.27000000000001023,0.10053000000000001,0.000406809483053161,0.0007192977958250246,0.1131653788233998,0.2136953788233998,-0.1507308788233896,1.422517467663178,-0.2830689163045333,eligibility snapshot time unpublished,
rSGOV-2026-07-01-1,rSGOV,RSGOVUSDT,2026-07-01,open_1000,5000,0.295765,0.3,0.2070355,100.665,100.395,14.016666666666667,0.0005,DOCUMENTED promotional 0.05% through 2026-08-31,after_hours,regular,2026-09-18T23:05:03.291954+00:00,public_book,2026-09-16T19:34:15.315933+00:00,public_book,OBSERVED-NOW book scenario; fee/prices event-time,0.27000000000001023,0.10053000000000001,0.001406201257912687,0.0013955956673150638,0.28166607664787646,0.38219607664787647,-0.3192315766478663,1.9922288866088838,-0.5563305485918311,eligibility snapshot time unpublished,
rSGOV-2026-07-01-1,rSGOV,RSGOVUSDT,2026-07-01,open_1000,25000,0.295765,0.3,0.2070355,100.665,100.395,14.016666666666667,0.0005,DOCUMENTED promotional 0.05% through 2026-08-31,after_hours,regular,2026-09-18T23:05:03.291954+00:00,public_book,2026-09-16T19:34:15.315933+00:00,public_book,OBSERVED-NOW book scenario; fee/prices event-time,0.27000000000001023,0.10053000000000001,0.0035656916043583786,0.003408095931560773,0.70109613640178,0.80162613640178,-0.7386616364017698,3.4103482034783696,-0.9942984239434173,eligibility snapshot time unpublished,
rSGOV-2026-07-01-1,rSGOV,RSGOVUSDT,2026-07-01,close_1600,1000,0.295765,0.3,0.2070355,100.665,100.395,20.016666666666666,0.0005,DOCUMENTED promotional 0.05% through 2026-08-31,after_hours,after_hours,2026-09-18T23:05:03.291954+00:00,public_book,2026-09-18T23:05:03.291954+00:00,public_book,OBSERVED-NOW book scenario; fee/prices event-time,0.27000000000001023,0.10053000000000001,0.000406809483053161,0.0006123735984382428,0.10243072402675384,0.20296072402675386,-0.13999622402674364,1.3862229270764082,-0.265980726337918,eligibility snapshot time unpublished,
rSGOV-2026-07-01-1,rSGOV,RSGOVUSDT,2026-07-01,close_1600,5000,0.295765,0.3,0.2070355,100.665,100.395,20.016666666666666,0.0005,DOCUMENTED promotional 0.05% through 2026-08-31,after_hours,after_hours,2026-09-18T23:05:03.291954+00:00,public_book,2026-09-18T23:05:03.291954+00:00,public_book,OBSERVED-NOW book scenario; fee/prices event-time,0.27000000000001023,0.10053000000000001,0.001406201257912687,0.0019626261768341813,0.3385931046510483,0.4391231046510483,-0.3761586046510381,2.1847027357904025,-0.5022378393791673,eligibility snapshot time unpublished,
rSGOV-2026-07-01-1,rSGOV,RSGOVUSDT,2026-07-01,close_1600,25000,0.295765,0.3,0.2070355,100.665,100.395,20.016666666666666,0.0005,DOCUMENTED promotional 0.05% through 2026-08-31,after_hours,after_hours,2026-09-18T23:05:03.291954+00:00,public_book,2026-09-18T23:05:03.291954+00:00,public_book,OBSERVED-NOW book scenario; fee/prices event-time,0.27000000000001023,0.10053000000000001,0.0035656916043583786,0.003867734865557581,0.7472415871803896,0.8477715871803896,-0.7848070871803794,3.566368864403799,-0.9108176388609236,eligibility snapshot time unpublished,
rSATA-2026-07-08-1,rSATA,RSATAUSDT,2026-07-08,overnight_2000,1000,0.0493,0.3,0.03451,96.995,96.7,6.483333333333333,0.0005,DOCUMENTED promotional 0.05% through 2026-08-31,after_hours,overnight,2026-09-18T23:05:03.291954+00:00,ticker_only,2026-09-19T03:05:03.356996+00:00,ticker_only,OBSERVED-NOW book scenario; fee/prices event-time,0.2950000000000017,0.0968475,0.00014999250037498694,0.00014999250037498694,0.029052797360133095,0.12590029736013308,0.13458970263986864,3.253758567142659,-0.38639029736013486,eligibility snapshot time unpublished,
rSATA-2026-07-08-1,rSATA,RSATAUSDT,2026-07-08,overnight_2000,5000,0.0493,0.3,0.03451,96.995,96.7,6.483333333333333,0.0005,DOCUMENTED promotional 0.05% through 2026-08-31,after_hours,overnight,2026-09-18T23:05:03.291954+00:00,ticker_only,2026-09-19T03:05:03.356996+00:00,ticker_only,OBSERVED-NOW book scenario; fee/prices event-time,0.2950000000000017,0.0968475,0.00014999250037498694,,,,,,,eligibility snapshot time unpublished,"buy: $5,000 exceeds visible top-of-book ($2,500) on ticker-only symbol"
rSATA-2026-07-08-1,rSATA,RSATAUSDT,2026-07-08,overnight_2000,25000,0.0493,0.3,0.03451,96.995,96.7,6.483333333333333,0.0005,DOCUMENTED promotional 0.05% through 2026-08-31,after_hours,overnight,2026-09-18T23:05:03.291954+00:00,ticker_only,2026-09-19T03:05:03.356996+00:00,ticker_only,OBSERVED-NOW book scenario; fee/prices event-time,0.2950000000000017,0.0968475,,,,,,,,eligibility snapshot time unpublished,"sell: $25,000 exceeds visible top-of-book ($5,499) on ticker-only symbol; buy: $25,000 exceeds visible top-of-book ($2,500) on ticker-only symbol"
rSATA-2026-07-08-1,rSATA,RSATAUSDT,2026-07-08,premarket_0400,1000,0.0493,0.3,0.03451,96.995,96.501,8.083333333333334,0.0005,DOCUMENTED promotional 0.05% through 2026-08-31,after_hours,pre_market,2026-09-18T23:05:03.291954+00:00,ticker_only,,,OBSERVED-NOW book scenario; fee/prices event-time,0.4939999999999998,0.096748,0.00014999250037498694,,,,,,,eligibility snapshot time unpublished,buy: no depth sample for this symbol/session
rSATA-2026-07-08-1,rSATA,RSATAUSDT,2026-07-08,premarket_0400,5000,0.0493,0.3,0.03451,96.995,96.501,8.083333333333334,0.0005,DOCUMENTED promotional 0.05% through 2026-08-31,after_hours,pre_market,2026-09-18T23:05:03.291954+00:00,ticker_only,,,OBSERVED-NOW book scenario; fee/prices event-time,0.4939999999999998,0.096748,0.00014999250037498694,,,,,,,eligibility snapshot time unpublished,buy: no depth sample for this symbol/session
rSATA-2026-07-08-1,rSATA,RSATAUSDT,2026-07-08,premarket_0400,25000,0.0493,0.3,0.03451,96.995,96.501,8.083333333333334,0.0005,DOCUMENTED promotional 0.05% through 2026-08-31,after_hours,pre_market,2026-09-18T23:05:03.291954+00:00,ticker_only,,,OBSERVED-NOW book scenario; fee/prices event-time,0.4939999999999998,0.096748,,,,,,,,eligibility snapshot time unpublished,"sell: $25,000 exceeds visible top-of-book ($5,499) on ticker-only symbol; buy: no depth sample for this symbol/session"
rSATA-2026-07-08-1,rSATA,RSATAUSDT,2026-07-08,open_0930,1000,0.0493,0.3,0.03451,96.995,96.855,13.583333333333334,0.0005,DOCUMENTED promotional 0.05% through 2026-08-31,after_hours,regular,2026-09-18T23:05:03.291954+00:00,ticker_only,2026-09-16T19:34:15.315933+00:00,ticker_only,OBSERVED-NOW book scenario; fee/prices event-time,0.14000000000000057,0.09692500000000001,0.00014999250037498694,0.00020010005002497267,0.03392921291904059,0.1308542129190406,-0.02536421291904002,3.3542436697574156,-0.23634421291904115,eligibility snapshot time unpublished,
rSATA-2026-07-08-1,rSATA,RSATAUSDT,2026-07-08,open_0930,5000,0.0493,0.3,0.03451,96.995,96.855,13.583333333333334,0.0005,DOCUMENTED promotional 0.05% through 2026-08-31,after_hours,regular,2026-09-18T23:05:03.291954+00:00,ticker_only,2026-09-16T19:34:15.315933+00:00,ticker_only,OBSERVED-NOW book scenario; fee/prices event-time,0.14000000000000057,0.09692500000000001,0.00014999250037498694,0.00020010005002497267,0.03392921291904059,0.1308542129190406,-0.02536421291904002,3.3542436697574156,,eligibility snapshot time unpublished,
rSATA-2026-07-08-1,rSATA,RSATAUSDT,2026-07-08,open_0930,25000,0.0493,0.3,0.03451,96.995,96.855,13.583333333333334,0.0005,DOCUMENTED promotional 0.05% through 2026-08-31,after_hours,regular,2026-09-18T23:05:03.291954+00:00,ticker_only,2026-09-16T19:34:15.315933+00:00,ticker_only,OBSERVED-NOW book scenario; fee/prices event-time,0.14000000000000057,0.09692500000000001,,0.00020010005002497267,,,,,,eligibility snapshot time unpublished,"sell: $25,000 exceeds visible top-of-book ($5,499) on ticker-only symbol"
rSATA-2026-07-08-1,rSATA,RSATAUSDT,2026-07-08,open_1000,1000,0.0493,0.3,0.03451,96.995,96.779,14.083333333333334,0.0005,DOCUMENTED promotional 0.05% through 2026-08-31,after_hours,regular,2026-09-18T23:05:03.291954+00:00,ticker_only,2026-09-16T19:34:15.315933+00:00,ticker_only,OBSERVED-NOW book scenario; fee/prices event-time,0.21600000000000819,0.096887,0.00014999250037498694,0.00020010005002497267,0.033914005315238686,0.1308010053152387,0.050688994684769506,3.3531644080170118,-0.3122910053152469,eligibility snapshot time unpublished,
rSATA-2026-07-08-1,rSATA,RSATAUSDT,2026-07-08,open_1000,5000,0.0493,0.3,0.03451,96.995,96.779,14.083333333333334,0.0005,DOCUMENTED promotional 0.05% through 2026-08-31,after_hours,regular,2026-09-18T23:05:03.291954+00:00,ticker_only,2026-09-16T19:34:15.315933+00:00,ticker_only,OBSERVED-NOW book scenario; fee/prices event-time,0.21600000000000819,0.096887,0.00014999250037498694,0.00020010005002497267,0.033914005315238686,0.1308010053152387,0.050688994684769506,3.3531644080170118,,eligibility snapshot time unpublished,
rSATA-2026-07-08-1,rSATA,RSATAUSDT,2026-07-08,open_1000,25000,0.0493,0.3,0.03451,96.995,96.779,14.083333333333334,0.0005,DOCUMENTED promotional 0.05% through 2026-08-31,after_hours,regular,2026-09-18T23:05:03.291954+00:00,ticker_only,2026-09-16T19:34:15.315933+00:00,ticker_only,OBSERVED-NOW book scenario; fee/prices event-time,0.21600000000000819,0.096887,,0.00020010005002497267,,,,,,eligibility snapshot time unpublished,"sell: $25,000 exceeds visible top-of-book ($5,499) on ticker-only symbol"
rSATA-2026-07-08-1,rSATA,RSATAUSDT,2026-07-08,close_1600,1000,0.0493,0.3,0.03451,96.995,96.5,20.083333333333332,0.0005,DOCUMENTED promotional 0.05% through 2026-08-31,after_hours,after_hours,2026-09-18T23:05:03.291954+00:00,ticker_only,2026-09-18T23:05:03.291954+00:00,ticker_only,OBSERVED-NOW book scenario; fee/prices event-time,0.49500000000000455,0.0967475,0.00014999250037498694,0.00014999250037498694,0.029022798860058097,0.12577029886005808,0.3347197011399465,3.2511216807314014,-0.5862602988600627,eligibility snapshot time unpublished,
rSATA-2026-07-08-1,rSATA,RSATAUSDT,2026-07-08,close_1600,5000,0.0493,0.3,0.03451,96.995,96.5,20.083333333333332,0.0005,DOCUMENTED promotional 0.05% through 2026-08-31,after_hours,after_hours,2026-09-18T23:05:03.291954+00:00,ticker_only,2026-09-18T23:05:03.291954+00:00,ticker_only,OBSERVED-NOW book scenario; fee/prices event-time,0.49500000000000455,0.0967475,0.00014999250037498694,,,,,,,eligibility snapshot time unpublished,"buy: $5,000 exceeds visible top-of-book ($2,500) on ticker-only symbol"
rSATA-2026-07-08-1,rSATA,RSATAUSDT,2026-07-08,close_1600,25000,0.0493,0.3,0.03451,96.995,96.5,20.083333333333332,0.0005,DOCUMENTED promotional 0.05% through 2026-08-31,after_hours,after_hours,2026-09-18T23:05:03.291954+00:00,ticker_only,2026-09-18T23:05:03.291954+00:00,ticker_only,OBSERVED-NOW book scenario; fee/prices event-time,0.49500000000000455,0.0967475,,,,,,,,eligibility snapshot time unpublished,"sell: $25,000 exceeds visible top-of-book ($5,499) on ticker-only symbol; buy: $25,000 exceeds visible top-of-book ($2,500) on ticker-only symbol"
rSATA-2026-07-09-1,rSATA,RSATAUSDT,2026-07-09,overnight_2000,1000,0.0493,0.3,0.03451,96.21,96.96,4.283333333333333,0.0005,DOCUMENTED promotional 0.05% through 2026-08-31,after_hours,overnight,2026-09-18T23:05:03.291954+00:00,ticker_only,2026-09-19T03:05:03.356996+00:00,ticker_only,OBSERVED-NOW book scenario; fee/prices event-time,-0.75,0.09658499999999999,0.00014999250037498694,0.00014999250037498694,0.028974051297436222,0.12555905129743622,-0.9100690512974363,3.2468367403131078,0.6589509487025638,eligibility snapshot time unpublished,
rSATA-2026-07-09-1,rSATA,RSATAUSDT,2026-07-09,overnight_2000,5000,0.0493,0.3,0.03451,96.21,96.96,4.283333333333333,0.0005,DOCUMENTED promotional 0.05% through 2026-08-31,after_hours,overnight,2026-09-18T23:05:03.291954+00:00,ticker_only,2026-09-19T03:05:03.356996+00:00,ticker_only,OBSERVED-NOW book scenario; fee/prices event-time,-0.75,0.09658499999999999,0.00014999250037498694,,,,,,,eligibility snapshot time unpublished,"buy: $5,000 exceeds visible top-of-book ($2,500) on ticker-only symbol"
rSATA-2026-07-09-1,rSATA,RSATAUSDT,2026-07-09,overnight_2000,25000,0.0493,0.3,0.03451,96.21,96.96,4.283333333333333,0.0005,DOCUMENTED promotional 0.05% through 2026-08-31,after_hours,overnight,2026-09-18T23:05:03.291954+00:00,ticker_only,2026-09-19T03:05:03.356996+00:00,ticker_only,OBSERVED-NOW book scenario; fee/prices event-time,-0.75,0.09658499999999999,,,,,,,,eligibility snapshot time unpublished,"sell: $25,000 exceeds visible top-of-book ($5,499) on ticker-only symbol; buy: $25,000 exceeds visible top-of-book ($2,500) on ticker-only symbol"
rSATA-2026-07-09-1,rSATA,RSATAUSDT,2026-07-09,premarket_0400,1000,0.0493,0.3,0.03451,96.21,96.21,8.033333333333333,0.0005,DOCUMENTED promotional 0.05% through 2026-08-31,after_hours,pre_market,2026-09-18T23:05:03.291954+00:00,ticker_only,,,OBSERVED-NOW book scenario; fee/prices event-time,0.0,0.09620999999999999,0.00014999250037498694,,,,,,,eligibility snapshot time unpublished,buy: no depth sample for this symbol/session
rSATA-2026-07-09-1,rSATA,RSATAUSDT,2026-07-09,premarket_0400,5000,0.0493,0.3,0.03451,96.21,96.21,8.033333333333333,0.0005,DOCUMENTED promotional 0.05% through 2026-08-31,after_hours,pre_market,2026-09-18T23:05:03.291954+00:00,ticker_only,,,OBSERVED-NOW book scenario; fee/prices event-time,0.0,0.09620999999999999,0.00014999250037498694,,,,,,,eligibility snapshot time unpublished,buy: no depth sample for this symbol/session
rSATA-2026-07-09-1,rSATA,RSATAUSDT,2026-07-09,premarket_0400,25000,0.0493,0.3,0.03451,96.21,96.21,8.033333333333333,0.0005,DOCUMENTED promotional 0.05% through 2026-08-31,after_hours,pre_market,2026-09-18T23:05:03.291954+00:00,ticker_only,,,OBSERVED-NOW book scenario; fee/prices event-time,0.0,0.09620999999999999,,,,,,,,eligibility snapshot time unpublished,"sell: $25,000 exceeds visible top-of-book ($5,499) on ticker-only symbol; buy: no depth sample for this symbol/session"
rSATA-2026-07-09-1,rSATA,RSATAUSDT,2026-07-09,open_0930,1000,0.0493,0.3,0.03451,96.21,97.274,13.533333333333333,0.0005,DOCUMENTED promotional 0.05% through 2026-08-31,after_hours,regular,2026-09-18T23:05:03.291954+00:00,ticker_only,2026-09-16T19:34:15.315933+00:00,ticker_only,OBSERVED-NOW book scenario; fee/prices event-time,-1.0640000000000072,0.096742,0.00014999250037498694,0.00020010005002497267,0.03389531072720668,0.1306373107272067,-1.229147310727214,3.3498440309778235,0.9678726892728007,eligibility snapshot time unpublished,
rSATA-2026-07-09-1,rSATA,RSATAUSDT,2026-07-09,open_0930,5000,0.0493,0.3,0.03451,96.21,97.274,13.533333333333333,0.0005,DOCUMENTED promotional 0.05% through 2026-08-31,after_hours,regular,2026-09-18T23:05:03.291954+00:00,ticker_only,2026-09-16T19:34:15.315933+00:00,ticker_only,OBSERVED-NOW book scenario; fee/prices event-time,-1.0640000000000072,0.096742,0.00014999250037498694,0.00020010005002497267,0.03389531072720668,0.1306373107272067,-1.229147310727214,3.3498440309778235,,eligibility snapshot time unpublished,
rSATA-2026-07-09-1,rSATA,RSATAUSDT,2026-07-09,open_0930,25000,0.0493,0.3,0.03451,96.21,97.274,13.533333333333333,0.0005,DOCUMENTED promotional 0.05% through 2026-08-31,after_hours,regular,2026-09-18T23:05:03.291954+00:00,ticker_only,2026-09-16T19:34:15.315933+00:00,ticker_only,OBSERVED-NOW book scenario; fee/prices event-time,-1.0640000000000072,0.096742,,0.00020010005002497267,,,,,,eligibility snapshot time unpublished,"sell: $25,000 exceeds visible top-of-book ($5,499) on ticker-only symbol"
rSATA-2026-07-09-1,rSATA,RSATAUSDT,2026-07-09,open_1000,1000,0.0493,0.3,0.03451,96.21,96.746,14.033333333333333,0.0005,DOCUMENTED promotional 0.05% through 2026-08-31,after_hours,regular,2026-09-18T23:05:03.291954+00:00,ticker_only,2026-09-16T19:34:15.315933+00:00,ticker_only,OBSERVED-NOW book scenario; fee/prices event-time,-0.5360000000000014,0.096478,0.00014999250037498694,0.00020010005002497267,0.033789657900793496,0.13026765790079348,-0.7007776579007949,3.342346002044492,0.4402423420992079,eligibility snapshot time unpublished,
rSATA-2026-07-09-1,rSATA,RSATAUSDT,2026-07-09,open_1000,5000,0.0493,0.3,0.03451,96.21,96.746,14.033333333333333,0.0005,DOCUMENTED promotional 0.05% through 2026-08-31,after_hours,regular,2026-09-18T23:05:03.291954+00:00,ticker_only,2026-09-16T19:34:15.315933+00:00,ticker_only,OBSERVED-NOW book scenario; fee/prices event-time,-0.5360000000000014,0.096478,0.00014999250037498694,0.00020010005002497267,0.033789657900793496,0.13026765790079348,-0.7007776579007949,3.342346002044492,,eligibility snapshot time unpublished,
rSATA-2026-07-09-1,rSATA,RSATAUSDT,2026-07-09,open_1000,25000,0.0493,0.3,0.03451,96.21,96.746,14.033333333333333,0.0005,DOCUMENTED promotional 0.05% through 2026-08-31,after_hours,regular,2026-09-18T23:05:03.291954+00:00,ticker_only,2026-09-16T19:34:15.315933+00:00,ticker_only,OBSERVED-NOW book scenario; fee/prices event-time,-0.5360000000000014,0.096478,,0.00020010005002497267,,,,,,eligibility snapshot time unpublished,"sell: $25,000 exceeds visible top-of-book ($5,499) on ticker-only symbol"
rSATA-2026-07-09-1,rSATA,RSATAUSDT,2026-07-09,close_1600,1000,0.0493,0.3,0.03451,96.21,97.2,20.033333333333335,0.0005,DOCUMENTED promotional 0.05% through 2026-08-31,after_hours,after_hours,2026-09-18T23:05:03.291954+00:00,ticker_only,2026-09-18T23:05:03.291954+00:00,ticker_only,OBSERVED-NOW book scenario; fee/prices event-time,-0.9900000000000091,0.096705,0.00014999250037498694,0.00014999250037498694,0.029010049497526225,0.1257150494975262,-1.1502250494975352,3.250001004006617,0.8987949505024828,eligibility snapshot time unpublished,
rSATA-2026-07-09-1,rSATA,RSATAUSDT,2026-07-09,close_1600,5000,0.0493,0.3,0.03451,96.21,97.2,20.033333333333335,0.0005,DOCUMENTED promotional 0.05% through 2026-08-31,after_hours,after_hours,2026-09-18T23:05:03.291954+00:00,ticker_only,2026-09-18T23:05:03.291954+00:00,ticker_only,OBSERVED-NOW book scenario; fee/prices event-time,-0.9900000000000091,0.096705,0.00014999250037498694,,,,,,,eligibility snapshot time unpublished,"buy: $5,000 exceeds visible top-of-book ($2,500) on ticker-only symbol"
rSATA-2026-07-09-1,rSATA,RSATAUSDT,2026-07-09,close_1600,25000,0.0493,0.3,0.03451,96.21,97.2,20.033333333333335,0.0005,DOCUMENTED promotional 0.05% through 2026-08-31,after_hours,after_hours,2026-09-18T23:05:03.291954+00:00,ticker_only,2026-09-18T23:05:03.291954+00:00,ticker_only,OBSERVED-NOW book scenario; fee/prices event-time,-0.9900000000000091,0.096705,,,,,,,,eligibility snapshot time unpublished,"sell: $25,000 exceeds visible top-of-book ($5,499) on ticker-only symbol; buy: $25,000 exceeds visible top-of-book ($2,500) on ticker-only symbol"
rSATA-2026-07-10-1,rSATA,RSATAUSDT,2026-07-10,overnight_2000,1000,0.0493,0.3,0.03451,97.195,99.98,0.03333333333333333,0.0005,DOCUMENTED promotional 0.05% through 2026-08-31,after_hours,overnight,2026-09-18T23:05:03.291954+00:00,ticker_only,2026-09-19T03:05:03.356996+00:00,ticker_only,OBSERVED-NOW book scenario; fee/prices event-time,-2.785000000000011,0.09858750000000001,0.00014999250037498694,0.00014999250037498694,0.02957477126143805,0.12816227126143806,-2.9476722712614487,3.299640390698541,2.691347728738573,eligibility snapshot time unpublished,
rSATA-2026-07-10-1,rSATA,RSATAUSDT,2026-07-10,overnight_2000,5000,0.0493,0.3,0.03451,97.195,99.98,0.03333333333333333,0.0005,DOCUMENTED promotional 0.05% through 2026-08-31,after_hours,overnight,2026-09-18T23:05:03.291954+00:00,ticker_only,2026-09-19T03:05:03.356996+00:00,ticker_only,OBSERVED-NOW book scenario; fee/prices event-time,-2.785000000000011,0.09858750000000001,0.00014999250037498694,,,,,,,eligibility snapshot time unpublished,"buy: $5,000 exceeds visible top-of-book ($2,500) on ticker-only symbol"
rSATA-2026-07-10-1,rSATA,RSATAUSDT,2026-07-10,overnight_2000,25000,0.0493,0.3,0.03451,97.195,99.98,0.03333333333333333,0.0005,DOCUMENTED promotional 0.05% through 2026-08-31,after_hours,overnight,2026-09-18T23:05:03.291954+00:00,ticker_only,2026-09-19T03:05:03.356996+00:00,ticker_only,OBSERVED-NOW book scenario; fee/prices event-time,-2.785000000000011,0.09858750000000001,,,,,,,,eligibility snapshot time unpublished,"sell: $25,000 exceeds visible top-of-book ($5,499) on ticker-only symbol; buy: $25,000 exceeds visible top-of-book ($2,500) on ticker-only symbol"
rSATA-2026-07-10-1,rSATA,RSATAUSDT,2026-07-10,premarket_0400,1000,0.0493,0.3,0.03451,97.195,97.195,8.033333333333333,0.0005,DOCUMENTED promotional 0.05% through 2026-08-31,after_hours,pre_market,2026-09-18T23:05:03.291954+00:00,ticker_only,,,OBSERVED-NOW book scenario; fee/prices event-time,0.0,0.09719499999999999,0.00014999250037498694,,,,,,,eligibility snapshot time unpublished,buy: no depth sample for this symbol/session
rSATA-2026-07-10-1,rSATA,RSATAUSDT,2026-07-10,premarket_0400,5000,0.0493,0.3,0.03451,97.195,97.195,8.033333333333333,0.0005,DOCUMENTED promotional 0.05% through 2026-08-31,after_hours,pre_market,2026-09-18T23:05:03.291954+00:00,ticker_only,,,OBSERVED-NOW book scenario; fee/prices event-time,0.0,0.09719499999999999,0.00014999250037498694,,,,,,,eligibility snapshot time unpublished,buy: no depth sample for this symbol/session
rSATA-2026-07-10-1,rSATA,RSATAUSDT,2026-07-10,premarket_0400,25000,0.0493,0.3,0.03451,97.195,97.195,8.033333333333333,0.0005,DOCUMENTED promotional 0.05% through 2026-08-31,after_hours,pre_market,2026-09-18T23:05:03.291954+00:00,ticker_only,,,OBSERVED-NOW book scenario; fee/prices event-time,0.0,0.09719499999999999,,,,,,,,eligibility snapshot time unpublished,"sell: $25,000 exceeds visible top-of-book ($5,499) on ticker-only symbol; buy: no depth sample for this symbol/session"
rSATA-2026-07-10-1,rSATA,RSATAUSDT,2026-07-10,open_0930,1000,0.0493,0.3,0.03451,97.195,97.313,13.533333333333333,0.0005,DOCUMENTED promotional 0.05% through 2026-08-31,after_hours,regular,2026-09-18T23:05:03.291954+00:00,ticker_only,2026-09-16T19:34:15.315933+00:00,ticker_only,OBSERVED-NOW book scenario; fee/prices event-time,-0.11800000000000921,0.097254,0.00014999250037498694,0.00020010005002497267,0.03405085724202702,0.131304857242027,-0.2838148572420362,3.3633845282358417,0.02120514275798218,eligibility snapshot time unpublished,
rSATA-2026-07-10-1,rSATA,RSATAUSDT,2026-07-10,open_0930,5000,0.0493,0.3,0.03451,97.195,97.313,13.533333333333333,0.0005,DOCUMENTED promotional 0.05% through 2026-08-31,after_hours,regular,2026-09-18T23:05:03.291954+00:00,ticker_only,2026-09-16T19:34:15.315933+00:00,ticker_only,OBSERVED-NOW book scenario; fee/prices event-time,-0.11800000000000921,0.097254,0.00014999250037498694,0.00020010005002497267,0.03405085724202702,0.131304857242027,-0.2838148572420362,3.3633845282358417,,eligibility snapshot time unpublished,
rSATA-2026-07-10-1,rSATA,RSATAUSDT,2026-07-10,open_0930,25000,0.0493,0.3,0.03451,97.195,97.313,13.533333333333333,0.0005,DOCUMENTED promotional 0.05% through 2026-08-31,after_hours,regular,2026-09-18T23:05:03.291954+00:00,ticker_only,2026-09-16T19:34:15.315933+00:00,ticker_only,OBSERVED-NOW book scenario; fee/prices event-time,-0.11800000000000921,0.097254,,0.00020010005002497267,,,,,,eligibility snapshot time unpublished,"sell: $25,000 exceeds visible top-of-book ($5,499) on ticker-only symbol"
rSATA-2026-07-10-1,rSATA,RSATAUSDT,2026-07-10,open_1000,1000,0.0493,0.3,0.03451,97.195,96.882,14.033333333333333,0.0005,DOCUMENTED promotional 0.05% through 2026-08-31,after_hours,regular,2026-09-18T23:05:03.291954+00:00,ticker_only,2026-09-16T19:34:15.315933+00:00,ticker_only,OBSERVED-NOW book scenario; fee/prices event-time,0.3129999999999882,0.0970385,0.00014999250037498694,0.00020010005002497267,0.03396461412046626,0.13100311412046625,0.14748688587952194,3.3572639781027642,-0.4094931141204544,eligibility snapshot time unpublished,
rSATA-2026-07-10-1,rSATA,RSATAUSDT,2026-07-10,open_1000,5000,0.0493,0.3,0.03451,97.195,96.882,14.033333333333333,0.0005,DOCUMENTED promotional 0.05% through 2026-08-31,after_hours,regular,2026-09-18T23:05:03.291954+00:00,ticker_only,2026-09-16T19:34:15.315933+00:00,ticker_only,OBSERVED-NOW book scenario; fee/prices event-time,0.3129999999999882,0.0970385,0.00014999250037498694,0.00020010005002497267,0.03396461412046626,0.13100311412046625,0.14748688587952194,3.3572639781027642,,eligibility snapshot time unpublished,
rSATA-2026-07-10-1,rSATA,RSATAUSDT,2026-07-10,open_1000,25000,0.0493,0.3,0.03451,97.195,96.882,14.033333333333333,0.0005,DOCUMENTED promotional 0.05% through 2026-08-31,after_hours,regular,2026-09-18T23:05:03.291954+00:00,ticker_only,2026-09-16T19:34:15.315933+00:00,ticker_only,OBSERVED-NOW book scenario; fee/prices event-time,0.3129999999999882,0.0970385,,0.00020010005002497267,,,,,,eligibility snapshot time unpublished,"sell: $25,000 exceeds visible top-of-book ($5,499) on ticker-only symbol"
rSATA-2026-07-10-1,rSATA,RSATAUSDT,2026-07-10,close_1600,1000,0.0493,0.3,0.03451,97.195,97.499,20.033333333333335,0.0005,DOCUMENTED promotional 0.05% through 2026-08-31,after_hours,after_hours,2026-09-18T23:05:03.291954+00:00,ticker_only,2026-09-18T23:05:03.291954+00:00,ticker_only,OBSERVED-NOW book scenario; fee/prices event-time,-0.30400000000000205,0.097347,0.00014999250037498694,0.00014999250037498694,0.029202639868007703,0.1265496398680077,-0.46505963986800974,3.2669298147668906,0.21196036013199432,eligibility snapshot time unpublished,
rSATA-2026-07-10-1,rSATA,RSATAUSDT,2026-07-10,close_1600,5000,0.0493,0.3,0.03451,97.195,97.499,20.033333333333335,0.0005,DOCUMENTED promotional 0.05% through 2026-08-31,after_hours,after_hours,2026-09-18T23:05:03.291954+00:00,ticker_only,2026-09-18T23:05:03.291954+00:00,ticker_only,OBSERVED-NOW book scenario; fee/prices event-time,-0.30400000000000205,0.097347,0.00014999250037498694,,,,,,,eligibility snapshot time unpublished,"buy: $5,000 exceeds visible top-of-book ($2,500) on ticker-only symbol"
rSATA-2026-07-10-1,rSATA,RSATAUSDT,2026-07-10,close_1600,25000,0.0493,0.3,0.03451,97.195,97.499,20.033333333333335,0.0005,DOCUMENTED promotional 0.05% through 2026-08-31,after_hours,after_hours,2026-09-18T23:05:03.291954+00:00,ticker_only,2026-09-18T23:05:03.291954+00:00,ticker_only,OBSERVED-NOW book scenario; fee/prices event-time,-0.30400000000000205,0.097347,,,,,,,,eligibility snapshot time unpublished,"sell: $25,000 exceeds visible top-of-book ($5,499) on ticker-only symbol; buy: $25,000 exceeds visible top-of-book ($2,500) on ticker-only symbol"
rSATA-2026-07-13-1,rSATA,RSATAUSDT,2026-07-13,overnight_2000,1000,0.0493,0.3,0.03451,97.54,97.543,0.5333333333333333,0.0005,DOCUMENTED promotional 0.05% through 2026-08-31,after_hours,overnight,2026-09-18T23:05:03.291954+00:00,ticker_only,2026-09-19T03:05:03.356996+00:00,ticker_only,OBSERVED-NOW book scenario; fee/prices event-time,-0.0030000000000001137,0.09754150000000002,0.00014999250037498694,0.00014999250037498694,0.02926098695065358,0.1268024869506536,-0.1643124869506537,3.272058558836787,-0.08929248695065348,eligibility snapshot time unpublished,
rSATA-2026-07-13-1,rSATA,RSATAUSDT,2026-07-13,overnight_2000,5000,0.0493,0.3,0.03451,97.54,97.543,0.5333333333333333,0.0005,DOCUMENTED promotional 0.05% through 2026-08-31,after_hours,overnight,2026-09-18T23:05:03.291954+00:00,ticker_only,2026-09-19T03:05:03.356996+00:00,ticker_only,OBSERVED-NOW book scenario; fee/prices event-time,-0.0030000000000001137,0.09754150000000002,0.00014999250037498694,,,,,,,eligibility snapshot time unpublished,"buy: $5,000 exceeds visible top-of-book ($2,500) on ticker-only symbol"
rSATA-2026-07-13-1,rSATA,RSATAUSDT,2026-07-13,overnight_2000,25000,0.0493,0.3,0.03451,97.54,97.543,0.5333333333333333,0.0005,DOCUMENTED promotional 0.05% through 2026-08-31,after_hours,overnight,2026-09-18T23:05:03.291954+00:00,ticker_only,2026-09-19T03:05:03.356996+00:00,ticker_only,OBSERVED-NOW book scenario; fee/prices event-time,-0.0030000000000001137,0.09754150000000002,,,,,,,,eligibility snapshot time unpublished,"sell: $25,000 exceeds visible top-of-book ($5,499) on ticker-only symbol; buy: $25,000 exceeds visible top-of-book ($2,500) on ticker-only symbol"
rSATA-2026-07-13-1,rSATA,RSATAUSDT,2026-07-13,premarket_0400,1000,0.0493,0.3,0.03451,97.54,97.545,56.53333333333333,0.0005,DOCUMENTED promotional 0.05% through 2026-08-31,after_hours,pre_market,2026-09-18T23:05:03.291954+00:00,ticker_only,,,OBSERVED-NOW book scenario; fee/prices event-time,-0.0049999999999954525,0.0975425,0.00014999250037498694,,,,,,,eligibility snapshot time unpublished,buy: no depth sample for this symbol/session
rSATA-2026-07-13-1,rSATA,RSATAUSDT,2026-07-13,premarket_0400,5000,0.0493,0.3,0.03451,97.54,97.545,56.53333333333333,0.0005,DOCUMENTED promotional 0.05% through 2026-08-31,after_hours,pre_market,2026-09-18T23:05:03.291954+00:00,ticker_only,,,OBSERVED-NOW book scenario; fee/prices event-time,-0.0049999999999954525,0.0975425,0.00014999250037498694,,,,,,,eligibility snapshot time unpublished,buy: no depth sample for this symbol/session
rSATA-2026-07-13-1,rSATA,RSATAUSDT,2026-07-13,premarket_0400,25000,0.0493,0.3,0.03451,97.54,97.545,56.53333333333333,0.0005,DOCUMENTED promotional 0.05% through 2026-08-31,after_hours,pre_market,2026-09-18T23:05:03.291954+00:00,ticker_only,,,OBSERVED-NOW book scenario; fee/prices event-time,-0.0049999999999954525,0.0975425,,,,,,,,eligibility snapshot time unpublished,"sell: $25,000 exceeds visible top-of-book ($5,499) on ticker-only symbol; buy: no depth sample for this symbol/session"
rSATA-2026-07-13-1,rSATA,RSATAUSDT,2026-07-13,open_0930,1000,0.0493,0.3,0.03451,97.54,96.645,62.03333333333333,0.0005,DOCUMENTED promotional 0.05% through 2026-08-31,after_hours,regular,2026-09-18T23:05:03.291954+00:00,ticker_only,2026-09-16T19:34:15.315933+00:00,ticker_only,OBSERVED-NOW book scenario; fee/prices event-time,0.8950000000000102,0.0970925,0.00014999250037498694,0.00020010005002497267,0.03396893782123971,0.13106143782123972,0.7294285621787705,3.3584470146296095,-0.9915514378212499,eligibility snapshot time unpublished,
rSATA-2026-07-13-1,rSATA,RSATAUSDT,2026-07-13,open_0930,5000,0.0493,0.3,0.03451,97.54,96.645,62.03333333333333,0.0005,DOCUMENTED promotional 0.05% through 2026-08-31,after_hours,regular,2026-09-18T23:05:03.291954+00:00,ticker_only,2026-09-16T19:34:15.315933+00:00,ticker_only,OBSERVED-NOW book scenario; fee/prices event-time,0.8950000000000102,0.0970925,0.00014999250037498694,0.00020010005002497267,0.03396893782123971,0.13106143782123972,0.7294285621787705,3.3584470146296095,,eligibility snapshot time unpublished,
rSATA-2026-07-13-1,rSATA,RSATAUSDT,2026-07-13,open_0930,25000,0.0493,0.3,0.03451,97.54,96.645,62.03333333333333,0.0005,DOCUMENTED promotional 0.05% through 2026-08-31,after_hours,regular,2026-09-18T23:05:03.291954+00:00,ticker_only,2026-09-16T19:34:15.315933+00:00,ticker_only,OBSERVED-NOW book scenario; fee/prices event-time,0.8950000000000102,0.0970925,,0.00020010005002497267,,,,,,eligibility snapshot time unpublished,"sell: $25,000 exceeds visible top-of-book ($5,499) on ticker-only symbol"
rSATA-2026-07-13-1,rSATA,RSATAUSDT,2026-07-13,open_1000,1000,0.0493,0.3,0.03451,97.54,96.945,62.53333333333333,0.0005,DOCUMENTED promotional 0.05% through 2026-08-31,after_hours,regular,2026-09-18T23:05:03.291954+00:00,ticker_only,2026-09-16T19:34:15.315933+00:00,ticker_only,OBSERVED-NOW book scenario; fee/prices event-time,0.5950000000000131,0.09724250000000001,0.00014999250037498694,0.00020010005002497267,0.034028967836247204,0.1312714678362472,0.4292185321637658,3.3627072583417283,-0.6917614678362602,eligibility snapshot time unpublished,
rSATA-2026-07-13-1,rSATA,RSATAUSDT,2026-07-13,open_1000,5000,0.0493,0.3,0.03451,97.54,96.945,62.53333333333333,0.0005,DOCUMENTED promotional 0.05% through 2026-08-31,after_hours,regular,2026-09-18T23:05:03.291954+00:00,ticker_only,2026-09-16T19:34:15.315933+00:00,ticker_only,OBSERVED-NOW book scenario; fee/prices event-time,0.5950000000000131,0.09724250000000001,0.00014999250037498694,0.00020010005002497267,0.034028967836247204,0.1312714678362472,0.4292185321637658,3.3627072583417283,,eligibility snapshot time unpublished,
rSATA-2026-07-13-1,rSATA,RSATAUSDT,2026-07-13,open_1000,25000,0.0493,0.3,0.03451,97.54,96.945,62.53333333333333,0.0005,DOCUMENTED promotional 0.05% through 2026-08-31,after_hours,regular,2026-09-18T23:05:03.291954+00:00,ticker_only,2026-09-16T19:34:15.315933+00:00,ticker_only,OBSERVED-NOW book scenario; fee/prices event-time,0.5950000000000131,0.09724250000000001,,0.00020010005002497267,,,,,,eligibility snapshot time unpublished,"sell: $25,000 exceeds visible top-of-book ($5,499) on ticker-only symbol"
rSATA-2026-07-13-1,rSATA,RSATAUSDT,2026-07-13,close_1600,1000,0.0493,0.3,0.03451,97.54,96.801,68.53333333333333,0.0005,DOCUMENTED promotional 0.05% through 2026-08-31,after_hours,after_hours,2026-09-18T23:05:03.291954+00:00,ticker_only,2026-09-18T23:05:03.291954+00:00,ticker_only,OBSERVED-NOW book scenario; fee/prices event-time,0.7390000000000043,0.0971705,0.00014999250037498694,0.00014999250037498694,0.029149692515375338,0.12632019251537535,0.5781698074846289,3.2622757102510214,-0.8308101925153797,eligibility snapshot time unpublished,
rSATA-2026-07-13-1,rSATA,RSATAUSDT,2026-07-13,close_1600,5000,0.0493,0.3,0.03451,97.54,96.801,68.53333333333333,0.0005,DOCUMENTED promotional 0.05% through 2026-08-31,after_hours,after_hours,2026-09-18T23:05:03.291954+00:00,ticker_only,2026-09-18T23:05:03.291954+00:00,ticker_only,OBSERVED-NOW book scenario; fee/prices event-time,0.7390000000000043,0.0971705,0.00014999250037498694,,,,,,,eligibility snapshot time unpublished,"buy: $5,000 exceeds visible top-of-book ($2,500) on ticker-only symbol"
rSATA-2026-07-13-1,rSATA,RSATAUSDT,2026-07-13,close_1600,25000,0.0493,0.3,0.03451,97.54,96.801,68.53333333333333,0.0005,DOCUMENTED promotional 0.05% through 2026-08-31,after_hours,after_hours,2026-09-18T23:05:03.291954+00:00,ticker_only,2026-09-18T23:05:03.291954+00:00,ticker_only,OBSERVED-NOW book scenario; fee/prices event-time,0.7390000000000043,0.0971705,,,,,,,,eligibility snapshot time unpublished,"sell: $25,000 exceeds visible top-of-book ($5,499) on ticker-only symbol; buy: $25,000 exceeds visible top-of-book ($2,500) on ticker-only symbol"
rSATA-2026-07-14-1,rSATA,RSATAUSDT,2026-07-14,overnight_2000,1000,0.0493,0.3,0.03451,96.74,96.98,1.0666666666666667,0.0005,DOCUMENTED promotional 0.05% through 2026-08-31,after_hours,overnight,2026-09-18T23:05:03.291954+00:00,ticker_only,2026-09-19T03:05:03.356996+00:00,ticker_only,OBSERVED-NOW book scenario; fee/prices event-time,-0.2400000000000091,0.09686,0.00014999250037498694,0.00014999250037498694,0.029056547172642472,0.12591654717264247,-0.4004265471726516,3.254088177944067,0.1485934528273666,eligibility snapshot time unpublished,
rSATA-2026-07-14-1,rSATA,RSATAUSDT,2026-07-14,overnight_2000,5000,0.0493,0.3,0.03451,96.74,96.98,1.0666666666666667,0.0005,DOCUMENTED promotional 0.05% through 2026-08-31,after_hours,overnight,2026-09-18T23:05:03.291954+00:00,ticker_only,2026-09-19T03:05:03.356996+00:00,ticker_only,OBSERVED-NOW book scenario; fee/prices event-time,-0.2400000000000091,0.09686,0.00014999250037498694,,,,,,,eligibility snapshot time unpublished,"buy: $5,000 exceeds visible top-of-book ($2,500) on ticker-only symbol"
rSATA-2026-07-14-1,rSATA,RSATAUSDT,2026-07-14,overnight_2000,25000,0.0493,0.3,0.03451,96.74,96.98,1.0666666666666667,0.0005,DOCUMENTED promotional 0.05% through 2026-08-31,after_hours,overnight,2026-09-18T23:05:03.291954+00:00,ticker_only,2026-09-19T03:05:03.356996+00:00,ticker_only,OBSERVED-NOW book scenario; fee/prices event-time,-0.2400000000000091,0.09686,,,,,,,,eligibility snapshot time unpublished,"sell: $25,000 exceeds visible top-of-book ($5,499) on ticker-only symbol; buy: $25,000 exceeds visible top-of-book ($2,500) on ticker-only symbol"
rSATA-2026-07-14-1,rSATA,RSATAUSDT,2026-07-14,premarket_0400,1000,0.0493,0.3,0.03451,96.74,96.75,8.05,0.0005,DOCUMENTED promotional 0.05% through 2026-08-31,after_hours,pre_market,2026-09-18T23:05:03.291954+00:00,ticker_only,,,OBSERVED-NOW book scenario; fee/prices event-time,-0.010000000000005116,0.09674500000000001,0.00014999250037498694,,,,,,,eligibility snapshot time unpublished,buy: no depth sample for this symbol/session
rSATA-2026-07-14-1,rSATA,RSATAUSDT,2026-07-14,premarket_0400,5000,0.0493,0.3,0.03451,96.74,96.75,8.05,0.0005,DOCUMENTED promotional 0.05% through 2026-08-31,after_hours,pre_market,2026-09-18T23:05:03.291954+00:00,ticker_only,,,OBSERVED-NOW book scenario; fee/prices event-time,-0.010000000000005116,0.09674500000000001,0.00014999250037498694,,,,,,,eligibility snapshot time unpublished,buy: no depth sample for this symbol/session
rSATA-2026-07-14-1,rSATA,RSATAUSDT,2026-07-14,premarket_0400,25000,0.0493,0.3,0.03451,96.74,96.75,8.05,0.0005,DOCUMENTED promotional 0.05% through 2026-08-31,after_hours,pre_market,2026-09-18T23:05:03.291954+00:00,ticker_only,,,OBSERVED-NOW book scenario; fee/prices event-time,-0.010000000000005116,0.09674500000000001,,,,,,,,eligibility snapshot time unpublished,"sell: $25,000 exceeds visible top-of-book ($5,499) on ticker-only symbol; buy: no depth sample for this symbol/session"
rSATA-2026-07-14-1,rSATA,RSATAUSDT,2026-07-14,open_0930,1000,0.0493,0.3,0.03451,96.74,97.459,13.55,0.0005,DOCUMENTED promotional 0.05% through 2026-08-31,after_hours,regular,2026-09-18T23:05:03.291954+00:00,ticker_only,2026-09-16T19:34:15.315933+00:00,ticker_only,OBSERVED-NOW book scenario; fee/prices event-time,-0.7190000000000083,0.0970995,0.00014999250037498694,0.00020010005002497267,0.03401182526166005,0.13111132526166006,-0.8846213252616684,3.3594589302567965,0.6223986747383483,eligibility snapshot time unpublished,
rSATA-2026-07-14-1,rSATA,RSATAUSDT,2026-07-14,open_0930,5000,0.0493,0.3,0.03451,96.74,97.459,13.55,0.0005,DOCUMENTED promotional 0.05% through 2026-08-31,after_hours,regular,2026-09-18T23:05:03.291954+00:00,ticker_only,2026-09-16T19:34:15.315933+00:00,ticker_only,OBSERVED-NOW book scenario; fee/prices event-time,-0.7190000000000083,0.0970995,0.00014999250037498694,0.00020010005002497267,0.03401182526166005,0.13111132526166006,-0.8846213252616684,3.3594589302567965,,eligibility snapshot time unpublished,
rSATA-2026-07-14-1,rSATA,RSATAUSDT,2026-07-14,open_0930,25000,0.0493,0.3,0.03451,96.74,97.459,13.55,0.0005,DOCUMENTED promotional 0.05% through 2026-08-31,after_hours,regular,2026-09-18T23:05:03.291954+00:00,ticker_only,2026-09-16T19:34:15.315933+00:00,ticker_only,OBSERVED-NOW book scenario; fee/prices event-time,-0.7190000000000083,0.0970995,,0.00020010005002497267,,,,,,eligibility snapshot time unpublished,"sell: $25,000 exceeds visible top-of-book ($5,499) on ticker-only symbol"
rSATA-2026-07-14-1,rSATA,RSATAUSDT,2026-07-14,open_1000,1000,0.0493,0.3,0.03451,96.74,97.375,14.05,0.0005,DOCUMENTED promotional 0.05% through 2026-08-31,after_hours,regular,2026-09-18T23:05:03.291954+00:00,ticker_only,2026-09-16T19:34:15.315933+00:00,ticker_only,OBSERVED-NOW book scenario; fee/prices event-time,-0.6350000000000051,0.0970575,0.00014999250037498694,0.00020010005002497267,0.03399501685745795,0.13105251685745795,-0.800562516857463,3.3582660620174023,0.5384574831425472,eligibility snapshot time unpublished,
rSATA-2026-07-14-1,rSATA,RSATAUSDT,2026-07-14,open_1000,5000,0.0493,0.3,0.03451,96.74,97.375,14.05,0.0005,DOCUMENTED promotional 0.05% through 2026-08-31,after_hours,regular,2026-09-18T23:05:03.291954+00:00,ticker_only,2026-09-16T19:34:15.315933+00:00,ticker_only,OBSERVED-NOW book scenario; fee/prices event-time,-0.6350000000000051,0.0970575,0.00014999250037498694,0.00020010005002497267,0.03399501685745795,0.13105251685745795,-0.800562516857463,3.3582660620174023,,eligibility snapshot time unpublished,
rSATA-2026-07-14-1,rSATA,RSATAUSDT,2026-07-14,open_1000,25000,0.0493,0.3,0.03451,96.74,97.375,14.05,0.0005,DOCUMENTED promotional 0.05% through 2026-08-31,after_hours,regular,2026-09-18T23:05:03.291954+00:00,ticker_only,2026-09-16T19:34:15.315933+00:00,ticker_only,OBSERVED-NOW book scenario; fee/prices event-time,-0.6350000000000051,0.0970575,,0.00020010005002497267,,,,,,eligibility snapshot time unpublished,"sell: $25,000 exceeds visible top-of-book ($5,499) on ticker-only symbol"
rSATA-2026-07-14-1,rSATA,RSATAUSDT,2026-07-14,close_1600,1000,0.0493,0.3,0.03451,96.74,97.92,20.05,0.0005,DOCUMENTED promotional 0.05% through 2026-08-31,after_hours,after_hours,2026-09-18T23:05:03.291954+00:00,ticker_only,2026-09-18T23:05:03.291954+00:00,ticker_only,OBSERVED-NOW book scenario; fee/prices event-time,-1.1800000000000068,0.09733,0.00014999250037498694,0.00014999250037498694,0.029197540122994955,0.12652754012299494,-1.341037540123002,3.2664815440769766,1.087982459877012,eligibility snapshot time unpublished,
rSATA-2026-07-14-1,rSATA,RSATAUSDT,2026-07-14,close_1600,5000,0.0493,0.3,0.03451,96.74,97.92,20.05,0.0005,DOCUMENTED promotional 0.05% through 2026-08-31,after_hours,after_hours,2026-09-18T23:05:03.291954+00:00,ticker_only,2026-09-18T23:05:03.291954+00:00,ticker_only,OBSERVED-NOW book scenario; fee/prices event-time,-1.1800000000000068,0.09733,0.00014999250037498694,,,,,,,eligibility snapshot time unpublished,"buy: $5,000 exceeds visible top-of-book ($2,500) on ticker-only symbol"
rSATA-2026-07-14-1,rSATA,RSATAUSDT,2026-07-14,close_1600,25000,0.0493,0.3,0.03451,96.74,97.92,20.05,0.0005,DOCUMENTED promotional 0.05% through 2026-08-31,after_hours,after_hours,2026-09-18T23:05:03.291954+00:00,ticker_only,2026-09-18T23:05:03.291954+00:00,ticker_only,OBSERVED-NOW book scenario; fee/prices event-time,-1.1800000000000068,0.09733,,,,,,,,eligibility snapshot time unpublished,"sell: $25,000 exceeds visible top-of-book ($5,499) on ticker-only symbol; buy: $25,000 exceeds visible top-of-book ($2,500) on ticker-only symbol"
rSATA-2026-07-15-1,rSATA,RSATAUSDT,2026-07-15,overnight_2000,1000,0.0493,0.3,0.03451,97.875,97.875,0.1,0.0005,DOCUMENTED promotional 0.05% through 2026-08-31,after_hours,overnight,2026-09-18T23:05:03.291954+00:00,ticker_only,2026-09-19T03:05:03.356996+00:00,ticker_only,OBSERVED-NOW book scenario; fee/prices event-time,0.0,0.097875,0.00014999250037498694,0.00014999250037498694,0.02936103194840369,0.1272360319484037,-0.1617460319484037,3.280852575018331,-0.0927260319484037,eligibility snapshot time unpublished,
rSATA-2026-07-15-1,rSATA,RSATAUSDT,2026-07-15,overnight_2000,5000,0.0493,0.3,0.03451,97.875,97.875,0.1,0.0005,DOCUMENTED promotional 0.05% through 2026-08-31,after_hours,overnight,2026-09-18T23:05:03.291954+00:00,ticker_only,2026-09-19T03:05:03.356996+00:00,ticker_only,OBSERVED-NOW book scenario; fee/prices event-time,0.0,0.097875,0.00014999250037498694,,,,,,,eligibility snapshot time unpublished,"buy: $5,000 exceeds visible top-of-book ($2,500) on ticker-only symbol"
rSATA-2026-07-15-1,rSATA,RSATAUSDT,2026-07-15,overnight_2000,25000,0.0493,0.3,0.03451,97.875,97.875,0.1,0.0005,DOCUMENTED promotional 0.05% through 2026-08-31,after_hours,overnight,2026-09-18T23:05:03.291954+00:00,ticker_only,2026-09-19T03:05:03.356996+00:00,ticker_only,OBSERVED-NOW book scenario; fee/prices event-time,0.0,0.097875,,,,,,,,eligibility snapshot time unpublished,"sell: $25,000 exceeds visible top-of-book ($5,499) on ticker-only symbol; buy: $25,000 exceeds visible top-of-book ($2,500) on ticker-only symbol"
rSATA-2026-07-15-1,rSATA,RSATAUSDT,2026-07-15,premarket_0400,1000,0.0493,0.3,0.03451,97.875,97.899,8.1,0.0005,DOCUMENTED promotional 0.05% through 2026-08-31,after_hours,pre_market,2026-09-18T23:05:03.291954+00:00,ticker_only,,,OBSERVED-NOW book scenario; fee/prices event-time,-0.02400000000000091,0.097887,0.00014999250037498694,,,,,,,eligibility snapshot time unpublished,buy: no depth sample for this symbol/session
rSATA-2026-07-15-1,rSATA,RSATAUSDT,2026-07-15,premarket_0400,5000,0.0493,0.3,0.03451,97.875,97.899,8.1,0.0005,DOCUMENTED promotional 0.05% through 2026-08-31,after_hours,pre_market,2026-09-18T23:05:03.291954+00:00,ticker_only,,,OBSERVED-NOW book scenario; fee/prices event-time,-0.02400000000000091,0.097887,0.00014999250037498694,,,,,,,eligibility snapshot time unpublished,buy: no depth sample for this symbol/session
rSATA-2026-07-15-1,rSATA,RSATAUSDT,2026-07-15,premarket_0400,25000,0.0493,0.3,0.03451,97.875,97.899,8.1,0.0005,DOCUMENTED promotional 0.05% through 2026-08-31,after_hours,pre_market,2026-09-18T23:05:03.291954+00:00,ticker_only,,,OBSERVED-NOW book scenario; fee/prices event-time,-0.02400000000000091,0.097887,,,,,,,,eligibility snapshot time unpublished,"sell: $25,000 exceeds visible top-of-book ($5,499) on ticker-only symbol; buy: no depth sample for this symbol/session"
rSATA-2026-07-15-1,rSATA,RSATAUSDT,2026-07-15,open_0930,1000,0.0493,0.3,0.03451,97.875,97.99,13.6,0.0005,DOCUMENTED promotional 0.05% through 2026-08-31,after_hours,regular,2026-09-18T23:05:03.291954+00:00,ticker_only,2026-09-16T19:34:15.315933+00:00,ticker_only,OBSERVED-NOW book scenario; fee/prices event-time,-0.11499999999999488,0.0979325,0.00014999250037498694,0.00020010005002497267,0.034288319876148915,0.13222081987614892,-0.2817308198761438,3.381963892011134,0.01728918012384595,eligibility snapshot time unpublished,
rSATA-2026-07-15-1,rSATA,RSATAUSDT,2026-07-15,open_0930,5000,0.0493,0.3,0.03451,97.875,97.99,13.6,0.0005,DOCUMENTED promotional 0.05% through 2026-08-31,after_hours,regular,2026-09-18T23:05:03.291954+00:00,ticker_only,2026-09-16T19:34:15.315933+00:00,ticker_only,OBSERVED-NOW book scenario; fee/prices event-time,-0.11499999999999488,0.0979325,0.00014999250037498694,0.00020010005002497267,0.034288319876148915,0.13222081987614892,-0.2817308198761438,3.381963892011134,,eligibility snapshot time unpublished,
rSATA-2026-07-15-1,rSATA,RSATAUSDT,2026-07-15,open_0930,25000,0.0493,0.3,0.03451,97.875,97.99,13.6,0.0005,DOCUMENTED promotional 0.05% through 2026-08-31,after_hours,regular,2026-09-18T23:05:03.291954+00:00,ticker_only,2026-09-16T19:34:15.315933+00:00,ticker_only,OBSERVED-NOW book scenario; fee/prices event-time,-0.11499999999999488,0.0979325,,0.00020010005002497267,,,,,,eligibility snapshot time unpublished,"sell: $25,000 exceeds visible top-of-book ($5,499) on ticker-only symbol"
rSATA-2026-07-15-1,rSATA,RSATAUSDT,2026-07-15,open_1000,1000,0.0493,0.3,0.03451,97.875,98.105,14.1,0.0005,DOCUMENTED promotional 0.05% through 2026-08-31,after_hours,regular,2026-09-18T23:05:03.291954+00:00,ticker_only,2026-09-16T19:34:15.315933+00:00,ticker_only,OBSERVED-NOW book scenario; fee/prices event-time,-0.23000000000000398,0.09799000000000001,0.00014999250037498694,0.00020010005002497267,0.03431133138190179,0.1323013313819018,-0.3968113313819058,3.3835969854341137,0.13220866861810215,eligibility snapshot time unpublished,
rSATA-2026-07-15-1,rSATA,RSATAUSDT,2026-07-15,open_1000,5000,0.0493,0.3,0.03451,97.875,98.105,14.1,0.0005,DOCUMENTED promotional 0.05% through 2026-08-31,after_hours,regular,2026-09-18T23:05:03.291954+00:00,ticker_only,2026-09-16T19:34:15.315933+00:00,ticker_only,OBSERVED-NOW book scenario; fee/prices event-time,-0.23000000000000398,0.09799000000000001,0.00014999250037498694,0.00020010005002497267,0.03431133138190179,0.1323013313819018,-0.3968113313819058,3.3835969854341137,,eligibility snapshot time unpublished,
rSATA-2026-07-15-1,rSATA,RSATAUSDT,2026-07-15,open_1000,25000,0.0493,0.3,0.03451,97.875,98.105,14.1,0.0005,DOCUMENTED promotional 0.05% through 2026-08-31,after_hours,regular,2026-09-18T23:05:03.291954+00:00,ticker_only,2026-09-16T19:34:15.315933+00:00,ticker_only,OBSERVED-NOW book scenario; fee/prices event-time,-0.23000000000000398,0.09799000000000001,,0.00020010005002497267,,,,,,eligibility snapshot time unpublished,"sell: $25,000 exceeds visible top-of-book ($5,499) on ticker-only symbol"
rSATA-2026-07-15-1,rSATA,RSATAUSDT,2026-07-15,close_1600,1000,0.0493,0.3,0.03451,97.875,98.21,20.1,0.0005,DOCUMENTED promotional 0.05% through 2026-08-31,after_hours,after_hours,2026-09-18T23:05:03.291954+00:00,ticker_only,2026-09-18T23:05:03.291954+00:00,ticker_only,OBSERVED-NOW book scenario; fee/prices event-time,-0.33499999999999375,0.09804249999999999,0.00014999250037498694,0.00014999250037498694,0.029411279436029312,0.1274537794360293,-0.49696377943602305,3.2852693597571867,0.24205622056396445,eligibility snapshot time unpublished,
rSATA-2026-07-15-1,rSATA,RSATAUSDT,2026-07-15,close_1600,5000,0.0493,0.3,0.03451,97.875,98.21,20.1,0.0005,DOCUMENTED promotional 0.05% through 2026-08-31,after_hours,after_hours,2026-09-18T23:05:03.291954+00:00,ticker_only,2026-09-18T23:05:03.291954+00:00,ticker_only,OBSERVED-NOW book scenario; fee/prices event-time,-0.33499999999999375,0.09804249999999999,0.00014999250037498694,,,,,,,eligibility snapshot time unpublished,"buy: $5,000 exceeds visible top-of-book ($2,500) on ticker-only symbol"
rSATA-2026-07-15-1,rSATA,RSATAUSDT,2026-07-15,close_1600,25000,0.0493,0.3,0.03451,97.875,98.21,20.1,0.0005,DOCUMENTED promotional 0.05% through 2026-08-31,after_hours,after_hours,2026-09-18T23:05:03.291954+00:00,ticker_only,2026-09-18T23:05:03.291954+00:00,ticker_only,OBSERVED-NOW book scenario; fee/prices event-time,-0.33499999999999375,0.09804249999999999,,,,,,,,eligibility snapshot time unpublished,"sell: $25,000 exceeds visible top-of-book ($5,499) on ticker-only symbol; buy: $25,000 exceeds visible top-of-book ($2,500) on ticker-only symbol"
rSATA-2026-07-16-1,rSATA,RSATAUSDT,2026-07-16,overnight_2000,1000,0.0493,0.3,0.03451,98.401,98.76,6.483333333333333,0.0005,DOCUMENTED promotional 0.05% through 2026-08-31,after_hours,overnight,2026-09-18T23:05:03.291954+00:00,ticker_only,2026-09-19T03:05:03.356996+00:00,ticker_only,OBSERVED-NOW book scenario; fee/prices event-time,-0.35900000000000887,0.0985805,0.00014999250037498694,0.00014999250037498694,0.0295726713664328,0.1281531713664328,-0.5216631713664417,3.2994558086497534,0.265356828633576,eligibility snapshot time unpublished,
rSATA-2026-07-16-1,rSATA,RSATAUSDT,2026-07-16,overnight_2000,5000,0.0493,0.3,0.03451,98.401,98.76,6.483333333333333,0.0005,DOCUMENTED promotional 0.05% through 2026-08-31,after_hours,overnight,2026-09-18T23:05:03.291954+00:00,ticker_only,2026-09-19T03:05:03.356996+00:00,ticker_only,OBSERVED-NOW book scenario; fee/prices event-time,-0.35900000000000887,0.0985805,0.00014999250037498694,,,,,,,eligibility snapshot time unpublished,"buy: $5,000 exceeds visible top-of-book ($2,500) on ticker-only symbol"
rSATA-2026-07-16-1,rSATA,RSATAUSDT,2026-07-16,overnight_2000,25000,0.0493,0.3,0.03451,98.401,98.76,6.483333333333333,0.0005,DOCUMENTED promotional 0.05% through 2026-08-31,after_hours,overnight,2026-09-18T23:05:03.291954+00:00,ticker_only,2026-09-19T03:05:03.356996+00:00,ticker_only,OBSERVED-NOW book scenario; fee/prices event-time,-0.35900000000000887,0.0985805,,,,,,,,eligibility snapshot time unpublished,"sell: $25,000 exceeds visible top-of-book ($5,499) on ticker-only symbol; buy: $25,000 exceeds visible top-of-book ($2,500) on ticker-only symbol"
rSATA-2026-07-16-1,rSATA,RSATAUSDT,2026-07-16,premarket_0400,1000,0.0493,0.3,0.03451,98.401,98.4,8.166666666666666,0.0005,DOCUMENTED promotional 0.05% through 2026-08-31,after_hours,pre_market,2026-09-18T23:05:03.291954+00:00,ticker_only,,,OBSERVED-NOW book scenario; fee/prices event-time,0.000999999999990564,0.0984005,0.00014999250037498694,,,,,,,eligibility snapshot time unpublished,buy: no depth sample for this symbol/session
rSATA-2026-07-16-1,rSATA,RSATAUSDT,2026-07-16,premarket_0400,5000,0.0493,0.3,0.03451,98.401,98.4,8.166666666666666,0.0005,DOCUMENTED promotional 0.05% through 2026-08-31,after_hours,pre_market,2026-09-18T23:05:03.291954+00:00,ticker_only,,,OBSERVED-NOW book scenario; fee/prices event-time,0.000999999999990564,0.0984005,0.00014999250037498694,,,,,,,eligibility snapshot time unpublished,buy: no depth sample for this symbol/session
rSATA-2026-07-16-1,rSATA,RSATAUSDT,2026-07-16,premarket_0400,25000,0.0493,0.3,0.03451,98.401,98.4,8.166666666666666,0.0005,DOCUMENTED promotional 0.05% through 2026-08-31,after_hours,pre_market,2026-09-18T23:05:03.291954+00:00,ticker_only,,,OBSERVED-NOW book scenario; fee/prices event-time,0.000999999999990564,0.0984005,,,,,,,,eligibility snapshot time unpublished,"sell: $25,000 exceeds visible top-of-book ($5,499) on ticker-only symbol; buy: no depth sample for this symbol/session"
rSATA-2026-07-16-1,rSATA,RSATAUSDT,2026-07-16,open_0930,1000,0.0493,0.3,0.03451,98.401,98.845,13.666666666666666,0.0005,DOCUMENTED promotional 0.05% through 2026-08-31,after_hours,regular,2026-09-18T23:05:03.291954+00:00,ticker_only,2026-09-16T19:34:15.315933+00:00,ticker_only,OBSERVED-NOW book scenario; fee/prices event-time,-0.4440000000000026,0.09862299999999999,0.00014999250037498694,0.00020010005002497267,0.03453830147411751,0.1331613014741175,-0.6116713014741201,3.4010405978522824,0.3453486985258851,eligibility snapshot time unpublished,
rSATA-2026-07-16-1,rSATA,RSATAUSDT,2026-07-16,open_0930,5000,0.0493,0.3,0.03451,98.401,98.845,13.666666666666666,0.0005,DOCUMENTED promotional 0.05% through 2026-08-31,after_hours,regular,2026-09-18T23:05:03.291954+00:00,ticker_only,2026-09-16T19:34:15.315933+00:00,ticker_only,OBSERVED-NOW book scenario; fee/prices event-time,-0.4440000000000026,0.09862299999999999,0.00014999250037498694,0.00020010005002497267,0.03453830147411751,0.1331613014741175,-0.6116713014741201,3.4010405978522824,,eligibility snapshot time unpublished,
rSATA-2026-07-16-1,rSATA,RSATAUSDT,2026-07-16,open_0930,25000,0.0493,0.3,0.03451,98.401,98.845,13.666666666666666,0.0005,DOCUMENTED promotional 0.05% through 2026-08-31,after_hours,regular,2026-09-18T23:05:03.291954+00:00,ticker_only,2026-09-16T19:34:15.315933+00:00,ticker_only,OBSERVED-NOW book scenario; fee/prices event-time,-0.4440000000000026,0.09862299999999999,,0.00020010005002497267,,,,,,eligibility snapshot time unpublished,"sell: $25,000 exceeds visible top-of-book ($5,499) on ticker-only symbol"
rSATA-2026-07-16-1,rSATA,RSATAUSDT,2026-07-16,open_1000,1000,0.0493,0.3,0.03451,98.401,97.936,14.166666666666666,0.0005,DOCUMENTED promotional 0.05% through 2026-08-31,after_hours,regular,2026-09-18T23:05:03.291954+00:00,ticker_only,2026-09-16T19:34:15.315933+00:00,ticker_only,OBSERVED-NOW book scenario; fee/prices event-time,0.4649999999999892,0.09816849999999999,0.00014999250037498694,0.00020010005002497267,0.03435641052864481,0.1325249105286448,0.2979650894713444,3.3881320594045596,-0.5630149105286341,eligibility snapshot time unpublished,
rSATA-2026-07-16-1,rSATA,RSATAUSDT,2026-07-16,open_1000,5000,0.0493,0.3,0.03451,98.401,97.936,14.166666666666666,0.0005,DOCUMENTED promotional 0.05% through 2026-08-31,after_hours,regular,2026-09-18T23:05:03.291954+00:00,ticker_only,2026-09-16T19:34:15.315933+00:00,ticker_only,OBSERVED-NOW book scenario; fee/prices event-time,0.4649999999999892,0.09816849999999999,0.00014999250037498694,0.00020010005002497267,0.03435641052864481,0.1325249105286448,0.2979650894713444,3.3881320594045596,,eligibility snapshot time unpublished,
rSATA-2026-07-16-1,rSATA,RSATAUSDT,2026-07-16,open_1000,25000,0.0493,0.3,0.03451,98.401,97.936,14.166666666666666,0.0005,DOCUMENTED promotional 0.05% through 2026-08-31,after_hours,regular,2026-09-18T23:05:03.291954+00:00,ticker_only,2026-09-16T19:34:15.315933+00:00,ticker_only,OBSERVED-NOW book scenario; fee/prices event-time,0.4649999999999892,0.09816849999999999,,0.00020010005002497267,,,,,,eligibility snapshot time unpublished,"sell: $25,000 exceeds visible top-of-book ($5,499) on ticker-only symbol"
rSATA-2026-07-16-1,rSATA,RSATAUSDT,2026-07-16,close_1600,1000,0.0493,0.3,0.03451,98.401,97.165,20.166666666666668,0.0005,DOCUMENTED promotional 0.05% through 2026-08-31,after_hours,after_hours,2026-09-18T23:05:03.291954+00:00,ticker_only,2026-09-18T23:05:03.291954+00:00,ticker_only,OBSERVED-NOW book scenario; fee/prices event-time,1.23599999999999,0.09778300000000001,0.00014999250037498694,0.00014999250037498694,0.029333433328334695,0.1271164333283347,1.0743735666716552,3.278426639519974,-1.3286064333283245,eligibility snapshot time unpublished,
rSATA-2026-07-16-1,rSATA,RSATAUSDT,2026-07-16,close_1600,5000,0.0493,0.3,0.03451,98.401,97.165,20.166666666666668,0.0005,DOCUMENTED promotional 0.05% through 2026-08-31,after_hours,after_hours,2026-09-18T23:05:03.291954+00:00,ticker_only,2026-09-18T23:05:03.291954+00:00,ticker_only,OBSERVED-NOW book scenario; fee/prices event-time,1.23599999999999,0.09778300000000001,0.00014999250037498694,,,,,,,eligibility snapshot time unpublished,"buy: $5,000 exceeds visible top-of-book ($2,500) on ticker-only symbol"
rSATA-2026-07-16-1,rSATA,RSATAUSDT,2026-07-16,close_1600,25000,0.0493,0.3,0.03451,98.401,97.165,20.166666666666668,0.0005,DOCUMENTED promotional 0.05% through 2026-08-31,after_hours,after_hours,2026-09-18T23:05:03.291954+00:00,ticker_only,2026-09-18T23:05:03.291954+00:00,ticker_only,OBSERVED-NOW book scenario; fee/prices event-time,1.23599999999999,0.09778300000000001,,,,,,,,eligibility snapshot time unpublished,"sell: $25,000 exceeds visible top-of-book ($5,499) on ticker-only symbol; buy: $25,000 exceeds visible top-of-book ($2,500) on ticker-only symbol"
rSATA-2026-07-17-1,rSATA,RSATAUSDT,2026-07-17,overnight_2000,1000,0.0493,0.3,0.03451,97.073,95.05,0.5833333333333334,0.0005,DOCUMENTED promotional 0.05% through 2026-08-31,after_hours,overnight,2026-09-18T23:05:03.291954+00:00,ticker_only,2026-09-19T03:05:03.356996+00:00,ticker_only,OBSERVED-NOW book scenario; fee/prices event-time,2.022999999999996,0.0960615,0.00014999250037498694,0.00014999250037498694,0.028817009149543615,0.12487850914954361,1.8636114908504524,3.2330326399501748,-2.1133685091495393,eligibility snapshot time unpublished,
rSATA-2026-07-17-1,rSATA,RSATAUSDT,2026-07-17,overnight_2000,5000,0.0493,0.3,0.03451,97.073,95.05,0.5833333333333334,0.0005,DOCUMENTED promotional 0.05% through 2026-08-31,after_hours,overnight,2026-09-18T23:05:03.291954+00:00,ticker_only,2026-09-19T03:05:03.356996+00:00,ticker_only,OBSERVED-NOW book scenario; fee/prices event-time,2.022999999999996,0.0960615,0.00014999250037498694,,,,,,,eligibility snapshot time unpublished,"buy: $5,000 exceeds visible top-of-book ($2,500) on ticker-only symbol"
rSATA-2026-07-17-1,rSATA,RSATAUSDT,2026-07-17,overnight_2000,25000,0.0493,0.3,0.03451,97.073,95.05,0.5833333333333334,0.0005,DOCUMENTED promotional 0.05% through 2026-08-31,after_hours,overnight,2026-09-18T23:05:03.291954+00:00,ticker_only,2026-09-19T03:05:03.356996+00:00,ticker_only,OBSERVED-NOW book scenario; fee/prices event-time,2.022999999999996,0.0960615,,,,,,,,eligibility snapshot time unpublished,"sell: $25,000 exceeds visible top-of-book ($5,499) on ticker-only symbol; buy: $25,000 exceeds visible top-of-book ($2,500) on ticker-only symbol"
rSATA-2026-07-17-1,rSATA,RSATAUSDT,2026-07-17,premarket_0400,1000,0.0493,0.3,0.03451,97.073,97.075,8.05,0.0005,DOCUMENTED promotional 0.05% through 2026-08-31,after_hours,pre_market,2026-09-18T23:05:03.291954+00:00,ticker_only,,,OBSERVED-NOW book scenario; fee/prices event-time,-0.0020000000000095497,0.097074,0.00014999250037498694,,,,,,,eligibility snapshot time unpublished,buy: no depth sample for this symbol/session
rSATA-2026-07-17-1,rSATA,RSATAUSDT,2026-07-17,premarket_0400,5000,0.0493,0.3,0.03451,97.073,97.075,8.05,0.0005,DOCUMENTED promotional 0.05% through 2026-08-31,after_hours,pre_market,2026-09-18T23:05:03.291954+00:00,ticker_only,,,OBSERVED-NOW book scenario; fee/prices event-time,-0.0020000000000095497,0.097074,0.00014999250037498694,,,,,,,eligibility snapshot time unpublished,buy: no depth sample for this symbol/session
rSATA-2026-07-17-1,rSATA,RSATAUSDT,2026-07-17,premarket_0400,25000,0.0493,0.3,0.03451,97.073,97.075,8.05,0.0005,DOCUMENTED promotional 0.05% through 2026-08-31,after_hours,pre_market,2026-09-18T23:05:03.291954+00:00,ticker_only,,,OBSERVED-NOW book scenario; fee/prices event-time,-0.0020000000000095497,0.097074,,,,,,,,eligibility snapshot time unpublished,"sell: $25,000 exceeds visible top-of-book ($5,499) on ticker-only symbol; buy: no depth sample for this symbol/session"
rSATA-2026-07-17-1,rSATA,RSATAUSDT,2026-07-17,open_0930,1000,0.0493,0.3,0.03451,97.073,97.168,13.55,0.0005,DOCUMENTED promotional 0.05% through 2026-08-31,after_hours,regular,2026-09-18T23:05:03.291954+00:00,ticker_only,2026-09-16T19:34:15.315933+00:00,ticker_only,OBSERVED-NOW book scenario; fee/prices event-time,-0.09500000000001307,0.0971205,0.00014999250037498694,0.00020010005002497267,0.03400354364972765,0.13112404364972766,-0.26063404364974074,3.3597169097307846,-0.0016140436497145902,eligibility snapshot time unpublished,
rSATA-2026-07-17-1,rSATA,RSATAUSDT,2026-07-17,open_0930,5000,0.0493,0.3,0.03451,97.073,97.168,13.55,0.0005,DOCUMENTED promotional 0.05% through 2026-08-31,after_hours,regular,2026-09-18T23:05:03.291954+00:00,ticker_only,2026-09-16T19:34:15.315933+00:00,ticker_only,OBSERVED-NOW book scenario; fee/prices event-time,-0.09500000000001307,0.0971205,0.00014999250037498694,0.00020010005002497267,0.03400354364972765,0.13112404364972766,-0.26063404364974074,3.3597169097307846,,eligibility snapshot time unpublished,
rSATA-2026-07-17-1,rSATA,RSATAUSDT,2026-07-17,open_0930,25000,0.0493,0.3,0.03451,97.073,97.168,13.55,0.0005,DOCUMENTED promotional 0.05% through 2026-08-31,after_hours,regular,2026-09-18T23:05:03.291954+00:00,ticker_only,2026-09-16T19:34:15.315933+00:00,ticker_only,OBSERVED-NOW book scenario; fee/prices event-time,-0.09500000000001307,0.0971205,,0.00020010005002497267,,,,,,eligibility snapshot time unpublished,"sell: $25,000 exceeds visible top-of-book ($5,499) on ticker-only symbol"
rSATA-2026-07-17-1,rSATA,RSATAUSDT,2026-07-17,open_1000,1000,0.0493,0.3,0.03451,97.073,96.779,14.05,0.0005,DOCUMENTED promotional 0.05% through 2026-08-31,after_hours,regular,2026-09-18T23:05:03.291954+00:00,ticker_only,2026-09-16T19:34:15.315933+00:00,ticker_only,OBSERVED-NOW book scenario; fee/prices event-time,0.29399999999999693,0.09692599999999998,0.00014999250037498694,0.00020010005002497267,0.03392570473026794,0.13085170473026791,0.12863829526972903,3.354192793717402,-0.3903417047302649,eligibility snapshot time unpublished,
rSATA-2026-07-17-1,rSATA,RSATAUSDT,2026-07-17,open_1000,5000,0.0493,0.3,0.03451,97.073,96.779,14.05,0.0005,DOCUMENTED promotional 0.05% through 2026-08-31,after_hours,regular,2026-09-18T23:05:03.291954+00:00,ticker_only,2026-09-16T19:34:15.315933+00:00,ticker_only,OBSERVED-NOW book scenario; fee/prices event-time,0.29399999999999693,0.09692599999999998,0.00014999250037498694,0.00020010005002497267,0.03392570473026794,0.13085170473026791,0.12863829526972903,3.354192793717402,,eligibility snapshot time unpublished,
rSATA-2026-07-17-1,rSATA,RSATAUSDT,2026-07-17,open_1000,25000,0.0493,0.3,0.03451,97.073,96.779,14.05,0.0005,DOCUMENTED promotional 0.05% through 2026-08-31,after_hours,regular,2026-09-18T23:05:03.291954+00:00,ticker_only,2026-09-16T19:34:15.315933+00:00,ticker_only,OBSERVED-NOW book scenario; fee/prices event-time,0.29399999999999693,0.09692599999999998,,0.00020010005002497267,,,,,,eligibility snapshot time unpublished,"sell: $25,000 exceeds visible top-of-book ($5,499) on ticker-only symbol"
rSATA-2026-07-17-1,rSATA,RSATAUSDT,2026-07-17,close_1600,1000,0.0493,0.3,0.03451,97.073,97.735,20.05,0.0005,DOCUMENTED promotional 0.05% through 2026-08-31,after_hours,after_hours,2026-09-18T23:05:03.291954+00:00,ticker_only,2026-09-18T23:05:03.291954+00:00,ticker_only,OBSERVED-NOW book scenario; fee/prices event-time,-0.6620000000000061,0.097404,0.00014999250037498694,0.00014999250037498694,0.029219739013050455,0.12662373901305046,-0.8231337390130566,3.2684328400213074,0.5698862609869557,eligibility snapshot time unpublished,
rSATA-2026-07-17-1,rSATA,RSATAUSDT,2026-07-17,close_1600,5000,0.0493,0.3,0.03451,97.073,97.735,20.05,0.0005,DOCUMENTED promotional 0.05% through 2026-08-31,after_hours,after_hours,2026-09-18T23:05:03.291954+00:00,ticker_only,2026-09-18T23:05:03.291954+00:00,ticker_only,OBSERVED-NOW book scenario; fee/prices event-time,-0.6620000000000061,0.097404,0.00014999250037498694,,,,,,,eligibility snapshot time unpublished,"buy: $5,000 exceeds visible top-of-book ($2,500) on ticker-only symbol"
rSATA-2026-07-17-1,rSATA,RSATAUSDT,2026-07-17,close_1600,25000,0.0493,0.3,0.03451,97.073,97.735,20.05,0.0005,DOCUMENTED promotional 0.05% through 2026-08-31,after_hours,after_hours,2026-09-18T23:05:03.291954+00:00,ticker_only,2026-09-18T23:05:03.291954+00:00,ticker_only,OBSERVED-NOW book scenario; fee/prices event-time,-0.6620000000000061,0.097404,,,,,,,,eligibility snapshot time unpublished,"sell: $25,000 exceeds visible top-of-book ($5,499) on ticker-only symbol; buy: $25,000 exceeds visible top-of-book ($2,500) on ticker-only symbol"
rSATA-2026-07-20-1,rSATA,RSATAUSDT,2026-07-20,overnight_2000,1000,0.0493,0.3,0.03451,98.19,97.77,50.0,0.0005,DOCUMENTED promotional 0.05% through 2026-08-31,after_hours,overnight,2026-09-18T23:05:03.291954+00:00,ticker_only,2026-09-19T03:05:03.356996+00:00,ticker_only,OBSERVED-NOW book scenario; fee/prices event-time,0.4200000000000017,0.09798,0.00014999250037498694,0.00014999250037498694,0.02939253037348244,0.12737253037348245,0.25811746962651927,3.283621305750151,-0.5128625303734842,eligibility snapshot time unpublished,
rSATA-2026-07-20-1,rSATA,RSATAUSDT,2026-07-20,overnight_2000,5000,0.0493,0.3,0.03451,98.19,97.77,50.0,0.0005,DOCUMENTED promotional 0.05% through 2026-08-31,after_hours,overnight,2026-09-18T23:05:03.291954+00:00,ticker_only,2026-09-19T03:05:03.356996+00:00,ticker_only,OBSERVED-NOW book scenario; fee/prices event-time,0.4200000000000017,0.09798,0.00014999250037498694,,,,,,,eligibility snapshot time unpublished,"buy: $5,000 exceeds visible top-of-book ($2,500) on ticker-only symbol"
rSATA-2026-07-20-1,rSATA,RSATAUSDT,2026-07-20,overnight_2000,25000,0.0493,0.3,0.03451,98.19,97.77,50.0,0.0005,DOCUMENTED promotional 0.05% through 2026-08-31,after_hours,overnight,2026-09-18T23:05:03.291954+00:00,ticker_only,2026-09-19T03:05:03.356996+00:00,ticker_only,OBSERVED-NOW book scenario; fee/prices event-time,0.4200000000000017,0.09798,,,,,,,,eligibility snapshot time unpublished,"sell: $25,000 exceeds visible top-of-book ($5,499) on ticker-only symbol; buy: $25,000 exceeds visible top-of-book ($2,500) on ticker-only symbol"
rSATA-2026-07-20-1,rSATA,RSATAUSDT,2026-07-20,premarket_0400,1000,0.0493,0.3,0.03451,98.19,96.507,56.333333333333336,0.0005,DOCUMENTED promotional 0.05% through 2026-08-31,after_hours,pre_market,2026-09-18T23:05:03.291954+00:00,ticker_only,,,OBSERVED-NOW book scenario; fee/prices event-time,1.6829999999999927,0.0973485,0.00014999250037498694,,,,,,,eligibility snapshot time unpublished,buy: no depth sample for this symbol/session
rSATA-2026-07-20-1,rSATA,RSATAUSDT,2026-07-20,premarket_0400,5000,0.0493,0.3,0.03451,98.19,96.507,56.333333333333336,0.0005,DOCUMENTED promotional 0.05% through 2026-08-31,after_hours,pre_market,2026-09-18T23:05:03.291954+00:00,ticker_only,,,OBSERVED-NOW book scenario; fee/prices event-time,1.6829999999999927,0.0973485,0.00014999250037498694,,,,,,,eligibility snapshot time unpublished,buy: no depth sample for this symbol/session
rSATA-2026-07-20-1,rSATA,RSATAUSDT,2026-07-20,premarket_0400,25000,0.0493,0.3,0.03451,98.19,96.507,56.333333333333336,0.0005,DOCUMENTED promotional 0.05% through 2026-08-31,after_hours,pre_market,2026-09-18T23:05:03.291954+00:00,ticker_only,,,OBSERVED-NOW book scenario; fee/prices event-time,1.6829999999999927,0.0973485,,,,,,,,eligibility snapshot time unpublished,"sell: $25,000 exceeds visible top-of-book ($5,499) on ticker-only symbol; buy: no depth sample for this symbol/session"
rSATA-2026-07-20-1,rSATA,RSATAUSDT,2026-07-20,open_0930,1000,0.0493,0.3,0.03451,98.19,98.009,61.833333333333336,0.0005,DOCUMENTED promotional 0.05% through 2026-08-31,after_hours,regular,2026-09-18T23:05:03.291954+00:00,ticker_only,2026-09-16T19:34:15.315933+00:00,ticker_only,OBSERVED-NOW book scenario; fee/prices event-time,0.18099999999999739,0.0980995,0.00014999250037498694,0.00020010005002497267,0.03433936941471752,0.13243886941471752,0.014051130585279875,3.3863868035439664,-0.27892886941471495,eligibility snapshot time unpublished,
rSATA-2026-07-20-1,rSATA,RSATAUSDT,2026-07-20,open_0930,5000,0.0493,0.3,0.03451,98.19,98.009,61.833333333333336,0.0005,DOCUMENTED promotional 0.05% through 2026-08-31,after_hours,regular,2026-09-18T23:05:03.291954+00:00,ticker_only,2026-09-16T19:34:15.315933+00:00,ticker_only,OBSERVED-NOW book scenario; fee/prices event-time,0.18099999999999739,0.0980995,0.00014999250037498694,0.00020010005002497267,0.03433936941471752,0.13243886941471752,0.014051130585279875,3.3863868035439664,,eligibility snapshot time unpublished,
rSATA-2026-07-20-1,rSATA,RSATAUSDT,2026-07-20,open_0930,25000,0.0493,0.3,0.03451,98.19,98.009,61.833333333333336,0.0005,DOCUMENTED promotional 0.05% through 2026-08-31,after_hours,regular,2026-09-18T23:05:03.291954+00:00,ticker_only,2026-09-16T19:34:15.315933+00:00,ticker_only,OBSERVED-NOW book scenario; fee/prices event-time,0.18099999999999739,0.0980995,,0.00020010005002497267,,,,,,eligibility snapshot time unpublished,"sell: $25,000 exceeds visible top-of-book ($5,499) on ticker-only symbol"
rSATA-2026-07-20-1,rSATA,RSATAUSDT,2026-07-20,open_1000,1000,0.0493,0.3,0.03451,98.19,97.89,62.333333333333336,0.0005,DOCUMENTED promotional 0.05% through 2026-08-31,after_hours,regular,2026-09-18T23:05:03.291954+00:00,ticker_only,2026-09-16T19:34:15.315933+00:00,ticker_only,OBSERVED-NOW book scenario; fee/prices event-time,0.29999999999999716,0.09803999999999999,0.00014999250037498694,0.00020010005002497267,0.03431555750876454,0.13235555750876454,0.13313444249123263,3.3846969068714916,-0.39784555750876166,eligibility snapshot time unpublished,
rSATA-2026-07-20-1,rSATA,RSATAUSDT,2026-07-20,open_1000,5000,0.0493,0.3,0.03451,98.19,97.89,62.333333333333336,0.0005,DOCUMENTED promotional 0.05% through 2026-08-31,after_hours,regular,2026-09-18T23:05:03.291954+00:00,ticker_only,2026-09-16T19:34:15.315933+00:00,ticker_only,OBSERVED-NOW book scenario; fee/prices event-time,0.29999999999999716,0.09803999999999999,0.00014999250037498694,0.00020010005002497267,0.03431555750876454,0.13235555750876454,0.13313444249123263,3.3846969068714916,,eligibility snapshot time unpublished,
rSATA-2026-07-20-1,rSATA,RSATAUSDT,2026-07-20,open_1000,25000,0.0493,0.3,0.03451,98.19,97.89,62.333333333333336,0.0005,DOCUMENTED promotional 0.05% through 2026-08-31,after_hours,regular,2026-09-18T23:05:03.291954+00:00,ticker_only,2026-09-16T19:34:15.315933+00:00,ticker_only,OBSERVED-NOW book scenario; fee/prices event-time,0.29999999999999716,0.09803999999999999,,0.00020010005002497267,,,,,,eligibility snapshot time unpublished,"sell: $25,000 exceeds visible top-of-book ($5,499) on ticker-only symbol"
rSATA-2026-07-20-1,rSATA,RSATAUSDT,2026-07-20,close_1600,1000,0.0493,0.3,0.03451,98.19,97.7,68.33333333333333,0.0005,DOCUMENTED promotional 0.05% through 2026-08-31,after_hours,after_hours,2026-09-18T23:05:03.291954+00:00,ticker_only,2026-09-18T23:05:03.291954+00:00,ticker_only,OBSERVED-NOW book scenario; fee/prices event-time,0.4899999999999949,0.09794499999999999,0.00014999250037498694,0.00014999250037498694,0.02938203089845619,0.12732703089845618,0.32816296910153875,3.282698395506211,-0.582817030898451,eligibility snapshot time unpublished,
rSATA-2026-07-20-1,rSATA,RSATAUSDT,2026-07-20,close_1600,5000,0.0493,0.3,0.03451,98.19,97.7,68.33333333333333,0.0005,DOCUMENTED promotional 0.05% through 2026-08-31,after_hours,after_hours,2026-09-18T23:05:03.291954+00:00,ticker_only,2026-09-18T23:05:03.291954+00:00,ticker_only,OBSERVED-NOW book scenario; fee/prices event-time,0.4899999999999949,0.09794499999999999,0.00014999250037498694,,,,,,,eligibility snapshot time unpublished,"buy: $5,000 exceeds visible top-of-book ($2,500) on ticker-only symbol"
rSATA-2026-07-20-1,rSATA,RSATAUSDT,2026-07-20,close_1600,25000,0.0493,0.3,0.03451,98.19,97.7,68.33333333333333,0.0005,DOCUMENTED promotional 0.05% through 2026-08-31,after_hours,after_hours,2026-09-18T23:05:03.291954+00:00,ticker_only,2026-09-18T23:05:03.291954+00:00,ticker_only,OBSERVED-NOW book scenario; fee/prices event-time,0.4899999999999949,0.09794499999999999,,,,,,,,eligibility snapshot time unpublished,"sell: $25,000 exceeds visible top-of-book ($5,499) on ticker-only symbol; buy: $25,000 exceeds visible top-of-book ($2,500) on ticker-only symbol"
rSATA-2026-07-21-1,rSATA,RSATAUSDT,2026-07-21,overnight_2000,1000,0.0493,0.3,0.03451,97.91,97.78,0.5666666666666667,0.0005,DOCUMENTED promotional 0.05% through 2026-08-31,after_hours,overnight,2026-09-18T23:05:03.291954+00:00,ticker_only,2026-09-19T03:05:03.356996+00:00,ticker_only,OBSERVED-NOW book scenario; fee/prices event-time,0.12999999999999545,0.097845,0.00014999250037498694,0.00014999250037498694,0.029352032398381193,0.1271970323983812,-0.03170703239838575,3.280061509094953,-0.22268703239837664,eligibility snapshot time unpublished,
rSATA-2026-07-21-1,rSATA,RSATAUSDT,2026-07-21,overnight_2000,5000,0.0493,0.3,0.03451,97.91,97.78,0.5666666666666667,0.0005,DOCUMENTED promotional 0.05% through 2026-08-31,after_hours,overnight,2026-09-18T23:05:03.291954+00:00,ticker_only,2026-09-19T03:05:03.356996+00:00,ticker_only,OBSERVED-NOW book scenario; fee/prices event-time,0.12999999999999545,0.097845,0.00014999250037498694,,,,,,,eligibility snapshot time unpublished,"buy: $5,000 exceeds visible top-of-book ($2,500) on ticker-only symbol"
rSATA-2026-07-21-1,rSATA,RSATAUSDT,2026-07-21,overnight_2000,25000,0.0493,0.3,0.03451,97.91,97.78,0.5666666666666667,0.0005,DOCUMENTED promotional 0.05% through 2026-08-31,after_hours,overnight,2026-09-18T23:05:03.291954+00:00,ticker_only,2026-09-19T03:05:03.356996+00:00,ticker_only,OBSERVED-NOW book scenario; fee/prices event-time,0.12999999999999545,0.097845,,,,,,,,eligibility snapshot time unpublished,"sell: $25,000 exceeds visible top-of-book ($5,499) on ticker-only symbol; buy: $25,000 exceeds visible top-of-book ($2,500) on ticker-only symbol"
rSATA-2026-07-21-1,rSATA,RSATAUSDT,2026-07-21,premarket_0400,1000,0.0493,0.3,0.03451,97.91,97.999,8.05,0.0005,DOCUMENTED promotional 0.05% through 2026-08-31,after_hours,pre_market,2026-09-18T23:05:03.291954+00:00,ticker_only,,,OBSERVED-NOW book scenario; fee/prices event-time,-0.08899999999999864,0.0979545,0.00014999250037498694,,,,,,,eligibility snapshot time unpublished,buy: no depth sample for this symbol/session
rSATA-2026-07-21-1,rSATA,RSATAUSDT,2026-07-21,premarket_0400,5000,0.0493,0.3,0.03451,97.91,97.999,8.05,0.0005,DOCUMENTED promotional 0.05% through 2026-08-31,after_hours,pre_market,2026-09-18T23:05:03.291954+00:00,ticker_only,,,OBSERVED-NOW book scenario; fee/prices event-time,-0.08899999999999864,0.0979545,0.00014999250037498694,,,,,,,eligibility snapshot time unpublished,buy: no depth sample for this symbol/session
rSATA-2026-07-21-1,rSATA,RSATAUSDT,2026-07-21,premarket_0400,25000,0.0493,0.3,0.03451,97.91,97.999,8.05,0.0005,DOCUMENTED promotional 0.05% through 2026-08-31,after_hours,pre_market,2026-09-18T23:05:03.291954+00:00,ticker_only,,,OBSERVED-NOW book scenario; fee/prices event-time,-0.08899999999999864,0.0979545,,,,,,,,eligibility snapshot time unpublished,"sell: $25,000 exceeds visible top-of-book ($5,499) on ticker-only symbol; buy: no depth sample for this symbol/session"
rSATA-2026-07-21-1,rSATA,RSATAUSDT,2026-07-21,open_0930,1000,0.0493,0.3,0.03451,97.91,97.775,13.55,0.0005,DOCUMENTED promotional 0.05% through 2026-08-31,after_hours,regular,2026-09-18T23:05:03.291954+00:00,ticker_only,2026-09-16T19:34:15.315933+00:00,ticker_only,OBSERVED-NOW book scenario; fee/prices event-time,0.1349999999999909,0.0978425,0.00014999250037498694,0.00020010005002497267,0.034250548102906675,0.13209304810290667,-0.03160304810291577,3.379372172472752,-0.2325830481028976,eligibility snapshot time unpublished,
rSATA-2026-07-21-1,rSATA,RSATAUSDT,2026-07-21,open_0930,5000,0.0493,0.3,0.03451,97.91,97.775,13.55,0.0005,DOCUMENTED promotional 0.05% through 2026-08-31,after_hours,regular,2026-09-18T23:05:03.291954+00:00,ticker_only,2026-09-16T19:34:15.315933+00:00,ticker_only,OBSERVED-NOW book scenario; fee/prices event-time,0.1349999999999909,0.0978425,0.00014999250037498694,0.00020010005002497267,0.034250548102906675,0.13209304810290667,-0.03160304810291577,3.379372172472752,,eligibility snapshot time unpublished,
rSATA-2026-07-21-1,rSATA,RSATAUSDT,2026-07-21,open_0930,25000,0.0493,0.3,0.03451,97.91,97.775,13.55,0.0005,DOCUMENTED promotional 0.05% through 2026-08-31,after_hours,regular,2026-09-18T23:05:03.291954+00:00,ticker_only,2026-09-16T19:34:15.315933+00:00,ticker_only,OBSERVED-NOW book scenario; fee/prices event-time,0.1349999999999909,0.0978425,,0.00020010005002497267,,,,,,eligibility snapshot time unpublished,"sell: $25,000 exceeds visible top-of-book ($5,499) on ticker-only symbol"
rSATA-2026-07-21-1,rSATA,RSATAUSDT,2026-07-21,open_1000,1000,0.0493,0.3,0.03451,97.91,98.046,14.05,0.0005,DOCUMENTED promotional 0.05% through 2026-08-31,after_hours,regular,2026-09-18T23:05:03.291954+00:00,ticker_only,2026-09-16T19:34:15.315933+00:00,ticker_only,OBSERVED-NOW book scenario; fee/prices event-time,-0.1360000000000099,0.09797800000000001,0.00014999250037498694,0.00020010005002497267,0.03430477521646344,0.13228277521646345,-0.3027927752164733,3.383220592626034,0.038227224783546426,eligibility snapshot time unpublished,
rSATA-2026-07-21-1,rSATA,RSATAUSDT,2026-07-21,open_1000,5000,0.0493,0.3,0.03451,97.91,98.046,14.05,0.0005,DOCUMENTED promotional 0.05% through 2026-08-31,after_hours,regular,2026-09-18T23:05:03.291954+00:00,ticker_only,2026-09-16T19:34:15.315933+00:00,ticker_only,OBSERVED-NOW book scenario; fee/prices event-time,-0.1360000000000099,0.09797800000000001,0.00014999250037498694,0.00020010005002497267,0.03430477521646344,0.13228277521646345,-0.3027927752164733,3.383220592626034,,eligibility snapshot time unpublished,
rSATA-2026-07-21-1,rSATA,RSATAUSDT,2026-07-21,open_1000,25000,0.0493,0.3,0.03451,97.91,98.046,14.05,0.0005,DOCUMENTED promotional 0.05% through 2026-08-31,after_hours,regular,2026-09-18T23:05:03.291954+00:00,ticker_only,2026-09-16T19:34:15.315933+00:00,ticker_only,OBSERVED-NOW book scenario; fee/prices event-time,-0.1360000000000099,0.09797800000000001,,0.00020010005002497267,,,,,,eligibility snapshot time unpublished,"sell: $25,000 exceeds visible top-of-book ($5,499) on ticker-only symbol"
rSATA-2026-07-21-1,rSATA,RSATAUSDT,2026-07-21,close_1600,1000,0.0493,0.3,0.03451,97.91,98.299,20.05,0.0005,DOCUMENTED promotional 0.05% through 2026-08-31,after_hours,after_hours,2026-09-18T23:05:03.291954+00:00,ticker_only,2026-09-18T23:05:03.291954+00:00,ticker_only,OBSERVED-NOW book scenario; fee/prices event-time,-0.38900000000001,0.0981045,0.00014999250037498694,0.00014999250037498694,0.029429878506075813,0.1275343785060758,-0.5510443785060858,3.286904229332166,0.2959756214939342,eligibility snapshot time unpublished,
rSATA-2026-07-21-1,rSATA,RSATAUSDT,2026-07-21,close_1600,5000,0.0493,0.3,0.03451,97.91,98.299,20.05,0.0005,DOCUMENTED promotional 0.05% through 2026-08-31,after_hours,after_hours,2026-09-18T23:05:03.291954+00:00,ticker_only,2026-09-18T23:05:03.291954+00:00,ticker_only,OBSERVED-NOW book scenario; fee/prices event-time,-0.38900000000001,0.0981045,0.00014999250037498694,,,,,,,eligibility snapshot time unpublished,"buy: $5,000 exceeds visible top-of-book ($2,500) on ticker-only symbol"
rSATA-2026-07-21-1,rSATA,RSATAUSDT,2026-07-21,close_1600,25000,0.0493,0.3,0.03451,97.91,98.299,20.05,0.0005,DOCUMENTED promotional 0.05% through 2026-08-31,after_hours,after_hours,2026-09-18T23:05:03.291954+00:00,ticker_only,2026-09-18T23:05:03.291954+00:00,ticker_only,OBSERVED-NOW book scenario; fee/prices event-time,-0.38900000000001,0.0981045,,,,,,,,eligibility snapshot time unpublished,"sell: $25,000 exceeds visible top-of-book ($5,499) on ticker-only symbol; buy: $25,000 exceeds visible top-of-book ($2,500) on ticker-only symbol"
rSATA-2026-07-22-1,rSATA,RSATAUSDT,2026-07-22,overnight_2000,1000,0.0493,0.3,0.03451,98.101,98.29,3.2,0.0005,DOCUMENTED promotional 0.05% through 2026-08-31,after_hours,overnight,2026-09-18T23:05:03.291954+00:00,ticker_only,2026-09-19T03:05:03.356996+00:00,ticker_only,OBSERVED-NOW book scenario; fee/prices event-time,-0.18900000000000716,0.0981955,0.00014999250037498694,0.00014999250037498694,0.029457177141144063,0.12765267714114406,-0.35116267714115124,3.2893037959664113,0.09585732285886309,eligibility snapshot time unpublished,
rSATA-2026-07-22-1,rSATA,RSATAUSDT,2026-07-22,overnight_2000,5000,0.0493,0.3,0.03451,98.101,98.29,3.2,0.0005,DOCUMENTED promotional 0.05% through 2026-08-31,after_hours,overnight,2026-09-18T23:05:03.291954+00:00,ticker_only,2026-09-19T03:05:03.356996+00:00,ticker_only,OBSERVED-NOW book scenario; fee/prices event-time,-0.18900000000000716,0.0981955,0.00014999250037498694,,,,,,,eligibility snapshot time unpublished,"buy: $5,000 exceeds visible top-of-book ($2,500) on ticker-only symbol"
rSATA-2026-07-22-1,rSATA,RSATAUSDT,2026-07-22,overnight_2000,25000,0.0493,0.3,0.03451,98.101,98.29,3.2,0.0005,DOCUMENTED promotional 0.05% through 2026-08-31,after_hours,overnight,2026-09-18T23:05:03.291954+00:00,ticker_only,2026-09-19T03:05:03.356996+00:00,ticker_only,OBSERVED-NOW book scenario; fee/prices event-time,-0.18900000000000716,0.0981955,,,,,,,,eligibility snapshot time unpublished,"sell: $25,000 exceeds visible top-of-book ($5,499) on ticker-only symbol; buy: $25,000 exceeds visible top-of-book ($2,500) on ticker-only symbol"
rSATA-2026-07-22-1,rSATA,RSATAUSDT,2026-07-22,premarket_0400,1000,0.0493,0.3,0.03451,98.101,98.444,8.166666666666666,0.0005,DOCUMENTED promotional 0.05% through 2026-08-31,after_hours,pre_market,2026-09-18T23:05:03.291954+00:00,ticker_only,,,OBSERVED-NOW book scenario; fee/prices event-time,-0.3430000000000035,0.09827250000000001,0.00014999250037498694,,,,,,,eligibility snapshot time unpublished,buy: no depth sample for this symbol/session
rSATA-2026-07-22-1,rSATA,RSATAUSDT,2026-07-22,premarket_0400,5000,0.0493,0.3,0.03451,98.101,98.444,8.166666666666666,0.0005,DOCUMENTED promotional 0.05% through 2026-08-31,after_hours,pre_market,2026-09-18T23:05:03.291954+00:00,ticker_only,,,OBSERVED-NOW book scenario; fee/prices event-time,-0.3430000000000035,0.09827250000000001,0.00014999250037498694,,,,,,,eligibility snapshot time unpublished,buy: no depth sample for this symbol/session
rSATA-2026-07-22-1,rSATA,RSATAUSDT,2026-07-22,premarket_0400,25000,0.0493,0.3,0.03451,98.101,98.444,8.166666666666666,0.0005,DOCUMENTED promotional 0.05% through 2026-08-31,after_hours,pre_market,2026-09-18T23:05:03.291954+00:00,ticker_only,,,OBSERVED-NOW book scenario; fee/prices event-time,-0.3430000000000035,0.09827250000000001,,,,,,,,eligibility snapshot time unpublished,"sell: $25,000 exceeds visible top-of-book ($5,499) on ticker-only symbol; buy: no depth sample for this symbol/session"
rSATA-2026-07-22-1,rSATA,RSATAUSDT,2026-07-22,open_0930,1000,0.0493,0.3,0.03451,98.101,98.14,13.666666666666666,0.0005,DOCUMENTED promotional 0.05% through 2026-08-31,after_hours,regular,2026-09-18T23:05:03.291954+00:00,ticker_only,2026-09-16T19:34:15.315933+00:00,ticker_only,OBSERVED-NOW book scenario; fee/prices event-time,-0.03900000000000148,0.0981205,0.00014999250037498694,0.00020010005002497267,0.03435223318873741,0.13247273318873742,-0.2059827331887389,3.387073695511915,-0.05896273318873593,eligibility snapshot time unpublished,
rSATA-2026-07-22-1,rSATA,RSATAUSDT,2026-07-22,open_0930,5000,0.0493,0.3,0.03451,98.101,98.14,13.666666666666666,0.0005,DOCUMENTED promotional 0.05% through 2026-08-31,after_hours,regular,2026-09-18T23:05:03.291954+00:00,ticker_only,2026-09-16T19:34:15.315933+00:00,ticker_only,OBSERVED-NOW book scenario; fee/prices event-time,-0.03900000000000148,0.0981205,0.00014999250037498694,0.00020010005002497267,0.03435223318873741,0.13247273318873742,-0.2059827331887389,3.387073695511915,,eligibility snapshot time unpublished,
rSATA-2026-07-22-1,rSATA,RSATAUSDT,2026-07-22,open_0930,25000,0.0493,0.3,0.03451,98.101,98.14,13.666666666666666,0.0005,DOCUMENTED promotional 0.05% through 2026-08-31,after_hours,regular,2026-09-18T23:05:03.291954+00:00,ticker_only,2026-09-16T19:34:15.315933+00:00,ticker_only,OBSERVED-NOW book scenario; fee/prices event-time,-0.03900000000000148,0.0981205,,0.00020010005002497267,,,,,,eligibility snapshot time unpublished,"sell: $25,000 exceeds visible top-of-book ($5,499) on ticker-only symbol"
rSATA-2026-07-22-1,rSATA,RSATAUSDT,2026-07-22,open_1000,1000,0.0493,0.3,0.03451,98.101,98.29,14.166666666666666,0.0005,DOCUMENTED promotional 0.05% through 2026-08-31,after_hours,regular,2026-09-18T23:05:03.291954+00:00,ticker_only,2026-09-16T19:34:15.315933+00:00,ticker_only,OBSERVED-NOW book scenario; fee/prices event-time,-0.18900000000000716,0.0981955,0.00014999250037498694,0.00020010005002497267,0.03438224819624116,0.13257774819624116,-0.35608774819624833,3.3892038173679753,0.09093225180376599,eligibility snapshot time unpublished,
rSATA-2026-07-22-1,rSATA,RSATAUSDT,2026-07-22,open_1000,5000,0.0493,0.3,0.03451,98.101,98.29,14.166666666666666,0.0005,DOCUMENTED promotional 0.05% through 2026-08-31,after_hours,regular,2026-09-18T23:05:03.291954+00:00,ticker_only,2026-09-16T19:34:15.315933+00:00,ticker_only,OBSERVED-NOW book scenario; fee/prices event-time,-0.18900000000000716,0.0981955,0.00014999250037498694,0.00020010005002497267,0.03438224819624116,0.13257774819624116,-0.35608774819624833,3.3892038173679753,,eligibility snapshot time unpublished,
rSATA-2026-07-22-1,rSATA,RSATAUSDT,2026-07-22,open_1000,25000,0.0493,0.3,0.03451,98.101,98.29,14.166666666666666,0.0005,DOCUMENTED promotional 0.05% through 2026-08-31,after_hours,regular,2026-09-18T23:05:03.291954+00:00,ticker_only,2026-09-16T19:34:15.315933+00:00,ticker_only,OBSERVED-NOW book scenario; fee/prices event-time,-0.18900000000000716,0.0981955,,0.00020010005002497267,,,,,,eligibility snapshot time unpublished,"sell: $25,000 exceeds visible top-of-book ($5,499) on ticker-only symbol"
rSATA-2026-07-22-1,rSATA,RSATAUSDT,2026-07-22,close_1600,1000,0.0493,0.3,0.03451,98.101,98.026,20.166666666666668,0.0005,DOCUMENTED promotional 0.05% through 2026-08-31,after_hours,after_hours,2026-09-18T23:05:03.291954+00:00,ticker_only,2026-09-18T23:05:03.291954+00:00,ticker_only,OBSERVED-NOW book scenario; fee/prices event-time,0.07500000000000284,0.09806350000000001,0.00014999250037498694,0.00014999250037498694,0.029417579121045062,0.12748107912104506,-0.08699107912104222,3.285823105903551,-0.16797107912104792,eligibility snapshot time unpublished,
rSATA-2026-07-22-1,rSATA,RSATAUSDT,2026-07-22,close_1600,5000,0.0493,0.3,0.03451,98.101,98.026,20.166666666666668,0.0005,DOCUMENTED promotional 0.05% through 2026-08-31,after_hours,after_hours,2026-09-18T23:05:03.291954+00:00,ticker_only,2026-09-18T23:05:03.291954+00:00,ticker_only,OBSERVED-NOW book scenario; fee/prices event-time,0.07500000000000284,0.09806350000000001,0.00014999250037498694,,,,,,,eligibility snapshot time unpublished,"buy: $5,000 exceeds visible top-of-book ($2,500) on ticker-only symbol"
rSATA-2026-07-22-1,rSATA,RSATAUSDT,2026-07-22,close_1600,25000,0.0493,0.3,0.03451,98.101,98.026,20.166666666666668,0.0005,DOCUMENTED promotional 0.05% through 2026-08-31,after_hours,after_hours,2026-09-18T23:05:03.291954+00:00,ticker_only,2026-09-18T23:05:03.291954+00:00,ticker_only,OBSERVED-NOW book scenario; fee/prices event-time,0.07500000000000284,0.09806350000000001,,,,,,,,eligibility snapshot time unpublished,"sell: $25,000 exceeds visible top-of-book ($5,499) on ticker-only symbol; buy: $25,000 exceeds visible top-of-book ($2,500) on ticker-only symbol"
rSATA-2026-07-23-1,rSATA,RSATAUSDT,2026-07-23,overnight_2000,1000,0.0493,0.3,0.03451,97.859,98.08,5.283333333333333,0.0005,DOCUMENTED promotional 0.05% through 2026-08-31,after_hours,overnight,2026-09-18T23:05:03.291954+00:00,ticker_only,2026-09-19T03:05:03.356996+00:00,ticker_only,OBSERVED-NOW book scenario; fee/prices event-time,-0.22100000000000364,0.0979695,0.00014999250037498694,0.00014999250037498694,0.029389380530974563,0.12735888053097455,-0.3828688805309782,3.2833444326769685,0.12815111946902907,eligibility snapshot time unpublished,
rSATA-2026-07-23-1,rSATA,RSATAUSDT,2026-07-23,overnight_2000,5000,0.0493,0.3,0.03451,97.859,98.08,5.283333333333333,0.0005,DOCUMENTED promotional 0.05% through 2026-08-31,after_hours,overnight,2026-09-18T23:05:03.291954+00:00,ticker_only,2026-09-19T03:05:03.356996+00:00,ticker_only,OBSERVED-NOW book scenario; fee/prices event-time,-0.22100000000000364,0.0979695,0.00014999250037498694,,,,,,,eligibility snapshot time unpublished,"buy: $5,000 exceeds visible top-of-book ($2,500) on ticker-only symbol"
rSATA-2026-07-23-1,rSATA,RSATAUSDT,2026-07-23,overnight_2000,25000,0.0493,0.3,0.03451,97.859,98.08,5.283333333333333,0.0005,DOCUMENTED promotional 0.05% through 2026-08-31,after_hours,overnight,2026-09-18T23:05:03.291954+00:00,ticker_only,2026-09-19T03:05:03.356996+00:00,ticker_only,OBSERVED-NOW book scenario; fee/prices event-time,-0.22100000000000364,0.0979695,,,,,,,,eligibility snapshot time unpublished,"sell: $25,000 exceeds visible top-of-book ($5,499) on ticker-only symbol; buy: $25,000 exceeds visible top-of-book ($2,500) on ticker-only symbol"
rSATA-2026-07-23-1,rSATA,RSATAUSDT,2026-07-23,premarket_0400,1000,0.0493,0.3,0.03451,97.859,97.86,8.083333333333334,0.0005,DOCUMENTED promotional 0.05% through 2026-08-31,after_hours,pre_market,2026-09-18T23:05:03.291954+00:00,ticker_only,,,OBSERVED-NOW book scenario; fee/prices event-time,-0.0010000000000047748,0.0978595,0.00014999250037498694,,,,,,,eligibility snapshot time unpublished,buy: no depth sample for this symbol/session
rSATA-2026-07-23-1,rSATA,RSATAUSDT,2026-07-23,premarket_0400,5000,0.0493,0.3,0.03451,97.859,97.86,8.083333333333334,0.0005,DOCUMENTED promotional 0.05% through 2026-08-31,after_hours,pre_market,2026-09-18T23:05:03.291954+00:00,ticker_only,,,OBSERVED-NOW book scenario; fee/prices event-time,-0.0010000000000047748,0.0978595,0.00014999250037498694,,,,,,,eligibility snapshot time unpublished,buy: no depth sample for this symbol/session
rSATA-2026-07-23-1,rSATA,RSATAUSDT,2026-07-23,premarket_0400,25000,0.0493,0.3,0.03451,97.859,97.86,8.083333333333334,0.0005,DOCUMENTED promotional 0.05% through 2026-08-31,after_hours,pre_market,2026-09-18T23:05:03.291954+00:00,ticker_only,,,OBSERVED-NOW book scenario; fee/prices event-time,-0.0010000000000047748,0.0978595,,,,,,,,eligibility snapshot time unpublished,"sell: $25,000 exceeds visible top-of-book ($5,499) on ticker-only symbol; buy: no depth sample for this symbol/session"
rSATA-2026-07-23-1,rSATA,RSATAUSDT,2026-07-23,open_0930,1000,0.0493,0.3,0.03451,97.859,97.75,13.583333333333334,0.0005,DOCUMENTED promotional 0.05% through 2026-08-31,after_hours,regular,2026-09-18T23:05:03.291954+00:00,ticker_only,2026-09-16T19:34:15.315933+00:00,ticker_only,OBSERVED-NOW book scenario; fee/prices event-time,0.10899999999999466,0.09780449999999999,0.00014999250037498694,0.00020010005002497267,0.03423789598413692,0.13204239598413692,-0.05755239598414226,3.378344746128538,-0.20653239598413156,eligibility snapshot time unpublished,
rSATA-2026-07-23-1,rSATA,RSATAUSDT,2026-07-23,open_0930,5000,0.0493,0.3,0.03451,97.859,97.75,13.583333333333334,0.0005,DOCUMENTED promotional 0.05% through 2026-08-31,after_hours,regular,2026-09-18T23:05:03.291954+00:00,ticker_only,2026-09-16T19:34:15.315933+00:00,ticker_only,OBSERVED-NOW book scenario; fee/prices event-time,0.10899999999999466,0.09780449999999999,0.00014999250037498694,0.00020010005002497267,0.03423789598413692,0.13204239598413692,-0.05755239598414226,3.378344746128538,,eligibility snapshot time unpublished,
rSATA-2026-07-23-1,rSATA,RSATAUSDT,2026-07-23,open_0930,25000,0.0493,0.3,0.03451,97.859,97.75,13.583333333333334,0.0005,DOCUMENTED promotional 0.05% through 2026-08-31,after_hours,regular,2026-09-18T23:05:03.291954+00:00,ticker_only,2026-09-16T19:34:15.315933+00:00,ticker_only,OBSERVED-NOW book scenario; fee/prices event-time,0.10899999999999466,0.09780449999999999,,0.00020010005002497267,,,,,,eligibility snapshot time unpublished,"sell: $25,000 exceeds visible top-of-book ($5,499) on ticker-only symbol"
rSATA-2026-07-23-1,rSATA,RSATAUSDT,2026-07-23,open_1000,1000,0.0493,0.3,0.03451,97.859,97.743,14.083333333333334,0.0005,DOCUMENTED promotional 0.05% through 2026-08-31,after_hours,regular,2026-09-18T23:05:03.291954+00:00,ticker_only,2026-09-16T19:34:15.315933+00:00,ticker_only,OBSERVED-NOW book scenario; fee/prices event-time,0.11599999999999966,0.09780099999999999,0.00014999250037498694,0.00020010005002497267,0.03423649528378675,0.13203749528378672,-0.05054749528378706,3.378245340441921,-0.2135274952837864,eligibility snapshot time unpublished,
rSATA-2026-07-23-1,rSATA,RSATAUSDT,2026-07-23,open_1000,5000,0.0493,0.3,0.03451,97.859,97.743,14.083333333333334,0.0005,DOCUMENTED promotional 0.05% through 2026-08-31,after_hours,regular,2026-09-18T23:05:03.291954+00:00,ticker_only,2026-09-16T19:34:15.315933+00:00,ticker_only,OBSERVED-NOW book scenario; fee/prices event-time,0.11599999999999966,0.09780099999999999,0.00014999250037498694,0.00020010005002497267,0.03423649528378675,0.13203749528378672,-0.05054749528378706,3.378245340441921,,eligibility snapshot time unpublished,
rSATA-2026-07-23-1,rSATA,RSATAUSDT,2026-07-23,open_1000,25000,0.0493,0.3,0.03451,97.859,97.743,14.083333333333334,0.0005,DOCUMENTED promotional 0.05% through 2026-08-31,after_hours,regular,2026-09-18T23:05:03.291954+00:00,ticker_only,2026-09-16T19:34:15.315933+00:00,ticker_only,OBSERVED-NOW book scenario; fee/prices event-time,0.11599999999999966,0.09780099999999999,,0.00020010005002497267,,,,,,eligibility snapshot time unpublished,"sell: $25,000 exceeds visible top-of-book ($5,499) on ticker-only symbol"
rSATA-2026-07-23-1,rSATA,RSATAUSDT,2026-07-23,close_1600,1000,0.0493,0.3,0.03451,97.859,96.416,20.083333333333332,0.0005,DOCUMENTED promotional 0.05% through 2026-08-31,after_hours,after_hours,2026-09-18T23:05:03.291954+00:00,ticker_only,2026-09-18T23:05:03.291954+00:00,ticker_only,OBSERVED-NOW book scenario; fee/prices event-time,1.4429999999999978,0.09713749999999999,0.00014999250037498694,0.00014999250037498694,0.029139793010350586,0.12627729301035057,1.2822127069896472,3.2614055377353055,-1.5347672930103484,eligibility snapshot time unpublished,
rSATA-2026-07-23-1,rSATA,RSATAUSDT,2026-07-23,close_1600,5000,0.0493,0.3,0.03451,97.859,96.416,20.083333333333332,0.0005,DOCUMENTED promotional 0.05% through 2026-08-31,after_hours,after_hours,2026-09-18T23:05:03.291954+00:00,ticker_only,2026-09-18T23:05:03.291954+00:00,ticker_only,OBSERVED-NOW book scenario; fee/prices event-time,1.4429999999999978,0.09713749999999999,0.00014999250037498694,,,,,,,eligibility snapshot time unpublished,"buy: $5,000 exceeds visible top-of-book ($2,500) on ticker-only symbol"
rSATA-2026-07-23-1,rSATA,RSATAUSDT,2026-07-23,close_1600,25000,0.0493,0.3,0.03451,97.859,96.416,20.083333333333332,0.0005,DOCUMENTED promotional 0.05% through 2026-08-31,after_hours,after_hours,2026-09-18T23:05:03.291954+00:00,ticker_only,2026-09-18T23:05:03.291954+00:00,ticker_only,OBSERVED-NOW book scenario; fee/prices event-time,1.4429999999999978,0.09713749999999999,,,,,,,,eligibility snapshot time unpublished,"sell: $25,000 exceeds visible top-of-book ($5,499) on ticker-only symbol; buy: $25,000 exceeds visible top-of-book ($2,500) on ticker-only symbol"
rSATA-2026-07-24-1,rSATA,RSATAUSDT,2026-07-24,overnight_2000,1000,0.0493,0.3,0.03451,96.747,96.898,8.066666666666666,0.0005,DOCUMENTED promotional 0.05% through 2026-08-31,after_hours,overnight,2026-09-18T23:05:03.291954+00:00,ticker_only,2026-09-19T03:05:03.356996+00:00,ticker_only,OBSERVED-NOW book scenario; fee/prices event-time,-0.15099999999999625,0.09682249999999999,0.00014999250037498694,0.00014999250037498694,0.029045297735114342,0.12586779773511433,-0.31137779773511054,3.253099345539845,0.0596422022648819,eligibility snapshot time unpublished,
rSATA-2026-07-24-1,rSATA,RSATAUSDT,2026-07-24,overnight_2000,5000,0.0493,0.3,0.03451,96.747,96.898,8.066666666666666,0.0005,DOCUMENTED promotional 0.05% through 2026-08-31,after_hours,overnight,2026-09-18T23:05:03.291954+00:00,ticker_only,2026-09-19T03:05:03.356996+00:00,ticker_only,OBSERVED-NOW book scenario; fee/prices event-time,-0.15099999999999625,0.09682249999999999,0.00014999250037498694,,,,,,,eligibility snapshot time unpublished,"buy: $5,000 exceeds visible top-of-book ($2,500) on ticker-only symbol"
rSATA-2026-07-24-1,rSATA,RSATAUSDT,2026-07-24,overnight_2000,25000,0.0493,0.3,0.03451,96.747,96.898,8.066666666666666,0.0005,DOCUMENTED promotional 0.05% through 2026-08-31,after_hours,overnight,2026-09-18T23:05:03.291954+00:00,ticker_only,2026-09-19T03:05:03.356996+00:00,ticker_only,OBSERVED-NOW book scenario; fee/prices event-time,-0.15099999999999625,0.09682249999999999,,,,,,,,eligibility snapshot time unpublished,"sell: $25,000 exceeds visible top-of-book ($5,499) on ticker-only symbol; buy: $25,000 exceeds visible top-of-book ($2,500) on ticker-only symbol"
rSATA-2026-07-24-1,rSATA,RSATAUSDT,2026-07-24,premarket_0400,1000,0.0493,0.3,0.03451,96.747,96.898,8.066666666666666,0.0005,DOCUMENTED promotional 0.05% through 2026-08-31,after_hours,pre_market,2026-09-18T23:05:03.291954+00:00,ticker_only,,,OBSERVED-NOW book scenario; fee/prices event-time,-0.15099999999999625,0.09682249999999999,0.00014999250037498694,,,,,,,eligibility snapshot time unpublished,buy: no depth sample for this symbol/session
rSATA-2026-07-24-1,rSATA,RSATAUSDT,2026-07-24,premarket_0400,5000,0.0493,0.3,0.03451,96.747,96.898,8.066666666666666,0.0005,DOCUMENTED promotional 0.05% through 2026-08-31,after_hours,pre_market,2026-09-18T23:05:03.291954+00:00,ticker_only,,,OBSERVED-NOW book scenario; fee/prices event-time,-0.15099999999999625,0.09682249999999999,0.00014999250037498694,,,,,,,eligibility snapshot time unpublished,buy: no depth sample for this symbol/session
rSATA-2026-07-24-1,rSATA,RSATAUSDT,2026-07-24,premarket_0400,25000,0.0493,0.3,0.03451,96.747,96.898,8.066666666666666,0.0005,DOCUMENTED promotional 0.05% through 2026-08-31,after_hours,pre_market,2026-09-18T23:05:03.291954+00:00,ticker_only,,,OBSERVED-NOW book scenario; fee/prices event-time,-0.15099999999999625,0.09682249999999999,,,,,,,,eligibility snapshot time unpublished,"sell: $25,000 exceeds visible top-of-book ($5,499) on ticker-only symbol; buy: no depth sample for this symbol/session"
rSATA-2026-07-24-1,rSATA,RSATAUSDT,2026-07-24,open_0930,1000,0.0493,0.3,0.03451,96.747,96.607,13.566666666666666,0.0005,DOCUMENTED promotional 0.05% through 2026-08-31,after_hours,regular,2026-09-18T23:05:03.291954+00:00,ticker_only,2026-09-16T19:34:15.315933+00:00,ticker_only,OBSERVED-NOW book scenario; fee/prices event-time,0.14000000000000057,0.096677,0.00014999250037498694,0.00020010005002497267,0.033842389966541396,0.1305193899665414,-0.02502938996654082,3.3474521291387704,-0.23600938996654197,eligibility snapshot time unpublished,
rSATA-2026-07-24-1,rSATA,RSATAUSDT,2026-07-24,open_0930,5000,0.0493,0.3,0.03451,96.747,96.607,13.566666666666666,0.0005,DOCUMENTED promotional 0.05% through 2026-08-31,after_hours,regular,2026-09-18T23:05:03.291954+00:00,ticker_only,2026-09-16T19:34:15.315933+00:00,ticker_only,OBSERVED-NOW book scenario; fee/prices event-time,0.14000000000000057,0.096677,0.00014999250037498694,0.00020010005002497267,0.033842389966541396,0.1305193899665414,-0.02502938996654082,3.3474521291387704,,eligibility snapshot time unpublished,
rSATA-2026-07-24-1,rSATA,RSATAUSDT,2026-07-24,open_0930,25000,0.0493,0.3,0.03451,96.747,96.607,13.566666666666666,0.0005,DOCUMENTED promotional 0.05% through 2026-08-31,after_hours,regular,2026-09-18T23:05:03.291954+00:00,ticker_only,2026-09-16T19:34:15.315933+00:00,ticker_only,OBSERVED-NOW book scenario; fee/prices event-time,0.14000000000000057,0.096677,,0.00020010005002497267,,,,,,eligibility snapshot time unpublished,"sell: $25,000 exceeds visible top-of-book ($5,499) on ticker-only symbol"
rSATA-2026-07-24-1,rSATA,RSATAUSDT,2026-07-24,open_1000,1000,0.0493,0.3,0.03451,96.747,96.686,14.066666666666666,0.0005,DOCUMENTED promotional 0.05% through 2026-08-31,after_hours,regular,2026-09-18T23:05:03.291954+00:00,ticker_only,2026-09-16T19:34:15.315933+00:00,ticker_only,OBSERVED-NOW book scenario; fee/prices event-time,0.06099999999999284,0.0967165,0.00014999250037498694,0.00020010005002497267,0.03385819787049337,0.13057469787049336,-0.10408469787050052,3.3485739933162955,-0.15706469787048621,eligibility snapshot time unpublished,
rSATA-2026-07-24-1,rSATA,RSATAUSDT,2026-07-24,open_1000,5000,0.0493,0.3,0.03451,96.747,96.686,14.066666666666666,0.0005,DOCUMENTED promotional 0.05% through 2026-08-31,after_hours,regular,2026-09-18T23:05:03.291954+00:00,ticker_only,2026-09-16T19:34:15.315933+00:00,ticker_only,OBSERVED-NOW book scenario; fee/prices event-time,0.06099999999999284,0.0967165,0.00014999250037498694,0.00020010005002497267,0.03385819787049337,0.13057469787049336,-0.10408469787050052,3.3485739933162955,,eligibility snapshot time unpublished,
rSATA-2026-07-24-1,rSATA,RSATAUSDT,2026-07-24,open_1000,25000,0.0493,0.3,0.03451,96.747,96.686,14.066666666666666,0.0005,DOCUMENTED promotional 0.05% through 2026-08-31,after_hours,regular,2026-09-18T23:05:03.291954+00:00,ticker_only,2026-09-16T19:34:15.315933+00:00,ticker_only,OBSERVED-NOW book scenario; fee/prices event-time,0.06099999999999284,0.0967165,,0.00020010005002497267,,,,,,eligibility snapshot time unpublished,"sell: $25,000 exceeds visible top-of-book ($5,499) on ticker-only symbol"
rSATA-2026-07-24-1,rSATA,RSATAUSDT,2026-07-24,close_1600,1000,0.0493,0.3,0.03451,96.747,96.805,20.066666666666666,0.0005,DOCUMENTED promotional 0.05% through 2026-08-31,after_hours,after_hours,2026-09-18T23:05:03.291954+00:00,ticker_only,2026-09-18T23:05:03.291954+00:00,ticker_only,OBSERVED-NOW book scenario; fee/prices event-time,-0.058000000000006935,0.09677600000000001,0.00014999250037498694,0.00014999250037498694,0.02903134843257947,0.12580734843257949,-0.21831734843258643,3.2518731933586107,-0.03329734843257255,eligibility snapshot time unpublished,
rSATA-2026-07-24-1,rSATA,RSATAUSDT,2026-07-24,close_1600,5000,0.0493,0.3,0.03451,96.747,96.805,20.066666666666666,0.0005,DOCUMENTED promotional 0.05% through 2026-08-31,after_hours,after_hours,2026-09-18T23:05:03.291954+00:00,ticker_only,2026-09-18T23:05:03.291954+00:00,ticker_only,OBSERVED-NOW book scenario; fee/prices event-time,-0.058000000000006935,0.09677600000000001,0.00014999250037498694,,,,,,,eligibility snapshot time unpublished,"buy: $5,000 exceeds visible top-of-book ($2,500) on ticker-only symbol"
rSATA-2026-07-24-1,rSATA,RSATAUSDT,2026-07-24,close_1600,25000,0.0493,0.3,0.03451,96.747,96.805,20.066666666666666,0.0005,DOCUMENTED promotional 0.05% through 2026-08-31,after_hours,after_hours,2026-09-18T23:05:03.291954+00:00,ticker_only,2026-09-18T23:05:03.291954+00:00,ticker_only,OBSERVED-NOW book scenario; fee/prices event-time,-0.058000000000006935,0.09677600000000001,,,,,,,,eligibility snapshot time unpublished,"sell: $25,000 exceeds visible top-of-book ($5,499) on ticker-only symbol; buy: $25,000 exceeds visible top-of-book ($2,500) on ticker-only symbol"
rSATA-2026-07-27-1,rSATA,RSATAUSDT,2026-07-27,overnight_2000,1000,0.0493,0.3,0.03451,97.002,96.72,50.03333333333333,0.0005,DOCUMENTED promotional 0.05% through 2026-08-31,after_hours,overnight,2026-09-18T23:05:03.291954+00:00,ticker_only,2026-09-19T03:05:03.356996+00:00,ticker_only,OBSERVED-NOW book scenario; fee/prices event-time,0.2819999999999965,0.09686099999999999,0.00014999250037498694,0.00014999250037498694,0.029056847157643218,0.1259178471576432,0.12157215284235329,3.2541145468081787,-0.3734078471576397,eligibility snapshot time unpublished,
rSATA-2026-07-27-1,rSATA,RSATAUSDT,2026-07-27,overnight_2000,5000,0.0493,0.3,0.03451,97.002,96.72,50.03333333333333,0.0005,DOCUMENTED promotional 0.05% through 2026-08-31,after_hours,overnight,2026-09-18T23:05:03.291954+00:00,ticker_only,2026-09-19T03:05:03.356996+00:00,ticker_only,OBSERVED-NOW book scenario; fee/prices event-time,0.2819999999999965,0.09686099999999999,0.00014999250037498694,,,,,,,eligibility snapshot time unpublished,"buy: $5,000 exceeds visible top-of-book ($2,500) on ticker-only symbol"
rSATA-2026-07-27-1,rSATA,RSATAUSDT,2026-07-27,overnight_2000,25000,0.0493,0.3,0.03451,97.002,96.72,50.03333333333333,0.0005,DOCUMENTED promotional 0.05% through 2026-08-31,after_hours,overnight,2026-09-18T23:05:03.291954+00:00,ticker_only,2026-09-19T03:05:03.356996+00:00,ticker_only,OBSERVED-NOW book scenario; fee/prices event-time,0.2819999999999965,0.09686099999999999,,,,,,,,eligibility snapshot time unpublished,"sell: $25,000 exceeds visible top-of-book ($5,499) on ticker-only symbol; buy: $25,000 exceeds visible top-of-book ($2,500) on ticker-only symbol"
rSATA-2026-07-27-1,rSATA,RSATAUSDT,2026-07-27,premarket_0400,1000,0.0493,0.3,0.03451,97.002,96.761,56.06666666666667,0.0005,DOCUMENTED promotional 0.05% through 2026-08-31,after_hours,pre_market,2026-09-18T23:05:03.291954+00:00,ticker_only,,,OBSERVED-NOW book scenario; fee/prices event-time,0.24099999999999966,0.0968815,0.00014999250037498694,,,,,,,eligibility snapshot time unpublished,buy: no depth sample for this symbol/session
rSATA-2026-07-27-1,rSATA,RSATAUSDT,2026-07-27,premarket_0400,5000,0.0493,0.3,0.03451,97.002,96.761,56.06666666666667,0.0005,DOCUMENTED promotional 0.05% through 2026-08-31,after_hours,pre_market,2026-09-18T23:05:03.291954+00:00,ticker_only,,,OBSERVED-NOW book scenario; fee/prices event-time,0.24099999999999966,0.0968815,0.00014999250037498694,,,,,,,eligibility snapshot time unpublished,buy: no depth sample for this symbol/session
rSATA-2026-07-27-1,rSATA,RSATAUSDT,2026-07-27,premarket_0400,25000,0.0493,0.3,0.03451,97.002,96.761,56.06666666666667,0.0005,DOCUMENTED promotional 0.05% through 2026-08-31,after_hours,pre_market,2026-09-18T23:05:03.291954+00:00,ticker_only,,,OBSERVED-NOW book scenario; fee/prices event-time,0.24099999999999966,0.0968815,,,,,,,,eligibility snapshot time unpublished,"sell: $25,000 exceeds visible top-of-book ($5,499) on ticker-only symbol; buy: no depth sample for this symbol/session"
rSATA-2026-07-27-1,rSATA,RSATAUSDT,2026-07-27,open_0930,1000,0.0493,0.3,0.03451,97.002,97.15,61.56666666666667,0.0005,DOCUMENTED promotional 0.05% through 2026-08-31,after_hours,regular,2026-09-18T23:05:03.291954+00:00,ticker_only,2026-09-16T19:34:15.315933+00:00,ticker_only,OBSERVED-NOW book scenario; fee/prices event-time,-0.14800000000001035,0.097076,0.00014999250037498694,0.00020010005002497267,0.03398929238130058,0.13106529238130057,-0.3135752923813109,3.358525200432061,0.051444707618709756,eligibility snapshot time unpublished,
rSATA-2026-07-27-1,rSATA,RSATAUSDT,2026-07-27,open_0930,5000,0.0493,0.3,0.03451,97.002,97.15,61.56666666666667,0.0005,DOCUMENTED promotional 0.05% through 2026-08-31,after_hours,regular,2026-09-18T23:05:03.291954+00:00,ticker_only,2026-09-16T19:34:15.315933+00:00,ticker_only,OBSERVED-NOW book scenario; fee/prices event-time,-0.14800000000001035,0.097076,0.00014999250037498694,0.00020010005002497267,0.03398929238130058,0.13106529238130057,-0.3135752923813109,3.358525200432061,,eligibility snapshot time unpublished,
rSATA-2026-07-27-1,rSATA,RSATAUSDT,2026-07-27,open_0930,25000,0.0493,0.3,0.03451,97.002,97.15,61.56666666666667,0.0005,DOCUMENTED promotional 0.05% through 2026-08-31,after_hours,regular,2026-09-18T23:05:03.291954+00:00,ticker_only,2026-09-16T19:34:15.315933+00:00,ticker_only,OBSERVED-NOW book scenario; fee/prices event-time,-0.14800000000001035,0.097076,,0.00020010005002497267,,,,,,eligibility snapshot time unpublished,"sell: $25,000 exceeds visible top-of-book ($5,499) on ticker-only symbol"
rSATA-2026-07-27-1,rSATA,RSATAUSDT,2026-07-27,open_1000,1000,0.0493,0.3,0.03451,97.002,97.01,62.06666666666667,0.0005,DOCUMENTED promotional 0.05% through 2026-08-31,after_hours,regular,2026-09-18T23:05:03.291954+00:00,ticker_only,2026-09-16T19:34:15.315933+00:00,ticker_only,OBSERVED-NOW book scenario; fee/prices event-time,-0.008000000000009777,0.09700600000000001,0.00014999250037498694,0.00020010005002497267,0.03396127837429708,0.13096727837429709,-0.17347727837430688,3.3565370866997384,-0.08845727837428731,eligibility snapshot time unpublished,
rSATA-2026-07-27-1,rSATA,RSATAUSDT,2026-07-27,open_1000,5000,0.0493,0.3,0.03451,97.002,97.01,62.06666666666667,0.0005,DOCUMENTED promotional 0.05% through 2026-08-31,after_hours,regular,2026-09-18T23:05:03.291954+00:00,ticker_only,2026-09-16T19:34:15.315933+00:00,ticker_only,OBSERVED-NOW book scenario; fee/prices event-time,-0.008000000000009777,0.09700600000000001,0.00014999250037498694,0.00020010005002497267,0.03396127837429708,0.13096727837429709,-0.17347727837430688,3.3565370866997384,,eligibility snapshot time unpublished,
rSATA-2026-07-27-1,rSATA,RSATAUSDT,2026-07-27,open_1000,25000,0.0493,0.3,0.03451,97.002,97.01,62.06666666666667,0.0005,DOCUMENTED promotional 0.05% through 2026-08-31,after_hours,regular,2026-09-18T23:05:03.291954+00:00,ticker_only,2026-09-16T19:34:15.315933+00:00,ticker_only,OBSERVED-NOW book scenario; fee/prices event-time,-0.008000000000009777,0.09700600000000001,,0.00020010005002497267,,,,,,eligibility snapshot time unpublished,"sell: $25,000 exceeds visible top-of-book ($5,499) on ticker-only symbol"
rSATA-2026-07-27-1,rSATA,RSATAUSDT,2026-07-27,close_1600,1000,0.0493,0.3,0.03451,97.002,96.751,68.06666666666666,0.0005,DOCUMENTED promotional 0.05% through 2026-08-31,after_hours,after_hours,2026-09-18T23:05:03.291954+00:00,ticker_only,2026-09-18T23:05:03.291954+00:00,ticker_only,OBSERVED-NOW book scenario; fee/prices event-time,0.25099999999999056,0.09687649999999999,0.00014999250037498694,0.00014999250037498694,0.029061496925154844,0.12593799692515484,0.09055200307483574,3.2545232642019237,-0.3424279969251454,eligibility snapshot time unpublished,
rSATA-2026-07-27-1,rSATA,RSATAUSDT,2026-07-27,close_1600,5000,0.0493,0.3,0.03451,97.002,96.751,68.06666666666666,0.0005,DOCUMENTED promotional 0.05% through 2026-08-31,after_hours,after_hours,2026-09-18T23:05:03.291954+00:00,ticker_only,2026-09-18T23:05:03.291954+00:00,ticker_only,OBSERVED-NOW book scenario; fee/prices event-time,0.25099999999999056,0.09687649999999999,0.00014999250037498694,,,,,,,eligibility snapshot time unpublished,"buy: $5,000 exceeds visible top-of-book ($2,500) on ticker-only symbol"
rSATA-2026-07-27-1,rSATA,RSATAUSDT,2026-07-27,close_1600,25000,0.0493,0.3,0.03451,97.002,96.751,68.06666666666666,0.0005,DOCUMENTED promotional 0.05% through 2026-08-31,after_hours,after_hours,2026-09-18T23:05:03.291954+00:00,ticker_only,2026-09-18T23:05:03.291954+00:00,ticker_only,OBSERVED-NOW book scenario; fee/prices event-time,0.25099999999999056,0.09687649999999999,,,,,,,,eligibility snapshot time unpublished,"sell: $25,000 exceeds visible top-of-book ($5,499) on ticker-only symbol; buy: $25,000 exceeds visible top-of-book ($2,500) on ticker-only symbol"
rSATA-2026-07-28-1,rSATA,RSATAUSDT,2026-07-28,overnight_2000,1000,0.0493,0.3,0.03451,96.75,97.5,0.38333333333333336,0.0005,DOCUMENTED promotional 0.05% through 2026-08-31,after_hours,overnight,2026-09-18T23:05:03.291954+00:00,ticker_only,2026-09-19T03:05:03.356996+00:00,ticker_only,OBSERVED-NOW book scenario; fee/prices event-time,-0.75,0.097125,0.00014999250037498694,0.00014999250037498694,0.029136043197841213,0.1262610431978412,-0.9107710431978413,3.2610759269338985,0.6582489568021588,eligibility snapshot time unpublished,
rSATA-2026-07-28-1,rSATA,RSATAUSDT,2026-07-28,overnight_2000,5000,0.0493,0.3,0.03451,96.75,97.5,0.38333333333333336,0.0005,DOCUMENTED promotional 0.05% through 2026-08-31,after_hours,overnight,2026-09-18T23:05:03.291954+00:00,ticker_only,2026-09-19T03:05:03.356996+00:00,ticker_only,OBSERVED-NOW book scenario; fee/prices event-time,-0.75,0.097125,0.00014999250037498694,,,,,,,eligibility snapshot time unpublished,"buy: $5,000 exceeds visible top-of-book ($2,500) on ticker-only symbol"
rSATA-2026-07-28-1,rSATA,RSATAUSDT,2026-07-28,overnight_2000,25000,0.0493,0.3,0.03451,96.75,97.5,0.38333333333333336,0.0005,DOCUMENTED promotional 0.05% through 2026-08-31,after_hours,overnight,2026-09-18T23:05:03.291954+00:00,ticker_only,2026-09-19T03:05:03.356996+00:00,ticker_only,OBSERVED-NOW book scenario; fee/prices event-time,-0.75,0.097125,,,,,,,,eligibility snapshot time unpublished,"sell: $25,000 exceeds visible top-of-book ($5,499) on ticker-only symbol; buy: $25,000 exceeds visible top-of-book ($2,500) on ticker-only symbol"
rSATA-2026-07-28-1,rSATA,RSATAUSDT,2026-07-28,premarket_0400,1000,0.0493,0.3,0.03451,96.75,96.949,8.033333333333333,0.0005,DOCUMENTED promotional 0.05% through 2026-08-31,after_hours,pre_market,2026-09-18T23:05:03.291954+00:00,ticker_only,,,OBSERVED-NOW book scenario; fee/prices event-time,-0.19899999999999807,0.0968495,0.00014999250037498694,,,,,,,eligibility snapshot time unpublished,buy: no depth sample for this symbol/session
rSATA-2026-07-28-1,rSATA,RSATAUSDT,2026-07-28,premarket_0400,5000,0.0493,0.3,0.03451,96.75,96.949,8.033333333333333,0.0005,DOCUMENTED promotional 0.05% through 2026-08-31,after_hours,pre_market,2026-09-18T23:05:03.291954+00:00,ticker_only,,,OBSERVED-NOW book scenario; fee/prices event-time,-0.19899999999999807,0.0968495,0.00014999250037498694,,,,,,,eligibility snapshot time unpublished,buy: no depth sample for this symbol/session
rSATA-2026-07-28-1,rSATA,RSATAUSDT,2026-07-28,premarket_0400,25000,0.0493,0.3,0.03451,96.75,96.949,8.033333333333333,0.0005,DOCUMENTED promotional 0.05% through 2026-08-31,after_hours,pre_market,2026-09-18T23:05:03.291954+00:00,ticker_only,,,OBSERVED-NOW book scenario; fee/prices event-time,-0.19899999999999807,0.0968495,,,,,,,,eligibility snapshot time unpublished,"sell: $25,000 exceeds visible top-of-book ($5,499) on ticker-only symbol; buy: no depth sample for this symbol/session"
rSATA-2026-07-28-1,rSATA,RSATAUSDT,2026-07-28,open_0930,1000,0.0493,0.3,0.03451,96.75,96.859,13.533333333333333,0.0005,DOCUMENTED promotional 0.05% through 2026-08-31,after_hours,regular,2026-09-18T23:05:03.291954+00:00,ticker_only,2026-09-16T19:34:15.315933+00:00,ticker_only,OBSERVED-NOW book scenario; fee/prices event-time,-0.10899999999999466,0.09680449999999999,0.00014999250037498694,0.00020010005002497267,0.03389326515664881,0.1306977651566488,-0.27420776515664347,3.35107028715312,0.012812234843345843,eligibility snapshot time unpublished,
rSATA-2026-07-28-1,rSATA,RSATAUSDT,2026-07-28,open_0930,5000,0.0493,0.3,0.03451,96.75,96.859,13.533333333333333,0.0005,DOCUMENTED promotional 0.05% through 2026-08-31,after_hours,regular,2026-09-18T23:05:03.291954+00:00,ticker_only,2026-09-16T19:34:15.315933+00:00,ticker_only,OBSERVED-NOW book scenario; fee/prices event-time,-0.10899999999999466,0.09680449999999999,0.00014999250037498694,0.00020010005002497267,0.03389326515664881,0.1306977651566488,-0.27420776515664347,3.35107028715312,,eligibility snapshot time unpublished,
rSATA-2026-07-28-1,rSATA,RSATAUSDT,2026-07-28,open_0930,25000,0.0493,0.3,0.03451,96.75,96.859,13.533333333333333,0.0005,DOCUMENTED promotional 0.05% through 2026-08-31,after_hours,regular,2026-09-18T23:05:03.291954+00:00,ticker_only,2026-09-16T19:34:15.315933+00:00,ticker_only,OBSERVED-NOW book scenario; fee/prices event-time,-0.10899999999999466,0.09680449999999999,,0.00020010005002497267,,,,,,eligibility snapshot time unpublished,"sell: $25,000 exceeds visible top-of-book ($5,499) on ticker-only symbol"
rSATA-2026-07-28-1,rSATA,RSATAUSDT,2026-07-28,open_1000,1000,0.0493,0.3,0.03451,96.75,96.495,14.033333333333333,0.0005,DOCUMENTED promotional 0.05% through 2026-08-31,after_hours,regular,2026-09-18T23:05:03.291954+00:00,ticker_only,2026-09-16T19:34:15.315933+00:00,ticker_only,OBSERVED-NOW book scenario; fee/prices event-time,0.25499999999999545,0.0966225,0.00014999250037498694,0.00020010005002497267,0.033820428738439726,0.1304429287384397,0.09004707126155576,3.3459011914490815,-0.3509329287384352,eligibility snapshot time unpublished,
rSATA-2026-07-28-1,rSATA,RSATAUSDT,2026-07-28,open_1000,5000,0.0493,0.3,0.03451,96.75,96.495,14.033333333333333,0.0005,DOCUMENTED promotional 0.05% through 2026-08-31,after_hours,regular,2026-09-18T23:05:03.291954+00:00,ticker_only,2026-09-16T19:34:15.315933+00:00,ticker_only,OBSERVED-NOW book scenario; fee/prices event-time,0.25499999999999545,0.0966225,0.00014999250037498694,0.00020010005002497267,0.033820428738439726,0.1304429287384397,0.09004707126155576,3.3459011914490815,,eligibility snapshot time unpublished,
rSATA-2026-07-28-1,rSATA,RSATAUSDT,2026-07-28,open_1000,25000,0.0493,0.3,0.03451,96.75,96.495,14.033333333333333,0.0005,DOCUMENTED promotional 0.05% through 2026-08-31,after_hours,regular,2026-09-18T23:05:03.291954+00:00,ticker_only,2026-09-16T19:34:15.315933+00:00,ticker_only,OBSERVED-NOW book scenario; fee/prices event-time,0.25499999999999545,0.0966225,,0.00020010005002497267,,,,,,eligibility snapshot time unpublished,"sell: $25,000 exceeds visible top-of-book ($5,499) on ticker-only symbol"
rSATA-2026-07-28-1,rSATA,RSATAUSDT,2026-07-28,close_1600,1000,0.0493,0.3,0.03451,96.75,95.901,20.033333333333335,0.0005,DOCUMENTED promotional 0.05% through 2026-08-31,after_hours,after_hours,2026-09-18T23:05:03.291954+00:00,ticker_only,2026-09-18T23:05:03.291954+00:00,ticker_only,OBSERVED-NOW book scenario; fee/prices event-time,0.8490000000000038,0.09632550000000001,0.00014999250037498694,0.00014999250037498694,0.028896205189741606,0.12522170518974163,0.6892682948102621,3.239994020075895,-0.9397117051897453,eligibility snapshot time unpublished,
rSATA-2026-07-28-1,rSATA,RSATAUSDT,2026-07-28,close_1600,5000,0.0493,0.3,0.03451,96.75,95.901,20.033333333333335,0.0005,DOCUMENTED promotional 0.05% through 2026-08-31,after_hours,after_hours,2026-09-18T23:05:03.291954+00:00,ticker_only,2026-09-18T23:05:03.291954+00:00,ticker_only,OBSERVED-NOW book scenario; fee/prices event-time,0.8490000000000038,0.09632550000000001,0.00014999250037498694,,,,,,,eligibility snapshot time unpublished,"buy: $5,000 exceeds visible top-of-book ($2,500) on ticker-only symbol"
rSATA-2026-07-28-1,rSATA,RSATAUSDT,2026-07-28,close_1600,25000,0.0493,0.3,0.03451,96.75,95.901,20.033333333333335,0.0005,DOCUMENTED promotional 0.05% through 2026-08-31,after_hours,after_hours,2026-09-18T23:05:03.291954+00:00,ticker_only,2026-09-18T23:05:03.291954+00:00,ticker_only,OBSERVED-NOW book scenario; fee/prices event-time,0.8490000000000038,0.09632550000000001,,,,,,,,eligibility snapshot time unpublished,"sell: $25,000 exceeds visible top-of-book ($5,499) on ticker-only symbol; buy: $25,000 exceeds visible top-of-book ($2,500) on ticker-only symbol"
rSATA-2026-07-29-1,rSATA,RSATAUSDT,2026-07-29,overnight_2000,1000,0.0493,0.3,0.03451,96.5,95.4,2.033333333333333,0.0005,DOCUMENTED promotional 0.05% through 2026-08-31,after_hours,overnight,2026-09-18T23:05:03.291954+00:00,ticker_only,2026-09-19T03:05:03.356996+00:00,ticker_only,OBSERVED-NOW book scenario; fee/prices event-time,1.0999999999999943,0.09595000000000001,0.00014999250037498694,0.00014999250037498694,0.028783560821959993,0.12473356082196,0.9407564391780343,3.2300925116016233,-1.1902235608219542,eligibility snapshot time unpublished,
rSATA-2026-07-29-1,rSATA,RSATAUSDT,2026-07-29,overnight_2000,5000,0.0493,0.3,0.03451,96.5,95.4,2.033333333333333,0.0005,DOCUMENTED promotional 0.05% through 2026-08-31,after_hours,overnight,2026-09-18T23:05:03.291954+00:00,ticker_only,2026-09-19T03:05:03.356996+00:00,ticker_only,OBSERVED-NOW book scenario; fee/prices event-time,1.0999999999999943,0.09595000000000001,0.00014999250037498694,,,,,,,eligibility snapshot time unpublished,"buy: $5,000 exceeds visible top-of-book ($2,500) on ticker-only symbol"
rSATA-2026-07-29-1,rSATA,RSATAUSDT,2026-07-29,overnight_2000,25000,0.0493,0.3,0.03451,96.5,95.4,2.033333333333333,0.0005,DOCUMENTED promotional 0.05% through 2026-08-31,after_hours,overnight,2026-09-18T23:05:03.291954+00:00,ticker_only,2026-09-19T03:05:03.356996+00:00,ticker_only,OBSERVED-NOW book scenario; fee/prices event-time,1.0999999999999943,0.09595000000000001,,,,,,,,eligibility snapshot time unpublished,"sell: $25,000 exceeds visible top-of-book ($5,499) on ticker-only symbol; buy: $25,000 exceeds visible top-of-book ($2,500) on ticker-only symbol"
rSATA-2026-07-29-1,rSATA,RSATAUSDT,2026-07-29,premarket_0400,1000,0.0493,0.3,0.03451,96.5,96.301,8.166666666666666,0.0005,DOCUMENTED promotional 0.05% through 2026-08-31,after_hours,pre_market,2026-09-18T23:05:03.291954+00:00,ticker_only,,,OBSERVED-NOW book scenario; fee/prices event-time,0.19899999999999807,0.0964005,0.00014999250037498694,,,,,,,eligibility snapshot time unpublished,buy: no depth sample for this symbol/session
rSATA-2026-07-29-1,rSATA,RSATAUSDT,2026-07-29,premarket_0400,5000,0.0493,0.3,0.03451,96.5,96.301,8.166666666666666,0.0005,DOCUMENTED promotional 0.05% through 2026-08-31,after_hours,pre_market,2026-09-18T23:05:03.291954+00:00,ticker_only,,,OBSERVED-NOW book scenario; fee/prices event-time,0.19899999999999807,0.0964005,0.00014999250037498694,,,,,,,eligibility snapshot time unpublished,buy: no depth sample for this symbol/session
rSATA-2026-07-29-1,rSATA,RSATAUSDT,2026-07-29,premarket_0400,25000,0.0493,0.3,0.03451,96.5,96.301,8.166666666666666,0.0005,DOCUMENTED promotional 0.05% through 2026-08-31,after_hours,pre_market,2026-09-18T23:05:03.291954+00:00,ticker_only,,,OBSERVED-NOW book scenario; fee/prices event-time,0.19899999999999807,0.0964005,,,,,,,,eligibility snapshot time unpublished,"sell: $25,000 exceeds visible top-of-book ($5,499) on ticker-only symbol; buy: no depth sample for this symbol/session"
rSATA-2026-07-29-1,rSATA,RSATAUSDT,2026-07-29,open_0930,1000,0.0493,0.3,0.03451,96.5,96.177,13.616666666666667,0.0005,DOCUMENTED promotional 0.05% through 2026-08-31,after_hours,regular,2026-09-18T23:05:03.291954+00:00,ticker_only,2026-09-16T19:34:15.315933+00:00,ticker_only,OBSERVED-NOW book scenario; fee/prices event-time,0.3229999999999933,0.09633850000000001,0.00014999250037498694,0.00020010005002497267,0.03371929879743804,0.13005779879743806,0.15843220120255525,3.3380892251001635,-0.4185477987974313,eligibility snapshot time unpublished,
rSATA-2026-07-29-1,rSATA,RSATAUSDT,2026-07-29,open_0930,5000,0.0493,0.3,0.03451,96.5,96.177,13.616666666666667,0.0005,DOCUMENTED promotional 0.05% through 2026-08-31,after_hours,regular,2026-09-18T23:05:03.291954+00:00,ticker_only,2026-09-16T19:34:15.315933+00:00,ticker_only,OBSERVED-NOW book scenario; fee/prices event-time,0.3229999999999933,0.09633850000000001,0.00014999250037498694,0.00020010005002497267,0.03371929879743804,0.13005779879743806,0.15843220120255525,3.3380892251001635,,eligibility snapshot time unpublished,
rSATA-2026-07-29-1,rSATA,RSATAUSDT,2026-07-29,open_0930,25000,0.0493,0.3,0.03451,96.5,96.177,13.616666666666667,0.0005,DOCUMENTED promotional 0.05% through 2026-08-31,after_hours,regular,2026-09-18T23:05:03.291954+00:00,ticker_only,2026-09-16T19:34:15.315933+00:00,ticker_only,OBSERVED-NOW book scenario; fee/prices event-time,0.3229999999999933,0.09633850000000001,,0.00020010005002497267,,,,,,eligibility snapshot time unpublished,"sell: $25,000 exceeds visible top-of-book ($5,499) on ticker-only symbol"
rSATA-2026-07-29-1,rSATA,RSATAUSDT,2026-07-29,open_1000,1000,0.0493,0.3,0.03451,96.5,96.085,14.116666666666667,0.0005,DOCUMENTED promotional 0.05% through 2026-08-31,after_hours,regular,2026-09-18T23:05:03.291954+00:00,ticker_only,2026-09-16T19:34:15.315933+00:00,ticker_only,OBSERVED-NOW book scenario; fee/prices event-time,0.41500000000000625,0.09629249999999999,0.00014999250037498694,0.00020010005002497267,0.03370088959283574,0.12999338959283574,0.25049661040717053,3.3367827503617797,-0.510483389592842,eligibility snapshot time unpublished,
rSATA-2026-07-29-1,rSATA,RSATAUSDT,2026-07-29,open_1000,5000,0.0493,0.3,0.03451,96.5,96.085,14.116666666666667,0.0005,DOCUMENTED promotional 0.05% through 2026-08-31,after_hours,regular,2026-09-18T23:05:03.291954+00:00,ticker_only,2026-09-16T19:34:15.315933+00:00,ticker_only,OBSERVED-NOW book scenario; fee/prices event-time,0.41500000000000625,0.09629249999999999,0.00014999250037498694,0.00020010005002497267,0.03370088959283574,0.12999338959283574,0.25049661040717053,3.3367827503617797,,eligibility snapshot time unpublished,
rSATA-2026-07-29-1,rSATA,RSATAUSDT,2026-07-29,open_1000,25000,0.0493,0.3,0.03451,96.5,96.085,14.116666666666667,0.0005,DOCUMENTED promotional 0.05% through 2026-08-31,after_hours,regular,2026-09-18T23:05:03.291954+00:00,ticker_only,2026-09-16T19:34:15.315933+00:00,ticker_only,OBSERVED-NOW book scenario; fee/prices event-time,0.41500000000000625,0.09629249999999999,,0.00020010005002497267,,,,,,eligibility snapshot time unpublished,"sell: $25,000 exceeds visible top-of-book ($5,499) on ticker-only symbol"
rSATA-2026-07-29-1,rSATA,RSATAUSDT,2026-07-29,close_1600,1000,0.0493,0.3,0.03451,96.5,95.776,20.116666666666667,0.0005,DOCUMENTED promotional 0.05% through 2026-08-31,after_hours,after_hours,2026-09-18T23:05:03.291954+00:00,ticker_only,2026-09-18T23:05:03.291954+00:00,ticker_only,OBSERVED-NOW book scenario; fee/prices event-time,0.7240000000000038,0.096138,0.00014999250037498694,0.00014999250037498694,0.028839958002100985,0.12497795800210099,0.5645120419979027,3.235049858054787,-0.8144679580021048,eligibility snapshot time unpublished,
rSATA-2026-07-29-1,rSATA,RSATAUSDT,2026-07-29,close_1600,5000,0.0493,0.3,0.03451,96.5,95.776,20.116666666666667,0.0005,DOCUMENTED promotional 0.05% through 2026-08-31,after_hours,after_hours,2026-09-18T23:05:03.291954+00:00,ticker_only,2026-09-18T23:05:03.291954+00:00,ticker_only,OBSERVED-NOW book scenario; fee/prices event-time,0.7240000000000038,0.096138,0.00014999250037498694,,,,,,,eligibility snapshot time unpublished,"buy: $5,000 exceeds visible top-of-book ($2,500) on ticker-only symbol"
rSATA-2026-07-29-1,rSATA,RSATAUSDT,2026-07-29,close_1600,25000,0.0493,0.3,0.03451,96.5,95.776,20.116666666666667,0.0005,DOCUMENTED promotional 0.05% through 2026-08-31,after_hours,after_hours,2026-09-18T23:05:03.291954+00:00,ticker_only,2026-09-18T23:05:03.291954+00:00,ticker_only,OBSERVED-NOW book scenario; fee/prices event-time,0.7240000000000038,0.096138,,,,,,,,eligibility snapshot time unpublished,"sell: $25,000 exceeds visible top-of-book ($5,499) on ticker-only symbol; buy: $25,000 exceeds visible top-of-book ($2,500) on ticker-only symbol"
rSATA-2026-07-30-1,rSATA,RSATAUSDT,2026-07-30,overnight_2000,1000,0.0493,0.3,0.03451,95.775,97.5,7.9,0.0005,DOCUMENTED promotional 0.05% through 2026-08-31,after_hours,overnight,2026-09-18T23:05:03.291954+00:00,ticker_only,2026-09-19T03:05:03.356996+00:00,ticker_only,OBSERVED-NOW book scenario; fee/prices event-time,-1.7249999999999943,0.0966375,0.00014999250037498694,0.00014999250037498694,0.0289898005099756,0.12562730050997561,-1.88513730050997,3.2482211056790185,1.6338826994900189,eligibility snapshot time unpublished,
rSATA-2026-07-30-1,rSATA,RSATAUSDT,2026-07-30,overnight_2000,5000,0.0493,0.3,0.03451,95.775,97.5,7.9,0.0005,DOCUMENTED promotional 0.05% through 2026-08-31,after_hours,overnight,2026-09-18T23:05:03.291954+00:00,ticker_only,2026-09-19T03:05:03.356996+00:00,ticker_only,OBSERVED-NOW book scenario; fee/prices event-time,-1.7249999999999943,0.0966375,0.00014999250037498694,,,,,,,eligibility snapshot time unpublished,"buy: $5,000 exceeds visible top-of-book ($2,500) on ticker-only symbol"
rSATA-2026-07-30-1,rSATA,RSATAUSDT,2026-07-30,overnight_2000,25000,0.0493,0.3,0.03451,95.775,97.5,7.9,0.0005,DOCUMENTED promotional 0.05% through 2026-08-31,after_hours,overnight,2026-09-18T23:05:03.291954+00:00,ticker_only,2026-09-19T03:05:03.356996+00:00,ticker_only,OBSERVED-NOW book scenario; fee/prices event-time,-1.7249999999999943,0.0966375,,,,,,,,eligibility snapshot time unpublished,"sell: $25,000 exceeds visible top-of-book ($5,499) on ticker-only symbol; buy: $25,000 exceeds visible top-of-book ($2,500) on ticker-only symbol"
rSATA-2026-07-30-1,rSATA,RSATAUSDT,2026-07-30,premarket_0400,1000,0.0493,0.3,0.03451,95.775,96.824,8.416666666666666,0.0005,DOCUMENTED promotional 0.05% through 2026-08-31,after_hours,pre_market,2026-09-18T23:05:03.291954+00:00,ticker_only,,,OBSERVED-NOW book scenario; fee/prices event-time,-1.0489999999999924,0.0962995,0.00014999250037498694,,,,,,,eligibility snapshot time unpublished,buy: no depth sample for this symbol/session
rSATA-2026-07-30-1,rSATA,RSATAUSDT,2026-07-30,premarket_0400,5000,0.0493,0.3,0.03451,95.775,96.824,8.416666666666666,0.0005,DOCUMENTED promotional 0.05% through 2026-08-31,after_hours,pre_market,2026-09-18T23:05:03.291954+00:00,ticker_only,,,OBSERVED-NOW book scenario; fee/prices event-time,-1.0489999999999924,0.0962995,0.00014999250037498694,,,,,,,eligibility snapshot time unpublished,buy: no depth sample for this symbol/session
rSATA-2026-07-30-1,rSATA,RSATAUSDT,2026-07-30,premarket_0400,25000,0.0493,0.3,0.03451,95.775,96.824,8.416666666666666,0.0005,DOCUMENTED promotional 0.05% through 2026-08-31,after_hours,pre_market,2026-09-18T23:05:03.291954+00:00,ticker_only,,,OBSERVED-NOW book scenario; fee/prices event-time,-1.0489999999999924,0.0962995,,,,,,,,eligibility snapshot time unpublished,"sell: $25,000 exceeds visible top-of-book ($5,499) on ticker-only symbol; buy: no depth sample for this symbol/session"
rSATA-2026-07-30-1,rSATA,RSATAUSDT,2026-07-30,open_0930,1000,0.0493,0.3,0.03451,95.775,96.43,13.916666666666666,0.0005,DOCUMENTED promotional 0.05% through 2026-08-31,after_hours,regular,2026-09-18T23:05:03.291954+00:00,ticker_only,2026-09-16T19:34:15.315933+00:00,ticker_only,OBSERVED-NOW book scenario; fee/prices event-time,-0.6550000000000011,0.09610250000000001,0.00014999250037498694,0.00020010005002497267,0.03366117954732249,0.12976367954732249,-0.8192736795473237,3.3321233173899083,0.5597463204526787,eligibility snapshot time unpublished,
rSATA-2026-07-30-1,rSATA,RSATAUSDT,2026-07-30,open_0930,5000,0.0493,0.3,0.03451,95.775,96.43,13.916666666666666,0.0005,DOCUMENTED promotional 0.05% through 2026-08-31,after_hours,regular,2026-09-18T23:05:03.291954+00:00,ticker_only,2026-09-16T19:34:15.315933+00:00,ticker_only,OBSERVED-NOW book scenario; fee/prices event-time,-0.6550000000000011,0.09610250000000001,0.00014999250037498694,0.00020010005002497267,0.03366117954732249,0.12976367954732249,-0.8192736795473237,3.3321233173899083,,eligibility snapshot time unpublished,
rSATA-2026-07-30-1,rSATA,RSATAUSDT,2026-07-30,open_0930,25000,0.0493,0.3,0.03451,95.775,96.43,13.916666666666666,0.0005,DOCUMENTED promotional 0.05% through 2026-08-31,after_hours,regular,2026-09-18T23:05:03.291954+00:00,ticker_only,2026-09-16T19:34:15.315933+00:00,ticker_only,OBSERVED-NOW book scenario; fee/prices event-time,-0.6550000000000011,0.09610250000000001,,0.00020010005002497267,,,,,,eligibility snapshot time unpublished,"sell: $25,000 exceeds visible top-of-book ($5,499) on ticker-only symbol"
rSATA-2026-07-30-1,rSATA,RSATAUSDT,2026-07-30,open_1000,1000,0.0493,0.3,0.03451,95.775,96.495,14.416666666666666,0.0005,DOCUMENTED promotional 0.05% through 2026-08-31,after_hours,regular,2026-09-18T23:05:03.291954+00:00,ticker_only,2026-09-16T19:34:15.315933+00:00,ticker_only,OBSERVED-NOW book scenario; fee/prices event-time,-0.7199999999999989,0.09613500000000001,0.00014999250037498694,0.00020010005002497267,0.03367418605057411,0.12980918605057412,-0.884319186050573,3.333046370194201,0.6247008139494248,eligibility snapshot time unpublished,
rSATA-2026-07-30-1,rSATA,RSATAUSDT,2026-07-30,open_1000,5000,0.0493,0.3,0.03451,95.775,96.495,14.416666666666666,0.0005,DOCUMENTED promotional 0.05% through 2026-08-31,after_hours,regular,2026-09-18T23:05:03.291954+00:00,ticker_only,2026-09-16T19:34:15.315933+00:00,ticker_only,OBSERVED-NOW book scenario; fee/prices event-time,-0.7199999999999989,0.09613500000000001,0.00014999250037498694,0.00020010005002497267,0.03367418605057411,0.12980918605057412,-0.884319186050573,3.333046370194201,,eligibility snapshot time unpublished,
rSATA-2026-07-30-1,rSATA,RSATAUSDT,2026-07-30,open_1000,25000,0.0493,0.3,0.03451,95.775,96.495,14.416666666666666,0.0005,DOCUMENTED promotional 0.05% through 2026-08-31,after_hours,regular,2026-09-18T23:05:03.291954+00:00,ticker_only,2026-09-16T19:34:15.315933+00:00,ticker_only,OBSERVED-NOW book scenario; fee/prices event-time,-0.7199999999999989,0.09613500000000001,,0.00020010005002497267,,,,,,eligibility snapshot time unpublished,"sell: $25,000 exceeds visible top-of-book ($5,499) on ticker-only symbol"
rSATA-2026-07-30-1,rSATA,RSATAUSDT,2026-07-30,close_1600,1000,0.0493,0.3,0.03451,95.775,97.166,20.416666666666668,0.0005,DOCUMENTED promotional 0.05% through 2026-08-31,after_hours,after_hours,2026-09-18T23:05:03.291954+00:00,ticker_only,2026-09-18T23:05:03.291954+00:00,ticker_only,OBSERVED-NOW book scenario; fee/prices event-time,-1.3909999999999911,0.0964705,0.00014999250037498694,0.00014999250037498694,0.028939703014850354,0.12541020301485034,-1.5509202030148415,3.243817505372218,1.3000997969851409,eligibility snapshot time unpublished,
rSATA-2026-07-30-1,rSATA,RSATAUSDT,2026-07-30,close_1600,5000,0.0493,0.3,0.03451,95.775,97.166,20.416666666666668,0.0005,DOCUMENTED promotional 0.05% through 2026-08-31,after_hours,after_hours,2026-09-18T23:05:03.291954+00:00,ticker_only,2026-09-18T23:05:03.291954+00:00,ticker_only,OBSERVED-NOW book scenario; fee/prices event-time,-1.3909999999999911,0.0964705,0.00014999250037498694,,,,,,,eligibility snapshot time unpublished,"buy: $5,000 exceeds visible top-of-book ($2,500) on ticker-only symbol"
rSATA-2026-07-30-1,rSATA,RSATAUSDT,2026-07-30,close_1600,25000,0.0493,0.3,0.03451,95.775,97.166,20.416666666666668,0.0005,DOCUMENTED promotional 0.05% through 2026-08-31,after_hours,after_hours,2026-09-18T23:05:03.291954+00:00,ticker_only,2026-09-18T23:05:03.291954+00:00,ticker_only,OBSERVED-NOW book scenario; fee/prices event-time,-1.3909999999999911,0.0964705,,,,,,,,eligibility snapshot time unpublished,"sell: $25,000 exceeds visible top-of-book ($5,499) on ticker-only symbol; buy: $25,000 exceeds visible top-of-book ($2,500) on ticker-only symbol"
rSATA-2026-07-31-1,rSATA,RSATAUSDT,2026-07-31,overnight_2000,1000,0.0516,0.3,0.03612,97.477,97.42,0.85,0.0005,DOCUMENTED promotional 0.05% through 2026-08-31,after_hours,overnight,2026-09-18T23:05:03.291954+00:00,ticker_only,2026-09-19T03:05:03.356996+00:00,ticker_only,OBSERVED-NOW book scenario; fee/prices event-time,0.05700000000000216,0.0974485,0.00014999250037498694,0.00014999250037498694,0.02923308834558383,0.12668158834558382,-0.10580158834558166,3.155069541581082,-0.14756158834558597,eligibility snapshot time unpublished,
rSATA-2026-07-31-1,rSATA,RSATAUSDT,2026-07-31,overnight_2000,5000,0.0516,0.3,0.03612,97.477,97.42,0.85,0.0005,DOCUMENTED promotional 0.05% through 2026-08-31,after_hours,overnight,2026-09-18T23:05:03.291954+00:00,ticker_only,2026-09-19T03:05:03.356996+00:00,ticker_only,OBSERVED-NOW book scenario; fee/prices event-time,0.05700000000000216,0.0974485,0.00014999250037498694,,,,,,,eligibility snapshot time unpublished,"buy: $5,000 exceeds visible top-of-book ($2,500) on ticker-only symbol"
rSATA-2026-07-31-1,rSATA,RSATAUSDT,2026-07-31,overnight_2000,25000,0.0516,0.3,0.03612,97.477,97.42,0.85,0.0005,DOCUMENTED promotional 0.05% through 2026-08-31,after_hours,overnight,2026-09-18T23:05:03.291954+00:00,ticker_only,2026-09-19T03:05:03.356996+00:00,ticker_only,OBSERVED-NOW book scenario; fee/prices event-time,0.05700000000000216,0.0974485,,,,,,,,eligibility snapshot time unpublished,"sell: $25,000 exceeds visible top-of-book ($5,499) on ticker-only symbol; buy: $25,000 exceeds visible top-of-book ($2,500) on ticker-only symbol"
rSATA-2026-07-31-1,rSATA,RSATAUSDT,2026-07-31,premarket_0400,1000,0.0516,0.3,0.03612,97.477,97.476,8.05,0.0005,DOCUMENTED promotional 0.05% through 2026-08-31,after_hours,pre_market,2026-09-18T23:05:03.291954+00:00,ticker_only,,,OBSERVED-NOW book scenario; fee/prices event-time,0.0010000000000047748,0.09747650000000001,0.00014999250037498694,,,,,,,eligibility snapshot time unpublished,buy: no depth sample for this symbol/session
rSATA-2026-07-31-1,rSATA,RSATAUSDT,2026-07-31,premarket_0400,5000,0.0516,0.3,0.03612,97.477,97.476,8.05,0.0005,DOCUMENTED promotional 0.05% through 2026-08-31,after_hours,pre_market,2026-09-18T23:05:03.291954+00:00,ticker_only,,,OBSERVED-NOW book scenario; fee/prices event-time,0.0010000000000047748,0.09747650000000001,0.00014999250037498694,,,,,,,eligibility snapshot time unpublished,buy: no depth sample for this symbol/session
rSATA-2026-07-31-1,rSATA,RSATAUSDT,2026-07-31,premarket_0400,25000,0.0516,0.3,0.03612,97.477,97.476,8.05,0.0005,DOCUMENTED promotional 0.05% through 2026-08-31,after_hours,pre_market,2026-09-18T23:05:03.291954+00:00,ticker_only,,,OBSERVED-NOW book scenario; fee/prices event-time,0.0010000000000047748,0.09747650000000001,,,,,,,,eligibility snapshot time unpublished,"sell: $25,000 exceeds visible top-of-book ($5,499) on ticker-only symbol; buy: no depth sample for this symbol/session"
rSATA-2026-07-31-1,rSATA,RSATAUSDT,2026-07-31,open_0930,1000,0.0516,0.3,0.03612,97.477,97.249,13.55,0.0005,DOCUMENTED promotional 0.05% through 2026-08-31,after_hours,regular,2026-09-18T23:05:03.291954+00:00,ticker_only,2026-09-16T19:34:15.315933+00:00,ticker_only,OBSERVED-NOW book scenario; fee/prices event-time,0.22800000000000864,0.097363,0.00014999250037498694,0.00020010005002497267,0.03408034872393117,0.13144334872393118,0.060436651276077474,3.247351719456031,-0.32332334872393986,eligibility snapshot time unpublished,
rSATA-2026-07-31-1,rSATA,RSATAUSDT,2026-07-31,open_0930,5000,0.0516,0.3,0.03612,97.477,97.249,13.55,0.0005,DOCUMENTED promotional 0.05% through 2026-08-31,after_hours,regular,2026-09-18T23:05:03.291954+00:00,ticker_only,2026-09-16T19:34:15.315933+00:00,ticker_only,OBSERVED-NOW book scenario; fee/prices event-time,0.22800000000000864,0.097363,0.00014999250037498694,0.00020010005002497267,0.03408034872393117,0.13144334872393118,0.060436651276077474,3.247351719456031,,eligibility snapshot time unpublished,
rSATA-2026-07-31-1,rSATA,RSATAUSDT,2026-07-31,open_0930,25000,0.0516,0.3,0.03612,97.477,97.249,13.55,0.0005,DOCUMENTED promotional 0.05% through 2026-08-31,after_hours,regular,2026-09-18T23:05:03.291954+00:00,ticker_only,2026-09-16T19:34:15.315933+00:00,ticker_only,OBSERVED-NOW book scenario; fee/prices event-time,0.22800000000000864,0.097363,,0.00020010005002497267,,,,,,eligibility snapshot time unpublished,"sell: $25,000 exceeds visible top-of-book ($5,499) on ticker-only symbol"
rSATA-2026-07-31-1,rSATA,RSATAUSDT,2026-07-31,open_1000,1000,0.0516,0.3,0.03612,97.477,97.331,14.05,0.0005,DOCUMENTED promotional 0.05% through 2026-08-31,after_hours,regular,2026-09-18T23:05:03.291954+00:00,ticker_only,2026-09-16T19:34:15.315933+00:00,ticker_only,OBSERVED-NOW book scenario; fee/prices event-time,0.1460000000000008,0.097404,0.00014999250037498694,0.00020010005002497267,0.03409675692803322,0.13150075692803323,-0.021620756928032434,3.248464281551032,-0.241380756928034,eligibility snapshot time unpublished,
rSATA-2026-07-31-1,rSATA,RSATAUSDT,2026-07-31,open_1000,5000,0.0516,0.3,0.03612,97.477,97.331,14.05,0.0005,DOCUMENTED promotional 0.05% through 2026-08-31,after_hours,regular,2026-09-18T23:05:03.291954+00:00,ticker_only,2026-09-16T19:34:15.315933+00:00,ticker_only,OBSERVED-NOW book scenario; fee/prices event-time,0.1460000000000008,0.097404,0.00014999250037498694,0.00020010005002497267,0.03409675692803322,0.13150075692803323,-0.021620756928032434,3.248464281551032,,eligibility snapshot time unpublished,
rSATA-2026-07-31-1,rSATA,RSATAUSDT,2026-07-31,open_1000,25000,0.0516,0.3,0.03612,97.477,97.331,14.05,0.0005,DOCUMENTED promotional 0.05% through 2026-08-31,after_hours,regular,2026-09-18T23:05:03.291954+00:00,ticker_only,2026-09-16T19:34:15.315933+00:00,ticker_only,OBSERVED-NOW book scenario; fee/prices event-time,0.1460000000000008,0.097404,,0.00020010005002497267,,,,,,eligibility snapshot time unpublished,"sell: $25,000 exceeds visible top-of-book ($5,499) on ticker-only symbol"
rSATA-2026-07-31-1,rSATA,RSATAUSDT,2026-07-31,close_1600,1000,0.0516,0.3,0.03612,97.477,96.851,20.05,0.0005,DOCUMENTED promotional 0.05% through 2026-08-31,after_hours,after_hours,2026-09-18T23:05:03.291954+00:00,ticker_only,2026-09-18T23:05:03.291954+00:00,ticker_only,OBSERVED-NOW book scenario; fee/prices event-time,0.6260000000000048,0.097164,0.00014999250037498694,0.00014999250037498694,0.02914774261287046,0.12631174261287045,0.46356825738713425,3.1479019886215207,-0.7161917426128752,eligibility snapshot time unpublished,
rSATA-2026-07-31-1,rSATA,RSATAUSDT,2026-07-31,close_1600,5000,0.0516,0.3,0.03612,97.477,96.851,20.05,0.0005,DOCUMENTED promotional 0.05% through 2026-08-31,after_hours,after_hours,2026-09-18T23:05:03.291954+00:00,ticker_only,2026-09-18T23:05:03.291954+00:00,ticker_only,OBSERVED-NOW book scenario; fee/prices event-time,0.6260000000000048,0.097164,0.00014999250037498694,,,,,,,eligibility snapshot time unpublished,"buy: $5,000 exceeds visible top-of-book ($2,500) on ticker-only symbol"
rSATA-2026-07-31-1,rSATA,RSATAUSDT,2026-07-31,close_1600,25000,0.0516,0.3,0.03612,97.477,96.851,20.05,0.0005,DOCUMENTED promotional 0.05% through 2026-08-31,after_hours,after_hours,2026-09-18T23:05:03.291954+00:00,ticker_only,2026-09-18T23:05:03.291954+00:00,ticker_only,OBSERVED-NOW book scenario; fee/prices event-time,0.6260000000000048,0.097164,,,,,,,,eligibility snapshot time unpublished,"sell: $25,000 exceeds visible top-of-book ($5,499) on ticker-only symbol; buy: $25,000 exceeds visible top-of-book ($2,500) on ticker-only symbol"
rSATA-2026-08-03-1,rSATA,RSATAUSDT,2026-08-03,overnight_2000,1000,0.0516,0.3,0.03612,96.975,98.24,48.9,0.0005,DOCUMENTED promotional 0.05% through 2026-08-31,after_hours,overnight,2026-09-18T23:05:03.291954+00:00,ticker_only,2026-09-19T03:05:03.356996+00:00,ticker_only,OBSERVED-NOW book scenario; fee/prices event-time,-1.2650000000000006,0.09760749999999999,0.00014999250037498694,0.00014999250037498694,0.029280785960703073,0.12688828596070306,-1.4280082859607035,3.1590753093159507,1.1742317140392973,eligibility snapshot time unpublished,
rSATA-2026-08-03-1,rSATA,RSATAUSDT,2026-08-03,overnight_2000,5000,0.0516,0.3,0.03612,96.975,98.24,48.9,0.0005,DOCUMENTED promotional 0.05% through 2026-08-31,after_hours,overnight,2026-09-18T23:05:03.291954+00:00,ticker_only,2026-09-19T03:05:03.356996+00:00,ticker_only,OBSERVED-NOW book scenario; fee/prices event-time,-1.2650000000000006,0.09760749999999999,0.00014999250037498694,,,,,,,eligibility snapshot time unpublished,"buy: $5,000 exceeds visible top-of-book ($2,500) on ticker-only symbol"
rSATA-2026-08-03-1,rSATA,RSATAUSDT,2026-08-03,overnight_2000,25000,0.0516,0.3,0.03612,96.975,98.24,48.9,0.0005,DOCUMENTED promotional 0.05% through 2026-08-31,after_hours,overnight,2026-09-18T23:05:03.291954+00:00,ticker_only,2026-09-19T03:05:03.356996+00:00,ticker_only,OBSERVED-NOW book scenario; fee/prices event-time,-1.2650000000000006,0.09760749999999999,,,,,,,,eligibility snapshot time unpublished,"sell: $25,000 exceeds visible top-of-book ($5,499) on ticker-only symbol; buy: $25,000 exceeds visible top-of-book ($2,500) on ticker-only symbol"
rSATA-2026-08-03-1,rSATA,RSATAUSDT,2026-08-03,premarket_0400,1000,0.0516,0.3,0.03612,96.975,96.462,56.05,0.0005,DOCUMENTED promotional 0.05% through 2026-08-31,after_hours,pre_market,2026-09-18T23:05:03.291954+00:00,ticker_only,,,OBSERVED-NOW book scenario; fee/prices event-time,0.512999999999991,0.09671850000000001,0.00014999250037498694,,,,,,,eligibility snapshot time unpublished,buy: no depth sample for this symbol/session
rSATA-2026-08-03-1,rSATA,RSATAUSDT,2026-08-03,premarket_0400,5000,0.0516,0.3,0.03612,96.975,96.462,56.05,0.0005,DOCUMENTED promotional 0.05% through 2026-08-31,after_hours,pre_market,2026-09-18T23:05:03.291954+00:00,ticker_only,,,OBSERVED-NOW book scenario; fee/prices event-time,0.512999999999991,0.09671850000000001,0.00014999250037498694,,,,,,,eligibility snapshot time unpublished,buy: no depth sample for this symbol/session
rSATA-2026-08-03-1,rSATA,RSATAUSDT,2026-08-03,premarket_0400,25000,0.0516,0.3,0.03612,96.975,96.462,56.05,0.0005,DOCUMENTED promotional 0.05% through 2026-08-31,after_hours,pre_market,2026-09-18T23:05:03.291954+00:00,ticker_only,,,OBSERVED-NOW book scenario; fee/prices event-time,0.512999999999991,0.09671850000000001,,,,,,,,eligibility snapshot time unpublished,"sell: $25,000 exceeds visible top-of-book ($5,499) on ticker-only symbol; buy: no depth sample for this symbol/session"
rSATA-2026-08-03-1,rSATA,RSATAUSDT,2026-08-03,open_0930,1000,0.0516,0.3,0.03612,96.975,97.193,61.55,0.0005,DOCUMENTED promotional 0.05% through 2026-08-31,after_hours,regular,2026-09-18T23:05:03.291954+00:00,ticker_only,2026-09-16T19:34:15.315933+00:00,ticker_only,OBSERVED-NOW book scenario; fee/prices event-time,-0.21800000000000352,0.097084,0.00014999250037498694,0.00020010005002497267,0.03399384688594152,0.13107784688594154,-0.38519784688594505,3.2402683505027428,0.12304215311406198,eligibility snapshot time unpublished,
rSATA-2026-08-03-1,rSATA,RSATAUSDT,2026-08-03,open_0930,5000,0.0516,0.3,0.03612,96.975,97.193,61.55,0.0005,DOCUMENTED promotional 0.05% through 2026-08-31,after_hours,regular,2026-09-18T23:05:03.291954+00:00,ticker_only,2026-09-16T19:34:15.315933+00:00,ticker_only,OBSERVED-NOW book scenario; fee/prices event-time,-0.21800000000000352,0.097084,0.00014999250037498694,0.00020010005002497267,0.03399384688594152,0.13107784688594154,-0.38519784688594505,3.2402683505027428,,eligibility snapshot time unpublished,
rSATA-2026-08-03-1,rSATA,RSATAUSDT,2026-08-03,open_0930,25000,0.0516,0.3,0.03612,96.975,97.193,61.55,0.0005,DOCUMENTED promotional 0.05% through 2026-08-31,after_hours,regular,2026-09-18T23:05:03.291954+00:00,ticker_only,2026-09-16T19:34:15.315933+00:00,ticker_only,OBSERVED-NOW book scenario; fee/prices event-time,-0.21800000000000352,0.097084,,0.00020010005002497267,,,,,,eligibility snapshot time unpublished,"sell: $25,000 exceeds visible top-of-book ($5,499) on ticker-only symbol"
rSATA-2026-08-03-1,rSATA,RSATAUSDT,2026-08-03,open_1000,1000,0.0516,0.3,0.03612,96.975,97.253,62.05,0.0005,DOCUMENTED promotional 0.05% through 2026-08-31,after_hours,regular,2026-09-18T23:05:03.291954+00:00,ticker_only,2026-09-16T19:34:15.315933+00:00,ticker_only,OBSERVED-NOW book scenario; fee/prices event-time,-0.2780000000000058,0.097114,0.00014999250037498694,0.00020010005002497267,0.034005852888943026,0.13111985288894304,-0.44523985288894885,3.241082420328354,0.18300014711106274,eligibility snapshot time unpublished,
rSATA-2026-08-03-1,rSATA,RSATAUSDT,2026-08-03,open_1000,5000,0.0516,0.3,0.03612,96.975,97.253,62.05,0.0005,DOCUMENTED promotional 0.05% through 2026-08-31,after_hours,regular,2026-09-18T23:05:03.291954+00:00,ticker_only,2026-09-16T19:34:15.315933+00:00,ticker_only,OBSERVED-NOW book scenario; fee/prices event-time,-0.2780000000000058,0.097114,0.00014999250037498694,0.00020010005002497267,0.034005852888943026,0.13111985288894304,-0.44523985288894885,3.241082420328354,,eligibility snapshot time unpublished,
rSATA-2026-08-03-1,rSATA,RSATAUSDT,2026-08-03,open_1000,25000,0.0516,0.3,0.03612,96.975,97.253,62.05,0.0005,DOCUMENTED promotional 0.05% through 2026-08-31,after_hours,regular,2026-09-18T23:05:03.291954+00:00,ticker_only,2026-09-16T19:34:15.315933+00:00,ticker_only,OBSERVED-NOW book scenario; fee/prices event-time,-0.2780000000000058,0.097114,,0.00020010005002497267,,,,,,eligibility snapshot time unpublished,"sell: $25,000 exceeds visible top-of-book ($5,499) on ticker-only symbol"
rSATA-2026-08-03-1,rSATA,RSATAUSDT,2026-08-03,close_1600,1000,0.0516,0.3,0.03612,96.975,97.083,68.05,0.0005,DOCUMENTED promotional 0.05% through 2026-08-31,after_hours,after_hours,2026-09-18T23:05:03.291954+00:00,ticker_only,2026-09-18T23:05:03.291954+00:00,ticker_only,OBSERVED-NOW book scenario; fee/prices event-time,-0.10800000000000409,0.097029,0.00014999250037498694,0.00014999250037498694,0.029107244637769213,0.1261362446377692,-0.2702562446377733,3.144500865073047,0.01798375536223486,eligibility snapshot time unpublished,
rSATA-2026-08-03-1,rSATA,RSATAUSDT,2026-08-03,close_1600,5000,0.0516,0.3,0.03612,96.975,97.083,68.05,0.0005,DOCUMENTED promotional 0.05% through 2026-08-31,after_hours,after_hours,2026-09-18T23:05:03.291954+00:00,ticker_only,2026-09-18T23:05:03.291954+00:00,ticker_only,OBSERVED-NOW book scenario; fee/prices event-time,-0.10800000000000409,0.097029,0.00014999250037498694,,,,,,,eligibility snapshot time unpublished,"buy: $5,000 exceeds visible top-of-book ($2,500) on ticker-only symbol"
rSATA-2026-08-03-1,rSATA,RSATAUSDT,2026-08-03,close_1600,25000,0.0516,0.3,0.03612,96.975,97.083,68.05,0.0005,DOCUMENTED promotional 0.05% through 2026-08-31,after_hours,after_hours,2026-09-18T23:05:03.291954+00:00,ticker_only,2026-09-18T23:05:03.291954+00:00,ticker_only,OBSERVED-NOW book scenario; fee/prices event-time,-0.10800000000000409,0.097029,,,,,,,,eligibility snapshot time unpublished,"sell: $25,000 exceeds visible top-of-book ($5,499) on ticker-only symbol; buy: $25,000 exceeds visible top-of-book ($2,500) on ticker-only symbol"
rSGOV-2026-08-03-1,rSGOV,RSGOVUSDT,2026-08-03,overnight_2000,1000,0.30681199,0.3,0.214768393,100.715,100.76,40.05,0.0005,DOCUMENTED promotional 0.05% through 2026-08-31,after_hours,overnight,2026-09-18T23:05:03.291954+00:00,public_book,2026-09-19T03:05:03.356996+00:00,public_book,OBSERVED-NOW book scenario; fee/prices event-time,-0.045000000000001705,0.10073750000000001,0.000406809483053161,0.0005387394622062837,0.09525520529760426,0.19599270529760426,-0.45576109829760597,1.3388039310250042,0.0344798705609968,eligibility snapshot time unpublished,
rSGOV-2026-08-03-1,rSGOV,RSGOVUSDT,2026-08-03,overnight_2000,5000,0.30681199,0.3,0.214768393,100.715,100.76,40.05,0.0005,DOCUMENTED promotional 0.05% through 2026-08-31,after_hours,overnight,2026-09-18T23:05:03.291954+00:00,public_book,2026-09-19T03:05:03.356996+00:00,public_book,OBSERVED-NOW book scenario; fee/prices event-time,-0.045000000000001705,0.10073750000000001,0.001406201257912687,0.0019696022553432613,0.3400826829390633,0.44082018293906333,-0.7005885759390651,2.1367762581216705,-0.21108362694942676,eligibility snapshot time unpublished,
rSGOV-2026-08-03-1,rSGOV,RSGOVUSDT,2026-08-03,overnight_2000,25000,0.30681199,0.3,0.214768393,100.715,100.76,40.05,0.0005,DOCUMENTED promotional 0.05% through 2026-08-31,after_hours,overnight,2026-09-18T23:05:03.291954+00:00,public_book,2026-09-19T03:05:03.356996+00:00,public_book,OBSERVED-NOW book scenario; fee/prices event-time,-0.045000000000001705,0.10073750000000001,0.0035656916043583786,0.003955059366375524,0.757630411688952,0.858367911688952,-1.1181363046889536,3.4977000236820994,-0.6379549661274195,eligibility snapshot time unpublished,
rSGOV-2026-08-03-1,rSGOV,RSGOVUSDT,2026-08-03,premarket_0400,1000,0.30681199,0.3,0.214768393,100.715,100.44,56.016666666666666,0.0005,DOCUMENTED promotional 0.05% through 2026-08-31,after_hours,pre_market,2026-09-18T23:05:03.291954+00:00,public_book,,,OBSERVED-NOW book scenario; fee/prices event-time,0.2750000000000057,0.1005775,0.000406809483053161,,,,,,,eligibility snapshot time unpublished,buy: no depth sample for this symbol/session
rSGOV-2026-08-03-1,rSGOV,RSGOVUSDT,2026-08-03,premarket_0400,5000,0.30681199,0.3,0.214768393,100.715,100.44,56.016666666666666,0.0005,DOCUMENTED promotional 0.05% through 2026-08-31,after_hours,pre_market,2026-09-18T23:05:03.291954+00:00,public_book,,,OBSERVED-NOW book scenario; fee/prices event-time,0.2750000000000057,0.1005775,0.001406201257912687,,,,,,,eligibility snapshot time unpublished,buy: no depth sample for this symbol/session
rSGOV-2026-08-03-1,rSGOV,RSGOVUSDT,2026-08-03,premarket_0400,25000,0.30681199,0.3,0.214768393,100.715,100.44,56.016666666666666,0.0005,DOCUMENTED promotional 0.05% through 2026-08-31,after_hours,pre_market,2026-09-18T23:05:03.291954+00:00,public_book,,,OBSERVED-NOW book scenario; fee/prices event-time,0.2750000000000057,0.1005775,0.0035656916043583786,,,,,,,eligibility snapshot time unpublished,buy: no depth sample for this symbol/session
rSGOV-2026-08-03-1,rSGOV,RSGOVUSDT,2026-08-03,open_0930,1000,0.30681199,0.3,0.214768393,100.715,100.425,61.516666666666666,0.0005,DOCUMENTED promotional 0.05% through 2026-08-31,after_hours,regular,2026-09-18T23:05:03.291954+00:00,public_book,2026-09-16T19:34:15.315933+00:00,public_book,OBSERVED-NOW book scenario; fee/prices event-time,0.29000000000000625,0.10056999999999999,0.000406809483053161,0.0007192977958250246,0.11320729823142722,0.21377729823142722,-0.13854569123142096,1.3967697000088792,-0.29542395255609855,eligibility snapshot time unpublished,
rSGOV-2026-08-03-1,rSGOV,RSGOVUSDT,2026-08-03,open_0930,5000,0.30681199,0.3,0.214768393,100.715,100.425,61.516666666666666,0.0005,DOCUMENTED promotional 0.05% through 2026-08-31,after_hours,regular,2026-09-18T23:05:03.291954+00:00,public_book,2026-09-16T19:34:15.315933+00:00,public_book,OBSERVED-NOW book scenario; fee/prices event-time,0.29000000000000625,0.10056999999999999,0.001406201257912687,0.0013955956673150638,0.28177825458079153,0.3823482545807915,-0.3071166475807853,1.946197238187437,-0.5687941369035079,eligibility snapshot time unpublished,
rSGOV-2026-08-03-1,rSGOV,RSGOVUSDT,2026-08-03,open_0930,25000,0.30681199,0.3,0.214768393,100.715,100.425,61.516666666666666,0.0005,DOCUMENTED promotional 0.05% through 2026-08-31,after_hours,regular,2026-09-18T23:05:03.291954+00:00,public_book,2026-09-16T19:34:15.315933+00:00,public_book,OBSERVED-NOW book scenario; fee/prices event-time,0.29000000000000625,0.10056999999999999,0.0035656916043583786,0.003408095931560773,0.7013766638599448,0.8019466638599448,-0.7267150568599385,3.3138048381353835,-1.0069308341348315,eligibility snapshot time unpublished,
rSGOV-2026-08-03-1,rSGOV,RSGOVUSDT,2026-08-03,open_1000,1000,0.30681199,0.3,0.214768393,100.715,100.425,62.016666666666666,0.0005,DOCUMENTED promotional 0.05% through 2026-08-31,after_hours,regular,2026-09-18T23:05:03.291954+00:00,public_book,2026-09-16T19:34:15.315933+00:00,public_book,OBSERVED-NOW book scenario; fee/prices event-time,0.29000000000000625,0.10056999999999999,0.000406809483053161,0.0007192977958250246,0.11320729823142722,0.21377729823142722,-0.13854569123142096,1.3967697000088792,-0.29542395255609855,eligibility snapshot time unpublished,
rSGOV-2026-08-03-1,rSGOV,RSGOVUSDT,2026-08-03,open_1000,5000,0.30681199,0.3,0.214768393,100.715,100.425,62.016666666666666,0.0005,DOCUMENTED promotional 0.05% through 2026-08-31,after_hours,regular,2026-09-18T23:05:03.291954+00:00,public_book,2026-09-16T19:34:15.315933+00:00,public_book,OBSERVED-NOW book scenario; fee/prices event-time,0.29000000000000625,0.10056999999999999,0.001406201257912687,0.0013955956673150638,0.28177825458079153,0.3823482545807915,-0.3071166475807853,1.946197238187437,-0.5687941369035079,eligibility snapshot time unpublished,
rSGOV-2026-08-03-1,rSGOV,RSGOVUSDT,2026-08-03,open_1000,25000,0.30681199,0.3,0.214768393,100.715,100.425,62.016666666666666,0.0005,DOCUMENTED promotional 0.05% through 2026-08-31,after_hours,regular,2026-09-18T23:05:03.291954+00:00,public_book,2026-09-16T19:34:15.315933+00:00,public_book,OBSERVED-NOW book scenario; fee/prices event-time,0.29000000000000625,0.10056999999999999,0.0035656916043583786,0.003408095931560773,0.7013766638599448,0.8019466638599448,-0.7267150568599385,3.3138048381353835,-1.0069308341348315,eligibility snapshot time unpublished,
rSGOV-2026-08-03-1,rSGOV,RSGOVUSDT,2026-08-03,close_1600,1000,0.30681199,0.3,0.214768393,100.715,100.425,68.01666666666667,0.0005,DOCUMENTED promotional 0.05% through 2026-08-31,after_hours,after_hours,2026-09-18T23:05:03.291954+00:00,public_book,2026-09-18T23:05:03.291954+00:00,public_book,OBSERVED-NOW book scenario; fee/prices event-time,0.29000000000000625,0.10056999999999999,0.000406809483053161,0.0006123735984382428,0.10246943570885965,0.20303943570885963,-0.12780782870885338,1.3617715158682673,-0.27833065630232756,eligibility snapshot time unpublished,
rSGOV-2026-08-03-1,rSGOV,RSGOVUSDT,2026-08-03,close_1600,5000,0.30681199,0.3,0.214768393,100.715,100.425,68.01666666666667,0.0005,DOCUMENTED promotional 0.05% through 2026-08-31,after_hours,after_hours,2026-09-18T23:05:03.291954+00:00,public_book,2026-09-18T23:05:03.291954+00:00,public_book,OBSERVED-NOW book scenario; fee/prices event-time,0.29000000000000625,0.10056999999999999,0.001406201257912687,0.0019626261768341813,0.3387222934992489,0.4392922934992489,-0.36406068649924267,2.131796369819996,-0.5146852637257424,eligibility snapshot time unpublished,
rSGOV-2026-08-03-1,rSGOV,RSGOVUSDT,2026-08-03,close_1600,25000,0.30681199,0.3,0.214768393,100.715,100.425,68.01666666666667,0.0005,DOCUMENTED promotional 0.05% through 2026-08-31,after_hours,after_hours,2026-09-18T23:05:03.291954+00:00,public_book,2026-09-18T23:05:03.291954+00:00,public_book,OBSERVED-NOW book scenario; fee/prices event-time,0.29000000000000625,0.10056999999999999,0.0035656916043583786,0.003867734865557581,0.7475359038065742,0.8481059038065741,-0.7728742968065678,3.4642528044832086,-0.9234251033523282,eligibility snapshot time unpublished,
rSATA-2026-08-04-1,rSATA,RSATAUSDT,2026-08-04,overnight_2000,1000,0.0516,0.3,0.03612,97.399,98.9,0.7666666666666667,0.0005,DOCUMENTED promotional 0.05% through 2026-08-31,after_hours,overnight,2026-09-18T23:05:03.291954+00:00,ticker_only,2026-09-19T03:05:03.356996+00:00,ticker_only,OBSERVED-NOW book scenario; fee/prices event-time,-1.5010000000000048,0.0981495,0.00014999250037498694,0.00014999250037498694,0.029443377831109563,0.12759287783110956,-1.6647128778311142,3.1727301905253786,1.4095271221688952,eligibility snapshot time unpublished,
rSATA-2026-08-04-1,rSATA,RSATAUSDT,2026-08-04,overnight_2000,5000,0.0516,0.3,0.03612,97.399,98.9,0.7666666666666667,0.0005,DOCUMENTED promotional 0.05% through 2026-08-31,after_hours,overnight,2026-09-18T23:05:03.291954+00:00,ticker_only,2026-09-19T03:05:03.356996+00:00,ticker_only,OBSERVED-NOW book scenario; fee/prices event-time,-1.5010000000000048,0.0981495,0.00014999250037498694,,,,,,,eligibility snapshot time unpublished,"buy: $5,000 exceeds visible top-of-book ($2,500) on ticker-only symbol"
rSATA-2026-08-04-1,rSATA,RSATAUSDT,2026-08-04,overnight_2000,25000,0.0516,0.3,0.03612,97.399,98.9,0.7666666666666667,0.0005,DOCUMENTED promotional 0.05% through 2026-08-31,after_hours,overnight,2026-09-18T23:05:03.291954+00:00,ticker_only,2026-09-19T03:05:03.356996+00:00,ticker_only,OBSERVED-NOW book scenario; fee/prices event-time,-1.5010000000000048,0.0981495,,,,,,,,eligibility snapshot time unpublished,"sell: $25,000 exceeds visible top-of-book ($5,499) on ticker-only symbol; buy: $25,000 exceeds visible top-of-book ($2,500) on ticker-only symbol"
rSATA-2026-08-04-1,rSATA,RSATAUSDT,2026-08-04,premarket_0400,1000,0.0516,0.3,0.03612,97.399,97.4,8.066666666666666,0.0005,DOCUMENTED promotional 0.05% through 2026-08-31,after_hours,pre_market,2026-09-18T23:05:03.291954+00:00,ticker_only,,,OBSERVED-NOW book scenario; fee/prices event-time,-0.0010000000000047748,0.0973995,0.00014999250037498694,,,,,,,eligibility snapshot time unpublished,buy: no depth sample for this symbol/session
rSATA-2026-08-04-1,rSATA,RSATAUSDT,2026-08-04,premarket_0400,5000,0.0516,0.3,0.03612,97.399,97.4,8.066666666666666,0.0005,DOCUMENTED promotional 0.05% through 2026-08-31,after_hours,pre_market,2026-09-18T23:05:03.291954+00:00,ticker_only,,,OBSERVED-NOW book scenario; fee/prices event-time,-0.0010000000000047748,0.0973995,0.00014999250037498694,,,,,,,eligibility snapshot time unpublished,buy: no depth sample for this symbol/session
rSATA-2026-08-04-1,rSATA,RSATAUSDT,2026-08-04,premarket_0400,25000,0.0516,0.3,0.03612,97.399,97.4,8.066666666666666,0.0005,DOCUMENTED promotional 0.05% through 2026-08-31,after_hours,pre_market,2026-09-18T23:05:03.291954+00:00,ticker_only,,,OBSERVED-NOW book scenario; fee/prices event-time,-0.0010000000000047748,0.0973995,,,,,,,,eligibility snapshot time unpublished,"sell: $25,000 exceeds visible top-of-book ($5,499) on ticker-only symbol; buy: no depth sample for this symbol/session"
rSATA-2026-08-04-1,rSATA,RSATAUSDT,2026-08-04,open_0930,1000,0.0516,0.3,0.03612,97.399,97.624,13.566666666666666,0.0005,DOCUMENTED promotional 0.05% through 2026-08-31,after_hours,regular,2026-09-18T23:05:03.291954+00:00,ticker_only,2026-09-16T19:34:15.315933+00:00,ticker_only,OBSERVED-NOW book scenario; fee/prices event-time,-0.22499999999999432,0.0975115,0.00014999250037498694,0.00020010005002497267,0.034143686827661286,0.13165518682766128,-0.39277518682765555,3.251457109063203,0.12946481317233302,eligibility snapshot time unpublished,
rSATA-2026-08-04-1,rSATA,RSATAUSDT,2026-08-04,open_0930,5000,0.0516,0.3,0.03612,97.399,97.624,13.566666666666666,0.0005,DOCUMENTED promotional 0.05% through 2026-08-31,after_hours,regular,2026-09-18T23:05:03.291954+00:00,ticker_only,2026-09-16T19:34:15.315933+00:00,ticker_only,OBSERVED-NOW book scenario; fee/prices event-time,-0.22499999999999432,0.0975115,0.00014999250037498694,0.00020010005002497267,0.034143686827661286,0.13165518682766128,-0.39277518682765555,3.251457109063203,,eligibility snapshot time unpublished,
rSATA-2026-08-04-1,rSATA,RSATAUSDT,2026-08-04,open_0930,25000,0.0516,0.3,0.03612,97.399,97.624,13.566666666666666,0.0005,DOCUMENTED promotional 0.05% through 2026-08-31,after_hours,regular,2026-09-18T23:05:03.291954+00:00,ticker_only,2026-09-16T19:34:15.315933+00:00,ticker_only,OBSERVED-NOW book scenario; fee/prices event-time,-0.22499999999999432,0.0975115,,0.00020010005002497267,,,,,,eligibility snapshot time unpublished,"sell: $25,000 exceeds visible top-of-book ($5,499) on ticker-only symbol"
rSATA-2026-08-04-1,rSATA,RSATAUSDT,2026-08-04,open_1000,1000,0.0516,0.3,0.03612,97.399,97.431,14.066666666666666,0.0005,DOCUMENTED promotional 0.05% through 2026-08-31,after_hours,regular,2026-09-18T23:05:03.291954+00:00,ticker_only,2026-09-16T19:34:15.315933+00:00,ticker_only,OBSERVED-NOW book scenario; fee/prices event-time,-0.031999999999996476,0.09741499999999999,0.00014999250037498694,0.00020010005002497267,0.03410506751800647,0.13152006751800646,-0.19964006751800295,3.248838517790823,-0.06340006751800997,eligibility snapshot time unpublished,
rSATA-2026-08-04-1,rSATA,RSATAUSDT,2026-08-04,open_1000,5000,0.0516,0.3,0.03612,97.399,97.431,14.066666666666666,0.0005,DOCUMENTED promotional 0.05% through 2026-08-31,after_hours,regular,2026-09-18T23:05:03.291954+00:00,ticker_only,2026-09-16T19:34:15.315933+00:00,ticker_only,OBSERVED-NOW book scenario; fee/prices event-time,-0.031999999999996476,0.09741499999999999,0.00014999250037498694,0.00020010005002497267,0.03410506751800647,0.13152006751800646,-0.19964006751800295,3.248838517790823,,eligibility snapshot time unpublished,
rSATA-2026-08-04-1,rSATA,RSATAUSDT,2026-08-04,open_1000,25000,0.0516,0.3,0.03612,97.399,97.431,14.066666666666666,0.0005,DOCUMENTED promotional 0.05% through 2026-08-31,after_hours,regular,2026-09-18T23:05:03.291954+00:00,ticker_only,2026-09-16T19:34:15.315933+00:00,ticker_only,OBSERVED-NOW book scenario; fee/prices event-time,-0.031999999999996476,0.09741499999999999,,0.00020010005002497267,,,,,,eligibility snapshot time unpublished,"sell: $25,000 exceeds visible top-of-book ($5,499) on ticker-only symbol"
rSATA-2026-08-04-1,rSATA,RSATAUSDT,2026-08-04,close_1600,1000,0.0516,0.3,0.03612,97.399,97.955,20.066666666666666,0.0005,DOCUMENTED promotional 0.05% through 2026-08-31,after_hours,after_hours,2026-09-18T23:05:03.291954+00:00,ticker_only,2026-09-18T23:05:03.291954+00:00,ticker_only,OBSERVED-NOW book scenario; fee/prices event-time,-0.5559999999999974,0.097677,0.00014999250037498694,0.00014999250037498694,0.029301634918255198,0.1269786349182552,-0.7190986349182527,3.1608262581057214,0.4651413650817422,eligibility snapshot time unpublished,
rSATA-2026-08-04-1,rSATA,RSATAUSDT,2026-08-04,close_1600,5000,0.0516,0.3,0.03612,97.399,97.955,20.066666666666666,0.0005,DOCUMENTED promotional 0.05% through 2026-08-31,after_hours,after_hours,2026-09-18T23:05:03.291954+00:00,ticker_only,2026-09-18T23:05:03.291954+00:00,ticker_only,OBSERVED-NOW book scenario; fee/prices event-time,-0.5559999999999974,0.097677,0.00014999250037498694,,,,,,,eligibility snapshot time unpublished,"buy: $5,000 exceeds visible top-of-book ($2,500) on ticker-only symbol"
rSATA-2026-08-04-1,rSATA,RSATAUSDT,2026-08-04,close_1600,25000,0.0516,0.3,0.03612,97.399,97.955,20.066666666666666,0.0005,DOCUMENTED promotional 0.05% through 2026-08-31,after_hours,after_hours,2026-09-18T23:05:03.291954+00:00,ticker_only,2026-09-18T23:05:03.291954+00:00,ticker_only,OBSERVED-NOW book scenario; fee/prices event-time,-0.5559999999999974,0.097677,,,,,,,,eligibility snapshot time unpublished,"sell: $25,000 exceeds visible top-of-book ($5,499) on ticker-only symbol; buy: $25,000 exceeds visible top-of-book ($2,500) on ticker-only symbol"
rSATA-2026-08-05-1,rSATA,RSATAUSDT,2026-08-05,overnight_2000,1000,0.0516,0.3,0.03612,97.87,97.82,1.5833333333333333,0.0005,DOCUMENTED promotional 0.05% through 2026-08-31,after_hours,overnight,2026-09-18T23:05:03.291954+00:00,ticker_only,2026-09-19T03:05:03.356996+00:00,ticker_only,OBSERVED-NOW book scenario; fee/prices event-time,0.05000000000001137,0.097845,0.00014999250037498694,0.00014999250037498694,0.029352032398381196,0.1271970323983812,-0.11331703239836984,3.165058767410488,-0.14107703239839256,eligibility snapshot time unpublished,
rSATA-2026-08-05-1,rSATA,RSATAUSDT,2026-08-05,overnight_2000,5000,0.0516,0.3,0.03612,97.87,97.82,1.5833333333333333,0.0005,DOCUMENTED promotional 0.05% through 2026-08-31,after_hours,overnight,2026-09-18T23:05:03.291954+00:00,ticker_only,2026-09-19T03:05:03.356996+00:00,ticker_only,OBSERVED-NOW book scenario; fee/prices event-time,0.05000000000001137,0.097845,0.00014999250037498694,,,,,,,eligibility snapshot time unpublished,"buy: $5,000 exceeds visible top-of-book ($2,500) on ticker-only symbol"
rSATA-2026-08-05-1,rSATA,RSATAUSDT,2026-08-05,overnight_2000,25000,0.0516,0.3,0.03612,97.87,97.82,1.5833333333333333,0.0005,DOCUMENTED promotional 0.05% through 2026-08-31,after_hours,overnight,2026-09-18T23:05:03.291954+00:00,ticker_only,2026-09-19T03:05:03.356996+00:00,ticker_only,OBSERVED-NOW book scenario; fee/prices event-time,0.05000000000001137,0.097845,,,,,,,,eligibility snapshot time unpublished,"sell: $25,000 exceeds visible top-of-book ($5,499) on ticker-only symbol; buy: $25,000 exceeds visible top-of-book ($2,500) on ticker-only symbol"
rSATA-2026-08-05-1,rSATA,RSATAUSDT,2026-08-05,premarket_0400,1000,0.0516,0.3,0.03612,97.87,97.87,8.033333333333333,0.0005,DOCUMENTED promotional 0.05% through 2026-08-31,after_hours,pre_market,2026-09-18T23:05:03.291954+00:00,ticker_only,,,OBSERVED-NOW book scenario; fee/prices event-time,0.0,0.09787000000000001,0.00014999250037498694,,,,,,,eligibility snapshot time unpublished,buy: no depth sample for this symbol/session
rSATA-2026-08-05-1,rSATA,RSATAUSDT,2026-08-05,premarket_0400,5000,0.0516,0.3,0.03612,97.87,97.87,8.033333333333333,0.0005,DOCUMENTED promotional 0.05% through 2026-08-31,after_hours,pre_market,2026-09-18T23:05:03.291954+00:00,ticker_only,,,OBSERVED-NOW book scenario; fee/prices event-time,0.0,0.09787000000000001,0.00014999250037498694,,,,,,,eligibility snapshot time unpublished,buy: no depth sample for this symbol/session
rSATA-2026-08-05-1,rSATA,RSATAUSDT,2026-08-05,premarket_0400,25000,0.0516,0.3,0.03612,97.87,97.87,8.033333333333333,0.0005,DOCUMENTED promotional 0.05% through 2026-08-31,after_hours,pre_market,2026-09-18T23:05:03.291954+00:00,ticker_only,,,OBSERVED-NOW book scenario; fee/prices event-time,0.0,0.09787000000000001,,,,,,,,eligibility snapshot time unpublished,"sell: $25,000 exceeds visible top-of-book ($5,499) on ticker-only symbol; buy: no depth sample for this symbol/session"
rSATA-2026-08-05-1,rSATA,RSATAUSDT,2026-08-05,open_0930,1000,0.0516,0.3,0.03612,97.87,97.96,13.533333333333333,0.0005,DOCUMENTED promotional 0.05% through 2026-08-31,after_hours,regular,2026-09-18T23:05:03.291954+00:00,ticker_only,2026-09-16T19:34:15.315933+00:00,ticker_only,OBSERVED-NOW book scenario; fee/prices event-time,-0.0899999999999892,0.09791499999999999,0.00014999250037498694,0.00020010005002497267,0.034281566912146295,0.1321965669121463,-0.25831656691213545,3.261948971165626,-0.006076566912157098,eligibility snapshot time unpublished,
rSATA-2026-08-05-1,rSATA,RSATAUSDT,2026-08-05,open_0930,5000,0.0516,0.3,0.03612,97.87,97.96,13.533333333333333,0.0005,DOCUMENTED promotional 0.05% through 2026-08-31,after_hours,regular,2026-09-18T23:05:03.291954+00:00,ticker_only,2026-09-16T19:34:15.315933+00:00,ticker_only,OBSERVED-NOW book scenario; fee/prices event-time,-0.0899999999999892,0.09791499999999999,0.00014999250037498694,0.00020010005002497267,0.034281566912146295,0.1321965669121463,-0.25831656691213545,3.261948971165626,,eligibility snapshot time unpublished,
rSATA-2026-08-05-1,rSATA,RSATAUSDT,2026-08-05,open_0930,25000,0.0516,0.3,0.03612,97.87,97.96,13.533333333333333,0.0005,DOCUMENTED promotional 0.05% through 2026-08-31,after_hours,regular,2026-09-18T23:05:03.291954+00:00,ticker_only,2026-09-16T19:34:15.315933+00:00,ticker_only,OBSERVED-NOW book scenario; fee/prices event-time,-0.0899999999999892,0.09791499999999999,,0.00020010005002497267,,,,,,eligibility snapshot time unpublished,"sell: $25,000 exceeds visible top-of-book ($5,499) on ticker-only symbol"
rSATA-2026-08-05-1,rSATA,RSATAUSDT,2026-08-05,open_1000,1000,0.0516,0.3,0.03612,97.87,98.125,14.033333333333333,0.0005,DOCUMENTED promotional 0.05% through 2026-08-31,after_hours,regular,2026-09-18T23:05:03.291954+00:00,ticker_only,2026-09-16T19:34:15.315933+00:00,ticker_only,OBSERVED-NOW book scenario; fee/prices event-time,-0.25499999999999545,0.0979975,0.00014999250037498694,0.00020010005002497267,0.03431458342040042,0.1323120834204004,-0.42343208342039584,3.2641876631860542,0.158807916579595,eligibility snapshot time unpublished,
rSATA-2026-08-05-1,rSATA,RSATAUSDT,2026-08-05,open_1000,5000,0.0516,0.3,0.03612,97.87,98.125,14.033333333333333,0.0005,DOCUMENTED promotional 0.05% through 2026-08-31,after_hours,regular,2026-09-18T23:05:03.291954+00:00,ticker_only,2026-09-16T19:34:15.315933+00:00,ticker_only,OBSERVED-NOW book scenario; fee/prices event-time,-0.25499999999999545,0.0979975,0.00014999250037498694,0.00020010005002497267,0.03431458342040042,0.1323120834204004,-0.42343208342039584,3.2641876631860542,,eligibility snapshot time unpublished,
rSATA-2026-08-05-1,rSATA,RSATAUSDT,2026-08-05,open_1000,25000,0.0516,0.3,0.03612,97.87,98.125,14.033333333333333,0.0005,DOCUMENTED promotional 0.05% through 2026-08-31,after_hours,regular,2026-09-18T23:05:03.291954+00:00,ticker_only,2026-09-16T19:34:15.315933+00:00,ticker_only,OBSERVED-NOW book scenario; fee/prices event-time,-0.25499999999999545,0.0979975,,0.00020010005002497267,,,,,,eligibility snapshot time unpublished,"sell: $25,000 exceeds visible top-of-book ($5,499) on ticker-only symbol"
rSATA-2026-08-05-1,rSATA,RSATAUSDT,2026-08-05,close_1600,1000,0.0516,0.3,0.03612,97.87,98.224,20.033333333333335,0.0005,DOCUMENTED promotional 0.05% through 2026-08-31,after_hours,after_hours,2026-09-18T23:05:03.291954+00:00,ticker_only,2026-09-18T23:05:03.291954+00:00,ticker_only,OBSERVED-NOW book scenario; fee/prices event-time,-0.3539999999999992,0.098047,0.00014999250037498694,0.00014999250037498694,0.029412629368532693,0.1274596293685327,-0.5175796293685319,3.170147855979316,0.2626603706314665,eligibility snapshot time unpublished,
rSATA-2026-08-05-1,rSATA,RSATAUSDT,2026-08-05,close_1600,5000,0.0516,0.3,0.03612,97.87,98.224,20.033333333333335,0.0005,DOCUMENTED promotional 0.05% through 2026-08-31,after_hours,after_hours,2026-09-18T23:05:03.291954+00:00,ticker_only,2026-09-18T23:05:03.291954+00:00,ticker_only,OBSERVED-NOW book scenario; fee/prices event-time,-0.3539999999999992,0.098047,0.00014999250037498694,,,,,,,eligibility snapshot time unpublished,"buy: $5,000 exceeds visible top-of-book ($2,500) on ticker-only symbol"
rSATA-2026-08-05-1,rSATA,RSATAUSDT,2026-08-05,close_1600,25000,0.0516,0.3,0.03612,97.87,98.224,20.033333333333335,0.0005,DOCUMENTED promotional 0.05% through 2026-08-31,after_hours,after_hours,2026-09-18T23:05:03.291954+00:00,ticker_only,2026-09-18T23:05:03.291954+00:00,ticker_only,OBSERVED-NOW book scenario; fee/prices event-time,-0.3539999999999992,0.098047,,,,,,,,eligibility snapshot time unpublished,"sell: $25,000 exceeds visible top-of-book ($5,499) on ticker-only symbol; buy: $25,000 exceeds visible top-of-book ($2,500) on ticker-only symbol"
rSATA-2026-08-06-1,rSATA,RSATAUSDT,2026-08-06,overnight_2000,1000,0.0516,0.3,0.03612,98.225,98.05,2.05,0.0005,DOCUMENTED promotional 0.05% through 2026-08-31,after_hours,overnight,2026-09-18T23:05:03.291954+00:00,ticker_only,2026-09-19T03:05:03.356996+00:00,ticker_only,OBSERVED-NOW book scenario; fee/prices event-time,0.17499999999999716,0.09813749999999999,0.00014999250037498694,0.00014999250037498694,0.02943977801110056,0.12757727801110055,0.011302721988896619,3.1724278684321816,-0.2664572780110977,eligibility snapshot time unpublished,
rSATA-2026-08-06-1,rSATA,RSATAUSDT,2026-08-06,overnight_2000,5000,0.0516,0.3,0.03612,98.225,98.05,2.05,0.0005,DOCUMENTED promotional 0.05% through 2026-08-31,after_hours,overnight,2026-09-18T23:05:03.291954+00:00,ticker_only,2026-09-19T03:05:03.356996+00:00,ticker_only,OBSERVED-NOW book scenario; fee/prices event-time,0.17499999999999716,0.09813749999999999,0.00014999250037498694,,,,,,,eligibility snapshot time unpublished,"buy: $5,000 exceeds visible top-of-book ($2,500) on ticker-only symbol"
rSATA-2026-08-06-1,rSATA,RSATAUSDT,2026-08-06,overnight_2000,25000,0.0516,0.3,0.03612,98.225,98.05,2.05,0.0005,DOCUMENTED promotional 0.05% through 2026-08-31,after_hours,overnight,2026-09-18T23:05:03.291954+00:00,ticker_only,2026-09-19T03:05:03.356996+00:00,ticker_only,OBSERVED-NOW book scenario; fee/prices event-time,0.17499999999999716,0.09813749999999999,,,,,,,,eligibility snapshot time unpublished,"sell: $25,000 exceeds visible top-of-book ($5,499) on ticker-only symbol; buy: $25,000 exceeds visible top-of-book ($2,500) on ticker-only symbol"
rSATA-2026-08-06-1,rSATA,RSATAUSDT,2026-08-06,premarket_0400,1000,0.0516,0.3,0.03612,98.225,98.225,8.366666666666667,0.0005,DOCUMENTED promotional 0.05% through 2026-08-31,after_hours,pre_market,2026-09-18T23:05:03.291954+00:00,ticker_only,,,OBSERVED-NOW book scenario; fee/prices event-time,0.0,0.09822499999999999,0.00014999250037498694,,,,,,,eligibility snapshot time unpublished,buy: no depth sample for this symbol/session
rSATA-2026-08-06-1,rSATA,RSATAUSDT,2026-08-06,premarket_0400,5000,0.0516,0.3,0.03612,98.225,98.225,8.366666666666667,0.0005,DOCUMENTED promotional 0.05% through 2026-08-31,after_hours,pre_market,2026-09-18T23:05:03.291954+00:00,ticker_only,,,OBSERVED-NOW book scenario; fee/prices event-time,0.0,0.09822499999999999,0.00014999250037498694,,,,,,,eligibility snapshot time unpublished,buy: no depth sample for this symbol/session
rSATA-2026-08-06-1,rSATA,RSATAUSDT,2026-08-06,premarket_0400,25000,0.0516,0.3,0.03612,98.225,98.225,8.366666666666667,0.0005,DOCUMENTED promotional 0.05% through 2026-08-31,after_hours,pre_market,2026-09-18T23:05:03.291954+00:00,ticker_only,,,OBSERVED-NOW book scenario; fee/prices event-time,0.0,0.09822499999999999,,,,,,,,eligibility snapshot time unpublished,"sell: $25,000 exceeds visible top-of-book ($5,499) on ticker-only symbol; buy: no depth sample for this symbol/session"
rSATA-2026-08-06-1,rSATA,RSATAUSDT,2026-08-06,open_0930,1000,0.0516,0.3,0.03612,98.225,98.31,13.866666666666667,0.0005,DOCUMENTED promotional 0.05% through 2026-08-31,after_hours,regular,2026-09-18T23:05:03.291954+00:00,ticker_only,2026-09-16T19:34:15.315933+00:00,ticker_only,OBSERVED-NOW book scenario; fee/prices event-time,-0.08500000000000796,0.0982675,0.00014999250037498694,0.00020010005002497267,0.03440484926728816,0.13267234926728816,-0.2537923492672961,3.271169559443569,-0.011552349267280194,eligibility snapshot time unpublished,
rSATA-2026-08-06-1,rSATA,RSATAUSDT,2026-08-06,open_0930,5000,0.0516,0.3,0.03612,98.225,98.31,13.866666666666667,0.0005,DOCUMENTED promotional 0.05% through 2026-08-31,after_hours,regular,2026-09-18T23:05:03.291954+00:00,ticker_only,2026-09-16T19:34:15.315933+00:00,ticker_only,OBSERVED-NOW book scenario; fee/prices event-time,-0.08500000000000796,0.0982675,0.00014999250037498694,0.00020010005002497267,0.03440484926728816,0.13267234926728816,-0.2537923492672961,3.271169559443569,,eligibility snapshot time unpublished,
rSATA-2026-08-06-1,rSATA,RSATAUSDT,2026-08-06,open_0930,25000,0.0516,0.3,0.03612,98.225,98.31,13.866666666666667,0.0005,DOCUMENTED promotional 0.05% through 2026-08-31,after_hours,regular,2026-09-18T23:05:03.291954+00:00,ticker_only,2026-09-16T19:34:15.315933+00:00,ticker_only,OBSERVED-NOW book scenario; fee/prices event-time,-0.08500000000000796,0.0982675,,0.00020010005002497267,,,,,,eligibility snapshot time unpublished,"sell: $25,000 exceeds visible top-of-book ($5,499) on ticker-only symbol"
rSATA-2026-08-06-1,rSATA,RSATAUSDT,2026-08-06,open_1000,1000,0.0516,0.3,0.03612,98.225,98.45,14.366666666666667,0.0005,DOCUMENTED promotional 0.05% through 2026-08-31,after_hours,regular,2026-09-18T23:05:03.291954+00:00,ticker_only,2026-09-16T19:34:15.315933+00:00,ticker_only,OBSERVED-NOW book scenario; fee/prices event-time,-0.22500000000000853,0.09833750000000001,0.00014999250037498694,0.00020010005002497267,0.03443286327429165,0.13277036327429165,-0.39389036327430016,3.2730690557033264,0.12834963672571684,eligibility snapshot time unpublished,
rSATA-2026-08-06-1,rSATA,RSATAUSDT,2026-08-06,open_1000,5000,0.0516,0.3,0.03612,98.225,98.45,14.366666666666667,0.0005,DOCUMENTED promotional 0.05% through 2026-08-31,after_hours,regular,2026-09-18T23:05:03.291954+00:00,ticker_only,2026-09-16T19:34:15.315933+00:00,ticker_only,OBSERVED-NOW book scenario; fee/prices event-time,-0.22500000000000853,0.09833750000000001,0.00014999250037498694,0.00020010005002497267,0.03443286327429165,0.13277036327429165,-0.39389036327430016,3.2730690557033264,,eligibility snapshot time unpublished,
rSATA-2026-08-06-1,rSATA,RSATAUSDT,2026-08-06,open_1000,25000,0.0516,0.3,0.03612,98.225,98.45,14.366666666666667,0.0005,DOCUMENTED promotional 0.05% through 2026-08-31,after_hours,regular,2026-09-18T23:05:03.291954+00:00,ticker_only,2026-09-16T19:34:15.315933+00:00,ticker_only,OBSERVED-NOW book scenario; fee/prices event-time,-0.22500000000000853,0.09833750000000001,,0.00020010005002497267,,,,,,eligibility snapshot time unpublished,"sell: $25,000 exceeds visible top-of-book ($5,499) on ticker-only symbol"
rSATA-2026-08-06-1,rSATA,RSATAUSDT,2026-08-06,close_1600,1000,0.0516,0.3,0.03612,98.225,98.79,20.366666666666667,0.0005,DOCUMENTED promotional 0.05% through 2026-08-31,after_hours,after_hours,2026-09-18T23:05:03.291954+00:00,ticker_only,2026-09-18T23:05:03.291954+00:00,ticker_only,OBSERVED-NOW book scenario; fee/prices event-time,-0.5650000000000119,0.0985075,0.00014999250037498694,0.00014999250037498694,0.02955077246137805,0.12805827246137805,-0.72917827246139,3.181749466305776,0.47306172753863396,eligibility snapshot time unpublished,
rSATA-2026-08-06-1,rSATA,RSATAUSDT,2026-08-06,close_1600,5000,0.0516,0.3,0.03612,98.225,98.79,20.366666666666667,0.0005,DOCUMENTED promotional 0.05% through 2026-08-31,after_hours,after_hours,2026-09-18T23:05:03.291954+00:00,ticker_only,2026-09-18T23:05:03.291954+00:00,ticker_only,OBSERVED-NOW book scenario; fee/prices event-time,-0.5650000000000119,0.0985075,0.00014999250037498694,,,,,,,eligibility snapshot time unpublished,"buy: $5,000 exceeds visible top-of-book ($2,500) on ticker-only symbol"
rSATA-2026-08-06-1,rSATA,RSATAUSDT,2026-08-06,close_1600,25000,0.0516,0.3,0.03612,98.225,98.79,20.366666666666667,0.0005,DOCUMENTED promotional 0.05% through 2026-08-31,after_hours,after_hours,2026-09-18T23:05:03.291954+00:00,ticker_only,2026-09-18T23:05:03.291954+00:00,ticker_only,OBSERVED-NOW book scenario; fee/prices event-time,-0.5650000000000119,0.0985075,,,,,,,,eligibility snapshot time unpublished,"sell: $25,000 exceeds visible top-of-book ($5,499) on ticker-only symbol; buy: $25,000 exceeds visible top-of-book ($2,500) on ticker-only symbol"
rSATA-2026-08-07-1,rSATA,RSATAUSDT,2026-08-07,overnight_2000,1000,0.0516,0.3,0.03612,98.67,98.81,1.2333333333333334,0.0005,DOCUMENTED promotional 0.05% through 2026-08-31,after_hours,overnight,2026-09-18T23:05:03.291954+00:00,ticker_only,2026-09-19T03:05:03.356996+00:00,ticker_only,OBSERVED-NOW book scenario; fee/prices event-time,-0.14000000000000057,0.09874000000000001,0.00014999250037498694,0.00014999250037498694,0.02962051897405242,0.12836051897405243,-0.304480518974053,3.187606956861481,0.047759481025948125,eligibility snapshot time unpublished,
rSATA-2026-08-07-1,rSATA,RSATAUSDT,2026-08-07,overnight_2000,5000,0.0516,0.3,0.03612,98.67,98.81,1.2333333333333334,0.0005,DOCUMENTED promotional 0.05% through 2026-08-31,after_hours,overnight,2026-09-18T23:05:03.291954+00:00,ticker_only,2026-09-19T03:05:03.356996+00:00,ticker_only,OBSERVED-NOW book scenario; fee/prices event-time,-0.14000000000000057,0.09874000000000001,0.00014999250037498694,,,,,,,eligibility snapshot time unpublished,"buy: $5,000 exceeds visible top-of-book ($2,500) on ticker-only symbol"
rSATA-2026-08-07-1,rSATA,RSATAUSDT,2026-08-07,overnight_2000,25000,0.0516,0.3,0.03612,98.67,98.81,1.2333333333333334,0.0005,DOCUMENTED promotional 0.05% through 2026-08-31,after_hours,overnight,2026-09-18T23:05:03.291954+00:00,ticker_only,2026-09-19T03:05:03.356996+00:00,ticker_only,OBSERVED-NOW book scenario; fee/prices event-time,-0.14000000000000057,0.09874000000000001,,,,,,,,eligibility snapshot time unpublished,"sell: $25,000 exceeds visible top-of-book ($5,499) on ticker-only symbol; buy: $25,000 exceeds visible top-of-book ($2,500) on ticker-only symbol"
rSATA-2026-08-07-1,rSATA,RSATAUSDT,2026-08-07,premarket_0400,1000,0.0516,0.3,0.03612,98.67,98.67,9.333333333333334,0.0005,DOCUMENTED promotional 0.05% through 2026-08-31,after_hours,pre_market,2026-09-18T23:05:03.291954+00:00,ticker_only,,,OBSERVED-NOW book scenario; fee/prices event-time,0.0,0.09867000000000001,0.00014999250037498694,,,,,,,eligibility snapshot time unpublished,buy: no depth sample for this symbol/session
rSATA-2026-08-07-1,rSATA,RSATAUSDT,2026-08-07,premarket_0400,5000,0.0516,0.3,0.03612,98.67,98.67,9.333333333333334,0.0005,DOCUMENTED promotional 0.05% through 2026-08-31,after_hours,pre_market,2026-09-18T23:05:03.291954+00:00,ticker_only,,,OBSERVED-NOW book scenario; fee/prices event-time,0.0,0.09867000000000001,0.00014999250037498694,,,,,,,eligibility snapshot time unpublished,buy: no depth sample for this symbol/session
rSATA-2026-08-07-1,rSATA,RSATAUSDT,2026-08-07,premarket_0400,25000,0.0516,0.3,0.03612,98.67,98.67,9.333333333333334,0.0005,DOCUMENTED promotional 0.05% through 2026-08-31,after_hours,pre_market,2026-09-18T23:05:03.291954+00:00,ticker_only,,,OBSERVED-NOW book scenario; fee/prices event-time,0.0,0.09867000000000001,,,,,,,,eligibility snapshot time unpublished,"sell: $25,000 exceeds visible top-of-book ($5,499) on ticker-only symbol; buy: no depth sample for this symbol/session"
rSATA-2026-08-07-1,rSATA,RSATAUSDT,2026-08-07,open_0930,1000,0.0516,0.3,0.03612,98.67,98.875,13.516666666666667,0.0005,DOCUMENTED promotional 0.05% through 2026-08-31,after_hours,regular,2026-09-18T23:05:03.291954+00:00,ticker_only,2026-09-16T19:34:15.315933+00:00,ticker_only,OBSERVED-NOW book scenario; fee/prices event-time,-0.2049999999999983,0.09877250000000001,0.00014999250037498694,0.00020010005002497267,0.03458465245821914,0.13335715245821916,-0.37447715245821744,3.2844409391127742,0.10776284754177913,eligibility snapshot time unpublished,
rSATA-2026-08-07-1,rSATA,RSATAUSDT,2026-08-07,open_0930,5000,0.0516,0.3,0.03612,98.67,98.875,13.516666666666667,0.0005,DOCUMENTED promotional 0.05% through 2026-08-31,after_hours,regular,2026-09-18T23:05:03.291954+00:00,ticker_only,2026-09-16T19:34:15.315933+00:00,ticker_only,OBSERVED-NOW book scenario; fee/prices event-time,-0.2049999999999983,0.09877250000000001,0.00014999250037498694,0.00020010005002497267,0.03458465245821914,0.13335715245821916,-0.37447715245821744,3.2844409391127742,,eligibility snapshot time unpublished,
rSATA-2026-08-07-1,rSATA,RSATAUSDT,2026-08-07,open_0930,25000,0.0516,0.3,0.03612,98.67,98.875,13.516666666666667,0.0005,DOCUMENTED promotional 0.05% through 2026-08-31,after_hours,regular,2026-09-18T23:05:03.291954+00:00,ticker_only,2026-09-16T19:34:15.315933+00:00,ticker_only,OBSERVED-NOW book scenario; fee/prices event-time,-0.2049999999999983,0.09877250000000001,,0.00020010005002497267,,,,,,eligibility snapshot time unpublished,"sell: $25,000 exceeds visible top-of-book ($5,499) on ticker-only symbol"
rSATA-2026-08-07-1,rSATA,RSATAUSDT,2026-08-07,open_1000,1000,0.0516,0.3,0.03612,98.67,98.905,14.016666666666667,0.0005,DOCUMENTED promotional 0.05% through 2026-08-31,after_hours,regular,2026-09-18T23:05:03.291954+00:00,ticker_only,2026-09-16T19:34:15.315933+00:00,ticker_only,OBSERVED-NOW book scenario; fee/prices event-time,-0.23499999999999943,0.0987875,0.00014999250037498694,0.00020010005002497267,0.034590655459719885,0.13337815545971987,-0.4044981554597193,3.2848479740255785,0.13774184454027955,eligibility snapshot time unpublished,
rSATA-2026-08-07-1,rSATA,RSATAUSDT,2026-08-07,open_1000,5000,0.0516,0.3,0.03612,98.67,98.905,14.016666666666667,0.0005,DOCUMENTED promotional 0.05% through 2026-08-31,after_hours,regular,2026-09-18T23:05:03.291954+00:00,ticker_only,2026-09-16T19:34:15.315933+00:00,ticker_only,OBSERVED-NOW book scenario; fee/prices event-time,-0.23499999999999943,0.0987875,0.00014999250037498694,0.00020010005002497267,0.034590655459719885,0.13337815545971987,-0.4044981554597193,3.2848479740255785,,eligibility snapshot time unpublished,
rSATA-2026-08-07-1,rSATA,RSATAUSDT,2026-08-07,open_1000,25000,0.0516,0.3,0.03612,98.67,98.905,14.016666666666667,0.0005,DOCUMENTED promotional 0.05% through 2026-08-31,after_hours,regular,2026-09-18T23:05:03.291954+00:00,ticker_only,2026-09-16T19:34:15.315933+00:00,ticker_only,OBSERVED-NOW book scenario; fee/prices event-time,-0.23499999999999943,0.0987875,,0.00020010005002497267,,,,,,eligibility snapshot time unpublished,"sell: $25,000 exceeds visible top-of-book ($5,499) on ticker-only symbol"
rSATA-2026-08-07-1,rSATA,RSATAUSDT,2026-08-07,close_1600,1000,0.0516,0.3,0.03612,98.67,99.25,20.016666666666666,0.0005,DOCUMENTED promotional 0.05% through 2026-08-31,after_hours,after_hours,2026-09-18T23:05:03.291954+00:00,ticker_only,2026-09-18T23:05:03.291954+00:00,ticker_only,OBSERVED-NOW book scenario; fee/prices event-time,-0.5799999999999983,0.09896,0.00014999250037498694,0.00014999250037498694,0.029686515674217415,0.12864651567421742,-0.7447665156742158,3.1931495285701046,0.48747348432578086,eligibility snapshot time unpublished,
rSATA-2026-08-07-1,rSATA,RSATAUSDT,2026-08-07,close_1600,5000,0.0516,0.3,0.03612,98.67,99.25,20.016666666666666,0.0005,DOCUMENTED promotional 0.05% through 2026-08-31,after_hours,after_hours,2026-09-18T23:05:03.291954+00:00,ticker_only,2026-09-18T23:05:03.291954+00:00,ticker_only,OBSERVED-NOW book scenario; fee/prices event-time,-0.5799999999999983,0.09896,0.00014999250037498694,,,,,,,eligibility snapshot time unpublished,"buy: $5,000 exceeds visible top-of-book ($2,500) on ticker-only symbol"
rSATA-2026-08-07-1,rSATA,RSATAUSDT,2026-08-07,close_1600,25000,0.0516,0.3,0.03612,98.67,99.25,20.016666666666666,0.0005,DOCUMENTED promotional 0.05% through 2026-08-31,after_hours,after_hours,2026-09-18T23:05:03.291954+00:00,ticker_only,2026-09-18T23:05:03.291954+00:00,ticker_only,OBSERVED-NOW book scenario; fee/prices event-time,-0.5799999999999983,0.09896,,,,,,,,eligibility snapshot time unpublished,"sell: $25,000 exceeds visible top-of-book ($5,499) on ticker-only symbol; buy: $25,000 exceeds visible top-of-book ($2,500) on ticker-only symbol"
rSATA-2026-08-10-1,rSATA,RSATAUSDT,2026-08-10,overnight_2000,1000,0.0516,0.3,0.03612,98.424,99.37,48.13333333333333,0.0005,DOCUMENTED promotional 0.05% through 2026-08-31,after_hours,overnight,2026-09-18T23:05:03.291954+00:00,ticker_only,2026-09-19T03:05:03.356996+00:00,ticker_only,OBSERVED-NOW book scenario; fee/prices event-time,-0.945999999999998,0.09889700000000001,0.00014999250037498694,0.00014999250037498694,0.029667616619170167,0.12856461661917018,-1.1106846166191682,3.1915623375808173,0.8535553833808278,eligibility snapshot time unpublished,
rSATA-2026-08-10-1,rSATA,RSATAUSDT,2026-08-10,overnight_2000,5000,0.0516,0.3,0.03612,98.424,99.37,48.13333333333333,0.0005,DOCUMENTED promotional 0.05% through 2026-08-31,after_hours,overnight,2026-09-18T23:05:03.291954+00:00,ticker_only,2026-09-19T03:05:03.356996+00:00,ticker_only,OBSERVED-NOW book scenario; fee/prices event-time,-0.945999999999998,0.09889700000000001,0.00014999250037498694,,,,,,,eligibility snapshot time unpublished,"buy: $5,000 exceeds visible top-of-book ($2,500) on ticker-only symbol"
rSATA-2026-08-10-1,rSATA,RSATAUSDT,2026-08-10,overnight_2000,25000,0.0516,0.3,0.03612,98.424,99.37,48.13333333333333,0.0005,DOCUMENTED promotional 0.05% through 2026-08-31,after_hours,overnight,2026-09-18T23:05:03.291954+00:00,ticker_only,2026-09-19T03:05:03.356996+00:00,ticker_only,OBSERVED-NOW book scenario; fee/prices event-time,-0.945999999999998,0.09889700000000001,,,,,,,,eligibility snapshot time unpublished,"sell: $25,000 exceeds visible top-of-book ($5,499) on ticker-only symbol; buy: $25,000 exceeds visible top-of-book ($2,500) on ticker-only symbol"
rSATA-2026-08-10-1,rSATA,RSATAUSDT,2026-08-10,premarket_0400,1000,0.0516,0.3,0.03612,98.424,98.425,56.05,0.0005,DOCUMENTED promotional 0.05% through 2026-08-31,after_hours,pre_market,2026-09-18T23:05:03.291954+00:00,ticker_only,,,OBSERVED-NOW book scenario; fee/prices event-time,-0.000999999999990564,0.0984245,0.00014999250037498694,,,,,,,eligibility snapshot time unpublished,buy: no depth sample for this symbol/session
rSATA-2026-08-10-1,rSATA,RSATAUSDT,2026-08-10,premarket_0400,5000,0.0516,0.3,0.03612,98.424,98.425,56.05,0.0005,DOCUMENTED promotional 0.05% through 2026-08-31,after_hours,pre_market,2026-09-18T23:05:03.291954+00:00,ticker_only,,,OBSERVED-NOW book scenario; fee/prices event-time,-0.000999999999990564,0.0984245,0.00014999250037498694,,,,,,,eligibility snapshot time unpublished,buy: no depth sample for this symbol/session
rSATA-2026-08-10-1,rSATA,RSATAUSDT,2026-08-10,premarket_0400,25000,0.0516,0.3,0.03612,98.424,98.425,56.05,0.0005,DOCUMENTED promotional 0.05% through 2026-08-31,after_hours,pre_market,2026-09-18T23:05:03.291954+00:00,ticker_only,,,OBSERVED-NOW book scenario; fee/prices event-time,-0.000999999999990564,0.0984245,,,,,,,,eligibility snapshot time unpublished,"sell: $25,000 exceeds visible top-of-book ($5,499) on ticker-only symbol; buy: no depth sample for this symbol/session"
rSATA-2026-08-10-1,rSATA,RSATAUSDT,2026-08-10,open_0930,1000,0.0516,0.3,0.03612,98.424,98.954,61.53333333333333,0.0005,DOCUMENTED promotional 0.05% through 2026-08-31,after_hours,regular,2026-09-18T23:05:03.291954+00:00,ticker_only,2026-09-16T19:34:15.315933+00:00,ticker_only,OBSERVED-NOW book scenario; fee/prices event-time,-0.5299999999999869,0.098689,0.00014999250037498694,0.00020010005002497267,0.03456356220707886,0.13325256220707887,-0.6993725622070659,3.282413996261218,0.4328674377929081,eligibility snapshot time unpublished,
rSATA-2026-08-10-1,rSATA,RSATAUSDT,2026-08-10,open_0930,5000,0.0516,0.3,0.03612,98.424,98.954,61.53333333333333,0.0005,DOCUMENTED promotional 0.05% through 2026-08-31,after_hours,regular,2026-09-18T23:05:03.291954+00:00,ticker_only,2026-09-16T19:34:15.315933+00:00,ticker_only,OBSERVED-NOW book scenario; fee/prices event-time,-0.5299999999999869,0.098689,0.00014999250037498694,0.00020010005002497267,0.03456356220707886,0.13325256220707887,-0.6993725622070659,3.282413996261218,,eligibility snapshot time unpublished,
rSATA-2026-08-10-1,rSATA,RSATAUSDT,2026-08-10,open_0930,25000,0.0516,0.3,0.03612,98.424,98.954,61.53333333333333,0.0005,DOCUMENTED promotional 0.05% through 2026-08-31,after_hours,regular,2026-09-18T23:05:03.291954+00:00,ticker_only,2026-09-16T19:34:15.315933+00:00,ticker_only,OBSERVED-NOW book scenario; fee/prices event-time,-0.5299999999999869,0.098689,,0.00020010005002497267,,,,,,eligibility snapshot time unpublished,"sell: $25,000 exceeds visible top-of-book ($5,499) on ticker-only symbol"
rSATA-2026-08-10-1,rSATA,RSATAUSDT,2026-08-10,open_1000,1000,0.0516,0.3,0.03612,98.424,98.995,62.03333333333333,0.0005,DOCUMENTED promotional 0.05% through 2026-08-31,after_hours,regular,2026-09-18T23:05:03.291954+00:00,ticker_only,2026-09-16T19:34:15.315933+00:00,ticker_only,OBSERVED-NOW book scenario; fee/prices event-time,-0.570999999999998,0.0987095,0.00014999250037498694,0.00020010005002497267,0.034571766309129885,0.1332812663091299,-0.740401266309128,3.282970277308719,0.4738387336908681,eligibility snapshot time unpublished,
rSATA-2026-08-10-1,rSATA,RSATAUSDT,2026-08-10,open_1000,5000,0.0516,0.3,0.03612,98.424,98.995,62.03333333333333,0.0005,DOCUMENTED promotional 0.05% through 2026-08-31,after_hours,regular,2026-09-18T23:05:03.291954+00:00,ticker_only,2026-09-16T19:34:15.315933+00:00,ticker_only,OBSERVED-NOW book scenario; fee/prices event-time,-0.570999999999998,0.0987095,0.00014999250037498694,0.00020010005002497267,0.034571766309129885,0.1332812663091299,-0.740401266309128,3.282970277308719,,eligibility snapshot time unpublished,
rSATA-2026-08-10-1,rSATA,RSATAUSDT,2026-08-10,open_1000,25000,0.0516,0.3,0.03612,98.424,98.995,62.03333333333333,0.0005,DOCUMENTED promotional 0.05% through 2026-08-31,after_hours,regular,2026-09-18T23:05:03.291954+00:00,ticker_only,2026-09-16T19:34:15.315933+00:00,ticker_only,OBSERVED-NOW book scenario; fee/prices event-time,-0.570999999999998,0.0987095,,0.00020010005002497267,,,,,,eligibility snapshot time unpublished,"sell: $25,000 exceeds visible top-of-book ($5,499) on ticker-only symbol"
rSATA-2026-08-10-1,rSATA,RSATAUSDT,2026-08-10,close_1600,1000,0.0516,0.3,0.03612,98.424,98.809,68.03333333333333,0.0005,DOCUMENTED promotional 0.05% through 2026-08-31,after_hours,after_hours,2026-09-18T23:05:03.291954+00:00,ticker_only,2026-09-18T23:05:03.291954+00:00,ticker_only,OBSERVED-NOW book scenario; fee/prices event-time,-0.3849999999999909,0.09861650000000001,0.00014999250037498694,0.00014999250037498694,0.029583470826459797,0.1281999708264598,-0.5493199708264507,3.1844955586523223,0.2929200291735311,eligibility snapshot time unpublished,
rSATA-2026-08-10-1,rSATA,RSATAUSDT,2026-08-10,close_1600,5000,0.0516,0.3,0.03612,98.424,98.809,68.03333333333333,0.0005,DOCUMENTED promotional 0.05% through 2026-08-31,after_hours,after_hours,2026-09-18T23:05:03.291954+00:00,ticker_only,2026-09-18T23:05:03.291954+00:00,ticker_only,OBSERVED-NOW book scenario; fee/prices event-time,-0.3849999999999909,0.09861650000000001,0.00014999250037498694,,,,,,,eligibility snapshot time unpublished,"buy: $5,000 exceeds visible top-of-book ($2,500) on ticker-only symbol"
rSATA-2026-08-10-1,rSATA,RSATAUSDT,2026-08-10,close_1600,25000,0.0516,0.3,0.03612,98.424,98.809,68.03333333333333,0.0005,DOCUMENTED promotional 0.05% through 2026-08-31,after_hours,after_hours,2026-09-18T23:05:03.291954+00:00,ticker_only,2026-09-18T23:05:03.291954+00:00,ticker_only,OBSERVED-NOW book scenario; fee/prices event-time,-0.3849999999999909,0.09861650000000001,,,,,,,,eligibility snapshot time unpublished,"sell: $25,000 exceeds visible top-of-book ($5,499) on ticker-only symbol; buy: $25,000 exceeds visible top-of-book ($2,500) on ticker-only symbol"
rSATA-2026-08-11-1,rSATA,RSATAUSDT,2026-08-11,overnight_2000,1000,0.0516,0.3,0.03612,98.605,99.46,3.45,0.0005,DOCUMENTED promotional 0.05% through 2026-08-31,after_hours,overnight,2026-09-18T23:05:03.291954+00:00,ticker_only,2026-09-19T03:05:03.356996+00:00,ticker_only,OBSERVED-NOW book scenario; fee/prices event-time,-0.8549999999999898,0.0990325,0.00014999250037498694,0.00014999250037498694,0.02970826458677179,0.12874076458677178,-1.0198607645867617,3.1949760578831743,0.7623792354132181,eligibility snapshot time unpublished,
rSATA-2026-08-11-1,rSATA,RSATAUSDT,2026-08-11,overnight_2000,5000,0.0516,0.3,0.03612,98.605,99.46,3.45,0.0005,DOCUMENTED promotional 0.05% through 2026-08-31,after_hours,overnight,2026-09-18T23:05:03.291954+00:00,ticker_only,2026-09-19T03:05:03.356996+00:00,ticker_only,OBSERVED-NOW book scenario; fee/prices event-time,-0.8549999999999898,0.0990325,0.00014999250037498694,,,,,,,eligibility snapshot time unpublished,"buy: $5,000 exceeds visible top-of-book ($2,500) on ticker-only symbol"
rSATA-2026-08-11-1,rSATA,RSATAUSDT,2026-08-11,overnight_2000,25000,0.0516,0.3,0.03612,98.605,99.46,3.45,0.0005,DOCUMENTED promotional 0.05% through 2026-08-31,after_hours,overnight,2026-09-18T23:05:03.291954+00:00,ticker_only,2026-09-19T03:05:03.356996+00:00,ticker_only,OBSERVED-NOW book scenario; fee/prices event-time,-0.8549999999999898,0.0990325,,,,,,,,eligibility snapshot time unpublished,"sell: $25,000 exceeds visible top-of-book ($5,499) on ticker-only symbol; buy: $25,000 exceeds visible top-of-book ($2,500) on ticker-only symbol"
rSATA-2026-08-11-1,rSATA,RSATAUSDT,2026-08-11,premarket_0400,1000,0.0516,0.3,0.03612,98.605,98.605,8.05,0.0005,DOCUMENTED promotional 0.05% through 2026-08-31,after_hours,pre_market,2026-09-18T23:05:03.291954+00:00,ticker_only,,,OBSERVED-NOW book scenario; fee/prices event-time,0.0,0.09860500000000001,0.00014999250037498694,,,,,,,eligibility snapshot time unpublished,buy: no depth sample for this symbol/session
rSATA-2026-08-11-1,rSATA,RSATAUSDT,2026-08-11,premarket_0400,5000,0.0516,0.3,0.03612,98.605,98.605,8.05,0.0005,DOCUMENTED promotional 0.05% through 2026-08-31,after_hours,pre_market,2026-09-18T23:05:03.291954+00:00,ticker_only,,,OBSERVED-NOW book scenario; fee/prices event-time,0.0,0.09860500000000001,0.00014999250037498694,,,,,,,eligibility snapshot time unpublished,buy: no depth sample for this symbol/session
rSATA-2026-08-11-1,rSATA,RSATAUSDT,2026-08-11,premarket_0400,25000,0.0516,0.3,0.03612,98.605,98.605,8.05,0.0005,DOCUMENTED promotional 0.05% through 2026-08-31,after_hours,pre_market,2026-09-18T23:05:03.291954+00:00,ticker_only,,,OBSERVED-NOW book scenario; fee/prices event-time,0.0,0.09860500000000001,,,,,,,,eligibility snapshot time unpublished,"sell: $25,000 exceeds visible top-of-book ($5,499) on ticker-only symbol; buy: no depth sample for this symbol/session"
rSATA-2026-08-11-1,rSATA,RSATAUSDT,2026-08-11,open_0930,1000,0.0516,0.3,0.03612,98.605,98.893,13.55,0.0005,DOCUMENTED promotional 0.05% through 2026-08-31,after_hours,regular,2026-09-18T23:05:03.291954+00:00,ticker_only,2026-09-16T19:34:15.315933+00:00,ticker_only,OBSERVED-NOW book scenario; fee/prices event-time,-0.2879999999999967,0.098749,0.00014999250037498694,0.00020010005002497267,0.03457850474659521,0.13332750474659522,-0.4574475047465919,3.2838663710580467,0.19079249525340147,eligibility snapshot time unpublished,
rSATA-2026-08-11-1,rSATA,RSATAUSDT,2026-08-11,open_0930,5000,0.0516,0.3,0.03612,98.605,98.893,13.55,0.0005,DOCUMENTED promotional 0.05% through 2026-08-31,after_hours,regular,2026-09-18T23:05:03.291954+00:00,ticker_only,2026-09-16T19:34:15.315933+00:00,ticker_only,OBSERVED-NOW book scenario; fee/prices event-time,-0.2879999999999967,0.098749,0.00014999250037498694,0.00020010005002497267,0.03457850474659521,0.13332750474659522,-0.4574475047465919,3.2838663710580467,,eligibility snapshot time unpublished,
rSATA-2026-08-11-1,rSATA,RSATAUSDT,2026-08-11,open_0930,25000,0.0516,0.3,0.03612,98.605,98.893,13.55,0.0005,DOCUMENTED promotional 0.05% through 2026-08-31,after_hours,regular,2026-09-18T23:05:03.291954+00:00,ticker_only,2026-09-16T19:34:15.315933+00:00,ticker_only,OBSERVED-NOW book scenario; fee/prices event-time,-0.2879999999999967,0.098749,,0.00020010005002497267,,,,,,eligibility snapshot time unpublished,"sell: $25,000 exceeds visible top-of-book ($5,499) on ticker-only symbol"
rSATA-2026-08-11-1,rSATA,RSATAUSDT,2026-08-11,open_1000,1000,0.0516,0.3,0.03612,98.605,98.579,14.05,0.0005,DOCUMENTED promotional 0.05% through 2026-08-31,after_hours,regular,2026-09-18T23:05:03.291954+00:00,ticker_only,2026-09-16T19:34:15.315933+00:00,ticker_only,OBSERVED-NOW book scenario; fee/prices event-time,0.02600000000001046,0.098592,0.00014999250037498694,0.00020010005002497267,0.03451567333088737,0.13310767333088735,-0.14322767333087688,3.279606072304018,-0.12298767333089783,eligibility snapshot time unpublished,
rSATA-2026-08-11-1,rSATA,RSATAUSDT,2026-08-11,open_1000,5000,0.0516,0.3,0.03612,98.605,98.579,14.05,0.0005,DOCUMENTED promotional 0.05% through 2026-08-31,after_hours,regular,2026-09-18T23:05:03.291954+00:00,ticker_only,2026-09-16T19:34:15.315933+00:00,ticker_only,OBSERVED-NOW book scenario; fee/prices event-time,0.02600000000001046,0.098592,0.00014999250037498694,0.00020010005002497267,0.03451567333088737,0.13310767333088735,-0.14322767333087688,3.279606072304018,,eligibility snapshot time unpublished,
rSATA-2026-08-11-1,rSATA,RSATAUSDT,2026-08-11,open_1000,25000,0.0516,0.3,0.03612,98.605,98.579,14.05,0.0005,DOCUMENTED promotional 0.05% through 2026-08-31,after_hours,regular,2026-09-18T23:05:03.291954+00:00,ticker_only,2026-09-16T19:34:15.315933+00:00,ticker_only,OBSERVED-NOW book scenario; fee/prices event-time,0.02600000000001046,0.098592,,0.00020010005002497267,,,,,,eligibility snapshot time unpublished,"sell: $25,000 exceeds visible top-of-book ($5,499) on ticker-only symbol"
rSATA-2026-08-11-1,rSATA,RSATAUSDT,2026-08-11,close_1600,1000,0.0516,0.3,0.03612,98.605,99.081,20.05,0.0005,DOCUMENTED promotional 0.05% through 2026-08-31,after_hours,after_hours,2026-09-18T23:05:03.291954+00:00,ticker_only,2026-09-18T23:05:03.291954+00:00,ticker_only,OBSERVED-NOW book scenario; fee/prices event-time,-0.4759999999999991,0.098843,0.00014999250037498694,0.00014999250037498694,0.02965141742912967,0.12849441742912968,-0.6406144174291288,3.190201888161428,0.38362558257086943,eligibility snapshot time unpublished,
rSATA-2026-08-11-1,rSATA,RSATAUSDT,2026-08-11,close_1600,5000,0.0516,0.3,0.03612,98.605,99.081,20.05,0.0005,DOCUMENTED promotional 0.05% through 2026-08-31,after_hours,after_hours,2026-09-18T23:05:03.291954+00:00,ticker_only,2026-09-18T23:05:03.291954+00:00,ticker_only,OBSERVED-NOW book scenario; fee/prices event-time,-0.4759999999999991,0.098843,0.00014999250037498694,,,,,,,eligibility snapshot time unpublished,"buy: $5,000 exceeds visible top-of-book ($2,500) on ticker-only symbol"
rSATA-2026-08-11-1,rSATA,RSATAUSDT,2026-08-11,close_1600,25000,0.0516,0.3,0.03612,98.605,99.081,20.05,0.0005,DOCUMENTED promotional 0.05% through 2026-08-31,after_hours,after_hours,2026-09-18T23:05:03.291954+00:00,ticker_only,2026-09-18T23:05:03.291954+00:00,ticker_only,OBSERVED-NOW book scenario; fee/prices event-time,-0.4759999999999991,0.098843,,,,,,,,eligibility snapshot time unpublished,"sell: $25,000 exceeds visible top-of-book ($5,499) on ticker-only symbol; buy: $25,000 exceeds visible top-of-book ($2,500) on ticker-only symbol"
rSATA-2026-08-12-1,rSATA,RSATAUSDT,2026-08-12,overnight_2000,1000,0.0516,0.3,0.03612,99.07,99.94,0.21666666666666667,0.0005,DOCUMENTED promotional 0.05% through 2026-08-31,after_hours,overnight,2026-09-18T23:05:03.291954+00:00,ticker_only,2026-09-19T03:05:03.356996+00:00,ticker_only,OBSERVED-NOW book scenario; fee/prices event-time,-0.8700000000000045,0.099505,0.00014999250037498694,0.00014999250037498694,0.02985000749962615,0.12935500749962614,-1.0354750074996306,3.206879990302832,0.7767649925003784,eligibility snapshot time unpublished,
rSATA-2026-08-12-1,rSATA,RSATAUSDT,2026-08-12,overnight_2000,5000,0.0516,0.3,0.03612,99.07,99.94,0.21666666666666667,0.0005,DOCUMENTED promotional 0.05% through 2026-08-31,after_hours,overnight,2026-09-18T23:05:03.291954+00:00,ticker_only,2026-09-19T03:05:03.356996+00:00,ticker_only,OBSERVED-NOW book scenario; fee/prices event-time,-0.8700000000000045,0.099505,0.00014999250037498694,,,,,,,eligibility snapshot time unpublished,"buy: $5,000 exceeds visible top-of-book ($2,500) on ticker-only symbol"
rSATA-2026-08-12-1,rSATA,RSATAUSDT,2026-08-12,overnight_2000,25000,0.0516,0.3,0.03612,99.07,99.94,0.21666666666666667,0.0005,DOCUMENTED promotional 0.05% through 2026-08-31,after_hours,overnight,2026-09-18T23:05:03.291954+00:00,ticker_only,2026-09-19T03:05:03.356996+00:00,ticker_only,OBSERVED-NOW book scenario; fee/prices event-time,-0.8700000000000045,0.099505,,,,,,,,eligibility snapshot time unpublished,"sell: $25,000 exceeds visible top-of-book ($5,499) on ticker-only symbol; buy: $25,000 exceeds visible top-of-book ($2,500) on ticker-only symbol"
rSATA-2026-08-12-1,rSATA,RSATAUSDT,2026-08-12,premarket_0400,1000,0.0516,0.3,0.03612,99.07,99.079,11.066666666666666,0.0005,DOCUMENTED promotional 0.05% through 2026-08-31,after_hours,pre_market,2026-09-18T23:05:03.291954+00:00,ticker_only,,,OBSERVED-NOW book scenario; fee/prices event-time,-0.009000000000000341,0.0990745,0.00014999250037498694,,,,,,,eligibility snapshot time unpublished,buy: no depth sample for this symbol/session
rSATA-2026-08-12-1,rSATA,RSATAUSDT,2026-08-12,premarket_0400,5000,0.0516,0.3,0.03612,99.07,99.079,11.066666666666666,0.0005,DOCUMENTED promotional 0.05% through 2026-08-31,after_hours,pre_market,2026-09-18T23:05:03.291954+00:00,ticker_only,,,OBSERVED-NOW book scenario; fee/prices event-time,-0.009000000000000341,0.0990745,0.00014999250037498694,,,,,,,eligibility snapshot time unpublished,buy: no depth sample for this symbol/session
rSATA-2026-08-12-1,rSATA,RSATAUSDT,2026-08-12,premarket_0400,25000,0.0516,0.3,0.03612,99.07,99.079,11.066666666666666,0.0005,DOCUMENTED promotional 0.05% through 2026-08-31,after_hours,pre_market,2026-09-18T23:05:03.291954+00:00,ticker_only,,,OBSERVED-NOW book scenario; fee/prices event-time,-0.009000000000000341,0.0990745,,,,,,,,eligibility snapshot time unpublished,"sell: $25,000 exceeds visible top-of-book ($5,499) on ticker-only symbol; buy: no depth sample for this symbol/session"
rSATA-2026-08-12-1,rSATA,RSATAUSDT,2026-08-12,open_0930,1000,0.0516,0.3,0.03612,99.07,99.235,13.566666666666666,0.0005,DOCUMENTED promotional 0.05% through 2026-08-31,after_hours,regular,2026-09-18T23:05:03.291954+00:00,ticker_only,2026-09-16T19:34:15.315933+00:00,ticker_only,OBSERVED-NOW book scenario; fee/prices event-time,-0.16500000000000625,0.0991525,0.00014999250037498694,0.00020010005002497267,0.034716685476378115,0.1338691854763781,-0.33498918547638434,3.2943640596197303,0.06725081452362812,eligibility snapshot time unpublished,
rSATA-2026-08-12-1,rSATA,RSATAUSDT,2026-08-12,open_0930,5000,0.0516,0.3,0.03612,99.07,99.235,13.566666666666666,0.0005,DOCUMENTED promotional 0.05% through 2026-08-31,after_hours,regular,2026-09-18T23:05:03.291954+00:00,ticker_only,2026-09-16T19:34:15.315933+00:00,ticker_only,OBSERVED-NOW book scenario; fee/prices event-time,-0.16500000000000625,0.0991525,0.00014999250037498694,0.00020010005002497267,0.034716685476378115,0.1338691854763781,-0.33498918547638434,3.2943640596197303,,eligibility snapshot time unpublished,
rSATA-2026-08-12-1,rSATA,RSATAUSDT,2026-08-12,open_0930,25000,0.0516,0.3,0.03612,99.07,99.235,13.566666666666666,0.0005,DOCUMENTED promotional 0.05% through 2026-08-31,after_hours,regular,2026-09-18T23:05:03.291954+00:00,ticker_only,2026-09-16T19:34:15.315933+00:00,ticker_only,OBSERVED-NOW book scenario; fee/prices event-time,-0.16500000000000625,0.0991525,,0.00020010005002497267,,,,,,eligibility snapshot time unpublished,"sell: $25,000 exceeds visible top-of-book ($5,499) on ticker-only symbol"
rSATA-2026-08-12-1,rSATA,RSATAUSDT,2026-08-12,open_1000,1000,0.0516,0.3,0.03612,99.07,99.33,14.066666666666666,0.0005,DOCUMENTED promotional 0.05% through 2026-08-31,after_hours,regular,2026-09-18T23:05:03.291954+00:00,ticker_only,2026-09-16T19:34:15.315933+00:00,ticker_only,OBSERVED-NOW book scenario; fee/prices event-time,-0.2600000000000051,0.0992,0.00014999250037498694,0.00020010005002497267,0.03473569498113049,0.13393569498113048,-0.4300556949811356,3.2956530035102807,0.1621843050188746,eligibility snapshot time unpublished,
rSATA-2026-08-12-1,rSATA,RSATAUSDT,2026-08-12,open_1000,5000,0.0516,0.3,0.03612,99.07,99.33,14.066666666666666,0.0005,DOCUMENTED promotional 0.05% through 2026-08-31,after_hours,regular,2026-09-18T23:05:03.291954+00:00,ticker_only,2026-09-16T19:34:15.315933+00:00,ticker_only,OBSERVED-NOW book scenario; fee/prices event-time,-0.2600000000000051,0.0992,0.00014999250037498694,0.00020010005002497267,0.03473569498113049,0.13393569498113048,-0.4300556949811356,3.2956530035102807,,eligibility snapshot time unpublished,
rSATA-2026-08-12-1,rSATA,RSATAUSDT,2026-08-12,open_1000,25000,0.0516,0.3,0.03612,99.07,99.33,14.066666666666666,0.0005,DOCUMENTED promotional 0.05% through 2026-08-31,after_hours,regular,2026-09-18T23:05:03.291954+00:00,ticker_only,2026-09-16T19:34:15.315933+00:00,ticker_only,OBSERVED-NOW book scenario; fee/prices event-time,-0.2600000000000051,0.0992,,0.00020010005002497267,,,,,,eligibility snapshot time unpublished,"sell: $25,000 exceeds visible top-of-book ($5,499) on ticker-only symbol"
rSATA-2026-08-12-1,rSATA,RSATAUSDT,2026-08-12,close_1600,1000,0.0516,0.3,0.03612,99.07,99.28,20.066666666666666,0.0005,DOCUMENTED promotional 0.05% through 2026-08-31,after_hours,after_hours,2026-09-18T23:05:03.291954+00:00,ticker_only,2026-09-18T23:05:03.291954+00:00,ticker_only,OBSERVED-NOW book scenario; fee/prices event-time,-0.21000000000000796,0.099175,0.00014999250037498694,0.00014999250037498694,0.02975101244937866,0.12892601244937865,-0.3750460124493866,3.1985661327398964,0.11719398755062926,eligibility snapshot time unpublished,
rSATA-2026-08-12-1,rSATA,RSATAUSDT,2026-08-12,close_1600,5000,0.0516,0.3,0.03612,99.07,99.28,20.066666666666666,0.0005,DOCUMENTED promotional 0.05% through 2026-08-31,after_hours,after_hours,2026-09-18T23:05:03.291954+00:00,ticker_only,2026-09-18T23:05:03.291954+00:00,ticker_only,OBSERVED-NOW book scenario; fee/prices event-time,-0.21000000000000796,0.099175,0.00014999250037498694,,,,,,,eligibility snapshot time unpublished,"buy: $5,000 exceeds visible top-of-book ($2,500) on ticker-only symbol"
rSATA-2026-08-12-1,rSATA,RSATAUSDT,2026-08-12,close_1600,25000,0.0516,0.3,0.03612,99.07,99.28,20.066666666666666,0.0005,DOCUMENTED promotional 0.05% through 2026-08-31,after_hours,after_hours,2026-09-18T23:05:03.291954+00:00,ticker_only,2026-09-18T23:05:03.291954+00:00,ticker_only,OBSERVED-NOW book scenario; fee/prices event-time,-0.21000000000000796,0.099175,,,,,,,,eligibility snapshot time unpublished,"sell: $25,000 exceeds visible top-of-book ($5,499) on ticker-only symbol; buy: $25,000 exceeds visible top-of-book ($2,500) on ticker-only symbol"
rSATA-2026-08-13-1,rSATA,RSATAUSDT,2026-08-13,overnight_2000,1000,0.0516,0.3,0.03612,99.225,99.39,4.95,0.0005,DOCUMENTED promotional 0.05% through 2026-08-31,after_hours,overnight,2026-09-18T23:05:03.291954+00:00,ticker_only,2026-09-19T03:05:03.356996+00:00,ticker_only,OBSERVED-NOW book scenario; fee/prices event-time,-0.16500000000000625,0.0993075,0.00014999250037498694,0.00014999250037498694,0.02979076046197803,0.12909826046197803,-0.33021826046198427,3.201904272518954,0.0720217395380282,eligibility snapshot time unpublished,
rSATA-2026-08-13-1,rSATA,RSATAUSDT,2026-08-13,overnight_2000,5000,0.0516,0.3,0.03612,99.225,99.39,4.95,0.0005,DOCUMENTED promotional 0.05% through 2026-08-31,after_hours,overnight,2026-09-18T23:05:03.291954+00:00,ticker_only,2026-09-19T03:05:03.356996+00:00,ticker_only,OBSERVED-NOW book scenario; fee/prices event-time,-0.16500000000000625,0.0993075,0.00014999250037498694,,,,,,,eligibility snapshot time unpublished,"buy: $5,000 exceeds visible top-of-book ($2,500) on ticker-only symbol"
rSATA-2026-08-13-1,rSATA,RSATAUSDT,2026-08-13,overnight_2000,25000,0.0516,0.3,0.03612,99.225,99.39,4.95,0.0005,DOCUMENTED promotional 0.05% through 2026-08-31,after_hours,overnight,2026-09-18T23:05:03.291954+00:00,ticker_only,2026-09-19T03:05:03.356996+00:00,ticker_only,OBSERVED-NOW book scenario; fee/prices event-time,-0.16500000000000625,0.0993075,,,,,,,,eligibility snapshot time unpublished,"sell: $25,000 exceeds visible top-of-book ($5,499) on ticker-only symbol; buy: $25,000 exceeds visible top-of-book ($2,500) on ticker-only symbol"
rSATA-2026-08-13-1,rSATA,RSATAUSDT,2026-08-13,premarket_0400,1000,0.0516,0.3,0.03612,99.225,99.225,8.433333333333334,0.0005,DOCUMENTED promotional 0.05% through 2026-08-31,after_hours,pre_market,2026-09-18T23:05:03.291954+00:00,ticker_only,,,OBSERVED-NOW book scenario; fee/prices event-time,0.0,0.099225,0.00014999250037498694,,,,,,,eligibility snapshot time unpublished,buy: no depth sample for this symbol/session
rSATA-2026-08-13-1,rSATA,RSATAUSDT,2026-08-13,premarket_0400,5000,0.0516,0.3,0.03612,99.225,99.225,8.433333333333334,0.0005,DOCUMENTED promotional 0.05% through 2026-08-31,after_hours,pre_market,2026-09-18T23:05:03.291954+00:00,ticker_only,,,OBSERVED-NOW book scenario; fee/prices event-time,0.0,0.099225,0.00014999250037498694,,,,,,,eligibility snapshot time unpublished,buy: no depth sample for this symbol/session
rSATA-2026-08-13-1,rSATA,RSATAUSDT,2026-08-13,premarket_0400,25000,0.0516,0.3,0.03612,99.225,99.225,8.433333333333334,0.0005,DOCUMENTED promotional 0.05% through 2026-08-31,after_hours,pre_market,2026-09-18T23:05:03.291954+00:00,ticker_only,,,OBSERVED-NOW book scenario; fee/prices event-time,0.0,0.099225,,,,,,,,eligibility snapshot time unpublished,"sell: $25,000 exceeds visible top-of-book ($5,499) on ticker-only symbol; buy: no depth sample for this symbol/session"
rSATA-2026-08-13-1,rSATA,RSATAUSDT,2026-08-13,open_0930,1000,0.0516,0.3,0.03612,99.225,99.375,13.933333333333334,0.0005,DOCUMENTED promotional 0.05% through 2026-08-31,after_hours,regular,2026-09-18T23:05:03.291954+00:00,ticker_only,2026-09-16T19:34:15.315933+00:00,ticker_only,OBSERVED-NOW book scenario; fee/prices event-time,-0.15000000000000568,0.0993,0.00014999250037498694,0.00020010005002497267,0.03476794832093974,0.13406794832093974,-0.32018794832094544,3.2982160527313904,0.05205205167906593,eligibility snapshot time unpublished,
rSATA-2026-08-13-1,rSATA,RSATAUSDT,2026-08-13,open_0930,5000,0.0516,0.3,0.03612,99.225,99.375,13.933333333333334,0.0005,DOCUMENTED promotional 0.05% through 2026-08-31,after_hours,regular,2026-09-18T23:05:03.291954+00:00,ticker_only,2026-09-16T19:34:15.315933+00:00,ticker_only,OBSERVED-NOW book scenario; fee/prices event-time,-0.15000000000000568,0.0993,0.00014999250037498694,0.00020010005002497267,0.03476794832093974,0.13406794832093974,-0.32018794832094544,3.2982160527313904,,eligibility snapshot time unpublished,
rSATA-2026-08-13-1,rSATA,RSATAUSDT,2026-08-13,open_0930,25000,0.0516,0.3,0.03612,99.225,99.375,13.933333333333334,0.0005,DOCUMENTED promotional 0.05% through 2026-08-31,after_hours,regular,2026-09-18T23:05:03.291954+00:00,ticker_only,2026-09-16T19:34:15.315933+00:00,ticker_only,OBSERVED-NOW book scenario; fee/prices event-time,-0.15000000000000568,0.0993,,0.00020010005002497267,,,,,,eligibility snapshot time unpublished,"sell: $25,000 exceeds visible top-of-book ($5,499) on ticker-only symbol"
rSATA-2026-08-13-1,rSATA,RSATAUSDT,2026-08-13,open_1000,1000,0.0516,0.3,0.03612,99.225,99.455,14.433333333333334,0.0005,DOCUMENTED promotional 0.05% through 2026-08-31,after_hours,regular,2026-09-18T23:05:03.291954+00:00,ticker_only,2026-09-16T19:34:15.315933+00:00,ticker_only,OBSERVED-NOW book scenario; fee/prices event-time,-0.23000000000000398,0.09934000000000001,0.00014999250037498694,0.00020010005002497267,0.03478395632494174,0.13412395632494176,-0.4002439563249457,3.299301479165538,0.1319960436750622,eligibility snapshot time unpublished,
rSATA-2026-08-13-1,rSATA,RSATAUSDT,2026-08-13,open_1000,5000,0.0516,0.3,0.03612,99.225,99.455,14.433333333333334,0.0005,DOCUMENTED promotional 0.05% through 2026-08-31,after_hours,regular,2026-09-18T23:05:03.291954+00:00,ticker_only,2026-09-16T19:34:15.315933+00:00,ticker_only,OBSERVED-NOW book scenario; fee/prices event-time,-0.23000000000000398,0.09934000000000001,0.00014999250037498694,0.00020010005002497267,0.03478395632494174,0.13412395632494176,-0.4002439563249457,3.299301479165538,,eligibility snapshot time unpublished,
rSATA-2026-08-13-1,rSATA,RSATAUSDT,2026-08-13,open_1000,25000,0.0516,0.3,0.03612,99.225,99.455,14.433333333333334,0.0005,DOCUMENTED promotional 0.05% through 2026-08-31,after_hours,regular,2026-09-18T23:05:03.291954+00:00,ticker_only,2026-09-16T19:34:15.315933+00:00,ticker_only,OBSERVED-NOW book scenario; fee/prices event-time,-0.23000000000000398,0.09934000000000001,,0.00020010005002497267,,,,,,eligibility snapshot time unpublished,"sell: $25,000 exceeds visible top-of-book ($5,499) on ticker-only symbol"
rSATA-2026-08-13-1,rSATA,RSATAUSDT,2026-08-13,close_1600,1000,0.0516,0.3,0.03612,99.225,99.59,20.433333333333334,0.0005,DOCUMENTED promotional 0.05% through 2026-08-31,after_hours,after_hours,2026-09-18T23:05:03.291954+00:00,ticker_only,2026-09-18T23:05:03.291954+00:00,ticker_only,OBSERVED-NOW book scenario; fee/prices event-time,-0.3650000000000091,0.0994075,0.00014999250037498694,0.00014999250037498694,0.029820758962053027,0.12922825896205303,-0.5303482589620621,3.204423623295601,0.27189174103795605,eligibility snapshot time unpublished,
rSATA-2026-08-13-1,rSATA,RSATAUSDT,2026-08-13,close_1600,5000,0.0516,0.3,0.03612,99.225,99.59,20.433333333333334,0.0005,DOCUMENTED promotional 0.05% through 2026-08-31,after_hours,after_hours,2026-09-18T23:05:03.291954+00:00,ticker_only,2026-09-18T23:05:03.291954+00:00,ticker_only,OBSERVED-NOW book scenario; fee/prices event-time,-0.3650000000000091,0.0994075,0.00014999250037498694,,,,,,,eligibility snapshot time unpublished,"buy: $5,000 exceeds visible top-of-book ($2,500) on ticker-only symbol"
rSATA-2026-08-13-1,rSATA,RSATAUSDT,2026-08-13,close_1600,25000,0.0516,0.3,0.03612,99.225,99.59,20.433333333333334,0.0005,DOCUMENTED promotional 0.05% through 2026-08-31,after_hours,after_hours,2026-09-18T23:05:03.291954+00:00,ticker_only,2026-09-18T23:05:03.291954+00:00,ticker_only,OBSERVED-NOW book scenario; fee/prices event-time,-0.3650000000000091,0.0994075,,,,,,,,eligibility snapshot time unpublished,"sell: $25,000 exceeds visible top-of-book ($5,499) on ticker-only symbol; buy: $25,000 exceeds visible top-of-book ($2,500) on ticker-only symbol"
rSATA-2026-08-14-1,rSATA,RSATAUSDT,2026-08-14,overnight_2000,1000,0.0516,0.3,0.03612,99.47,99.95,4.666666666666667,0.0005,DOCUMENTED promotional 0.05% through 2026-08-31,after_hours,overnight,2026-09-18T23:05:03.291954+00:00,ticker_only,2026-09-19T03:05:03.356996+00:00,ticker_only,OBSERVED-NOW book scenario; fee/prices event-time,-0.480000000000004,0.09971000000000001,0.00014999250037498694,0.00014999250037498694,0.029911504424779897,0.1296215044247799,-0.645741504424784,3.2120446593949596,0.3864984955752241,eligibility snapshot time unpublished,
rSATA-2026-08-14-1,rSATA,RSATAUSDT,2026-08-14,overnight_2000,5000,0.0516,0.3,0.03612,99.47,99.95,4.666666666666667,0.0005,DOCUMENTED promotional 0.05% through 2026-08-31,after_hours,overnight,2026-09-18T23:05:03.291954+00:00,ticker_only,2026-09-19T03:05:03.356996+00:00,ticker_only,OBSERVED-NOW book scenario; fee/prices event-time,-0.480000000000004,0.09971000000000001,0.00014999250037498694,,,,,,,eligibility snapshot time unpublished,"buy: $5,000 exceeds visible top-of-book ($2,500) on ticker-only symbol"
rSATA-2026-08-14-1,rSATA,RSATAUSDT,2026-08-14,overnight_2000,25000,0.0516,0.3,0.03612,99.47,99.95,4.666666666666667,0.0005,DOCUMENTED promotional 0.05% through 2026-08-31,after_hours,overnight,2026-09-18T23:05:03.291954+00:00,ticker_only,2026-09-19T03:05:03.356996+00:00,ticker_only,OBSERVED-NOW book scenario; fee/prices event-time,-0.480000000000004,0.09971000000000001,,,,,,,,eligibility snapshot time unpublished,"sell: $25,000 exceeds visible top-of-book ($5,499) on ticker-only symbol; buy: $25,000 exceeds visible top-of-book ($2,500) on ticker-only symbol"
rSATA-2026-08-14-1,rSATA,RSATAUSDT,2026-08-14,premarket_0400,1000,0.0516,0.3,0.03612,99.47,99.47,8.166666666666666,0.0005,DOCUMENTED promotional 0.05% through 2026-08-31,after_hours,pre_market,2026-09-18T23:05:03.291954+00:00,ticker_only,,,OBSERVED-NOW book scenario; fee/prices event-time,0.0,0.09947,0.00014999250037498694,,,,,,,eligibility snapshot time unpublished,buy: no depth sample for this symbol/session
rSATA-2026-08-14-1,rSATA,RSATAUSDT,2026-08-14,premarket_0400,5000,0.0516,0.3,0.03612,99.47,99.47,8.166666666666666,0.0005,DOCUMENTED promotional 0.05% through 2026-08-31,after_hours,pre_market,2026-09-18T23:05:03.291954+00:00,ticker_only,,,OBSERVED-NOW book scenario; fee/prices event-time,0.0,0.09947,0.00014999250037498694,,,,,,,eligibility snapshot time unpublished,buy: no depth sample for this symbol/session
rSATA-2026-08-14-1,rSATA,RSATAUSDT,2026-08-14,premarket_0400,25000,0.0516,0.3,0.03612,99.47,99.47,8.166666666666666,0.0005,DOCUMENTED promotional 0.05% through 2026-08-31,after_hours,pre_market,2026-09-18T23:05:03.291954+00:00,ticker_only,,,OBSERVED-NOW book scenario; fee/prices event-time,0.0,0.09947,,,,,,,,eligibility snapshot time unpublished,"sell: $25,000 exceeds visible top-of-book ($5,499) on ticker-only symbol; buy: no depth sample for this symbol/session"
rSATA-2026-08-14-1,rSATA,RSATAUSDT,2026-08-14,open_0930,1000,0.0516,0.3,0.03612,99.47,99.684,13.666666666666666,0.0005,DOCUMENTED promotional 0.05% through 2026-08-31,after_hours,regular,2026-09-18T23:05:03.291954+00:00,ticker_only,2026-09-16T19:34:15.315933+00:00,ticker_only,OBSERVED-NOW book scenario; fee/prices event-time,-0.21399999999999864,0.099577,0.00014999250037498694,0.00020010005002497267,0.03486652739898933,0.13444352739898932,-0.3845635273989879,3.305494717034677,0.1156764726010093,eligibility snapshot time unpublished,
rSATA-2026-08-14-1,rSATA,RSATAUSDT,2026-08-14,open_0930,5000,0.0516,0.3,0.03612,99.47,99.684,13.666666666666666,0.0005,DOCUMENTED promotional 0.05% through 2026-08-31,after_hours,regular,2026-09-18T23:05:03.291954+00:00,ticker_only,2026-09-16T19:34:15.315933+00:00,ticker_only,OBSERVED-NOW book scenario; fee/prices event-time,-0.21399999999999864,0.099577,0.00014999250037498694,0.00020010005002497267,0.03486652739898933,0.13444352739898932,-0.3845635273989879,3.305494717034677,,eligibility snapshot time unpublished,
rSATA-2026-08-14-1,rSATA,RSATAUSDT,2026-08-14,open_0930,25000,0.0516,0.3,0.03612,99.47,99.684,13.666666666666666,0.0005,DOCUMENTED promotional 0.05% through 2026-08-31,after_hours,regular,2026-09-18T23:05:03.291954+00:00,ticker_only,2026-09-16T19:34:15.315933+00:00,ticker_only,OBSERVED-NOW book scenario; fee/prices event-time,-0.21399999999999864,0.099577,,0.00020010005002497267,,,,,,eligibility snapshot time unpublished,"sell: $25,000 exceeds visible top-of-book ($5,499) on ticker-only symbol"
rSATA-2026-08-14-1,rSATA,RSATAUSDT,2026-08-14,open_1000,1000,0.0516,0.3,0.03612,99.47,99.43,14.166666666666666,0.0005,DOCUMENTED promotional 0.05% through 2026-08-31,after_hours,regular,2026-09-18T23:05:03.291954+00:00,ticker_only,2026-09-16T19:34:15.315933+00:00,ticker_only,OBSERVED-NOW book scenario; fee/prices event-time,0.03999999999999204,0.09945000000000001,0.00014999250037498694,0.00020010005002497267,0.03481570198628298,0.134265701986283,-0.13038570198629096,3.3020484881062595,-0.13814570198627504,eligibility snapshot time unpublished,
rSATA-2026-08-14-1,rSATA,RSATAUSDT,2026-08-14,open_1000,5000,0.0516,0.3,0.03612,99.47,99.43,14.166666666666666,0.0005,DOCUMENTED promotional 0.05% through 2026-08-31,after_hours,regular,2026-09-18T23:05:03.291954+00:00,ticker_only,2026-09-16T19:34:15.315933+00:00,ticker_only,OBSERVED-NOW book scenario; fee/prices event-time,0.03999999999999204,0.09945000000000001,0.00014999250037498694,0.00020010005002497267,0.03481570198628298,0.134265701986283,-0.13038570198629096,3.3020484881062595,,eligibility snapshot time unpublished,
rSATA-2026-08-14-1,rSATA,RSATAUSDT,2026-08-14,open_1000,25000,0.0516,0.3,0.03612,99.47,99.43,14.166666666666666,0.0005,DOCUMENTED promotional 0.05% through 2026-08-31,after_hours,regular,2026-09-18T23:05:03.291954+00:00,ticker_only,2026-09-16T19:34:15.315933+00:00,ticker_only,OBSERVED-NOW book scenario; fee/prices event-time,0.03999999999999204,0.09945000000000001,,0.00020010005002497267,,,,,,eligibility snapshot time unpublished,"sell: $25,000 exceeds visible top-of-book ($5,499) on ticker-only symbol"
rSATA-2026-08-14-1,rSATA,RSATAUSDT,2026-08-14,close_1600,1000,0.0516,0.3,0.03612,99.47,99.205,20.166666666666668,0.0005,DOCUMENTED promotional 0.05% through 2026-08-31,after_hours,after_hours,2026-09-18T23:05:03.291954+00:00,ticker_only,2026-09-18T23:05:03.291954+00:00,ticker_only,OBSERVED-NOW book scenario; fee/prices event-time,0.26500000000000057,0.09933750000000001,0.00014999250037498694,0.00014999250037498694,0.02979976001200053,0.12913726001200054,0.09974273998800004,3.2026600777519483,-0.3580172600120011,eligibility snapshot time unpublished,
rSATA-2026-08-14-1,rSATA,RSATAUSDT,2026-08-14,close_1600,5000,0.0516,0.3,0.03612,99.47,99.205,20.166666666666668,0.0005,DOCUMENTED promotional 0.05% through 2026-08-31,after_hours,after_hours,2026-09-18T23:05:03.291954+00:00,ticker_only,2026-09-18T23:05:03.291954+00:00,ticker_only,OBSERVED-NOW book scenario; fee/prices event-time,0.26500000000000057,0.09933750000000001,0.00014999250037498694,,,,,,,eligibility snapshot time unpublished,"buy: $5,000 exceeds visible top-of-book ($2,500) on ticker-only symbol"
rSATA-2026-08-14-1,rSATA,RSATAUSDT,2026-08-14,close_1600,25000,0.0516,0.3,0.03612,99.47,99.205,20.166666666666668,0.0005,DOCUMENTED promotional 0.05% through 2026-08-31,after_hours,after_hours,2026-09-18T23:05:03.291954+00:00,ticker_only,2026-09-18T23:05:03.291954+00:00,ticker_only,OBSERVED-NOW book scenario; fee/prices event-time,0.26500000000000057,0.09933750000000001,,,,,,,,eligibility snapshot time unpublished,"sell: $25,000 exceeds visible top-of-book ($5,499) on ticker-only symbol; buy: $25,000 exceeds visible top-of-book ($2,500) on ticker-only symbol"
rSATA-2026-08-17-1,rSATA,RSATAUSDT,2026-08-17,overnight_2000,1000,0.0516,0.3,0.03612,99.445,99.93,51.18333333333333,0.0005,DOCUMENTED promotional 0.05% through 2026-08-31,after_hours,overnight,2026-09-18T23:05:03.291954+00:00,ticker_only,2026-09-19T03:05:03.356996+00:00,ticker_only,OBSERVED-NOW book scenario; fee/prices event-time,-0.48500000000001364,0.0996875,0.00014999250037498694,0.00014999250037498694,0.029904754762263022,0.12959225476226302,-0.6507122547622767,3.211477805470214,0.3915277452377507,eligibility snapshot time unpublished,
rSATA-2026-08-17-1,rSATA,RSATAUSDT,2026-08-17,overnight_2000,5000,0.0516,0.3,0.03612,99.445,99.93,51.18333333333333,0.0005,DOCUMENTED promotional 0.05% through 2026-08-31,after_hours,overnight,2026-09-18T23:05:03.291954+00:00,ticker_only,2026-09-19T03:05:03.356996+00:00,ticker_only,OBSERVED-NOW book scenario; fee/prices event-time,-0.48500000000001364,0.0996875,0.00014999250037498694,,,,,,,eligibility snapshot time unpublished,"buy: $5,000 exceeds visible top-of-book ($2,500) on ticker-only symbol"
rSATA-2026-08-17-1,rSATA,RSATAUSDT,2026-08-17,overnight_2000,25000,0.0516,0.3,0.03612,99.445,99.93,51.18333333333333,0.0005,DOCUMENTED promotional 0.05% through 2026-08-31,after_hours,overnight,2026-09-18T23:05:03.291954+00:00,ticker_only,2026-09-19T03:05:03.356996+00:00,ticker_only,OBSERVED-NOW book scenario; fee/prices event-time,-0.48500000000001364,0.0996875,,,,,,,,eligibility snapshot time unpublished,"sell: $25,000 exceeds visible top-of-book ($5,499) on ticker-only symbol; buy: $25,000 exceeds visible top-of-book ($2,500) on ticker-only symbol"
rSATA-2026-08-17-1,rSATA,RSATAUSDT,2026-08-17,premarket_0400,1000,0.0516,0.3,0.03612,99.445,99.25,56.233333333333334,0.0005,DOCUMENTED promotional 0.05% through 2026-08-31,after_hours,pre_market,2026-09-18T23:05:03.291954+00:00,ticker_only,,,OBSERVED-NOW book scenario; fee/prices event-time,0.19499999999999318,0.0993475,0.00014999250037498694,,,,,,,eligibility snapshot time unpublished,buy: no depth sample for this symbol/session
rSATA-2026-08-17-1,rSATA,RSATAUSDT,2026-08-17,premarket_0400,5000,0.0516,0.3,0.03612,99.445,99.25,56.233333333333334,0.0005,DOCUMENTED promotional 0.05% through 2026-08-31,after_hours,pre_market,2026-09-18T23:05:03.291954+00:00,ticker_only,,,OBSERVED-NOW book scenario; fee/prices event-time,0.19499999999999318,0.0993475,0.00014999250037498694,,,,,,,eligibility snapshot time unpublished,buy: no depth sample for this symbol/session
rSATA-2026-08-17-1,rSATA,RSATAUSDT,2026-08-17,premarket_0400,25000,0.0516,0.3,0.03612,99.445,99.25,56.233333333333334,0.0005,DOCUMENTED promotional 0.05% through 2026-08-31,after_hours,pre_market,2026-09-18T23:05:03.291954+00:00,ticker_only,,,OBSERVED-NOW book scenario; fee/prices event-time,0.19499999999999318,0.0993475,,,,,,,,eligibility snapshot time unpublished,"sell: $25,000 exceeds visible top-of-book ($5,499) on ticker-only symbol; buy: no depth sample for this symbol/session"
rSATA-2026-08-17-1,rSATA,RSATAUSDT,2026-08-17,open_0930,1000,0.0516,0.3,0.03612,99.445,99.491,61.733333333333334,0.0005,DOCUMENTED promotional 0.05% through 2026-08-31,after_hours,regular,2026-09-18T23:05:03.291954+00:00,ticker_only,2026-09-16T19:34:15.315933+00:00,ticker_only,OBSERVED-NOW book scenario; fee/prices event-time,-0.04600000000000648,0.09946799999999999,0.00014999250037498694,0.00020010005002497267,0.03482415827682513,0.1342921582768251,-0.21641215827683158,3.302561206915215,-0.05217215827681864,eligibility snapshot time unpublished,
rSATA-2026-08-17-1,rSATA,RSATAUSDT,2026-08-17,open_0930,5000,0.0516,0.3,0.03612,99.445,99.491,61.733333333333334,0.0005,DOCUMENTED promotional 0.05% through 2026-08-31,after_hours,regular,2026-09-18T23:05:03.291954+00:00,ticker_only,2026-09-16T19:34:15.315933+00:00,ticker_only,OBSERVED-NOW book scenario; fee/prices event-time,-0.04600000000000648,0.09946799999999999,0.00014999250037498694,0.00020010005002497267,0.03482415827682513,0.1342921582768251,-0.21641215827683158,3.302561206915215,,eligibility snapshot time unpublished,
rSATA-2026-08-17-1,rSATA,RSATAUSDT,2026-08-17,open_0930,25000,0.0516,0.3,0.03612,99.445,99.491,61.733333333333334,0.0005,DOCUMENTED promotional 0.05% through 2026-08-31,after_hours,regular,2026-09-18T23:05:03.291954+00:00,ticker_only,2026-09-16T19:34:15.315933+00:00,ticker_only,OBSERVED-NOW book scenario; fee/prices event-time,-0.04600000000000648,0.09946799999999999,,0.00020010005002497267,,,,,,eligibility snapshot time unpublished,"sell: $25,000 exceeds visible top-of-book ($5,499) on ticker-only symbol"
rSATA-2026-08-17-1,rSATA,RSATAUSDT,2026-08-17,open_1000,1000,0.0516,0.3,0.03612,99.445,99.4,62.233333333333334,0.0005,DOCUMENTED promotional 0.05% through 2026-08-31,after_hours,regular,2026-09-18T23:05:03.291954+00:00,ticker_only,2026-09-16T19:34:15.315933+00:00,ticker_only,OBSERVED-NOW book scenario; fee/prices event-time,0.044999999999987494,0.0994225,0.00014999250037498694,0.00020010005002497267,0.03480594917227286,0.13422844917227286,-0.12534844917228538,3.3013265343463734,-0.14310844917226034,eligibility snapshot time unpublished,
rSATA-2026-08-17-1,rSATA,RSATAUSDT,2026-08-17,open_1000,5000,0.0516,0.3,0.03612,99.445,99.4,62.233333333333334,0.0005,DOCUMENTED promotional 0.05% through 2026-08-31,after_hours,regular,2026-09-18T23:05:03.291954+00:00,ticker_only,2026-09-16T19:34:15.315933+00:00,ticker_only,OBSERVED-NOW book scenario; fee/prices event-time,0.044999999999987494,0.0994225,0.00014999250037498694,0.00020010005002497267,0.03480594917227286,0.13422844917227286,-0.12534844917228538,3.3013265343463734,,eligibility snapshot time unpublished,
rSATA-2026-08-17-1,rSATA,RSATAUSDT,2026-08-17,open_1000,25000,0.0516,0.3,0.03612,99.445,99.4,62.233333333333334,0.0005,DOCUMENTED promotional 0.05% through 2026-08-31,after_hours,regular,2026-09-18T23:05:03.291954+00:00,ticker_only,2026-09-16T19:34:15.315933+00:00,ticker_only,OBSERVED-NOW book scenario; fee/prices event-time,0.044999999999987494,0.0994225,,0.00020010005002497267,,,,,,eligibility snapshot time unpublished,"sell: $25,000 exceeds visible top-of-book ($5,499) on ticker-only symbol"
rSATA-2026-08-17-1,rSATA,RSATAUSDT,2026-08-17,close_1600,1000,0.0516,0.3,0.03612,99.445,99.465,68.23333333333333,0.0005,DOCUMENTED promotional 0.05% through 2026-08-31,after_hours,after_hours,2026-09-18T23:05:03.291954+00:00,ticker_only,2026-09-18T23:05:03.291954+00:00,ticker_only,OBSERVED-NOW book scenario; fee/prices event-time,-0.020000000000010232,0.099455,0.00014999250037498694,0.00014999250037498694,0.02983500824958865,0.12929000824958864,-0.18541000824959886,3.2056203149145084,-0.07317000824957842,eligibility snapshot time unpublished,
rSATA-2026-08-17-1,rSATA,RSATAUSDT,2026-08-17,close_1600,5000,0.0516,0.3,0.03612,99.445,99.465,68.23333333333333,0.0005,DOCUMENTED promotional 0.05% through 2026-08-31,after_hours,after_hours,2026-09-18T23:05:03.291954+00:00,ticker_only,2026-09-18T23:05:03.291954+00:00,ticker_only,OBSERVED-NOW book scenario; fee/prices event-time,-0.020000000000010232,0.099455,0.00014999250037498694,,,,,,,eligibility snapshot time unpublished,"buy: $5,000 exceeds visible top-of-book ($2,500) on ticker-only symbol"
rSATA-2026-08-17-1,rSATA,RSATAUSDT,2026-08-17,close_1600,25000,0.0516,0.3,0.03612,99.445,99.465,68.23333333333333,0.0005,DOCUMENTED promotional 0.05% through 2026-08-31,after_hours,after_hours,2026-09-18T23:05:03.291954+00:00,ticker_only,2026-09-18T23:05:03.291954+00:00,ticker_only,OBSERVED-NOW book scenario; fee/prices event-time,-0.020000000000010232,0.099455,,,,,,,,eligibility snapshot time unpublished,"sell: $25,000 exceeds visible top-of-book ($5,499) on ticker-only symbol; buy: $25,000 exceeds visible top-of-book ($2,500) on ticker-only symbol"
rSATA-2026-08-18-1,rSATA,RSATAUSDT,2026-08-18,overnight_2000,1000,0.0516,0.3,0.03612,99.36,99.011,8.05,0.0005,DOCUMENTED promotional 0.05% through 2026-08-31,after_hours,overnight,2026-09-18T23:05:03.291954+00:00,ticker_only,2026-09-19T03:05:03.356996+00:00,ticker_only,OBSERVED-NOW book scenario; fee/prices event-time,0.34900000000000375,0.0991855,0.00014999250037498694,0.00014999250037498694,0.029754162291886536,0.12893966229188653,0.18394033770811724,3.198830664571444,-0.4418196622918903,eligibility snapshot time unpublished,
rSATA-2026-08-18-1,rSATA,RSATAUSDT,2026-08-18,overnight_2000,5000,0.0516,0.3,0.03612,99.36,99.011,8.05,0.0005,DOCUMENTED promotional 0.05% through 2026-08-31,after_hours,overnight,2026-09-18T23:05:03.291954+00:00,ticker_only,2026-09-19T03:05:03.356996+00:00,ticker_only,OBSERVED-NOW book scenario; fee/prices event-time,0.34900000000000375,0.0991855,0.00014999250037498694,,,,,,,eligibility snapshot time unpublished,"buy: $5,000 exceeds visible top-of-book ($2,500) on ticker-only symbol"
rSATA-2026-08-18-1,rSATA,RSATAUSDT,2026-08-18,overnight_2000,25000,0.0516,0.3,0.03612,99.36,99.011,8.05,0.0005,DOCUMENTED promotional 0.05% through 2026-08-31,after_hours,overnight,2026-09-18T23:05:03.291954+00:00,ticker_only,2026-09-19T03:05:03.356996+00:00,ticker_only,OBSERVED-NOW book scenario; fee/prices event-time,0.34900000000000375,0.0991855,,,,,,,,eligibility snapshot time unpublished,"sell: $25,000 exceeds visible top-of-book ($5,499) on ticker-only symbol; buy: $25,000 exceeds visible top-of-book ($2,500) on ticker-only symbol"
rSATA-2026-08-18-1,rSATA,RSATAUSDT,2026-08-18,premarket_0400,1000,0.0516,0.3,0.03612,99.36,99.011,8.05,0.0005,DOCUMENTED promotional 0.05% through 2026-08-31,after_hours,pre_market,2026-09-18T23:05:03.291954+00:00,ticker_only,,,OBSERVED-NOW book scenario; fee/prices event-time,0.34900000000000375,0.0991855,0.00014999250037498694,,,,,,,eligibility snapshot time unpublished,buy: no depth sample for this symbol/session
rSATA-2026-08-18-1,rSATA,RSATAUSDT,2026-08-18,premarket_0400,5000,0.0516,0.3,0.03612,99.36,99.011,8.05,0.0005,DOCUMENTED promotional 0.05% through 2026-08-31,after_hours,pre_market,2026-09-18T23:05:03.291954+00:00,ticker_only,,,OBSERVED-NOW book scenario; fee/prices event-time,0.34900000000000375,0.0991855,0.00014999250037498694,,,,,,,eligibility snapshot time unpublished,buy: no depth sample for this symbol/session
rSATA-2026-08-18-1,rSATA,RSATAUSDT,2026-08-18,premarket_0400,25000,0.0516,0.3,0.03612,99.36,99.011,8.05,0.0005,DOCUMENTED promotional 0.05% through 2026-08-31,after_hours,pre_market,2026-09-18T23:05:03.291954+00:00,ticker_only,,,OBSERVED-NOW book scenario; fee/prices event-time,0.34900000000000375,0.0991855,,,,,,,,eligibility snapshot time unpublished,"sell: $25,000 exceeds visible top-of-book ($5,499) on ticker-only symbol; buy: no depth sample for this symbol/session"
rSATA-2026-08-18-1,rSATA,RSATAUSDT,2026-08-18,open_0930,1000,0.0516,0.3,0.03612,99.36,99.377,13.55,0.0005,DOCUMENTED promotional 0.05% through 2026-08-31,after_hours,regular,2026-09-18T23:05:03.291954+00:00,ticker_only,2026-09-16T19:34:15.315933+00:00,ticker_only,OBSERVED-NOW book scenario; fee/prices event-time,-0.016999999999995907,0.0993685,0.00014999250037498694,0.00020010005002497267,0.03478859750859041,0.1341570975085904,-0.1872770975085863,3.2999437501664803,-0.0810370975085945,eligibility snapshot time unpublished,
rSATA-2026-08-18-1,rSATA,RSATAUSDT,2026-08-18,open_0930,5000,0.0516,0.3,0.03612,99.36,99.377,13.55,0.0005,DOCUMENTED promotional 0.05% through 2026-08-31,after_hours,regular,2026-09-18T23:05:03.291954+00:00,ticker_only,2026-09-16T19:34:15.315933+00:00,ticker_only,OBSERVED-NOW book scenario; fee/prices event-time,-0.016999999999995907,0.0993685,0.00014999250037498694,0.00020010005002497267,0.03478859750859041,0.1341570975085904,-0.1872770975085863,3.2999437501664803,,eligibility snapshot time unpublished,
rSATA-2026-08-18-1,rSATA,RSATAUSDT,2026-08-18,open_0930,25000,0.0516,0.3,0.03612,99.36,99.377,13.55,0.0005,DOCUMENTED promotional 0.05% through 2026-08-31,after_hours,regular,2026-09-18T23:05:03.291954+00:00,ticker_only,2026-09-16T19:34:15.315933+00:00,ticker_only,OBSERVED-NOW book scenario; fee/prices event-time,-0.016999999999995907,0.0993685,,0.00020010005002497267,,,,,,eligibility snapshot time unpublished,"sell: $25,000 exceeds visible top-of-book ($5,499) on ticker-only symbol"
rSATA-2026-08-18-1,rSATA,RSATAUSDT,2026-08-18,open_1000,1000,0.0516,0.3,0.03612,99.36,99.41,14.05,0.0005,DOCUMENTED promotional 0.05% through 2026-08-31,after_hours,regular,2026-09-18T23:05:03.291954+00:00,ticker_only,2026-09-16T19:34:15.315933+00:00,ticker_only,OBSERVED-NOW book scenario; fee/prices event-time,-0.04999999999999716,0.09938499999999999,0.00014999250037498694,0.00020010005002497267,0.034795200810241234,0.13418020081024123,-0.22030020081023838,3.300391488570566,-0.048060200810244064,eligibility snapshot time unpublished,
rSATA-2026-08-18-1,rSATA,RSATAUSDT,2026-08-18,open_1000,5000,0.0516,0.3,0.03612,99.36,99.41,14.05,0.0005,DOCUMENTED promotional 0.05% through 2026-08-31,after_hours,regular,2026-09-18T23:05:03.291954+00:00,ticker_only,2026-09-16T19:34:15.315933+00:00,ticker_only,OBSERVED-NOW book scenario; fee/prices event-time,-0.04999999999999716,0.09938499999999999,0.00014999250037498694,0.00020010005002497267,0.034795200810241234,0.13418020081024123,-0.22030020081023838,3.300391488570566,,eligibility snapshot time unpublished,
rSATA-2026-08-18-1,rSATA,RSATAUSDT,2026-08-18,open_1000,25000,0.0516,0.3,0.03612,99.36,99.41,14.05,0.0005,DOCUMENTED promotional 0.05% through 2026-08-31,after_hours,regular,2026-09-18T23:05:03.291954+00:00,ticker_only,2026-09-16T19:34:15.315933+00:00,ticker_only,OBSERVED-NOW book scenario; fee/prices event-time,-0.04999999999999716,0.09938499999999999,,0.00020010005002497267,,,,,,eligibility snapshot time unpublished,"sell: $25,000 exceeds visible top-of-book ($5,499) on ticker-only symbol"
rSATA-2026-08-18-1,rSATA,RSATAUSDT,2026-08-18,close_1600,1000,0.0516,0.3,0.03612,99.36,99.7,20.05,0.0005,DOCUMENTED promotional 0.05% through 2026-08-31,after_hours,after_hours,2026-09-18T23:05:03.291954+00:00,ticker_only,2026-09-18T23:05:03.291954+00:00,ticker_only,OBSERVED-NOW book scenario; fee/prices event-time,-0.3400000000000034,0.09953000000000001,0.00014999250037498694,0.00014999250037498694,0.0298575071246449,0.12938750712464492,-0.5055075071246483,3.2075098279969945,0.24673249287535848,eligibility snapshot time unpublished,
rSATA-2026-08-18-1,rSATA,RSATAUSDT,2026-08-18,close_1600,5000,0.0516,0.3,0.03612,99.36,99.7,20.05,0.0005,DOCUMENTED promotional 0.05% through 2026-08-31,after_hours,after_hours,2026-09-18T23:05:03.291954+00:00,ticker_only,2026-09-18T23:05:03.291954+00:00,ticker_only,OBSERVED-NOW book scenario; fee/prices event-time,-0.3400000000000034,0.09953000000000001,0.00014999250037498694,,,,,,,eligibility snapshot time unpublished,"buy: $5,000 exceeds visible top-of-book ($2,500) on ticker-only symbol"
rSATA-2026-08-18-1,rSATA,RSATAUSDT,2026-08-18,close_1600,25000,0.0516,0.3,0.03612,99.36,99.7,20.05,0.0005,DOCUMENTED promotional 0.05% through 2026-08-31,after_hours,after_hours,2026-09-18T23:05:03.291954+00:00,ticker_only,2026-09-18T23:05:03.291954+00:00,ticker_only,OBSERVED-NOW book scenario; fee/prices event-time,-0.3400000000000034,0.09953000000000001,,,,,,,,eligibility snapshot time unpublished,"sell: $25,000 exceeds visible top-of-book ($5,499) on ticker-only symbol; buy: $25,000 exceeds visible top-of-book ($2,500) on ticker-only symbol"
rSATA-2026-08-19-1,rSATA,RSATAUSDT,2026-08-19,overnight_2000,1000,0.0516,0.3,0.03612,99.55,99.94,3.933333333333333,0.0005,DOCUMENTED promotional 0.05% through 2026-08-31,after_hours,overnight,2026-09-18T23:05:03.291954+00:00,ticker_only,2026-09-19T03:05:03.356996+00:00,ticker_only,OBSERVED-NOW book scenario; fee/prices event-time,-0.39000000000000057,0.099745,0.00014999250037498694,0.00014999250037498694,0.029922003899806142,0.12966700389980615,-0.5557870038998067,3.2129264321667863,0.2964529961001944,eligibility snapshot time unpublished,
rSATA-2026-08-19-1,rSATA,RSATAUSDT,2026-08-19,overnight_2000,5000,0.0516,0.3,0.03612,99.55,99.94,3.933333333333333,0.0005,DOCUMENTED promotional 0.05% through 2026-08-31,after_hours,overnight,2026-09-18T23:05:03.291954+00:00,ticker_only,2026-09-19T03:05:03.356996+00:00,ticker_only,OBSERVED-NOW book scenario; fee/prices event-time,-0.39000000000000057,0.099745,0.00014999250037498694,,,,,,,eligibility snapshot time unpublished,"buy: $5,000 exceeds visible top-of-book ($2,500) on ticker-only symbol"
rSATA-2026-08-19-1,rSATA,RSATAUSDT,2026-08-19,overnight_2000,25000,0.0516,0.3,0.03612,99.55,99.94,3.933333333333333,0.0005,DOCUMENTED promotional 0.05% through 2026-08-31,after_hours,overnight,2026-09-18T23:05:03.291954+00:00,ticker_only,2026-09-19T03:05:03.356996+00:00,ticker_only,OBSERVED-NOW book scenario; fee/prices event-time,-0.39000000000000057,0.099745,,,,,,,,eligibility snapshot time unpublished,"sell: $25,000 exceeds visible top-of-book ($5,499) on ticker-only symbol; buy: $25,000 exceeds visible top-of-book ($2,500) on ticker-only symbol"
rSATA-2026-08-19-1,rSATA,RSATAUSDT,2026-08-19,premarket_0400,1000,0.0516,0.3,0.03612,99.55,99.55,8.016666666666667,0.0005,DOCUMENTED promotional 0.05% through 2026-08-31,after_hours,pre_market,2026-09-18T23:05:03.291954+00:00,ticker_only,,,OBSERVED-NOW book scenario; fee/prices event-time,0.0,0.09955,0.00014999250037498694,,,,,,,eligibility snapshot time unpublished,buy: no depth sample for this symbol/session
rSATA-2026-08-19-1,rSATA,RSATAUSDT,2026-08-19,premarket_0400,5000,0.0516,0.3,0.03612,99.55,99.55,8.016666666666667,0.0005,DOCUMENTED promotional 0.05% through 2026-08-31,after_hours,pre_market,2026-09-18T23:05:03.291954+00:00,ticker_only,,,OBSERVED-NOW book scenario; fee/prices event-time,0.0,0.09955,0.00014999250037498694,,,,,,,eligibility snapshot time unpublished,buy: no depth sample for this symbol/session
rSATA-2026-08-19-1,rSATA,RSATAUSDT,2026-08-19,premarket_0400,25000,0.0516,0.3,0.03612,99.55,99.55,8.016666666666667,0.0005,DOCUMENTED promotional 0.05% through 2026-08-31,after_hours,pre_market,2026-09-18T23:05:03.291954+00:00,ticker_only,,,OBSERVED-NOW book scenario; fee/prices event-time,0.0,0.09955,,,,,,,,eligibility snapshot time unpublished,"sell: $25,000 exceeds visible top-of-book ($5,499) on ticker-only symbol; buy: no depth sample for this symbol/session"
rSATA-2026-08-19-1,rSATA,RSATAUSDT,2026-08-19,open_0930,1000,0.0516,0.3,0.03612,99.55,99.655,13.516666666666667,0.0005,DOCUMENTED promotional 0.05% through 2026-08-31,after_hours,regular,2026-09-18T23:05:03.291954+00:00,ticker_only,2026-09-16T19:34:15.315933+00:00,ticker_only,OBSERVED-NOW book scenario; fee/prices event-time,-0.10500000000000398,0.0996025,0.00014999250037498694,0.00020010005002497267,0.034872723897568604,0.1344752238975686,-0.27559522389757257,3.306108990262957,0.006644776102435364,eligibility snapshot time unpublished,
rSATA-2026-08-19-1,rSATA,RSATAUSDT,2026-08-19,open_0930,5000,0.0516,0.3,0.03612,99.55,99.655,13.516666666666667,0.0005,DOCUMENTED promotional 0.05% through 2026-08-31,after_hours,regular,2026-09-18T23:05:03.291954+00:00,ticker_only,2026-09-16T19:34:15.315933+00:00,ticker_only,OBSERVED-NOW book scenario; fee/prices event-time,-0.10500000000000398,0.0996025,0.00014999250037498694,0.00020010005002497267,0.034872723897568604,0.1344752238975686,-0.27559522389757257,3.306108990262957,,eligibility snapshot time unpublished,
rSATA-2026-08-19-1,rSATA,RSATAUSDT,2026-08-19,open_0930,25000,0.0516,0.3,0.03612,99.55,99.655,13.516666666666667,0.0005,DOCUMENTED promotional 0.05% through 2026-08-31,after_hours,regular,2026-09-18T23:05:03.291954+00:00,ticker_only,2026-09-16T19:34:15.315933+00:00,ticker_only,OBSERVED-NOW book scenario; fee/prices event-time,-0.10500000000000398,0.0996025,,0.00020010005002497267,,,,,,eligibility snapshot time unpublished,"sell: $25,000 exceeds visible top-of-book ($5,499) on ticker-only symbol"
rSATA-2026-08-19-1,rSATA,RSATAUSDT,2026-08-19,open_1000,1000,0.0516,0.3,0.03612,99.55,99.76,14.016666666666667,0.0005,DOCUMENTED promotional 0.05% through 2026-08-31,after_hours,regular,2026-09-18T23:05:03.291954+00:00,ticker_only,2026-09-16T19:34:15.315933+00:00,ticker_only,OBSERVED-NOW book scenario; fee/prices event-time,-0.21000000000000796,0.09965500000000001,0.00014999250037498694,0.00020010005002497267,0.03489373440282122,0.13454873440282122,-0.38066873440282917,3.3075336124577754,0.11157126559718672,eligibility snapshot time unpublished,
rSATA-2026-08-19-1,rSATA,RSATAUSDT,2026-08-19,open_1000,5000,0.0516,0.3,0.03612,99.55,99.76,14.016666666666667,0.0005,DOCUMENTED promotional 0.05% through 2026-08-31,after_hours,regular,2026-09-18T23:05:03.291954+00:00,ticker_only,2026-09-16T19:34:15.315933+00:00,ticker_only,OBSERVED-NOW book scenario; fee/prices event-time,-0.21000000000000796,0.09965500000000001,0.00014999250037498694,0.00020010005002497267,0.03489373440282122,0.13454873440282122,-0.38066873440282917,3.3075336124577754,,eligibility snapshot time unpublished,
rSATA-2026-08-19-1,rSATA,RSATAUSDT,2026-08-19,open_1000,25000,0.0516,0.3,0.03612,99.55,99.76,14.016666666666667,0.0005,DOCUMENTED promotional 0.05% through 2026-08-31,after_hours,regular,2026-09-18T23:05:03.291954+00:00,ticker_only,2026-09-16T19:34:15.315933+00:00,ticker_only,OBSERVED-NOW book scenario; fee/prices event-time,-0.21000000000000796,0.09965500000000001,,0.00020010005002497267,,,,,,eligibility snapshot time unpublished,"sell: $25,000 exceeds visible top-of-book ($5,499) on ticker-only symbol"
rSATA-2026-08-19-1,rSATA,RSATAUSDT,2026-08-19,close_1600,1000,0.0516,0.3,0.03612,99.55,99.92,20.016666666666666,0.0005,DOCUMENTED promotional 0.05% through 2026-08-31,after_hours,after_hours,2026-09-18T23:05:03.291954+00:00,ticker_only,2026-09-18T23:05:03.291954+00:00,ticker_only,OBSERVED-NOW book scenario; fee/prices event-time,-0.37000000000000455,0.099735,0.00014999250037498694,0.00014999250037498694,0.029919004049798643,0.12965400404979865,-0.5357740040498031,3.212674497089121,0.2764659959502059,eligibility snapshot time unpublished,
rSATA-2026-08-19-1,rSATA,RSATAUSDT,2026-08-19,close_1600,5000,0.0516,0.3,0.03612,99.55,99.92,20.016666666666666,0.0005,DOCUMENTED promotional 0.05% through 2026-08-31,after_hours,after_hours,2026-09-18T23:05:03.291954+00:00,ticker_only,2026-09-18T23:05:03.291954+00:00,ticker_only,OBSERVED-NOW book scenario; fee/prices event-time,-0.37000000000000455,0.099735,0.00014999250037498694,,,,,,,eligibility snapshot time unpublished,"buy: $5,000 exceeds visible top-of-book ($2,500) on ticker-only symbol"
rSATA-2026-08-19-1,rSATA,RSATAUSDT,2026-08-19,close_1600,25000,0.0516,0.3,0.03612,99.55,99.92,20.016666666666666,0.0005,DOCUMENTED promotional 0.05% through 2026-08-31,after_hours,after_hours,2026-09-18T23:05:03.291954+00:00,ticker_only,2026-09-18T23:05:03.291954+00:00,ticker_only,OBSERVED-NOW book scenario; fee/prices event-time,-0.37000000000000455,0.099735,,,,,,,,eligibility snapshot time unpublished,"sell: $25,000 exceeds visible top-of-book ($5,499) on ticker-only symbol; buy: $25,000 exceeds visible top-of-book ($2,500) on ticker-only symbol"
rSATA-2026-08-20-1,rSATA,RSATAUSDT,2026-08-20,overnight_2000,1000,0.0516,0.3,0.03612,99.785,99.4,1.4666666666666666,0.0005,DOCUMENTED promotional 0.05% through 2026-08-31,after_hours,overnight,2026-09-18T23:05:03.291954+00:00,ticker_only,2026-09-19T03:05:03.356996+00:00,ticker_only,OBSERVED-NOW book scenario; fee/prices event-time,0.3849999999999909,0.0995925,0.00014999250037498694,0.00014999250037498694,0.029876256187191773,0.12946875618719178,0.21941124381279914,3.2090844222323986,-0.4783487561871827,eligibility snapshot time unpublished,
rSATA-2026-08-20-1,rSATA,RSATAUSDT,2026-08-20,overnight_2000,5000,0.0516,0.3,0.03612,99.785,99.4,1.4666666666666666,0.0005,DOCUMENTED promotional 0.05% through 2026-08-31,after_hours,overnight,2026-09-18T23:05:03.291954+00:00,ticker_only,2026-09-19T03:05:03.356996+00:00,ticker_only,OBSERVED-NOW book scenario; fee/prices event-time,0.3849999999999909,0.0995925,0.00014999250037498694,,,,,,,eligibility snapshot time unpublished,"buy: $5,000 exceeds visible top-of-book ($2,500) on ticker-only symbol"
rSATA-2026-08-20-1,rSATA,RSATAUSDT,2026-08-20,overnight_2000,25000,0.0516,0.3,0.03612,99.785,99.4,1.4666666666666666,0.0005,DOCUMENTED promotional 0.05% through 2026-08-31,after_hours,overnight,2026-09-18T23:05:03.291954+00:00,ticker_only,2026-09-19T03:05:03.356996+00:00,ticker_only,OBSERVED-NOW book scenario; fee/prices event-time,0.3849999999999909,0.0995925,,,,,,,,eligibility snapshot time unpublished,"sell: $25,000 exceeds visible top-of-book ($5,499) on ticker-only symbol; buy: $25,000 exceeds visible top-of-book ($2,500) on ticker-only symbol"
rSATA-2026-08-20-1,rSATA,RSATAUSDT,2026-08-20,premarket_0400,1000,0.0516,0.3,0.03612,99.785,99.506,8.166666666666666,0.0005,DOCUMENTED promotional 0.05% through 2026-08-31,after_hours,pre_market,2026-09-18T23:05:03.291954+00:00,ticker_only,,,OBSERVED-NOW book scenario; fee/prices event-time,0.27899999999999636,0.0996455,0.00014999250037498694,,,,,,,eligibility snapshot time unpublished,buy: no depth sample for this symbol/session
rSATA-2026-08-20-1,rSATA,RSATAUSDT,2026-08-20,premarket_0400,5000,0.0516,0.3,0.03612,99.785,99.506,8.166666666666666,0.0005,DOCUMENTED promotional 0.05% through 2026-08-31,after_hours,pre_market,2026-09-18T23:05:03.291954+00:00,ticker_only,,,OBSERVED-NOW book scenario; fee/prices event-time,0.27899999999999636,0.0996455,0.00014999250037498694,,,,,,,eligibility snapshot time unpublished,buy: no depth sample for this symbol/session
rSATA-2026-08-20-1,rSATA,RSATAUSDT,2026-08-20,premarket_0400,25000,0.0516,0.3,0.03612,99.785,99.506,8.166666666666666,0.0005,DOCUMENTED promotional 0.05% through 2026-08-31,after_hours,pre_market,2026-09-18T23:05:03.291954+00:00,ticker_only,,,OBSERVED-NOW book scenario; fee/prices event-time,0.27899999999999636,0.0996455,,,,,,,,eligibility snapshot time unpublished,"sell: $25,000 exceeds visible top-of-book ($5,499) on ticker-only symbol; buy: no depth sample for this symbol/session"
rSATA-2026-08-20-1,rSATA,RSATAUSDT,2026-08-20,open_0930,1000,0.0516,0.3,0.03612,99.785,99.797,13.666666666666666,0.0005,DOCUMENTED promotional 0.05% through 2026-08-31,after_hours,regular,2026-09-18T23:05:03.291954+00:00,ticker_only,2026-09-16T19:34:15.315933+00:00,ticker_only,OBSERVED-NOW book scenario; fee/prices event-time,-0.012000000000000455,0.099791,0.00014999250037498694,0.00020010005002497267,0.03493638634226027,0.13472738634226028,-0.18284738634226072,3.310995859346129,-0.08660738634225981,eligibility snapshot time unpublished,
rSATA-2026-08-20-1,rSATA,RSATAUSDT,2026-08-20,open_0930,5000,0.0516,0.3,0.03612,99.785,99.797,13.666666666666666,0.0005,DOCUMENTED promotional 0.05% through 2026-08-31,after_hours,regular,2026-09-18T23:05:03.291954+00:00,ticker_only,2026-09-16T19:34:15.315933+00:00,ticker_only,OBSERVED-NOW book scenario; fee/prices event-time,-0.012000000000000455,0.099791,0.00014999250037498694,0.00020010005002497267,0.03493638634226027,0.13472738634226028,-0.18284738634226072,3.310995859346129,,eligibility snapshot time unpublished,
rSATA-2026-08-20-1,rSATA,RSATAUSDT,2026-08-20,open_0930,25000,0.0516,0.3,0.03612,99.785,99.797,13.666666666666666,0.0005,DOCUMENTED promotional 0.05% through 2026-08-31,after_hours,regular,2026-09-18T23:05:03.291954+00:00,ticker_only,2026-09-16T19:34:15.315933+00:00,ticker_only,OBSERVED-NOW book scenario; fee/prices event-time,-0.012000000000000455,0.099791,,0.00020010005002497267,,,,,,eligibility snapshot time unpublished,"sell: $25,000 exceeds visible top-of-book ($5,499) on ticker-only symbol"
rSATA-2026-08-20-1,rSATA,RSATAUSDT,2026-08-20,open_1000,1000,0.0516,0.3,0.03612,99.785,99.92,14.166666666666666,0.0005,DOCUMENTED promotional 0.05% through 2026-08-31,after_hours,regular,2026-09-18T23:05:03.291954+00:00,ticker_only,2026-09-16T19:34:15.315933+00:00,ticker_only,OBSERVED-NOW book scenario; fee/prices event-time,-0.13500000000000512,0.0998525,0.00014999250037498694,0.00020010005002497267,0.034960998648413344,0.13481349864841335,-0.30593349864841846,3.3126647024886307,0.03630650135159176,eligibility snapshot time unpublished,
rSATA-2026-08-20-1,rSATA,RSATAUSDT,2026-08-20,open_1000,5000,0.0516,0.3,0.03612,99.785,99.92,14.166666666666666,0.0005,DOCUMENTED promotional 0.05% through 2026-08-31,after_hours,regular,2026-09-18T23:05:03.291954+00:00,ticker_only,2026-09-16T19:34:15.315933+00:00,ticker_only,OBSERVED-NOW book scenario; fee/prices event-time,-0.13500000000000512,0.0998525,0.00014999250037498694,0.00020010005002497267,0.034960998648413344,0.13481349864841335,-0.30593349864841846,3.3126647024886307,,eligibility snapshot time unpublished,
rSATA-2026-08-20-1,rSATA,RSATAUSDT,2026-08-20,open_1000,25000,0.0516,0.3,0.03612,99.785,99.92,14.166666666666666,0.0005,DOCUMENTED promotional 0.05% through 2026-08-31,after_hours,regular,2026-09-18T23:05:03.291954+00:00,ticker_only,2026-09-16T19:34:15.315933+00:00,ticker_only,OBSERVED-NOW book scenario; fee/prices event-time,-0.13500000000000512,0.0998525,,0.00020010005002497267,,,,,,eligibility snapshot time unpublished,"sell: $25,000 exceeds visible top-of-book ($5,499) on ticker-only symbol"
rSATA-2026-08-20-1,rSATA,RSATAUSDT,2026-08-20,close_1600,1000,0.0516,0.3,0.03612,99.785,99.97,20.166666666666668,0.0005,DOCUMENTED promotional 0.05% through 2026-08-31,after_hours,after_hours,2026-09-18T23:05:03.291954+00:00,ticker_only,2026-09-18T23:05:03.291954+00:00,ticker_only,OBSERVED-NOW book scenario; fee/prices event-time,-0.18500000000000227,0.0998775,0.00014999250037498694,0.00014999250037498694,0.029961751912405514,0.1298392519124055,-0.35095925191240773,3.2162645719458434,0.09128074808759676,eligibility snapshot time unpublished,
rSATA-2026-08-20-1,rSATA,RSATAUSDT,2026-08-20,close_1600,5000,0.0516,0.3,0.03612,99.785,99.97,20.166666666666668,0.0005,DOCUMENTED promotional 0.05% through 2026-08-31,after_hours,after_hours,2026-09-18T23:05:03.291954+00:00,ticker_only,2026-09-18T23:05:03.291954+00:00,ticker_only,OBSERVED-NOW book scenario; fee/prices event-time,-0.18500000000000227,0.0998775,0.00014999250037498694,,,,,,,eligibility snapshot time unpublished,"buy: $5,000 exceeds visible top-of-book ($2,500) on ticker-only symbol"
rSATA-2026-08-20-1,rSATA,RSATAUSDT,2026-08-20,close_1600,25000,0.0516,0.3,0.03612,99.785,99.97,20.166666666666668,0.0005,DOCUMENTED promotional 0.05% through 2026-08-31,after_hours,after_hours,2026-09-18T23:05:03.291954+00:00,ticker_only,2026-09-18T23:05:03.291954+00:00,ticker_only,OBSERVED-NOW book scenario; fee/prices event-time,-0.18500000000000227,0.0998775,,,,,,,,eligibility snapshot time unpublished,"sell: $25,000 exceeds visible top-of-book ($5,499) on ticker-only symbol; buy: $25,000 exceeds visible top-of-book ($2,500) on ticker-only symbol"
rSATA-2026-08-21-1,rSATA,RSATAUSDT,2026-08-21,overnight_2000,1000,0.0516,0.3,0.03612,99.9,100.53,1.1,0.0005,DOCUMENTED promotional 0.05% through 2026-08-31,after_hours,overnight,2026-09-18T23:05:03.291954+00:00,ticker_only,2026-09-19T03:05:03.356996+00:00,ticker_only,OBSERVED-NOW book scenario; fee/prices event-time,-0.6299999999999955,0.10021500000000001,0.00014999250037498694,0.00014999250037498694,0.030062996850158633,0.13027799685015864,-0.7963979968501541,3.224767380817028,0.5358420031498368,eligibility snapshot time unpublished,
rSATA-2026-08-21-1,rSATA,RSATAUSDT,2026-08-21,overnight_2000,5000,0.0516,0.3,0.03612,99.9,100.53,1.1,0.0005,DOCUMENTED promotional 0.05% through 2026-08-31,after_hours,overnight,2026-09-18T23:05:03.291954+00:00,ticker_only,2026-09-19T03:05:03.356996+00:00,ticker_only,OBSERVED-NOW book scenario; fee/prices event-time,-0.6299999999999955,0.10021500000000001,0.00014999250037498694,,,,,,,eligibility snapshot time unpublished,"buy: $5,000 exceeds visible top-of-book ($2,500) on ticker-only symbol"
rSATA-2026-08-21-1,rSATA,RSATAUSDT,2026-08-21,overnight_2000,25000,0.0516,0.3,0.03612,99.9,100.53,1.1,0.0005,DOCUMENTED promotional 0.05% through 2026-08-31,after_hours,overnight,2026-09-18T23:05:03.291954+00:00,ticker_only,2026-09-19T03:05:03.356996+00:00,ticker_only,OBSERVED-NOW book scenario; fee/prices event-time,-0.6299999999999955,0.10021500000000001,,,,,,,,eligibility snapshot time unpublished,"sell: $25,000 exceeds visible top-of-book ($5,499) on ticker-only symbol; buy: $25,000 exceeds visible top-of-book ($2,500) on ticker-only symbol"
rSATA-2026-08-21-1,rSATA,RSATAUSDT,2026-08-21,premarket_0400,1000,0.0516,0.3,0.03612,99.9,99.9,8.083333333333334,0.0005,DOCUMENTED promotional 0.05% through 2026-08-31,after_hours,pre_market,2026-09-18T23:05:03.291954+00:00,ticker_only,,,OBSERVED-NOW book scenario; fee/prices event-time,0.0,0.0999,0.00014999250037498694,,,,,,,eligibility snapshot time unpublished,buy: no depth sample for this symbol/session
rSATA-2026-08-21-1,rSATA,RSATAUSDT,2026-08-21,premarket_0400,5000,0.0516,0.3,0.03612,99.9,99.9,8.083333333333334,0.0005,DOCUMENTED promotional 0.05% through 2026-08-31,after_hours,pre_market,2026-09-18T23:05:03.291954+00:00,ticker_only,,,OBSERVED-NOW book scenario; fee/prices event-time,0.0,0.0999,0.00014999250037498694,,,,,,,eligibility snapshot time unpublished,buy: no depth sample for this symbol/session
rSATA-2026-08-21-1,rSATA,RSATAUSDT,2026-08-21,premarket_0400,25000,0.0516,0.3,0.03612,99.9,99.9,8.083333333333334,0.0005,DOCUMENTED promotional 0.05% through 2026-08-31,after_hours,pre_market,2026-09-18T23:05:03.291954+00:00,ticker_only,,,OBSERVED-NOW book scenario; fee/prices event-time,0.0,0.0999,,,,,,,,eligibility snapshot time unpublished,"sell: $25,000 exceeds visible top-of-book ($5,499) on ticker-only symbol; buy: no depth sample for this symbol/session"
rSATA-2026-08-21-1,rSATA,RSATAUSDT,2026-08-21,open_0930,1000,0.0516,0.3,0.03612,99.9,99.965,13.583333333333334,0.0005,DOCUMENTED promotional 0.05% through 2026-08-31,after_hours,regular,2026-09-18T23:05:03.291954+00:00,ticker_only,2026-09-16T19:34:15.315933+00:00,ticker_only,OBSERVED-NOW book scenario; fee/prices event-time,-0.06499999999999773,0.09993250000000001,0.00014999250037498694,0.00020010005002497267,0.03498725228820759,0.1349197522882076,-0.23603975228820534,3.314723881554411,-0.033799752288209875,eligibility snapshot time unpublished,
rSATA-2026-08-21-1,rSATA,RSATAUSDT,2026-08-21,open_0930,5000,0.0516,0.3,0.03612,99.9,99.965,13.583333333333334,0.0005,DOCUMENTED promotional 0.05% through 2026-08-31,after_hours,regular,2026-09-18T23:05:03.291954+00:00,ticker_only,2026-09-16T19:34:15.315933+00:00,ticker_only,OBSERVED-NOW book scenario; fee/prices event-time,-0.06499999999999773,0.09993250000000001,0.00014999250037498694,0.00020010005002497267,0.03498725228820759,0.1349197522882076,-0.23603975228820534,3.314723881554411,,eligibility snapshot time unpublished,
rSATA-2026-08-21-1,rSATA,RSATAUSDT,2026-08-21,open_0930,25000,0.0516,0.3,0.03612,99.9,99.965,13.583333333333334,0.0005,DOCUMENTED promotional 0.05% through 2026-08-31,after_hours,regular,2026-09-18T23:05:03.291954+00:00,ticker_only,2026-09-16T19:34:15.315933+00:00,ticker_only,OBSERVED-NOW book scenario; fee/prices event-time,-0.06499999999999773,0.09993250000000001,,0.00020010005002497267,,,,,,eligibility snapshot time unpublished,"sell: $25,000 exceeds visible top-of-book ($5,499) on ticker-only symbol"
rSATA-2026-08-21-1,rSATA,RSATAUSDT,2026-08-21,open_1000,1000,0.0516,0.3,0.03612,99.9,99.99,14.083333333333334,0.0005,DOCUMENTED promotional 0.05% through 2026-08-31,after_hours,regular,2026-09-18T23:05:03.291954+00:00,ticker_only,2026-09-16T19:34:15.315933+00:00,ticker_only,OBSERVED-NOW book scenario; fee/prices event-time,-0.0899999999999892,0.09994499999999999,0.00014999250037498694,0.00020010005002497267,0.034992254789458214,0.1349372547894582,-0.2610572547894474,3.3150630773150818,-0.008817254789469021,eligibility snapshot time unpublished,
rSATA-2026-08-21-1,rSATA,RSATAUSDT,2026-08-21,open_1000,5000,0.0516,0.3,0.03612,99.9,99.99,14.083333333333334,0.0005,DOCUMENTED promotional 0.05% through 2026-08-31,after_hours,regular,2026-09-18T23:05:03.291954+00:00,ticker_only,2026-09-16T19:34:15.315933+00:00,ticker_only,OBSERVED-NOW book scenario; fee/prices event-time,-0.0899999999999892,0.09994499999999999,0.00014999250037498694,0.00020010005002497267,0.034992254789458214,0.1349372547894582,-0.2610572547894474,3.3150630773150818,,eligibility snapshot time unpublished,
rSATA-2026-08-21-1,rSATA,RSATAUSDT,2026-08-21,open_1000,25000,0.0516,0.3,0.03612,99.9,99.99,14.083333333333334,0.0005,DOCUMENTED promotional 0.05% through 2026-08-31,after_hours,regular,2026-09-18T23:05:03.291954+00:00,ticker_only,2026-09-16T19:34:15.315933+00:00,ticker_only,OBSERVED-NOW book scenario; fee/prices event-time,-0.0899999999999892,0.09994499999999999,,0.00020010005002497267,,,,,,eligibility snapshot time unpublished,"sell: $25,000 exceeds visible top-of-book ($5,499) on ticker-only symbol"
rSATA-2026-08-21-1,rSATA,RSATAUSDT,2026-08-21,close_1600,1000,0.0516,0.3,0.03612,99.9,100.005,20.083333333333332,0.0005,DOCUMENTED promotional 0.05% through 2026-08-31,after_hours,after_hours,2026-09-18T23:05:03.291954+00:00,ticker_only,2026-09-18T23:05:03.291954+00:00,ticker_only,OBSERVED-NOW book scenario; fee/prices event-time,-0.10499999999998977,0.0999525,0.00014999250037498694,0.00014999250037498694,0.029984250787461766,0.12993675078746175,-0.2710567507874515,3.218154085028328,0.011183249212527988,eligibility snapshot time unpublished,
rSATA-2026-08-21-1,rSATA,RSATAUSDT,2026-08-21,close_1600,5000,0.0516,0.3,0.03612,99.9,100.005,20.083333333333332,0.0005,DOCUMENTED promotional 0.05% through 2026-08-31,after_hours,after_hours,2026-09-18T23:05:03.291954+00:00,ticker_only,2026-09-18T23:05:03.291954+00:00,ticker_only,OBSERVED-NOW book scenario; fee/prices event-time,-0.10499999999998977,0.0999525,0.00014999250037498694,,,,,,,eligibility snapshot time unpublished,"buy: $5,000 exceeds visible top-of-book ($2,500) on ticker-only symbol"
rSATA-2026-08-21-1,rSATA,RSATAUSDT,2026-08-21,close_1600,25000,0.0516,0.3,0.03612,99.9,100.005,20.083333333333332,0.0005,DOCUMENTED promotional 0.05% through 2026-08-31,after_hours,after_hours,2026-09-18T23:05:03.291954+00:00,ticker_only,2026-09-18T23:05:03.291954+00:00,ticker_only,OBSERVED-NOW book scenario; fee/prices event-time,-0.10499999999998977,0.0999525,,,,,,,,eligibility snapshot time unpublished,"sell: $25,000 exceeds visible top-of-book ($5,499) on ticker-only symbol; buy: $25,000 exceeds visible top-of-book ($2,500) on ticker-only symbol"
rSATA-2026-08-24-1,rSATA,RSATAUSDT,2026-08-24,overnight_2000,1000,0.0516,0.3,0.03612,100.005,99.91,48.016666666666666,0.0005,DOCUMENTED promotional 0.05% through 2026-08-31,after_hours,overnight,2026-09-18T23:05:03.291954+00:00,ticker_only,2026-09-19T03:05:03.356996+00:00,ticker_only,OBSERVED-NOW book scenario; fee/prices event-time,0.09499999999999886,0.0999575,0.00014999250037498694,0.00014999250037498694,0.029985750712465512,0.1299432507124655,-0.07106325071246665,3.2182800525671613,-0.18882325071246436,eligibility snapshot time unpublished,
rSATA-2026-08-24-1,rSATA,RSATAUSDT,2026-08-24,overnight_2000,5000,0.0516,0.3,0.03612,100.005,99.91,48.016666666666666,0.0005,DOCUMENTED promotional 0.05% through 2026-08-31,after_hours,overnight,2026-09-18T23:05:03.291954+00:00,ticker_only,2026-09-19T03:05:03.356996+00:00,ticker_only,OBSERVED-NOW book scenario; fee/prices event-time,0.09499999999999886,0.0999575,0.00014999250037498694,,,,,,,eligibility snapshot time unpublished,"buy: $5,000 exceeds visible top-of-book ($2,500) on ticker-only symbol"
rSATA-2026-08-24-1,rSATA,RSATAUSDT,2026-08-24,overnight_2000,25000,0.0516,0.3,0.03612,100.005,99.91,48.016666666666666,0.0005,DOCUMENTED promotional 0.05% through 2026-08-31,after_hours,overnight,2026-09-18T23:05:03.291954+00:00,ticker_only,2026-09-19T03:05:03.356996+00:00,ticker_only,OBSERVED-NOW book scenario; fee/prices event-time,0.09499999999999886,0.0999575,,,,,,,,eligibility snapshot time unpublished,"sell: $25,000 exceeds visible top-of-book ($5,499) on ticker-only symbol; buy: $25,000 exceeds visible top-of-book ($2,500) on ticker-only symbol"
rSATA-2026-08-24-1,rSATA,RSATAUSDT,2026-08-24,premarket_0400,1000,0.0516,0.3,0.03612,100.005,99.977,56.016666666666666,0.0005,DOCUMENTED promotional 0.05% through 2026-08-31,after_hours,pre_market,2026-09-18T23:05:03.291954+00:00,ticker_only,,,OBSERVED-NOW book scenario; fee/prices event-time,0.027999999999991587,0.099991,0.00014999250037498694,,,,,,,eligibility snapshot time unpublished,buy: no depth sample for this symbol/session
rSATA-2026-08-24-1,rSATA,RSATAUSDT,2026-08-24,premarket_0400,5000,0.0516,0.3,0.03612,100.005,99.977,56.016666666666666,0.0005,DOCUMENTED promotional 0.05% through 2026-08-31,after_hours,pre_market,2026-09-18T23:05:03.291954+00:00,ticker_only,,,OBSERVED-NOW book scenario; fee/prices event-time,0.027999999999991587,0.099991,0.00014999250037498694,,,,,,,eligibility snapshot time unpublished,buy: no depth sample for this symbol/session
rSATA-2026-08-24-1,rSATA,RSATAUSDT,2026-08-24,premarket_0400,25000,0.0516,0.3,0.03612,100.005,99.977,56.016666666666666,0.0005,DOCUMENTED promotional 0.05% through 2026-08-31,after_hours,pre_market,2026-09-18T23:05:03.291954+00:00,ticker_only,,,OBSERVED-NOW book scenario; fee/prices event-time,0.027999999999991587,0.099991,,,,,,,,eligibility snapshot time unpublished,"sell: $25,000 exceeds visible top-of-book ($5,499) on ticker-only symbol; buy: no depth sample for this symbol/session"
rSATA-2026-08-24-1,rSATA,RSATAUSDT,2026-08-24,open_0930,1000,0.0516,0.3,0.03612,100.005,99.989,61.516666666666666,0.0005,DOCUMENTED promotional 0.05% through 2026-08-31,after_hours,regular,2026-09-18T23:05:03.291954+00:00,ticker_only,2026-09-16T19:34:15.315933+00:00,ticker_only,OBSERVED-NOW book scenario; fee/prices event-time,0.015999999999991132,0.099997,0.00014999250037498694,0.00020010005002497267,0.03500780390194756,0.13500480390194758,-0.15512480390195643,3.3163721686423946,-0.1148848039019387,eligibility snapshot time unpublished,
rSATA-2026-08-24-1,rSATA,RSATAUSDT,2026-08-24,open_0930,5000,0.0516,0.3,0.03612,100.005,99.989,61.516666666666666,0.0005,DOCUMENTED promotional 0.05% through 2026-08-31,after_hours,regular,2026-09-18T23:05:03.291954+00:00,ticker_only,2026-09-16T19:34:15.315933+00:00,ticker_only,OBSERVED-NOW book scenario; fee/prices event-time,0.015999999999991132,0.099997,0.00014999250037498694,0.00020010005002497267,0.03500780390194756,0.13500480390194758,-0.15512480390195643,3.3163721686423946,,eligibility snapshot time unpublished,
rSATA-2026-08-24-1,rSATA,RSATAUSDT,2026-08-24,open_0930,25000,0.0516,0.3,0.03612,100.005,99.989,61.516666666666666,0.0005,DOCUMENTED promotional 0.05% through 2026-08-31,after_hours,regular,2026-09-18T23:05:03.291954+00:00,ticker_only,2026-09-16T19:34:15.315933+00:00,ticker_only,OBSERVED-NOW book scenario; fee/prices event-time,0.015999999999991132,0.099997,,0.00020010005002497267,,,,,,eligibility snapshot time unpublished,"sell: $25,000 exceeds visible top-of-book ($5,499) on ticker-only symbol"
rSATA-2026-08-24-1,rSATA,RSATAUSDT,2026-08-24,open_1000,1000,0.0516,0.3,0.03612,100.005,99.994,62.016666666666666,0.0005,DOCUMENTED promotional 0.05% through 2026-08-31,after_hours,regular,2026-09-18T23:05:03.291954+00:00,ticker_only,2026-09-16T19:34:15.315933+00:00,ticker_only,OBSERVED-NOW book scenario; fee/prices event-time,0.01099999999999568,0.0999995,0.00014999250037498694,0.00020010005002497267,0.03500880440219768,0.1350083044021977,-0.160128304402202,3.3164400077945286,-0.10988830440219337,eligibility snapshot time unpublished,
rSATA-2026-08-24-1,rSATA,RSATAUSDT,2026-08-24,open_1000,5000,0.0516,0.3,0.03612,100.005,99.994,62.016666666666666,0.0005,DOCUMENTED promotional 0.05% through 2026-08-31,after_hours,regular,2026-09-18T23:05:03.291954+00:00,ticker_only,2026-09-16T19:34:15.315933+00:00,ticker_only,OBSERVED-NOW book scenario; fee/prices event-time,0.01099999999999568,0.0999995,0.00014999250037498694,0.00020010005002497267,0.03500880440219768,0.1350083044021977,-0.160128304402202,3.3164400077945286,,eligibility snapshot time unpublished,
rSATA-2026-08-24-1,rSATA,RSATAUSDT,2026-08-24,open_1000,25000,0.0516,0.3,0.03612,100.005,99.994,62.016666666666666,0.0005,DOCUMENTED promotional 0.05% through 2026-08-31,after_hours,regular,2026-09-18T23:05:03.291954+00:00,ticker_only,2026-09-16T19:34:15.315933+00:00,ticker_only,OBSERVED-NOW book scenario; fee/prices event-time,0.01099999999999568,0.0999995,,0.00020010005002497267,,,,,,eligibility snapshot time unpublished,"sell: $25,000 exceeds visible top-of-book ($5,499) on ticker-only symbol"
rSATA-2026-08-24-1,rSATA,RSATAUSDT,2026-08-24,close_1600,1000,0.0516,0.3,0.03612,100.005,100.003,68.01666666666667,0.0005,DOCUMENTED promotional 0.05% through 2026-08-31,after_hours,after_hours,2026-09-18T23:05:03.291954+00:00,ticker_only,2026-09-18T23:05:03.291954+00:00,ticker_only,OBSERVED-NOW book scenario; fee/prices event-time,0.001999999999995339,0.100004,0.00014999250037498694,0.00014999250037498694,0.029999700015000387,0.1300037000150004,-0.16412370001500504,3.219451550678302,-0.09588370001499572,eligibility snapshot time unpublished,
rSATA-2026-08-24-1,rSATA,RSATAUSDT,2026-08-24,close_1600,5000,0.0516,0.3,0.03612,100.005,100.003,68.01666666666667,0.0005,DOCUMENTED promotional 0.05% through 2026-08-31,after_hours,after_hours,2026-09-18T23:05:03.291954+00:00,ticker_only,2026-09-18T23:05:03.291954+00:00,ticker_only,OBSERVED-NOW book scenario; fee/prices event-time,0.001999999999995339,0.100004,0.00014999250037498694,,,,,,,eligibility snapshot time unpublished,"buy: $5,000 exceeds visible top-of-book ($2,500) on ticker-only symbol"
rSATA-2026-08-24-1,rSATA,RSATAUSDT,2026-08-24,close_1600,25000,0.0516,0.3,0.03612,100.005,100.003,68.01666666666667,0.0005,DOCUMENTED promotional 0.05% through 2026-08-31,after_hours,after_hours,2026-09-18T23:05:03.291954+00:00,ticker_only,2026-09-18T23:05:03.291954+00:00,ticker_only,OBSERVED-NOW book scenario; fee/prices event-time,0.001999999999995339,0.100004,,,,,,,,eligibility snapshot time unpublished,"sell: $25,000 exceeds visible top-of-book ($5,499) on ticker-only symbol; buy: $25,000 exceeds visible top-of-book ($2,500) on ticker-only symbol"
rSATA-2026-08-25-1,rSATA,RSATAUSDT,2026-08-25,overnight_2000,1000,0.0516,0.3,0.03612,100.005,99.99,0.7166666666666667,0.0005,DOCUMENTED promotional 0.05% through 2026-08-31,after_hours,overnight,2026-09-18T23:05:03.291954+00:00,ticker_only,2026-09-19T03:05:03.356996+00:00,ticker_only,OBSERVED-NOW book scenario; fee/prices event-time,0.015000000000000568,0.0999975,0.00014999250037498694,0.00014999250037498694,0.02999775011249551,0.12999525011249552,-0.15111525011249494,3.21928779287782,-0.10887525011249607,eligibility snapshot time unpublished,
rSATA-2026-08-25-1,rSATA,RSATAUSDT,2026-08-25,overnight_2000,5000,0.0516,0.3,0.03612,100.005,99.99,0.7166666666666667,0.0005,DOCUMENTED promotional 0.05% through 2026-08-31,after_hours,overnight,2026-09-18T23:05:03.291954+00:00,ticker_only,2026-09-19T03:05:03.356996+00:00,ticker_only,OBSERVED-NOW book scenario; fee/prices event-time,0.015000000000000568,0.0999975,0.00014999250037498694,,,,,,,eligibility snapshot time unpublished,"buy: $5,000 exceeds visible top-of-book ($2,500) on ticker-only symbol"
rSATA-2026-08-25-1,rSATA,RSATAUSDT,2026-08-25,overnight_2000,25000,0.0516,0.3,0.03612,100.005,99.99,0.7166666666666667,0.0005,DOCUMENTED promotional 0.05% through 2026-08-31,after_hours,overnight,2026-09-18T23:05:03.291954+00:00,ticker_only,2026-09-19T03:05:03.356996+00:00,ticker_only,OBSERVED-NOW book scenario; fee/prices event-time,0.015000000000000568,0.0999975,,,,,,,,eligibility snapshot time unpublished,"sell: $25,000 exceeds visible top-of-book ($5,499) on ticker-only symbol; buy: $25,000 exceeds visible top-of-book ($2,500) on ticker-only symbol"
rSATA-2026-08-25-1,rSATA,RSATAUSDT,2026-08-25,premarket_0400,1000,0.0516,0.3,0.03612,100.005,100.005,8.183333333333334,0.0005,DOCUMENTED promotional 0.05% through 2026-08-31,after_hours,pre_market,2026-09-18T23:05:03.291954+00:00,ticker_only,,,OBSERVED-NOW book scenario; fee/prices event-time,0.0,0.100005,0.00014999250037498694,,,,,,,eligibility snapshot time unpublished,buy: no depth sample for this symbol/session
rSATA-2026-08-25-1,rSATA,RSATAUSDT,2026-08-25,premarket_0400,5000,0.0516,0.3,0.03612,100.005,100.005,8.183333333333334,0.0005,DOCUMENTED promotional 0.05% through 2026-08-31,after_hours,pre_market,2026-09-18T23:05:03.291954+00:00,ticker_only,,,OBSERVED-NOW book scenario; fee/prices event-time,0.0,0.100005,0.00014999250037498694,,,,,,,eligibility snapshot time unpublished,buy: no depth sample for this symbol/session
rSATA-2026-08-25-1,rSATA,RSATAUSDT,2026-08-25,premarket_0400,25000,0.0516,0.3,0.03612,100.005,100.005,8.183333333333334,0.0005,DOCUMENTED promotional 0.05% through 2026-08-31,after_hours,pre_market,2026-09-18T23:05:03.291954+00:00,ticker_only,,,OBSERVED-NOW book scenario; fee/prices event-time,0.0,0.100005,,,,,,,,eligibility snapshot time unpublished,"sell: $25,000 exceeds visible top-of-book ($5,499) on ticker-only symbol; buy: no depth sample for this symbol/session"
rSATA-2026-08-25-1,rSATA,RSATAUSDT,2026-08-25,open_0930,1000,0.0516,0.3,0.03612,100.005,99.999,13.683333333333334,0.0005,DOCUMENTED promotional 0.05% through 2026-08-31,after_hours,regular,2026-09-18T23:05:03.291954+00:00,ticker_only,2026-09-16T19:34:15.315933+00:00,ticker_only,OBSERVED-NOW book scenario; fee/prices event-time,0.006000000000000227,0.100002,0.00014999250037498694,0.00020010005002497267,0.03500980490244781,0.1350118049024478,-0.16513180490244755,3.3165078469466622,-0.10489180490244804,eligibility snapshot time unpublished,
rSATA-2026-08-25-1,rSATA,RSATAUSDT,2026-08-25,open_0930,5000,0.0516,0.3,0.03612,100.005,99.999,13.683333333333334,0.0005,DOCUMENTED promotional 0.05% through 2026-08-31,after_hours,regular,2026-09-18T23:05:03.291954+00:00,ticker_only,2026-09-16T19:34:15.315933+00:00,ticker_only,OBSERVED-NOW book scenario; fee/prices event-time,0.006000000000000227,0.100002,0.00014999250037498694,0.00020010005002497267,0.03500980490244781,0.1350118049024478,-0.16513180490244755,3.3165078469466622,,eligibility snapshot time unpublished,
rSATA-2026-08-25-1,rSATA,RSATAUSDT,2026-08-25,open_0930,25000,0.0516,0.3,0.03612,100.005,99.999,13.683333333333334,0.0005,DOCUMENTED promotional 0.05% through 2026-08-31,after_hours,regular,2026-09-18T23:05:03.291954+00:00,ticker_only,2026-09-16T19:34:15.315933+00:00,ticker_only,OBSERVED-NOW book scenario; fee/prices event-time,0.006000000000000227,0.100002,,0.00020010005002497267,,,,,,eligibility snapshot time unpublished,"sell: $25,000 exceeds visible top-of-book ($5,499) on ticker-only symbol"
rSATA-2026-08-25-1,rSATA,RSATAUSDT,2026-08-25,open_1000,1000,0.0516,0.3,0.03612,100.005,100.005,14.183333333333334,0.0005,DOCUMENTED promotional 0.05% through 2026-08-31,after_hours,regular,2026-09-18T23:05:03.291954+00:00,ticker_only,2026-09-16T19:34:15.315933+00:00,ticker_only,OBSERVED-NOW book scenario; fee/prices event-time,0.0,0.100005,0.00014999250037498694,0.00020010005002497267,0.03501100550274796,0.13501600550274795,-0.17113600550274793,3.3165892539292234,-0.09889600550274796,eligibility snapshot time unpublished,
rSATA-2026-08-25-1,rSATA,RSATAUSDT,2026-08-25,open_1000,5000,0.0516,0.3,0.03612,100.005,100.005,14.183333333333334,0.0005,DOCUMENTED promotional 0.05% through 2026-08-31,after_hours,regular,2026-09-18T23:05:03.291954+00:00,ticker_only,2026-09-16T19:34:15.315933+00:00,ticker_only,OBSERVED-NOW book scenario; fee/prices event-time,0.0,0.100005,0.00014999250037498694,0.00020010005002497267,0.03501100550274796,0.13501600550274795,-0.17113600550274793,3.3165892539292234,,eligibility snapshot time unpublished,
rSATA-2026-08-25-1,rSATA,RSATAUSDT,2026-08-25,open_1000,25000,0.0516,0.3,0.03612,100.005,100.005,14.183333333333334,0.0005,DOCUMENTED promotional 0.05% through 2026-08-31,after_hours,regular,2026-09-18T23:05:03.291954+00:00,ticker_only,2026-09-16T19:34:15.315933+00:00,ticker_only,OBSERVED-NOW book scenario; fee/prices event-time,0.0,0.100005,,0.00020010005002497267,,,,,,eligibility snapshot time unpublished,"sell: $25,000 exceeds visible top-of-book ($5,499) on ticker-only symbol"
rSATA-2026-08-25-1,rSATA,RSATAUSDT,2026-08-25,close_1600,1000,0.0516,0.3,0.03612,100.005,100.005,20.183333333333334,0.0005,DOCUMENTED promotional 0.05% through 2026-08-31,after_hours,after_hours,2026-09-18T23:05:03.291954+00:00,ticker_only,2026-09-18T23:05:03.291954+00:00,ticker_only,OBSERVED-NOW book scenario; fee/prices event-time,0.0,0.100005,0.00014999250037498694,0.00014999250037498694,0.030000000000001137,0.13000500000000115,-0.16612500000000113,3.2194767441860686,-0.09388500000000113,eligibility snapshot time unpublished,
rSATA-2026-08-25-1,rSATA,RSATAUSDT,2026-08-25,close_1600,5000,0.0516,0.3,0.03612,100.005,100.005,20.183333333333334,0.0005,DOCUMENTED promotional 0.05% through 2026-08-31,after_hours,after_hours,2026-09-18T23:05:03.291954+00:00,ticker_only,2026-09-18T23:05:03.291954+00:00,ticker_only,OBSERVED-NOW book scenario; fee/prices event-time,0.0,0.100005,0.00014999250037498694,,,,,,,eligibility snapshot time unpublished,"buy: $5,000 exceeds visible top-of-book ($2,500) on ticker-only symbol"
rSATA-2026-08-25-1,rSATA,RSATAUSDT,2026-08-25,close_1600,25000,0.0516,0.3,0.03612,100.005,100.005,20.183333333333334,0.0005,DOCUMENTED promotional 0.05% through 2026-08-31,after_hours,after_hours,2026-09-18T23:05:03.291954+00:00,ticker_only,2026-09-18T23:05:03.291954+00:00,ticker_only,OBSERVED-NOW book scenario; fee/prices event-time,0.0,0.100005,,,,,,,,eligibility snapshot time unpublished,"sell: $25,000 exceeds visible top-of-book ($5,499) on ticker-only symbol; buy: $25,000 exceeds visible top-of-book ($2,500) on ticker-only symbol"
rSATA-2026-08-26-1,rSATA,RSATAUSDT,2026-08-26,overnight_2000,1000,0.0516,0.3,0.03612,100.005,99.98,3.816666666666667,0.0005,DOCUMENTED promotional 0.05% through 2026-08-31,after_hours,overnight,2026-09-18T23:05:03.291954+00:00,ticker_only,2026-09-19T03:05:03.356996+00:00,ticker_only,OBSERVED-NOW book scenario; fee/prices event-time,0.024999999999991473,0.09999250000000001,0.00014999250037498694,0.00014999250037498694,0.029996250187491764,0.12998875018749179,-0.1411087501875003,3.219161825338988,-0.11886875018748325,eligibility snapshot time unpublished,
rSATA-2026-08-26-1,rSATA,RSATAUSDT,2026-08-26,overnight_2000,5000,0.0516,0.3,0.03612,100.005,99.98,3.816666666666667,0.0005,DOCUMENTED promotional 0.05% through 2026-08-31,after_hours,overnight,2026-09-18T23:05:03.291954+00:00,ticker_only,2026-09-19T03:05:03.356996+00:00,ticker_only,OBSERVED-NOW book scenario; fee/prices event-time,0.024999999999991473,0.09999250000000001,0.00014999250037498694,,,,,,,eligibility snapshot time unpublished,"buy: $5,000 exceeds visible top-of-book ($2,500) on ticker-only symbol"
rSATA-2026-08-26-1,rSATA,RSATAUSDT,2026-08-26,overnight_2000,25000,0.0516,0.3,0.03612,100.005,99.98,3.816666666666667,0.0005,DOCUMENTED promotional 0.05% through 2026-08-31,after_hours,overnight,2026-09-18T23:05:03.291954+00:00,ticker_only,2026-09-19T03:05:03.356996+00:00,ticker_only,OBSERVED-NOW book scenario; fee/prices event-time,0.024999999999991473,0.09999250000000001,,,,,,,,eligibility snapshot time unpublished,"sell: $25,000 exceeds visible top-of-book ($5,499) on ticker-only symbol; buy: $25,000 exceeds visible top-of-book ($2,500) on ticker-only symbol"
rSATA-2026-08-26-1,rSATA,RSATAUSDT,2026-08-26,premarket_0400,1000,0.0516,0.3,0.03612,100.005,99.351,8.166666666666666,0.0005,DOCUMENTED promotional 0.05% through 2026-08-31,after_hours,pre_market,2026-09-18T23:05:03.291954+00:00,ticker_only,,,OBSERVED-NOW book scenario; fee/prices event-time,0.6539999999999964,0.099678,0.00014999250037498694,,,,,,,eligibility snapshot time unpublished,buy: no depth sample for this symbol/session
rSATA-2026-08-26-1,rSATA,RSATAUSDT,2026-08-26,premarket_0400,5000,0.0516,0.3,0.03612,100.005,99.351,8.166666666666666,0.0005,DOCUMENTED promotional 0.05% through 2026-08-31,after_hours,pre_market,2026-09-18T23:05:03.291954+00:00,ticker_only,,,OBSERVED-NOW book scenario; fee/prices event-time,0.6539999999999964,0.099678,0.00014999250037498694,,,,,,,eligibility snapshot time unpublished,buy: no depth sample for this symbol/session
rSATA-2026-08-26-1,rSATA,RSATAUSDT,2026-08-26,premarket_0400,25000,0.0516,0.3,0.03612,100.005,99.351,8.166666666666666,0.0005,DOCUMENTED promotional 0.05% through 2026-08-31,after_hours,pre_market,2026-09-18T23:05:03.291954+00:00,ticker_only,,,OBSERVED-NOW book scenario; fee/prices event-time,0.6539999999999964,0.099678,,,,,,,,eligibility snapshot time unpublished,"sell: $25,000 exceeds visible top-of-book ($5,499) on ticker-only symbol; buy: no depth sample for this symbol/session"
rSATA-2026-08-26-1,rSATA,RSATAUSDT,2026-08-26,open_0930,1000,0.0516,0.3,0.03612,100.005,100.005,13.666666666666666,0.0005,DOCUMENTED promotional 0.05% through 2026-08-31,after_hours,regular,2026-09-18T23:05:03.291954+00:00,ticker_only,2026-09-16T19:34:15.315933+00:00,ticker_only,OBSERVED-NOW book scenario; fee/prices event-time,0.0,0.100005,0.00014999250037498694,0.00020010005002497267,0.03501100550274796,0.13501600550274795,-0.17113600550274793,3.3165892539292234,-0.09889600550274796,eligibility snapshot time unpublished,
rSATA-2026-08-26-1,rSATA,RSATAUSDT,2026-08-26,open_0930,5000,0.0516,0.3,0.03612,100.005,100.005,13.666666666666666,0.0005,DOCUMENTED promotional 0.05% through 2026-08-31,after_hours,regular,2026-09-18T23:05:03.291954+00:00,ticker_only,2026-09-16T19:34:15.315933+00:00,ticker_only,OBSERVED-NOW book scenario; fee/prices event-time,0.0,0.100005,0.00014999250037498694,0.00020010005002497267,0.03501100550274796,0.13501600550274795,-0.17113600550274793,3.3165892539292234,,eligibility snapshot time unpublished,
rSATA-2026-08-26-1,rSATA,RSATAUSDT,2026-08-26,open_0930,25000,0.0516,0.3,0.03612,100.005,100.005,13.666666666666666,0.0005,DOCUMENTED promotional 0.05% through 2026-08-31,after_hours,regular,2026-09-18T23:05:03.291954+00:00,ticker_only,2026-09-16T19:34:15.315933+00:00,ticker_only,OBSERVED-NOW book scenario; fee/prices event-time,0.0,0.100005,,0.00020010005002497267,,,,,,eligibility snapshot time unpublished,"sell: $25,000 exceeds visible top-of-book ($5,499) on ticker-only symbol"
rSATA-2026-08-26-1,rSATA,RSATAUSDT,2026-08-26,open_1000,1000,0.0516,0.3,0.03612,100.005,100.005,14.166666666666666,0.0005,DOCUMENTED promotional 0.05% through 2026-08-31,after_hours,regular,2026-09-18T23:05:03.291954+00:00,ticker_only,2026-09-16T19:34:15.315933+00:00,ticker_only,OBSERVED-NOW book scenario; fee/prices event-time,0.0,0.100005,0.00014999250037498694,0.00020010005002497267,0.03501100550274796,0.13501600550274795,-0.17113600550274793,3.3165892539292234,-0.09889600550274796,eligibility snapshot time unpublished,
rSATA-2026-08-26-1,rSATA,RSATAUSDT,2026-08-26,open_1000,5000,0.0516,0.3,0.03612,100.005,100.005,14.166666666666666,0.0005,DOCUMENTED promotional 0.05% through 2026-08-31,after_hours,regular,2026-09-18T23:05:03.291954+00:00,ticker_only,2026-09-16T19:34:15.315933+00:00,ticker_only,OBSERVED-NOW book scenario; fee/prices event-time,0.0,0.100005,0.00014999250037498694,0.00020010005002497267,0.03501100550274796,0.13501600550274795,-0.17113600550274793,3.3165892539292234,,eligibility snapshot time unpublished,
rSATA-2026-08-26-1,rSATA,RSATAUSDT,2026-08-26,open_1000,25000,0.0516,0.3,0.03612,100.005,100.005,14.166666666666666,0.0005,DOCUMENTED promotional 0.05% through 2026-08-31,after_hours,regular,2026-09-18T23:05:03.291954+00:00,ticker_only,2026-09-16T19:34:15.315933+00:00,ticker_only,OBSERVED-NOW book scenario; fee/prices event-time,0.0,0.100005,,0.00020010005002497267,,,,,,eligibility snapshot time unpublished,"sell: $25,000 exceeds visible top-of-book ($5,499) on ticker-only symbol"
rSATA-2026-08-26-1,rSATA,RSATAUSDT,2026-08-26,close_1600,1000,0.0516,0.3,0.03612,100.005,100.005,20.166666666666668,0.0005,DOCUMENTED promotional 0.05% through 2026-08-31,after_hours,after_hours,2026-09-18T23:05:03.291954+00:00,ticker_only,2026-09-18T23:05:03.291954+00:00,ticker_only,OBSERVED-NOW book scenario; fee/prices event-time,0.0,0.100005,0.00014999250037498694,0.00014999250037498694,0.030000000000001137,0.13000500000000115,-0.16612500000000113,3.2194767441860686,-0.09388500000000113,eligibility snapshot time unpublished,
rSATA-2026-08-26-1,rSATA,RSATAUSDT,2026-08-26,close_1600,5000,0.0516,0.3,0.03612,100.005,100.005,20.166666666666668,0.0005,DOCUMENTED promotional 0.05% through 2026-08-31,after_hours,after_hours,2026-09-18T23:05:03.291954+00:00,ticker_only,2026-09-18T23:05:03.291954+00:00,ticker_only,OBSERVED-NOW book scenario; fee/prices event-time,0.0,0.100005,0.00014999250037498694,,,,,,,eligibility snapshot time unpublished,"buy: $5,000 exceeds visible top-of-book ($2,500) on ticker-only symbol"
rSATA-2026-08-26-1,rSATA,RSATAUSDT,2026-08-26,close_1600,25000,0.0516,0.3,0.03612,100.005,100.005,20.166666666666668,0.0005,DOCUMENTED promotional 0.05% through 2026-08-31,after_hours,after_hours,2026-09-18T23:05:03.291954+00:00,ticker_only,2026-09-18T23:05:03.291954+00:00,ticker_only,OBSERVED-NOW book scenario; fee/prices event-time,0.0,0.100005,,,,,,,,eligibility snapshot time unpublished,"sell: $25,000 exceeds visible top-of-book ($5,499) on ticker-only symbol; buy: $25,000 exceeds visible top-of-book ($2,500) on ticker-only symbol"
rSATA-2026-08-27-1,rSATA,RSATAUSDT,2026-08-27,overnight_2000,1000,0.0516,0.3,0.03612,100.005,99.99,1.4666666666666666,0.0005,DOCUMENTED promotional 0.05% through 2026-08-31,after_hours,overnight,2026-09-18T23:05:03.291954+00:00,ticker_only,2026-09-19T03:05:03.356996+00:00,ticker_only,OBSERVED-NOW book scenario; fee/prices event-time,0.015000000000000568,0.0999975,0.00014999250037498694,0.00014999250037498694,0.02999775011249551,0.12999525011249552,-0.15111525011249494,3.21928779287782,-0.10887525011249607,eligibility snapshot time unpublished,
rSATA-2026-08-27-1,rSATA,RSATAUSDT,2026-08-27,overnight_2000,5000,0.0516,0.3,0.03612,100.005,99.99,1.4666666666666666,0.0005,DOCUMENTED promotional 0.05% through 2026-08-31,after_hours,overnight,2026-09-18T23:05:03.291954+00:00,ticker_only,2026-09-19T03:05:03.356996+00:00,ticker_only,OBSERVED-NOW book scenario; fee/prices event-time,0.015000000000000568,0.0999975,0.00014999250037498694,,,,,,,eligibility snapshot time unpublished,"buy: $5,000 exceeds visible top-of-book ($2,500) on ticker-only symbol"
rSATA-2026-08-27-1,rSATA,RSATAUSDT,2026-08-27,overnight_2000,25000,0.0516,0.3,0.03612,100.005,99.99,1.4666666666666666,0.0005,DOCUMENTED promotional 0.05% through 2026-08-31,after_hours,overnight,2026-09-18T23:05:03.291954+00:00,ticker_only,2026-09-19T03:05:03.356996+00:00,ticker_only,OBSERVED-NOW book scenario; fee/prices event-time,0.015000000000000568,0.0999975,,,,,,,,eligibility snapshot time unpublished,"sell: $25,000 exceeds visible top-of-book ($5,499) on ticker-only symbol; buy: $25,000 exceeds visible top-of-book ($2,500) on ticker-only symbol"
rSATA-2026-08-27-1,rSATA,RSATAUSDT,2026-08-27,premarket_0400,1000,0.0516,0.3,0.03612,100.005,100.005,8.016666666666667,0.0005,DOCUMENTED promotional 0.05% through 2026-08-31,after_hours,pre_market,2026-09-18T23:05:03.291954+00:00,ticker_only,,,OBSERVED-NOW book scenario; fee/prices event-time,0.0,0.100005,0.00014999250037498694,,,,,,,eligibility snapshot time unpublished,buy: no depth sample for this symbol/session
rSATA-2026-08-27-1,rSATA,RSATAUSDT,2026-08-27,premarket_0400,5000,0.0516,0.3,0.03612,100.005,100.005,8.016666666666667,0.0005,DOCUMENTED promotional 0.05% through 2026-08-31,after_hours,pre_market,2026-09-18T23:05:03.291954+00:00,ticker_only,,,OBSERVED-NOW book scenario; fee/prices event-time,0.0,0.100005,0.00014999250037498694,,,,,,,eligibility snapshot time unpublished,buy: no depth sample for this symbol/session
rSATA-2026-08-27-1,rSATA,RSATAUSDT,2026-08-27,premarket_0400,25000,0.0516,0.3,0.03612,100.005,100.005,8.016666666666667,0.0005,DOCUMENTED promotional 0.05% through 2026-08-31,after_hours,pre_market,2026-09-18T23:05:03.291954+00:00,ticker_only,,,OBSERVED-NOW book scenario; fee/prices event-time,0.0,0.100005,,,,,,,,eligibility snapshot time unpublished,"sell: $25,000 exceeds visible top-of-book ($5,499) on ticker-only symbol; buy: no depth sample for this symbol/session"
rSATA-2026-08-27-1,rSATA,RSATAUSDT,2026-08-27,open_0930,1000,0.0516,0.3,0.03612,100.005,100.0,13.516666666666667,0.0005,DOCUMENTED promotional 0.05% through 2026-08-31,after_hours,regular,2026-09-18T23:05:03.291954+00:00,ticker_only,2026-09-16T19:34:15.315933+00:00,ticker_only,OBSERVED-NOW book scenario; fee/prices event-time,0.0049999999999954525,0.1000025,0.00014999250037498694,0.00020010005002497267,0.03501000500249783,0.13501250500249784,-0.16613250500250237,3.31652141477709,-0.10389250500249328,eligibility snapshot time unpublished,
rSATA-2026-08-27-1,rSATA,RSATAUSDT,2026-08-27,open_0930,5000,0.0516,0.3,0.03612,100.005,100.0,13.516666666666667,0.0005,DOCUMENTED promotional 0.05% through 2026-08-31,after_hours,regular,2026-09-18T23:05:03.291954+00:00,ticker_only,2026-09-16T19:34:15.315933+00:00,ticker_only,OBSERVED-NOW book scenario; fee/prices event-time,0.0049999999999954525,0.1000025,0.00014999250037498694,0.00020010005002497267,0.03501000500249783,0.13501250500249784,-0.16613250500250237,3.31652141477709,,eligibility snapshot time unpublished,
rSATA-2026-08-27-1,rSATA,RSATAUSDT,2026-08-27,open_0930,25000,0.0516,0.3,0.03612,100.005,100.0,13.516666666666667,0.0005,DOCUMENTED promotional 0.05% through 2026-08-31,after_hours,regular,2026-09-18T23:05:03.291954+00:00,ticker_only,2026-09-16T19:34:15.315933+00:00,ticker_only,OBSERVED-NOW book scenario; fee/prices event-time,0.0049999999999954525,0.1000025,,0.00020010005002497267,,,,,,eligibility snapshot time unpublished,"sell: $25,000 exceeds visible top-of-book ($5,499) on ticker-only symbol"
rSATA-2026-08-27-1,rSATA,RSATAUSDT,2026-08-27,open_1000,1000,0.0516,0.3,0.03612,100.005,100.005,14.016666666666667,0.0005,DOCUMENTED promotional 0.05% through 2026-08-31,after_hours,regular,2026-09-18T23:05:03.291954+00:00,ticker_only,2026-09-16T19:34:15.315933+00:00,ticker_only,OBSERVED-NOW book scenario; fee/prices event-time,0.0,0.100005,0.00014999250037498694,0.00020010005002497267,0.03501100550274796,0.13501600550274795,-0.17113600550274793,3.3165892539292234,-0.09889600550274796,eligibility snapshot time unpublished,
rSATA-2026-08-27-1,rSATA,RSATAUSDT,2026-08-27,open_1000,5000,0.0516,0.3,0.03612,100.005,100.005,14.016666666666667,0.0005,DOCUMENTED promotional 0.05% through 2026-08-31,after_hours,regular,2026-09-18T23:05:03.291954+00:00,ticker_only,2026-09-16T19:34:15.315933+00:00,ticker_only,OBSERVED-NOW book scenario; fee/prices event-time,0.0,0.100005,0.00014999250037498694,0.00020010005002497267,0.03501100550274796,0.13501600550274795,-0.17113600550274793,3.3165892539292234,,eligibility snapshot time unpublished,
rSATA-2026-08-27-1,rSATA,RSATAUSDT,2026-08-27,open_1000,25000,0.0516,0.3,0.03612,100.005,100.005,14.016666666666667,0.0005,DOCUMENTED promotional 0.05% through 2026-08-31,after_hours,regular,2026-09-18T23:05:03.291954+00:00,ticker_only,2026-09-16T19:34:15.315933+00:00,ticker_only,OBSERVED-NOW book scenario; fee/prices event-time,0.0,0.100005,,0.00020010005002497267,,,,,,eligibility snapshot time unpublished,"sell: $25,000 exceeds visible top-of-book ($5,499) on ticker-only symbol"
rSATA-2026-08-27-1,rSATA,RSATAUSDT,2026-08-27,close_1600,1000,0.0516,0.3,0.03612,100.005,100.005,20.016666666666666,0.0005,DOCUMENTED promotional 0.05% through 2026-08-31,after_hours,after_hours,2026-09-18T23:05:03.291954+00:00,ticker_only,2026-09-18T23:05:03.291954+00:00,ticker_only,OBSERVED-NOW book scenario; fee/prices event-time,0.0,0.100005,0.00014999250037498694,0.00014999250037498694,0.030000000000001137,0.13000500000000115,-0.16612500000000113,3.2194767441860686,-0.09388500000000113,eligibility snapshot time unpublished,
rSATA-2026-08-27-1,rSATA,RSATAUSDT,2026-08-27,close_1600,5000,0.0516,0.3,0.03612,100.005,100.005,20.016666666666666,0.0005,DOCUMENTED promotional 0.05% through 2026-08-31,after_hours,after_hours,2026-09-18T23:05:03.291954+00:00,ticker_only,2026-09-18T23:05:03.291954+00:00,ticker_only,OBSERVED-NOW book scenario; fee/prices event-time,0.0,0.100005,0.00014999250037498694,,,,,,,eligibility snapshot time unpublished,"buy: $5,000 exceeds visible top-of-book ($2,500) on ticker-only symbol"
rSATA-2026-08-27-1,rSATA,RSATAUSDT,2026-08-27,close_1600,25000,0.0516,0.3,0.03612,100.005,100.005,20.016666666666666,0.0005,DOCUMENTED promotional 0.05% through 2026-08-31,after_hours,after_hours,2026-09-18T23:05:03.291954+00:00,ticker_only,2026-09-18T23:05:03.291954+00:00,ticker_only,OBSERVED-NOW book scenario; fee/prices event-time,0.0,0.100005,,,,,,,,eligibility snapshot time unpublished,"sell: $25,000 exceeds visible top-of-book ($5,499) on ticker-only symbol; buy: $25,000 exceeds visible top-of-book ($2,500) on ticker-only symbol"
rSATA-2026-08-28-1,rSATA,RSATAUSDT,2026-08-28,overnight_2000,1000,0.0516,0.3,0.03612,100.005,100.02,2.2333333333333334,0.0005,DOCUMENTED promotional 0.05% through 2026-08-31,after_hours,overnight,2026-09-18T23:05:03.291954+00:00,ticker_only,2026-09-19T03:05:03.356996+00:00,ticker_only,OBSERVED-NOW book scenario; fee/prices event-time,-0.015000000000000568,0.10001249999999999,0.00014999250037498694,0.00014999250037498694,0.03000224988750676,0.13001474988750675,-0.18113474988750733,3.2196656954943172,-0.07889474988750618,eligibility snapshot time unpublished,
rSATA-2026-08-28-1,rSATA,RSATAUSDT,2026-08-28,overnight_2000,5000,0.0516,0.3,0.03612,100.005,100.02,2.2333333333333334,0.0005,DOCUMENTED promotional 0.05% through 2026-08-31,after_hours,overnight,2026-09-18T23:05:03.291954+00:00,ticker_only,2026-09-19T03:05:03.356996+00:00,ticker_only,OBSERVED-NOW book scenario; fee/prices event-time,-0.015000000000000568,0.10001249999999999,0.00014999250037498694,,,,,,,eligibility snapshot time unpublished,"buy: $5,000 exceeds visible top-of-book ($2,500) on ticker-only symbol"
rSATA-2026-08-28-1,rSATA,RSATAUSDT,2026-08-28,overnight_2000,25000,0.0516,0.3,0.03612,100.005,100.02,2.2333333333333334,0.0005,DOCUMENTED promotional 0.05% through 2026-08-31,after_hours,overnight,2026-09-18T23:05:03.291954+00:00,ticker_only,2026-09-19T03:05:03.356996+00:00,ticker_only,OBSERVED-NOW book scenario; fee/prices event-time,-0.015000000000000568,0.10001249999999999,,,,,,,,eligibility snapshot time unpublished,"sell: $25,000 exceeds visible top-of-book ($5,499) on ticker-only symbol; buy: $25,000 exceeds visible top-of-book ($2,500) on ticker-only symbol"
rSATA-2026-08-28-1,rSATA,RSATAUSDT,2026-08-28,premarket_0400,1000,0.0516,0.3,0.03612,100.005,99.578,8.216666666666667,0.0005,DOCUMENTED promotional 0.05% through 2026-08-31,after_hours,pre_market,2026-09-18T23:05:03.291954+00:00,ticker_only,,,OBSERVED-NOW book scenario; fee/prices event-time,0.4269999999999925,0.0997915,0.00014999250037498694,,,,,,,eligibility snapshot time unpublished,buy: no depth sample for this symbol/session
rSATA-2026-08-28-1,rSATA,RSATAUSDT,2026-08-28,premarket_0400,5000,0.0516,0.3,0.03612,100.005,99.578,8.216666666666667,0.0005,DOCUMENTED promotional 0.05% through 2026-08-31,after_hours,pre_market,2026-09-18T23:05:03.291954+00:00,ticker_only,,,OBSERVED-NOW book scenario; fee/prices event-time,0.4269999999999925,0.0997915,0.00014999250037498694,,,,,,,eligibility snapshot time unpublished,buy: no depth sample for this symbol/session
rSATA-2026-08-28-1,rSATA,RSATAUSDT,2026-08-28,premarket_0400,25000,0.0516,0.3,0.03612,100.005,99.578,8.216666666666667,0.0005,DOCUMENTED promotional 0.05% through 2026-08-31,after_hours,pre_market,2026-09-18T23:05:03.291954+00:00,ticker_only,,,OBSERVED-NOW book scenario; fee/prices event-time,0.4269999999999925,0.0997915,,,,,,,,eligibility snapshot time unpublished,"sell: $25,000 exceeds visible top-of-book ($5,499) on ticker-only symbol; buy: no depth sample for this symbol/session"
rSATA-2026-08-28-1,rSATA,RSATAUSDT,2026-08-28,open_0930,1000,0.0516,0.3,0.03612,100.005,100.006,13.716666666666667,0.0005,DOCUMENTED promotional 0.05% through 2026-08-31,after_hours,regular,2026-09-18T23:05:03.291954+00:00,ticker_only,2026-09-16T19:34:15.315933+00:00,ticker_only,OBSERVED-NOW book scenario; fee/prices event-time,-0.0010000000000047748,0.1000055,0.00014999250037498694,0.00020010005002497267,0.03501120560279798,0.135016705602798,-0.17213670560280275,3.3166028217596506,-0.0978967056027932,eligibility snapshot time unpublished,
rSATA-2026-08-28-1,rSATA,RSATAUSDT,2026-08-28,open_0930,5000,0.0516,0.3,0.03612,100.005,100.006,13.716666666666667,0.0005,DOCUMENTED promotional 0.05% through 2026-08-31,after_hours,regular,2026-09-18T23:05:03.291954+00:00,ticker_only,2026-09-16T19:34:15.315933+00:00,ticker_only,OBSERVED-NOW book scenario; fee/prices event-time,-0.0010000000000047748,0.1000055,0.00014999250037498694,0.00020010005002497267,0.03501120560279798,0.135016705602798,-0.17213670560280275,3.3166028217596506,,eligibility snapshot time unpublished,
rSATA-2026-08-28-1,rSATA,RSATAUSDT,2026-08-28,open_0930,25000,0.0516,0.3,0.03612,100.005,100.006,13.716666666666667,0.0005,DOCUMENTED promotional 0.05% through 2026-08-31,after_hours,regular,2026-09-18T23:05:03.291954+00:00,ticker_only,2026-09-16T19:34:15.315933+00:00,ticker_only,OBSERVED-NOW book scenario; fee/prices event-time,-0.0010000000000047748,0.1000055,,0.00020010005002497267,,,,,,eligibility snapshot time unpublished,"sell: $25,000 exceeds visible top-of-book ($5,499) on ticker-only symbol"
rSATA-2026-08-28-1,rSATA,RSATAUSDT,2026-08-28,open_1000,1000,0.0516,0.3,0.03612,100.005,100.005,14.216666666666667,0.0005,DOCUMENTED promotional 0.05% through 2026-08-31,after_hours,regular,2026-09-18T23:05:03.291954+00:00,ticker_only,2026-09-16T19:34:15.315933+00:00,ticker_only,OBSERVED-NOW book scenario; fee/prices event-time,0.0,0.100005,0.00014999250037498694,0.00020010005002497267,0.03501100550274796,0.13501600550274795,-0.17113600550274793,3.3165892539292234,-0.09889600550274796,eligibility snapshot time unpublished,
rSATA-2026-08-28-1,rSATA,RSATAUSDT,2026-08-28,open_1000,5000,0.0516,0.3,0.03612,100.005,100.005,14.216666666666667,0.0005,DOCUMENTED promotional 0.05% through 2026-08-31,after_hours,regular,2026-09-18T23:05:03.291954+00:00,ticker_only,2026-09-16T19:34:15.315933+00:00,ticker_only,OBSERVED-NOW book scenario; fee/prices event-time,0.0,0.100005,0.00014999250037498694,0.00020010005002497267,0.03501100550274796,0.13501600550274795,-0.17113600550274793,3.3165892539292234,,eligibility snapshot time unpublished,
rSATA-2026-08-28-1,rSATA,RSATAUSDT,2026-08-28,open_1000,25000,0.0516,0.3,0.03612,100.005,100.005,14.216666666666667,0.0005,DOCUMENTED promotional 0.05% through 2026-08-31,after_hours,regular,2026-09-18T23:05:03.291954+00:00,ticker_only,2026-09-16T19:34:15.315933+00:00,ticker_only,OBSERVED-NOW book scenario; fee/prices event-time,0.0,0.100005,,0.00020010005002497267,,,,,,eligibility snapshot time unpublished,"sell: $25,000 exceeds visible top-of-book ($5,499) on ticker-only symbol"
rSATA-2026-08-28-1,rSATA,RSATAUSDT,2026-08-28,close_1600,1000,0.0516,0.3,0.03612,100.005,99.7,20.216666666666665,0.0005,DOCUMENTED promotional 0.05% through 2026-08-31,after_hours,after_hours,2026-09-18T23:05:03.291954+00:00,ticker_only,2026-09-18T23:05:03.291954+00:00,ticker_only,OBSERVED-NOW book scenario; fee/prices event-time,0.3049999999999926,0.0998525,0.00014999250037498694,0.00014999250037498694,0.029954252287386768,0.12980675228738675,0.13907324771260587,3.215634734251681,-0.3986867522873794,eligibility snapshot time unpublished,
rSATA-2026-08-28-1,rSATA,RSATAUSDT,2026-08-28,close_1600,5000,0.0516,0.3,0.03612,100.005,99.7,20.216666666666665,0.0005,DOCUMENTED promotional 0.05% through 2026-08-31,after_hours,after_hours,2026-09-18T23:05:03.291954+00:00,ticker_only,2026-09-18T23:05:03.291954+00:00,ticker_only,OBSERVED-NOW book scenario; fee/prices event-time,0.3049999999999926,0.0998525,0.00014999250037498694,,,,,,,eligibility snapshot time unpublished,"buy: $5,000 exceeds visible top-of-book ($2,500) on ticker-only symbol"
rSATA-2026-08-28-1,rSATA,RSATAUSDT,2026-08-28,close_1600,25000,0.0516,0.3,0.03612,100.005,99.7,20.216666666666665,0.0005,DOCUMENTED promotional 0.05% through 2026-08-31,after_hours,after_hours,2026-09-18T23:05:03.291954+00:00,ticker_only,2026-09-18T23:05:03.291954+00:00,ticker_only,OBSERVED-NOW book scenario; fee/prices event-time,0.3049999999999926,0.0998525,,,,,,,,eligibility snapshot time unpublished,"sell: $25,000 exceeds visible top-of-book ($5,499) on ticker-only symbol; buy: $25,000 exceeds visible top-of-book ($2,500) on ticker-only symbol"
rSATA-2026-08-31-1,rSATA,RSATAUSDT,2026-08-31,overnight_2000,1000,0.0516,0.3,0.03612,99.7,99.74,48.85,0.0005,DOCUMENTED promotional 0.05% through 2026-08-31,after_hours,overnight,2026-09-18T23:05:03.291954+00:00,ticker_only,2026-09-19T03:05:03.356996+00:00,ticker_only,OBSERVED-NOW book scenario; fee/prices event-time,-0.03999999999999204,0.09972,0.00014999250037498694,0.00014999250037498694,0.029914504274787396,0.1296345042747874,-0.20575450427477943,3.212296594472624,-0.05351450427479536,eligibility snapshot time unpublished,
rSATA-2026-08-31-1,rSATA,RSATAUSDT,2026-08-31,overnight_2000,5000,0.0516,0.3,0.03612,99.7,99.74,48.85,0.0005,DOCUMENTED promotional 0.05% through 2026-08-31,after_hours,overnight,2026-09-18T23:05:03.291954+00:00,ticker_only,2026-09-19T03:05:03.356996+00:00,ticker_only,OBSERVED-NOW book scenario; fee/prices event-time,-0.03999999999999204,0.09972,0.00014999250037498694,,,,,,,eligibility snapshot time unpublished,"buy: $5,000 exceeds visible top-of-book ($2,500) on ticker-only symbol"
rSATA-2026-08-31-1,rSATA,RSATAUSDT,2026-08-31,overnight_2000,25000,0.0516,0.3,0.03612,99.7,99.74,48.85,0.0005,DOCUMENTED promotional 0.05% through 2026-08-31,after_hours,overnight,2026-09-18T23:05:03.291954+00:00,ticker_only,2026-09-19T03:05:03.356996+00:00,ticker_only,OBSERVED-NOW book scenario; fee/prices event-time,-0.03999999999999204,0.09972,,,,,,,,eligibility snapshot time unpublished,"sell: $25,000 exceeds visible top-of-book ($5,499) on ticker-only symbol; buy: $25,000 exceeds visible top-of-book ($2,500) on ticker-only symbol"
rSATA-2026-08-31-1,rSATA,RSATAUSDT,2026-08-31,premarket_0400,1000,0.0516,0.3,0.03612,99.7,98.546,56.03333333333333,0.0005,DOCUMENTED promotional 0.05% through 2026-08-31,after_hours,pre_market,2026-09-18T23:05:03.291954+00:00,ticker_only,,,OBSERVED-NOW book scenario; fee/prices event-time,1.1539999999999964,0.099123,0.00014999250037498694,,,,,,,eligibility snapshot time unpublished,buy: no depth sample for this symbol/session
rSATA-2026-08-31-1,rSATA,RSATAUSDT,2026-08-31,premarket_0400,5000,0.0516,0.3,0.03612,99.7,98.546,56.03333333333333,0.0005,DOCUMENTED promotional 0.05% through 2026-08-31,after_hours,pre_market,2026-09-18T23:05:03.291954+00:00,ticker_only,,,OBSERVED-NOW book scenario; fee/prices event-time,1.1539999999999964,0.099123,0.00014999250037498694,,,,,,,eligibility snapshot time unpublished,buy: no depth sample for this symbol/session
rSATA-2026-08-31-1,rSATA,RSATAUSDT,2026-08-31,premarket_0400,25000,0.0516,0.3,0.03612,99.7,98.546,56.03333333333333,0.0005,DOCUMENTED promotional 0.05% through 2026-08-31,after_hours,pre_market,2026-09-18T23:05:03.291954+00:00,ticker_only,,,OBSERVED-NOW book scenario; fee/prices event-time,1.1539999999999964,0.099123,,,,,,,,eligibility snapshot time unpublished,"sell: $25,000 exceeds visible top-of-book ($5,499) on ticker-only symbol; buy: no depth sample for this symbol/session"
rSATA-2026-08-31-1,rSATA,RSATAUSDT,2026-08-31,open_0930,1000,0.0516,0.3,0.03612,99.7,99.935,61.53333333333333,0.0005,DOCUMENTED promotional 0.05% through 2026-08-31,after_hours,regular,2026-09-18T23:05:03.291954+00:00,ticker_only,2026-09-16T19:34:15.315933+00:00,ticker_only,OBSERVED-NOW book scenario; fee/prices event-time,-0.23499999999999943,0.0998175,0.00014999250037498694,0.00020010005002497267,0.03495125078663184,0.13476875078663184,-0.4058887507866312,3.3117974958649583,0.13635124921336758,eligibility snapshot time unpublished,
rSATA-2026-08-31-1,rSATA,RSATAUSDT,2026-08-31,open_0930,5000,0.0516,0.3,0.03612,99.7,99.935,61.53333333333333,0.0005,DOCUMENTED promotional 0.05% through 2026-08-31,after_hours,regular,2026-09-18T23:05:03.291954+00:00,ticker_only,2026-09-16T19:34:15.315933+00:00,ticker_only,OBSERVED-NOW book scenario; fee/prices event-time,-0.23499999999999943,0.0998175,0.00014999250037498694,0.00020010005002497267,0.03495125078663184,0.13476875078663184,-0.4058887507866312,3.3117974958649583,,eligibility snapshot time unpublished,
rSATA-2026-08-31-1,rSATA,RSATAUSDT,2026-08-31,open_0930,25000,0.0516,0.3,0.03612,99.7,99.935,61.53333333333333,0.0005,DOCUMENTED promotional 0.05% through 2026-08-31,after_hours,regular,2026-09-18T23:05:03.291954+00:00,ticker_only,2026-09-16T19:34:15.315933+00:00,ticker_only,OBSERVED-NOW book scenario; fee/prices event-time,-0.23499999999999943,0.0998175,,0.00020010005002497267,,,,,,eligibility snapshot time unpublished,"sell: $25,000 exceeds visible top-of-book ($5,499) on ticker-only symbol"
rSATA-2026-08-31-1,rSATA,RSATAUSDT,2026-08-31,open_1000,1000,0.0516,0.3,0.03612,99.7,99.935,62.03333333333333,0.0005,DOCUMENTED promotional 0.05% through 2026-08-31,after_hours,regular,2026-09-18T23:05:03.291954+00:00,ticker_only,2026-09-16T19:34:15.315933+00:00,ticker_only,OBSERVED-NOW book scenario; fee/prices event-time,-0.23499999999999943,0.0998175,0.00014999250037498694,0.00020010005002497267,0.03495125078663184,0.13476875078663184,-0.4058887507866312,3.3117974958649583,0.13635124921336758,eligibility snapshot time unpublished,
rSATA-2026-08-31-1,rSATA,RSATAUSDT,2026-08-31,open_1000,5000,0.0516,0.3,0.03612,99.7,99.935,62.03333333333333,0.0005,DOCUMENTED promotional 0.05% through 2026-08-31,after_hours,regular,2026-09-18T23:05:03.291954+00:00,ticker_only,2026-09-16T19:34:15.315933+00:00,ticker_only,OBSERVED-NOW book scenario; fee/prices event-time,-0.23499999999999943,0.0998175,0.00014999250037498694,0.00020010005002497267,0.03495125078663184,0.13476875078663184,-0.4058887507866312,3.3117974958649583,,eligibility snapshot time unpublished,
rSATA-2026-08-31-1,rSATA,RSATAUSDT,2026-08-31,open_1000,25000,0.0516,0.3,0.03612,99.7,99.935,62.03333333333333,0.0005,DOCUMENTED promotional 0.05% through 2026-08-31,after_hours,regular,2026-09-18T23:05:03.291954+00:00,ticker_only,2026-09-16T19:34:15.315933+00:00,ticker_only,OBSERVED-NOW book scenario; fee/prices event-time,-0.23499999999999943,0.0998175,,0.00020010005002497267,,,,,,eligibility snapshot time unpublished,"sell: $25,000 exceeds visible top-of-book ($5,499) on ticker-only symbol"
rSATA-2026-08-31-1,rSATA,RSATAUSDT,2026-08-31,close_1600,1000,0.0516,0.3,0.03612,99.7,100.005,68.03333333333333,0.0005,DOCUMENTED promotional 0.05% through 2026-08-31,after_hours,after_hours,2026-09-18T23:05:03.291954+00:00,ticker_only,2026-09-18T23:05:03.291954+00:00,ticker_only,OBSERVED-NOW book scenario; fee/prices event-time,-0.3049999999999926,0.0998525,0.00014999250037498694,0.00014999250037498694,0.029954252287386768,0.12980675228738675,-0.47092675228737935,3.215634734251681,0.21131324771260582,eligibility snapshot time unpublished,
rSATA-2026-08-31-1,rSATA,RSATAUSDT,2026-08-31,close_1600,5000,0.0516,0.3,0.03612,99.7,100.005,68.03333333333333,0.0005,DOCUMENTED promotional 0.05% through 2026-08-31,after_hours,after_hours,2026-09-18T23:05:03.291954+00:00,ticker_only,2026-09-18T23:05:03.291954+00:00,ticker_only,OBSERVED-NOW book scenario; fee/prices event-time,-0.3049999999999926,0.0998525,0.00014999250037498694,,,,,,,eligibility snapshot time unpublished,"buy: $5,000 exceeds visible top-of-book ($2,500) on ticker-only symbol"
rSATA-2026-08-31-1,rSATA,RSATAUSDT,2026-08-31,close_1600,25000,0.0516,0.3,0.03612,99.7,100.005,68.03333333333333,0.0005,DOCUMENTED promotional 0.05% through 2026-08-31,after_hours,after_hours,2026-09-18T23:05:03.291954+00:00,ticker_only,2026-09-18T23:05:03.291954+00:00,ticker_only,OBSERVED-NOW book scenario; fee/prices event-time,-0.3049999999999926,0.0998525,,,,,,,,eligibility snapshot time unpublished,"sell: $25,000 exceeds visible top-of-book ($5,499) on ticker-only symbol; buy: $25,000 exceeds visible top-of-book ($2,500) on ticker-only symbol"
rSATA-2026-09-01-1,rSATA,RSATAUSDT,2026-09-01,overnight_2000,1000,0.0516,0.3,0.03612,100.005,99.0,0.11666666666666667,0.001,OBSERVED live symbol takerFeeRate,after_hours,overnight,2026-09-18T23:05:03.291954+00:00,ticker_only,2026-09-19T03:05:03.356996+00:00,ticker_only,OBSERVED-NOW book scenario; fee/prices event-time,1.0049999999999955,0.199005,0.00014999250037498694,0.00014999250037498694,0.029849257537124276,0.22885425753712427,0.7400257424628711,5.135160029789231,-1.1977342575371197,eligibility snapshot time unpublished,
rSATA-2026-09-01-1,rSATA,RSATAUSDT,2026-09-01,overnight_2000,5000,0.0516,0.3,0.03612,100.005,99.0,0.11666666666666667,0.001,OBSERVED live symbol takerFeeRate,after_hours,overnight,2026-09-18T23:05:03.291954+00:00,ticker_only,2026-09-19T03:05:03.356996+00:00,ticker_only,OBSERVED-NOW book scenario; fee/prices event-time,1.0049999999999955,0.199005,0.00014999250037498694,,,,,,,eligibility snapshot time unpublished,"buy: $5,000 exceeds visible top-of-book ($2,500) on ticker-only symbol"
rSATA-2026-09-01-1,rSATA,RSATAUSDT,2026-09-01,overnight_2000,25000,0.0516,0.3,0.03612,100.005,99.0,0.11666666666666667,0.001,OBSERVED live symbol takerFeeRate,after_hours,overnight,2026-09-18T23:05:03.291954+00:00,ticker_only,2026-09-19T03:05:03.356996+00:00,ticker_only,OBSERVED-NOW book scenario; fee/prices event-time,1.0049999999999955,0.199005,,,,,,,,eligibility snapshot time unpublished,"sell: $25,000 exceeds visible top-of-book ($5,499) on ticker-only symbol; buy: $25,000 exceeds visible top-of-book ($2,500) on ticker-only symbol"
rSATA-2026-09-01-1,rSATA,RSATAUSDT,2026-09-01,premarket_0400,1000,0.0516,0.3,0.03612,100.005,99.756,8.016666666666667,0.001,OBSERVED live symbol takerFeeRate,after_hours,pre_market,2026-09-18T23:05:03.291954+00:00,ticker_only,,,OBSERVED-NOW book scenario; fee/prices event-time,0.24899999999999523,0.199761,0.00014999250037498694,,,,,,,eligibility snapshot time unpublished,buy: no depth sample for this symbol/session
rSATA-2026-09-01-1,rSATA,RSATAUSDT,2026-09-01,premarket_0400,5000,0.0516,0.3,0.03612,100.005,99.756,8.016666666666667,0.001,OBSERVED live symbol takerFeeRate,after_hours,pre_market,2026-09-18T23:05:03.291954+00:00,ticker_only,,,OBSERVED-NOW book scenario; fee/prices event-time,0.24899999999999523,0.199761,0.00014999250037498694,,,,,,,eligibility snapshot time unpublished,buy: no depth sample for this symbol/session
rSATA-2026-09-01-1,rSATA,RSATAUSDT,2026-09-01,premarket_0400,25000,0.0516,0.3,0.03612,100.005,99.756,8.016666666666667,0.001,OBSERVED live symbol takerFeeRate,after_hours,pre_market,2026-09-18T23:05:03.291954+00:00,ticker_only,,,OBSERVED-NOW book scenario; fee/prices event-time,0.24899999999999523,0.199761,,,,,,,,eligibility snapshot time unpublished,"sell: $25,000 exceeds visible top-of-book ($5,499) on ticker-only symbol; buy: no depth sample for this symbol/session"
rSATA-2026-09-01-1,rSATA,RSATAUSDT,2026-09-01,open_0930,1000,0.0516,0.3,0.03612,100.005,99.965,13.516666666666667,0.001,OBSERVED live symbol takerFeeRate,after_hours,regular,2026-09-18T23:05:03.291954+00:00,ticker_only,2026-09-16T19:34:15.315933+00:00,ticker_only,OBSERVED-NOW book scenario; fee/prices event-time,0.03999999999999204,0.19997,0.00014999250037498694,0.00020010005002497267,0.035003001500746964,0.23497300150074696,-0.2310930015007549,5.253740339161762,-0.23885300150073902,eligibility snapshot time unpublished,
rSATA-2026-09-01-1,rSATA,RSATAUSDT,2026-09-01,open_0930,5000,0.0516,0.3,0.03612,100.005,99.965,13.516666666666667,0.001,OBSERVED live symbol takerFeeRate,after_hours,regular,2026-09-18T23:05:03.291954+00:00,ticker_only,2026-09-16T19:34:15.315933+00:00,ticker_only,OBSERVED-NOW book scenario; fee/prices event-time,0.03999999999999204,0.19997,0.00014999250037498694,0.00020010005002497267,0.035003001500746964,0.23497300150074696,-0.2310930015007549,5.253740339161762,,eligibility snapshot time unpublished,
rSATA-2026-09-01-1,rSATA,RSATAUSDT,2026-09-01,open_0930,25000,0.0516,0.3,0.03612,100.005,99.965,13.516666666666667,0.001,OBSERVED live symbol takerFeeRate,after_hours,regular,2026-09-18T23:05:03.291954+00:00,ticker_only,2026-09-16T19:34:15.315933+00:00,ticker_only,OBSERVED-NOW book scenario; fee/prices event-time,0.03999999999999204,0.19997,,0.00020010005002497267,,,,,,eligibility snapshot time unpublished,"sell: $25,000 exceeds visible top-of-book ($5,499) on ticker-only symbol"
rSATA-2026-09-01-1,rSATA,RSATAUSDT,2026-09-01,open_1000,1000,0.0516,0.3,0.03612,100.005,100.005,14.016666666666667,0.001,OBSERVED live symbol takerFeeRate,after_hours,regular,2026-09-18T23:05:03.291954+00:00,ticker_only,2026-09-16T19:34:15.315933+00:00,ticker_only,OBSERVED-NOW book scenario; fee/prices event-time,0.0,0.20001,0.00014999250037498694,0.00020010005002497267,0.03501100550274796,0.23502100550274796,-0.27114100550274794,5.254670649278061,-0.19890100550274795,eligibility snapshot time unpublished,
rSATA-2026-09-01-1,rSATA,RSATAUSDT,2026-09-01,open_1000,5000,0.0516,0.3,0.03612,100.005,100.005,14.016666666666667,0.001,OBSERVED live symbol takerFeeRate,after_hours,regular,2026-09-18T23:05:03.291954+00:00,ticker_only,2026-09-16T19:34:15.315933+00:00,ticker_only,OBSERVED-NOW book scenario; fee/prices event-time,0.0,0.20001,0.00014999250037498694,0.00020010005002497267,0.03501100550274796,0.23502100550274796,-0.27114100550274794,5.254670649278061,,eligibility snapshot time unpublished,
rSATA-2026-09-01-1,rSATA,RSATAUSDT,2026-09-01,open_1000,25000,0.0516,0.3,0.03612,100.005,100.005,14.016666666666667,0.001,OBSERVED live symbol takerFeeRate,after_hours,regular,2026-09-18T23:05:03.291954+00:00,ticker_only,2026-09-16T19:34:15.315933+00:00,ticker_only,OBSERVED-NOW book scenario; fee/prices event-time,0.0,0.20001,,0.00020010005002497267,,,,,,eligibility snapshot time unpublished,"sell: $25,000 exceeds visible top-of-book ($5,499) on ticker-only symbol"
rSATA-2026-09-01-1,rSATA,RSATAUSDT,2026-09-01,close_1600,1000,0.0516,0.3,0.03612,100.005,99.97,20.016666666666666,0.001,OBSERVED live symbol takerFeeRate,after_hours,after_hours,2026-09-18T23:05:03.291954+00:00,ticker_only,2026-09-18T23:05:03.291954+00:00,ticker_only,OBSERVED-NOW book scenario; fee/prices event-time,0.03499999999999659,0.19997499999999999,0.00014999250037498694,0.00014999250037498694,0.02999475026248801,0.229969750262488,-0.2310897502624914,5.156778105862171,-0.22884975026248458,eligibility snapshot time unpublished,
rSATA-2026-09-01-1,rSATA,RSATAUSDT,2026-09-01,close_1600,5000,0.0516,0.3,0.03612,100.005,99.97,20.016666666666666,0.001,OBSERVED live symbol takerFeeRate,after_hours,after_hours,2026-09-18T23:05:03.291954+00:00,ticker_only,2026-09-18T23:05:03.291954+00:00,ticker_only,OBSERVED-NOW book scenario; fee/prices event-time,0.03499999999999659,0.19997499999999999,0.00014999250037498694,,,,,,,eligibility snapshot time unpublished,"buy: $5,000 exceeds visible top-of-book ($2,500) on ticker-only symbol"
rSATA-2026-09-01-1,rSATA,RSATAUSDT,2026-09-01,close_1600,25000,0.0516,0.3,0.03612,100.005,99.97,20.016666666666666,0.001,OBSERVED live symbol takerFeeRate,after_hours,after_hours,2026-09-18T23:05:03.291954+00:00,ticker_only,2026-09-18T23:05:03.291954+00:00,ticker_only,OBSERVED-NOW book scenario; fee/prices event-time,0.03499999999999659,0.19997499999999999,,,,,,,,eligibility snapshot time unpublished,"sell: $25,000 exceeds visible top-of-book ($5,499) on ticker-only symbol; buy: $25,000 exceeds visible top-of-book ($2,500) on ticker-only symbol"
rSGOV-2026-09-01-1,rSGOV,RSGOVUSDT,2026-09-01,overnight_2000,1000,0.307098,0.3,0.2149686,100.68,100.43,0.016666666666666666,0.001,OBSERVED live symbol takerFeeRate,after_hours,overnight,2026-09-18T23:05:03.291954+00:00,public_book,2026-09-19T03:05:03.356996+00:00,public_book,OBSERVED-NOW book scenario; fee/prices event-time,0.25,0.20111,0.000406809483053161,0.0005387394622062837,0.09506318294316932,0.2961731829431693,-0.2611417829431693,1.6644256326748115,-0.3604650642032158,eligibility snapshot time unpublished,
rSGOV-2026-09-01-1,rSGOV,RSGOVUSDT,2026-09-01,overnight_2000,5000,0.307098,0.3,0.2149686,100.68,100.43,0.016666666666666666,0.001,OBSERVED live symbol takerFeeRate,after_hours,overnight,2026-09-18T23:05:03.291954+00:00,public_book,2026-09-19T03:05:03.356996+00:00,public_book,OBSERVED-NOW book scenario; fee/prices event-time,0.25,0.20111,0.001406201257912687,0.0019696022553432613,0.3393834971507731,0.5404934971507731,-0.5054620971507731,2.460003312137406,-0.6056224399615704,eligibility snapshot time unpublished,
rSGOV-2026-09-01-1,rSGOV,RSGOVUSDT,2026-09-01,overnight_2000,25000,0.307098,0.3,0.2149686,100.68,100.43,0.016666666666666666,0.001,OBSERVED live symbol takerFeeRate,after_hours,overnight,2026-09-18T23:05:03.291954+00:00,public_book,2026-09-19T03:05:03.356996+00:00,public_book,OBSERVED-NOW book scenario; fee/prices event-time,0.25,0.20111,0.0035656916043583786,0.003955059366375524,0.7562004428918955,0.9573104428918955,-0.9222790428918954,3.8172799656523178,-1.031657455190502,eligibility snapshot time unpublished,
rSGOV-2026-09-01-1,rSGOV,RSGOVUSDT,2026-09-01,premarket_0400,1000,0.307098,0.3,0.2149686,100.68,100.43,8.016666666666667,0.001,OBSERVED live symbol takerFeeRate,after_hours,pre_market,2026-09-18T23:05:03.291954+00:00,public_book,,,OBSERVED-NOW book scenario; fee/prices event-time,0.25,0.20111,0.000406809483053161,,,,,,,eligibility snapshot time unpublished,buy: no depth sample for this symbol/session
rSGOV-2026-09-01-1,rSGOV,RSGOVUSDT,2026-09-01,premarket_0400,5000,0.307098,0.3,0.2149686,100.68,100.43,8.016666666666667,0.001,OBSERVED live symbol takerFeeRate,after_hours,pre_market,2026-09-18T23:05:03.291954+00:00,public_book,,,OBSERVED-NOW book scenario; fee/prices event-time,0.25,0.20111,0.001406201257912687,,,,,,,eligibility snapshot time unpublished,buy: no depth sample for this symbol/session
rSGOV-2026-09-01-1,rSGOV,RSGOVUSDT,2026-09-01,premarket_0400,25000,0.307098,0.3,0.2149686,100.68,100.43,8.016666666666667,0.001,OBSERVED live symbol takerFeeRate,after_hours,pre_market,2026-09-18T23:05:03.291954+00:00,public_book,,,OBSERVED-NOW book scenario; fee/prices event-time,0.25,0.20111,0.0035656916043583786,,,,,,,eligibility snapshot time unpublished,buy: no depth sample for this symbol/session
rSGOV-2026-09-01-1,rSGOV,RSGOVUSDT,2026-09-01,open_0930,1000,0.307098,0.3,0.2149686,100.68,100.405,13.516666666666667,0.001,OBSERVED live symbol takerFeeRate,after_hours,regular,2026-09-18T23:05:03.291954+00:00,public_book,2026-09-16T19:34:15.315933+00:00,public_book,OBSERVED-NOW book scenario; fee/prices event-time,0.2750000000000057,0.201085,0.000406809483053161,0.0007192977958250246,0.11317867394360384,0.3142636739436039,-0.2542322739435982,1.7233335089893258,-0.38070577209905443,eligibility snapshot time unpublished,
rSGOV-2026-09-01-1,rSGOV,RSGOVUSDT,2026-09-01,open_0930,5000,0.307098,0.3,0.2149686,100.68,100.405,13.516666666666667,0.001,OBSERVED live symbol takerFeeRate,after_hours,regular,2026-09-18T23:05:03.291954+00:00,public_book,2026-09-16T19:34:15.315933+00:00,public_book,OBSERVED-NOW book scenario; fee/prices event-time,0.2750000000000057,0.201085,0.001406201257912687,0.0013955956673150638,0.2817011256234183,0.4827861256234183,-0.42275472562341265,2.272091402820658,-0.6540013379854255,eligibility snapshot time unpublished,
rSGOV-2026-09-01-1,rSGOV,RSGOVUSDT,2026-09-01,open_0930,25000,0.307098,0.3,0.2149686,100.68,100.405,13.516666666666667,0.001,OBSERVED live symbol takerFeeRate,after_hours,regular,2026-09-18T23:05:03.291954+00:00,public_book,2026-09-16T19:34:15.315933+00:00,public_book,OBSERVED-NOW book scenario; fee/prices event-time,0.2750000000000057,0.201085,0.0035656916043583786,0.003408095931560773,0.701183702735161,0.902268702735161,-0.8422373027351553,3.638048123840471,-1.0920223121157764,eligibility snapshot time unpublished,
rSGOV-2026-09-01-1,rSGOV,RSGOVUSDT,2026-09-01,open_1000,1000,0.307098,0.3,0.2149686,100.68,100.405,14.016666666666667,0.001,OBSERVED live symbol takerFeeRate,after_hours,regular,2026-09-18T23:05:03.291954+00:00,public_book,2026-09-16T19:34:15.315933+00:00,public_book,OBSERVED-NOW book scenario; fee/prices event-time,0.2750000000000057,0.201085,0.000406809483053161,0.0007192977958250246,0.11317867394360384,0.3142636739436039,-0.2542322739435982,1.7233335089893258,-0.38070577209905443,eligibility snapshot time unpublished,
rSGOV-2026-09-01-1,rSGOV,RSGOVUSDT,2026-09-01,open_1000,5000,0.307098,0.3,0.2149686,100.68,100.405,14.016666666666667,0.001,OBSERVED live symbol takerFeeRate,after_hours,regular,2026-09-18T23:05:03.291954+00:00,public_book,2026-09-16T19:34:15.315933+00:00,public_book,OBSERVED-NOW book scenario; fee/prices event-time,0.2750000000000057,0.201085,0.001406201257912687,0.0013955956673150638,0.2817011256234183,0.4827861256234183,-0.42275472562341265,2.272091402820658,-0.6540013379854255,eligibility snapshot time unpublished,
rSGOV-2026-09-01-1,rSGOV,RSGOVUSDT,2026-09-01,open_1000,25000,0.307098,0.3,0.2149686,100.68,100.405,14.016666666666667,0.001,OBSERVED live symbol takerFeeRate,after_hours,regular,2026-09-18T23:05:03.291954+00:00,public_book,2026-09-16T19:34:15.315933+00:00,public_book,OBSERVED-NOW book scenario; fee/prices event-time,0.2750000000000057,0.201085,0.0035656916043583786,0.003408095931560773,0.701183702735161,0.902268702735161,-0.8422373027351553,3.638048123840471,-1.0920223121157764,eligibility snapshot time unpublished,
rSGOV-2026-09-01-1,rSGOV,RSGOVUSDT,2026-09-01,close_1600,1000,0.307098,0.3,0.2149686,100.68,100.405,20.016666666666666,0.001,OBSERVED live symbol takerFeeRate,after_hours,after_hours,2026-09-18T23:05:03.291954+00:00,public_book,2026-09-18T23:05:03.291954+00:00,public_book,OBSERVED-NOW book scenario; fee/prices event-time,0.2750000000000057,0.201085,0.000406809483053161,0.0006123735984382428,0.10244294990498402,0.30352794990498405,-0.24349654990497838,1.6883748832782501,-0.36361588003672063,eligibility snapshot time unpublished,
rSGOV-2026-09-01-1,rSGOV,RSGOVUSDT,2026-09-01,close_1600,5000,0.307098,0.3,0.2149686,100.68,100.405,20.016666666666666,0.001,OBSERVED live symbol takerFeeRate,after_hours,after_hours,2026-09-18T23:05:03.291954+00:00,public_book,2026-09-18T23:05:03.291954+00:00,public_book,OBSERVED-NOW book scenario; fee/prices event-time,0.2750000000000057,0.201085,0.001406201257912687,0.0019626261768341813,0.3386338239316853,0.5397188239316852,-0.47968742393167957,2.457480751850176,-0.5999032407843944,eligibility snapshot time unpublished,
rSGOV-2026-09-01-1,rSGOV,RSGOVUSDT,2026-09-01,close_1600,25000,0.307098,0.3,0.2149686,100.68,100.405,20.016666666666666,0.001,OBSERVED live symbol takerFeeRate,after_hours,after_hours,2026-09-18T23:05:03.291954+00:00,public_book,2026-09-18T23:05:03.291954+00:00,public_book,OBSERVED-NOW book scenario; fee/prices event-time,0.2750000000000057,0.201085,0.0035656916043583786,0.003867734865557581,0.7473337499031105,0.9484187499031105,-0.8883873499031048,3.788326038929301,-1.008533211799946,eligibility snapshot time unpublished,
rSATA-2026-09-02-1,rSATA,RSATAUSDT,2026-09-02,overnight_2000,1000,0.0516,0.3,0.03612,100.004,100.01,1.0,0.001,OBSERVED live symbol takerFeeRate,after_hours,overnight,2026-09-18T23:05:03.291954+00:00,ticker_only,2026-09-19T03:05:03.356996+00:00,ticker_only,OBSERVED-NOW book scenario; fee/prices event-time,-0.006000000000000227,0.20001400000000003,0.00014999250037498694,0.00014999250037498694,0.03000059997000264,0.23001459997000268,-0.2721345999700029,5.157647286240362,-0.18789459997000246,eligibility snapshot time unpublished,
rSATA-2026-09-02-1,rSATA,RSATAUSDT,2026-09-02,overnight_2000,5000,0.0516,0.3,0.03612,100.004,100.01,1.0,0.001,OBSERVED live symbol takerFeeRate,after_hours,overnight,2026-09-18T23:05:03.291954+00:00,ticker_only,2026-09-19T03:05:03.356996+00:00,ticker_only,OBSERVED-NOW book scenario; fee/prices event-time,-0.006000000000000227,0.20001400000000003,0.00014999250037498694,,,,,,,eligibility snapshot time unpublished,"buy: $5,000 exceeds visible top-of-book ($2,500) on ticker-only symbol"
rSATA-2026-09-02-1,rSATA,RSATAUSDT,2026-09-02,overnight_2000,25000,0.0516,0.3,0.03612,100.004,100.01,1.0,0.001,OBSERVED live symbol takerFeeRate,after_hours,overnight,2026-09-18T23:05:03.291954+00:00,ticker_only,2026-09-19T03:05:03.356996+00:00,ticker_only,OBSERVED-NOW book scenario; fee/prices event-time,-0.006000000000000227,0.20001400000000003,,,,,,,,eligibility snapshot time unpublished,"sell: $25,000 exceeds visible top-of-book ($5,499) on ticker-only symbol; buy: $25,000 exceeds visible top-of-book ($2,500) on ticker-only symbol"
rSATA-2026-09-02-1,rSATA,RSATAUSDT,2026-09-02,premarket_0400,1000,0.0516,0.3,0.03612,100.004,100.005,8.016666666666667,0.001,OBSERVED live symbol takerFeeRate,after_hours,pre_market,2026-09-18T23:05:03.291954+00:00,ticker_only,,,OBSERVED-NOW book scenario; fee/prices event-time,-0.000999999999990564,0.20000900000000002,0.00014999250037498694,,,,,,,eligibility snapshot time unpublished,buy: no depth sample for this symbol/session
rSATA-2026-09-02-1,rSATA,RSATAUSDT,2026-09-02,premarket_0400,5000,0.0516,0.3,0.03612,100.004,100.005,8.016666666666667,0.001,OBSERVED live symbol takerFeeRate,after_hours,pre_market,2026-09-18T23:05:03.291954+00:00,ticker_only,,,OBSERVED-NOW book scenario; fee/prices event-time,-0.000999999999990564,0.20000900000000002,0.00014999250037498694,,,,,,,eligibility snapshot time unpublished,buy: no depth sample for this symbol/session
rSATA-2026-09-02-1,rSATA,RSATAUSDT,2026-09-02,premarket_0400,25000,0.0516,0.3,0.03612,100.004,100.005,8.016666666666667,0.001,OBSERVED live symbol takerFeeRate,after_hours,pre_market,2026-09-18T23:05:03.291954+00:00,ticker_only,,,OBSERVED-NOW book scenario; fee/prices event-time,-0.000999999999990564,0.20000900000000002,,,,,,,,eligibility snapshot time unpublished,"sell: $25,000 exceeds visible top-of-book ($5,499) on ticker-only symbol; buy: no depth sample for this symbol/session"
rSATA-2026-09-02-1,rSATA,RSATAUSDT,2026-09-02,open_0930,1000,0.0516,0.3,0.03612,100.004,99.975,13.516666666666667,0.001,OBSERVED live symbol takerFeeRate,after_hours,regular,2026-09-18T23:05:03.291954+00:00,ticker_only,2026-09-16T19:34:15.315933+00:00,ticker_only,OBSERVED-NOW book scenario; fee/prices event-time,0.029000000000010573,0.199979,0.00014999250037498694,0.00020010005002497267,0.03500485250874684,0.23498385250874682,-0.24210385250873623,5.253950630014473,-0.2278638525087574,eligibility snapshot time unpublished,
rSATA-2026-09-02-1,rSATA,RSATAUSDT,2026-09-02,open_0930,5000,0.0516,0.3,0.03612,100.004,99.975,13.516666666666667,0.001,OBSERVED live symbol takerFeeRate,after_hours,regular,2026-09-18T23:05:03.291954+00:00,ticker_only,2026-09-16T19:34:15.315933+00:00,ticker_only,OBSERVED-NOW book scenario; fee/prices event-time,0.029000000000010573,0.199979,0.00014999250037498694,0.00020010005002497267,0.03500485250874684,0.23498385250874682,-0.24210385250873623,5.253950630014473,,eligibility snapshot time unpublished,
rSATA-2026-09-02-1,rSATA,RSATAUSDT,2026-09-02,open_0930,25000,0.0516,0.3,0.03612,100.004,99.975,13.516666666666667,0.001,OBSERVED live symbol takerFeeRate,after_hours,regular,2026-09-18T23:05:03.291954+00:00,ticker_only,2026-09-16T19:34:15.315933+00:00,ticker_only,OBSERVED-NOW book scenario; fee/prices event-time,0.029000000000010573,0.199979,,0.00020010005002497267,,,,,,eligibility snapshot time unpublished,"sell: $25,000 exceeds visible top-of-book ($5,499) on ticker-only symbol"
rSATA-2026-09-02-1,rSATA,RSATAUSDT,2026-09-02,open_1000,1000,0.0516,0.3,0.03612,100.004,99.98,14.016666666666667,0.001,OBSERVED live symbol takerFeeRate,after_hours,regular,2026-09-18T23:05:03.291954+00:00,ticker_only,2026-09-16T19:34:15.315933+00:00,ticker_only,OBSERVED-NOW book scenario; fee/prices event-time,0.02400000000000091,0.19998400000000002,0.00014999250037498694,0.00020010005002497267,0.035005853008996966,0.234989853008997,-0.24710985300899607,5.254066918779011,-0.2228698530089979,eligibility snapshot time unpublished,
rSATA-2026-09-02-1,rSATA,RSATAUSDT,2026-09-02,open_1000,5000,0.0516,0.3,0.03612,100.004,99.98,14.016666666666667,0.001,OBSERVED live symbol takerFeeRate,after_hours,regular,2026-09-18T23:05:03.291954+00:00,ticker_only,2026-09-16T19:34:15.315933+00:00,ticker_only,OBSERVED-NOW book scenario; fee/prices event-time,0.02400000000000091,0.19998400000000002,0.00014999250037498694,0.00020010005002497267,0.035005853008996966,0.234989853008997,-0.24710985300899607,5.254066918779011,,eligibility snapshot time unpublished,
rSATA-2026-09-02-1,rSATA,RSATAUSDT,2026-09-02,open_1000,25000,0.0516,0.3,0.03612,100.004,99.98,14.016666666666667,0.001,OBSERVED live symbol takerFeeRate,after_hours,regular,2026-09-18T23:05:03.291954+00:00,ticker_only,2026-09-16T19:34:15.315933+00:00,ticker_only,OBSERVED-NOW book scenario; fee/prices event-time,0.02400000000000091,0.19998400000000002,,0.00020010005002497267,,,,,,eligibility snapshot time unpublished,"sell: $25,000 exceeds visible top-of-book ($5,499) on ticker-only symbol"
rSATA-2026-09-02-1,rSATA,RSATAUSDT,2026-09-02,close_1600,1000,0.0516,0.3,0.03612,100.004,100.001,20.016666666666666,0.001,OBSERVED live symbol takerFeeRate,after_hours,after_hours,2026-09-18T23:05:03.291954+00:00,ticker_only,2026-09-18T23:05:03.291954+00:00,ticker_only,OBSERVED-NOW book scenario; fee/prices event-time,0.0030000000000001137,0.200005,0.00014999250037498694,0.00014999250037498694,0.029999250037499266,0.23000425003749925,-0.2631242500374991,5.1574467061530855,-0.19688425003749938,eligibility snapshot time unpublished,
rSATA-2026-09-02-1,rSATA,RSATAUSDT,2026-09-02,close_1600,5000,0.0516,0.3,0.03612,100.004,100.001,20.016666666666666,0.001,OBSERVED live symbol takerFeeRate,after_hours,after_hours,2026-09-18T23:05:03.291954+00:00,ticker_only,2026-09-18T23:05:03.291954+00:00,ticker_only,OBSERVED-NOW book scenario; fee/prices event-time,0.0030000000000001137,0.200005,0.00014999250037498694,,,,,,,eligibility snapshot time unpublished,"buy: $5,000 exceeds visible top-of-book ($2,500) on ticker-only symbol"
rSATA-2026-09-02-1,rSATA,RSATAUSDT,2026-09-02,close_1600,25000,0.0516,0.3,0.03612,100.004,100.001,20.016666666666666,0.001,OBSERVED live symbol takerFeeRate,after_hours,after_hours,2026-09-18T23:05:03.291954+00:00,ticker_only,2026-09-18T23:05:03.291954+00:00,ticker_only,OBSERVED-NOW book scenario; fee/prices event-time,0.0030000000000001137,0.200005,,,,,,,,eligibility snapshot time unpublished,"sell: $25,000 exceeds visible top-of-book ($5,499) on ticker-only symbol; buy: $25,000 exceeds visible top-of-book ($2,500) on ticker-only symbol"
rSATA-2026-09-03-1,rSATA,RSATAUSDT,2026-09-03,overnight_2000,1000,0.0516,0.3,0.03612,100.005,100.01,1.2,0.001,OBSERVED live symbol takerFeeRate,after_hours,overnight,2026-09-18T23:05:03.291954+00:00,ticker_only,2026-09-19T03:05:03.356996+00:00,ticker_only,OBSERVED-NOW book scenario; fee/prices event-time,-0.005000000000009663,0.200015,0.00014999250037498694,0.00014999250037498694,0.030000749962503015,0.230015749962503,-0.27113574996251266,5.157669572916725,-0.18889574996249336,eligibility snapshot time unpublished,
rSATA-2026-09-03-1,rSATA,RSATAUSDT,2026-09-03,overnight_2000,5000,0.0516,0.3,0.03612,100.005,100.01,1.2,0.001,OBSERVED live symbol takerFeeRate,after_hours,overnight,2026-09-18T23:05:03.291954+00:00,ticker_only,2026-09-19T03:05:03.356996+00:00,ticker_only,OBSERVED-NOW book scenario; fee/prices event-time,-0.005000000000009663,0.200015,0.00014999250037498694,,,,,,,eligibility snapshot time unpublished,"buy: $5,000 exceeds visible top-of-book ($2,500) on ticker-only symbol"
rSATA-2026-09-03-1,rSATA,RSATAUSDT,2026-09-03,overnight_2000,25000,0.0516,0.3,0.03612,100.005,100.01,1.2,0.001,OBSERVED live symbol takerFeeRate,after_hours,overnight,2026-09-18T23:05:03.291954+00:00,ticker_only,2026-09-19T03:05:03.356996+00:00,ticker_only,OBSERVED-NOW book scenario; fee/prices event-time,-0.005000000000009663,0.200015,,,,,,,,eligibility snapshot time unpublished,"sell: $25,000 exceeds visible top-of-book ($5,499) on ticker-only symbol; buy: $25,000 exceeds visible top-of-book ($2,500) on ticker-only symbol"
rSATA-2026-09-03-1,rSATA,RSATAUSDT,2026-09-03,premarket_0400,1000,0.0516,0.3,0.03612,100.005,100.005,8.066666666666666,0.001,OBSERVED live symbol takerFeeRate,after_hours,pre_market,2026-09-18T23:05:03.291954+00:00,ticker_only,,,OBSERVED-NOW book scenario; fee/prices event-time,0.0,0.20001,0.00014999250037498694,,,,,,,eligibility snapshot time unpublished,buy: no depth sample for this symbol/session
rSATA-2026-09-03-1,rSATA,RSATAUSDT,2026-09-03,premarket_0400,5000,0.0516,0.3,0.03612,100.005,100.005,8.066666666666666,0.001,OBSERVED live symbol takerFeeRate,after_hours,pre_market,2026-09-18T23:05:03.291954+00:00,ticker_only,,,OBSERVED-NOW book scenario; fee/prices event-time,0.0,0.20001,0.00014999250037498694,,,,,,,eligibility snapshot time unpublished,buy: no depth sample for this symbol/session
rSATA-2026-09-03-1,rSATA,RSATAUSDT,2026-09-03,premarket_0400,25000,0.0516,0.3,0.03612,100.005,100.005,8.066666666666666,0.001,OBSERVED live symbol takerFeeRate,after_hours,pre_market,2026-09-18T23:05:03.291954+00:00,ticker_only,,,OBSERVED-NOW book scenario; fee/prices event-time,0.0,0.20001,,,,,,,,eligibility snapshot time unpublished,"sell: $25,000 exceeds visible top-of-book ($5,499) on ticker-only symbol; buy: no depth sample for this symbol/session"
rSATA-2026-09-03-1,rSATA,RSATAUSDT,2026-09-03,open_0930,1000,0.0516,0.3,0.03612,100.005,100.005,13.566666666666666,0.001,OBSERVED live symbol takerFeeRate,after_hours,regular,2026-09-18T23:05:03.291954+00:00,ticker_only,2026-09-16T19:34:15.315933+00:00,ticker_only,OBSERVED-NOW book scenario; fee/prices event-time,0.0,0.20001,0.00014999250037498694,0.00020010005002497267,0.03501100550274796,0.23502100550274796,-0.27114100550274794,5.254670649278061,-0.19890100550274795,eligibility snapshot time unpublished,
rSATA-2026-09-03-1,rSATA,RSATAUSDT,2026-09-03,open_0930,5000,0.0516,0.3,0.03612,100.005,100.005,13.566666666666666,0.001,OBSERVED live symbol takerFeeRate,after_hours,regular,2026-09-18T23:05:03.291954+00:00,ticker_only,2026-09-16T19:34:15.315933+00:00,ticker_only,OBSERVED-NOW book scenario; fee/prices event-time,0.0,0.20001,0.00014999250037498694,0.00020010005002497267,0.03501100550274796,0.23502100550274796,-0.27114100550274794,5.254670649278061,,eligibility snapshot time unpublished,
rSATA-2026-09-03-1,rSATA,RSATAUSDT,2026-09-03,open_0930,25000,0.0516,0.3,0.03612,100.005,100.005,13.566666666666666,0.001,OBSERVED live symbol takerFeeRate,after_hours,regular,2026-09-18T23:05:03.291954+00:00,ticker_only,2026-09-16T19:34:15.315933+00:00,ticker_only,OBSERVED-NOW book scenario; fee/prices event-time,0.0,0.20001,,0.00020010005002497267,,,,,,eligibility snapshot time unpublished,"sell: $25,000 exceeds visible top-of-book ($5,499) on ticker-only symbol"
rSATA-2026-09-03-1,rSATA,RSATAUSDT,2026-09-03,open_1000,1000,0.0516,0.3,0.03612,100.005,99.999,14.066666666666666,0.001,OBSERVED live symbol takerFeeRate,after_hours,regular,2026-09-18T23:05:03.291954+00:00,ticker_only,2026-09-16T19:34:15.315933+00:00,ticker_only,OBSERVED-NOW book scenario; fee/prices event-time,0.006000000000000227,0.200004,0.00014999250037498694,0.00020010005002497267,0.03500980490244781,0.2350138049024478,-0.2651338049024476,5.254531102760617,-0.20489380490244802,eligibility snapshot time unpublished,
rSATA-2026-09-03-1,rSATA,RSATAUSDT,2026-09-03,open_1000,5000,0.0516,0.3,0.03612,100.005,99.999,14.066666666666666,0.001,OBSERVED live symbol takerFeeRate,after_hours,regular,2026-09-18T23:05:03.291954+00:00,ticker_only,2026-09-16T19:34:15.315933+00:00,ticker_only,OBSERVED-NOW book scenario; fee/prices event-time,0.006000000000000227,0.200004,0.00014999250037498694,0.00020010005002497267,0.03500980490244781,0.2350138049024478,-0.2651338049024476,5.254531102760617,,eligibility snapshot time unpublished,
rSATA-2026-09-03-1,rSATA,RSATAUSDT,2026-09-03,open_1000,25000,0.0516,0.3,0.03612,100.005,99.999,14.066666666666666,0.001,OBSERVED live symbol takerFeeRate,after_hours,regular,2026-09-18T23:05:03.291954+00:00,ticker_only,2026-09-16T19:34:15.315933+00:00,ticker_only,OBSERVED-NOW book scenario; fee/prices event-time,0.006000000000000227,0.200004,,0.00020010005002497267,,,,,,eligibility snapshot time unpublished,"sell: $25,000 exceeds visible top-of-book ($5,499) on ticker-only symbol"
rSATA-2026-09-03-1,rSATA,RSATAUSDT,2026-09-03,close_1600,1000,0.0516,0.3,0.03612,100.005,100.005,20.066666666666666,0.001,OBSERVED live symbol takerFeeRate,after_hours,after_hours,2026-09-18T23:05:03.291954+00:00,ticker_only,2026-09-18T23:05:03.291954+00:00,ticker_only,OBSERVED-NOW book scenario; fee/prices event-time,0.0,0.20001,0.00014999250037498694,0.00014999250037498694,0.030000000000001137,0.23001000000000113,-0.26613000000000114,5.157558139534906,-0.19389000000000112,eligibility snapshot time unpublished,
rSATA-2026-09-03-1,rSATA,RSATAUSDT,2026-09-03,close_1600,5000,0.0516,0.3,0.03612,100.005,100.005,20.066666666666666,0.001,OBSERVED live symbol takerFeeRate,after_hours,after_hours,2026-09-18T23:05:03.291954+00:00,ticker_only,2026-09-18T23:05:03.291954+00:00,ticker_only,OBSERVED-NOW book scenario; fee/prices event-time,0.0,0.20001,0.00014999250037498694,,,,,,,eligibility snapshot time unpublished,"buy: $5,000 exceeds visible top-of-book ($2,500) on ticker-only symbol"
rSATA-2026-09-03-1,rSATA,RSATAUSDT,2026-09-03,close_1600,25000,0.0516,0.3,0.03612,100.005,100.005,20.066666666666666,0.001,OBSERVED live symbol takerFeeRate,after_hours,after_hours,2026-09-18T23:05:03.291954+00:00,ticker_only,2026-09-18T23:05:03.291954+00:00,ticker_only,OBSERVED-NOW book scenario; fee/prices event-time,0.0,0.20001,,,,,,,,eligibility snapshot time unpublished,"sell: $25,000 exceeds visible top-of-book ($5,499) on ticker-only symbol; buy: $25,000 exceeds visible top-of-book ($2,500) on ticker-only symbol"
rSATA-2026-09-04-1,rSATA,RSATAUSDT,2026-09-04,overnight_2000,1000,0.0516,0.3,0.03612,100.0,100.01,4.3,0.001,OBSERVED live symbol takerFeeRate,after_hours,overnight,2026-09-18T23:05:03.291954+00:00,ticker_only,2026-09-19T03:05:03.356996+00:00,ticker_only,OBSERVED-NOW book scenario; fee/prices event-time,-0.010000000000005116,0.20001,0.00014999250037498694,0.00014999250037498694,0.030000000000001137,0.23001000000000113,-0.27613000000000626,5.157558139534906,-0.183889999999996,eligibility snapshot time unpublished,
rSATA-2026-09-04-1,rSATA,RSATAUSDT,2026-09-04,overnight_2000,5000,0.0516,0.3,0.03612,100.0,100.01,4.3,0.001,OBSERVED live symbol takerFeeRate,after_hours,overnight,2026-09-18T23:05:03.291954+00:00,ticker_only,2026-09-19T03:05:03.356996+00:00,ticker_only,OBSERVED-NOW book scenario; fee/prices event-time,-0.010000000000005116,0.20001,0.00014999250037498694,,,,,,,eligibility snapshot time unpublished,"buy: $5,000 exceeds visible top-of-book ($2,500) on ticker-only symbol"
rSATA-2026-09-04-1,rSATA,RSATAUSDT,2026-09-04,overnight_2000,25000,0.0516,0.3,0.03612,100.0,100.01,4.3,0.001,OBSERVED live symbol takerFeeRate,after_hours,overnight,2026-09-18T23:05:03.291954+00:00,ticker_only,2026-09-19T03:05:03.356996+00:00,ticker_only,OBSERVED-NOW book scenario; fee/prices event-time,-0.010000000000005116,0.20001,,,,,,,,eligibility snapshot time unpublished,"sell: $25,000 exceeds visible top-of-book ($5,499) on ticker-only symbol; buy: $25,000 exceeds visible top-of-book ($2,500) on ticker-only symbol"
rSATA-2026-09-04-1,rSATA,RSATAUSDT,2026-09-04,premarket_0400,1000,0.0516,0.3,0.03612,100.0,100.0,8.016666666666667,0.001,OBSERVED live symbol takerFeeRate,after_hours,pre_market,2026-09-18T23:05:03.291954+00:00,ticker_only,,,OBSERVED-NOW book scenario; fee/prices event-time,0.0,0.2,0.00014999250037498694,,,,,,,eligibility snapshot time unpublished,buy: no depth sample for this symbol/session
rSATA-2026-09-04-1,rSATA,RSATAUSDT,2026-09-04,premarket_0400,5000,0.0516,0.3,0.03612,100.0,100.0,8.016666666666667,0.001,OBSERVED live symbol takerFeeRate,after_hours,pre_market,2026-09-18T23:05:03.291954+00:00,ticker_only,,,OBSERVED-NOW book scenario; fee/prices event-time,0.0,0.2,0.00014999250037498694,,,,,,,eligibility snapshot time unpublished,buy: no depth sample for this symbol/session
rSATA-2026-09-04-1,rSATA,RSATAUSDT,2026-09-04,premarket_0400,25000,0.0516,0.3,0.03612,100.0,100.0,8.016666666666667,0.001,OBSERVED live symbol takerFeeRate,after_hours,pre_market,2026-09-18T23:05:03.291954+00:00,ticker_only,,,OBSERVED-NOW book scenario; fee/prices event-time,0.0,0.2,,,,,,,,eligibility snapshot time unpublished,"sell: $25,000 exceeds visible top-of-book ($5,499) on ticker-only symbol; buy: no depth sample for this symbol/session"
rSATA-2026-09-04-1,rSATA,RSATAUSDT,2026-09-04,open_0930,1000,0.0516,0.3,0.03612,100.0,99.97,13.516666666666667,0.001,OBSERVED live symbol takerFeeRate,after_hours,regular,2026-09-18T23:05:03.291954+00:00,ticker_only,2026-09-16T19:34:15.315933+00:00,ticker_only,OBSERVED-NOW book scenario; fee/prices event-time,0.030000000000001137,0.19997,0.00014999250037498694,0.00020010005002497267,0.03500325203849521,0.23497325203849523,-0.24109325203849408,5.253745194544481,-0.22885325203849635,eligibility snapshot time unpublished,
rSATA-2026-09-04-1,rSATA,RSATAUSDT,2026-09-04,open_0930,5000,0.0516,0.3,0.03612,100.0,99.97,13.516666666666667,0.001,OBSERVED live symbol takerFeeRate,after_hours,regular,2026-09-18T23:05:03.291954+00:00,ticker_only,2026-09-16T19:34:15.315933+00:00,ticker_only,OBSERVED-NOW book scenario; fee/prices event-time,0.030000000000001137,0.19997,0.00014999250037498694,0.00020010005002497267,0.03500325203849521,0.23497325203849523,-0.24109325203849408,5.253745194544481,,eligibility snapshot time unpublished,
rSATA-2026-09-04-1,rSATA,RSATAUSDT,2026-09-04,open_0930,25000,0.0516,0.3,0.03612,100.0,99.97,13.516666666666667,0.001,OBSERVED live symbol takerFeeRate,after_hours,regular,2026-09-18T23:05:03.291954+00:00,ticker_only,2026-09-16T19:34:15.315933+00:00,ticker_only,OBSERVED-NOW book scenario; fee/prices event-time,0.030000000000001137,0.19997,,0.00020010005002497267,,,,,,eligibility snapshot time unpublished,"sell: $25,000 exceeds visible top-of-book ($5,499) on ticker-only symbol"
rSATA-2026-09-04-1,rSATA,RSATAUSDT,2026-09-04,open_1000,1000,0.0516,0.3,0.03612,100.0,99.985,14.016666666666667,0.001,OBSERVED live symbol takerFeeRate,after_hours,regular,2026-09-18T23:05:03.291954+00:00,ticker_only,2026-09-16T19:34:15.315933+00:00,ticker_only,OBSERVED-NOW book scenario; fee/prices event-time,0.015000000000000568,0.19998500000000002,0.00014999250037498694,0.00020010005002497267,0.03500625353924559,0.2349912535392456,-0.256111253539245,5.254094060838093,-0.2138712535392462,eligibility snapshot time unpublished,
rSATA-2026-09-04-1,rSATA,RSATAUSDT,2026-09-04,open_1000,5000,0.0516,0.3,0.03612,100.0,99.985,14.016666666666667,0.001,OBSERVED live symbol takerFeeRate,after_hours,regular,2026-09-18T23:05:03.291954+00:00,ticker_only,2026-09-16T19:34:15.315933+00:00,ticker_only,OBSERVED-NOW book scenario; fee/prices event-time,0.015000000000000568,0.19998500000000002,0.00014999250037498694,0.00020010005002497267,0.03500625353924559,0.2349912535392456,-0.256111253539245,5.254094060838093,,eligibility snapshot time unpublished,
rSATA-2026-09-04-1,rSATA,RSATAUSDT,2026-09-04,open_1000,25000,0.0516,0.3,0.03612,100.0,99.985,14.016666666666667,0.001,OBSERVED live symbol takerFeeRate,after_hours,regular,2026-09-18T23:05:03.291954+00:00,ticker_only,2026-09-16T19:34:15.315933+00:00,ticker_only,OBSERVED-NOW book scenario; fee/prices event-time,0.015000000000000568,0.19998500000000002,,0.00020010005002497267,,,,,,eligibility snapshot time unpublished,"sell: $25,000 exceeds visible top-of-book ($5,499) on ticker-only symbol"
rSATA-2026-09-04-1,rSATA,RSATAUSDT,2026-09-04,close_1600,1000,0.0516,0.3,0.03612,100.0,100.0099,20.016666666666666,0.001,OBSERVED live symbol takerFeeRate,after_hours,after_hours,2026-09-18T23:05:03.291954+00:00,ticker_only,2026-09-18T23:05:03.291954+00:00,ticker_only,OBSERVED-NOW book scenario; fee/prices event-time,-0.009900000000001796,0.20000990000000002,0.00014999250037498694,0.00014999250037498694,0.0299999850007511,0.23000988500075112,-0.27602988500075293,5.15755591086727,-0.18398988500074934,eligibility snapshot time unpublished,
rSATA-2026-09-04-1,rSATA,RSATAUSDT,2026-09-04,close_1600,5000,0.0516,0.3,0.03612,100.0,100.0099,20.016666666666666,0.001,OBSERVED live symbol takerFeeRate,after_hours,after_hours,2026-09-18T23:05:03.291954+00:00,ticker_only,2026-09-18T23:05:03.291954+00:00,ticker_only,OBSERVED-NOW book scenario; fee/prices event-time,-0.009900000000001796,0.20000990000000002,0.00014999250037498694,,,,,,,eligibility snapshot time unpublished,"buy: $5,000 exceeds visible top-of-book ($2,500) on ticker-only symbol"
rSATA-2026-09-04-1,rSATA,RSATAUSDT,2026-09-04,close_1600,25000,0.0516,0.3,0.03612,100.0,100.0099,20.016666666666666,0.001,OBSERVED live symbol takerFeeRate,after_hours,after_hours,2026-09-18T23:05:03.291954+00:00,ticker_only,2026-09-18T23:05:03.291954+00:00,ticker_only,OBSERVED-NOW book scenario; fee/prices event-time,-0.009900000000001796,0.20000990000000002,,,,,,,,eligibility snapshot time unpublished,"sell: $25,000 exceeds visible top-of-book ($5,499) on ticker-only symbol; buy: $25,000 exceeds visible top-of-book ($2,500) on ticker-only symbol"
rSATA-2026-09-08-1,rSATA,RSATAUSDT,2026-09-08,overnight_2000,1000,0.0516,0.3,0.03612,100.0002,100.01,72.15,0.001,OBSERVED live symbol takerFeeRate,after_hours,overnight,2026-09-18T23:05:03.291954+00:00,ticker_only,2026-09-19T03:05:03.356996+00:00,ticker_only,OBSERVED-NOW book scenario; fee/prices event-time,-0.009799999999998477,0.2000102,0.00014999250037498694,0.00014999250037498694,0.030000029998501217,0.2300102299985012,-0.2759302299984997,5.157562596870179,-0.18409022999850272,eligibility snapshot time unpublished,
rSATA-2026-09-08-1,rSATA,RSATAUSDT,2026-09-08,overnight_2000,5000,0.0516,0.3,0.03612,100.0002,100.01,72.15,0.001,OBSERVED live symbol takerFeeRate,after_hours,overnight,2026-09-18T23:05:03.291954+00:00,ticker_only,2026-09-19T03:05:03.356996+00:00,ticker_only,OBSERVED-NOW book scenario; fee/prices event-time,-0.009799999999998477,0.2000102,0.00014999250037498694,,,,,,,eligibility snapshot time unpublished,"buy: $5,000 exceeds visible top-of-book ($2,500) on ticker-only symbol"
rSATA-2026-09-08-1,rSATA,RSATAUSDT,2026-09-08,overnight_2000,25000,0.0516,0.3,0.03612,100.0002,100.01,72.15,0.001,OBSERVED live symbol takerFeeRate,after_hours,overnight,2026-09-18T23:05:03.291954+00:00,ticker_only,2026-09-19T03:05:03.356996+00:00,ticker_only,OBSERVED-NOW book scenario; fee/prices event-time,-0.009799999999998477,0.2000102,,,,,,,,eligibility snapshot time unpublished,"sell: $25,000 exceeds visible top-of-book ($5,499) on ticker-only symbol; buy: $25,000 exceeds visible top-of-book ($2,500) on ticker-only symbol"
rSATA-2026-09-08-1,rSATA,RSATAUSDT,2026-09-08,premarket_0400,1000,0.0516,0.3,0.03612,100.0002,100.0,80.06666666666666,0.001,OBSERVED live symbol takerFeeRate,after_hours,pre_market,2026-09-18T23:05:03.291954+00:00,ticker_only,,,OBSERVED-NOW book scenario; fee/prices event-time,0.0002000000000066393,0.20000020000000002,0.00014999250037498694,,,,,,,eligibility snapshot time unpublished,buy: no depth sample for this symbol/session
rSATA-2026-09-08-1,rSATA,RSATAUSDT,2026-09-08,premarket_0400,5000,0.0516,0.3,0.03612,100.0002,100.0,80.06666666666666,0.001,OBSERVED live symbol takerFeeRate,after_hours,pre_market,2026-09-18T23:05:03.291954+00:00,ticker_only,,,OBSERVED-NOW book scenario; fee/prices event-time,0.0002000000000066393,0.20000020000000002,0.00014999250037498694,,,,,,,eligibility snapshot time unpublished,buy: no depth sample for this symbol/session
rSATA-2026-09-08-1,rSATA,RSATAUSDT,2026-09-08,premarket_0400,25000,0.0516,0.3,0.03612,100.0002,100.0,80.06666666666666,0.001,OBSERVED live symbol takerFeeRate,after_hours,pre_market,2026-09-18T23:05:03.291954+00:00,ticker_only,,,OBSERVED-NOW book scenario; fee/prices event-time,0.0002000000000066393,0.20000020000000002,,,,,,,,eligibility snapshot time unpublished,"sell: $25,000 exceeds visible top-of-book ($5,499) on ticker-only symbol; buy: no depth sample for this symbol/session"
rSATA-2026-09-08-1,rSATA,RSATAUSDT,2026-09-08,open_0930,1000,0.0516,0.3,0.03612,100.0002,99.998,85.56666666666666,0.001,OBSERVED live symbol takerFeeRate,after_hours,regular,2026-09-18T23:05:03.291954+00:00,ticker_only,2026-09-16T19:34:15.315933+00:00,ticker_only,OBSERVED-NOW book scenario; fee/prices event-time,0.002200000000001978,0.19999820000000001,0.00014999250037498694,0.00020010005002497267,0.03500888483839599,0.235007084838396,-0.268927084838394,5.254400868961162,-0.201087084838398,eligibility snapshot time unpublished,
rSATA-2026-09-08-1,rSATA,RSATAUSDT,2026-09-08,open_0930,5000,0.0516,0.3,0.03612,100.0002,99.998,85.56666666666666,0.001,OBSERVED live symbol takerFeeRate,after_hours,regular,2026-09-18T23:05:03.291954+00:00,ticker_only,2026-09-16T19:34:15.315933+00:00,ticker_only,OBSERVED-NOW book scenario; fee/prices event-time,0.002200000000001978,0.19999820000000001,0.00014999250037498694,0.00020010005002497267,0.03500888483839599,0.235007084838396,-0.268927084838394,5.254400868961162,,eligibility snapshot time unpublished,
rSATA-2026-09-08-1,rSATA,RSATAUSDT,2026-09-08,open_0930,25000,0.0516,0.3,0.03612,100.0002,99.998,85.56666666666666,0.001,OBSERVED live symbol takerFeeRate,after_hours,regular,2026-09-18T23:05:03.291954+00:00,ticker_only,2026-09-16T19:34:15.315933+00:00,ticker_only,OBSERVED-NOW book scenario; fee/prices event-time,0.002200000000001978,0.19999820000000001,,0.00020010005002497267,,,,,,eligibility snapshot time unpublished,"sell: $25,000 exceeds visible top-of-book ($5,499) on ticker-only symbol"
rSATA-2026-09-08-1,rSATA,RSATAUSDT,2026-09-08,open_1000,1000,0.0516,0.3,0.03612,100.0002,99.995,86.06666666666666,0.001,OBSERVED live symbol takerFeeRate,after_hours,regular,2026-09-18T23:05:03.291954+00:00,ticker_only,2026-09-16T19:34:15.315933+00:00,ticker_only,OBSERVED-NOW book scenario; fee/prices event-time,0.005200000000002092,0.1999952,0.00014999250037498694,0.00020010005002497267,0.035008284538245914,0.23500348453824593,-0.2659234845382438,5.25433109570244,-0.204083484538248,eligibility snapshot time unpublished,
rSATA-2026-09-08-1,rSATA,RSATAUSDT,2026-09-08,open_1000,5000,0.0516,0.3,0.03612,100.0002,99.995,86.06666666666666,0.001,OBSERVED live symbol takerFeeRate,after_hours,regular,2026-09-18T23:05:03.291954+00:00,ticker_only,2026-09-16T19:34:15.315933+00:00,ticker_only,OBSERVED-NOW book scenario; fee/prices event-time,0.005200000000002092,0.1999952,0.00014999250037498694,0.00020010005002497267,0.035008284538245914,0.23500348453824593,-0.2659234845382438,5.25433109570244,,eligibility snapshot time unpublished,
rSATA-2026-09-08-1,rSATA,RSATAUSDT,2026-09-08,open_1000,25000,0.0516,0.3,0.03612,100.0002,99.995,86.06666666666666,0.001,OBSERVED live symbol takerFeeRate,after_hours,regular,2026-09-18T23:05:03.291954+00:00,ticker_only,2026-09-16T19:34:15.315933+00:00,ticker_only,OBSERVED-NOW book scenario; fee/prices event-time,0.005200000000002092,0.1999952,,0.00020010005002497267,,,,,,eligibility snapshot time unpublished,"sell: $25,000 exceeds visible top-of-book ($5,499) on ticker-only symbol"
rSATA-2026-09-08-1,rSATA,RSATAUSDT,2026-09-08,close_1600,1000,0.0516,0.3,0.03612,100.0002,100.0,92.06666666666666,0.001,OBSERVED live symbol takerFeeRate,after_hours,after_hours,2026-09-18T23:05:03.291954+00:00,ticker_only,2026-09-18T23:05:03.291954+00:00,ticker_only,OBSERVED-NOW book scenario; fee/prices event-time,0.0002000000000066393,0.20000020000000002,0.00014999250037498694,0.00014999250037498694,0.029998530073497464,0.22999873007349747,-0.2659187300734908,5.15733973010654,-0.19407873007350412,eligibility snapshot time unpublished,
rSATA-2026-09-08-1,rSATA,RSATAUSDT,2026-09-08,close_1600,5000,0.0516,0.3,0.03612,100.0002,100.0,92.06666666666666,0.001,OBSERVED live symbol takerFeeRate,after_hours,after_hours,2026-09-18T23:05:03.291954+00:00,ticker_only,2026-09-18T23:05:03.291954+00:00,ticker_only,OBSERVED-NOW book scenario; fee/prices event-time,0.0002000000000066393,0.20000020000000002,0.00014999250037498694,,,,,,,eligibility snapshot time unpublished,"buy: $5,000 exceeds visible top-of-book ($2,500) on ticker-only symbol"
rSATA-2026-09-08-1,rSATA,RSATAUSDT,2026-09-08,close_1600,25000,0.0516,0.3,0.03612,100.0002,100.0,92.06666666666666,0.001,OBSERVED live symbol takerFeeRate,after_hours,after_hours,2026-09-18T23:05:03.291954+00:00,ticker_only,2026-09-18T23:05:03.291954+00:00,ticker_only,OBSERVED-NOW book scenario; fee/prices event-time,0.0002000000000066393,0.20000020000000002,,,,,,,,eligibility snapshot time unpublished,"sell: $25,000 exceeds visible top-of-book ($5,499) on ticker-only symbol; buy: $25,000 exceeds visible top-of-book ($2,500) on ticker-only symbol"
rSATA-2026-09-09-1,rSATA,RSATAUSDT,2026-09-09,overnight_2000,1000,0.0516,0.3,0.03612,99.97,100.0,2.1333333333333333,0.001,OBSERVED live symbol takerFeeRate,after_hours,overnight,2026-09-18T23:05:03.291954+00:00,ticker_only,2026-09-19T03:05:03.356996+00:00,ticker_only,OBSERVED-NOW book scenario; fee/prices event-time,-0.030000000000001137,0.19997,0.00014999250037498694,0.00014999250037498694,0.02999400029998614,0.22996400029998615,-0.29608400029998727,5.156666672480352,-0.163844000299985,eligibility snapshot time unpublished,
rSATA-2026-09-09-1,rSATA,RSATAUSDT,2026-09-09,overnight_2000,5000,0.0516,0.3,0.03612,99.97,100.0,2.1333333333333333,0.001,OBSERVED live symbol takerFeeRate,after_hours,overnight,2026-09-18T23:05:03.291954+00:00,ticker_only,2026-09-19T03:05:03.356996+00:00,ticker_only,OBSERVED-NOW book scenario; fee/prices event-time,-0.030000000000001137,0.19997,0.00014999250037498694,,,,,,,eligibility snapshot time unpublished,"buy: $5,000 exceeds visible top-of-book ($2,500) on ticker-only symbol"
rSATA-2026-09-09-1,rSATA,RSATAUSDT,2026-09-09,overnight_2000,25000,0.0516,0.3,0.03612,99.97,100.0,2.1333333333333333,0.001,OBSERVED live symbol takerFeeRate,after_hours,overnight,2026-09-18T23:05:03.291954+00:00,ticker_only,2026-09-19T03:05:03.356996+00:00,ticker_only,OBSERVED-NOW book scenario; fee/prices event-time,-0.030000000000001137,0.19997,,,,,,,,eligibility snapshot time unpublished,"sell: $25,000 exceeds visible top-of-book ($5,499) on ticker-only symbol; buy: $25,000 exceeds visible top-of-book ($2,500) on ticker-only symbol"
rSATA-2026-09-09-1,rSATA,RSATAUSDT,2026-09-09,premarket_0400,1000,0.0516,0.3,0.03612,99.97,99.99,8.216666666666667,0.001,OBSERVED live symbol takerFeeRate,after_hours,pre_market,2026-09-18T23:05:03.291954+00:00,ticker_only,,,OBSERVED-NOW book scenario; fee/prices event-time,-0.01999999999999602,0.19995999999999997,0.00014999250037498694,,,,,,,eligibility snapshot time unpublished,buy: no depth sample for this symbol/session
rSATA-2026-09-09-1,rSATA,RSATAUSDT,2026-09-09,premarket_0400,5000,0.0516,0.3,0.03612,99.97,99.99,8.216666666666667,0.001,OBSERVED live symbol takerFeeRate,after_hours,pre_market,2026-09-18T23:05:03.291954+00:00,ticker_only,,,OBSERVED-NOW book scenario; fee/prices event-time,-0.01999999999999602,0.19995999999999997,0.00014999250037498694,,,,,,,eligibility snapshot time unpublished,buy: no depth sample for this symbol/session
rSATA-2026-09-09-1,rSATA,RSATAUSDT,2026-09-09,premarket_0400,25000,0.0516,0.3,0.03612,99.97,99.99,8.216666666666667,0.001,OBSERVED live symbol takerFeeRate,after_hours,pre_market,2026-09-18T23:05:03.291954+00:00,ticker_only,,,OBSERVED-NOW book scenario; fee/prices event-time,-0.01999999999999602,0.19995999999999997,,,,,,,,eligibility snapshot time unpublished,"sell: $25,000 exceeds visible top-of-book ($5,499) on ticker-only symbol; buy: no depth sample for this symbol/session"
rSATA-2026-09-09-1,rSATA,RSATAUSDT,2026-09-09,open_0930,1000,0.0516,0.3,0.03612,99.97,99.91,13.716666666666667,0.001,OBSERVED live symbol takerFeeRate,after_hours,regular,2026-09-18T23:05:03.291954+00:00,ticker_only,2026-09-16T19:34:15.315933+00:00,ticker_only,OBSERVED-NOW book scenario; fee/prices event-time,0.060000000000002274,0.19988,0.00014999250037498694,0.00020010005002497267,0.03498674626048246,0.23486674626048246,-0.2109867462604802,5.251681129079118,-0.2587467462604848,eligibility snapshot time unpublished,
rSATA-2026-09-09-1,rSATA,RSATAUSDT,2026-09-09,open_0930,5000,0.0516,0.3,0.03612,99.97,99.91,13.716666666666667,0.001,OBSERVED live symbol takerFeeRate,after_hours,regular,2026-09-18T23:05:03.291954+00:00,ticker_only,2026-09-16T19:34:15.315933+00:00,ticker_only,OBSERVED-NOW book scenario; fee/prices event-time,0.060000000000002274,0.19988,0.00014999250037498694,0.00020010005002497267,0.03498674626048246,0.23486674626048246,-0.2109867462604802,5.251681129079118,,eligibility snapshot time unpublished,
rSATA-2026-09-09-1,rSATA,RSATAUSDT,2026-09-09,open_0930,25000,0.0516,0.3,0.03612,99.97,99.91,13.716666666666667,0.001,OBSERVED live symbol takerFeeRate,after_hours,regular,2026-09-18T23:05:03.291954+00:00,ticker_only,2026-09-16T19:34:15.315933+00:00,ticker_only,OBSERVED-NOW book scenario; fee/prices event-time,0.060000000000002274,0.19988,,0.00020010005002497267,,,,,,eligibility snapshot time unpublished,"sell: $25,000 exceeds visible top-of-book ($5,499) on ticker-only symbol"
rSATA-2026-09-09-1,rSATA,RSATAUSDT,2026-09-09,open_1000,1000,0.0516,0.3,0.03612,99.97,99.96,14.233333333333333,0.001,OBSERVED live symbol takerFeeRate,after_hours,regular,2026-09-18T23:05:03.291954+00:00,ticker_only,2026-09-16T19:34:15.315933+00:00,ticker_only,OBSERVED-NOW book scenario; fee/prices event-time,0.010000000000005116,0.19993000000000002,0.00014999250037498694,0.00020010005002497267,0.03499675126298371,0.23492675126298374,-0.2610467512629786,5.252844016724491,-0.20880675126298884,eligibility snapshot time unpublished,
rSATA-2026-09-09-1,rSATA,RSATAUSDT,2026-09-09,open_1000,5000,0.0516,0.3,0.03612,99.97,99.96,14.233333333333333,0.001,OBSERVED live symbol takerFeeRate,after_hours,regular,2026-09-18T23:05:03.291954+00:00,ticker_only,2026-09-16T19:34:15.315933+00:00,ticker_only,OBSERVED-NOW book scenario; fee/prices event-time,0.010000000000005116,0.19993000000000002,0.00014999250037498694,0.00020010005002497267,0.03499675126298371,0.23492675126298374,-0.2610467512629786,5.252844016724491,,eligibility snapshot time unpublished,
rSATA-2026-09-09-1,rSATA,RSATAUSDT,2026-09-09,open_1000,25000,0.0516,0.3,0.03612,99.97,99.96,14.233333333333333,0.001,OBSERVED live symbol takerFeeRate,after_hours,regular,2026-09-18T23:05:03.291954+00:00,ticker_only,2026-09-16T19:34:15.315933+00:00,ticker_only,OBSERVED-NOW book scenario; fee/prices event-time,0.010000000000005116,0.19993000000000002,,0.00020010005002497267,,,,,,eligibility snapshot time unpublished,"sell: $25,000 exceeds visible top-of-book ($5,499) on ticker-only symbol"
rSATA-2026-09-09-1,rSATA,RSATAUSDT,2026-09-09,close_1600,1000,0.0516,0.3,0.03612,99.97,100.01,20.216666666666665,0.001,OBSERVED live symbol takerFeeRate,after_hours,after_hours,2026-09-18T23:05:03.291954+00:00,ticker_only,2026-09-18T23:05:03.291954+00:00,ticker_only,OBSERVED-NOW book scenario; fee/prices event-time,-0.04000000000000625,0.19998000000000002,0.00014999250037498694,0.00014999250037498694,0.02999550022498989,0.22997550022498991,-0.30609550022499615,5.15688953924399,-0.15385550022498365,eligibility snapshot time unpublished,
rSATA-2026-09-09-1,rSATA,RSATAUSDT,2026-09-09,close_1600,5000,0.0516,0.3,0.03612,99.97,100.01,20.216666666666665,0.001,OBSERVED live symbol takerFeeRate,after_hours,after_hours,2026-09-18T23:05:03.291954+00:00,ticker_only,2026-09-18T23:05:03.291954+00:00,ticker_only,OBSERVED-NOW book scenario; fee/prices event-time,-0.04000000000000625,0.19998000000000002,0.00014999250037498694,,,,,,,eligibility snapshot time unpublished,"buy: $5,000 exceeds visible top-of-book ($2,500) on ticker-only symbol"
rSATA-2026-09-09-1,rSATA,RSATAUSDT,2026-09-09,close_1600,25000,0.0516,0.3,0.03612,99.97,100.01,20.216666666666665,0.001,OBSERVED live symbol takerFeeRate,after_hours,after_hours,2026-09-18T23:05:03.291954+00:00,ticker_only,2026-09-18T23:05:03.291954+00:00,ticker_only,OBSERVED-NOW book scenario; fee/prices event-time,-0.04000000000000625,0.19998000000000002,,,,,,,,eligibility snapshot time unpublished,"sell: $25,000 exceeds visible top-of-book ($5,499) on ticker-only symbol; buy: $25,000 exceeds visible top-of-book ($2,500) on ticker-only symbol"
rSATA-2026-09-10-1,rSATA,RSATAUSDT,2026-09-10,overnight_2000,1000,0.0516,0.3,0.03612,100.0023,100.01,5.383333333333334,0.001,OBSERVED live symbol takerFeeRate,after_hours,overnight,2026-09-18T23:05:03.291954+00:00,ticker_only,2026-09-19T03:05:03.356996+00:00,ticker_only,OBSERVED-NOW book scenario; fee/prices event-time,-0.007699999999999818,0.2000123,0.00014999250037498694,0.00014999250037498694,0.030000344982752003,0.230012644982752,-0.27383264498275184,5.157609398890543,-0.18619264498275218,eligibility snapshot time unpublished,
rSATA-2026-09-10-1,rSATA,RSATAUSDT,2026-09-10,overnight_2000,5000,0.0516,0.3,0.03612,100.0023,100.01,5.383333333333334,0.001,OBSERVED live symbol takerFeeRate,after_hours,overnight,2026-09-18T23:05:03.291954+00:00,ticker_only,2026-09-19T03:05:03.356996+00:00,ticker_only,OBSERVED-NOW book scenario; fee/prices event-time,-0.007699999999999818,0.2000123,0.00014999250037498694,,,,,,,eligibility snapshot time unpublished,"buy: $5,000 exceeds visible top-of-book ($2,500) on ticker-only symbol"
rSATA-2026-09-10-1,rSATA,RSATAUSDT,2026-09-10,overnight_2000,25000,0.0516,0.3,0.03612,100.0023,100.01,5.383333333333334,0.001,OBSERVED live symbol takerFeeRate,after_hours,overnight,2026-09-18T23:05:03.291954+00:00,ticker_only,2026-09-19T03:05:03.356996+00:00,ticker_only,OBSERVED-NOW book scenario; fee/prices event-time,-0.007699999999999818,0.2000123,,,,,,,,eligibility snapshot time unpublished,"sell: $25,000 exceeds visible top-of-book ($5,499) on ticker-only symbol; buy: $25,000 exceeds visible top-of-book ($2,500) on ticker-only symbol"
rSATA-2026-09-10-1,rSATA,RSATAUSDT,2026-09-10,premarket_0400,1000,0.0516,0.3,0.03612,100.0023,99.99,8.033333333333333,0.001,OBSERVED live symbol takerFeeRate,after_hours,pre_market,2026-09-18T23:05:03.291954+00:00,ticker_only,,,OBSERVED-NOW book scenario; fee/prices event-time,0.012300000000010414,0.1999923,0.00014999250037498694,,,,,,,eligibility snapshot time unpublished,buy: no depth sample for this symbol/session
rSATA-2026-09-10-1,rSATA,RSATAUSDT,2026-09-10,premarket_0400,5000,0.0516,0.3,0.03612,100.0023,99.99,8.033333333333333,0.001,OBSERVED live symbol takerFeeRate,after_hours,pre_market,2026-09-18T23:05:03.291954+00:00,ticker_only,,,OBSERVED-NOW book scenario; fee/prices event-time,0.012300000000010414,0.1999923,0.00014999250037498694,,,,,,,eligibility snapshot time unpublished,buy: no depth sample for this symbol/session
rSATA-2026-09-10-1,rSATA,RSATAUSDT,2026-09-10,premarket_0400,25000,0.0516,0.3,0.03612,100.0023,99.99,8.033333333333333,0.001,OBSERVED live symbol takerFeeRate,after_hours,pre_market,2026-09-18T23:05:03.291954+00:00,ticker_only,,,OBSERVED-NOW book scenario; fee/prices event-time,0.012300000000010414,0.1999923,,,,,,,,eligibility snapshot time unpublished,"sell: $25,000 exceeds visible top-of-book ($5,499) on ticker-only symbol; buy: no depth sample for this symbol/session"
rSATA-2026-09-10-1,rSATA,RSATAUSDT,2026-09-10,open_0930,1000,0.0516,0.3,0.03612,100.0023,99.975,13.533333333333333,0.001,OBSERVED live symbol takerFeeRate,after_hours,regular,2026-09-18T23:05:03.291954+00:00,ticker_only,2026-09-16T19:34:15.315933+00:00,ticker_only,OBSERVED-NOW book scenario; fee/prices event-time,0.027300000000010982,0.19997730000000002,0.00014999250037498694,0.00020010005002497267,0.0350045975214962,0.23498189752149623,-0.24380189752148523,5.253912742664656,-0.22616189752150723,eligibility snapshot time unpublished,
rSATA-2026-09-10-1,rSATA,RSATAUSDT,2026-09-10,open_0930,5000,0.0516,0.3,0.03612,100.0023,99.975,13.533333333333333,0.001,OBSERVED live symbol takerFeeRate,after_hours,regular,2026-09-18T23:05:03.291954+00:00,ticker_only,2026-09-16T19:34:15.315933+00:00,ticker_only,OBSERVED-NOW book scenario; fee/prices event-time,0.027300000000010982,0.19997730000000002,0.00014999250037498694,0.00020010005002497267,0.0350045975214962,0.23498189752149623,-0.24380189752148523,5.253912742664656,,eligibility snapshot time unpublished,
rSATA-2026-09-10-1,rSATA,RSATAUSDT,2026-09-10,open_0930,25000,0.0516,0.3,0.03612,100.0023,99.975,13.533333333333333,0.001,OBSERVED live symbol takerFeeRate,after_hours,regular,2026-09-18T23:05:03.291954+00:00,ticker_only,2026-09-16T19:34:15.315933+00:00,ticker_only,OBSERVED-NOW book scenario; fee/prices event-time,0.027300000000010982,0.19997730000000002,,0.00020010005002497267,,,,,,eligibility snapshot time unpublished,"sell: $25,000 exceeds visible top-of-book ($5,499) on ticker-only symbol"
rSATA-2026-09-10-1,rSATA,RSATAUSDT,2026-09-10,open_1000,1000,0.0516,0.3,0.03612,100.0023,99.97,14.033333333333333,0.001,OBSERVED live symbol takerFeeRate,after_hours,regular,2026-09-18T23:05:03.291954+00:00,ticker_only,2026-09-16T19:34:15.315933+00:00,ticker_only,OBSERVED-NOW book scenario; fee/prices event-time,0.032300000000006435,0.19997230000000002,0.00014999250037498694,0.00020010005002497267,0.03500359702124607,0.2349758970212461,-0.23879589702123966,5.253796453900118,-0.2311558970212525,eligibility snapshot time unpublished,
rSATA-2026-09-10-1,rSATA,RSATAUSDT,2026-09-10,open_1000,5000,0.0516,0.3,0.03612,100.0023,99.97,14.033333333333333,0.001,OBSERVED live symbol takerFeeRate,after_hours,regular,2026-09-18T23:05:03.291954+00:00,ticker_only,2026-09-16T19:34:15.315933+00:00,ticker_only,OBSERVED-NOW book scenario; fee/prices event-time,0.032300000000006435,0.19997230000000002,0.00014999250037498694,0.00020010005002497267,0.03500359702124607,0.2349758970212461,-0.23879589702123966,5.253796453900118,,eligibility snapshot time unpublished,
rSATA-2026-09-10-1,rSATA,RSATAUSDT,2026-09-10,open_1000,25000,0.0516,0.3,0.03612,100.0023,99.97,14.033333333333333,0.001,OBSERVED live symbol takerFeeRate,after_hours,regular,2026-09-18T23:05:03.291954+00:00,ticker_only,2026-09-16T19:34:15.315933+00:00,ticker_only,OBSERVED-NOW book scenario; fee/prices event-time,0.032300000000006435,0.19997230000000002,,0.00020010005002497267,,,,,,eligibility snapshot time unpublished,"sell: $25,000 exceeds visible top-of-book ($5,499) on ticker-only symbol"
rSATA-2026-09-10-1,rSATA,RSATAUSDT,2026-09-10,close_1600,1000,0.0516,0.3,0.03612,100.0023,100.01,20.033333333333335,0.001,OBSERVED live symbol takerFeeRate,after_hours,after_hours,2026-09-18T23:05:03.291954+00:00,ticker_only,2026-09-18T23:05:03.291954+00:00,ticker_only,OBSERVED-NOW book scenario; fee/prices event-time,-0.007699999999999818,0.2000123,0.00014999250037498694,0.00014999250037498694,0.030000344982752003,0.230012644982752,-0.27383264498275184,5.157609398890543,-0.18619264498275218,eligibility snapshot time unpublished,
rSATA-2026-09-10-1,rSATA,RSATAUSDT,2026-09-10,close_1600,5000,0.0516,0.3,0.03612,100.0023,100.01,20.033333333333335,0.001,OBSERVED live symbol takerFeeRate,after_hours,after_hours,2026-09-18T23:05:03.291954+00:00,ticker_only,2026-09-18T23:05:03.291954+00:00,ticker_only,OBSERVED-NOW book scenario; fee/prices event-time,-0.007699999999999818,0.2000123,0.00014999250037498694,,,,,,,eligibility snapshot time unpublished,"buy: $5,000 exceeds visible top-of-book ($2,500) on ticker-only symbol"
rSATA-2026-09-10-1,rSATA,RSATAUSDT,2026-09-10,close_1600,25000,0.0516,0.3,0.03612,100.0023,100.01,20.033333333333335,0.001,OBSERVED live symbol takerFeeRate,after_hours,after_hours,2026-09-18T23:05:03.291954+00:00,ticker_only,2026-09-18T23:05:03.291954+00:00,ticker_only,OBSERVED-NOW book scenario; fee/prices event-time,-0.007699999999999818,0.2000123,,,,,,,,eligibility snapshot time unpublished,"sell: $25,000 exceeds visible top-of-book ($5,499) on ticker-only symbol; buy: $25,000 exceeds visible top-of-book ($2,500) on ticker-only symbol"
rSATA-2026-09-11-1,rSATA,RSATAUSDT,2026-09-11,overnight_2000,1000,0.0516,0.3,0.03612,100.0007,101.7,3.3333333333333335,0.001,OBSERVED live symbol takerFeeRate,after_hours,overnight,2026-09-18T23:05:03.291954+00:00,ticker_only,2026-09-19T03:05:03.356996+00:00,ticker_only,OBSERVED-NOW book scenario; fee/prices event-time,-1.699300000000008,0.20170069999999998,0.00014999250037498694,0.00014999250037498694,0.030253592320385127,0.2319542923203851,-1.9673742923203932,5.195238223263277,1.503465707679623,eligibility snapshot time unpublished,
rSATA-2026-09-11-1,rSATA,RSATAUSDT,2026-09-11,overnight_2000,5000,0.0516,0.3,0.03612,100.0007,101.7,3.3333333333333335,0.001,OBSERVED live symbol takerFeeRate,after_hours,overnight,2026-09-18T23:05:03.291954+00:00,ticker_only,2026-09-19T03:05:03.356996+00:00,ticker_only,OBSERVED-NOW book scenario; fee/prices event-time,-1.699300000000008,0.20170069999999998,0.00014999250037498694,,,,,,,eligibility snapshot time unpublished,"buy: $5,000 exceeds visible top-of-book ($2,500) on ticker-only symbol"
rSATA-2026-09-11-1,rSATA,RSATAUSDT,2026-09-11,overnight_2000,25000,0.0516,0.3,0.03612,100.0007,101.7,3.3333333333333335,0.001,OBSERVED live symbol takerFeeRate,after_hours,overnight,2026-09-18T23:05:03.291954+00:00,ticker_only,2026-09-19T03:05:03.356996+00:00,ticker_only,OBSERVED-NOW book scenario; fee/prices event-time,-1.699300000000008,0.20170069999999998,,,,,,,,eligibility snapshot time unpublished,"sell: $25,000 exceeds visible top-of-book ($5,499) on ticker-only symbol; buy: $25,000 exceeds visible top-of-book ($2,500) on ticker-only symbol"
rSATA-2026-09-11-1,rSATA,RSATAUSDT,2026-09-11,premarket_0400,1000,0.0516,0.3,0.03612,100.0007,99.9515,8.05,0.001,OBSERVED live symbol takerFeeRate,after_hours,pre_market,2026-09-18T23:05:03.291954+00:00,ticker_only,,,OBSERVED-NOW book scenario; fee/prices event-time,0.04919999999999902,0.1999522,0.00014999250037498694,,,,,,,eligibility snapshot time unpublished,buy: no depth sample for this symbol/session
rSATA-2026-09-11-1,rSATA,RSATAUSDT,2026-09-11,premarket_0400,5000,0.0516,0.3,0.03612,100.0007,99.9515,8.05,0.001,OBSERVED live symbol takerFeeRate,after_hours,pre_market,2026-09-18T23:05:03.291954+00:00,ticker_only,,,OBSERVED-NOW book scenario; fee/prices event-time,0.04919999999999902,0.1999522,0.00014999250037498694,,,,,,,eligibility snapshot time unpublished,buy: no depth sample for this symbol/session
rSATA-2026-09-11-1,rSATA,RSATAUSDT,2026-09-11,premarket_0400,25000,0.0516,0.3,0.03612,100.0007,99.9515,8.05,0.001,OBSERVED live symbol takerFeeRate,after_hours,pre_market,2026-09-18T23:05:03.291954+00:00,ticker_only,,,OBSERVED-NOW book scenario; fee/prices event-time,0.04919999999999902,0.1999522,,,,,,,,eligibility snapshot time unpublished,"sell: $25,000 exceeds visible top-of-book ($5,499) on ticker-only symbol; buy: no depth sample for this symbol/session"
rSATA-2026-09-11-1,rSATA,RSATAUSDT,2026-09-11,open_0930,1000,0.0516,0.3,0.03612,100.0007,100.0,13.55,0.001,OBSERVED live symbol takerFeeRate,after_hours,regular,2026-09-18T23:05:03.291954+00:00,ticker_only,2026-09-16T19:34:15.315933+00:00,ticker_only,OBSERVED-NOW book scenario; fee/prices event-time,0.0006999999999948159,0.2000007,0.00014999250037498694,0.00020010005002497267,0.03500936003474622,0.23501006003474623,-0.2704300600347514,5.254458527805159,-0.19959006003474103,eligibility snapshot time unpublished,
rSATA-2026-09-11-1,rSATA,RSATAUSDT,2026-09-11,open_0930,5000,0.0516,0.3,0.03612,100.0007,100.0,13.55,0.001,OBSERVED live symbol takerFeeRate,after_hours,regular,2026-09-18T23:05:03.291954+00:00,ticker_only,2026-09-16T19:34:15.315933+00:00,ticker_only,OBSERVED-NOW book scenario; fee/prices event-time,0.0006999999999948159,0.2000007,0.00014999250037498694,0.00020010005002497267,0.03500936003474622,0.23501006003474623,-0.2704300600347514,5.254458527805159,,eligibility snapshot time unpublished,
rSATA-2026-09-11-1,rSATA,RSATAUSDT,2026-09-11,open_0930,25000,0.0516,0.3,0.03612,100.0007,100.0,13.55,0.001,OBSERVED live symbol takerFeeRate,after_hours,regular,2026-09-18T23:05:03.291954+00:00,ticker_only,2026-09-16T19:34:15.315933+00:00,ticker_only,OBSERVED-NOW book scenario; fee/prices event-time,0.0006999999999948159,0.2000007,,0.00020010005002497267,,,,,,eligibility snapshot time unpublished,"sell: $25,000 exceeds visible top-of-book ($5,499) on ticker-only symbol"
rSATA-2026-09-11-1,rSATA,RSATAUSDT,2026-09-11,open_1000,1000,0.0516,0.3,0.03612,100.0007,100.0099,14.05,0.001,OBSERVED live symbol takerFeeRate,after_hours,regular,2026-09-18T23:05:03.291954+00:00,ticker_only,2026-09-16T19:34:15.315933+00:00,ticker_only,OBSERVED-NOW book scenario; fee/prices event-time,-0.00920000000000698,0.2000106,0.00014999250037498694,0.00020010005002497267,0.03501134102524147,0.2350219410252415,-0.28034194102524845,5.254688779558943,-0.1897019410252345,eligibility snapshot time unpublished,
rSATA-2026-09-11-1,rSATA,RSATAUSDT,2026-09-11,open_1000,5000,0.0516,0.3,0.03612,100.0007,100.0099,14.05,0.001,OBSERVED live symbol takerFeeRate,after_hours,regular,2026-09-18T23:05:03.291954+00:00,ticker_only,2026-09-16T19:34:15.315933+00:00,ticker_only,OBSERVED-NOW book scenario; fee/prices event-time,-0.00920000000000698,0.2000106,0.00014999250037498694,0.00020010005002497267,0.03501134102524147,0.2350219410252415,-0.28034194102524845,5.254688779558943,,eligibility snapshot time unpublished,
rSATA-2026-09-11-1,rSATA,RSATAUSDT,2026-09-11,open_1000,25000,0.0516,0.3,0.03612,100.0007,100.0099,14.05,0.001,OBSERVED live symbol takerFeeRate,after_hours,regular,2026-09-18T23:05:03.291954+00:00,ticker_only,2026-09-16T19:34:15.315933+00:00,ticker_only,OBSERVED-NOW book scenario; fee/prices event-time,-0.00920000000000698,0.2000106,,0.00020010005002497267,,,,,,eligibility snapshot time unpublished,"sell: $25,000 exceeds visible top-of-book ($5,499) on ticker-only symbol"
rSATA-2026-09-11-1,rSATA,RSATAUSDT,2026-09-11,close_1600,1000,0.0516,0.3,0.03612,100.0007,99.75,20.05,0.001,OBSERVED live symbol takerFeeRate,after_hours,after_hours,2026-09-18T23:05:03.291954+00:00,ticker_only,2026-09-18T23:05:03.291954+00:00,ticker_only,OBSERVED-NOW book scenario; fee/prices event-time,0.2506999999999948,0.1997507,0.00014999250037498694,0.00014999250037498694,0.029961106944653905,0.2297118069446539,-0.01513180694465907,5.151779204353758,-0.44429180694464876,eligibility snapshot time unpublished,
rSATA-2026-09-11-1,rSATA,RSATAUSDT,2026-09-11,close_1600,5000,0.0516,0.3,0.03612,100.0007,99.75,20.05,0.001,OBSERVED live symbol takerFeeRate,after_hours,after_hours,2026-09-18T23:05:03.291954+00:00,ticker_only,2026-09-18T23:05:03.291954+00:00,ticker_only,OBSERVED-NOW book scenario; fee/prices event-time,0.2506999999999948,0.1997507,0.00014999250037498694,,,,,,,eligibility snapshot time unpublished,"buy: $5,000 exceeds visible top-of-book ($2,500) on ticker-only symbol"
rSATA-2026-09-11-1,rSATA,RSATAUSDT,2026-09-11,close_1600,25000,0.0516,0.3,0.03612,100.0007,99.75,20.05,0.001,OBSERVED live symbol takerFeeRate,after_hours,after_hours,2026-09-18T23:05:03.291954+00:00,ticker_only,2026-09-18T23:05:03.291954+00:00,ticker_only,OBSERVED-NOW book scenario; fee/prices event-time,0.2506999999999948,0.1997507,,,,,,,,eligibility snapshot time unpublished,"sell: $25,000 exceeds visible top-of-book ($5,499) on ticker-only symbol; buy: $25,000 exceeds visible top-of-book ($2,500) on ticker-only symbol"
rSATA-2026-09-14-1,rSATA,RSATAUSDT,2026-09-14,overnight_2000,1000,0.0516,0.3,0.03612,99.9,99.97,48.766666666666666,0.001,OBSERVED live symbol takerFeeRate,after_hours,overnight,2026-09-18T23:05:03.291954+00:00,ticker_only,2026-09-19T03:05:03.356996+00:00,ticker_only,OBSERVED-NOW book scenario; fee/prices event-time,-0.06999999999999318,0.19987000000000002,0.00014999250037498694,0.00014999250037498694,0.02997900104994864,0.22984900104994865,-0.3359690010499418,5.154438004843966,-0.12372900104995549,eligibility snapshot time unpublished,
rSATA-2026-09-14-1,rSATA,RSATAUSDT,2026-09-14,overnight_2000,5000,0.0516,0.3,0.03612,99.9,99.97,48.766666666666666,0.001,OBSERVED live symbol takerFeeRate,after_hours,overnight,2026-09-18T23:05:03.291954+00:00,ticker_only,2026-09-19T03:05:03.356996+00:00,ticker_only,OBSERVED-NOW book scenario; fee/prices event-time,-0.06999999999999318,0.19987000000000002,0.00014999250037498694,,,,,,,eligibility snapshot time unpublished,"buy: $5,000 exceeds visible top-of-book ($2,500) on ticker-only symbol"
rSATA-2026-09-14-1,rSATA,RSATAUSDT,2026-09-14,overnight_2000,25000,0.0516,0.3,0.03612,99.9,99.97,48.766666666666666,0.001,OBSERVED live symbol takerFeeRate,after_hours,overnight,2026-09-18T23:05:03.291954+00:00,ticker_only,2026-09-19T03:05:03.356996+00:00,ticker_only,OBSERVED-NOW book scenario; fee/prices event-time,-0.06999999999999318,0.19987000000000002,,,,,,,,eligibility snapshot time unpublished,"sell: $25,000 exceeds visible top-of-book ($5,499) on ticker-only symbol; buy: $25,000 exceeds visible top-of-book ($2,500) on ticker-only symbol"
rSATA-2026-09-14-1,rSATA,RSATAUSDT,2026-09-14,premarket_0400,1000,0.0516,0.3,0.03612,99.9,99.9947,56.05,0.001,OBSERVED live symbol takerFeeRate,after_hours,pre_market,2026-09-18T23:05:03.291954+00:00,ticker_only,,,OBSERVED-NOW book scenario; fee/prices event-time,-0.0946999999999889,0.1998947,0.00014999250037498694,,,,,,,eligibility snapshot time unpublished,buy: no depth sample for this symbol/session
rSATA-2026-09-14-1,rSATA,RSATAUSDT,2026-09-14,premarket_0400,5000,0.0516,0.3,0.03612,99.9,99.9947,56.05,0.001,OBSERVED live symbol takerFeeRate,after_hours,pre_market,2026-09-18T23:05:03.291954+00:00,ticker_only,,,OBSERVED-NOW book scenario; fee/prices event-time,-0.0946999999999889,0.1998947,0.00014999250037498694,,,,,,,eligibility snapshot time unpublished,buy: no depth sample for this symbol/session
rSATA-2026-09-14-1,rSATA,RSATAUSDT,2026-09-14,premarket_0400,25000,0.0516,0.3,0.03612,99.9,99.9947,56.05,0.001,OBSERVED live symbol takerFeeRate,after_hours,pre_market,2026-09-18T23:05:03.291954+00:00,ticker_only,,,OBSERVED-NOW book scenario; fee/prices event-time,-0.0946999999999889,0.1998947,,,,,,,,eligibility snapshot time unpublished,"sell: $25,000 exceeds visible top-of-book ($5,499) on ticker-only symbol; buy: no depth sample for this symbol/session"
rSATA-2026-09-14-1,rSATA,RSATAUSDT,2026-09-14,open_0930,1000,0.0516,0.3,0.03612,99.9,99.65,61.55,0.001,OBSERVED live symbol takerFeeRate,after_hours,regular,2026-09-18T23:05:03.291954+00:00,ticker_only,2026-09-16T19:34:15.315933+00:00,ticker_only,OBSERVED-NOW book scenario; fee/prices event-time,0.25,0.19955,0.00014999250037498694,0.00020010005002497267,0.03492422077244972,0.23447422077244973,-0.02059422077244971,5.244074045977707,-0.44835422077244974,eligibility snapshot time unpublished,
rSATA-2026-09-14-1,rSATA,RSATAUSDT,2026-09-14,open_0930,5000,0.0516,0.3,0.03612,99.9,99.65,61.55,0.001,OBSERVED live symbol takerFeeRate,after_hours,regular,2026-09-18T23:05:03.291954+00:00,ticker_only,2026-09-16T19:34:15.315933+00:00,ticker_only,OBSERVED-NOW book scenario; fee/prices event-time,0.25,0.19955,0.00014999250037498694,0.00020010005002497267,0.03492422077244972,0.23447422077244973,-0.02059422077244971,5.244074045977707,,eligibility snapshot time unpublished,
rSATA-2026-09-14-1,rSATA,RSATAUSDT,2026-09-14,open_0930,25000,0.0516,0.3,0.03612,99.9,99.65,61.55,0.001,OBSERVED live symbol takerFeeRate,after_hours,regular,2026-09-18T23:05:03.291954+00:00,ticker_only,2026-09-16T19:34:15.315933+00:00,ticker_only,OBSERVED-NOW book scenario; fee/prices event-time,0.25,0.19955,,0.00020010005002497267,,,,,,eligibility snapshot time unpublished,"sell: $25,000 exceeds visible top-of-book ($5,499) on ticker-only symbol"
rSATA-2026-09-14-1,rSATA,RSATAUSDT,2026-09-14,open_1000,1000,0.0516,0.3,0.03612,99.9,99.95,62.06666666666667,0.001,OBSERVED live symbol takerFeeRate,after_hours,regular,2026-09-18T23:05:03.291954+00:00,ticker_only,2026-09-16T19:34:15.315933+00:00,ticker_only,OBSERVED-NOW book scenario; fee/prices event-time,-0.04999999999999716,0.19985000000000003,0.00014999250037498694,0.00020010005002497267,0.03498425078745722,0.23483425078745723,-0.3209542507874544,5.251051371849946,-0.1487142507874601,eligibility snapshot time unpublished,
rSATA-2026-09-14-1,rSATA,RSATAUSDT,2026-09-14,open_1000,5000,0.0516,0.3,0.03612,99.9,99.95,62.06666666666667,0.001,OBSERVED live symbol takerFeeRate,after_hours,regular,2026-09-18T23:05:03.291954+00:00,ticker_only,2026-09-16T19:34:15.315933+00:00,ticker_only,OBSERVED-NOW book scenario; fee/prices event-time,-0.04999999999999716,0.19985000000000003,0.00014999250037498694,0.00020010005002497267,0.03498425078745722,0.23483425078745723,-0.3209542507874544,5.251051371849946,,eligibility snapshot time unpublished,
rSATA-2026-09-14-1,rSATA,RSATAUSDT,2026-09-14,open_1000,25000,0.0516,0.3,0.03612,99.9,99.95,62.06666666666667,0.001,OBSERVED live symbol takerFeeRate,after_hours,regular,2026-09-18T23:05:03.291954+00:00,ticker_only,2026-09-16T19:34:15.315933+00:00,ticker_only,OBSERVED-NOW book scenario; fee/prices event-time,-0.04999999999999716,0.19985000000000003,,0.00020010005002497267,,,,,,eligibility snapshot time unpublished,"sell: $25,000 exceeds visible top-of-book ($5,499) on ticker-only symbol"
rSATA-2026-09-14-1,rSATA,RSATAUSDT,2026-09-14,close_1600,1000,0.0516,0.3,0.03612,99.9,100.01,68.05,0.001,OBSERVED live symbol takerFeeRate,after_hours,after_hours,2026-09-18T23:05:03.291954+00:00,ticker_only,2026-09-18T23:05:03.291954+00:00,ticker_only,OBSERVED-NOW book scenario; fee/prices event-time,-0.10999999999999943,0.19991000000000003,0.00014999250037498694,0.00014999250037498694,0.02998500074996364,0.22989500074996366,-0.3760150007499631,5.15532947189852,-0.08377500074996426,eligibility snapshot time unpublished,
rSATA-2026-09-14-1,rSATA,RSATAUSDT,2026-09-14,close_1600,5000,0.0516,0.3,0.03612,99.9,100.01,68.05,0.001,OBSERVED live symbol takerFeeRate,after_hours,after_hours,2026-09-18T23:05:03.291954+00:00,ticker_only,2026-09-18T23:05:03.291954+00:00,ticker_only,OBSERVED-NOW book scenario; fee/prices event-time,-0.10999999999999943,0.19991000000000003,0.00014999250037498694,,,,,,,eligibility snapshot time unpublished,"buy: $5,000 exceeds visible top-of-book ($2,500) on ticker-only symbol"
rSATA-2026-09-14-1,rSATA,RSATAUSDT,2026-09-14,close_1600,25000,0.0516,0.3,0.03612,99.9,100.01,68.05,0.001,OBSERVED live symbol takerFeeRate,after_hours,after_hours,2026-09-18T23:05:03.291954+00:00,ticker_only,2026-09-18T23:05:03.291954+00:00,ticker_only,OBSERVED-NOW book scenario; fee/prices event-time,-0.10999999999999943,0.19991000000000003,,,,,,,,eligibility snapshot time unpublished,"sell: $25,000 exceeds visible top-of-book ($5,499) on ticker-only symbol; buy: $25,000 exceeds visible top-of-book ($2,500) on ticker-only symbol"
rSATA-2026-09-15-1,rSATA,RSATAUSDT,2026-09-15,overnight_2000,1000,0.0516,0.3,0.03612,100.0001,100.04,3.966666666666667,0.001,OBSERVED live symbol takerFeeRate,after_hours,overnight,2026-09-18T23:05:03.291954+00:00,ticker_only,2026-09-19T03:05:03.356996+00:00,ticker_only,OBSERVED-NOW book scenario; fee/prices event-time,-0.03990000000000293,0.2000401,0.00014999250037498694,0.00014999250037498694,0.030004514774262428,0.2300446147742624,-0.30606461477426533,5.158228968493457,-0.1540246147742595,eligibility snapshot time unpublished,
rSATA-2026-09-15-1,rSATA,RSATAUSDT,2026-09-15,overnight_2000,5000,0.0516,0.3,0.03612,100.0001,100.04,3.966666666666667,0.001,OBSERVED live symbol takerFeeRate,after_hours,overnight,2026-09-18T23:05:03.291954+00:00,ticker_only,2026-09-19T03:05:03.356996+00:00,ticker_only,OBSERVED-NOW book scenario; fee/prices event-time,-0.03990000000000293,0.2000401,0.00014999250037498694,,,,,,,eligibility snapshot time unpublished,"buy: $5,000 exceeds visible top-of-book ($2,500) on ticker-only symbol"
rSATA-2026-09-15-1,rSATA,RSATAUSDT,2026-09-15,overnight_2000,25000,0.0516,0.3,0.03612,100.0001,100.04,3.966666666666667,0.001,OBSERVED live symbol takerFeeRate,after_hours,overnight,2026-09-18T23:05:03.291954+00:00,ticker_only,2026-09-19T03:05:03.356996+00:00,ticker_only,OBSERVED-NOW book scenario; fee/prices event-time,-0.03990000000000293,0.2000401,,,,,,,,eligibility snapshot time unpublished,"sell: $25,000 exceeds visible top-of-book ($5,499) on ticker-only symbol; buy: $25,000 exceeds visible top-of-book ($2,500) on ticker-only symbol"
rSATA-2026-09-15-1,rSATA,RSATAUSDT,2026-09-15,premarket_0400,1000,0.0516,0.3,0.03612,100.0001,100.0072,8.366666666666667,0.001,OBSERVED live symbol takerFeeRate,after_hours,pre_market,2026-09-18T23:05:03.291954+00:00,ticker_only,,,OBSERVED-NOW book scenario; fee/prices event-time,-0.007099999999994111,0.2000073,0.00014999250037498694,,,,,,,eligibility snapshot time unpublished,buy: no depth sample for this symbol/session
rSATA-2026-09-15-1,rSATA,RSATAUSDT,2026-09-15,premarket_0400,5000,0.0516,0.3,0.03612,100.0001,100.0072,8.366666666666667,0.001,OBSERVED live symbol takerFeeRate,after_hours,pre_market,2026-09-18T23:05:03.291954+00:00,ticker_only,,,OBSERVED-NOW book scenario; fee/prices event-time,-0.007099999999994111,0.2000073,0.00014999250037498694,,,,,,,eligibility snapshot time unpublished,buy: no depth sample for this symbol/session
rSATA-2026-09-15-1,rSATA,RSATAUSDT,2026-09-15,premarket_0400,25000,0.0516,0.3,0.03612,100.0001,100.0072,8.366666666666667,0.001,OBSERVED live symbol takerFeeRate,after_hours,pre_market,2026-09-18T23:05:03.291954+00:00,ticker_only,,,OBSERVED-NOW book scenario; fee/prices event-time,-0.007099999999994111,0.2000073,,,,,,,,eligibility snapshot time unpublished,"sell: $25,000 exceeds visible top-of-book ($5,499) on ticker-only symbol; buy: no depth sample for this symbol/session"
rSATA-2026-09-15-1,rSATA,RSATAUSDT,2026-09-15,open_0930,1000,0.0516,0.3,0.03612,100.0001,99.9,13.866666666666667,0.001,OBSERVED live symbol takerFeeRate,after_hours,regular,2026-09-18T23:05:03.291954+00:00,ticker_only,2026-09-16T19:34:15.315933+00:00,ticker_only,OBSERVED-NOW book scenario; fee/prices event-time,0.10009999999999764,0.19990010000000002,0.00014999250037498694,0.00020010005002497267,0.034989260034243505,0.23488936003424354,-0.1709093600342459,5.252119380508596,-0.2988693600342412,eligibility snapshot time unpublished,
rSATA-2026-09-15-1,rSATA,RSATAUSDT,2026-09-15,open_0930,5000,0.0516,0.3,0.03612,100.0001,99.9,13.866666666666667,0.001,OBSERVED live symbol takerFeeRate,after_hours,regular,2026-09-18T23:05:03.291954+00:00,ticker_only,2026-09-16T19:34:15.315933+00:00,ticker_only,OBSERVED-NOW book scenario; fee/prices event-time,0.10009999999999764,0.19990010000000002,0.00014999250037498694,0.00020010005002497267,0.034989260034243505,0.23488936003424354,-0.1709093600342459,5.252119380508596,,eligibility snapshot time unpublished,
rSATA-2026-09-15-1,rSATA,RSATAUSDT,2026-09-15,open_0930,25000,0.0516,0.3,0.03612,100.0001,99.9,13.866666666666667,0.001,OBSERVED live symbol takerFeeRate,after_hours,regular,2026-09-18T23:05:03.291954+00:00,ticker_only,2026-09-16T19:34:15.315933+00:00,ticker_only,OBSERVED-NOW book scenario; fee/prices event-time,0.10009999999999764,0.19990010000000002,,0.00020010005002497267,,,,,,eligibility snapshot time unpublished,"sell: $25,000 exceeds visible top-of-book ($5,499) on ticker-only symbol"
rSATA-2026-09-15-1,rSATA,RSATAUSDT,2026-09-15,open_1000,1000,0.0516,0.3,0.03612,100.0001,99.96,14.383333333333333,0.001,OBSERVED live symbol takerFeeRate,after_hours,regular,2026-09-18T23:05:03.291954+00:00,ticker_only,2026-09-16T19:34:15.315933+00:00,ticker_only,OBSERVED-NOW book scenario; fee/prices event-time,0.04010000000000957,0.1999601,0.00014999250037498694,0.00020010005002497267,0.035001266037245,0.234961366037245,-0.2309813660372354,5.253514845683042,-0.23894136603725458,eligibility snapshot time unpublished,
rSATA-2026-09-15-1,rSATA,RSATAUSDT,2026-09-15,open_1000,5000,0.0516,0.3,0.03612,100.0001,99.96,14.383333333333333,0.001,OBSERVED live symbol takerFeeRate,after_hours,regular,2026-09-18T23:05:03.291954+00:00,ticker_only,2026-09-16T19:34:15.315933+00:00,ticker_only,OBSERVED-NOW book scenario; fee/prices event-time,0.04010000000000957,0.1999601,0.00014999250037498694,0.00020010005002497267,0.035001266037245,0.234961366037245,-0.2309813660372354,5.253514845683042,,eligibility snapshot time unpublished,
rSATA-2026-09-15-1,rSATA,RSATAUSDT,2026-09-15,open_1000,25000,0.0516,0.3,0.03612,100.0001,99.96,14.383333333333333,0.001,OBSERVED live symbol takerFeeRate,after_hours,regular,2026-09-18T23:05:03.291954+00:00,ticker_only,2026-09-16T19:34:15.315933+00:00,ticker_only,OBSERVED-NOW book scenario; fee/prices event-time,0.04010000000000957,0.1999601,,0.00020010005002497267,,,,,,eligibility snapshot time unpublished,"sell: $25,000 exceeds visible top-of-book ($5,499) on ticker-only symbol"
rSATA-2026-09-15-1,rSATA,RSATAUSDT,2026-09-15,close_1600,1000,0.0516,0.3,0.03612,100.0001,100.0,20.366666666666667,0.001,OBSERVED live symbol takerFeeRate,after_hours,after_hours,2026-09-18T23:05:03.291954+00:00,ticker_only,2026-09-18T23:05:03.291954+00:00,ticker_only,OBSERVED-NOW book scenario; fee/prices event-time,0.00010000000000331966,0.20000010000000001,0.00014999250037498694,0.00014999250037498694,0.029998515074247424,0.22999861507424743,-0.2660186150742441,5.157337501438904,-0.19397861507425077,eligibility snapshot time unpublished,
rSATA-2026-09-15-1,rSATA,RSATAUSDT,2026-09-15,close_1600,5000,0.0516,0.3,0.03612,100.0001,100.0,20.366666666666667,0.001,OBSERVED live symbol takerFeeRate,after_hours,after_hours,2026-09-18T23:05:03.291954+00:00,ticker_only,2026-09-18T23:05:03.291954+00:00,ticker_only,OBSERVED-NOW book scenario; fee/prices event-time,0.00010000000000331966,0.20000010000000001,0.00014999250037498694,,,,,,,eligibility snapshot time unpublished,"buy: $5,000 exceeds visible top-of-book ($2,500) on ticker-only symbol"
rSATA-2026-09-15-1,rSATA,RSATAUSDT,2026-09-15,close_1600,25000,0.0516,0.3,0.03612,100.0001,100.0,20.366666666666667,0.001,OBSERVED live symbol takerFeeRate,after_hours,after_hours,2026-09-18T23:05:03.291954+00:00,ticker_only,2026-09-18T23:05:03.291954+00:00,ticker_only,OBSERVED-NOW book scenario; fee/prices event-time,0.00010000000000331966,0.20000010000000001,,,,,,,,eligibility snapshot time unpublished,"sell: $25,000 exceeds visible top-of-book ($5,499) on ticker-only symbol; buy: $25,000 exceeds visible top-of-book ($2,500) on ticker-only symbol"
rSATA-2026-09-16-1,rSATA,RSATAUSDT,2026-09-16,overnight_2000,1000,0.0516,0.3,0.03612,99.99,99.98,2.4166666666666665,0.001,OBSERVED live symbol takerFeeRate,after_hours,overnight,2026-09-18T23:05:03.291954+00:00,ticker_only,2026-09-19T03:05:03.356996+00:00,ticker_only,OBSERVED-NOW book scenario; fee/prices event-time,0.009999999999990905,0.19997,0.00014999250037498694,0.00014999250037498694,0.02999400029998614,0.22996400029998615,-0.25608400029999523,5.156666672480352,-0.20384400029997704,eligibility snapshot time unpublished,
rSATA-2026-09-16-1,rSATA,RSATAUSDT,2026-09-16,overnight_2000,5000,0.0516,0.3,0.03612,99.99,99.98,2.4166666666666665,0.001,OBSERVED live symbol takerFeeRate,after_hours,overnight,2026-09-18T23:05:03.291954+00:00,ticker_only,2026-09-19T03:05:03.356996+00:00,ticker_only,OBSERVED-NOW book scenario; fee/prices event-time,0.009999999999990905,0.19997,0.00014999250037498694,,,,,,,eligibility snapshot time unpublished,"buy: $5,000 exceeds visible top-of-book ($2,500) on ticker-only symbol"
rSATA-2026-09-16-1,rSATA,RSATAUSDT,2026-09-16,overnight_2000,25000,0.0516,0.3,0.03612,99.99,99.98,2.4166666666666665,0.001,OBSERVED live symbol takerFeeRate,after_hours,overnight,2026-09-18T23:05:03.291954+00:00,ticker_only,2026-09-19T03:05:03.356996+00:00,ticker_only,OBSERVED-NOW book scenario; fee/prices event-time,0.009999999999990905,0.19997,,,,,,,,eligibility snapshot time unpublished,"sell: $25,000 exceeds visible top-of-book ($5,499) on ticker-only symbol; buy: $25,000 exceeds visible top-of-book ($2,500) on ticker-only symbol"
rSATA-2026-09-16-1,rSATA,RSATAUSDT,2026-09-16,premarket_0400,1000,0.0516,0.3,0.03612,99.99,99.9997,8.033333333333333,0.001,OBSERVED live symbol takerFeeRate,after_hours,pre_market,2026-09-18T23:05:03.291954+00:00,ticker_only,,,OBSERVED-NOW book scenario; fee/prices event-time,-0.009700000000009368,0.1999897,0.00014999250037498694,,,,,,,eligibility snapshot time unpublished,buy: no depth sample for this symbol/session
rSATA-2026-09-16-1,rSATA,RSATAUSDT,2026-09-16,premarket_0400,5000,0.0516,0.3,0.03612,99.99,99.9997,8.033333333333333,0.001,OBSERVED live symbol takerFeeRate,after_hours,pre_market,2026-09-18T23:05:03.291954+00:00,ticker_only,,,OBSERVED-NOW book scenario; fee/prices event-time,-0.009700000000009368,0.1999897,0.00014999250037498694,,,,,,,eligibility snapshot time unpublished,buy: no depth sample for this symbol/session
rSATA-2026-09-16-1,rSATA,RSATAUSDT,2026-09-16,premarket_0400,25000,0.0516,0.3,0.03612,99.99,99.9997,8.033333333333333,0.001,OBSERVED live symbol takerFeeRate,after_hours,pre_market,2026-09-18T23:05:03.291954+00:00,ticker_only,,,OBSERVED-NOW book scenario; fee/prices event-time,-0.009700000000009368,0.1999897,,,,,,,,eligibility snapshot time unpublished,"sell: $25,000 exceeds visible top-of-book ($5,499) on ticker-only symbol; buy: no depth sample for this symbol/session"
rSATA-2026-09-16-1,rSATA,RSATAUSDT,2026-09-16,open_0930,1000,0.0516,0.3,0.03612,99.99,99.97,13.533333333333333,0.001,OBSERVED live symbol takerFeeRate,after_hours,regular,2026-09-18T23:05:03.291954+00:00,ticker_only,2026-09-16T19:34:15.315933+00:00,ticker_only,OBSERVED-NOW book scenario; fee/prices event-time,0.01999999999999602,0.19995999999999997,0.00014999250037498694,0.00020010005002497267,0.03500175211349146,0.23496175211349143,-0.2510817521134954,5.253522327780842,-0.21884175211348747,eligibility snapshot time unpublished,
rSATA-2026-09-16-1,rSATA,RSATAUSDT,2026-09-16,open_0930,5000,0.0516,0.3,0.03612,99.99,99.97,13.533333333333333,0.001,OBSERVED live symbol takerFeeRate,after_hours,regular,2026-09-18T23:05:03.291954+00:00,ticker_only,2026-09-16T19:34:15.315933+00:00,ticker_only,OBSERVED-NOW book scenario; fee/prices event-time,0.01999999999999602,0.19995999999999997,0.00014999250037498694,0.00020010005002497267,0.03500175211349146,0.23496175211349143,-0.2510817521134954,5.253522327780842,,eligibility snapshot time unpublished,
rSATA-2026-09-16-1,rSATA,RSATAUSDT,2026-09-16,open_0930,25000,0.0516,0.3,0.03612,99.99,99.97,13.533333333333333,0.001,OBSERVED live symbol takerFeeRate,after_hours,regular,2026-09-18T23:05:03.291954+00:00,ticker_only,2026-09-16T19:34:15.315933+00:00,ticker_only,OBSERVED-NOW book scenario; fee/prices event-time,0.01999999999999602,0.19995999999999997,,0.00020010005002497267,,,,,,eligibility snapshot time unpublished,"sell: $25,000 exceeds visible top-of-book ($5,499) on ticker-only symbol"
rSATA-2026-09-16-1,rSATA,RSATAUSDT,2026-09-16,open_1000,1000,0.0516,0.3,0.03612,99.99,99.82,14.083333333333334,0.001,OBSERVED live symbol takerFeeRate,after_hours,regular,2026-09-18T23:05:03.291954+00:00,ticker_only,2026-09-16T19:34:15.315933+00:00,ticker_only,OBSERVED-NOW book scenario; fee/prices event-time,0.1700000000000017,0.19981000000000002,0.00014999250037498694,0.00020010005002497267,0.034971737105987714,0.23478173710598774,-0.10090173710598602,5.2500336648447234,-0.36866173710598943,eligibility snapshot time unpublished,
rSATA-2026-09-16-1,rSATA,RSATAUSDT,2026-09-16,open_1000,5000,0.0516,0.3,0.03612,99.99,99.82,14.083333333333334,0.001,OBSERVED live symbol takerFeeRate,after_hours,regular,2026-09-18T23:05:03.291954+00:00,ticker_only,2026-09-16T19:34:15.315933+00:00,ticker_only,OBSERVED-NOW book scenario; fee/prices event-time,0.1700000000000017,0.19981000000000002,0.00014999250037498694,0.00020010005002497267,0.034971737105987714,0.23478173710598774,-0.10090173710598602,5.2500336648447234,,eligibility snapshot time unpublished,
rSATA-2026-09-16-1,rSATA,RSATAUSDT,2026-09-16,open_1000,25000,0.0516,0.3,0.03612,99.99,99.82,14.083333333333334,0.001,OBSERVED live symbol takerFeeRate,after_hours,regular,2026-09-18T23:05:03.291954+00:00,ticker_only,2026-09-16T19:34:15.315933+00:00,ticker_only,OBSERVED-NOW book scenario; fee/prices event-time,0.1700000000000017,0.19981000000000002,,0.00020010005002497267,,,,,,eligibility snapshot time unpublished,"sell: $25,000 exceeds visible top-of-book ($5,499) on ticker-only symbol"
rSATA-2026-09-16-1,rSATA,RSATAUSDT,2026-09-16,close_1600,1000,0.0516,0.3,0.03612,99.99,100.01,20.033333333333335,0.001,OBSERVED live symbol takerFeeRate,after_hours,after_hours,2026-09-18T23:05:03.291954+00:00,ticker_only,2026-09-18T23:05:03.291954+00:00,ticker_only,OBSERVED-NOW book scenario; fee/prices event-time,-0.020000000000010232,0.2,0.00014999250037498694,0.00014999250037498694,0.029998500074997388,0.2299985000749974,-0.2861185000750076,5.157335272771267,-0.17387850007498717,eligibility snapshot time unpublished,
rSATA-2026-09-16-1,rSATA,RSATAUSDT,2026-09-16,close_1600,5000,0.0516,0.3,0.03612,99.99,100.01,20.033333333333335,0.001,OBSERVED live symbol takerFeeRate,after_hours,after_hours,2026-09-18T23:05:03.291954+00:00,ticker_only,2026-09-18T23:05:03.291954+00:00,ticker_only,OBSERVED-NOW book scenario; fee/prices event-time,-0.020000000000010232,0.2,0.00014999250037498694,,,,,,,eligibility snapshot time unpublished,"buy: $5,000 exceeds visible top-of-book ($2,500) on ticker-only symbol"
rSATA-2026-09-16-1,rSATA,RSATAUSDT,2026-09-16,close_1600,25000,0.0516,0.3,0.03612,99.99,100.01,20.033333333333335,0.001,OBSERVED live symbol takerFeeRate,after_hours,after_hours,2026-09-18T23:05:03.291954+00:00,ticker_only,2026-09-18T23:05:03.291954+00:00,ticker_only,OBSERVED-NOW book scenario; fee/prices event-time,-0.020000000000010232,0.2,,,,,,,,eligibility snapshot time unpublished,"sell: $25,000 exceeds visible top-of-book ($5,499) on ticker-only symbol; buy: $25,000 exceeds visible top-of-book ($2,500) on ticker-only symbol"
rSPXU-2026-06-24-1,rSPXU,RSPXUUSDT,2026-06-24,overnight_2000,1000,0.391445,0.3,0.2740115,39.2,38.78,0.06666666666666667,0.0005,DOCUMENTED promotional 0.05% through 2026-08-31,after_hours,overnight,2026-09-18T23:05:03.291954+00:00,ticker_only,2026-09-19T03:05:03.356996+00:00,ticker_only,OBSERVED-NOW book scenario; fee/prices event-time,0.4200000000000017,0.038990000000000004,,,,,,,,eligibility snapshot time unpublished,"sell: $1,000 exceeds visible top-of-book ($351) on ticker-only symbol; buy: $1,000 exceeds visible top-of-book ($352) on ticker-only symbol"
rSPXU-2026-06-24-1,rSPXU,RSPXUUSDT,2026-06-24,overnight_2000,5000,0.391445,0.3,0.2740115,39.2,38.78,0.06666666666666667,0.0005,DOCUMENTED promotional 0.05% through 2026-08-31,after_hours,overnight,2026-09-18T23:05:03.291954+00:00,ticker_only,2026-09-19T03:05:03.356996+00:00,ticker_only,OBSERVED-NOW book scenario; fee/prices event-time,0.4200000000000017,0.038990000000000004,,,,,,,,eligibility snapshot time unpublished,"sell: $5,000 exceeds visible top-of-book ($351) on ticker-only symbol; buy: $5,000 exceeds visible top-of-book ($352) on ticker-only symbol"
rSPXU-2026-06-24-1,rSPXU,RSPXUUSDT,2026-06-24,overnight_2000,25000,0.391445,0.3,0.2740115,39.2,38.78,0.06666666666666667,0.0005,DOCUMENTED promotional 0.05% through 2026-08-31,after_hours,overnight,2026-09-18T23:05:03.291954+00:00,ticker_only,2026-09-19T03:05:03.356996+00:00,ticker_only,OBSERVED-NOW book scenario; fee/prices event-time,0.4200000000000017,0.038990000000000004,,,,,,,,eligibility snapshot time unpublished,"sell: $25,000 exceeds visible top-of-book ($351) on ticker-only symbol; buy: $25,000 exceeds visible top-of-book ($352) on ticker-only symbol"
rSPXU-2026-06-24-1,rSPXU,RSPXUUSDT,2026-06-24,premarket_0400,1000,0.391445,0.3,0.2740115,39.2,38.834,8.016666666666667,0.0005,DOCUMENTED promotional 0.05% through 2026-08-31,after_hours,pre_market,2026-09-18T23:05:03.291954+00:00,ticker_only,,,OBSERVED-NOW book scenario; fee/prices event-time,0.36599999999999966,0.039017,,,,,,,,eligibility snapshot time unpublished,"sell: $1,000 exceeds visible top-of-book ($351) on ticker-only symbol; buy: no depth sample for this symbol/session"
rSPXU-2026-06-24-1,rSPXU,RSPXUUSDT,2026-06-24,premarket_0400,5000,0.391445,0.3,0.2740115,39.2,38.834,8.016666666666667,0.0005,DOCUMENTED promotional 0.05% through 2026-08-31,after_hours,pre_market,2026-09-18T23:05:03.291954+00:00,ticker_only,,,OBSERVED-NOW book scenario; fee/prices event-time,0.36599999999999966,0.039017,,,,,,,,eligibility snapshot time unpublished,"sell: $5,000 exceeds visible top-of-book ($351) on ticker-only symbol; buy: no depth sample for this symbol/session"
rSPXU-2026-06-24-1,rSPXU,RSPXUUSDT,2026-06-24,premarket_0400,25000,0.391445,0.3,0.2740115,39.2,38.834,8.016666666666667,0.0005,DOCUMENTED promotional 0.05% through 2026-08-31,after_hours,pre_market,2026-09-18T23:05:03.291954+00:00,ticker_only,,,OBSERVED-NOW book scenario; fee/prices event-time,0.36599999999999966,0.039017,,,,,,,,eligibility snapshot time unpublished,"sell: $25,000 exceeds visible top-of-book ($351) on ticker-only symbol; buy: no depth sample for this symbol/session"
rSPXU-2026-06-24-1,rSPXU,RSPXUUSDT,2026-06-24,open_0930,1000,0.391445,0.3,0.2740115,39.2,38.885,13.516666666666667,0.0005,DOCUMENTED promotional 0.05% through 2026-08-31,after_hours,regular,2026-09-18T23:05:03.291954+00:00,ticker_only,2026-09-16T19:34:15.315933+00:00,ticker_only,OBSERVED-NOW book scenario; fee/prices event-time,0.31500000000000483,0.03904250000000001,,0.00013563000135627306,,,,,,eligibility snapshot time unpublished,"sell: $1,000 exceeds visible top-of-book ($351) on ticker-only symbol"
rSPXU-2026-06-24-1,rSPXU,RSPXUUSDT,2026-06-24,open_0930,5000,0.391445,0.3,0.2740115,39.2,38.885,13.516666666666667,0.0005,DOCUMENTED promotional 0.05% through 2026-08-31,after_hours,regular,2026-09-18T23:05:03.291954+00:00,ticker_only,2026-09-16T19:34:15.315933+00:00,ticker_only,OBSERVED-NOW book scenario; fee/prices event-time,0.31500000000000483,0.03904250000000001,,0.00013563000135627306,,,,,,eligibility snapshot time unpublished,"sell: $5,000 exceeds visible top-of-book ($351) on ticker-only symbol"
rSPXU-2026-06-24-1,rSPXU,RSPXUUSDT,2026-06-24,open_0930,25000,0.391445,0.3,0.2740115,39.2,38.885,13.516666666666667,0.0005,DOCUMENTED promotional 0.05% through 2026-08-31,after_hours,regular,2026-09-18T23:05:03.291954+00:00,ticker_only,2026-09-16T19:34:15.315933+00:00,ticker_only,OBSERVED-NOW book scenario; fee/prices event-time,0.31500000000000483,0.03904250000000001,,0.00013563000135627306,,,,,,eligibility snapshot time unpublished,"sell: $25,000 exceeds visible top-of-book ($351) on ticker-only symbol"
rSPXU-2026-06-24-1,rSPXU,RSPXUUSDT,2026-06-24,open_1000,1000,0.391445,0.3,0.2740115,39.2,38.705,14.016666666666667,0.0005,DOCUMENTED promotional 0.05% through 2026-08-31,after_hours,regular,2026-09-18T23:05:03.291954+00:00,ticker_only,2026-09-16T19:34:15.315933+00:00,ticker_only,OBSERVED-NOW book scenario; fee/prices event-time,0.49500000000000455,0.0389525,,0.00013563000135627306,,,,,,eligibility snapshot time unpublished,"sell: $1,000 exceeds visible top-of-book ($351) on ticker-only symbol"
rSPXU-2026-06-24-1,rSPXU,RSPXUUSDT,2026-06-24,open_1000,5000,0.391445,0.3,0.2740115,39.2,38.705,14.016666666666667,0.0005,DOCUMENTED promotional 0.05% through 2026-08-31,after_hours,regular,2026-09-18T23:05:03.291954+00:00,ticker_only,2026-09-16T19:34:15.315933+00:00,ticker_only,OBSERVED-NOW book scenario; fee/prices event-time,0.49500000000000455,0.0389525,,0.00013563000135627306,,,,,,eligibility snapshot time unpublished,"sell: $5,000 exceeds visible top-of-book ($351) on ticker-only symbol"
rSPXU-2026-06-24-1,rSPXU,RSPXUUSDT,2026-06-24,open_1000,25000,0.391445,0.3,0.2740115,39.2,38.705,14.016666666666667,0.0005,DOCUMENTED promotional 0.05% through 2026-08-31,after_hours,regular,2026-09-18T23:05:03.291954+00:00,ticker_only,2026-09-16T19:34:15.315933+00:00,ticker_only,OBSERVED-NOW book scenario; fee/prices event-time,0.49500000000000455,0.0389525,,0.00013563000135627306,,,,,,eligibility snapshot time unpublished,"sell: $25,000 exceeds visible top-of-book ($351) on ticker-only symbol"
rSPXU-2026-06-24-1,rSPXU,RSPXUUSDT,2026-06-24,close_1600,1000,0.391445,0.3,0.2740115,39.2,39.077,20.016666666666666,0.0005,DOCUMENTED promotional 0.05% through 2026-08-31,after_hours,after_hours,2026-09-18T23:05:03.291954+00:00,ticker_only,2026-09-18T23:05:03.291954+00:00,ticker_only,OBSERVED-NOW book scenario; fee/prices event-time,0.12300000000000466,0.0391385,,,,,,,,eligibility snapshot time unpublished,"sell: $1,000 exceeds visible top-of-book ($351) on ticker-only symbol; buy: $1,000 exceeds visible top-of-book ($351) on ticker-only symbol"
rSPXU-2026-06-24-1,rSPXU,RSPXUUSDT,2026-06-24,close_1600,5000,0.391445,0.3,0.2740115,39.2,39.077,20.016666666666666,0.0005,DOCUMENTED promotional 0.05% through 2026-08-31,after_hours,after_hours,2026-09-18T23:05:03.291954+00:00,ticker_only,2026-09-18T23:05:03.291954+00:00,ticker_only,OBSERVED-NOW book scenario; fee/prices event-time,0.12300000000000466,0.0391385,,,,,,,,eligibility snapshot time unpublished,"sell: $5,000 exceeds visible top-of-book ($351) on ticker-only symbol; buy: $5,000 exceeds visible top-of-book ($351) on ticker-only symbol"
rSPXU-2026-06-24-1,rSPXU,RSPXUUSDT,2026-06-24,close_1600,25000,0.391445,0.3,0.2740115,39.2,39.077,20.016666666666666,0.0005,DOCUMENTED promotional 0.05% through 2026-08-31,after_hours,after_hours,2026-09-18T23:05:03.291954+00:00,ticker_only,2026-09-18T23:05:03.291954+00:00,ticker_only,OBSERVED-NOW book scenario; fee/prices event-time,0.12300000000000466,0.0391385,,,,,,,,eligibility snapshot time unpublished,"sell: $25,000 exceeds visible top-of-book ($351) on ticker-only symbol; buy: $25,000 exceeds visible top-of-book ($351) on ticker-only symbol"
rSQQQ-2026-06-24-1,rSQQQ,RSQQQUSDT,2026-06-24,overnight_2000,1000,0.637637,0.3,0.4463459,40.177,39.66,0.016666666666666666,0.0005,DOCUMENTED promotional 0.05% through 2026-08-31,after_hours,overnight,2026-09-18T23:05:03.291954+00:00,public_book,2026-09-19T03:05:03.356996+00:00,public_book,OBSERVED-NOW book scenario; fee/prices event-time,0.517000000000003,0.039918499999999996,0.0008648623148096446,0.0012338855643176938,0.08368347470294682,0.12360197470294682,-0.05294787470294382,0.8938437931032026,-0.17178998671902676,eligibility snapshot time unpublished,
rSQQQ-2026-06-24-1,rSQQQ,RSQQQUSDT,2026-06-24,overnight_2000,5000,0.637637,0.3,0.4463459,40.177,39.66,0.016666666666666666,0.0005,DOCUMENTED promotional 0.05% through 2026-08-31,after_hours,overnight,2026-09-18T23:05:03.291954+00:00,public_book,2026-09-19T03:05:03.356996+00:00,public_book,OBSERVED-NOW book scenario; fee/prices event-time,0.517000000000003,0.039918499999999996,0.002991907656420878,0.0020886302917464405,0.20304095128268546,0.24295945128268545,-0.17230535128268246,1.0810309804523348,-0.27552082917981136,eligibility snapshot time unpublished,
rSQQQ-2026-06-24-1,rSQQQ,RSQQQUSDT,2026-06-24,overnight_2000,25000,0.637637,0.3,0.4463459,40.177,39.66,0.016666666666666666,0.0005,DOCUMENTED promotional 0.05% through 2026-08-31,after_hours,overnight,2026-09-18T23:05:03.291954+00:00,public_book,2026-09-19T03:05:03.356996+00:00,public_book,OBSERVED-NOW book scenario; fee/prices event-time,0.517000000000003,0.039918499999999996,0.004803884192807972,0.00409027615506985,0.35522600752451616,0.39514450752451613,-0.32449040752451314,1.319701346572605,-0.4428734758898475,eligibility snapshot time unpublished,
rSQQQ-2026-06-24-1,rSQQQ,RSQQQUSDT,2026-06-24,premarket_0400,1000,0.637637,0.3,0.4463459,40.177,39.448,8.016666666666667,0.0005,DOCUMENTED promotional 0.05% through 2026-08-31,after_hours,pre_market,2026-09-18T23:05:03.291954+00:00,public_book,,,OBSERVED-NOW book scenario; fee/prices event-time,0.7289999999999992,0.0398125,0.0008648623148096446,,,,,,,eligibility snapshot time unpublished,buy: no depth sample for this symbol/session
rSQQQ-2026-06-24-1,rSQQQ,RSQQQUSDT,2026-06-24,premarket_0400,5000,0.637637,0.3,0.4463459,40.177,39.448,8.016666666666667,0.0005,DOCUMENTED promotional 0.05% through 2026-08-31,after_hours,pre_market,2026-09-18T23:05:03.291954+00:00,public_book,,,OBSERVED-NOW book scenario; fee/prices event-time,0.7289999999999992,0.0398125,0.002991907656420878,,,,,,,eligibility snapshot time unpublished,buy: no depth sample for this symbol/session
rSQQQ-2026-06-24-1,rSQQQ,RSQQQUSDT,2026-06-24,premarket_0400,25000,0.637637,0.3,0.4463459,40.177,39.448,8.016666666666667,0.0005,DOCUMENTED promotional 0.05% through 2026-08-31,after_hours,pre_market,2026-09-18T23:05:03.291954+00:00,public_book,,,OBSERVED-NOW book scenario; fee/prices event-time,0.7289999999999992,0.0398125,0.004803884192807972,,,,,,,eligibility snapshot time unpublished,buy: no depth sample for this symbol/session
rSQQQ-2026-06-24-1,rSQQQ,RSQQQUSDT,2026-06-24,open_0930,1000,0.637637,0.3,0.4463459,40.177,39.879,13.516666666666667,0.0005,DOCUMENTED promotional 0.05% through 2026-08-31,after_hours,regular,2026-09-18T23:05:03.291954+00:00,public_book,2026-09-16T19:34:15.315933+00:00,public_book,OBSERVED-NOW book scenario; fee/prices event-time,0.2980000000000018,0.040028,0.0008648623148096446,0.0008039671969646278,0.06680898106985948,0.10683698106985948,-0.25518288106985765,0.8675514141586191,0.05278655029202409,eligibility snapshot time unpublished,
rSQQQ-2026-06-24-1,rSQQQ,RSQQQUSDT,2026-06-24,open_0930,5000,0.637637,0.3,0.4463459,40.177,39.879,13.516666666666667,0.0005,DOCUMENTED promotional 0.05% through 2026-08-31,after_hours,regular,2026-09-18T23:05:03.291954+00:00,public_book,2026-09-16T19:34:15.315933+00:00,public_book,OBSERVED-NOW book scenario; fee/prices event-time,0.2980000000000018,0.040028,0.002991907656420878,0.0023175530796273325,0.21262757317448,0.25265557317448,-0.4010014731744782,1.0962373155486271,-0.03225121203048295,eligibility snapshot time unpublished,
rSQQQ-2026-06-24-1,rSQQQ,RSQQQUSDT,2026-06-24,open_0930,25000,0.637637,0.3,0.4463459,40.177,39.879,13.516666666666667,0.0005,DOCUMENTED promotional 0.05% through 2026-08-31,after_hours,regular,2026-09-18T23:05:03.291954+00:00,public_book,2026-09-16T19:34:15.315933+00:00,public_book,OBSERVED-NOW book scenario; fee/prices event-time,0.2980000000000018,0.040028,0.004803884192807972,0.0047380475882166095,0.38195425498493607,0.4219822549849361,-0.5703281549849343,1.361790728870715,-0.18063160135430317,eligibility snapshot time unpublished,
rSQQQ-2026-06-24-1,rSQQQ,RSQQQUSDT,2026-06-24,open_1000,1000,0.637637,0.3,0.4463459,40.177,39.896,14.016666666666667,0.0005,DOCUMENTED promotional 0.05% through 2026-08-31,after_hours,regular,2026-09-18T23:05:03.291954+00:00,public_book,2026-09-16T19:34:15.315933+00:00,public_book,OBSERVED-NOW book scenario; fee/prices event-time,0.2809999999999988,0.0400365,0.0008648623148096446,0.0008039671969646278,0.06682264851220789,0.10685914851220789,-0.2722050485122091,0.8675861791461409,0.06976705266906881,eligibility snapshot time unpublished,
rSQQQ-2026-06-24-1,rSQQQ,RSQQQUSDT,2026-06-24,open_1000,5000,0.637637,0.3,0.4463459,40.177,39.896,14.016666666666667,0.0005,DOCUMENTED promotional 0.05% through 2026-08-31,after_hours,regular,2026-09-18T23:05:03.291954+00:00,public_book,2026-09-16T19:34:15.315933+00:00,public_book,OBSERVED-NOW book scenario; fee/prices event-time,0.2809999999999988,0.0400365,0.002991907656420878,0.0023175530796273325,0.21266697157683367,0.2527034715768337,-0.4180493715768349,1.0963124341542818,-0.015289096125818996,eligibility snapshot time unpublished,
rSQQQ-2026-06-24-1,rSQQQ,RSQQQUSDT,2026-06-24,open_1000,25000,0.637637,0.3,0.4463459,40.177,39.896,14.016666666666667,0.0005,DOCUMENTED promotional 0.05% through 2026-08-31,after_hours,regular,2026-09-18T23:05:03.291954+00:00,public_book,2026-09-16T19:34:15.315933+00:00,public_book,OBSERVED-NOW book scenario; fee/prices event-time,0.2809999999999988,0.0400365,0.004803884192807972,0.0047380475882166095,0.3820348017939358,0.4220713017939358,-0.587417201793937,1.361930380128405,-0.16369883912267982,eligibility snapshot time unpublished,
rSQQQ-2026-06-24-1,rSQQQ,RSQQQUSDT,2026-06-24,close_1600,1000,0.637637,0.3,0.4463459,40.177,40.378,20.016666666666666,0.0005,DOCUMENTED promotional 0.05% through 2026-08-31,after_hours,after_hours,2026-09-18T23:05:03.291954+00:00,public_book,2026-09-18T23:05:03.291954+00:00,public_book,OBSERVED-NOW book scenario; fee/prices event-time,-0.2010000000000005,0.0402775,0.0008648623148096446,0.0007400469672900201,0.06462918966734352,0.10490668966734351,-0.7522525896673441,0.8645241566398177,0.5424141224478056,eligibility snapshot time unpublished,
rSQQQ-2026-06-24-1,rSQQQ,RSQQQUSDT,2026-06-24,close_1600,5000,0.637637,0.3,0.4463459,40.177,40.378,20.016666666666666,0.0005,DOCUMENTED promotional 0.05% through 2026-08-31,after_hours,after_hours,2026-09-18T23:05:03.291954+00:00,public_book,2026-09-18T23:05:03.291954+00:00,public_book,OBSERVED-NOW book scenario; fee/prices event-time,-0.2010000000000005,0.0402775,0.002991907656420878,0.0017830900712769715,0.19220348481004318,0.23248098481004317,-0.8798268848100438,1.0645977018429658,0.41462194285534354,eligibility snapshot time unpublished,
rSQQQ-2026-06-24-1,rSQQQ,RSQQQUSDT,2026-06-24,close_1600,25000,0.637637,0.3,0.4463459,40.177,40.378,20.016666666666666,0.0005,DOCUMENTED promotional 0.05% through 2026-08-31,after_hours,after_hours,2026-09-18T23:05:03.291954+00:00,public_book,2026-09-18T23:05:03.291954+00:00,public_book,OBSERVED-NOW book scenario; fee/prices event-time,-0.2010000000000005,0.0402775,0.004803884192807972,0.003762378032806879,0.34492295542312207,0.3852004554231221,-1.0325463554231227,1.3041061849032007,0.2619361018387183,eligibility snapshot time unpublished,
rSTM-2026-06-23-1,rSTM,RSTMUSDT,2026-06-23,overnight_2000,1000,0.0765,0.3,0.05355,79.565,79.25,0.03333333333333333,0.0005,DOCUMENTED promotional 0.05% through 2026-08-31,after_hours,overnight,2026-09-18T23:05:03.291954+00:00,ticker_only,2026-09-19T03:05:03.356996+00:00,ticker_only,OBSERVED-NOW book scenario; fee/prices event-time,0.3149999999999977,0.0794075,,,,,,,,eligibility snapshot time unpublished,"sell: $1,000 exceeds visible top-of-book ($100) on ticker-only symbol; buy: $1,000 exceeds visible top-of-book ($152) on ticker-only symbol"
rSTM-2026-06-23-1,rSTM,RSTMUSDT,2026-06-23,overnight_2000,5000,0.0765,0.3,0.05355,79.565,79.25,0.03333333333333333,0.0005,DOCUMENTED promotional 0.05% through 2026-08-31,after_hours,overnight,2026-09-18T23:05:03.291954+00:00,ticker_only,2026-09-19T03:05:03.356996+00:00,ticker_only,OBSERVED-NOW book scenario; fee/prices event-time,0.3149999999999977,0.0794075,,,,,,,,eligibility snapshot time unpublished,"sell: $5,000 exceeds visible top-of-book ($100) on ticker-only symbol; buy: $5,000 exceeds visible top-of-book ($152) on ticker-only symbol"
rSTM-2026-06-23-1,rSTM,RSTMUSDT,2026-06-23,overnight_2000,25000,0.0765,0.3,0.05355,79.565,79.25,0.03333333333333333,0.0005,DOCUMENTED promotional 0.05% through 2026-08-31,after_hours,overnight,2026-09-18T23:05:03.291954+00:00,ticker_only,2026-09-19T03:05:03.356996+00:00,ticker_only,OBSERVED-NOW book scenario; fee/prices event-time,0.3149999999999977,0.0794075,,,,,,,,eligibility snapshot time unpublished,"sell: $25,000 exceeds visible top-of-book ($100) on ticker-only symbol; buy: $25,000 exceeds visible top-of-book ($152) on ticker-only symbol"
rSTM-2026-06-23-1,rSTM,RSTMUSDT,2026-06-23,premarket_0400,1000,0.0765,0.3,0.05355,79.565,73.758,8.016666666666667,0.0005,DOCUMENTED promotional 0.05% through 2026-08-31,after_hours,pre_market,2026-09-18T23:05:03.291954+00:00,ticker_only,,,OBSERVED-NOW book scenario; fee/prices event-time,5.807000000000002,0.0766615,,,,,,,,eligibility snapshot time unpublished,"sell: $1,000 exceeds visible top-of-book ($100) on ticker-only symbol; buy: no depth sample for this symbol/session"
rSTM-2026-06-23-1,rSTM,RSTMUSDT,2026-06-23,premarket_0400,5000,0.0765,0.3,0.05355,79.565,73.758,8.016666666666667,0.0005,DOCUMENTED promotional 0.05% through 2026-08-31,after_hours,pre_market,2026-09-18T23:05:03.291954+00:00,ticker_only,,,OBSERVED-NOW book scenario; fee/prices event-time,5.807000000000002,0.0766615,,,,,,,,eligibility snapshot time unpublished,"sell: $5,000 exceeds visible top-of-book ($100) on ticker-only symbol; buy: no depth sample for this symbol/session"
rSTM-2026-06-23-1,rSTM,RSTMUSDT,2026-06-23,premarket_0400,25000,0.0765,0.3,0.05355,79.565,73.758,8.016666666666667,0.0005,DOCUMENTED promotional 0.05% through 2026-08-31,after_hours,pre_market,2026-09-18T23:05:03.291954+00:00,ticker_only,,,OBSERVED-NOW book scenario; fee/prices event-time,5.807000000000002,0.0766615,,,,,,,,eligibility snapshot time unpublished,"sell: $25,000 exceeds visible top-of-book ($100) on ticker-only symbol; buy: no depth sample for this symbol/session"
rSTM-2026-06-23-1,rSTM,RSTMUSDT,2026-06-23,open_0930,1000,0.0765,0.3,0.05355,79.565,72.15,13.516666666666667,0.0005,DOCUMENTED promotional 0.05% through 2026-08-31,after_hours,regular,2026-09-18T23:05:03.291954+00:00,ticker_only,2026-09-16T19:34:15.315933+00:00,ticker_only,OBSERVED-NOW book scenario; fee/prices event-time,7.414999999999992,0.07585750000000001,,0.000104591569919518,,,,,,eligibility snapshot time unpublished,"sell: $1,000 exceeds visible top-of-book ($100) on ticker-only symbol"
rSTM-2026-06-23-1,rSTM,RSTMUSDT,2026-06-23,open_0930,5000,0.0765,0.3,0.05355,79.565,72.15,13.516666666666667,0.0005,DOCUMENTED promotional 0.05% through 2026-08-31,after_hours,regular,2026-09-18T23:05:03.291954+00:00,ticker_only,2026-09-16T19:34:15.315933+00:00,ticker_only,OBSERVED-NOW book scenario; fee/prices event-time,7.414999999999992,0.07585750000000001,,,,,,,,eligibility snapshot time unpublished,"sell: $5,000 exceeds visible top-of-book ($100) on ticker-only symbol; buy: $5,000 exceeds visible top-of-book ($2,390) on ticker-only symbol"
rSTM-2026-06-23-1,rSTM,RSTMUSDT,2026-06-23,open_0930,25000,0.0765,0.3,0.05355,79.565,72.15,13.516666666666667,0.0005,DOCUMENTED promotional 0.05% through 2026-08-31,after_hours,regular,2026-09-18T23:05:03.291954+00:00,ticker_only,2026-09-16T19:34:15.315933+00:00,ticker_only,OBSERVED-NOW book scenario; fee/prices event-time,7.414999999999992,0.07585750000000001,,,,,,,,eligibility snapshot time unpublished,"sell: $25,000 exceeds visible top-of-book ($100) on ticker-only symbol; buy: $25,000 exceeds visible top-of-book ($2,390) on ticker-only symbol"
rSTM-2026-06-23-1,rSTM,RSTMUSDT,2026-06-23,open_1000,1000,0.0765,0.3,0.05355,79.565,73.665,14.016666666666667,0.0005,DOCUMENTED promotional 0.05% through 2026-08-31,after_hours,regular,2026-09-18T23:05:03.291954+00:00,ticker_only,2026-09-16T19:34:15.315933+00:00,ticker_only,OBSERVED-NOW book scenario; fee/prices event-time,5.8999999999999915,0.07661500000000002,,0.000104591569919518,,,,,,eligibility snapshot time unpublished,"sell: $1,000 exceeds visible top-of-book ($100) on ticker-only symbol"
rSTM-2026-06-23-1,rSTM,RSTMUSDT,2026-06-23,open_1000,5000,0.0765,0.3,0.05355,79.565,73.665,14.016666666666667,0.0005,DOCUMENTED promotional 0.05% through 2026-08-31,after_hours,regular,2026-09-18T23:05:03.291954+00:00,ticker_only,2026-09-16T19:34:15.315933+00:00,ticker_only,OBSERVED-NOW book scenario; fee/prices event-time,5.8999999999999915,0.07661500000000002,,,,,,,,eligibility snapshot time unpublished,"sell: $5,000 exceeds visible top-of-book ($100) on ticker-only symbol; buy: $5,000 exceeds visible top-of-book ($2,390) on ticker-only symbol"
rSTM-2026-06-23-1,rSTM,RSTMUSDT,2026-06-23,open_1000,25000,0.0765,0.3,0.05355,79.565,73.665,14.016666666666667,0.0005,DOCUMENTED promotional 0.05% through 2026-08-31,after_hours,regular,2026-09-18T23:05:03.291954+00:00,ticker_only,2026-09-16T19:34:15.315933+00:00,ticker_only,OBSERVED-NOW book scenario; fee/prices event-time,5.8999999999999915,0.07661500000000002,,,,,,,,eligibility snapshot time unpublished,"sell: $25,000 exceeds visible top-of-book ($100) on ticker-only symbol; buy: $25,000 exceeds visible top-of-book ($2,390) on ticker-only symbol"
rSTM-2026-06-23-1,rSTM,RSTMUSDT,2026-06-23,close_1600,1000,0.0765,0.3,0.05355,79.565,73.023,20.016666666666666,0.0005,DOCUMENTED promotional 0.05% through 2026-08-31,after_hours,after_hours,2026-09-18T23:05:03.291954+00:00,ticker_only,2026-09-18T23:05:03.291954+00:00,ticker_only,OBSERVED-NOW book scenario; fee/prices event-time,6.542000000000002,0.076294,,,,,,,,eligibility snapshot time unpublished,"sell: $1,000 exceeds visible top-of-book ($100) on ticker-only symbol; buy: $1,000 exceeds visible top-of-book ($101) on ticker-only symbol"
rSTM-2026-06-23-1,rSTM,RSTMUSDT,2026-06-23,close_1600,5000,0.0765,0.3,0.05355,79.565,73.023,20.016666666666666,0.0005,DOCUMENTED promotional 0.05% through 2026-08-31,after_hours,after_hours,2026-09-18T23:05:03.291954+00:00,ticker_only,2026-09-18T23:05:03.291954+00:00,ticker_only,OBSERVED-NOW book scenario; fee/prices event-time,6.542000000000002,0.076294,,,,,,,,eligibility snapshot time unpublished,"sell: $5,000 exceeds visible top-of-book ($100) on ticker-only symbol; buy: $5,000 exceeds visible top-of-book ($101) on ticker-only symbol"
rSTM-2026-06-23-1,rSTM,RSTMUSDT,2026-06-23,close_1600,25000,0.0765,0.3,0.05355,79.565,73.023,20.016666666666666,0.0005,DOCUMENTED promotional 0.05% through 2026-08-31,after_hours,after_hours,2026-09-18T23:05:03.291954+00:00,ticker_only,2026-09-18T23:05:03.291954+00:00,ticker_only,OBSERVED-NOW book scenario; fee/prices event-time,6.542000000000002,0.076294,,,,,,,,eligibility snapshot time unpublished,"sell: $25,000 exceeds visible top-of-book ($100) on ticker-only symbol; buy: $25,000 exceeds visible top-of-book ($101) on ticker-only symbol"
rSTX-2026-06-24-1,rSTX,RSTXUSDT,2026-06-24,overnight_2000,1000,0.74,0.3,0.518,1041.504,1038.3,0.016666666666666666,0.0005,DOCUMENTED promotional 0.05% through 2026-08-31,after_hours,overnight,2026-09-18T23:05:03.291954+00:00,public_book,2026-09-19T03:05:03.356996+00:00,public_book,OBSERVED-NOW book scenario; fee/prices event-time,3.203999999999951,1.039902,0.00044136777550640716,0.000319227353721363,0.7911400650299163,1.8310420650299164,0.8549579349700347,3.1743811689593464,-4.517042065030214,eligibility snapshot time unpublished,
rSTX-2026-06-24-1,rSTX,RSTXUSDT,2026-06-24,overnight_2000,5000,0.74,0.3,0.518,1041.504,1038.3,0.016666666666666666,0.0005,DOCUMENTED promotional 0.05% through 2026-08-31,after_hours,overnight,2026-09-18T23:05:03.291954+00:00,public_book,2026-09-19T03:05:03.356996+00:00,public_book,OBSERVED-NOW book scenario; fee/prices event-time,3.203999999999951,1.039902,0.00044136777550640716,0.000319227353721363,0.7911400650299163,1.8310420650299164,0.8549579349700347,3.1743811689593464,-4.517042065029752,eligibility snapshot time unpublished,
rSTX-2026-06-24-1,rSTX,RSTXUSDT,2026-06-24,overnight_2000,25000,0.74,0.3,0.518,1041.504,1038.3,0.016666666666666666,0.0005,DOCUMENTED promotional 0.05% through 2026-08-31,after_hours,overnight,2026-09-18T23:05:03.291954+00:00,public_book,2026-09-19T03:05:03.356996+00:00,public_book,OBSERVED-NOW book scenario; fee/prices event-time,3.203999999999951,1.039902,0.0006403176471077021,0.0004995727874781419,1.1855998159718149,2.225501815971815,0.46049818402813614,3.7074348864483984,-5.055136830587827,eligibility snapshot time unpublished,
rSTX-2026-06-24-1,rSTX,RSTXUSDT,2026-06-24,premarket_0400,1000,0.74,0.3,0.518,1041.504,1051.488,8.016666666666667,0.0005,DOCUMENTED promotional 0.05% through 2026-08-31,after_hours,pre_market,2026-09-18T23:05:03.291954+00:00,public_book,,,OBSERVED-NOW book scenario; fee/prices event-time,-9.984000000000151,1.046496,0.00044136777550640716,,,,,,,eligibility snapshot time unpublished,buy: no depth sample for this symbol/session
rSTX-2026-06-24-1,rSTX,RSTXUSDT,2026-06-24,premarket_0400,5000,0.74,0.3,0.518,1041.504,1051.488,8.016666666666667,0.0005,DOCUMENTED promotional 0.05% through 2026-08-31,after_hours,pre_market,2026-09-18T23:05:03.291954+00:00,public_book,,,OBSERVED-NOW book scenario; fee/prices event-time,-9.984000000000151,1.046496,0.00044136777550640716,,,,,,,eligibility snapshot time unpublished,buy: no depth sample for this symbol/session
rSTX-2026-06-24-1,rSTX,RSTXUSDT,2026-06-24,premarket_0400,25000,0.74,0.3,0.518,1041.504,1051.488,8.016666666666667,0.0005,DOCUMENTED promotional 0.05% through 2026-08-31,after_hours,pre_market,2026-09-18T23:05:03.291954+00:00,public_book,,,OBSERVED-NOW book scenario; fee/prices event-time,-9.984000000000151,1.046496,0.0006403176471077021,,,,,,,eligibility snapshot time unpublished,buy: no depth sample for this symbol/session
rSTX-2026-06-24-1,rSTX,RSTXUSDT,2026-06-24,open_0930,1000,0.74,0.3,0.518,1041.504,1007.311,13.516666666666667,0.0005,DOCUMENTED promotional 0.05% through 2026-08-31,after_hours,regular,2026-09-18T23:05:03.291954+00:00,public_book,2026-09-16T19:34:15.315933+00:00,public_book,OBSERVED-NOW book scenario; fee/prices event-time,34.19299999999987,1.0244075000000001,0.00044136777550640716,0.001397041859988013,1.8669419366874105,2.8913494366874106,30.78365056331246,4.607228968496501,-36.56634943668774,eligibility snapshot time unpublished,
rSTX-2026-06-24-1,rSTX,RSTXUSDT,2026-06-24,open_0930,5000,0.74,0.3,0.518,1041.504,1007.311,13.516666666666667,0.0005,DOCUMENTED promotional 0.05% through 2026-08-31,after_hours,regular,2026-09-18T23:05:03.291954+00:00,public_book,2026-09-16T19:34:15.315933+00:00,public_book,OBSERVED-NOW book scenario; fee/prices event-time,34.19299999999987,1.0244075000000001,0.00044136777550640716,0.0014108360197280234,1.8808369455292802,2.9052444455292803,30.76975555447059,4.626006007472001,-36.5663494366875,eligibility snapshot time unpublished,
rSTX-2026-06-24-1,rSTX,RSTXUSDT,2026-06-24,open_0930,25000,0.74,0.3,0.518,1041.504,1007.311,13.516666666666667,0.0005,DOCUMENTED promotional 0.05% through 2026-08-31,after_hours,regular,2026-09-18T23:05:03.291954+00:00,public_book,2026-09-16T19:34:15.315933+00:00,public_book,OBSERVED-NOW book scenario; fee/prices event-time,34.19299999999987,1.0244075000000001,0.0006403176471077021,0.0015097549210305594,2.187686129991474,3.212093629991474,30.462906370008394,5.040667067556046,-37.15932557759403,eligibility snapshot time unpublished,
rSTX-2026-06-24-1,rSTX,RSTXUSDT,2026-06-24,open_1000,1000,0.74,0.3,0.518,1041.504,1017.943,14.016666666666667,0.0005,DOCUMENTED promotional 0.05% through 2026-08-31,after_hours,regular,2026-09-18T23:05:03.291954+00:00,public_book,2026-09-16T19:34:15.315933+00:00,public_book,OBSERVED-NOW book scenario; fee/prices event-time,23.560999999999922,1.0297235,0.00044136777550640716,0.001397041859988013,1.8817952857428029,2.911518785742803,20.131481214257118,4.634484845598383,-25.95451878574318,eligibility snapshot time unpublished,
rSTX-2026-06-24-1,rSTX,RSTXUSDT,2026-06-24,open_1000,5000,0.74,0.3,0.518,1041.504,1017.943,14.016666666666667,0.0005,DOCUMENTED promotional 0.05% through 2026-08-31,after_hours,regular,2026-09-18T23:05:03.291954+00:00,public_book,2026-09-16T19:34:15.315933+00:00,public_book,OBSERVED-NOW book scenario; fee/prices event-time,23.560999999999922,1.0297235,0.00044136777550640716,0.0014108360197280234,1.8958369540910283,2.9255604540910283,20.117439545908894,4.653460073095984,-25.95451878574295,eligibility snapshot time unpublished,
rSTX-2026-06-24-1,rSTX,RSTXUSDT,2026-06-24,open_1000,25000,0.74,0.3,0.518,1041.504,1017.943,14.016666666666667,0.0005,DOCUMENTED promotional 0.05% through 2026-08-31,after_hours,regular,2026-09-18T23:05:03.291954+00:00,public_book,2026-09-16T19:34:15.315933+00:00,public_book,OBSERVED-NOW book scenario; fee/prices event-time,23.560999999999922,1.0297235,0.0006403176471077021,0.0015097549210305594,2.203737844311871,3.2334613443118707,19.80953865568805,5.069542357178204,-26.552566622138684,eligibility snapshot time unpublished,
rSTX-2026-06-24-1,rSTX,RSTXUSDT,2026-06-24,close_1600,1000,0.74,0.3,0.518,1041.504,993.17,20.016666666666666,0.0005,DOCUMENTED promotional 0.05% through 2026-08-31,after_hours,after_hours,2026-09-18T23:05:03.291954+00:00,public_book,2026-09-18T23:05:03.291954+00:00,public_book,OBSERVED-NOW book scenario; fee/prices event-time,48.333999999999946,1.017337,0.00044136777550640716,0.0004413677755066292,0.898039537260944,1.915376537260944,45.900623462739,3.288346671974249,-49.7313765372609,eligibility snapshot time unpublished,
rSTX-2026-06-24-1,rSTX,RSTXUSDT,2026-06-24,close_1600,5000,0.74,0.3,0.518,1041.504,993.17,20.016666666666666,0.0005,DOCUMENTED promotional 0.05% through 2026-08-31,after_hours,after_hours,2026-09-18T23:05:03.291954+00:00,public_book,2026-09-18T23:05:03.291954+00:00,public_book,OBSERVED-NOW book scenario; fee/prices event-time,48.333999999999946,1.017337,0.00044136777550640716,0.00044136777550640716,0.8980395372607234,1.9153765372607232,45.90062346273922,3.28834667197395,-49.731376537260665,eligibility snapshot time unpublished,
rSTX-2026-06-24-1,rSTX,RSTXUSDT,2026-06-24,close_1600,25000,0.74,0.3,0.518,1041.504,993.17,20.016666666666666,0.0005,DOCUMENTED promotional 0.05% through 2026-08-31,after_hours,after_hours,2026-09-18T23:05:03.291954+00:00,public_book,2026-09-18T23:05:03.291954+00:00,public_book,OBSERVED-NOW book scenario; fee/prices event-time,48.333999999999946,1.017337,0.0006403176471077021,0.0005493528258273539,1.2124941367602133,2.2298311367602133,45.586168863239735,3.7132853199462343,-50.04143444308839,eligibility snapshot time unpublished,
rSTRC-2026-06-30-1,rSTRC,RSTRCUSDT,2026-06-30,overnight_2000,1000,0.47916667,0.3,0.335416669,83.88,83.32,0.03333333333333333,0.0005,DOCUMENTED promotional 0.05% through 2026-08-31,after_hours,overnight,2026-09-18T23:05:03.291954+00:00,public_book,2026-09-19T03:05:03.356996+00:00,public_book,OBSERVED-NOW book scenario; fee/prices event-time,0.5600000000000023,0.0836,0.001057051756194638,0.0012141178834368382,0.18982580335756358,0.27342580335756356,-0.048842472357561284,1.270627759559244,-0.5008676534222616,eligibility snapshot time unpublished,
rSTRC-2026-06-30-1,rSTRC,RSTRCUSDT,2026-06-30,overnight_2000,5000,0.47916667,0.3,0.335416669,83.88,83.32,0.03333333333333333,0.0005,DOCUMENTED promotional 0.05% through 2026-08-31,after_hours,overnight,2026-09-18T23:05:03.291954+00:00,public_book,2026-09-19T03:05:03.356996+00:00,public_book,OBSERVED-NOW book scenario; fee/prices event-time,0.5600000000000023,0.0836,0.0019815070483472086,0.0022737289638201648,0.35565590848085993,0.43925590848085994,-0.21467257748085766,1.6167079765394783,-0.6558924736442736,eligibility snapshot time unpublished,
rSTRC-2026-06-30-1,rSTRC,RSTRCUSDT,2026-06-30,overnight_2000,25000,0.47916667,0.3,0.335416669,83.88,83.32,0.03333333333333333,0.0005,DOCUMENTED promotional 0.05% through 2026-08-31,after_hours,overnight,2026-09-18T23:05:03.291954+00:00,public_book,2026-09-19T03:05:03.356996+00:00,public_book,OBSERVED-NOW book scenario; fee/prices event-time,0.5600000000000023,0.0836,0.003880550042200226,0.003910301540310579,0.6513068618784323,0.7349068618784323,-0.5103235308784301,2.233718657598686,-0.9824720939138081,eligibility snapshot time unpublished,
rSTRC-2026-06-30-1,rSTRC,RSTRCUSDT,2026-06-30,premarket_0400,1000,0.47916667,0.3,0.335416669,83.88,83.087,8.016666666666667,0.0005,DOCUMENTED promotional 0.05% through 2026-08-31,after_hours,pre_market,2026-09-18T23:05:03.291954+00:00,public_book,,,OBSERVED-NOW book scenario; fee/prices event-time,0.7929999999999922,0.08348349999999999,0.001057051756194638,,,,,,,eligibility snapshot time unpublished,buy: no depth sample for this symbol/session
rSTRC-2026-06-30-1,rSTRC,RSTRCUSDT,2026-06-30,premarket_0400,5000,0.47916667,0.3,0.335416669,83.88,83.087,8.016666666666667,0.0005,DOCUMENTED promotional 0.05% through 2026-08-31,after_hours,pre_market,2026-09-18T23:05:03.291954+00:00,public_book,,,OBSERVED-NOW book scenario; fee/prices event-time,0.7929999999999922,0.08348349999999999,0.0019815070483472086,,,,,,,eligibility snapshot time unpublished,buy: no depth sample for this symbol/session
rSTRC-2026-06-30-1,rSTRC,RSTRCUSDT,2026-06-30,premarket_0400,25000,0.47916667,0.3,0.335416669,83.88,83.087,8.016666666666667,0.0005,DOCUMENTED promotional 0.05% through 2026-08-31,after_hours,pre_market,2026-09-18T23:05:03.291954+00:00,public_book,,,OBSERVED-NOW book scenario; fee/prices event-time,0.7929999999999922,0.08348349999999999,0.003880550042200226,,,,,,,eligibility snapshot time unpublished,buy: no depth sample for this symbol/session
rSTRC-2026-06-30-1,rSTRC,RSTRCUSDT,2026-06-30,open_0930,1000,0.47916667,0.3,0.335416669,83.88,80.81,13.516666666666667,0.0005,DOCUMENTED promotional 0.05% through 2026-08-31,after_hours,regular,2026-09-18T23:05:03.291954+00:00,public_book,2026-09-16T19:34:15.315933+00:00,public_book,OBSERVED-NOW book scenario; fee/prices event-time,3.069999999999993,0.082345,0.001057051756194638,0.0007134981457939116,0.14632328647121223,0.22866828647121223,2.505915044528781,1.1772207684462113,-2.9665188586240236,eligibility snapshot time unpublished,
rSTRC-2026-06-30-1,rSTRC,RSTRCUSDT,2026-06-30,open_0930,5000,0.47916667,0.3,0.335416669,83.88,80.81,13.516666666666667,0.0005,DOCUMENTED promotional 0.05% through 2026-08-31,after_hours,regular,2026-09-18T23:05:03.291954+00:00,public_book,2026-09-16T19:34:15.315933+00:00,public_book,OBSERVED-NOW book scenario; fee/prices event-time,3.069999999999993,0.082345,0.0019815070483472086,0.001885479481747332,0.31857440813536575,0.40091940813536575,2.333663922864628,1.5367013676793624,-3.0931322039036444,eligibility snapshot time unpublished,
rSTRC-2026-06-30-1,rSTRC,RSTRCUSDT,2026-06-30,open_0930,25000,0.47916667,0.3,0.335416669,83.88,80.81,13.516666666666667,0.0005,DOCUMENTED promotional 0.05% through 2026-08-31,after_hours,regular,2026-09-18T23:05:03.291954+00:00,public_book,2026-09-16T19:34:15.315933+00:00,public_book,OBSERVED-NOW book scenario; fee/prices event-time,3.069999999999993,0.082345,0.003880550042200226,0.0038232715242110245,0.6344591094112478,0.7168041094112478,2.0177792215887456,2.1959390005386807,-3.414691977176971,eligibility snapshot time unpublished,
rSTRC-2026-06-30-1,rSTRC,RSTRCUSDT,2026-06-30,open_1000,1000,0.47916667,0.3,0.335416669,83.88,81.665,14.016666666666667,0.0005,DOCUMENTED promotional 0.05% through 2026-08-31,after_hours,regular,2026-09-18T23:05:03.291954+00:00,public_book,2026-09-16T19:34:15.315933+00:00,public_book,OBSERVED-NOW book scenario; fee/prices event-time,2.214999999999989,0.08277250000000001,0.001057051756194638,0.0007134981457939116,0.146933327385866,0.22970582738586603,1.649877503614123,1.1793860712095565,-2.1124781854208172,eligibility snapshot time unpublished,
rSTRC-2026-06-30-1,rSTRC,RSTRCUSDT,2026-06-30,open_1000,5000,0.47916667,0.3,0.335416669,83.88,81.665,14.016666666666667,0.0005,DOCUMENTED promotional 0.05% through 2026-08-31,after_hours,regular,2026-09-18T23:05:03.291954+00:00,public_book,2026-09-16T19:34:15.315933+00:00,public_book,OBSERVED-NOW book scenario; fee/prices event-time,2.214999999999989,0.08277250000000001,0.0019815070483472086,0.001885479481747332,0.3201864930922597,0.40295899309225974,1.4766243379077295,1.5409578927771828,-2.239622932617539,eligibility snapshot time unpublished,
rSTRC-2026-06-30-1,rSTRC,RSTRCUSDT,2026-06-30,open_1000,25000,0.47916667,0.3,0.335416669,83.88,81.665,14.016666666666667,0.0005,DOCUMENTED promotional 0.05% through 2026-08-31,after_hours,regular,2026-09-18T23:05:03.291954+00:00,public_book,2026-09-16T19:34:15.315933+00:00,public_book,OBSERVED-NOW book scenario; fee/prices event-time,2.214999999999989,0.08277250000000001,0.003880550042200226,0.0038232715242110245,0.6377280065644483,0.7205005065644483,1.159082824435541,2.203653220630826,-2.5628219898637985,eligibility snapshot time unpublished,
rSTRC-2026-06-30-1,rSTRC,RSTRCUSDT,2026-06-30,close_1600,1000,0.47916667,0.3,0.335416669,83.88,84.276,20.016666666666666,0.0005,DOCUMENTED promotional 0.05% through 2026-08-31,after_hours,after_hours,2026-09-18T23:05:03.291954+00:00,public_book,2026-09-18T23:05:03.291954+00:00,public_book,OBSERVED-NOW book scenario; fee/prices event-time,-0.3960000000000008,0.084078,0.001057051756194638,0.0011841335250479812,0.18845953826654988,0.27253753826654986,-1.0039542072665506,1.2687739889474152,0.45892945511391686,eligibility snapshot time unpublished,
rSTRC-2026-06-30-1,rSTRC,RSTRCUSDT,2026-06-30,close_1600,5000,0.47916667,0.3,0.335416669,83.88,84.276,20.016666666666666,0.0005,DOCUMENTED promotional 0.05% through 2026-08-31,after_hours,after_hours,2026-09-18T23:05:03.291954+00:00,public_book,2026-09-18T23:05:03.291954+00:00,public_book,OBSERVED-NOW book scenario; fee/prices event-time,-0.3960000000000008,0.084078,0.0019815070483472086,0.002094816585130665,0.3427515737438358,0.4268295737438358,-1.1582462427438367,1.5907747563991372,0.3046319658327313,eligibility snapshot time unpublished,
rSTRC-2026-06-30-1,rSTRC,RSTRCUSDT,2026-06-30,close_1600,25000,0.47916667,0.3,0.335416669,83.88,84.276,20.016666666666666,0.0005,DOCUMENTED promotional 0.05% through 2026-08-31,after_hours,after_hours,2026-09-18T23:05:03.291954+00:00,public_book,2026-09-18T23:05:03.291954+00:00,public_book,OBSERVED-NOW book scenario; fee/prices event-time,-0.3960000000000008,0.084078,0.003880550042200226,0.004081267129851129,0.6694534061750887,0.7535314061750887,-1.4849480751750894,2.2725872715126214,-0.02203525320837818,eligibility snapshot time unpublished,
rSTRC-2026-07-15-1,rSTRC,RSTRCUSDT,2026-07-15,overnight_2000,1000,0.5,0.3,0.35,88.64,88.27,0.05,0.0005,DOCUMENTED promotional 0.05% through 2026-08-31,after_hours,overnight,2026-09-18T23:05:03.291954+00:00,public_book,2026-09-19T03:05:03.356996+00:00,public_book,OBSERVED-NOW book scenario; fee/prices event-time,0.37000000000000455,0.088455,0.001057051756194638,0.0012141178834368382,0.2008672532400624,0.28932225324006244,-0.2693222532400579,1.2786445064801248,-0.3123222220484091,eligibility snapshot time unpublished,
rSTRC-2026-07-15-1,rSTRC,RSTRCUSDT,2026-07-15,overnight_2000,5000,0.5,0.3,0.35,88.64,88.27,0.05,0.0005,DOCUMENTED promotional 0.05% through 2026-08-31,after_hours,overnight,2026-09-18T23:05:03.291954+00:00,public_book,2026-09-19T03:05:03.356996+00:00,public_book,OBSERVED-NOW book scenario; fee/prices event-time,0.37000000000000455,0.088455,0.0019815070483472086,0.0022737289638201648,0.3763428404019025,0.46479784040190253,-0.44479784040189796,1.629595680803805,-0.47635366259289896,eligibility snapshot time unpublished,
rSTRC-2026-07-15-1,rSTRC,RSTRCUSDT,2026-07-15,overnight_2000,25000,0.5,0.3,0.35,88.64,88.27,0.05,0.0005,DOCUMENTED promotional 0.05% through 2026-08-31,after_hours,overnight,2026-09-18T23:05:03.291954+00:00,public_book,2026-09-19T03:05:03.356996+00:00,public_book,OBSERVED-NOW book scenario; fee/prices event-time,0.37000000000000455,0.088455,0.003880550042200226,0.003910301540310579,0.6891342727038429,0.7775892727038429,-0.7575892727038384,2.255178545407686,-0.8218917031473696,eligibility snapshot time unpublished,
rSTRC-2026-07-15-1,rSTRC,RSTRCUSDT,2026-07-15,premarket_0400,1000,0.5,0.3,0.35,88.64,87.44,8.016666666666667,0.0005,DOCUMENTED promotional 0.05% through 2026-08-31,after_hours,pre_market,2026-09-18T23:05:03.291954+00:00,public_book,,,OBSERVED-NOW book scenario; fee/prices event-time,1.2000000000000028,0.08804,0.001057051756194638,,,,,,,eligibility snapshot time unpublished,buy: no depth sample for this symbol/session
rSTRC-2026-07-15-1,rSTRC,RSTRCUSDT,2026-07-15,premarket_0400,5000,0.5,0.3,0.35,88.64,87.44,8.016666666666667,0.0005,DOCUMENTED promotional 0.05% through 2026-08-31,after_hours,pre_market,2026-09-18T23:05:03.291954+00:00,public_book,,,OBSERVED-NOW book scenario; fee/prices event-time,1.2000000000000028,0.08804,0.0019815070483472086,,,,,,,eligibility snapshot time unpublished,buy: no depth sample for this symbol/session
rSTRC-2026-07-15-1,rSTRC,RSTRCUSDT,2026-07-15,premarket_0400,25000,0.5,0.3,0.35,88.64,87.44,8.016666666666667,0.0005,DOCUMENTED promotional 0.05% through 2026-08-31,after_hours,pre_market,2026-09-18T23:05:03.291954+00:00,public_book,,,OBSERVED-NOW book scenario; fee/prices event-time,1.2000000000000028,0.08804,0.003880550042200226,,,,,,,eligibility snapshot time unpublished,buy: no depth sample for this symbol/session
rSTRC-2026-07-15-1,rSTRC,RSTRCUSDT,2026-07-15,open_0930,1000,0.5,0.3,0.35,88.64,88.362,13.516666666666667,0.0005,DOCUMENTED promotional 0.05% through 2026-08-31,after_hours,regular,2026-09-18T23:05:03.291954+00:00,public_book,2026-09-16T19:34:15.315933+00:00,public_book,OBSERVED-NOW book scenario; fee/prices event-time,0.2780000000000058,0.08850100000000001,0.001057051756194638,0.0007134981457939116,0.1567431908277343,0.2452441908277343,-0.3172441908277285,1.1904883816554686,-0.17642549556515974,eligibility snapshot time unpublished,
rSTRC-2026-07-15-1,rSTRC,RSTRCUSDT,2026-07-15,open_0930,5000,0.5,0.3,0.35,88.64,88.362,13.516666666666667,0.0005,DOCUMENTED promotional 0.05% through 2026-08-31,after_hours,regular,2026-09-18T23:05:03.291954+00:00,public_book,2026-09-16T19:34:15.315933+00:00,public_book,OBSERVED-NOW book scenario; fee/prices event-time,0.2780000000000058,0.08850100000000001,0.0019815070483472086,0.001885479481747332,0.3422455227316543,0.4307465227316543,-0.5027465227316485,1.5614930454633087,-0.3120674317171415,eligibility snapshot time unpublished,
rSTRC-2026-07-15-1,rSTRC,RSTRCUSDT,2026-07-15,open_0930,25000,0.5,0.3,0.35,88.64,88.362,13.516666666666667,0.0005,DOCUMENTED promotional 0.05% through 2026-08-31,after_hours,regular,2026-09-18T23:05:03.291954+00:00,public_book,2026-09-16T19:34:15.315933+00:00,public_book,OBSERVED-NOW book scenario; fee/prices event-time,0.2780000000000058,0.08850100000000001,0.003880550042200226,0.0038232715242110245,0.6818038741629626,0.7703048741629627,-0.8423048741629569,2.2406097483259253,-0.6575620926986518,eligibility snapshot time unpublished,
rSTRC-2026-07-15-1,rSTRC,RSTRCUSDT,2026-07-15,open_1000,1000,0.5,0.3,0.35,88.64,88.882,14.016666666666667,0.0005,DOCUMENTED promotional 0.05% through 2026-08-31,after_hours,regular,2026-09-18T23:05:03.291954+00:00,public_book,2026-09-16T19:34:15.315933+00:00,public_book,OBSERVED-NOW book scenario; fee/prices event-time,-0.24200000000000443,0.08876099999999999,0.001057051756194638,0.0007134981457939116,0.15711420986354716,0.24587520986354716,-0.8378752098635516,1.1917504197270943,0.3429910542192539,eligibility snapshot time unpublished,
rSTRC-2026-07-15-1,rSTRC,RSTRCUSDT,2026-07-15,open_1000,5000,0.5,0.3,0.35,88.64,88.882,14.016666666666667,0.0005,DOCUMENTED promotional 0.05% through 2026-08-31,after_hours,regular,2026-09-18T23:05:03.291954+00:00,public_book,2026-09-16T19:34:15.315933+00:00,public_book,OBSERVED-NOW book scenario; fee/prices event-time,-0.24200000000000443,0.08876099999999999,0.0019815070483472086,0.001885479481747332,0.34322597206216293,0.4319869720621629,-1.0239869720621673,1.5639739441243257,0.20702592625804128,eligibility snapshot time unpublished,
rSTRC-2026-07-15-1,rSTRC,RSTRCUSDT,2026-07-15,open_1000,25000,0.5,0.3,0.35,88.64,88.882,14.016666666666667,0.0005,DOCUMENTED promotional 0.05% through 2026-08-31,after_hours,regular,2026-09-18T23:05:03.291954+00:00,public_book,2026-09-16T19:34:15.315933+00:00,public_book,OBSERVED-NOW book scenario; fee/prices event-time,-0.24200000000000443,0.08876099999999999,0.003880550042200226,0.0038232715242110245,0.6837919753555524,0.7725529753555523,-1.3645529753555568,2.2451059507111046,-0.13946572614560404,eligibility snapshot time unpublished,
rSTRC-2026-07-15-1,rSTRC,RSTRCUSDT,2026-07-15,close_1600,1000,0.5,0.3,0.35,88.64,87.77,20.016666666666666,0.0005,DOCUMENTED promotional 0.05% through 2026-08-31,after_hours,after_hours,2026-09-18T23:05:03.291954+00:00,public_book,2026-09-18T23:05:03.291954+00:00,public_book,OBSERVED-NOW book scenario; fee/prices event-time,0.8700000000000045,0.088205,0.001057051756194638,0.0011841335250479812,0.197628467162554,0.285833467162554,0.2341665328374506,1.271666934325108,-0.805944028301461,eligibility snapshot time unpublished,
rSTRC-2026-07-15-1,rSTRC,RSTRCUSDT,2026-07-15,close_1600,5000,0.5,0.3,0.35,88.64,87.77,20.016666666666666,0.0005,DOCUMENTED promotional 0.05% through 2026-08-31,after_hours,after_hours,2026-09-18T23:05:03.291954+00:00,public_book,2026-09-18T23:05:03.291954+00:00,public_book,OBSERVED-NOW book scenario; fee/prices event-time,0.8700000000000045,0.088205,0.0019815070483472086,0.002094816585130665,0.35950283644241504,0.4477078364424151,0.0722921635575895,1.59541567288483,-0.9678064157394212,eligibility snapshot time unpublished,
rSTRC-2026-07-15-1,rSTRC,RSTRCUSDT,2026-07-15,close_1600,25000,0.5,0.3,0.35,88.64,87.77,20.016666666666666,0.0005,DOCUMENTED promotional 0.05% through 2026-08-31,after_hours,after_hours,2026-09-18T23:05:03.291954+00:00,public_book,2026-09-18T23:05:03.291954+00:00,public_book,OBSERVED-NOW book scenario; fee/prices event-time,0.8700000000000045,0.088205,0.003880550042200226,0.004081267129851129,0.7021847717276617,0.7903897717276617,-0.2703897717276571,2.2807795434553233,-1.3105643955939223,eligibility snapshot time unpublished,
rSTRC-2026-07-31-1,rSTRC,RSTRCUSDT,2026-07-31,overnight_2000,1000,0.5,0.3,0.35,89.75,90.42,0.05,0.0005,DOCUMENTED promotional 0.05% through 2026-08-31,after_hours,overnight,2026-09-18T23:05:03.291954+00:00,public_book,2026-09-19T03:05:03.356996+00:00,public_book,OBSERVED-NOW book scenario; fee/prices event-time,-0.6700000000000017,0.09008500000000001,0.001057051756194638,0.0012141178834368382,0.20465093413882768,0.2947359341388277,-1.3147359341388296,1.2894718682776554,0.7223243368699312,eligibility snapshot time unpublished,
rSTRC-2026-07-31-1,rSTRC,RSTRCUSDT,2026-07-31,overnight_2000,5000,0.5,0.3,0.35,89.75,90.42,0.05,0.0005,DOCUMENTED promotional 0.05% through 2026-08-31,after_hours,overnight,2026-09-18T23:05:03.291954+00:00,public_book,2026-09-19T03:05:03.356996+00:00,public_book,OBSERVED-NOW book scenario; fee/prices event-time,-0.6700000000000017,0.09008500000000001,0.0019815070483472086,0.0022737289638201648,0.38343083049778126,0.4735158304977813,-1.4935158304977831,1.6470316609955624,0.5552528859557311,eligibility snapshot time unpublished,
rSTRC-2026-07-31-1,rSTRC,RSTRCUSDT,2026-07-31,overnight_2000,25000,0.5,0.3,0.35,89.75,90.42,0.05,0.0005,DOCUMENTED promotional 0.05% through 2026-08-31,after_hours,overnight,2026-09-18T23:05:03.291954+00:00,public_book,2026-09-19T03:05:03.356996+00:00,public_book,OBSERVED-NOW book scenario; fee/prices event-time,-0.6700000000000017,0.09008500000000001,0.003880550042200226,0.003910301540310579,0.7018488315623528,0.7919338315623528,-1.8119338315623545,2.2838676631247052,0.20338235625865253,eligibility snapshot time unpublished,
rSTRC-2026-07-31-1,rSTRC,RSTRCUSDT,2026-07-31,premarket_0400,1000,0.5,0.3,0.35,89.75,89.75,8.016666666666667,0.0005,DOCUMENTED promotional 0.05% through 2026-08-31,after_hours,pre_market,2026-09-18T23:05:03.291954+00:00,public_book,,,OBSERVED-NOW book scenario; fee/prices event-time,0.0,0.08975,0.001057051756194638,,,,,,,eligibility snapshot time unpublished,buy: no depth sample for this symbol/session
rSTRC-2026-07-31-1,rSTRC,RSTRCUSDT,2026-07-31,premarket_0400,5000,0.5,0.3,0.35,89.75,89.75,8.016666666666667,0.0005,DOCUMENTED promotional 0.05% through 2026-08-31,after_hours,pre_market,2026-09-18T23:05:03.291954+00:00,public_book,,,OBSERVED-NOW book scenario; fee/prices event-time,0.0,0.08975,0.0019815070483472086,,,,,,,eligibility snapshot time unpublished,buy: no depth sample for this symbol/session
rSTRC-2026-07-31-1,rSTRC,RSTRCUSDT,2026-07-31,premarket_0400,25000,0.5,0.3,0.35,89.75,89.75,8.016666666666667,0.0005,DOCUMENTED promotional 0.05% through 2026-08-31,after_hours,pre_market,2026-09-18T23:05:03.291954+00:00,public_book,,,OBSERVED-NOW book scenario; fee/prices event-time,0.0,0.08975,0.003880550042200226,,,,,,,eligibility snapshot time unpublished,buy: no depth sample for this symbol/session
rSTRC-2026-07-31-1,rSTRC,RSTRCUSDT,2026-07-31,open_0930,1000,0.5,0.3,0.35,89.75,89.318,13.516666666666667,0.0005,DOCUMENTED promotional 0.05% through 2026-08-31,after_hours,regular,2026-09-18T23:05:03.291954+00:00,public_book,2026-09-16T19:34:15.315933+00:00,public_book,OBSERVED-NOW book scenario; fee/prices event-time,0.43200000000000216,0.08953399999999999,0.001057051756194638,0.0007134981457939116,0.15859862250448936,0.24813262250448936,-0.16613262250448718,1.1962652450089788,-0.33336753455894086,eligibility snapshot time unpublished,
rSTRC-2026-07-31-1,rSTRC,RSTRCUSDT,2026-07-31,open_0930,5000,0.5,0.3,0.35,89.75,89.318,13.516666666666667,0.0005,DOCUMENTED promotional 0.05% through 2026-08-31,after_hours,regular,2026-09-18T23:05:03.291954+00:00,public_book,2026-09-16T19:34:15.315933+00:00,public_book,OBSERVED-NOW book scenario; fee/prices event-time,0.43200000000000216,0.08953399999999999,0.0019815070483472086,0.001885479481747332,0.3462475139398702,0.4357815139398702,-0.353781513939868,1.5715630278797403,-0.4706145046184311,eligibility snapshot time unpublished,
rSTRC-2026-07-31-1,rSTRC,RSTRCUSDT,2026-07-31,open_0930,25000,0.5,0.3,0.35,89.75,89.318,13.516666666666667,0.0005,DOCUMENTED promotional 0.05% through 2026-08-31,after_hours,regular,2026-09-18T23:05:03.291954+00:00,public_book,2026-09-16T19:34:15.315933+00:00,public_book,OBSERVED-NOW book scenario; fee/prices event-time,0.43200000000000216,0.08953399999999999,0.003880550042200226,0.0038232715242110245,0.6897663322869505,0.7793003322869505,-0.6973003322869483,2.258600664573901,-0.8201470560883523,eligibility snapshot time unpublished,
rSTRC-2026-07-31-1,rSTRC,RSTRCUSDT,2026-07-31,open_1000,1000,0.5,0.3,0.35,89.75,89.64,14.016666666666667,0.0005,DOCUMENTED promotional 0.05% through 2026-08-31,after_hours,regular,2026-09-18T23:05:03.291954+00:00,public_book,2026-09-16T19:34:15.315933+00:00,public_book,OBSERVED-NOW book scenario; fee/prices event-time,0.10999999999999943,0.089695,0.001057051756194638,0.0007134981457939116,0.158828368907435,0.248523368907435,-0.48852336890743553,1.19704673781487,-0.011728824884749856,eligibility snapshot time unpublished,
rSTRC-2026-07-31-1,rSTRC,RSTRCUSDT,2026-07-31,open_1000,5000,0.5,0.3,0.35,89.75,89.64,14.016666666666667,0.0005,DOCUMENTED promotional 0.05% through 2026-08-31,after_hours,regular,2026-09-18T23:05:03.291954+00:00,public_book,2026-09-16T19:34:15.315933+00:00,public_book,OBSERVED-NOW book scenario; fee/prices event-time,0.10999999999999943,0.089695,0.0019815070483472086,0.001885479481747332,0.3468546383329928,0.43654963833299276,-0.6765496383329933,1.5730992766659855,-0.14917592525687914,eligibility snapshot time unpublished,
rSTRC-2026-07-31-1,rSTRC,RSTRCUSDT,2026-07-31,open_1000,25000,0.5,0.3,0.35,89.75,89.64,14.016666666666667,0.0005,DOCUMENTED promotional 0.05% through 2026-08-31,after_hours,regular,2026-09-18T23:05:03.291954+00:00,public_book,2026-09-16T19:34:15.315933+00:00,public_book,OBSERVED-NOW book scenario; fee/prices event-time,0.10999999999999943,0.089695,0.003880550042200226,0.0038232715242110245,0.6909974257177465,0.7806924257177464,-1.020692425717747,2.261384851435493,-0.49932584449204553,eligibility snapshot time unpublished,
rSTRC-2026-07-31-1,rSTRC,RSTRCUSDT,2026-07-31,close_1600,1000,0.5,0.3,0.35,89.75,89.45,20.016666666666666,0.0005,DOCUMENTED promotional 0.05% through 2026-08-31,after_hours,after_hours,2026-09-18T23:05:03.291954+00:00,public_book,2026-09-18T23:05:03.291954+00:00,public_book,OBSERVED-NOW book scenario; fee/prices event-time,0.29999999999999716,0.0896,0.001057051756194638,0.0011841335250479812,0.20079113893401068,0.2903911389340107,-0.3403911389340135,1.2807822778680213,-0.24042926346466387,eligibility snapshot time unpublished,
rSTRC-2026-07-31-1,rSTRC,RSTRCUSDT,2026-07-31,close_1600,5000,0.5,0.3,0.35,89.75,89.45,20.016666666666666,0.0005,DOCUMENTED promotional 0.05% through 2026-08-31,after_hours,after_hours,2026-09-18T23:05:03.291954+00:00,public_book,2026-09-18T23:05:03.291954+00:00,public_book,OBSERVED-NOW book scenario; fee/prices event-time,0.29999999999999716,0.0896,0.0019815070483472086,0.002094816585130665,0.36522160112909996,0.4548216011291,-0.5048216011291028,1.6096432022582,-0.4048555939901322,eligibility snapshot time unpublished,
rSTRC-2026-07-31-1,rSTRC,RSTRCUSDT,2026-07-31,close_1600,25000,0.5,0.3,0.35,89.75,89.45,20.016666666666666,0.0005,DOCUMENTED promotional 0.05% through 2026-08-31,after_hours,after_hours,2026-09-18T23:05:03.291954+00:00,public_book,2026-09-18T23:05:03.291954+00:00,public_book,OBSERVED-NOW book scenario; fee/prices event-time,0.29999999999999716,0.0896,0.003880550042200226,0.004081267129851129,0.7133487110526537,0.8029487110526538,-0.8529487110526566,2.3058974221053075,-0.7530089261789463,eligibility snapshot time unpublished,
rSTRC-2026-08-14-1,rSTRC,RSTRCUSDT,2026-08-14,overnight_2000,1000,0.5,0.3,0.35,95.88,96.01,0.016666666666666666,0.0005,DOCUMENTED promotional 0.05% through 2026-08-31,after_hours,overnight,2026-09-18T23:05:03.291954+00:00,public_book,2026-09-19T03:05:03.356996+00:00,public_book,OBSERVED-NOW book scenario; fee/prices event-time,-0.13000000000000966,0.09594499999999999,0.001057051756194638,0.0012141178834368382,0.21791758037271272,0.3138625803727127,-0.7938625803727224,1.3277251607454255,0.16294206090235142,eligibility snapshot time unpublished,
rSTRC-2026-08-14-1,rSTRC,RSTRCUSDT,2026-08-14,overnight_2000,5000,0.5,0.3,0.35,95.88,96.01,0.016666666666666666,0.0005,DOCUMENTED promotional 0.05% through 2026-08-31,after_hours,overnight,2026-09-18T23:05:03.291954+00:00,public_book,2026-09-19T03:05:03.356996+00:00,public_book,OBSERVED-NOW book scenario; fee/prices event-time,-0.13000000000000966,0.09594499999999999,0.0019815070483472086,0.0022737289638201648,0.40828761361190435,0.5042326136119043,-0.9842326136119139,1.7084652272238086,-0.014987672820003406,eligibility snapshot time unpublished,
rSTRC-2026-08-14-1,rSTRC,RSTRCUSDT,2026-08-14,overnight_2000,25000,0.5,0.3,0.35,95.88,96.01,0.016666666666666666,0.0005,DOCUMENTED promotional 0.05% through 2026-08-31,after_hours,overnight,2026-09-18T23:05:03.291954+00:00,public_book,2026-09-19T03:05:03.356996+00:00,public_book,OBSERVED-NOW book scenario; fee/prices event-time,-0.13000000000000966,0.09594499999999999,0.003880550042200226,0.003910301540310579,0.7474951889313763,0.8434401889313763,-1.3234401889313858,2.3868803778627523,-0.3897667198549361,eligibility snapshot time unpublished,
rSTRC-2026-08-14-1,rSTRC,RSTRCUSDT,2026-08-14,premarket_0400,1000,0.5,0.3,0.35,95.88,95.605,8.016666666666667,0.0005,DOCUMENTED promotional 0.05% through 2026-08-31,after_hours,pre_market,2026-09-18T23:05:03.291954+00:00,public_book,,,OBSERVED-NOW book scenario; fee/prices event-time,0.2749999999999915,0.09574250000000001,0.001057051756194638,,,,,,,eligibility snapshot time unpublished,buy: no depth sample for this symbol/session
rSTRC-2026-08-14-1,rSTRC,RSTRCUSDT,2026-08-14,premarket_0400,5000,0.5,0.3,0.35,95.88,95.605,8.016666666666667,0.0005,DOCUMENTED promotional 0.05% through 2026-08-31,after_hours,pre_market,2026-09-18T23:05:03.291954+00:00,public_book,,,OBSERVED-NOW book scenario; fee/prices event-time,0.2749999999999915,0.09574250000000001,0.0019815070483472086,,,,,,,eligibility snapshot time unpublished,buy: no depth sample for this symbol/session
rSTRC-2026-08-14-1,rSTRC,RSTRCUSDT,2026-08-14,premarket_0400,25000,0.5,0.3,0.35,95.88,95.605,8.016666666666667,0.0005,DOCUMENTED promotional 0.05% through 2026-08-31,after_hours,pre_market,2026-09-18T23:05:03.291954+00:00,public_book,,,OBSERVED-NOW book scenario; fee/prices event-time,0.2749999999999915,0.09574250000000001,0.003880550042200226,,,,,,,eligibility snapshot time unpublished,buy: no depth sample for this symbol/session
rSTRC-2026-08-14-1,rSTRC,RSTRCUSDT,2026-08-14,open_0930,1000,0.5,0.3,0.35,95.88,95.275,13.516666666666667,0.0005,DOCUMENTED promotional 0.05% through 2026-08-31,after_hours,regular,2026-09-18T23:05:03.291954+00:00,public_book,2026-09-16T19:34:15.315933+00:00,public_book,OBSERVED-NOW book scenario; fee/prices event-time,0.6049999999999898,0.0955775,0.001057051756194638,0.0007134981457939116,0.1693286582244568,0.2649061582244568,-0.009906158224466999,1.2298123164489136,-0.52337514409499,eligibility snapshot time unpublished,
rSTRC-2026-08-14-1,rSTRC,RSTRCUSDT,2026-08-14,open_0930,5000,0.5,0.3,0.35,95.88,95.275,13.516666666666667,0.0005,DOCUMENTED promotional 0.05% through 2026-08-31,after_hours,regular,2026-09-18T23:05:03.291954+00:00,public_book,2026-09-16T19:34:15.315933+00:00,public_book,OBSERVED-NOW book scenario; fee/prices event-time,0.6049999999999898,0.0955775,0.0019815070483472086,0.001885479481747332,0.3696259534190074,0.4652034534190074,-0.21020345341901758,1.6304069068380147,-0.6699070120966097,eligibility snapshot time unpublished,
rSTRC-2026-08-14-1,rSTRC,RSTRCUSDT,2026-08-14,open_0930,25000,0.5,0.3,0.35,95.88,95.275,13.516666666666667,0.0005,DOCUMENTED promotional 0.05% through 2026-08-31,after_hours,regular,2026-09-18T23:05:03.291954+00:00,public_book,2026-09-16T19:34:15.315933+00:00,public_book,OBSERVED-NOW book scenario; fee/prices event-time,0.6049999999999898,0.0955775,0.003880550042200226,0.0038232715242110245,0.736329332515363,0.831906832515363,-0.5769068325153732,2.363813665030726,-1.0430378090627026,eligibility snapshot time unpublished,
rSTRC-2026-08-14-1,rSTRC,RSTRCUSDT,2026-08-14,open_1000,1000,0.5,0.3,0.35,95.88,94.41,14.016666666666667,0.0005,DOCUMENTED promotional 0.05% through 2026-08-31,after_hours,regular,2026-09-18T23:05:03.291954+00:00,public_book,2026-09-16T19:34:15.315933+00:00,public_book,OBSERVED-NOW book scenario; fee/prices event-time,1.4699999999999989,0.095145,0.001057051756194638,0.0007134981457939116,0.16871148232834507,0.2638564823283451,0.8561435176716536,1.22771296465669,-1.387404597101747,eligibility snapshot time unpublished,
rSTRC-2026-08-14-1,rSTRC,RSTRCUSDT,2026-08-14,open_1000,5000,0.5,0.3,0.35,95.88,94.41,14.016666666666667,0.0005,DOCUMENTED promotional 0.05% through 2026-08-31,after_hours,regular,2026-09-18T23:05:03.291954+00:00,public_book,2026-09-16T19:34:15.315933+00:00,public_book,OBSERVED-NOW book scenario; fee/prices event-time,1.4699999999999989,0.095145,0.0019815070483472086,0.001885479481747332,0.3679950136672959,0.4631400136672959,0.6568599863327029,1.6262800273345919,-1.5333988479591656,eligibility snapshot time unpublished,
rSTRC-2026-08-14-1,rSTRC,RSTRCUSDT,2026-08-14,open_1000,25000,0.5,0.3,0.35,95.88,94.41,14.016666666666667,0.0005,DOCUMENTED promotional 0.05% through 2026-08-31,after_hours,regular,2026-09-18T23:05:03.291954+00:00,public_book,2026-09-16T19:34:15.315933+00:00,public_book,OBSERVED-NOW book scenario; fee/prices event-time,1.4699999999999989,0.095145,0.003880550042200226,0.0038232715242110245,0.7330222026469204,0.8281672026469205,0.2918327973530783,2.3563344052938406,-1.9048711880403606,eligibility snapshot time unpublished,
rSTRC-2026-08-14-1,rSTRC,RSTRCUSDT,2026-08-14,close_1600,1000,0.5,0.3,0.35,95.88,94.775,20.016666666666666,0.0005,DOCUMENTED promotional 0.05% through 2026-08-31,after_hours,after_hours,2026-09-18T23:05:03.291954+00:00,public_book,2026-09-18T23:05:03.291954+00:00,public_book,OBSERVED-NOW book scenario; fee/prices event-time,1.1049999999999898,0.09532750000000001,0.001057051756194638,0.0011841335250479812,0.21357637722036432,0.30890387722036433,0.44609612277962546,1.3178077544407287,-1.064044302574937,eligibility snapshot time unpublished,
rSTRC-2026-08-14-1,rSTRC,RSTRCUSDT,2026-08-14,close_1600,5000,0.5,0.3,0.35,95.88,94.775,20.016666666666666,0.0005,DOCUMENTED promotional 0.05% through 2026-08-31,after_hours,after_hours,2026-09-18T23:05:03.291954+00:00,public_book,2026-09-18T23:05:03.291954+00:00,public_book,OBSERVED-NOW book scenario; fee/prices event-time,1.1049999999999898,0.09532750000000001,0.0019815070483472086,0.002094816585130665,0.38852313765128915,0.48385063765128916,0.27114936234870063,1.6677012753025782,-1.2389758446894246,eligibility snapshot time unpublished,
rSTRC-2026-08-14-1,rSTRC,RSTRCUSDT,2026-08-14,close_1600,25000,0.5,0.3,0.35,95.88,94.775,20.016666666666666,0.0005,DOCUMENTED promotional 0.05% through 2026-08-31,after_hours,after_hours,2026-09-18T23:05:03.291954+00:00,public_book,2026-09-18T23:05:03.291954+00:00,public_book,OBSERVED-NOW book scenario; fee/prices event-time,1.1049999999999898,0.09532750000000001,0.003880550042200226,0.004081267129851129,0.7588692302777984,0.8541967302777984,-0.09919673027780862,2.4083934605555966,-1.6094185226596425,eligibility snapshot time unpublished,
rSTRC-2026-08-31-1,rSTRC,RSTRCUSDT,2026-08-31,overnight_2000,1000,0.5,0.3,0.35,97.635,97.63,21.733333333333334,0.0005,DOCUMENTED promotional 0.05% through 2026-08-31,after_hours,overnight,2026-09-18T23:05:03.291954+00:00,public_book,2026-09-19T03:05:03.356996+00:00,public_book,OBSERVED-NOW book scenario; fee/prices event-time,0.005000000000009663,0.0976325,0.001057051756194638,0.0012141178834368382,0.221739577176002,0.319372077176002,-0.6643720771759923,1.338744154352004,0.02236121324142737,eligibility snapshot time unpublished,
rSTRC-2026-08-31-1,rSTRC,RSTRCUSDT,2026-08-31,overnight_2000,5000,0.5,0.3,0.35,97.635,97.63,21.733333333333334,0.0005,DOCUMENTED promotional 0.05% through 2026-08-31,after_hours,overnight,2026-09-18T23:05:03.291954+00:00,public_book,2026-09-19T03:05:03.356996+00:00,public_book,OBSERVED-NOW book scenario; fee/prices event-time,0.005000000000009663,0.0976325,0.0019815070483472086,0.0022737289638201648,0.4154485994031424,0.5130810994031424,-0.8580810994031327,1.7261621988062847,-0.15869571181894926,eligibility snapshot time unpublished,
rSTRC-2026-08-31-1,rSTRC,RSTRCUSDT,2026-08-31,overnight_2000,25000,0.5,0.3,0.35,97.635,97.63,21.733333333333334,0.0005,DOCUMENTED promotional 0.05% through 2026-08-31,after_hours,overnight,2026-09-18T23:05:03.291954+00:00,public_book,2026-09-19T03:05:03.356996+00:00,public_book,OBSERVED-NOW book scenario; fee/prices event-time,0.005000000000009663,0.0976325,0.003880550042200226,0.003910301540310579,0.7606402427507408,0.8582727427507408,-1.2032727427507313,2.416545485501482,-0.5400710246954518,eligibility snapshot time unpublished,
rSTRC-2026-08-31-1,rSTRC,RSTRCUSDT,2026-08-31,premarket_0400,1000,0.5,0.3,0.35,97.635,97.36,56.016666666666666,0.0005,DOCUMENTED promotional 0.05% through 2026-08-31,after_hours,pre_market,2026-09-18T23:05:03.291954+00:00,public_book,,,OBSERVED-NOW book scenario; fee/prices event-time,0.2750000000000057,0.0974975,0.001057051756194638,,,,,,,eligibility snapshot time unpublished,buy: no depth sample for this symbol/session
rSTRC-2026-08-31-1,rSTRC,RSTRCUSDT,2026-08-31,premarket_0400,5000,0.5,0.3,0.35,97.635,97.36,56.016666666666666,0.0005,DOCUMENTED promotional 0.05% through 2026-08-31,after_hours,pre_market,2026-09-18T23:05:03.291954+00:00,public_book,,,OBSERVED-NOW book scenario; fee/prices event-time,0.2750000000000057,0.0974975,0.0019815070483472086,,,,,,,eligibility snapshot time unpublished,buy: no depth sample for this symbol/session
rSTRC-2026-08-31-1,rSTRC,RSTRCUSDT,2026-08-31,premarket_0400,25000,0.5,0.3,0.35,97.635,97.36,56.016666666666666,0.0005,DOCUMENTED promotional 0.05% through 2026-08-31,after_hours,pre_market,2026-09-18T23:05:03.291954+00:00,public_book,,,OBSERVED-NOW book scenario; fee/prices event-time,0.2750000000000057,0.0974975,0.003880550042200226,,,,,,,eligibility snapshot time unpublished,buy: no depth sample for this symbol/session
rSTRC-2026-08-31-1,rSTRC,RSTRCUSDT,2026-08-31,open_0930,1000,0.5,0.3,0.35,97.635,97.4,61.516666666666666,0.0005,DOCUMENTED promotional 0.05% through 2026-08-31,after_hours,regular,2026-09-18T23:05:03.291954+00:00,public_book,2026-09-16T19:34:15.315933+00:00,public_book,OBSERVED-NOW book scenario; fee/prices event-time,0.23499999999999943,0.09751750000000002,0.001057051756194638,0.0007134981457939116,0.17269996761639048,0.2702174676163905,-0.38521746761639103,1.240434935232781,-0.15871509017788737,eligibility snapshot time unpublished,
rSTRC-2026-08-31-1,rSTRC,RSTRCUSDT,2026-08-31,open_0930,5000,0.5,0.3,0.35,97.635,97.4,61.516666666666666,0.0005,DOCUMENTED promotional 0.05% through 2026-08-31,after_hours,regular,2026-09-18T23:05:03.291954+00:00,public_book,2026-09-16T19:34:15.315933+00:00,public_book,OBSERVED-NOW book scenario; fee/prices event-time,0.23499999999999943,0.09751750000000002,0.0019815070483472086,0.001885479481747332,0.3771101421875699,0.4746276421875699,-0.5896276421875705,1.6492552843751398,-0.3081659427088282,eligibility snapshot time unpublished,
rSTRC-2026-08-31-1,rSTRC,RSTRCUSDT,2026-08-31,open_0930,25000,0.5,0.3,0.35,97.635,97.4,61.516666666666666,0.0005,DOCUMENTED promotional 0.05% through 2026-08-31,after_hours,regular,2026-09-18T23:05:03.291954+00:00,public_book,2026-09-16T19:34:15.315933+00:00,public_book,OBSERVED-NOW book scenario; fee/prices event-time,0.23499999999999943,0.09751750000000002,0.003880550042200226,0.0038232715242110245,0.7512641498283729,0.8487816498283729,-0.9637816498283734,2.3975632996567455,-0.6888572041732841,eligibility snapshot time unpublished,
rSTRC-2026-08-31-1,rSTRC,RSTRCUSDT,2026-08-31,open_1000,1000,0.5,0.3,0.35,97.635,96.977,62.016666666666666,0.0005,DOCUMENTED promotional 0.05% through 2026-08-31,after_hours,regular,2026-09-18T23:05:03.291954+00:00,public_book,2026-09-16T19:34:15.315933+00:00,public_book,OBSERVED-NOW book scenario; fee/prices event-time,0.6580000000000013,0.09730600000000002,0.001057051756194638,0.0007134981457939116,0.17239815790071966,0.26970415790071967,0.03829584209928161,1.2394083158014393,-0.5812404758678942,eligibility snapshot time unpublished,
rSTRC-2026-08-31-1,rSTRC,RSTRCUSDT,2026-08-31,open_1000,5000,0.5,0.3,0.35,97.635,96.977,62.016666666666666,0.0005,DOCUMENTED promotional 0.05% through 2026-08-31,after_hours,regular,2026-09-18T23:05:03.291954+00:00,public_book,2026-09-16T19:34:15.315933+00:00,public_book,OBSERVED-NOW book scenario; fee/prices event-time,0.6580000000000013,0.09730600000000002,0.0019815070483472086,0.001885479481747332,0.3763125843667907,0.4736185843667907,-0.16561858436678945,1.6472371687335814,-0.73042842429248,eligibility snapshot time unpublished,
rSTRC-2026-08-31-1,rSTRC,RSTRCUSDT,2026-08-31,open_1000,25000,0.5,0.3,0.35,97.635,96.977,62.016666666666666,0.0005,DOCUMENTED promotional 0.05% through 2026-08-31,after_hours,regular,2026-09-18T23:05:03.291954+00:00,public_book,2026-09-16T19:34:15.315933+00:00,public_book,OBSERVED-NOW book scenario; fee/prices event-time,0.6580000000000013,0.09730600000000002,0.003880550042200226,0.0038232715242110245,0.7496469059736316,0.8469529059736316,-0.5389529059736303,2.3939058119472634,-1.110308671580853,eligibility snapshot time unpublished,
rSTRC-2026-08-31-1,rSTRC,RSTRCUSDT,2026-08-31,close_1600,1000,0.5,0.3,0.35,97.635,97.15,68.01666666666667,0.0005,DOCUMENTED promotional 0.05% through 2026-08-31,after_hours,after_hours,2026-09-18T23:05:03.291954+00:00,public_book,2026-09-18T23:05:03.291954+00:00,public_book,OBSERVED-NOW book scenario; fee/prices event-time,0.48499999999999943,0.09739250000000002,0.001057051756194638,0.0011841335250479812,0.21824382017447486,0.31563632017447485,-0.1806363201744754,1.3312726403489497,-0.4506979548323682,eligibility snapshot time unpublished,
rSTRC-2026-08-31-1,rSTRC,RSTRCUSDT,2026-08-31,close_1600,5000,0.5,0.3,0.35,97.635,97.15,68.01666666666667,0.0005,DOCUMENTED promotional 0.05% through 2026-08-31,after_hours,after_hours,2026-09-18T23:05:03.291954+00:00,public_book,2026-09-18T23:05:03.291954+00:00,public_book,OBSERVED-NOW book scenario; fee/prices event-time,0.48499999999999943,0.09739250000000002,0.0019815070483472086,0.002094816585130665,0.39697587191082384,0.49436837191082383,-0.3593683719108244,1.6887367438216476,-0.6294233270361633,eligibility snapshot time unpublished,
rSTRC-2026-08-31-1,rSTRC,RSTRCUSDT,2026-08-31,close_1600,25000,0.5,0.3,0.35,97.635,97.15,68.01666666666667,0.0005,DOCUMENTED promotional 0.05% through 2026-08-31,after_hours,after_hours,2026-09-18T23:05:03.291954+00:00,public_book,2026-09-18T23:05:03.291954+00:00,public_book,OBSERVED-NOW book scenario; fee/prices event-time,0.48499999999999943,0.09739250000000002,0.003880550042200226,0.004081267129851129,0.7753726050352563,0.8727651050352563,-0.7377651050352568,2.4455302100705127,-1.0078624528227667,eligibility snapshot time unpublished,
rSTRC-2026-09-15-1,rSTRC,RSTRCUSDT,2026-09-15,overnight_2000,1000,0.5,0.3,0.35,98.94,99.08,0.05,0.001,OBSERVED live symbol takerFeeRate,after_hours,overnight,2026-09-18T23:05:03.291954+00:00,public_book,2026-09-19T03:05:03.356996+00:00,public_book,OBSERVED-NOW book scenario; fee/prices event-time,-0.14000000000000057,0.19801999999999997,0.001057051756194638,0.0012141178834368382,0.2248795006488194,0.42289950064881937,-0.9128995006488199,1.5457990012976386,0.06380370891690063,eligibility snapshot time unpublished,
rSTRC-2026-09-15-1,rSTRC,RSTRCUSDT,2026-09-15,overnight_2000,5000,0.5,0.3,0.35,98.94,99.08,0.05,0.001,OBSERVED live symbol takerFeeRate,after_hours,overnight,2026-09-18T23:05:03.291954+00:00,public_book,2026-09-19T03:05:03.356996+00:00,public_book,OBSERVED-NOW book scenario; fee/prices event-time,-0.14000000000000057,0.19801999999999997,0.0019815070483472086,0.0022737289638201648,0.4213313730987748,0.6193513730987747,-1.1093513730987752,1.9387027461975495,-0.11981015551403584,eligibility snapshot time unpublished,
rSTRC-2026-09-15-1,rSTRC,RSTRCUSDT,2026-09-15,overnight_2000,25000,0.5,0.3,0.35,98.94,99.08,0.05,0.001,OBSERVED live symbol takerFeeRate,after_hours,overnight,2026-09-18T23:05:03.291954+00:00,public_book,2026-09-19T03:05:03.356996+00:00,public_book,OBSERVED-NOW book scenario; fee/prices event-time,-0.14000000000000057,0.19801999999999997,0.003880550042200226,0.003910301540310579,0.7713742977892626,0.9693942977892626,-1.459394297789263,2.638788595578525,-0.5065614687258424,eligibility snapshot time unpublished,
rSTRC-2026-09-15-1,rSTRC,RSTRCUSDT,2026-09-15,premarket_0400,1000,0.5,0.3,0.35,98.94,98.256,8.016666666666667,0.001,OBSERVED live symbol takerFeeRate,after_hours,pre_market,2026-09-18T23:05:03.291954+00:00,public_book,,,OBSERVED-NOW book scenario; fee/prices event-time,0.6839999999999975,0.197196,0.001057051756194638,,,,,,,eligibility snapshot time unpublished,buy: no depth sample for this symbol/session
rSTRC-2026-09-15-1,rSTRC,RSTRCUSDT,2026-09-15,premarket_0400,5000,0.5,0.3,0.35,98.94,98.256,8.016666666666667,0.001,OBSERVED live symbol takerFeeRate,after_hours,pre_market,2026-09-18T23:05:03.291954+00:00,public_book,,,OBSERVED-NOW book scenario; fee/prices event-time,0.6839999999999975,0.197196,0.0019815070483472086,,,,,,,eligibility snapshot time unpublished,buy: no depth sample for this symbol/session
rSTRC-2026-09-15-1,rSTRC,RSTRCUSDT,2026-09-15,premarket_0400,25000,0.5,0.3,0.35,98.94,98.256,8.016666666666667,0.001,OBSERVED live symbol takerFeeRate,after_hours,pre_market,2026-09-18T23:05:03.291954+00:00,public_book,,,OBSERVED-NOW book scenario; fee/prices event-time,0.6839999999999975,0.197196,0.003880550042200226,,,,,,,eligibility snapshot time unpublished,buy: no depth sample for this symbol/session
rSTRC-2026-09-15-1,rSTRC,RSTRCUSDT,2026-09-15,open_0930,1000,0.5,0.3,0.35,98.94,98.16,13.516666666666667,0.001,OBSERVED live symbol takerFeeRate,after_hours,regular,2026-09-18T23:05:03.291954+00:00,public_book,2026-09-16T19:34:15.315933+00:00,public_book,OBSERVED-NOW book scenario; fee/prices event-time,0.7800000000000011,0.1971,0.001057051756194638,0.0007134981457939116,0.17462167874902784,0.37172167874902784,0.05827832125097332,1.4434433574980556,-0.805315619358564,eligibility snapshot time unpublished,
rSTRC-2026-09-15-1,rSTRC,RSTRCUSDT,2026-09-15,open_0930,5000,0.5,0.3,0.35,98.94,98.16,13.516666666666667,0.001,OBSERVED live symbol takerFeeRate,after_hours,regular,2026-09-18T23:05:03.291954+00:00,public_book,2026-09-16T19:34:15.315933+00:00,public_book,OBSERVED-NOW book scenario; fee/prices event-time,0.7800000000000011,0.1971,0.0019815070483472086,0.001885479481747332,0.3811289732917909,0.5782289732917909,-0.14822897329178975,1.8564579465835818,-0.9564272705425576,eligibility snapshot time unpublished,
rSTRC-2026-09-15-1,rSTRC,RSTRCUSDT,2026-09-15,open_0930,25000,0.5,0.3,0.35,98.94,98.16,13.516666666666667,0.001,OBSERVED live symbol takerFeeRate,after_hours,regular,2026-09-18T23:05:03.291954+00:00,public_book,2026-09-16T19:34:15.315933+00:00,public_book,OBSERVED-NOW book scenario; fee/prices event-time,0.7800000000000011,0.1971,0.003880550042200226,0.0038232715242110245,0.7592339539918445,0.9563339539918445,-0.5263339539918434,2.612667907983689,-1.341167991277148,eligibility snapshot time unpublished,
rSTRC-2026-09-15-1,rSTRC,RSTRCUSDT,2026-09-15,open_1000,1000,0.5,0.3,0.35,98.94,97.8,14.016666666666667,0.001,OBSERVED live symbol takerFeeRate,after_hours,regular,2026-09-18T23:05:03.291954+00:00,public_book,2026-09-16T19:34:15.315933+00:00,public_book,OBSERVED-NOW book scenario; fee/prices event-time,1.1400000000000006,0.19674000000000003,0.001057051756194638,0.0007134981457939116,0.17436481941654203,0.37110481941654205,0.41889518058345854,1.442209638833084,-1.1647316922862274,eligibility snapshot time unpublished,
rSTRC-2026-09-15-1,rSTRC,RSTRCUSDT,2026-09-15,open_1000,5000,0.5,0.3,0.35,98.94,97.8,14.016666666666667,0.001,OBSERVED live symbol takerFeeRate,after_hours,regular,2026-09-18T23:05:03.291954+00:00,public_book,2026-09-16T19:34:15.315933+00:00,public_book,OBSERVED-NOW book scenario; fee/prices event-time,1.1400000000000006,0.19674000000000003,0.0019815070483472086,0.001885479481747332,0.3804502006783619,0.5771902006783619,0.21280979932163868,1.8543804013567238,-1.3156195952945997,eligibility snapshot time unpublished,
rSTRC-2026-09-15-1,rSTRC,RSTRCUSDT,2026-09-15,open_1000,25000,0.5,0.3,0.35,98.94,97.8,14.016666666666667,0.001,OBSERVED live symbol takerFeeRate,after_hours,regular,2026-09-18T23:05:03.291954+00:00,public_book,2026-09-16T19:34:15.315933+00:00,public_book,OBSERVED-NOW book scenario; fee/prices event-time,1.1400000000000006,0.19674000000000003,0.003880550042200226,0.0038232715242110245,0.7578575762431286,0.9545975762431286,-0.16459757624312799,2.609195152486257,-1.6996700911984812,eligibility snapshot time unpublished,
rSTRC-2026-09-15-1,rSTRC,RSTRCUSDT,2026-09-15,close_1600,1000,0.5,0.3,0.35,98.94,97.24,20.016666666666666,0.001,OBSERVED live symbol takerFeeRate,after_hours,after_hours,2026-09-18T23:05:03.291954+00:00,public_book,2026-09-18T23:05:03.291954+00:00,public_book,OBSERVED-NOW book scenario; fee/prices event-time,1.7000000000000028,0.19618000000000002,0.001057051756194638,0.0011841335250479812,0.21972984473356316,0.4159098447335632,0.9340901552664396,1.5318196894671263,-1.7661258837406166,eligibility snapshot time unpublished,
rSTRC-2026-09-15-1,rSTRC,RSTRCUSDT,2026-09-15,close_1600,5000,0.5,0.3,0.35,98.94,97.24,20.016666666666666,0.001,OBSERVED live symbol takerFeeRate,after_hours,after_hours,2026-09-18T23:05:03.291954+00:00,public_book,2026-09-18T23:05:03.291954+00:00,public_book,OBSERVED-NOW book scenario; fee/prices event-time,1.7000000000000028,0.19618000000000002,0.0019815070483472086,0.002094816585130665,0.39975027210157865,0.5959302721015787,0.7540697278984241,1.8918605442031573,-1.9461228983141132,eligibility snapshot time unpublished,
rSTRC-2026-09-15-1,rSTRC,RSTRCUSDT,2026-09-15,close_1600,25000,0.5,0.3,0.35,98.94,97.24,20.016666666666666,0.001,OBSERVED live symbol takerFeeRate,after_hours,after_hours,2026-09-18T23:05:03.291954+00:00,public_book,2026-09-18T23:05:03.291954+00:00,public_book,OBSERVED-NOW book scenario; fee/prices event-time,1.7000000000000028,0.19618000000000002,0.003880550042200226,0.004081267129851129,0.7808040368820142,0.9769840368820142,0.37301596311798857,2.6539680737640285,-2.3273252559310236,eligibility snapshot time unpublished,
rTLT-2026-07-01-1,rTLT,RTLTUSDT,2026-07-01,overnight_2000,1000,0.31803,0.3,0.222621,86.265,85.88,0.016666666666666666,0.0005,DOCUMENTED promotional 0.05% through 2026-08-31,after_hours,overnight,2026-09-18T23:05:03.291954+00:00,public_book,2026-09-19T03:05:03.356996+00:00,public_book,OBSERVED-NOW book scenario; fee/prices event-time,0.3850000000000051,0.0860725,0.0005812397352132903,0.001079336989312285,0.14283410640031352,0.22890660640031352,-0.06652760640030841,1.419764193316082,-0.39218677030283783,eligibility snapshot time unpublished,
rTLT-2026-07-01-1,rTLT,RTLTUSDT,2026-07-01,overnight_2000,5000,0.31803,0.3,0.222621,86.265,85.88,0.016666666666666666,0.0005,DOCUMENTED promotional 0.05% through 2026-08-31,after_hours,overnight,2026-09-18T23:05:03.291954+00:00,public_book,2026-09-19T03:05:03.356996+00:00,public_book,OBSERVED-NOW book scenario; fee/prices event-time,0.3850000000000051,0.0860725,0.001887497109097636,0.0017300512602762552,0.3114017403488324,0.3974742403488324,-0.23509524034882728,1.9498010890445319,-0.6076204064108924,eligibility snapshot time unpublished,
rTLT-2026-07-01-1,rTLT,RTLTUSDT,2026-07-01,overnight_2000,25000,0.31803,0.3,0.222621,86.265,85.88,0.016666666666666666,0.0005,DOCUMENTED promotional 0.05% through 2026-08-31,after_hours,overnight,2026-09-18T23:05:03.291954+00:00,public_book,2026-09-19T03:05:03.356996+00:00,public_book,OBSERVED-NOW book scenario; fee/prices event-time,0.3850000000000051,0.0860725,0.004312006206812824,0.003402032604778782,0.66414177552911,0.75021427552911,-0.587835275529105,3.0589418467726635,-0.9896129654673149,eligibility snapshot time unpublished,
rTLT-2026-07-01-1,rTLT,RTLTUSDT,2026-07-01,premarket_0400,1000,0.31803,0.3,0.222621,86.265,85.77,8.016666666666667,0.0005,DOCUMENTED promotional 0.05% through 2026-08-31,after_hours,pre_market,2026-09-18T23:05:03.291954+00:00,public_book,,,OBSERVED-NOW book scenario; fee/prices event-time,0.49500000000000455,0.0860175,0.0005812397352132903,,,,,,,eligibility snapshot time unpublished,buy: no depth sample for this symbol/session
rTLT-2026-07-01-1,rTLT,RTLTUSDT,2026-07-01,premarket_0400,5000,0.31803,0.3,0.222621,86.265,85.77,8.016666666666667,0.0005,DOCUMENTED promotional 0.05% through 2026-08-31,after_hours,pre_market,2026-09-18T23:05:03.291954+00:00,public_book,,,OBSERVED-NOW book scenario; fee/prices event-time,0.49500000000000455,0.0860175,0.001887497109097636,,,,,,,eligibility snapshot time unpublished,buy: no depth sample for this symbol/session
rTLT-2026-07-01-1,rTLT,RTLTUSDT,2026-07-01,premarket_0400,25000,0.31803,0.3,0.222621,86.265,85.77,8.016666666666667,0.0005,DOCUMENTED promotional 0.05% through 2026-08-31,after_hours,pre_market,2026-09-18T23:05:03.291954+00:00,public_book,,,OBSERVED-NOW book scenario; fee/prices event-time,0.49500000000000455,0.0860175,0.004312006206812824,,,,,,,eligibility snapshot time unpublished,buy: no depth sample for this symbol/session
rTLT-2026-07-01-1,rTLT,RTLTUSDT,2026-07-01,open_0930,1000,0.31803,0.3,0.222621,86.265,85.464,13.516666666666667,0.0005,DOCUMENTED promotional 0.05% through 2026-08-31,after_hours,regular,2026-09-18T23:05:03.291954+00:00,public_book,2026-09-16T19:34:15.315933+00:00,public_book,OBSERVED-NOW book scenario; fee/prices event-time,0.8010000000000019,0.0858645,0.0005812397352132903,0.0005568049296846844,0.09772742226874635,0.18359192226874635,0.39478707773125565,1.2772786286474433,-0.7608759314731638,eligibility snapshot time unpublished,
rTLT-2026-07-01-1,rTLT,RTLTUSDT,2026-07-01,open_0930,5000,0.31803,0.3,0.222621,86.265,85.464,13.516666666666667,0.0005,DOCUMENTED promotional 0.05% through 2026-08-31,after_hours,regular,2026-09-18T23:05:03.291954+00:00,public_book,2026-09-16T19:34:15.315933+00:00,public_book,OBSERVED-NOW book scenario; fee/prices event-time,0.8010000000000019,0.0858645,0.001887497109097636,0.001698179097803898,0.3079581165310199,0.3938226165310199,0.18455638346898207,1.9383190784863689,-0.9588963028196962,eligibility snapshot time unpublished,
rTLT-2026-07-01-1,rTLT,RTLTUSDT,2026-07-01,open_0930,25000,0.31803,0.3,0.222621,86.265,85.464,13.516666666666667,0.0005,DOCUMENTED promotional 0.05% through 2026-08-31,after_hours,regular,2026-09-18T23:05:03.291954+00:00,public_book,2026-09-16T19:34:15.315933+00:00,public_book,OBSERVED-NOW book scenario; fee/prices event-time,0.8010000000000019,0.0858645,0.004312006206812824,0.004222507544771492,0.7328476002370591,0.8187121002370591,-0.24033310023705712,3.2743234922399123,-1.3300895409569309,eligibility snapshot time unpublished,
rTLT-2026-07-01-1,rTLT,RTLTUSDT,2026-07-01,open_1000,1000,0.31803,0.3,0.222621,86.265,85.63,14.016666666666667,0.0005,DOCUMENTED promotional 0.05% through 2026-08-31,after_hours,regular,2026-09-18T23:05:03.291954+00:00,public_book,2026-09-16T19:34:15.315933+00:00,public_book,OBSERVED-NOW book scenario; fee/prices event-time,0.6350000000000051,0.0859475,0.0005812397352132903,0.0005568049296846844,0.09781985188707401,0.183767351887074,0.2286116481129311,1.27783024207488,-0.5950560554051265,eligibility snapshot time unpublished,
rTLT-2026-07-01-1,rTLT,RTLTUSDT,2026-07-01,open_1000,5000,0.31803,0.3,0.222621,86.265,85.63,14.016666666666667,0.0005,DOCUMENTED promotional 0.05% through 2026-08-31,after_hours,regular,2026-09-18T23:05:03.291954+00:00,public_book,2026-09-16T19:34:15.315933+00:00,public_book,OBSERVED-NOW book scenario; fee/prices event-time,0.6350000000000051,0.0859475,0.001887497109097636,0.001698179097803898,0.30824001426125536,0.39418751426125537,0.018191485738749735,1.9394664473831256,-0.7933053046723846,eligibility snapshot time unpublished,
rTLT-2026-07-01-1,rTLT,RTLTUSDT,2026-07-01,open_1000,25000,0.31803,0.3,0.222621,86.265,85.63,14.016666666666667,0.0005,DOCUMENTED promotional 0.05% through 2026-08-31,after_hours,regular,2026-09-18T23:05:03.291954+00:00,public_book,2026-09-16T19:34:15.315933+00:00,public_book,OBSERVED-NOW book scenario; fee/prices event-time,0.6350000000000051,0.0859475,0.004312006206812824,0.004222507544771492,0.7335485364894911,0.8194960364894911,-0.407117036489486,3.2767884680360067,-1.1648606346742039,eligibility snapshot time unpublished,
rTLT-2026-07-01-1,rTLT,RTLTUSDT,2026-07-01,close_1600,1000,0.31803,0.3,0.222621,86.265,85.53,20.016666666666666,0.0005,DOCUMENTED promotional 0.05% through 2026-08-31,after_hours,after_hours,2026-09-18T23:05:03.291954+00:00,public_book,2026-09-18T23:05:03.291954+00:00,public_book,OBSERVED-NOW book scenario; fee/prices event-time,0.7349999999999994,0.08589750000000002,0.0005812397352132903,0.0005405299796681362,0.09637217491919017,0.1822696749191902,0.33010932508080926,1.2731210103423898,-0.6946187532488639,eligibility snapshot time unpublished,
rTLT-2026-07-01-1,rTLT,RTLTUSDT,2026-07-01,close_1600,5000,0.31803,0.3,0.222621,86.265,85.53,20.016666666666666,0.0005,DOCUMENTED promotional 0.05% through 2026-08-31,after_hours,after_hours,2026-09-18T23:05:03.291954+00:00,public_book,2026-09-18T23:05:03.291954+00:00,public_book,OBSERVED-NOW book scenario; fee/prices event-time,0.7349999999999994,0.08589750000000002,0.001887497109097636,0.0014700389406816503,0.2885573687128091,0.37445486871280914,0.13792413128719033,1.8774199563337082,-0.8865270369590228,eligibility snapshot time unpublished,
rTLT-2026-07-01-1,rTLT,RTLTUSDT,2026-07-01,close_1600,25000,0.31803,0.3,0.222621,86.265,85.53,20.016666666666666,0.0005,DOCUMENTED promotional 0.05% through 2026-08-31,after_hours,after_hours,2026-09-18T23:05:03.291954+00:00,public_book,2026-09-18T23:05:03.291954+00:00,public_book,OBSERVED-NOW book scenario; fee/prices event-time,0.7349999999999994,0.08589750000000002,0.004312006206812824,0.003611957923581155,0.6809059766346044,0.7668034766346044,-0.2544244766346049,3.111104224867479,-1.2786679411464286,eligibility snapshot time unpublished,
rTLT-2026-08-03-1,rTLT,RTLTUSDT,2026-08-03,overnight_2000,1000,0.33045399,0.3,0.231317793,82.035,82.01,13.016666666666667,0.0005,DOCUMENTED promotional 0.05% through 2026-08-31,after_hours,overnight,2026-09-18T23:05:03.291954+00:00,public_book,2026-09-19T03:05:03.356996+00:00,public_book,OBSERVED-NOW book scenario; fee/prices event-time,0.024999999999991473,0.08202250000000001,0.0005812397352132903,0.001079336989312285,0.13619842817172279,0.21822092817172278,-0.4245387211717313,1.3603670549468105,-0.012777639264815857,eligibility snapshot time unpublished,
rTLT-2026-08-03-1,rTLT,RTLTUSDT,2026-08-03,overnight_2000,5000,0.33045399,0.3,0.231317793,82.035,82.01,13.016666666666667,0.0005,DOCUMENTED promotional 0.05% through 2026-08-31,after_hours,overnight,2026-09-18T23:05:03.291954+00:00,public_book,2026-09-19T03:05:03.356996+00:00,public_book,OBSERVED-NOW book scenario; fee/prices event-time,0.024999999999991473,0.08202250000000001,0.001887497109097636,0.0017300512602762552,0.29672232920008024,0.37874482920008024,-0.5850626222000888,1.8461348346863062,-0.2181847186366388,eligibility snapshot time unpublished,
rTLT-2026-08-03-1,rTLT,RTLTUSDT,2026-08-03,overnight_2000,25000,0.33045399,0.3,0.231317793,82.035,82.01,13.016666666666667,0.0005,DOCUMENTED promotional 0.05% through 2026-08-31,after_hours,overnight,2026-09-18T23:05:03.291954+00:00,public_book,2026-09-19T03:05:03.356996+00:00,public_book,OBSERVED-NOW book scenario; fee/prices event-time,0.024999999999991473,0.08202250000000001,0.004312006206812824,0.003402032604778782,0.632736123093798,0.714758623093798,-0.9210764160938065,2.862959579013702,-0.58222966320575,eligibility snapshot time unpublished,
rTLT-2026-08-03-1,rTLT,RTLTUSDT,2026-08-03,premarket_0400,1000,0.33045399,0.3,0.231317793,82.035,82.18,56.016666666666666,0.0005,DOCUMENTED promotional 0.05% through 2026-08-31,after_hours,pre_market,2026-09-18T23:05:03.291954+00:00,public_book,,,OBSERVED-NOW book scenario; fee/prices event-time,-0.14500000000001023,0.0821075,0.0005812397352132903,,,,,,,eligibility snapshot time unpublished,buy: no depth sample for this symbol/session
rTLT-2026-08-03-1,rTLT,RTLTUSDT,2026-08-03,premarket_0400,5000,0.33045399,0.3,0.231317793,82.035,82.18,56.016666666666666,0.0005,DOCUMENTED promotional 0.05% through 2026-08-31,after_hours,pre_market,2026-09-18T23:05:03.291954+00:00,public_book,,,OBSERVED-NOW book scenario; fee/prices event-time,-0.14500000000001023,0.0821075,0.001887497109097636,,,,,,,eligibility snapshot time unpublished,buy: no depth sample for this symbol/session
rTLT-2026-08-03-1,rTLT,RTLTUSDT,2026-08-03,premarket_0400,25000,0.33045399,0.3,0.231317793,82.035,82.18,56.016666666666666,0.0005,DOCUMENTED promotional 0.05% through 2026-08-31,after_hours,pre_market,2026-09-18T23:05:03.291954+00:00,public_book,,,OBSERVED-NOW book scenario; fee/prices event-time,-0.14500000000001023,0.0821075,0.004312006206812824,,,,,,,eligibility snapshot time unpublished,buy: no depth sample for this symbol/session
rTLT-2026-08-03-1,rTLT,RTLTUSDT,2026-08-03,open_0930,1000,0.33045399,0.3,0.231317793,82.035,82.215,61.516666666666666,0.0005,DOCUMENTED promotional 0.05% through 2026-08-31,after_hours,regular,2026-09-18T23:05:03.291954+00:00,public_book,2026-09-16T19:34:15.315933+00:00,public_book,OBSERVED-NOW book scenario; fee/prices event-time,-0.18000000000000682,0.082125,0.0005812397352132903,0.0005568049296846844,0.09345971897224861,0.17558471897224862,-0.5869025119722554,1.2313439216522961,0.23674774102118343,eligibility snapshot time unpublished,
rTLT-2026-08-03-1,rTLT,RTLTUSDT,2026-08-03,open_0930,5000,0.33045399,0.3,0.231317793,82.035,82.215,61.516666666666666,0.0005,DOCUMENTED promotional 0.05% through 2026-08-31,after_hours,regular,2026-09-18T23:05:03.291954+00:00,public_book,2026-09-16T19:34:15.315933+00:00,public_book,OBSERVED-NOW book scenario; fee/prices event-time,-0.18000000000000682,0.082125,0.001887497109097636,0.001698179097803898,0.29445661987077204,0.37658161987077204,-0.7878994128707788,1.8395886606506764,0.047138857425748915,eligibility snapshot time unpublished,
rTLT-2026-08-03-1,rTLT,RTLTUSDT,2026-08-03,open_0930,25000,0.33045399,0.3,0.231317793,82.035,82.215,61.516666666666666,0.0005,DOCUMENTED promotional 0.05% through 2026-08-31,after_hours,regular,2026-09-18T23:05:03.291954+00:00,public_book,2026-09-16T19:34:15.315933+00:00,public_book,OBSERVED-NOW book scenario; fee/prices event-time,-0.18000000000000682,0.082125,0.004312006206812824,0.004222507544771492,0.7008888869692782,0.7830138869692782,-1.194331679969285,3.069509555533822,-0.30790709673891115,eligibility snapshot time unpublished,
rTLT-2026-08-03-1,rTLT,RTLTUSDT,2026-08-03,open_1000,1000,0.33045399,0.3,0.231317793,82.035,82.095,62.016666666666666,0.0005,DOCUMENTED promotional 0.05% through 2026-08-31,after_hours,regular,2026-09-18T23:05:03.291954+00:00,public_book,2026-09-16T19:34:15.315933+00:00,public_book,OBSERVED-NOW book scenario; fee/prices event-time,-0.060000000000002274,0.082065,0.0005812397352132903,0.0005568049296846844,0.09339290238068644,0.17545790238068643,-0.4667756953806887,1.23096015690622,0.11687795109247501,eligibility snapshot time unpublished,
rTLT-2026-08-03-1,rTLT,RTLTUSDT,2026-08-03,open_1000,5000,0.33045399,0.3,0.231317793,82.035,82.095,62.016666666666666,0.0005,DOCUMENTED promotional 0.05% through 2026-08-31,after_hours,regular,2026-09-18T23:05:03.291954+00:00,public_book,2026-09-16T19:34:15.315933+00:00,public_book,OBSERVED-NOW book scenario; fee/prices event-time,-0.060000000000002274,0.082065,0.001887497109097636,0.001698179097803898,0.2942528383790356,0.3763178383790356,-0.6676356313790379,1.8387904209570467,-0.07256547858436263,eligibility snapshot time unpublished,
rTLT-2026-08-03-1,rTLT,RTLTUSDT,2026-08-03,open_1000,25000,0.33045399,0.3,0.231317793,82.035,82.095,62.016666666666666,0.0005,DOCUMENTED promotional 0.05% through 2026-08-31,after_hours,regular,2026-09-18T23:05:03.291954+00:00,public_book,2026-09-16T19:34:15.315933+00:00,public_book,OBSERVED-NOW book scenario; fee/prices event-time,-0.060000000000002274,0.082065,0.004312006206812824,0.004222507544771492,0.7003821860639057,0.7824471860639057,-1.0737649790639079,3.0677946393200024,-0.4273496795939013,eligibility snapshot time unpublished,
rTLT-2026-08-03-1,rTLT,RTLTUSDT,2026-08-03,close_1600,1000,0.33045399,0.3,0.231317793,82.035,82.205,68.01666666666667,0.0005,DOCUMENTED promotional 0.05% through 2026-08-31,after_hours,after_hours,2026-09-18T23:05:03.291954+00:00,public_book,2026-09-18T23:05:03.291954+00:00,public_book,OBSERVED-NOW book scenario; fee/prices event-time,-0.1700000000000017,0.08212000000000001,0.0005812397352132903,0.0005405299796681362,0.09211626865684142,0.17423626865684144,-0.5755540616568431,1.2272633223670304,0.2270746036847176,eligibility snapshot time unpublished,
rTLT-2026-08-03-1,rTLT,RTLTUSDT,2026-08-03,close_1600,5000,0.33045399,0.3,0.231317793,82.035,82.205,68.01666666666667,0.0005,DOCUMENTED promotional 0.05% through 2026-08-31,after_hours,after_hours,2026-09-18T23:05:03.291954+00:00,public_book,2026-09-18T23:05:03.291954+00:00,public_book,OBSERVED-NOW book scenario; fee/prices event-time,-0.1700000000000017,0.08212000000000001,0.001887497109097636,0.0014700389406816503,0.2756853764635596,0.35780537646355964,-0.7591231694635614,1.7827691215456642,0.043441448647811354,eligibility snapshot time unpublished,
rTLT-2026-08-03-1,rTLT,RTLTUSDT,2026-08-03,close_1600,25000,0.33045399,0.3,0.231317793,82.035,82.205,68.01666666666667,0.0005,DOCUMENTED promotional 0.05% through 2026-08-31,after_hours,after_hours,2026-09-18T23:05:03.291954+00:00,public_book,2026-09-18T23:05:03.291954+00:00,public_book,OBSERVED-NOW book scenario; fee/prices event-time,-0.1700000000000017,0.08212000000000001,0.004312006206812824,0.003611957923581155,0.6506564302838789,0.7327764302838788,-1.1340942232838804,2.917483984030209,-0.33157764549202645,eligibility snapshot time unpublished,
rTLT-2026-09-01-1,rTLT,RTLTUSDT,2026-09-01,overnight_2000,1000,0.314686,0.3,0.2202802,82.38,82.23,0.016666666666666666,0.001,OBSERVED live symbol takerFeeRate,after_hours,overnight,2026-09-18T23:05:03.291954+00:00,public_book,2026-09-19T03:05:03.356996+00:00,public_book,OBSERVED-NOW book scenario; fee/prices event-time,0.14999999999999147,0.16461,0.0005812397352132903,0.001079336989312285,0.13663641001802007,0.3012464100180201,-0.37152661001802867,1.6572920626212164,-0.23183797406627232,eligibility snapshot time unpublished,
rTLT-2026-09-01-1,rTLT,RTLTUSDT,2026-09-01,overnight_2000,5000,0.314686,0.3,0.2202802,82.38,82.23,0.016666666666666666,0.001,OBSERVED live symbol takerFeeRate,after_hours,overnight,2026-09-18T23:05:03.291954+00:00,public_book,2026-09-19T03:05:03.356996+00:00,public_book,OBSERVED-NOW book scenario; fee/prices event-time,0.14999999999999147,0.16461,0.001887497109097636,0.0017300512602762552,0.2977541269799797,0.46236412697997975,-0.5326443269799883,2.169287248177484,-0.4379122046867126,eligibility snapshot time unpublished,
rTLT-2026-09-01-1,rTLT,RTLTUSDT,2026-09-01,overnight_2000,25000,0.314686,0.3,0.2202802,82.38,82.23,0.016666666666666666,0.001,OBSERVED live symbol takerFeeRate,after_hours,overnight,2026-09-18T23:05:03.291954+00:00,public_book,2026-09-19T03:05:03.356996+00:00,public_book,OBSERVED-NOW book scenario; fee/prices event-time,0.14999999999999147,0.16461,0.004312006206812824,0.003402032604778782,0.6349722124081997,0.7995822124081997,-0.8698624124082083,3.240889052605453,-0.8032013323337929,eligibility snapshot time unpublished,
rTLT-2026-09-01-1,rTLT,RTLTUSDT,2026-09-01,premarket_0400,1000,0.314686,0.3,0.2202802,82.38,81.828,8.016666666666667,0.001,OBSERVED live symbol takerFeeRate,after_hours,pre_market,2026-09-18T23:05:03.291954+00:00,public_book,,,OBSERVED-NOW book scenario; fee/prices event-time,0.5519999999999925,0.164208,0.0005812397352132903,,,,,,,eligibility snapshot time unpublished,buy: no depth sample for this symbol/session
rTLT-2026-09-01-1,rTLT,RTLTUSDT,2026-09-01,premarket_0400,5000,0.314686,0.3,0.2202802,82.38,81.828,8.016666666666667,0.001,OBSERVED live symbol takerFeeRate,after_hours,pre_market,2026-09-18T23:05:03.291954+00:00,public_book,,,OBSERVED-NOW book scenario; fee/prices event-time,0.5519999999999925,0.164208,0.001887497109097636,,,,,,,eligibility snapshot time unpublished,buy: no depth sample for this symbol/session
rTLT-2026-09-01-1,rTLT,RTLTUSDT,2026-09-01,premarket_0400,25000,0.314686,0.3,0.2202802,82.38,81.828,8.016666666666667,0.001,OBSERVED live symbol takerFeeRate,after_hours,pre_market,2026-09-18T23:05:03.291954+00:00,public_book,,,OBSERVED-NOW book scenario; fee/prices event-time,0.5519999999999925,0.164208,0.004312006206812824,,,,,,,eligibility snapshot time unpublished,buy: no depth sample for this symbol/session
rTLT-2026-09-01-1,rTLT,RTLTUSDT,2026-09-01,open_0930,1000,0.314686,0.3,0.2202802,82.38,81.945,13.516666666666667,0.001,OBSERVED live symbol takerFeeRate,after_hours,regular,2026-09-18T23:05:03.291954+00:00,public_book,2026-09-16T19:34:15.315933+00:00,public_book,OBSERVED-NOW book scenario; fee/prices event-time,0.4350000000000023,0.164325,0.0005812397352132903,0.0005568049296846844,0.09350990934988232,0.2578349093498823,-0.043115109349880026,1.519340260926391,-0.4715183621613949,eligibility snapshot time unpublished,
rTLT-2026-09-01-1,rTLT,RTLTUSDT,2026-09-01,open_0930,5000,0.314686,0.3,0.2202802,82.38,81.945,13.516666666666667,0.001,OBSERVED live symbol takerFeeRate,after_hours,regular,2026-09-18T23:05:03.291954+00:00,public_book,2026-09-16T19:34:15.315933+00:00,public_book,OBSERVED-NOW book scenario; fee/prices event-time,0.4350000000000023,0.164325,0.001887497109097636,0.001698179097803898,0.2946492980170037,0.4589742980170037,-0.24425449801700141,2.1585151484877105,-0.6610756550315361,eligibility snapshot time unpublished,
rTLT-2026-09-01-1,rTLT,RTLTUSDT,2026-09-01,open_0930,25000,0.314686,0.3,0.2202802,82.38,81.945,13.516666666666667,0.001,OBSERVED live symbol takerFeeRate,after_hours,regular,2026-09-18T23:05:03.291954+00:00,public_book,2026-09-16T19:34:15.315933+00:00,public_book,OBSERVED-NOW book scenario; fee/prices event-time,0.4350000000000023,0.164325,0.004312006206812824,0.004222507544771492,0.7012364520735404,0.8655614520735404,-0.6508416520735382,3.45055595760072,-1.0162716266462735,eligibility snapshot time unpublished,
rTLT-2026-09-01-1,rTLT,RTLTUSDT,2026-09-01,open_1000,1000,0.314686,0.3,0.2202802,82.38,82.074,14.016666666666667,0.001,OBSERVED live symbol takerFeeRate,after_hours,regular,2026-09-18T23:05:03.291954+00:00,public_book,2026-09-16T19:34:15.315933+00:00,public_book,OBSERVED-NOW book scenario; fee/prices event-time,0.3059999999999974,0.16445400000000002,0.0005812397352132903,0.0005568049296846844,0.09358173718581164,0.25803573718581163,-0.17231593718581426,1.5199784457707417,-0.3427228379880334,eligibility snapshot time unpublished,
rTLT-2026-09-01-1,rTLT,RTLTUSDT,2026-09-01,open_1000,5000,0.314686,0.3,0.2202802,82.38,82.074,14.016666666666667,0.001,OBSERVED live symbol takerFeeRate,after_hours,regular,2026-09-18T23:05:03.291954+00:00,public_book,2026-09-16T19:34:15.315933+00:00,public_book,OBSERVED-NOW book scenario; fee/prices event-time,0.3059999999999974,0.16445400000000002,0.001887497109097636,0.001698179097803898,0.29486836312062037,0.45932236312062036,-0.373602563120623,2.1596212196304263,-0.5324579938206662,eligibility snapshot time unpublished,
rTLT-2026-09-01-1,rTLT,RTLTUSDT,2026-09-01,open_1000,25000,0.314686,0.3,0.2202802,82.38,82.074,14.016666666666667,0.001,OBSERVED live symbol takerFeeRate,after_hours,regular,2026-09-18T23:05:03.291954+00:00,public_book,2026-09-16T19:34:15.315933+00:00,public_book,OBSERVED-NOW book scenario; fee/prices event-time,0.3059999999999974,0.16445400000000002,0.004312006206812824,0.004222507544771492,0.7017811555468159,0.8662351555468158,-0.7805153555468185,3.4526968328645564,-0.887935350077159,eligibility snapshot time unpublished,
rTLT-2026-09-01-1,rTLT,RTLTUSDT,2026-09-01,close_1600,1000,0.314686,0.3,0.2202802,82.38,81.87,20.016666666666666,0.001,OBSERVED live symbol takerFeeRate,after_hours,after_hours,2026-09-18T23:05:03.291954+00:00,public_book,2026-09-18T23:05:03.291954+00:00,public_book,OBSERVED-NOW book scenario; fee/prices event-time,0.5099999999999909,0.16425,0.0005812397352132903,0.0005405299796681362,0.09213571882230118,0.2563857188223012,0.033334081177689656,1.5147350655011702,-0.546084756846964,eligibility snapshot time unpublished,
rTLT-2026-09-01-1,rTLT,RTLTUSDT,2026-09-01,close_1600,5000,0.314686,0.3,0.2202802,82.38,81.87,20.016666666666666,0.001,OBSERVED live symbol takerFeeRate,after_hours,after_hours,2026-09-18T23:05:03.291954+00:00,public_book,2026-09-18T23:05:03.291954+00:00,public_book,OBSERVED-NOW book scenario; fee/prices event-time,0.5099999999999909,0.16425,0.001887497109097636,0.0014700389406816503,0.27584409992106995,0.44009409992106996,-0.1503742999210791,2.09851820519842,-0.7296009962551687,eligibility snapshot time unpublished,
rTLT-2026-09-01-1,rTLT,RTLTUSDT,2026-09-01,close_1600,25000,0.314686,0.3,0.2202802,82.38,81.87,20.016666666666666,0.001,OBSERVED live symbol takerFeeRate,after_hours,after_hours,2026-09-18T23:05:03.291954+00:00,public_book,2026-09-18T23:05:03.291954+00:00,public_book,OBSERVED-NOW book scenario; fee/prices event-time,0.5099999999999909,0.16425,0.004312006206812824,0.003611957923581155,0.6509340665208296,0.8151840665208296,-0.5254642665208388,3.290468169924399,-1.1045468418963722,eligibility snapshot time unpublished,
rTSM-2026-06-11-1,rTSM,RTSMUSDT,2026-06-11,overnight_2000,1000,0.742067,0.3,0.5194469,407.055,408.01,0.016666666666666666,0.0005,DOCUMENTED promotional 0.05% through 2026-08-31,after_hours,overnight,2026-09-18T23:05:03.291954+00:00,public_book,2026-09-19T03:05:03.356996+00:00,public_book,OBSERVED-NOW book scenario; fee/prices event-time,-0.9549999999999841,0.4075325,0.0006253812869555508,0.0022931538793702355,1.1901942940835415,1.5977267940835416,-3.072173694083526,2.8530761967363345,0.5392373833591415,eligibility snapshot time unpublished,
rTSM-2026-06-11-1,rTSM,RTSMUSDT,2026-06-11,overnight_2000,5000,0.742067,0.3,0.5194469,407.055,408.01,0.016666666666666666,0.0005,DOCUMENTED promotional 0.05% through 2026-08-31,after_hours,overnight,2026-09-18T23:05:03.291954+00:00,public_book,2026-09-19T03:05:03.356996+00:00,public_book,OBSERVED-NOW book scenario; fee/prices event-time,-0.9549999999999841,0.4075325,0.0015493697268549322,0.0032655236040812774,1.9630449798661365,2.3705774798661365,-3.845024379866121,3.8945598980498213,-0.3349765387438495,eligibility snapshot time unpublished,
rTSM-2026-06-11-1,rTSM,RTSMUSDT,2026-06-11,overnight_2000,25000,0.742067,0.3,0.5194469,407.055,408.01,0.016666666666666666,0.0005,DOCUMENTED promotional 0.05% through 2026-08-31,after_hours,overnight,2026-09-18T23:05:03.291954+00:00,public_book,2026-09-19T03:05:03.356996+00:00,public_book,OBSERVED-NOW book scenario; fee/prices event-time,-0.9549999999999841,0.4075325,0.0034674857334507925,0.0061956468751744875,3.939343286769755,4.346875786769755,-5.821322686769739,6.5577942244699665,-2.3067002068003672,eligibility snapshot time unpublished,
rTSM-2026-06-11-1,rTSM,RTSMUSDT,2026-06-11,premarket_0400,1000,0.742067,0.3,0.5194469,407.055,415.669,8.016666666666667,0.0005,DOCUMENTED promotional 0.05% through 2026-08-31,after_hours,pre_market,2026-09-18T23:05:03.291954+00:00,public_book,,,OBSERVED-NOW book scenario; fee/prices event-time,-8.613999999999976,0.41136199999999995,0.0006253812869555508,,,,,,,eligibility snapshot time unpublished,buy: no depth sample for this symbol/session
rTSM-2026-06-11-1,rTSM,RTSMUSDT,2026-06-11,premarket_0400,5000,0.742067,0.3,0.5194469,407.055,415.669,8.016666666666667,0.0005,DOCUMENTED promotional 0.05% through 2026-08-31,after_hours,pre_market,2026-09-18T23:05:03.291954+00:00,public_book,,,OBSERVED-NOW book scenario; fee/prices event-time,-8.613999999999976,0.41136199999999995,0.0015493697268549322,,,,,,,eligibility snapshot time unpublished,buy: no depth sample for this symbol/session
rTSM-2026-06-11-1,rTSM,RTSMUSDT,2026-06-11,premarket_0400,25000,0.742067,0.3,0.5194469,407.055,415.669,8.016666666666667,0.0005,DOCUMENTED promotional 0.05% through 2026-08-31,after_hours,pre_market,2026-09-18T23:05:03.291954+00:00,public_book,,,OBSERVED-NOW book scenario; fee/prices event-time,-8.613999999999976,0.41136199999999995,0.0034674857334507925,,,,,,,eligibility snapshot time unpublished,buy: no depth sample for this symbol/session
rTSM-2026-06-11-1,rTSM,RTSMUSDT,2026-06-11,open_0930,1000,0.742067,0.3,0.5194469,407.055,412.551,13.516666666666667,0.0005,DOCUMENTED promotional 0.05% through 2026-08-31,after_hours,regular,2026-09-18T23:05:03.291954+00:00,public_book,2026-09-16T19:34:15.315933+00:00,public_book,OBSERVED-NOW book scenario; fee/prices event-time,-5.495999999999981,0.40980300000000003,0.0006253812869555508,0.000523610074647296,0.4705804396675084,0.8803834396675084,-6.89583033966749,1.8863934653710628,5.108546097929231,eligibility snapshot time unpublished,
rTSM-2026-06-11-1,rTSM,RTSMUSDT,2026-06-11,open_0930,5000,0.742067,0.3,0.5194469,407.055,412.551,13.516666666666667,0.0005,DOCUMENTED promotional 0.05% through 2026-08-31,after_hours,regular,2026-09-18T23:05:03.291954+00:00,public_book,2026-09-16T19:34:15.315933+00:00,public_book,OBSERVED-NOW book scenario; fee/prices event-time,-5.495999999999981,0.40980300000000003,0.0015493697268549322,0.0015850446407574823,1.2845904457540747,1.6943934457540748,-7.709840345754056,2.983342940400361,4.157065969792358,eligibility snapshot time unpublished,
rTSM-2026-06-11-1,rTSM,RTSMUSDT,2026-06-11,open_0930,25000,0.742067,0.3,0.5194469,407.055,412.551,13.516666666666667,0.0005,DOCUMENTED promotional 0.05% through 2026-08-31,after_hours,regular,2026-09-18T23:05:03.291954+00:00,public_book,2026-09-16T19:34:15.315933+00:00,public_book,OBSERVED-NOW book scenario; fee/prices event-time,-5.495999999999981,0.40980300000000003,0.0034674857334507925,0.0034923874111543185,2.852245324088938,3.262048324088938,-9.27749522408892,5.0958946080191385,2.1292837051434406,eligibility snapshot time unpublished,
rTSM-2026-06-11-1,rTSM,RTSMUSDT,2026-06-11,open_1000,1000,0.742067,0.3,0.5194469,407.055,421.1,14.016666666666667,0.0005,DOCUMENTED promotional 0.05% through 2026-08-31,after_hours,regular,2026-09-18T23:05:03.291954+00:00,public_book,2026-09-16T19:34:15.315933+00:00,public_book,OBSERVED-NOW book scenario; fee/prices event-time,-14.045000000000016,0.4140775,0.0006253812869555508,0.000523610074647296,0.47505678219566816,0.8891342821956681,-15.453581182195684,1.898185988860397,13.64801331397584,eligibility snapshot time unpublished,
rTSM-2026-06-11-1,rTSM,RTSMUSDT,2026-06-11,open_1000,5000,0.742067,0.3,0.5194469,407.055,421.1,14.016666666666667,0.0005,DOCUMENTED promotional 0.05% through 2026-08-31,after_hours,regular,2026-09-18T23:05:03.291954+00:00,public_book,2026-09-16T19:34:15.315933+00:00,public_book,OBSERVED-NOW book scenario; fee/prices event-time,-14.045000000000016,0.4140775,0.0015493697268549322,0.0015850446407574823,1.2981409923879104,1.7122184923879105,-16.276665392387926,3.0073637453058963,12.690057818532203,eligibility snapshot time unpublished,
rTSM-2026-06-11-1,rTSM,RTSMUSDT,2026-06-11,open_1000,25000,0.742067,0.3,0.5194469,407.055,421.1,14.016666666666667,0.0005,DOCUMENTED promotional 0.05% through 2026-08-31,after_hours,regular,2026-09-18T23:05:03.291954+00:00,public_book,2026-09-16T19:34:15.315933+00:00,public_book,OBSERVED-NOW book scenario; fee/prices event-time,-14.045000000000016,0.4140775,0.0034674857334507925,0.0034923874111543185,2.8821017440668957,3.2961792440668956,-17.860626144066913,5.141888999331456,10.63970501073649,eligibility snapshot time unpublished,
rTSM-2026-06-11-1,rTSM,RTSMUSDT,2026-06-11,close_1600,1000,0.742067,0.3,0.5194469,407.055,420.252,20.016666666666666,0.0005,DOCUMENTED promotional 0.05% through 2026-08-31,after_hours,after_hours,2026-09-18T23:05:03.291954+00:00,public_book,2026-09-18T23:05:03.291954+00:00,public_book,OBSERVED-NOW book scenario; fee/prices event-time,-13.197000000000003,0.4136535,0.0006253812869555508,0.0005978249140299319,0.5058016955325988,0.9194551955325988,-14.635902095532602,1.93904606394382,12.796628043013904,eligibility snapshot time unpublished,
rTSM-2026-06-11-1,rTSM,RTSMUSDT,2026-06-11,close_1600,5000,0.742067,0.3,0.5194469,407.055,420.252,20.016666666666666,0.0005,DOCUMENTED promotional 0.05% through 2026-08-31,after_hours,after_hours,2026-09-18T23:05:03.291954+00:00,public_book,2026-09-18T23:05:03.291954+00:00,public_book,OBSERVED-NOW book scenario; fee/prices event-time,-13.197000000000003,0.4136535,0.0015493697268549322,0.002167629691206097,1.5416294071536791,1.9552829071536793,-15.671729807153682,3.3349142424520686,11.769323169595864,eligibility snapshot time unpublished,
rTSM-2026-06-11-1,rTSM,RTSMUSDT,2026-06-11,close_1600,25000,0.742067,0.3,0.5194469,407.055,420.252,20.016666666666666,0.0005,DOCUMENTED promotional 0.05% through 2026-08-31,after_hours,after_hours,2026-09-18T23:05:03.291954+00:00,public_book,2026-09-18T23:05:03.291954+00:00,public_book,OBSERVED-NOW book scenario; fee/prices event-time,-13.197000000000003,0.4136535,0.0034674857334507925,0.004473437332114916,3.2914283909257698,3.70508189092577,-17.421528790925773,5.692920977385828,10.024640552321802,eligibility snapshot time unpublished,
rTQQQ-2026-06-24-1,rTQQQ,RTQQQUSDT,2026-06-24,overnight_2000,1000,0.171229,0.3,0.1198603,75.149,75.28,0.016666666666666666,0.0005,DOCUMENTED promotional 0.05% through 2026-08-31,after_hours,overnight,2026-09-18T23:05:03.291954+00:00,public_book,2026-09-19T03:05:03.356996+00:00,public_book,OBSERVED-NOW book scenario; fee/prices event-time,-0.13100000000000023,0.0752145,0.0005807663172607835,0.002600339016893161,0.23939752916754778,0.31461202916754777,-0.5654723291675481,2.53737584852769,-0.04495295014830017,eligibility snapshot time unpublished,
rTQQQ-2026-06-24-1,rTQQQ,RTQQQUSDT,2026-06-24,overnight_2000,5000,0.171229,0.3,0.1198603,75.149,75.28,0.016666666666666666,0.0005,DOCUMENTED promotional 0.05% through 2026-08-31,after_hours,overnight,2026-09-18T23:05:03.291954+00:00,public_book,2026-09-19T03:05:03.356996+00:00,public_book,OBSERVED-NOW book scenario; fee/prices event-time,-0.13100000000000023,0.0752145,0.0014170396841635124,0.003437080510614976,0.3652325360642992,0.4404470360642992,-0.6913073360642994,3.2722689267840095,-0.26608547109443265,eligibility snapshot time unpublished,
rTQQQ-2026-06-24-1,rTQQQ,RTQQQUSDT,2026-06-24,overnight_2000,25000,0.171229,0.3,0.1198603,75.149,75.28,0.016666666666666666,0.0005,DOCUMENTED promotional 0.05% through 2026-08-31,after_hours,overnight,2026-09-18T23:05:03.291954+00:00,public_book,2026-09-19T03:05:03.356996+00:00,public_book,OBSERVED-NOW book scenario; fee/prices event-time,-0.13100000000000023,0.0752145,0.003128120409004676,0.006097545022978324,0.6940983099461007,0.7693128099461006,-1.0201731099461009,5.192888529081526,-0.6054535033586514,eligibility snapshot time unpublished,
rTQQQ-2026-06-24-1,rTQQQ,RTQQQUSDT,2026-06-24,premarket_0400,1000,0.171229,0.3,0.1198603,75.149,75.166,8.016666666666667,0.0005,DOCUMENTED promotional 0.05% through 2026-08-31,after_hours,pre_market,2026-09-18T23:05:03.291954+00:00,public_book,,,OBSERVED-NOW book scenario; fee/prices event-time,-0.016999999999995907,0.0751575,0.0005807663172607835,,,,,,,eligibility snapshot time unpublished,buy: no depth sample for this symbol/session
rTQQQ-2026-06-24-1,rTQQQ,RTQQQUSDT,2026-06-24,premarket_0400,5000,0.171229,0.3,0.1198603,75.149,75.166,8.016666666666667,0.0005,DOCUMENTED promotional 0.05% through 2026-08-31,after_hours,pre_market,2026-09-18T23:05:03.291954+00:00,public_book,,,OBSERVED-NOW book scenario; fee/prices event-time,-0.016999999999995907,0.0751575,0.0014170396841635124,,,,,,,eligibility snapshot time unpublished,buy: no depth sample for this symbol/session
rTQQQ-2026-06-24-1,rTQQQ,RTQQQUSDT,2026-06-24,premarket_0400,25000,0.171229,0.3,0.1198603,75.149,75.166,8.016666666666667,0.0005,DOCUMENTED promotional 0.05% through 2026-08-31,after_hours,pre_market,2026-09-18T23:05:03.291954+00:00,public_book,,,OBSERVED-NOW book scenario; fee/prices event-time,-0.016999999999995907,0.0751575,0.003128120409004676,,,,,,,eligibility snapshot time unpublished,buy: no depth sample for this symbol/session
rTQQQ-2026-06-24-1,rTQQQ,RTQQQUSDT,2026-06-24,open_0930,1000,0.171229,0.3,0.1198603,75.149,74.364,13.516666666666667,0.0005,DOCUMENTED promotional 0.05% through 2026-08-31,after_hours,regular,2026-09-18T23:05:03.291954+00:00,public_book,2026-09-16T19:34:15.315933+00:00,public_book,OBSERVED-NOW book scenario; fee/prices event-time,0.7849999999999966,0.0747565,0.0005807663172607835,0.0004603534685527766,0.0778777333112893,0.1526342333112893,0.5125054666887072,1.5914041039268425,-0.8610368311475373,eligibility snapshot time unpublished,
rTQQQ-2026-06-24-1,rTQQQ,RTQQQUSDT,2026-06-24,open_0930,5000,0.171229,0.3,0.1198603,75.149,74.364,13.516666666666667,0.0005,DOCUMENTED promotional 0.05% through 2026-08-31,after_hours,regular,2026-09-18T23:05:03.291954+00:00,public_book,2026-09-16T19:34:15.315933+00:00,public_book,OBSERVED-NOW book scenario; fee/prices event-time,0.7849999999999966,0.0747565,0.0014170396841635124,0.0018347585125690902,0.2429290972538916,0.3176855972538916,0.34745410274610494,2.5553258925409343,-1.0754141438206197,eligibility snapshot time unpublished,
rTQQQ-2026-06-24-1,rTQQQ,RTQQQUSDT,2026-06-24,open_0930,25000,0.171229,0.3,0.1198603,75.149,74.364,13.516666666666667,0.0005,DOCUMENTED promotional 0.05% through 2026-08-31,after_hours,regular,2026-09-18T23:05:03.291954+00:00,public_book,2026-09-16T19:34:15.315933+00:00,public_book,OBSERVED-NOW book scenario; fee/prices event-time,0.7849999999999966,0.0747565,0.003128120409004676,0.004094247879744106,0.5395397699455832,0.6142962699455832,0.050843430054413385,4.287571439099588,-1.5167380510188166,eligibility snapshot time unpublished,
rTQQQ-2026-06-24-1,rTQQQ,RTQQQUSDT,2026-06-24,open_1000,1000,0.171229,0.3,0.1198603,75.149,74.318,14.016666666666667,0.0005,DOCUMENTED promotional 0.05% through 2026-08-31,after_hours,regular,2026-09-18T23:05:03.291954+00:00,public_book,2026-09-16T19:34:15.315933+00:00,public_book,OBSERVED-NOW book scenario; fee/prices event-time,0.8310000000000031,0.0747335,0.0005807663172607835,0.0004603534685527766,0.07785655705173587,0.15259005705173587,0.5585496429482671,1.5911461087300391,-0.9069716356442574,eligibility snapshot time unpublished,
rTQQQ-2026-06-24-1,rTQQQ,RTQQQUSDT,2026-06-24,open_1000,5000,0.171229,0.3,0.1198603,75.149,74.318,14.016666666666667,0.0005,DOCUMENTED promotional 0.05% through 2026-08-31,after_hours,regular,2026-09-18T23:05:03.291954+00:00,public_book,2026-09-16T19:34:15.315933+00:00,public_book,OBSERVED-NOW book scenario; fee/prices event-time,0.8310000000000031,0.0747335,0.0014170396841635124,0.0018347585125690902,0.24284469836231343,0.31757819836231344,0.3935615016376896,2.5546986688137725,-1.1212924878564268,eligibility snapshot time unpublished,
rTQQQ-2026-06-24-1,rTQQQ,RTQQQUSDT,2026-06-24,open_1000,25000,0.171229,0.3,0.1198603,75.149,74.318,14.016666666666667,0.0005,DOCUMENTED promotional 0.05% through 2026-08-31,after_hours,regular,2026-09-18T23:05:03.291954+00:00,public_book,2026-09-16T19:34:15.315933+00:00,public_book,OBSERVED-NOW book scenario; fee/prices event-time,0.8310000000000031,0.0747335,0.003128120409004676,0.004094247879744106,0.5393514345431148,0.6140849345431149,0.09705476545688818,4.28633721240628,-1.562444326464077,eligibility snapshot time unpublished,
rTQQQ-2026-06-24-1,rTQQQ,RTQQQUSDT,2026-06-24,close_1600,1000,0.171229,0.3,0.1198603,75.149,73.44,20.016666666666666,0.0005,DOCUMENTED promotional 0.05% through 2026-08-31,after_hours,after_hours,2026-09-18T23:05:03.291954+00:00,public_book,2026-09-18T23:05:03.291954+00:00,public_book,OBSERVED-NOW book scenario; fee/prices event-time,1.7090000000000032,0.0742945,0.0005807663172607835,0.0007042943168571458,0.09536738260581941,0.1696618826058194,1.4194778173941838,1.6908478272127936,-1.7590126919571327,eligibility snapshot time unpublished,
rTQQQ-2026-06-24-1,rTQQQ,RTQQQUSDT,2026-06-24,close_1600,5000,0.171229,0.3,0.1198603,75.149,73.44,20.016666666666666,0.0005,DOCUMENTED promotional 0.05% through 2026-08-31,after_hours,after_hours,2026-09-18T23:05:03.291954+00:00,public_book,2026-09-18T23:05:03.291954+00:00,public_book,OBSERVED-NOW book scenario; fee/prices event-time,1.7090000000000032,0.0742945,0.0014170396841635124,0.002342411132783884,0.27851578881685224,0.3528102888168522,1.2363294111831509,2.7604587354761883,-1.9435314486225477,eligibility snapshot time unpublished,
rTQQQ-2026-06-24-1,rTQQQ,RTQQQUSDT,2026-06-24,close_1600,25000,0.171229,0.3,0.1198603,75.149,73.44,20.016666666666666,0.0005,DOCUMENTED promotional 0.05% through 2026-08-31,after_hours,after_hours,2026-09-18T23:05:03.291954+00:00,public_book,2026-09-18T23:05:03.291954+00:00,public_book,OBSERVED-NOW book scenario; fee/prices event-time,1.7090000000000032,0.0742945,0.003128120409004676,0.004513515571593629,0.5665477041941285,0.6408422041941285,0.9482974958058746,4.442603205030273,-2.232349544526996,eligibility snapshot time unpublished,
rUPRO-2026-06-24-1,rUPRO,RUPROUSDT,2026-06-24,overnight_2000,1000,0.299,0.3,0.2093,136.007,136.15,0.016666666666666666,0.0005,DOCUMENTED promotional 0.05% through 2026-08-31,after_hours,overnight,2026-09-18T23:05:03.291954+00:00,ticker_only,2026-09-19T03:05:03.356996+00:00,ticker_only,OBSERVED-NOW book scenario; fee/prices event-time,-0.14300000000000068,0.13607850000000002,,,,,,,,eligibility snapshot time unpublished,"sell: $1,000 exceeds visible top-of-book ($295) on ticker-only symbol; buy: $1,000 exceeds visible top-of-book ($444) on ticker-only symbol"
rUPRO-2026-06-24-1,rUPRO,RUPROUSDT,2026-06-24,overnight_2000,5000,0.299,0.3,0.2093,136.007,136.15,0.016666666666666666,0.0005,DOCUMENTED promotional 0.05% through 2026-08-31,after_hours,overnight,2026-09-18T23:05:03.291954+00:00,ticker_only,2026-09-19T03:05:03.356996+00:00,ticker_only,OBSERVED-NOW book scenario; fee/prices event-time,-0.14300000000000068,0.13607850000000002,,,,,,,,eligibility snapshot time unpublished,"sell: $5,000 exceeds visible top-of-book ($295) on ticker-only symbol; buy: $5,000 exceeds visible top-of-book ($444) on ticker-only symbol"
rUPRO-2026-06-24-1,rUPRO,RUPROUSDT,2026-06-24,overnight_2000,25000,0.299,0.3,0.2093,136.007,136.15,0.016666666666666666,0.0005,DOCUMENTED promotional 0.05% through 2026-08-31,after_hours,overnight,2026-09-18T23:05:03.291954+00:00,ticker_only,2026-09-19T03:05:03.356996+00:00,ticker_only,OBSERVED-NOW book scenario; fee/prices event-time,-0.14300000000000068,0.13607850000000002,,,,,,,,eligibility snapshot time unpublished,"sell: $25,000 exceeds visible top-of-book ($295) on ticker-only symbol; buy: $25,000 exceeds visible top-of-book ($444) on ticker-only symbol"
rUPRO-2026-06-24-1,rUPRO,RUPROUSDT,2026-06-24,premarket_0400,1000,0.299,0.3,0.2093,136.007,135.673,8.016666666666667,0.0005,DOCUMENTED promotional 0.05% through 2026-08-31,after_hours,pre_market,2026-09-18T23:05:03.291954+00:00,ticker_only,,,OBSERVED-NOW book scenario; fee/prices event-time,0.3340000000000032,0.13584000000000002,,,,,,,,eligibility snapshot time unpublished,"sell: $1,000 exceeds visible top-of-book ($295) on ticker-only symbol; buy: no depth sample for this symbol/session"
rUPRO-2026-06-24-1,rUPRO,RUPROUSDT,2026-06-24,premarket_0400,5000,0.299,0.3,0.2093,136.007,135.673,8.016666666666667,0.0005,DOCUMENTED promotional 0.05% through 2026-08-31,after_hours,pre_market,2026-09-18T23:05:03.291954+00:00,ticker_only,,,OBSERVED-NOW book scenario; fee/prices event-time,0.3340000000000032,0.13584000000000002,,,,,,,,eligibility snapshot time unpublished,"sell: $5,000 exceeds visible top-of-book ($295) on ticker-only symbol; buy: no depth sample for this symbol/session"
rUPRO-2026-06-24-1,rUPRO,RUPROUSDT,2026-06-24,premarket_0400,25000,0.299,0.3,0.2093,136.007,135.673,8.016666666666667,0.0005,DOCUMENTED promotional 0.05% through 2026-08-31,after_hours,pre_market,2026-09-18T23:05:03.291954+00:00,ticker_only,,,OBSERVED-NOW book scenario; fee/prices event-time,0.3340000000000032,0.13584000000000002,,,,,,,,eligibility snapshot time unpublished,"sell: $25,000 exceeds visible top-of-book ($295) on ticker-only symbol; buy: no depth sample for this symbol/session"
rUPRO-2026-06-24-1,rUPRO,RUPROUSDT,2026-06-24,open_0930,1000,0.299,0.3,0.2093,136.007,135.546,13.516666666666667,0.0005,DOCUMENTED promotional 0.05% through 2026-08-31,after_hours,regular,2026-09-18T23:05:03.291954+00:00,ticker_only,2026-09-16T19:34:15.315933+00:00,ticker_only,OBSERVED-NOW book scenario; fee/prices event-time,0.46100000000001273,0.1357765,,0.0003194321206742679,,,,,,eligibility snapshot time unpublished,"sell: $1,000 exceeds visible top-of-book ($295) on ticker-only symbol"
rUPRO-2026-06-24-1,rUPRO,RUPROUSDT,2026-06-24,open_0930,5000,0.299,0.3,0.2093,136.007,135.546,13.516666666666667,0.0005,DOCUMENTED promotional 0.05% through 2026-08-31,after_hours,regular,2026-09-18T23:05:03.291954+00:00,ticker_only,2026-09-16T19:34:15.315933+00:00,ticker_only,OBSERVED-NOW book scenario; fee/prices event-time,0.46100000000001273,0.1357765,,0.0003194321206742679,,,,,,eligibility snapshot time unpublished,"sell: $5,000 exceeds visible top-of-book ($295) on ticker-only symbol"
rUPRO-2026-06-24-1,rUPRO,RUPROUSDT,2026-06-24,open_0930,25000,0.299,0.3,0.2093,136.007,135.546,13.516666666666667,0.0005,DOCUMENTED promotional 0.05% through 2026-08-31,after_hours,regular,2026-09-18T23:05:03.291954+00:00,ticker_only,2026-09-16T19:34:15.315933+00:00,ticker_only,OBSERVED-NOW book scenario; fee/prices event-time,0.46100000000001273,0.1357765,,0.0003194321206742679,,,,,,eligibility snapshot time unpublished,"sell: $25,000 exceeds visible top-of-book ($295) on ticker-only symbol"
rUPRO-2026-06-24-1,rUPRO,RUPROUSDT,2026-06-24,open_1000,1000,0.299,0.3,0.2093,136.007,136.086,14.016666666666667,0.0005,DOCUMENTED promotional 0.05% through 2026-08-31,after_hours,regular,2026-09-18T23:05:03.291954+00:00,ticker_only,2026-09-16T19:34:15.315933+00:00,ticker_only,OBSERVED-NOW book scenario; fee/prices event-time,-0.07900000000000773,0.13604650000000001,,0.0003194321206742679,,,,,,eligibility snapshot time unpublished,"sell: $1,000 exceeds visible top-of-book ($295) on ticker-only symbol"
rUPRO-2026-06-24-1,rUPRO,RUPROUSDT,2026-06-24,open_1000,5000,0.299,0.3,0.2093,136.007,136.086,14.016666666666667,0.0005,DOCUMENTED promotional 0.05% through 2026-08-31,after_hours,regular,2026-09-18T23:05:03.291954+00:00,ticker_only,2026-09-16T19:34:15.315933+00:00,ticker_only,OBSERVED-NOW book scenario; fee/prices event-time,-0.07900000000000773,0.13604650000000001,,0.0003194321206742679,,,,,,eligibility snapshot time unpublished,"sell: $5,000 exceeds visible top-of-book ($295) on ticker-only symbol"
rUPRO-2026-06-24-1,rUPRO,RUPROUSDT,2026-06-24,open_1000,25000,0.299,0.3,0.2093,136.007,136.086,14.016666666666667,0.0005,DOCUMENTED promotional 0.05% through 2026-08-31,after_hours,regular,2026-09-18T23:05:03.291954+00:00,ticker_only,2026-09-16T19:34:15.315933+00:00,ticker_only,OBSERVED-NOW book scenario; fee/prices event-time,-0.07900000000000773,0.13604650000000001,,0.0003194321206742679,,,,,,eligibility snapshot time unpublished,"sell: $25,000 exceeds visible top-of-book ($295) on ticker-only symbol"
rUPRO-2026-06-24-1,rUPRO,RUPROUSDT,2026-06-24,close_1600,1000,0.299,0.3,0.2093,136.007,134.75,20.016666666666666,0.0005,DOCUMENTED promotional 0.05% through 2026-08-31,after_hours,after_hours,2026-09-18T23:05:03.291954+00:00,ticker_only,2026-09-18T23:05:03.291954+00:00,ticker_only,OBSERVED-NOW book scenario; fee/prices event-time,1.257000000000005,0.1353785,,,,,,,,eligibility snapshot time unpublished,"sell: $1,000 exceeds visible top-of-book ($295) on ticker-only symbol; buy: $1,000 exceeds visible top-of-book ($296) on ticker-only symbol"
rUPRO-2026-06-24-1,rUPRO,RUPROUSDT,2026-06-24,close_1600,5000,0.299,0.3,0.2093,136.007,134.75,20.016666666666666,0.0005,DOCUMENTED promotional 0.05% through 2026-08-31,after_hours,after_hours,2026-09-18T23:05:03.291954+00:00,ticker_only,2026-09-18T23:05:03.291954+00:00,ticker_only,OBSERVED-NOW book scenario; fee/prices event-time,1.257000000000005,0.1353785,,,,,,,,eligibility snapshot time unpublished,"sell: $5,000 exceeds visible top-of-book ($295) on ticker-only symbol; buy: $5,000 exceeds visible top-of-book ($296) on ticker-only symbol"
rUPRO-2026-06-24-1,rUPRO,RUPROUSDT,2026-06-24,close_1600,25000,0.299,0.3,0.2093,136.007,134.75,20.016666666666666,0.0005,DOCUMENTED promotional 0.05% through 2026-08-31,after_hours,after_hours,2026-09-18T23:05:03.291954+00:00,ticker_only,2026-09-18T23:05:03.291954+00:00,ticker_only,OBSERVED-NOW book scenario; fee/prices event-time,1.257000000000005,0.1353785,,,,,,,,eligibility snapshot time unpublished,"sell: $25,000 exceeds visible top-of-book ($295) on ticker-only symbol; buy: $25,000 exceeds visible top-of-book ($296) on ticker-only symbol"
rVST-2026-06-22-1,rVST,RVSTUSDT,2026-06-22,overnight_2000,1000,0.229,0.3,0.1603,163.6,163.6,0.016666666666666666,0.0005,DOCUMENTED promotional 0.05% through 2026-08-31,after_hours,overnight,2026-09-18T23:05:03.291954+00:00,ticker_only,2026-09-19T03:05:03.356996+00:00,ticker_only,OBSERVED-NOW book scenario; fee/prices event-time,0.0,0.1636,0.00035398230088503626,0.0008139576034257642,0.19107496834524695,0.3546749683452469,-0.5149749683452469,2.2487989884071915,,eligibility snapshot time unpublished,
rVST-2026-06-22-1,rVST,RVSTUSDT,2026-06-22,overnight_2000,5000,0.229,0.3,0.1603,163.6,163.6,0.016666666666666666,0.0005,DOCUMENTED promotional 0.05% through 2026-08-31,after_hours,overnight,2026-09-18T23:05:03.291954+00:00,ticker_only,2026-09-19T03:05:03.356996+00:00,ticker_only,OBSERVED-NOW book scenario; fee/prices event-time,0.0,0.1636,0.00035398230088503626,0.0008139576034257642,0.19107496834524695,0.3546749683452469,-0.5149749683452469,2.2487989884071915,,eligibility snapshot time unpublished,
rVST-2026-06-22-1,rVST,RVSTUSDT,2026-06-22,overnight_2000,25000,0.229,0.3,0.1603,163.6,163.6,0.016666666666666666,0.0005,DOCUMENTED promotional 0.05% through 2026-08-31,after_hours,overnight,2026-09-18T23:05:03.291954+00:00,ticker_only,2026-09-19T03:05:03.356996+00:00,ticker_only,OBSERVED-NOW book scenario; fee/prices event-time,0.0,0.1636,,0.0008139576034257642,,,,,,eligibility snapshot time unpublished,"sell: $25,000 exceeds visible top-of-book ($23,298) on ticker-only symbol"
rVST-2026-06-22-1,rVST,RVSTUSDT,2026-06-22,premarket_0400,1000,0.229,0.3,0.1603,163.6,163.6,80.01666666666667,0.0005,DOCUMENTED promotional 0.05% through 2026-08-31,after_hours,pre_market,2026-09-18T23:05:03.291954+00:00,ticker_only,,,OBSERVED-NOW book scenario; fee/prices event-time,0.0,0.1636,0.00035398230088503626,,,,,,,eligibility snapshot time unpublished,buy: no depth sample for this symbol/session
rVST-2026-06-22-1,rVST,RVSTUSDT,2026-06-22,premarket_0400,5000,0.229,0.3,0.1603,163.6,163.6,80.01666666666667,0.0005,DOCUMENTED promotional 0.05% through 2026-08-31,after_hours,pre_market,2026-09-18T23:05:03.291954+00:00,ticker_only,,,OBSERVED-NOW book scenario; fee/prices event-time,0.0,0.1636,0.00035398230088503626,,,,,,,eligibility snapshot time unpublished,buy: no depth sample for this symbol/session
rVST-2026-06-22-1,rVST,RVSTUSDT,2026-06-22,premarket_0400,25000,0.229,0.3,0.1603,163.6,163.6,80.01666666666667,0.0005,DOCUMENTED promotional 0.05% through 2026-08-31,after_hours,pre_market,2026-09-18T23:05:03.291954+00:00,ticker_only,,,OBSERVED-NOW book scenario; fee/prices event-time,0.0,0.1636,,,,,,,,eligibility snapshot time unpublished,"sell: $25,000 exceeds visible top-of-book ($23,298) on ticker-only symbol; buy: no depth sample for this symbol/session"
rVST-2026-06-22-1,rVST,RVSTUSDT,2026-06-22,open_0930,1000,0.229,0.3,0.1603,163.6,164.583,85.51666666666667,0.0005,DOCUMENTED promotional 0.05% through 2026-08-31,after_hours,regular,2026-09-18T23:05:03.291954+00:00,ticker_only,2026-09-16T19:34:15.315933+00:00,ticker_only,OBSERVED-NOW book scenario; fee/prices event-time,-0.9830000000000041,0.1640915,0.00035398230088503626,0.00017846307598961831,0.08728349286039128,0.2513749928603913,-1.3946749928603952,1.7977073924034552,0.8919250071396126,eligibility snapshot time unpublished,
rVST-2026-06-22-1,rVST,RVSTUSDT,2026-06-22,open_0930,5000,0.229,0.3,0.1603,163.6,164.583,85.51666666666667,0.0005,DOCUMENTED promotional 0.05% through 2026-08-31,after_hours,regular,2026-09-18T23:05:03.291954+00:00,ticker_only,2026-09-16T19:34:15.315933+00:00,ticker_only,OBSERVED-NOW book scenario; fee/prices event-time,-0.9830000000000041,0.1640915,0.00035398230088503626,,,,,,,eligibility snapshot time unpublished,"buy: $5,000 exceeds visible top-of-book ($2,802) on ticker-only symbol"
rVST-2026-06-22-1,rVST,RVSTUSDT,2026-06-22,open_0930,25000,0.229,0.3,0.1603,163.6,164.583,85.51666666666667,0.0005,DOCUMENTED promotional 0.05% through 2026-08-31,after_hours,regular,2026-09-18T23:05:03.291954+00:00,ticker_only,2026-09-16T19:34:15.315933+00:00,ticker_only,OBSERVED-NOW book scenario; fee/prices event-time,-0.9830000000000041,0.1640915,,,,,,,,eligibility snapshot time unpublished,"sell: $25,000 exceeds visible top-of-book ($23,298) on ticker-only symbol; buy: $25,000 exceeds visible top-of-book ($2,802) on ticker-only symbol"
rVST-2026-06-22-1,rVST,RVSTUSDT,2026-06-22,open_1000,1000,0.229,0.3,0.1603,163.6,165.614,86.01666666666667,0.0005,DOCUMENTED promotional 0.05% through 2026-08-31,after_hours,regular,2026-09-18T23:05:03.291954+00:00,ticker_only,2026-09-16T19:34:15.315933+00:00,ticker_only,OBSERVED-NOW book scenario; fee/prices event-time,-2.01400000000001,0.164607,0.00035398230088503626,0.00017846307598961831,0.08746748829173659,0.2520744882917366,-2.4263744882917466,1.8007619576058367,1.9222255117082732,eligibility snapshot time unpublished,
rVST-2026-06-22-1,rVST,RVSTUSDT,2026-06-22,open_1000,5000,0.229,0.3,0.1603,163.6,165.614,86.01666666666667,0.0005,DOCUMENTED promotional 0.05% through 2026-08-31,after_hours,regular,2026-09-18T23:05:03.291954+00:00,ticker_only,2026-09-16T19:34:15.315933+00:00,ticker_only,OBSERVED-NOW book scenario; fee/prices event-time,-2.01400000000001,0.164607,0.00035398230088503626,,,,,,,eligibility snapshot time unpublished,"buy: $5,000 exceeds visible top-of-book ($2,802) on ticker-only symbol"
rVST-2026-06-22-1,rVST,RVSTUSDT,2026-06-22,open_1000,25000,0.229,0.3,0.1603,163.6,165.614,86.01666666666667,0.0005,DOCUMENTED promotional 0.05% through 2026-08-31,after_hours,regular,2026-09-18T23:05:03.291954+00:00,ticker_only,2026-09-16T19:34:15.315933+00:00,ticker_only,OBSERVED-NOW book scenario; fee/prices event-time,-2.01400000000001,0.164607,,,,,,,,eligibility snapshot time unpublished,"sell: $25,000 exceeds visible top-of-book ($23,298) on ticker-only symbol; buy: $25,000 exceeds visible top-of-book ($2,802) on ticker-only symbol"
rVST-2026-06-22-1,rVST,RVSTUSDT,2026-06-22,close_1600,1000,0.229,0.3,0.1603,163.6,167.001,92.01666666666667,0.0005,DOCUMENTED promotional 0.05% through 2026-08-31,after_hours,after_hours,2026-09-18T23:05:03.291954+00:00,ticker_only,2026-09-18T23:05:03.291954+00:00,ticker_only,OBSERVED-NOW book scenario; fee/prices event-time,-3.4010000000000105,0.1653005,0.00035398230088503626,0.00035398230088503626,0.11702690265489388,0.28232740265489387,-3.843627402654904,1.9328707539515015,3.2789725973451165,eligibility snapshot time unpublished,
rVST-2026-06-22-1,rVST,RVSTUSDT,2026-06-22,close_1600,5000,0.229,0.3,0.1603,163.6,167.001,92.01666666666667,0.0005,DOCUMENTED promotional 0.05% through 2026-08-31,after_hours,after_hours,2026-09-18T23:05:03.291954+00:00,ticker_only,2026-09-18T23:05:03.291954+00:00,ticker_only,OBSERVED-NOW book scenario; fee/prices event-time,-3.4010000000000105,0.1653005,0.00035398230088503626,,,,,,,eligibility snapshot time unpublished,"buy: $5,000 exceeds visible top-of-book ($2,261) on ticker-only symbol"
rVST-2026-06-22-1,rVST,RVSTUSDT,2026-06-22,close_1600,25000,0.229,0.3,0.1603,163.6,167.001,92.01666666666667,0.0005,DOCUMENTED promotional 0.05% through 2026-08-31,after_hours,after_hours,2026-09-18T23:05:03.291954+00:00,ticker_only,2026-09-18T23:05:03.291954+00:00,ticker_only,OBSERVED-NOW book scenario; fee/prices event-time,-3.4010000000000105,0.1653005,,,,,,,,eligibility snapshot time unpublished,"sell: $25,000 exceeds visible top-of-book ($23,298) on ticker-only symbol; buy: $25,000 exceeds visible top-of-book ($2,261) on ticker-only symbol"
rVOO-2026-06-26-1,rVOO,RVOOUSDT,2026-06-26,overnight_2000,1000,1.9622,0.3,1.37354,675.493,674.41,0.016666666666666666,0.0005,DOCUMENTED promotional 0.05% through 2026-08-31,after_hours,overnight,2026-09-18T23:05:03.291954+00:00,public_book,2026-09-19T03:05:03.356996+00:00,public_book,OBSERVED-NOW book scenario; fee/prices event-time,1.0830000000000837,0.6749515,0.0005543321080807573,0.0004716597563341196,0.6925395149530886,1.3674910149530888,-1.658031014953005,1.3969172433763577,-1.0787446284854396,eligibility snapshot time unpublished,
rVOO-2026-06-26-1,rVOO,RVOOUSDT,2026-06-26,overnight_2000,5000,1.9622,0.3,1.37354,675.493,674.41,0.016666666666666666,0.0005,DOCUMENTED promotional 0.05% through 2026-08-31,after_hours,overnight,2026-09-18T23:05:03.291954+00:00,public_book,2026-09-19T03:05:03.356996+00:00,public_book,OBSERVED-NOW book scenario; fee/prices event-time,1.0830000000000837,0.6749515,0.0009685156034260345,0.0008623744269118383,1.2358194477586752,1.9107709477586754,-2.201310947758592,1.673790106899743,-1.7043828742330231,eligibility snapshot time unpublished,
rVOO-2026-06-26-1,rVOO,RVOOUSDT,2026-06-26,overnight_2000,25000,1.9622,0.3,1.37354,675.493,674.41,0.016666666666666666,0.0005,DOCUMENTED promotional 0.05% through 2026-08-31,after_hours,overnight,2026-09-18T23:05:03.291954+00:00,public_book,2026-09-19T03:05:03.356996+00:00,public_book,OBSERVED-NOW book scenario; fee/prices event-time,1.0830000000000837,0.6749515,0.00285365414418326,0.002144105630960791,3.37362967739305,4.04858117739305,-4.3391211773929665,2.763286707467664,-4.287821776910678,eligibility snapshot time unpublished,
rVOO-2026-06-26-1,rVOO,RVOOUSDT,2026-06-26,premarket_0400,1000,1.9622,0.3,1.37354,675.493,672.788,8.016666666666667,0.0005,DOCUMENTED promotional 0.05% through 2026-08-31,after_hours,pre_market,2026-09-18T23:05:03.291954+00:00,public_book,,,OBSERVED-NOW book scenario; fee/prices event-time,2.705000000000041,0.6741405,0.0005543321080807573,,,,,,,eligibility snapshot time unpublished,buy: no depth sample for this symbol/session
rVOO-2026-06-26-1,rVOO,RVOOUSDT,2026-06-26,premarket_0400,5000,1.9622,0.3,1.37354,675.493,672.788,8.016666666666667,0.0005,DOCUMENTED promotional 0.05% through 2026-08-31,after_hours,pre_market,2026-09-18T23:05:03.291954+00:00,public_book,,,OBSERVED-NOW book scenario; fee/prices event-time,2.705000000000041,0.6741405,0.0009685156034260345,,,,,,,eligibility snapshot time unpublished,buy: no depth sample for this symbol/session
rVOO-2026-06-26-1,rVOO,RVOOUSDT,2026-06-26,premarket_0400,25000,1.9622,0.3,1.37354,675.493,672.788,8.016666666666667,0.0005,DOCUMENTED promotional 0.05% through 2026-08-31,after_hours,pre_market,2026-09-18T23:05:03.291954+00:00,public_book,,,OBSERVED-NOW book scenario; fee/prices event-time,2.705000000000041,0.6741405,0.00285365414418326,,,,,,,eligibility snapshot time unpublished,buy: no depth sample for this symbol/session
rVOO-2026-06-26-1,rVOO,RVOOUSDT,2026-06-26,open_0930,1000,1.9622,0.3,1.37354,675.493,669.51,13.516666666666667,0.0005,DOCUMENTED promotional 0.05% through 2026-08-31,after_hours,regular,2026-09-18T23:05:03.291954+00:00,public_book,2026-09-16T19:34:15.315933+00:00,public_book,OBSERVED-NOW book scenario; fee/prices event-time,5.983000000000061,0.6725015000000001,0.0005543321080807573,0.00043160429933397637,0.6634108531308855,1.3359123531308856,3.273547646869175,1.380823745352607,-5.858098814273764,eligibility snapshot time unpublished,
rVOO-2026-06-26-1,rVOO,RVOOUSDT,2026-06-26,open_0930,5000,1.9622,0.3,1.37354,675.493,669.51,13.516666666666667,0.0005,DOCUMENTED promotional 0.05% through 2026-08-31,after_hours,regular,2026-09-18T23:05:03.291954+00:00,public_book,2026-09-16T19:34:15.315933+00:00,public_book,OBSERVED-NOW book scenario; fee/prices event-time,5.983000000000061,0.6725015000000001,0.0009685156034260345,0.0009008557856418076,1.2573574675501091,1.9298589675501092,2.6796010324499515,1.6835179734737076,-6.6046780469046835,eligibility snapshot time unpublished,
rVOO-2026-06-26-1,rVOO,RVOOUSDT,2026-06-26,open_0930,25000,1.9622,0.3,1.37354,675.493,669.51,13.516666666666667,0.0005,DOCUMENTED promotional 0.05% through 2026-08-31,after_hours,regular,2026-09-18T23:05:03.291954+00:00,public_book,2026-09-16T19:34:15.315933+00:00,public_book,OBSERVED-NOW book scenario; fee/prices event-time,5.983000000000061,0.6725015000000001,0.00285365414418326,0.0014427129851444231,2.8935341695008256,3.5660356695008257,1.043424330499235,2.5173660531550435,-8.92457695508104,eligibility snapshot time unpublished,
rVOO-2026-06-26-1,rVOO,RVOOUSDT,2026-06-26,open_1000,1000,1.9622,0.3,1.37354,675.493,672.51,14.016666666666667,0.0005,DOCUMENTED promotional 0.05% through 2026-08-31,after_hours,regular,2026-09-18T23:05:03.291954+00:00,public_book,2026-09-16T19:34:15.315933+00:00,public_book,OBSERVED-NOW book scenario; fee/prices event-time,2.983000000000061,0.6740015000000001,0.0005543321080807573,0.00043160429933397637,0.6647056660288875,1.3387071660288876,0.27075283397117333,1.3822480715670613,-2.860545524253168,eligibility snapshot time unpublished,
rVOO-2026-06-26-1,rVOO,RVOOUSDT,2026-06-26,open_1000,5000,1.9622,0.3,1.37354,675.493,672.51,14.016666666666667,0.0005,DOCUMENTED promotional 0.05% through 2026-08-31,after_hours,regular,2026-09-18T23:05:03.291954+00:00,public_book,2026-09-16T19:34:15.315933+00:00,public_book,OBSERVED-NOW book scenario; fee/prices event-time,2.983000000000061,0.6740015000000001,0.0009685156034260345,0.0009008557856418076,1.2600600349070343,1.9340615349070345,-0.3246015349069735,1.685659736472854,-3.6086226160193737,eligibility snapshot time unpublished,
rVOO-2026-06-26-1,rVOO,RVOOUSDT,2026-06-26,open_1000,25000,1.9622,0.3,1.37354,675.493,672.51,14.016666666666667,0.0005,DOCUMENTED promotional 0.05% through 2026-08-31,after_hours,regular,2026-09-18T23:05:03.291954+00:00,public_book,2026-09-16T19:34:15.315933+00:00,public_book,OBSERVED-NOW book scenario; fee/prices event-time,2.983000000000061,0.6740015000000001,0.00285365414418326,0.0014427129851444231,2.897862308456259,3.5718638084562593,-1.9624038084561983,2.520336259533309,-5.934357365972219,eligibility snapshot time unpublished,
rVOO-2026-06-26-1,rVOO,RVOOUSDT,2026-06-26,close_1600,1000,1.9622,0.3,1.37354,675.493,672.273,20.016666666666666,0.0005,DOCUMENTED promotional 0.05% through 2026-08-31,after_hours,after_hours,2026-09-18T23:05:03.291954+00:00,public_book,2026-09-18T23:05:03.291954+00:00,public_book,OBSERVED-NOW book scenario; fee/prices event-time,3.2200000000000273,0.673883,0.0005543321080807573,0.0005401389032457793,0.7375682595855448,1.4114512595855448,0.43500874041448245,1.4193207927762435,-3.2578655574660034,eligibility snapshot time unpublished,
rVOO-2026-06-26-1,rVOO,RVOOUSDT,2026-06-26,close_1600,5000,1.9622,0.3,1.37354,675.493,672.273,20.016666666666666,0.0005,DOCUMENTED promotional 0.05% through 2026-08-31,after_hours,after_hours,2026-09-18T23:05:03.291954+00:00,public_book,2026-09-18T23:05:03.291954+00:00,public_book,OBSERVED-NOW book scenario; fee/prices event-time,3.2200000000000273,0.673883,0.0009685156034260345,0.0011505108973435265,1.427682922994887,2.101565922994887,-0.2551059229948598,1.7710253404316008,-3.9486119478413286,eligibility snapshot time unpublished,
rVOO-2026-06-26-1,rVOO,RVOOUSDT,2026-06-26,close_1600,25000,1.9622,0.3,1.37354,675.493,672.273,20.016666666666666,0.0005,DOCUMENTED promotional 0.05% through 2026-08-31,after_hours,after_hours,2026-09-18T23:05:03.291954+00:00,public_book,2026-09-18T23:05:03.291954+00:00,public_book,OBSERVED-NOW book scenario; fee/prices event-time,3.2200000000000273,0.673883,0.00285365414418326,0.00265683901461089,3.71374453368629,4.38762753368629,-2.541167533686263,2.936075595599985,-6.233453788969094,eligibility snapshot time unpublished,
rVTV-2026-06-26-1,rVTV,RVTVUSDT,2026-06-26,overnight_2000,1000,1.0818,0.3,0.75726,220.985,220.48,0.13333333333333333,0.0005,DOCUMENTED promotional 0.05% through 2026-08-31,after_hours,overnight,2026-09-18T23:05:03.291954+00:00,ticker_only,2026-09-19T03:05:03.356996+00:00,ticker_only,OBSERVED-NOW book scenario; fee/prices event-time,0.5050000000000239,0.22073250000000003,,0.0019408711351838982,,,,,,eligibility snapshot time unpublished,"sell: $1,000 exceeds visible top-of-book ($221) on ticker-only symbol"
rVTV-2026-06-26-1,rVTV,RVTVUSDT,2026-06-26,overnight_2000,5000,1.0818,0.3,0.75726,220.985,220.48,0.13333333333333333,0.0005,DOCUMENTED promotional 0.05% through 2026-08-31,after_hours,overnight,2026-09-18T23:05:03.291954+00:00,ticker_only,2026-09-19T03:05:03.356996+00:00,ticker_only,OBSERVED-NOW book scenario; fee/prices event-time,0.5050000000000239,0.22073250000000003,,0.0019408711351838982,,,,,,eligibility snapshot time unpublished,"sell: $5,000 exceeds visible top-of-book ($221) on ticker-only symbol"
rVTV-2026-06-26-1,rVTV,RVTVUSDT,2026-06-26,overnight_2000,25000,1.0818,0.3,0.75726,220.985,220.48,0.13333333333333333,0.0005,DOCUMENTED promotional 0.05% through 2026-08-31,after_hours,overnight,2026-09-18T23:05:03.291954+00:00,ticker_only,2026-09-19T03:05:03.356996+00:00,ticker_only,OBSERVED-NOW book scenario; fee/prices event-time,0.5050000000000239,0.22073250000000003,,0.0019408711351838982,,,,,,eligibility snapshot time unpublished,"sell: $25,000 exceeds visible top-of-book ($221) on ticker-only symbol"
rVTV-2026-06-26-1,rVTV,RVTVUSDT,2026-06-26,premarket_0400,1000,1.0818,0.3,0.75726,220.985,221.888,8.05,0.0005,DOCUMENTED promotional 0.05% through 2026-08-31,after_hours,pre_market,2026-09-18T23:05:03.291954+00:00,ticker_only,,,OBSERVED-NOW book scenario; fee/prices event-time,-0.9029999999999916,0.22143650000000004,,,,,,,,eligibility snapshot time unpublished,"sell: $1,000 exceeds visible top-of-book ($221) on ticker-only symbol; buy: no depth sample for this symbol/session"
rVTV-2026-06-26-1,rVTV,RVTVUSDT,2026-06-26,premarket_0400,5000,1.0818,0.3,0.75726,220.985,221.888,8.05,0.0005,DOCUMENTED promotional 0.05% through 2026-08-31,after_hours,pre_market,2026-09-18T23:05:03.291954+00:00,ticker_only,,,OBSERVED-NOW book scenario; fee/prices event-time,-0.9029999999999916,0.22143650000000004,,,,,,,,eligibility snapshot time unpublished,"sell: $5,000 exceeds visible top-of-book ($221) on ticker-only symbol; buy: no depth sample for this symbol/session"
rVTV-2026-06-26-1,rVTV,RVTVUSDT,2026-06-26,premarket_0400,25000,1.0818,0.3,0.75726,220.985,221.888,8.05,0.0005,DOCUMENTED promotional 0.05% through 2026-08-31,after_hours,pre_market,2026-09-18T23:05:03.291954+00:00,ticker_only,,,OBSERVED-NOW book scenario; fee/prices event-time,-0.9029999999999916,0.22143650000000004,,,,,,,,eligibility snapshot time unpublished,"sell: $25,000 exceeds visible top-of-book ($221) on ticker-only symbol; buy: no depth sample for this symbol/session"
rVTV-2026-06-26-1,rVTV,RVTVUSDT,2026-06-26,open_0930,1000,1.0818,0.3,0.75726,220.985,218.63,13.55,0.0005,DOCUMENTED promotional 0.05% through 2026-08-31,after_hours,regular,2026-09-18T23:05:03.291954+00:00,ticker_only,2026-09-16T19:34:15.315933+00:00,ticker_only,OBSERVED-NOW book scenario; fee/prices event-time,2.355000000000018,0.21980750000000002,,4.5450413598787e-05,,,,,,eligibility snapshot time unpublished,"sell: $1,000 exceeds visible top-of-book ($221) on ticker-only symbol"
rVTV-2026-06-26-1,rVTV,RVTVUSDT,2026-06-26,open_0930,5000,1.0818,0.3,0.75726,220.985,218.63,13.55,0.0005,DOCUMENTED promotional 0.05% through 2026-08-31,after_hours,regular,2026-09-18T23:05:03.291954+00:00,ticker_only,2026-09-16T19:34:15.315933+00:00,ticker_only,OBSERVED-NOW book scenario; fee/prices event-time,2.355000000000018,0.21980750000000002,,4.5450413598787e-05,,,,,,eligibility snapshot time unpublished,"sell: $5,000 exceeds visible top-of-book ($221) on ticker-only symbol"
rVTV-2026-06-26-1,rVTV,RVTVUSDT,2026-06-26,open_0930,25000,1.0818,0.3,0.75726,220.985,218.63,13.55,0.0005,DOCUMENTED promotional 0.05% through 2026-08-31,after_hours,regular,2026-09-18T23:05:03.291954+00:00,ticker_only,2026-09-16T19:34:15.315933+00:00,ticker_only,OBSERVED-NOW book scenario; fee/prices event-time,2.355000000000018,0.21980750000000002,,4.5450413598787e-05,,,,,,eligibility snapshot time unpublished,"sell: $25,000 exceeds visible top-of-book ($221) on ticker-only symbol"
rVTV-2026-06-26-1,rVTV,RVTVUSDT,2026-06-26,open_1000,1000,1.0818,0.3,0.75726,220.985,219.27,14.05,0.0005,DOCUMENTED promotional 0.05% through 2026-08-31,after_hours,regular,2026-09-18T23:05:03.291954+00:00,ticker_only,2026-09-16T19:34:15.315933+00:00,ticker_only,OBSERVED-NOW book scenario; fee/prices event-time,1.7150000000000034,0.2201275,,4.5450413598787e-05,,,,,,eligibility snapshot time unpublished,"sell: $1,000 exceeds visible top-of-book ($221) on ticker-only symbol"
rVTV-2026-06-26-1,rVTV,RVTVUSDT,2026-06-26,open_1000,5000,1.0818,0.3,0.75726,220.985,219.27,14.05,0.0005,DOCUMENTED promotional 0.05% through 2026-08-31,after_hours,regular,2026-09-18T23:05:03.291954+00:00,ticker_only,2026-09-16T19:34:15.315933+00:00,ticker_only,OBSERVED-NOW book scenario; fee/prices event-time,1.7150000000000034,0.2201275,,4.5450413598787e-05,,,,,,eligibility snapshot time unpublished,"sell: $5,000 exceeds visible top-of-book ($221) on ticker-only symbol"
rVTV-2026-06-26-1,rVTV,RVTVUSDT,2026-06-26,open_1000,25000,1.0818,0.3,0.75726,220.985,219.27,14.05,0.0005,DOCUMENTED promotional 0.05% through 2026-08-31,after_hours,regular,2026-09-18T23:05:03.291954+00:00,ticker_only,2026-09-16T19:34:15.315933+00:00,ticker_only,OBSERVED-NOW book scenario; fee/prices event-time,1.7150000000000034,0.2201275,,4.5450413598787e-05,,,,,,eligibility snapshot time unpublished,"sell: $25,000 exceeds visible top-of-book ($221) on ticker-only symbol"
rVTV-2026-06-26-1,rVTV,RVTVUSDT,2026-06-26,close_1600,1000,1.0818,0.3,0.75726,220.985,218.385,20.05,0.0005,DOCUMENTED promotional 0.05% through 2026-08-31,after_hours,after_hours,2026-09-18T23:05:03.291954+00:00,ticker_only,2026-09-18T23:05:03.291954+00:00,ticker_only,OBSERVED-NOW book scenario; fee/prices event-time,2.6000000000000227,0.21968500000000002,,0.0013984752108990304,,,,,,eligibility snapshot time unpublished,"sell: $1,000 exceeds visible top-of-book ($221) on ticker-only symbol"
rVTV-2026-06-26-1,rVTV,RVTVUSDT,2026-06-26,close_1600,5000,1.0818,0.3,0.75726,220.985,218.385,20.05,0.0005,DOCUMENTED promotional 0.05% through 2026-08-31,after_hours,after_hours,2026-09-18T23:05:03.291954+00:00,ticker_only,2026-09-18T23:05:03.291954+00:00,ticker_only,OBSERVED-NOW book scenario; fee/prices event-time,2.6000000000000227,0.21968500000000002,,0.0013984752108990304,,,,,,eligibility snapshot time unpublished,"sell: $5,000 exceeds visible top-of-book ($221) on ticker-only symbol"
rVTV-2026-06-26-1,rVTV,RVTVUSDT,2026-06-26,close_1600,25000,1.0818,0.3,0.75726,220.985,218.385,20.05,0.0005,DOCUMENTED promotional 0.05% through 2026-08-31,after_hours,after_hours,2026-09-18T23:05:03.291954+00:00,ticker_only,2026-09-18T23:05:03.291954+00:00,ticker_only,OBSERVED-NOW book scenario; fee/prices event-time,2.6000000000000227,0.21968500000000002,,0.0013984752108990304,,,,,,eligibility snapshot time unpublished,"sell: $25,000 exceeds visible top-of-book ($221) on ticker-only symbol"
rYANG-2026-06-23-1,rYANG,RYANGUSDT,2026-06-23,overnight_2000,1000,0.16314,0.3,0.114198,34.66,34.6,0.016666666666666666,0.0005,DOCUMENTED promotional 0.05% through 2026-08-31,after_hours,overnight,2026-09-18T23:05:03.291954+00:00,ticker_only,2026-09-19T03:05:03.356996+00:00,ticker_only,OBSERVED-NOW book scenario; fee/prices event-time,0.05999999999999517,0.034629999999999994,,,,,,,,eligibility snapshot time unpublished,"sell: $1,000 exceeds visible top-of-book ($931) on ticker-only symbol; buy: $1,000 exceeds visible top-of-book ($314) on ticker-only symbol"
rYANG-2026-06-23-1,rYANG,RYANGUSDT,2026-06-23,overnight_2000,5000,0.16314,0.3,0.114198,34.66,34.6,0.016666666666666666,0.0005,DOCUMENTED promotional 0.05% through 2026-08-31,after_hours,overnight,2026-09-18T23:05:03.291954+00:00,ticker_only,2026-09-19T03:05:03.356996+00:00,ticker_only,OBSERVED-NOW book scenario; fee/prices event-time,0.05999999999999517,0.034629999999999994,,,,,,,,eligibility snapshot time unpublished,"sell: $5,000 exceeds visible top-of-book ($931) on ticker-only symbol; buy: $5,000 exceeds visible top-of-book ($314) on ticker-only symbol"
rYANG-2026-06-23-1,rYANG,RYANGUSDT,2026-06-23,overnight_2000,25000,0.16314,0.3,0.114198,34.66,34.6,0.016666666666666666,0.0005,DOCUMENTED promotional 0.05% through 2026-08-31,after_hours,overnight,2026-09-18T23:05:03.291954+00:00,ticker_only,2026-09-19T03:05:03.356996+00:00,ticker_only,OBSERVED-NOW book scenario; fee/prices event-time,0.05999999999999517,0.034629999999999994,,,,,,,,eligibility snapshot time unpublished,"sell: $25,000 exceeds visible top-of-book ($931) on ticker-only symbol; buy: $25,000 exceeds visible top-of-book ($314) on ticker-only symbol"
rYANG-2026-06-23-1,rYANG,RYANGUSDT,2026-06-23,premarket_0400,1000,0.16314,0.3,0.114198,34.66,37.035,8.016666666666667,0.0005,DOCUMENTED promotional 0.05% through 2026-08-31,after_hours,pre_market,2026-09-18T23:05:03.291954+00:00,ticker_only,,,OBSERVED-NOW book scenario; fee/prices event-time,-2.375,0.0358475,,,,,,,,eligibility snapshot time unpublished,"sell: $1,000 exceeds visible top-of-book ($931) on ticker-only symbol; buy: no depth sample for this symbol/session"
rYANG-2026-06-23-1,rYANG,RYANGUSDT,2026-06-23,premarket_0400,5000,0.16314,0.3,0.114198,34.66,37.035,8.016666666666667,0.0005,DOCUMENTED promotional 0.05% through 2026-08-31,after_hours,pre_market,2026-09-18T23:05:03.291954+00:00,ticker_only,,,OBSERVED-NOW book scenario; fee/prices event-time,-2.375,0.0358475,,,,,,,,eligibility snapshot time unpublished,"sell: $5,000 exceeds visible top-of-book ($931) on ticker-only symbol; buy: no depth sample for this symbol/session"
rYANG-2026-06-23-1,rYANG,RYANGUSDT,2026-06-23,premarket_0400,25000,0.16314,0.3,0.114198,34.66,37.035,8.016666666666667,0.0005,DOCUMENTED promotional 0.05% through 2026-08-31,after_hours,pre_market,2026-09-18T23:05:03.291954+00:00,ticker_only,,,OBSERVED-NOW book scenario; fee/prices event-time,-2.375,0.0358475,,,,,,,,eligibility snapshot time unpublished,"sell: $25,000 exceeds visible top-of-book ($931) on ticker-only symbol; buy: no depth sample for this symbol/session"
rYANG-2026-06-23-1,rYANG,RYANGUSDT,2026-06-23,open_0930,1000,0.16314,0.3,0.114198,34.66,36.387,13.516666666666667,0.0005,DOCUMENTED promotional 0.05% through 2026-08-31,after_hours,regular,2026-09-18T23:05:03.291954+00:00,ticker_only,2026-09-16T19:34:15.315933+00:00,ticker_only,OBSERVED-NOW book scenario; fee/prices event-time,-1.7270000000000039,0.0355235,,0.00015255530129668968,,,,,,eligibility snapshot time unpublished,"sell: $1,000 exceeds visible top-of-book ($931) on ticker-only symbol"
rYANG-2026-06-23-1,rYANG,RYANGUSDT,2026-06-23,open_0930,5000,0.16314,0.3,0.114198,34.66,36.387,13.516666666666667,0.0005,DOCUMENTED promotional 0.05% through 2026-08-31,after_hours,regular,2026-09-18T23:05:03.291954+00:00,ticker_only,2026-09-16T19:34:15.315933+00:00,ticker_only,OBSERVED-NOW book scenario; fee/prices event-time,-1.7270000000000039,0.0355235,,0.00015255530129668968,,,,,,eligibility snapshot time unpublished,"sell: $5,000 exceeds visible top-of-book ($931) on ticker-only symbol"
rYANG-2026-06-23-1,rYANG,RYANGUSDT,2026-06-23,open_0930,25000,0.16314,0.3,0.114198,34.66,36.387,13.516666666666667,0.0005,DOCUMENTED promotional 0.05% through 2026-08-31,after_hours,regular,2026-09-18T23:05:03.291954+00:00,ticker_only,2026-09-16T19:34:15.315933+00:00,ticker_only,OBSERVED-NOW book scenario; fee/prices event-time,-1.7270000000000039,0.0355235,,,,,,,,eligibility snapshot time unpublished,"sell: $25,000 exceeds visible top-of-book ($931) on ticker-only symbol; buy: $25,000 exceeds visible top-of-book ($7,212) on ticker-only symbol"
rYANG-2026-06-23-1,rYANG,RYANGUSDT,2026-06-23,open_1000,1000,0.16314,0.3,0.114198,34.66,36.201,14.016666666666667,0.0005,DOCUMENTED promotional 0.05% through 2026-08-31,after_hours,regular,2026-09-18T23:05:03.291954+00:00,ticker_only,2026-09-16T19:34:15.315933+00:00,ticker_only,OBSERVED-NOW book scenario; fee/prices event-time,-1.541000000000004,0.0354305,,0.00015255530129668968,,,,,,eligibility snapshot time unpublished,"sell: $1,000 exceeds visible top-of-book ($931) on ticker-only symbol"
rYANG-2026-06-23-1,rYANG,RYANGUSDT,2026-06-23,open_1000,5000,0.16314,0.3,0.114198,34.66,36.201,14.016666666666667,0.0005,DOCUMENTED promotional 0.05% through 2026-08-31,after_hours,regular,2026-09-18T23:05:03.291954+00:00,ticker_only,2026-09-16T19:34:15.315933+00:00,ticker_only,OBSERVED-NOW book scenario; fee/prices event-time,-1.541000000000004,0.0354305,,0.00015255530129668968,,,,,,eligibility snapshot time unpublished,"sell: $5,000 exceeds visible top-of-book ($931) on ticker-only symbol"
rYANG-2026-06-23-1,rYANG,RYANGUSDT,2026-06-23,open_1000,25000,0.16314,0.3,0.114198,34.66,36.201,14.016666666666667,0.0005,DOCUMENTED promotional 0.05% through 2026-08-31,after_hours,regular,2026-09-18T23:05:03.291954+00:00,ticker_only,2026-09-16T19:34:15.315933+00:00,ticker_only,OBSERVED-NOW book scenario; fee/prices event-time,-1.541000000000004,0.0354305,,,,,,,,eligibility snapshot time unpublished,"sell: $25,000 exceeds visible top-of-book ($931) on ticker-only symbol; buy: $25,000 exceeds visible top-of-book ($7,212) on ticker-only symbol"
rYANG-2026-06-23-1,rYANG,RYANGUSDT,2026-06-23,close_1600,1000,0.16314,0.3,0.114198,34.66,36.333,20.016666666666666,0.0005,DOCUMENTED promotional 0.05% through 2026-08-31,after_hours,after_hours,2026-09-18T23:05:03.291954+00:00,ticker_only,2026-09-18T23:05:03.291954+00:00,ticker_only,OBSERVED-NOW book scenario; fee/prices event-time,-1.6730000000000018,0.0354965,,,,,,,,eligibility snapshot time unpublished,"sell: $1,000 exceeds visible top-of-book ($931) on ticker-only symbol; buy: $1,000 exceeds visible top-of-book ($31) on ticker-only symbol"
rYANG-2026-06-23-1,rYANG,RYANGUSDT,2026-06-23,close_1600,5000,0.16314,0.3,0.114198,34.66,36.333,20.016666666666666,0.0005,DOCUMENTED promotional 0.05% through 2026-08-31,after_hours,after_hours,2026-09-18T23:05:03.291954+00:00,ticker_only,2026-09-18T23:05:03.291954+00:00,ticker_only,OBSERVED-NOW book scenario; fee/prices event-time,-1.6730000000000018,0.0354965,,,,,,,,eligibility snapshot time unpublished,"sell: $5,000 exceeds visible top-of-book ($931) on ticker-only symbol; buy: $5,000 exceeds visible top-of-book ($31) on ticker-only symbol"
rYANG-2026-06-23-1,rYANG,RYANGUSDT,2026-06-23,close_1600,25000,0.16314,0.3,0.114198,34.66,36.333,20.016666666666666,0.0005,DOCUMENTED promotional 0.05% through 2026-08-31,after_hours,after_hours,2026-09-18T23:05:03.291954+00:00,ticker_only,2026-09-18T23:05:03.291954+00:00,ticker_only,OBSERVED-NOW book scenario; fee/prices event-time,-1.6730000000000018,0.0354965,,,,,,,,eligibility snapshot time unpublished,"sell: $25,000 exceeds visible top-of-book ($931) on ticker-only symbol; buy: $25,000 exceeds visible top-of-book ($31) on ticker-only symbol"
rYINN-2026-06-23-1,rYINN,RYINNUSDT,2026-06-23,overnight_2000,1000,0.20943,0.3,0.146601,25.856,25.842,0.016666666666666666,0.0005,DOCUMENTED promotional 0.05% through 2026-08-31,after_hours,overnight,2026-09-18T23:05:03.291954+00:00,ticker_only,2026-09-19T03:05:03.356996+00:00,ticker_only,OBSERVED-NOW book scenario; fee/prices event-time,0.014000000000002899,0.025849,,,,,,,,eligibility snapshot time unpublished,"sell: $1,000 exceeds visible top-of-book ($264) on ticker-only symbol; buy: $1,000 exceeds visible top-of-book ($265) on ticker-only symbol"
rYINN-2026-06-23-1,rYINN,RYINNUSDT,2026-06-23,overnight_2000,5000,0.20943,0.3,0.146601,25.856,25.842,0.016666666666666666,0.0005,DOCUMENTED promotional 0.05% through 2026-08-31,after_hours,overnight,2026-09-18T23:05:03.291954+00:00,ticker_only,2026-09-19T03:05:03.356996+00:00,ticker_only,OBSERVED-NOW book scenario; fee/prices event-time,0.014000000000002899,0.025849,,,,,,,,eligibility snapshot time unpublished,"sell: $5,000 exceeds visible top-of-book ($264) on ticker-only symbol; buy: $5,000 exceeds visible top-of-book ($265) on ticker-only symbol"
rYINN-2026-06-23-1,rYINN,RYINNUSDT,2026-06-23,overnight_2000,25000,0.20943,0.3,0.146601,25.856,25.842,0.016666666666666666,0.0005,DOCUMENTED promotional 0.05% through 2026-08-31,after_hours,overnight,2026-09-18T23:05:03.291954+00:00,ticker_only,2026-09-19T03:05:03.356996+00:00,ticker_only,OBSERVED-NOW book scenario; fee/prices event-time,0.014000000000002899,0.025849,,,,,,,,eligibility snapshot time unpublished,"sell: $25,000 exceeds visible top-of-book ($264) on ticker-only symbol; buy: $25,000 exceeds visible top-of-book ($265) on ticker-only symbol"
rYINN-2026-06-23-1,rYINN,RYINNUSDT,2026-06-23,premarket_0400,1000,0.20943,0.3,0.146601,25.856,23.774,8.016666666666667,0.0005,DOCUMENTED promotional 0.05% through 2026-08-31,after_hours,pre_market,2026-09-18T23:05:03.291954+00:00,ticker_only,,,OBSERVED-NOW book scenario; fee/prices event-time,2.0820000000000007,0.024815,,,,,,,,eligibility snapshot time unpublished,"sell: $1,000 exceeds visible top-of-book ($264) on ticker-only symbol; buy: no depth sample for this symbol/session"
rYINN-2026-06-23-1,rYINN,RYINNUSDT,2026-06-23,premarket_0400,5000,0.20943,0.3,0.146601,25.856,23.774,8.016666666666667,0.0005,DOCUMENTED promotional 0.05% through 2026-08-31,after_hours,pre_market,2026-09-18T23:05:03.291954+00:00,ticker_only,,,OBSERVED-NOW book scenario; fee/prices event-time,2.0820000000000007,0.024815,,,,,,,,eligibility snapshot time unpublished,"sell: $5,000 exceeds visible top-of-book ($264) on ticker-only symbol; buy: no depth sample for this symbol/session"
rYINN-2026-06-23-1,rYINN,RYINNUSDT,2026-06-23,premarket_0400,25000,0.20943,0.3,0.146601,25.856,23.774,8.016666666666667,0.0005,DOCUMENTED promotional 0.05% through 2026-08-31,after_hours,pre_market,2026-09-18T23:05:03.291954+00:00,ticker_only,,,OBSERVED-NOW book scenario; fee/prices event-time,2.0820000000000007,0.024815,,,,,,,,eligibility snapshot time unpublished,"sell: $25,000 exceeds visible top-of-book ($264) on ticker-only symbol; buy: no depth sample for this symbol/session"
rYINN-2026-06-23-1,rYINN,RYINNUSDT,2026-06-23,open_0930,1000,0.20943,0.3,0.146601,25.856,24.186,13.516666666666667,0.0005,DOCUMENTED promotional 0.05% through 2026-08-31,after_hours,regular,2026-09-18T23:05:03.291954+00:00,ticker_only,2026-09-16T19:34:15.315933+00:00,ticker_only,OBSERVED-NOW book scenario; fee/prices event-time,1.6700000000000017,0.025021,,0.00019774569903100676,,,,,,eligibility snapshot time unpublished,"sell: $1,000 exceeds visible top-of-book ($264) on ticker-only symbol"
rYINN-2026-06-23-1,rYINN,RYINNUSDT,2026-06-23,open_0930,5000,0.20943,0.3,0.146601,25.856,24.186,13.516666666666667,0.0005,DOCUMENTED promotional 0.05% through 2026-08-31,after_hours,regular,2026-09-18T23:05:03.291954+00:00,ticker_only,2026-09-16T19:34:15.315933+00:00,ticker_only,OBSERVED-NOW book scenario; fee/prices event-time,1.6700000000000017,0.025021,,,,,,,,eligibility snapshot time unpublished,"sell: $5,000 exceeds visible top-of-book ($264) on ticker-only symbol; buy: $5,000 exceeds visible top-of-book ($2,529) on ticker-only symbol"
rYINN-2026-06-23-1,rYINN,RYINNUSDT,2026-06-23,open_0930,25000,0.20943,0.3,0.146601,25.856,24.186,13.516666666666667,0.0005,DOCUMENTED promotional 0.05% through 2026-08-31,after_hours,regular,2026-09-18T23:05:03.291954+00:00,ticker_only,2026-09-16T19:34:15.315933+00:00,ticker_only,OBSERVED-NOW book scenario; fee/prices event-time,1.6700000000000017,0.025021,,,,,,,,eligibility snapshot time unpublished,"sell: $25,000 exceeds visible top-of-book ($264) on ticker-only symbol; buy: $25,000 exceeds visible top-of-book ($2,529) on ticker-only symbol"
rYINN-2026-06-23-1,rYINN,RYINNUSDT,2026-06-23,open_1000,1000,0.20943,0.3,0.146601,25.856,24.326,14.016666666666667,0.0005,DOCUMENTED promotional 0.05% through 2026-08-31,after_hours,regular,2026-09-18T23:05:03.291954+00:00,ticker_only,2026-09-16T19:34:15.315933+00:00,ticker_only,OBSERVED-NOW book scenario; fee/prices event-time,1.5300000000000011,0.025091000000000002,,0.00019774569903100676,,,,,,eligibility snapshot time unpublished,"sell: $1,000 exceeds visible top-of-book ($264) on ticker-only symbol"
rYINN-2026-06-23-1,rYINN,RYINNUSDT,2026-06-23,open_1000,5000,0.20943,0.3,0.146601,25.856,24.326,14.016666666666667,0.0005,DOCUMENTED promotional 0.05% through 2026-08-31,after_hours,regular,2026-09-18T23:05:03.291954+00:00,ticker_only,2026-09-16T19:34:15.315933+00:00,ticker_only,OBSERVED-NOW book scenario; fee/prices event-time,1.5300000000000011,0.025091000000000002,,,,,,,,eligibility snapshot time unpublished,"sell: $5,000 exceeds visible top-of-book ($264) on ticker-only symbol; buy: $5,000 exceeds visible top-of-book ($2,529) on ticker-only symbol"
rYINN-2026-06-23-1,rYINN,RYINNUSDT,2026-06-23,open_1000,25000,0.20943,0.3,0.146601,25.856,24.326,14.016666666666667,0.0005,DOCUMENTED promotional 0.05% through 2026-08-31,after_hours,regular,2026-09-18T23:05:03.291954+00:00,ticker_only,2026-09-16T19:34:15.315933+00:00,ticker_only,OBSERVED-NOW book scenario; fee/prices event-time,1.5300000000000011,0.025091000000000002,,,,,,,,eligibility snapshot time unpublished,"sell: $25,000 exceeds visible top-of-book ($264) on ticker-only symbol; buy: $25,000 exceeds visible top-of-book ($2,529) on ticker-only symbol"
rYINN-2026-06-23-1,rYINN,RYINNUSDT,2026-06-23,close_1600,1000,0.20943,0.3,0.146601,25.856,24.197,20.016666666666666,0.0005,DOCUMENTED promotional 0.05% through 2026-08-31,after_hours,after_hours,2026-09-18T23:05:03.291954+00:00,ticker_only,2026-09-18T23:05:03.291954+00:00,ticker_only,OBSERVED-NOW book scenario; fee/prices event-time,1.6590000000000025,0.0250265,,,,,,,,eligibility snapshot time unpublished,"sell: $1,000 exceeds visible top-of-book ($264) on ticker-only symbol; buy: $1,000 exceeds visible top-of-book ($53) on ticker-only symbol"
rYINN-2026-06-23-1,rYINN,RYINNUSDT,2026-06-23,close_1600,5000,0.20943,0.3,0.146601,25.856,24.197,20.016666666666666,0.0005,DOCUMENTED promotional 0.05% through 2026-08-31,after_hours,after_hours,2026-09-18T23:05:03.291954+00:00,ticker_only,2026-09-18T23:05:03.291954+00:00,ticker_only,OBSERVED-NOW book scenario; fee/prices event-time,1.6590000000000025,0.0250265,,,,,,,,eligibility snapshot time unpublished,"sell: $5,000 exceeds visible top-of-book ($264) on ticker-only symbol; buy: $5,000 exceeds visible top-of-book ($53) on ticker-only symbol"
rYINN-2026-06-23-1,rYINN,RYINNUSDT,2026-06-23,close_1600,25000,0.20943,0.3,0.146601,25.856,24.197,20.016666666666666,0.0005,DOCUMENTED promotional 0.05% through 2026-08-31,after_hours,after_hours,2026-09-18T23:05:03.291954+00:00,ticker_only,2026-09-18T23:05:03.291954+00:00,ticker_only,OBSERVED-NOW book scenario; fee/prices event-time,1.6590000000000025,0.0250265,,,,,,,,eligibility snapshot time unpublished,"sell: $25,000 exceeds visible top-of-book ($264) on ticker-only symbol; buy: $25,000 exceeds visible top-of-book ($53) on ticker-only symbol"
