rule,event_id,symbol,spot_symbol,ex_date,decided_at,pdr_hat,pdr_se,estimation_events,lower_ratio,entitlement_tier,w_low,w_high,entitlement_evidence,gross_dividend,notional_usd,price,verdict,reason,sell_book_ts,sell_book_source,buy_book_ts,buy_book_source,cost_per_share,edge_most_kept,edge_least_kept,gross_yield_bp,breakeven_yield_bp
exnight-strategy-v3,rABCB-2026-09-30-1,rABCB,RABCBUSDT,2026-09-30,2026-09-25T23:30:06+00:00,0.9656110633409246,0.18323952822276032,127,0.599132006895404,E0_RANGE,0.0,0.3,no pre-decision precedent,,1000,82.29,NO_SIGNAL,cash basis UNRESOLVED; gross basis required,,,,,,,,,
exnight-strategy-v3,rABCB-2026-09-30-1,rABCB,RABCBUSDT,2026-09-30,2026-09-25T23:30:06+00:00,0.9656110633409246,0.18323952822276032,127,0.599132006895404,E0_RANGE,0.0,0.3,no pre-decision precedent,,5000,82.29,NO_SIGNAL,cash basis UNRESOLVED; gross basis required,,,,,,,,,
exnight-strategy-v3,rABCB-2026-09-30-1,rABCB,RABCBUSDT,2026-09-30,2026-09-25T23:30:06+00:00,0.9656110633409246,0.18323952822276032,127,0.599132006895404,E0_RANGE,0.0,0.3,no pre-decision precedent,,25000,82.29,NO_SIGNAL,cash basis UNRESOLVED; gross basis required,,,,,,,,,
exnight-strategy-v3,rABM-2026-10-01-1,rABM,RABMUSDT,2026-10-01,2026-09-25T23:30:06+00:00,0.9656110633409246,0.18323952822276032,127,0.599132006895404,E0_RANGE,0.0,0.3,no pre-decision precedent,,1000,49.78,NO_SIGNAL,cash basis UNRESOLVED; gross basis required,,,,,,,,,
exnight-strategy-v3,rABM-2026-10-01-1,rABM,RABMUSDT,2026-10-01,2026-09-25T23:30:06+00:00,0.9656110633409246,0.18323952822276032,127,0.599132006895404,E0_RANGE,0.0,0.3,no pre-decision precedent,,5000,49.78,NO_SIGNAL,cash basis UNRESOLVED; gross basis required,,,,,,,,,
exnight-strategy-v3,rABM-2026-10-01-1,rABM,RABMUSDT,2026-10-01,2026-09-25T23:30:06+00:00,0.9656110633409246,0.18323952822276032,127,0.599132006895404,E0_RANGE,0.0,0.3,no pre-decision precedent,,25000,49.78,NO_SIGNAL,cash basis UNRESOLVED; gross basis required,,,,,,,,,
exnight-strategy-v3,rA-2026-10-06-1,rA,RAUSDT,2026-10-06,2026-09-25T23:30:06+00:00,0.9656110633409246,0.18323952822276032,127,0.599132006895404,E0_RANGE,0.0,0.3,no pre-decision precedent,,1000,172.99,NO_SIGNAL,cash basis UNRESOLVED; gross basis required,,,,,,,,,
exnight-strategy-v3,rA-2026-10-06-1,rA,RAUSDT,2026-10-06,2026-09-25T23:30:06+00:00,0.9656110633409246,0.18323952822276032,127,0.599132006895404,E0_RANGE,0.0,0.3,no pre-decision precedent,,5000,172.99,NO_SIGNAL,cash basis UNRESOLVED; gross basis required,,,,,,,,,
exnight-strategy-v3,rA-2026-10-06-1,rA,RAUSDT,2026-10-06,2026-09-25T23:30:06+00:00,0.9656110633409246,0.18323952822276032,127,0.599132006895404,E0_RANGE,0.0,0.3,no pre-decision precedent,,25000,172.99,NO_SIGNAL,cash basis UNRESOLVED; gross basis required,,,,,,,,,
exnight-strategy-v3,rABBV-2026-10-15-1,rABBV,RABBVUSDT,2026-10-15,2026-09-25T23:30:06+00:00,0.9656110633409246,0.18323952822276032,127,0.599132006895404,E0_RANGE,0.0,0.3,no pre-decision precedent,,1000,264.85,NO_SIGNAL,cash basis UNRESOLVED; gross basis required,,,,,,,,,
exnight-strategy-v3,rABBV-2026-10-15-1,rABBV,RABBVUSDT,2026-10-15,2026-09-25T23:30:06+00:00,0.9656110633409246,0.18323952822276032,127,0.599132006895404,E0_RANGE,0.0,0.3,no pre-decision precedent,,5000,264.85,NO_SIGNAL,cash basis UNRESOLVED; gross basis required,,,,,,,,,
exnight-strategy-v3,rABBV-2026-10-15-1,rABBV,RABBVUSDT,2026-10-15,2026-09-25T23:30:06+00:00,0.9656110633409246,0.18323952822276032,127,0.599132006895404,E0_RANGE,0.0,0.3,no pre-decision precedent,,25000,264.85,NO_SIGNAL,cash basis UNRESOLVED; gross basis required,,,,,,,,,
exnight-strategy-v3,rABT-2026-10-15-1,rABT,RABTUSDT,2026-10-15,2026-09-25T23:30:06+00:00,0.9656110633409246,0.18323952822276032,127,0.599132006895404,E0_RANGE,0.0,0.3,no pre-decision precedent,,1000,101.54,NO_SIGNAL,cash basis UNRESOLVED; gross basis required,,,,,,,,,
exnight-strategy-v3,rABT-2026-10-15-1,rABT,RABTUSDT,2026-10-15,2026-09-25T23:30:06+00:00,0.9656110633409246,0.18323952822276032,127,0.599132006895404,E0_RANGE,0.0,0.3,no pre-decision precedent,,5000,101.54,NO_SIGNAL,cash basis UNRESOLVED; gross basis required,,,,,,,,,
exnight-strategy-v3,rABT-2026-10-15-1,rABT,RABTUSDT,2026-10-15,2026-09-25T23:30:06+00:00,0.9656110633409246,0.18323952822276032,127,0.599132006895404,E0_RANGE,0.0,0.3,no pre-decision precedent,,25000,101.54,NO_SIGNAL,cash basis UNRESOLVED; gross basis required,,,,,,,,,
exnight-strategy-v3,rADC-2026-09-30-1,rADC,RADCUSDT,2026-09-30,2026-09-25T23:30:06+00:00,0.9656110633409246,0.18323952822276032,127,0.599132006895404,E0_RANGE,0.0,0.3,no pre-decision precedent,,1000,67.48,NO_SIGNAL,cash basis UNRESOLVED; gross basis required,,,,,,,,,
exnight-strategy-v3,rADC-2026-09-30-1,rADC,RADCUSDT,2026-09-30,2026-09-25T23:30:06+00:00,0.9656110633409246,0.18323952822276032,127,0.599132006895404,E0_RANGE,0.0,0.3,no pre-decision precedent,,5000,67.48,NO_SIGNAL,cash basis UNRESOLVED; gross basis required,,,,,,,,,
exnight-strategy-v3,rADC-2026-09-30-1,rADC,RADCUSDT,2026-09-30,2026-09-25T23:30:06+00:00,0.9656110633409246,0.18323952822276032,127,0.599132006895404,E0_RANGE,0.0,0.3,no pre-decision precedent,,25000,67.48,NO_SIGNAL,cash basis UNRESOLVED; gross basis required,,,,,,,,,
exnight-strategy-v3,rACM-2026-10-14-1,rACM,RACMUSDT,2026-10-14,2026-09-25T23:30:06+00:00,0.9656110633409246,0.18323952822276032,127,0.599132006895404,E0_RANGE,0.0,0.3,no pre-decision precedent,,1000,60.29,NO_SIGNAL,cash basis UNRESOLVED; gross basis required,,,,,,,,,
exnight-strategy-v3,rACM-2026-10-14-1,rACM,RACMUSDT,2026-10-14,2026-09-25T23:30:06+00:00,0.9656110633409246,0.18323952822276032,127,0.599132006895404,E0_RANGE,0.0,0.3,no pre-decision precedent,,5000,60.29,NO_SIGNAL,cash basis UNRESOLVED; gross basis required,,,,,,,,,
exnight-strategy-v3,rACM-2026-10-14-1,rACM,RACMUSDT,2026-10-14,2026-09-25T23:30:06+00:00,0.9656110633409246,0.18323952822276032,127,0.599132006895404,E0_RANGE,0.0,0.3,no pre-decision precedent,,25000,60.29,NO_SIGNAL,cash basis UNRESOLVED; gross basis required,,,,,,,,,
exnight-strategy-v3,rAGNC-2026-09-30-1,rAGNC,RAGNCUSDT,2026-09-30,2026-09-25T23:30:06+00:00,0.9656110633409246,0.18323952822276032,127,0.599132006895404,E0_RANGE,0.0,0.3,no pre-decision precedent,0.1200000000000000,1000,9.65,NO_SIGNAL,"buy: $1,000 exceeds visible top-of-book ($292) on ticker-only symbol",2026-09-25T23:05:03.168637+00:00,ticker_only,2026-09-25T07:05:03.383026+00:00,ticker_only,,,,,
exnight-strategy-v3,rAGNC-2026-09-30-1,rAGNC,RAGNCUSDT,2026-09-30,2026-09-25T23:30:06+00:00,0.9656110633409246,0.18323952822276032,127,0.599132006895404,E0_RANGE,0.0,0.3,no pre-decision precedent,0.1200000000000000,5000,9.65,NO_SIGNAL,"sell: $5,000 exceeds visible top-of-book ($2,559) on ticker-only symbol; buy: $5,000 exceeds visible top-of-book ($292) on ticker-only symbol",2026-09-25T23:05:03.168637+00:00,ticker_only,2026-09-25T07:05:03.383026+00:00,ticker_only,,,,,
exnight-strategy-v3,rAGNC-2026-09-30-1,rAGNC,RAGNCUSDT,2026-09-30,2026-09-25T23:30:06+00:00,0.9656110633409246,0.18323952822276032,127,0.599132006895404,E0_RANGE,0.0,0.3,no pre-decision precedent,0.1200000000000000,25000,9.65,NO_SIGNAL,"sell: $25,000 exceeds visible top-of-book ($2,559) on ticker-only symbol; buy: $25,000 exceeds visible top-of-book ($292) on ticker-only symbol",2026-09-25T23:05:03.168637+00:00,ticker_only,2026-09-25T07:05:03.383026+00:00,ticker_only,,,,,
exnight-strategy-v3,rAHR-2026-09-30-1,rAHR,RAHRUSDT,2026-09-30,2026-09-25T23:30:06+00:00,0.9656110633409246,0.18323952822276032,127,0.599132006895404,E0_RANGE,0.0,0.3,no pre-decision precedent,,1000,52.02,NO_SIGNAL,cash basis UNRESOLVED; gross basis required,,,,,,,,,
exnight-strategy-v3,rAHR-2026-09-30-1,rAHR,RAHRUSDT,2026-09-30,2026-09-25T23:30:06+00:00,0.9656110633409246,0.18323952822276032,127,0.599132006895404,E0_RANGE,0.0,0.3,no pre-decision precedent,,5000,52.02,NO_SIGNAL,cash basis UNRESOLVED; gross basis required,,,,,,,,,
exnight-strategy-v3,rAHR-2026-09-30-1,rAHR,RAHRUSDT,2026-09-30,2026-09-25T23:30:06+00:00,0.9656110633409246,0.18323952822276032,127,0.599132006895404,E0_RANGE,0.0,0.3,no pre-decision precedent,,25000,52.02,NO_SIGNAL,cash basis UNRESOLVED; gross basis required,,,,,,,,,
exnight-strategy-v3,rAGX-2026-10-22-1,rAGX,RAGXUSDT,2026-10-22,2026-09-25T23:30:06+00:00,0.9656110633409246,0.18323952822276032,127,0.599132006895404,E0_RANGE,0.0,0.3,no pre-decision precedent,,1000,364.29,NO_SIGNAL,cash basis UNRESOLVED; gross basis required,,,,,,,,,
exnight-strategy-v3,rAGX-2026-10-22-1,rAGX,RAGXUSDT,2026-10-22,2026-09-25T23:30:06+00:00,0.9656110633409246,0.18323952822276032,127,0.599132006895404,E0_RANGE,0.0,0.3,no pre-decision precedent,,5000,364.29,NO_SIGNAL,cash basis UNRESOLVED; gross basis required,,,,,,,,,
exnight-strategy-v3,rAGX-2026-10-22-1,rAGX,RAGXUSDT,2026-10-22,2026-09-25T23:30:06+00:00,0.9656110633409246,0.18323952822276032,127,0.599132006895404,E0_RANGE,0.0,0.3,no pre-decision precedent,,25000,364.29,NO_SIGNAL,cash basis UNRESOLVED; gross basis required,,,,,,,,,
exnight-strategy-v3,rAKR-2026-09-30-1,rAKR,RAKRUSDT,2026-09-30,2026-09-25T23:30:06+00:00,0.9656110633409246,0.18323952822276032,127,0.599132006895404,E0_RANGE,0.0,0.3,no pre-decision precedent,,1000,19.24,NO_SIGNAL,cash basis UNRESOLVED; gross basis required,,,,,,,,,
exnight-strategy-v3,rAKR-2026-09-30-1,rAKR,RAKRUSDT,2026-09-30,2026-09-25T23:30:06+00:00,0.9656110633409246,0.18323952822276032,127,0.599132006895404,E0_RANGE,0.0,0.3,no pre-decision precedent,,5000,19.24,NO_SIGNAL,cash basis UNRESOLVED; gross basis required,,,,,,,,,
exnight-strategy-v3,rAKR-2026-09-30-1,rAKR,RAKRUSDT,2026-09-30,2026-09-25T23:30:06+00:00,0.9656110633409246,0.18323952822276032,127,0.599132006895404,E0_RANGE,0.0,0.3,no pre-decision precedent,,25000,19.24,NO_SIGNAL,cash basis UNRESOLVED; gross basis required,,,,,,,,,
exnight-strategy-v3,rAMAT-2026-11-19-1,rAMAT,RAMATUSDT,2026-11-19,2026-09-25T23:30:06+00:00,0.9656110633409246,0.18323952822276032,127,0.599132006895404,E0_RANGE,0.0,0.3,no pre-decision precedent,0.5300000000000000,1000,486.17,NO_SIGNAL,sell: no depth sample for this symbol/session; buy: no depth sample for this symbol/session,,,,,,,,,
exnight-strategy-v3,rAMAT-2026-11-19-1,rAMAT,RAMATUSDT,2026-11-19,2026-09-25T23:30:06+00:00,0.9656110633409246,0.18323952822276032,127,0.599132006895404,E0_RANGE,0.0,0.3,no pre-decision precedent,0.5300000000000000,5000,486.17,NO_SIGNAL,sell: no depth sample for this symbol/session; buy: no depth sample for this symbol/session,,,,,,,,,
exnight-strategy-v3,rAMAT-2026-11-19-1,rAMAT,RAMATUSDT,2026-11-19,2026-09-25T23:30:06+00:00,0.9656110633409246,0.18323952822276032,127,0.599132006895404,E0_RANGE,0.0,0.3,no pre-decision precedent,0.5300000000000000,25000,486.17,NO_SIGNAL,sell: no depth sample for this symbol/session; buy: no depth sample for this symbol/session,,,,,,,,,
exnight-strategy-v3,rAMT-2026-09-30-1,rAMT,RAMTUSDT,2026-09-30,2026-09-25T23:30:06+00:00,0.9656110633409246,0.18323952822276032,127,0.599132006895404,E0_RANGE,0.0,0.3,no pre-decision precedent,,1000,169.0,NO_SIGNAL,cash basis UNRESOLVED; gross basis required,,,,,,,,,
exnight-strategy-v3,rAMT-2026-09-30-1,rAMT,RAMTUSDT,2026-09-30,2026-09-25T23:30:06+00:00,0.9656110633409246,0.18323952822276032,127,0.599132006895404,E0_RANGE,0.0,0.3,no pre-decision precedent,,5000,169.0,NO_SIGNAL,cash basis UNRESOLVED; gross basis required,,,,,,,,,
exnight-strategy-v3,rAMT-2026-09-30-1,rAMT,RAMTUSDT,2026-09-30,2026-09-25T23:30:06+00:00,0.9656110633409246,0.18323952822276032,127,0.599132006895404,E0_RANGE,0.0,0.3,no pre-decision precedent,,25000,169.0,NO_SIGNAL,cash basis UNRESOLVED; gross basis required,,,,,,,,,
exnight-strategy-v3,rAPD-2026-10-01-1,rAPD,RAPDUSDT,2026-10-01,2026-09-25T23:30:06+00:00,0.9656110633409246,0.18323952822276032,127,0.599132006895404,E0_RANGE,0.0,0.3,no pre-decision precedent,,1000,281.76,NO_SIGNAL,cash basis UNRESOLVED; gross basis required,,,,,,,,,
exnight-strategy-v3,rAPD-2026-10-01-1,rAPD,RAPDUSDT,2026-10-01,2026-09-25T23:30:06+00:00,0.9656110633409246,0.18323952822276032,127,0.599132006895404,E0_RANGE,0.0,0.3,no pre-decision precedent,,5000,281.76,NO_SIGNAL,cash basis UNRESOLVED; gross basis required,,,,,,,,,
exnight-strategy-v3,rAPD-2026-10-01-1,rAPD,RAPDUSDT,2026-10-01,2026-09-25T23:30:06+00:00,0.9656110633409246,0.18323952822276032,127,0.599132006895404,E0_RANGE,0.0,0.3,no pre-decision precedent,,25000,281.76,NO_SIGNAL,cash basis UNRESOLVED; gross basis required,,,,,,,,,
exnight-strategy-v3,rAPA-2026-10-22-1,rAPA,RAPAUSDT,2026-10-22,2026-09-25T23:30:06+00:00,0.9656110633409246,0.18323952822276032,127,0.599132006895404,E0_RANGE,0.0,0.3,no pre-decision precedent,0.2500000000000000,1000,42.73,NO_SIGNAL,sell: no depth sample for this symbol/session; buy: no depth sample for this symbol/session,,,,,,,,,
exnight-strategy-v3,rAPA-2026-10-22-1,rAPA,RAPAUSDT,2026-10-22,2026-09-25T23:30:06+00:00,0.9656110633409246,0.18323952822276032,127,0.599132006895404,E0_RANGE,0.0,0.3,no pre-decision precedent,0.2500000000000000,5000,42.73,NO_SIGNAL,sell: no depth sample for this symbol/session; buy: no depth sample for this symbol/session,,,,,,,,,
exnight-strategy-v3,rAPA-2026-10-22-1,rAPA,RAPAUSDT,2026-10-22,2026-09-25T23:30:06+00:00,0.9656110633409246,0.18323952822276032,127,0.599132006895404,E0_RANGE,0.0,0.3,no pre-decision precedent,0.2500000000000000,25000,42.73,NO_SIGNAL,sell: no depth sample for this symbol/session; buy: no depth sample for this symbol/session,,,,,,,,,
exnight-strategy-v3,rAQN-2026-09-29-1,rAQN,RAQNUSDT,2026-09-29,2026-09-25T23:30:06+00:00,0.9656110633409246,0.18323952822276032,127,0.599132006895404,E0_RANGE,0.0,0.3,no pre-decision precedent,,1000,5.09,NO_SIGNAL,cash basis UNRESOLVED; gross basis required,,,,,,,,,
exnight-strategy-v3,rAQN-2026-09-29-1,rAQN,RAQNUSDT,2026-09-29,2026-09-25T23:30:06+00:00,0.9656110633409246,0.18323952822276032,127,0.599132006895404,E0_RANGE,0.0,0.3,no pre-decision precedent,,5000,5.09,NO_SIGNAL,cash basis UNRESOLVED; gross basis required,,,,,,,,,
exnight-strategy-v3,rAQN-2026-09-29-1,rAQN,RAQNUSDT,2026-09-29,2026-09-25T23:30:06+00:00,0.9656110633409246,0.18323952822276032,127,0.599132006895404,E0_RANGE,0.0,0.3,no pre-decision precedent,,25000,5.09,NO_SIGNAL,cash basis UNRESOLVED; gross basis required,,,,,,,,,
exnight-strategy-v3,rAPLE-2026-09-30-1,rAPLE,RAPLEUSDT,2026-09-30,2026-09-25T23:30:06+00:00,0.9656110633409246,0.18323952822276032,127,0.599132006895404,E0_RANGE,0.0,0.3,no pre-decision precedent,,1000,16.24,NO_SIGNAL,cash basis UNRESOLVED; gross basis required,,,,,,,,,
exnight-strategy-v3,rAPLE-2026-09-30-1,rAPLE,RAPLEUSDT,2026-09-30,2026-09-25T23:30:06+00:00,0.9656110633409246,0.18323952822276032,127,0.599132006895404,E0_RANGE,0.0,0.3,no pre-decision precedent,,5000,16.24,NO_SIGNAL,cash basis UNRESOLVED; gross basis required,,,,,,,,,
exnight-strategy-v3,rAPLE-2026-09-30-1,rAPLE,RAPLEUSDT,2026-09-30,2026-09-25T23:30:06+00:00,0.9656110633409246,0.18323952822276032,127,0.599132006895404,E0_RANGE,0.0,0.3,no pre-decision precedent,,25000,16.24,NO_SIGNAL,cash basis UNRESOLVED; gross basis required,,,,,,,,,
exnight-strategy-v3,rAVAL-2026-09-30-1,rAVAL,RAVALUSDT,2026-09-30,2026-09-25T23:30:06+00:00,0.9656110633409246,0.18323952822276032,127,0.599132006895404,E0_RANGE,0.0,0.3,no pre-decision precedent,,1000,4.96,NO_SIGNAL,cash basis UNRESOLVED; gross basis required,,,,,,,,,
exnight-strategy-v3,rAVAL-2026-09-30-1,rAVAL,RAVALUSDT,2026-09-30,2026-09-25T23:30:06+00:00,0.9656110633409246,0.18323952822276032,127,0.599132006895404,E0_RANGE,0.0,0.3,no pre-decision precedent,,5000,4.96,NO_SIGNAL,cash basis UNRESOLVED; gross basis required,,,,,,,,,
exnight-strategy-v3,rAVAL-2026-09-30-1,rAVAL,RAVALUSDT,2026-09-30,2026-09-25T23:30:06+00:00,0.9656110633409246,0.18323952822276032,127,0.599132006895404,E0_RANGE,0.0,0.3,no pre-decision precedent,,25000,4.96,NO_SIGNAL,cash basis UNRESOLVED; gross basis required,,,,,,,,,
exnight-strategy-v3,rAVAL-2026-11-02-1,rAVAL,RAVALUSDT,2026-11-02,2026-09-25T23:30:06+00:00,0.9656110633409246,0.18323952822276032,127,0.599132006895404,E0_RANGE,0.0,0.3,no pre-decision precedent,,1000,4.96,NO_SIGNAL,cash basis UNRESOLVED; gross basis required,,,,,,,,,
exnight-strategy-v3,rAVAL-2026-11-02-1,rAVAL,RAVALUSDT,2026-11-02,2026-09-25T23:30:06+00:00,0.9656110633409246,0.18323952822276032,127,0.599132006895404,E0_RANGE,0.0,0.3,no pre-decision precedent,,5000,4.96,NO_SIGNAL,cash basis UNRESOLVED; gross basis required,,,,,,,,,
exnight-strategy-v3,rAVAL-2026-11-02-1,rAVAL,RAVALUSDT,2026-11-02,2026-09-25T23:30:06+00:00,0.9656110633409246,0.18323952822276032,127,0.599132006895404,E0_RANGE,0.0,0.3,no pre-decision precedent,,25000,4.96,NO_SIGNAL,cash basis UNRESOLVED; gross basis required,,,,,,,,,
exnight-strategy-v3,rAVAL-2026-12-31-1,rAVAL,RAVALUSDT,2026-12-31,2026-09-25T23:30:06+00:00,0.9656110633409246,0.18323952822276032,127,0.599132006895404,E0_RANGE,0.0,0.3,no pre-decision precedent,,1000,4.96,NO_SIGNAL,cash basis UNRESOLVED; gross basis required,,,,,,,,,
exnight-strategy-v3,rAVAL-2026-12-31-1,rAVAL,RAVALUSDT,2026-12-31,2026-09-25T23:30:06+00:00,0.9656110633409246,0.18323952822276032,127,0.599132006895404,E0_RANGE,0.0,0.3,no pre-decision precedent,,5000,4.96,NO_SIGNAL,cash basis UNRESOLVED; gross basis required,,,,,,,,,
exnight-strategy-v3,rAVAL-2026-12-31-1,rAVAL,RAVALUSDT,2026-12-31,2026-09-25T23:30:06+00:00,0.9656110633409246,0.18323952822276032,127,0.599132006895404,E0_RANGE,0.0,0.3,no pre-decision precedent,,25000,4.96,NO_SIGNAL,cash basis UNRESOLVED; gross basis required,,,,,,,,,
exnight-strategy-v3,rAVAL-2027-01-29-1,rAVAL,RAVALUSDT,2027-01-29,2026-09-25T23:30:06+00:00,0.9656110633409246,0.18323952822276032,127,0.599132006895404,E0_RANGE,0.0,0.3,no pre-decision precedent,,1000,4.96,NO_SIGNAL,cash basis UNRESOLVED; gross basis required,,,,,,,,,
exnight-strategy-v3,rAVAL-2027-01-29-1,rAVAL,RAVALUSDT,2027-01-29,2026-09-25T23:30:06+00:00,0.9656110633409246,0.18323952822276032,127,0.599132006895404,E0_RANGE,0.0,0.3,no pre-decision precedent,,5000,4.96,NO_SIGNAL,cash basis UNRESOLVED; gross basis required,,,,,,,,,
exnight-strategy-v3,rAVAL-2027-01-29-1,rAVAL,RAVALUSDT,2027-01-29,2026-09-25T23:30:06+00:00,0.9656110633409246,0.18323952822276032,127,0.599132006895404,E0_RANGE,0.0,0.3,no pre-decision precedent,,25000,4.96,NO_SIGNAL,cash basis UNRESOLVED; gross basis required,,,,,,,,,
exnight-strategy-v3,rAVAL-2027-02-26-1,rAVAL,RAVALUSDT,2027-02-26,2026-09-25T23:30:06+00:00,0.9656110633409246,0.18323952822276032,127,0.599132006895404,E0_RANGE,0.0,0.3,no pre-decision precedent,,1000,4.96,NO_SIGNAL,cash basis UNRESOLVED; gross basis required,,,,,,,,,
exnight-strategy-v3,rAVAL-2027-02-26-1,rAVAL,RAVALUSDT,2027-02-26,2026-09-25T23:30:06+00:00,0.9656110633409246,0.18323952822276032,127,0.599132006895404,E0_RANGE,0.0,0.3,no pre-decision precedent,,5000,4.96,NO_SIGNAL,cash basis UNRESOLVED; gross basis required,,,,,,,,,
exnight-strategy-v3,rAVAL-2027-02-26-1,rAVAL,RAVALUSDT,2027-02-26,2026-09-25T23:30:06+00:00,0.9656110633409246,0.18323952822276032,127,0.599132006895404,E0_RANGE,0.0,0.3,no pre-decision precedent,,25000,4.96,NO_SIGNAL,cash basis UNRESOLVED; gross basis required,,,,,,,,,
exnight-strategy-v3,rAXS-2026-09-30-1,rAXS,RAXSUSDT,2026-09-30,2026-09-25T23:30:06+00:00,0.9656110633409246,0.18323952822276032,127,0.599132006895404,E0_RANGE,0.0,0.3,no pre-decision precedent,,1000,95.27,NO_SIGNAL,cash basis UNRESOLVED; gross basis required,,,,,,,,,
exnight-strategy-v3,rAXS-2026-09-30-1,rAXS,RAXSUSDT,2026-09-30,2026-09-25T23:30:06+00:00,0.9656110633409246,0.18323952822276032,127,0.599132006895404,E0_RANGE,0.0,0.3,no pre-decision precedent,,5000,95.27,NO_SIGNAL,cash basis UNRESOLVED; gross basis required,,,,,,,,,
exnight-strategy-v3,rAXS-2026-09-30-1,rAXS,RAXSUSDT,2026-09-30,2026-09-25T23:30:06+00:00,0.9656110633409246,0.18323952822276032,127,0.599132006895404,E0_RANGE,0.0,0.3,no pre-decision precedent,,25000,95.27,NO_SIGNAL,cash basis UNRESOLVED; gross basis required,,,,,,,,,
exnight-strategy-v3,rBBD-2026-10-05-1,rBBD,RBBDUSDT,2026-10-05,2026-09-25T23:30:06+00:00,0.9656110633409246,0.18323952822276032,127,0.599132006895404,E0_RANGE,0.0,0.3,no pre-decision precedent,,1000,3.41,NO_SIGNAL,cash basis UNRESOLVED; gross basis required,,,,,,,,,
exnight-strategy-v3,rBBD-2026-10-05-1,rBBD,RBBDUSDT,2026-10-05,2026-09-25T23:30:06+00:00,0.9656110633409246,0.18323952822276032,127,0.599132006895404,E0_RANGE,0.0,0.3,no pre-decision precedent,,5000,3.41,NO_SIGNAL,cash basis UNRESOLVED; gross basis required,,,,,,,,,
exnight-strategy-v3,rBBD-2026-10-05-1,rBBD,RBBDUSDT,2026-10-05,2026-09-25T23:30:06+00:00,0.9656110633409246,0.18323952822276032,127,0.599132006895404,E0_RANGE,0.0,0.3,no pre-decision precedent,,25000,3.41,NO_SIGNAL,cash basis UNRESOLVED; gross basis required,,,,,,,,,
exnight-strategy-v3,rBBDO-2026-10-05-1,rBBDO,RBBDOUSDT,2026-10-05,2026-09-25T23:30:06+00:00,0.9656110633409246,0.18323952822276032,127,0.599132006895404,E0_RANGE,0.0,0.3,no pre-decision precedent,,1000,3.1,NO_SIGNAL,cash basis UNRESOLVED; gross basis required,,,,,,,,,
exnight-strategy-v3,rBBDO-2026-10-05-1,rBBDO,RBBDOUSDT,2026-10-05,2026-09-25T23:30:06+00:00,0.9656110633409246,0.18323952822276032,127,0.599132006895404,E0_RANGE,0.0,0.3,no pre-decision precedent,,5000,3.1,NO_SIGNAL,cash basis UNRESOLVED; gross basis required,,,,,,,,,
exnight-strategy-v3,rBBDO-2026-10-05-1,rBBDO,RBBDOUSDT,2026-10-05,2026-09-25T23:30:06+00:00,0.9656110633409246,0.18323952822276032,127,0.599132006895404,E0_RANGE,0.0,0.3,no pre-decision precedent,,25000,3.1,NO_SIGNAL,cash basis UNRESOLVED; gross basis required,,,,,,,,,
exnight-strategy-v3,rBEN-2026-09-30-1,rBEN,RBENUSDT,2026-09-30,2026-09-25T23:30:06+00:00,0.9656110633409246,0.18323952822276032,127,0.599132006895404,E0_RANGE,0.0,0.3,no pre-decision precedent,,1000,33.02,NO_SIGNAL,cash basis UNRESOLVED; gross basis required,,,,,,,,,
exnight-strategy-v3,rBEN-2026-09-30-1,rBEN,RBENUSDT,2026-09-30,2026-09-25T23:30:06+00:00,0.9656110633409246,0.18323952822276032,127,0.599132006895404,E0_RANGE,0.0,0.3,no pre-decision precedent,,5000,33.02,NO_SIGNAL,cash basis UNRESOLVED; gross basis required,,,,,,,,,
exnight-strategy-v3,rBEN-2026-09-30-1,rBEN,RBENUSDT,2026-09-30,2026-09-25T23:30:06+00:00,0.9656110633409246,0.18323952822276032,127,0.599132006895404,E0_RANGE,0.0,0.3,no pre-decision precedent,,25000,33.02,NO_SIGNAL,cash basis UNRESOLVED; gross basis required,,,,,,,,,
exnight-strategy-v3,rBHE-2026-09-30-1,rBHE,RBHEUSDT,2026-09-30,2026-09-25T23:30:06+00:00,0.9656110633409246,0.18323952822276032,127,0.599132006895404,E0_RANGE,0.0,0.3,no pre-decision precedent,,1000,83.0,NO_SIGNAL,cash basis UNRESOLVED; gross basis required,,,,,,,,,
exnight-strategy-v3,rBHE-2026-09-30-1,rBHE,RBHEUSDT,2026-09-30,2026-09-25T23:30:06+00:00,0.9656110633409246,0.18323952822276032,127,0.599132006895404,E0_RANGE,0.0,0.3,no pre-decision precedent,,5000,83.0,NO_SIGNAL,cash basis UNRESOLVED; gross basis required,,,,,,,,,
exnight-strategy-v3,rBHE-2026-09-30-1,rBHE,RBHEUSDT,2026-09-30,2026-09-25T23:30:06+00:00,0.9656110633409246,0.18323952822276032,127,0.599132006895404,E0_RANGE,0.0,0.3,no pre-decision precedent,,25000,83.0,NO_SIGNAL,cash basis UNRESOLVED; gross basis required,,,,,,,,,
exnight-strategy-v3,rBELFA-2026-10-15-1,rBELFA,RBELFAUSDT,2026-10-15,2026-09-25T23:30:06+00:00,0.9656110633409246,0.18323952822276032,127,0.599132006895404,E0_RANGE,0.0,0.3,no pre-decision precedent,0.0600000000000000,1000,203.1,NO_SIGNAL,sell: no depth sample for this symbol/session; buy: no depth sample for this symbol/session,,,,,,,,,
exnight-strategy-v3,rBELFA-2026-10-15-1,rBELFA,RBELFAUSDT,2026-10-15,2026-09-25T23:30:06+00:00,0.9656110633409246,0.18323952822276032,127,0.599132006895404,E0_RANGE,0.0,0.3,no pre-decision precedent,0.0600000000000000,5000,203.1,NO_SIGNAL,sell: no depth sample for this symbol/session; buy: no depth sample for this symbol/session,,,,,,,,,
exnight-strategy-v3,rBELFA-2026-10-15-1,rBELFA,RBELFAUSDT,2026-10-15,2026-09-25T23:30:06+00:00,0.9656110633409246,0.18323952822276032,127,0.599132006895404,E0_RANGE,0.0,0.3,no pre-decision precedent,0.0600000000000000,25000,203.1,NO_SIGNAL,sell: no depth sample for this symbol/session; buy: no depth sample for this symbol/session,,,,,,,,,
exnight-strategy-v3,rBELFB-2026-10-15-1,rBELFB,RBELFBUSDT,2026-10-15,2026-09-25T23:30:06+00:00,0.9656110633409246,0.18323952822276032,127,0.599132006895404,E0_RANGE,0.0,0.3,no pre-decision precedent,0.0700000000000000,1000,252.69,NO_SIGNAL,sell: no depth sample for this symbol/session; buy: no depth sample for this symbol/session,,,,,,,,,
exnight-strategy-v3,rBELFB-2026-10-15-1,rBELFB,RBELFBUSDT,2026-10-15,2026-09-25T23:30:06+00:00,0.9656110633409246,0.18323952822276032,127,0.599132006895404,E0_RANGE,0.0,0.3,no pre-decision precedent,0.0700000000000000,5000,252.69,NO_SIGNAL,sell: no depth sample for this symbol/session; buy: no depth sample for this symbol/session,,,,,,,,,
exnight-strategy-v3,rBELFB-2026-10-15-1,rBELFB,RBELFBUSDT,2026-10-15,2026-09-25T23:30:06+00:00,0.9656110633409246,0.18323952822276032,127,0.599132006895404,E0_RANGE,0.0,0.3,no pre-decision precedent,0.0700000000000000,25000,252.69,NO_SIGNAL,sell: no depth sample for this symbol/session; buy: no depth sample for this symbol/session,,,,,,,,,
exnight-strategy-v3,rBG-2026-11-17-1,rBG,RBGUSDT,2026-11-17,2026-09-25T23:30:06+00:00,0.9656110633409246,0.18323952822276032,127,0.599132006895404,E0_RANGE,0.0,0.3,no pre-decision precedent,,1000,109.0,NO_SIGNAL,cash basis UNRESOLVED; gross basis required,,,,,,,,,
exnight-strategy-v3,rBG-2026-11-17-1,rBG,RBGUSDT,2026-11-17,2026-09-25T23:30:06+00:00,0.9656110633409246,0.18323952822276032,127,0.599132006895404,E0_RANGE,0.0,0.3,no pre-decision precedent,,5000,109.0,NO_SIGNAL,cash basis UNRESOLVED; gross basis required,,,,,,,,,
exnight-strategy-v3,rBG-2026-11-17-1,rBG,RBGUSDT,2026-11-17,2026-09-25T23:30:06+00:00,0.9656110633409246,0.18323952822276032,127,0.599132006895404,E0_RANGE,0.0,0.3,no pre-decision precedent,,25000,109.0,NO_SIGNAL,cash basis UNRESOLVED; gross basis required,,,,,,,,,
exnight-strategy-v3,rBG-2027-02-16-1,rBG,RBGUSDT,2027-02-16,2026-09-25T23:30:06+00:00,0.9656110633409246,0.18323952822276032,127,0.599132006895404,E0_RANGE,0.0,0.3,no pre-decision precedent,,1000,109.0,NO_SIGNAL,cash basis UNRESOLVED; gross basis required,,,,,,,,,
exnight-strategy-v3,rBG-2027-02-16-1,rBG,RBGUSDT,2027-02-16,2026-09-25T23:30:06+00:00,0.9656110633409246,0.18323952822276032,127,0.599132006895404,E0_RANGE,0.0,0.3,no pre-decision precedent,,5000,109.0,NO_SIGNAL,cash basis UNRESOLVED; gross basis required,,,,,,,,,
exnight-strategy-v3,rBG-2027-02-16-1,rBG,RBGUSDT,2027-02-16,2026-09-25T23:30:06+00:00,0.9656110633409246,0.18323952822276032,127,0.599132006895404,E0_RANGE,0.0,0.3,no pre-decision precedent,,25000,109.0,NO_SIGNAL,cash basis UNRESOLVED; gross basis required,,,,,,,,,
exnight-strategy-v3,rBNL-2026-09-30-1,rBNL,RBNLUSDT,2026-09-30,2026-09-25T23:30:06+00:00,0.9656110633409246,0.18323952822276032,127,0.599132006895404,E0_RANGE,0.0,0.3,no pre-decision precedent,,1000,18.99,NO_SIGNAL,cash basis UNRESOLVED; gross basis required,,,,,,,,,
exnight-strategy-v3,rBNL-2026-09-30-1,rBNL,RBNLUSDT,2026-09-30,2026-09-25T23:30:06+00:00,0.9656110633409246,0.18323952822276032,127,0.599132006895404,E0_RANGE,0.0,0.3,no pre-decision precedent,,5000,18.99,NO_SIGNAL,cash basis UNRESOLVED; gross basis required,,,,,,,,,
exnight-strategy-v3,rBNL-2026-09-30-1,rBNL,RBNLUSDT,2026-09-30,2026-09-25T23:30:06+00:00,0.9656110633409246,0.18323952822276032,127,0.599132006895404,E0_RANGE,0.0,0.3,no pre-decision precedent,,25000,18.99,NO_SIGNAL,cash basis UNRESOLVED; gross basis required,,,,,,,,,
exnight-strategy-v3,rBMY-2026-10-02-1,rBMY,RBMYUSDT,2026-10-02,2026-09-25T23:30:06+00:00,0.9656110633409246,0.18323952822276032,127,0.599132006895404,E0_RANGE,0.0,0.3,no pre-decision precedent,,1000,62.85,NO_SIGNAL,cash basis UNRESOLVED; gross basis required,,,,,,,,,
exnight-strategy-v3,rBMY-2026-10-02-1,rBMY,RBMYUSDT,2026-10-02,2026-09-25T23:30:06+00:00,0.9656110633409246,0.18323952822276032,127,0.599132006895404,E0_RANGE,0.0,0.3,no pre-decision precedent,,5000,62.85,NO_SIGNAL,cash basis UNRESOLVED; gross basis required,,,,,,,,,
exnight-strategy-v3,rBMY-2026-10-02-1,rBMY,RBMYUSDT,2026-10-02,2026-09-25T23:30:06+00:00,0.9656110633409246,0.18323952822276032,127,0.599132006895404,E0_RANGE,0.0,0.3,no pre-decision precedent,,25000,62.85,NO_SIGNAL,cash basis UNRESOLVED; gross basis required,,,,,,,,,
exnight-strategy-v3,rBRX-2026-10-02-1,rBRX,RBRXUSDT,2026-10-02,2026-09-25T23:30:06+00:00,0.9656110633409246,0.18323952822276032,127,0.599132006895404,E0_RANGE,0.0,0.3,no pre-decision precedent,,1000,28.07,NO_SIGNAL,cash basis UNRESOLVED; gross basis required,,,,,,,,,
exnight-strategy-v3,rBRX-2026-10-02-1,rBRX,RBRXUSDT,2026-10-02,2026-09-25T23:30:06+00:00,0.9656110633409246,0.18323952822276032,127,0.599132006895404,E0_RANGE,0.0,0.3,no pre-decision precedent,,5000,28.07,NO_SIGNAL,cash basis UNRESOLVED; gross basis required,,,,,,,,,
exnight-strategy-v3,rBRX-2026-10-02-1,rBRX,RBRXUSDT,2026-10-02,2026-09-25T23:30:06+00:00,0.9656110633409246,0.18323952822276032,127,0.599132006895404,E0_RANGE,0.0,0.3,no pre-decision precedent,,25000,28.07,NO_SIGNAL,cash basis UNRESOLVED; gross basis required,,,,,,,,,
exnight-strategy-v3,rBTI-2026-10-02-1,rBTI,RBTIUSDT,2026-10-02,2026-09-25T23:30:06+00:00,0.9656110633409246,0.18323952822276032,127,0.599132006895404,E0_RANGE,0.0,0.3,no pre-decision precedent,,1000,55.6,NO_SIGNAL,cash basis UNRESOLVED; gross basis required,,,,,,,,,
exnight-strategy-v3,rBTI-2026-10-02-1,rBTI,RBTIUSDT,2026-10-02,2026-09-25T23:30:06+00:00,0.9656110633409246,0.18323952822276032,127,0.599132006895404,E0_RANGE,0.0,0.3,no pre-decision precedent,,5000,55.6,NO_SIGNAL,cash basis UNRESOLVED; gross basis required,,,,,,,,,
exnight-strategy-v3,rBTI-2026-10-02-1,rBTI,RBTIUSDT,2026-10-02,2026-09-25T23:30:06+00:00,0.9656110633409246,0.18323952822276032,127,0.599132006895404,E0_RANGE,0.0,0.3,no pre-decision precedent,,25000,55.6,NO_SIGNAL,cash basis UNRESOLVED; gross basis required,,,,,,,,,
exnight-strategy-v3,rBRC-2026-10-09-1,rBRC,RBRCUSDT,2026-10-09,2026-09-25T23:30:06+00:00,0.9656110633409246,0.18323952822276032,127,0.599132006895404,E0_RANGE,0.0,0.3,no pre-decision precedent,,1000,84.02,NO_SIGNAL,cash basis UNRESOLVED; gross basis required,,,,,,,,,
exnight-strategy-v3,rBRC-2026-10-09-1,rBRC,RBRCUSDT,2026-10-09,2026-09-25T23:30:06+00:00,0.9656110633409246,0.18323952822276032,127,0.599132006895404,E0_RANGE,0.0,0.3,no pre-decision precedent,,5000,84.02,NO_SIGNAL,cash basis UNRESOLVED; gross basis required,,,,,,,,,
exnight-strategy-v3,rBRC-2026-10-09-1,rBRC,RBRCUSDT,2026-10-09,2026-09-25T23:30:06+00:00,0.9656110633409246,0.18323952822276032,127,0.599132006895404,E0_RANGE,0.0,0.3,no pre-decision precedent,,25000,84.02,NO_SIGNAL,cash basis UNRESOLVED; gross basis required,,,,,,,,,
exnight-strategy-v3,rBTI-2026-12-29-1,rBTI,RBTIUSDT,2026-12-29,2026-09-25T23:30:06+00:00,0.9656110633409246,0.18323952822276032,127,0.599132006895404,E0_RANGE,0.0,0.3,no pre-decision precedent,,1000,55.6,NO_SIGNAL,cash basis UNRESOLVED; gross basis required,,,,,,,,,
exnight-strategy-v3,rBTI-2026-12-29-1,rBTI,RBTIUSDT,2026-12-29,2026-09-25T23:30:06+00:00,0.9656110633409246,0.18323952822276032,127,0.599132006895404,E0_RANGE,0.0,0.3,no pre-decision precedent,,5000,55.6,NO_SIGNAL,cash basis UNRESOLVED; gross basis required,,,,,,,,,
exnight-strategy-v3,rBTI-2026-12-29-1,rBTI,RBTIUSDT,2026-12-29,2026-09-25T23:30:06+00:00,0.9656110633409246,0.18323952822276032,127,0.599132006895404,E0_RANGE,0.0,0.3,no pre-decision precedent,,25000,55.6,NO_SIGNAL,cash basis UNRESOLVED; gross basis required,,,,,,,,,
exnight-strategy-v3,rBZ-2026-09-28-1,rBZ,RBZUSDT,2026-09-28,2026-09-25T23:30:06+00:00,0.9656110633409246,0.18323952822276032,127,0.599132006895404,E0_RANGE,0.0,0.3,no pre-decision precedent,0.5100000000000000,1000,14.24,NO_SIGNAL,"sell: $1,000 exceeds visible top-of-book ($700) on ticker-only symbol",2026-09-25T23:05:03.168637+00:00,ticker_only,2026-09-25T07:05:03.383026+00:00,ticker_only,,,,,
exnight-strategy-v3,rBZ-2026-09-28-1,rBZ,RBZUSDT,2026-09-28,2026-09-25T23:30:06+00:00,0.9656110633409246,0.18323952822276032,127,0.599132006895404,E0_RANGE,0.0,0.3,no pre-decision precedent,0.5100000000000000,5000,14.24,NO_SIGNAL,"sell: $5,000 exceeds visible top-of-book ($700) on ticker-only symbol",2026-09-25T23:05:03.168637+00:00,ticker_only,2026-09-25T07:05:03.383026+00:00,ticker_only,,,,,
exnight-strategy-v3,rBZ-2026-09-28-1,rBZ,RBZUSDT,2026-09-28,2026-09-25T23:30:06+00:00,0.9656110633409246,0.18323952822276032,127,0.599132006895404,E0_RANGE,0.0,0.3,no pre-decision precedent,0.5100000000000000,25000,14.24,NO_SIGNAL,"sell: $25,000 exceeds visible top-of-book ($700) on ticker-only symbol; buy: $25,000 exceeds visible top-of-book ($12,087) on ticker-only symbol",2026-09-25T23:05:03.168637+00:00,ticker_only,2026-09-25T07:05:03.383026+00:00,ticker_only,,,,,
exnight-strategy-v3,rBXP-2026-09-30-1,rBXP,RBXPUSDT,2026-09-30,2026-09-25T23:30:06+00:00,0.9656110633409246,0.18323952822276032,127,0.599132006895404,E0_RANGE,0.0,0.3,no pre-decision precedent,,1000,63.4,NO_SIGNAL,cash basis UNRESOLVED; gross basis required,,,,,,,,,
exnight-strategy-v3,rBXP-2026-09-30-1,rBXP,RBXPUSDT,2026-09-30,2026-09-25T23:30:06+00:00,0.9656110633409246,0.18323952822276032,127,0.599132006895404,E0_RANGE,0.0,0.3,no pre-decision precedent,,5000,63.4,NO_SIGNAL,cash basis UNRESOLVED; gross basis required,,,,,,,,,
exnight-strategy-v3,rBXP-2026-09-30-1,rBXP,RBXPUSDT,2026-09-30,2026-09-25T23:30:06+00:00,0.9656110633409246,0.18323952822276032,127,0.599132006895404,E0_RANGE,0.0,0.3,no pre-decision precedent,,25000,63.4,NO_SIGNAL,cash basis UNRESOLVED; gross basis required,,,,,,,,,
exnight-strategy-v3,rBXSL-2026-09-30-1,rBXSL,RBXSLUSDT,2026-09-30,2026-09-25T23:30:06+00:00,0.9656110633409246,0.18323952822276032,127,0.599132006895404,E0_RANGE,0.0,0.3,no pre-decision precedent,,1000,24.7,NO_SIGNAL,cash basis UNRESOLVED; gross basis required,,,,,,,,,
exnight-strategy-v3,rBXSL-2026-09-30-1,rBXSL,RBXSLUSDT,2026-09-30,2026-09-25T23:30:06+00:00,0.9656110633409246,0.18323952822276032,127,0.599132006895404,E0_RANGE,0.0,0.3,no pre-decision precedent,,5000,24.7,NO_SIGNAL,cash basis UNRESOLVED; gross basis required,,,,,,,,,
exnight-strategy-v3,rBXSL-2026-09-30-1,rBXSL,RBXSLUSDT,2026-09-30,2026-09-25T23:30:06+00:00,0.9656110633409246,0.18323952822276032,127,0.599132006895404,E0_RANGE,0.0,0.3,no pre-decision precedent,,25000,24.7,NO_SIGNAL,cash basis UNRESOLVED; gross basis required,,,,,,,,,
exnight-strategy-v3,rCAH-2026-10-01-1,rCAH,RCAHUSDT,2026-10-01,2026-09-25T23:30:06+00:00,0.9656110633409246,0.18323952822276032,127,0.599132006895404,E0_RANGE,0.0,0.3,no pre-decision precedent,,1000,220.22,NO_SIGNAL,cash basis UNRESOLVED; gross basis required,,,,,,,,,
exnight-strategy-v3,rCAH-2026-10-01-1,rCAH,RCAHUSDT,2026-10-01,2026-09-25T23:30:06+00:00,0.9656110633409246,0.18323952822276032,127,0.599132006895404,E0_RANGE,0.0,0.3,no pre-decision precedent,,5000,220.22,NO_SIGNAL,cash basis UNRESOLVED; gross basis required,,,,,,,,,
exnight-strategy-v3,rCAH-2026-10-01-1,rCAH,RCAHUSDT,2026-10-01,2026-09-25T23:30:06+00:00,0.9656110633409246,0.18323952822276032,127,0.599132006895404,E0_RANGE,0.0,0.3,no pre-decision precedent,,25000,220.22,NO_SIGNAL,cash basis UNRESOLVED; gross basis required,,,,,,,,,
exnight-strategy-v3,rCASY-2026-10-30-1,rCASY,RCASYUSDT,2026-10-30,2026-09-25T23:30:06+00:00,0.9656110633409246,0.18323952822276032,127,0.599132006895404,E0_RANGE,0.0,0.3,no pre-decision precedent,0.6500000000000000,1000,599.0,NO_SIGNAL,sell: no depth sample for this symbol/session; buy: no depth sample for this symbol/session,,,,,,,,,
exnight-strategy-v3,rCASY-2026-10-30-1,rCASY,RCASYUSDT,2026-10-30,2026-09-25T23:30:06+00:00,0.9656110633409246,0.18323952822276032,127,0.599132006895404,E0_RANGE,0.0,0.3,no pre-decision precedent,0.6500000000000000,5000,599.0,NO_SIGNAL,sell: no depth sample for this symbol/session; buy: no depth sample for this symbol/session,,,,,,,,,
exnight-strategy-v3,rCASY-2026-10-30-1,rCASY,RCASYUSDT,2026-10-30,2026-09-25T23:30:06+00:00,0.9656110633409246,0.18323952822276032,127,0.599132006895404,E0_RANGE,0.0,0.3,no pre-decision precedent,0.6500000000000000,25000,599.0,NO_SIGNAL,sell: no depth sample for this symbol/session; buy: no depth sample for this symbol/session,,,,,,,,,
exnight-strategy-v3,rCDP-2026-09-30-1,rCDP,RCDPUSDT,2026-09-30,2026-09-25T23:30:06+00:00,0.9656110633409246,0.18323952822276032,127,0.599132006895404,E0_RANGE,0.0,0.3,no pre-decision precedent,,1000,33.88,NO_SIGNAL,cash basis UNRESOLVED; gross basis required,,,,,,,,,
exnight-strategy-v3,rCDP-2026-09-30-1,rCDP,RCDPUSDT,2026-09-30,2026-09-25T23:30:06+00:00,0.9656110633409246,0.18323952822276032,127,0.599132006895404,E0_RANGE,0.0,0.3,no pre-decision precedent,,5000,33.88,NO_SIGNAL,cash basis UNRESOLVED; gross basis required,,,,,,,,,
exnight-strategy-v3,rCDP-2026-09-30-1,rCDP,RCDPUSDT,2026-09-30,2026-09-25T23:30:06+00:00,0.9656110633409246,0.18323952822276032,127,0.599132006895404,E0_RANGE,0.0,0.3,no pre-decision precedent,,25000,33.88,NO_SIGNAL,cash basis UNRESOLVED; gross basis required,,,,,,,,,
exnight-strategy-v3,rCIB-2026-09-30-1,rCIB,RCIBUSDT,2026-09-30,2026-09-25T23:30:06+00:00,0.9656110633409246,0.18323952822276032,127,0.599132006895404,E0_RANGE,0.0,0.3,no pre-decision precedent,,1000,95.15,NO_SIGNAL,cash basis UNRESOLVED; gross basis required,,,,,,,,,
exnight-strategy-v3,rCIB-2026-09-30-1,rCIB,RCIBUSDT,2026-09-30,2026-09-25T23:30:06+00:00,0.9656110633409246,0.18323952822276032,127,0.599132006895404,E0_RANGE,0.0,0.3,no pre-decision precedent,,5000,95.15,NO_SIGNAL,cash basis UNRESOLVED; gross basis required,,,,,,,,,
exnight-strategy-v3,rCIB-2026-09-30-1,rCIB,RCIBUSDT,2026-09-30,2026-09-25T23:30:06+00:00,0.9656110633409246,0.18323952822276032,127,0.599132006895404,E0_RANGE,0.0,0.3,no pre-decision precedent,,25000,95.15,NO_SIGNAL,cash basis UNRESOLVED; gross basis required,,,,,,,,,
exnight-strategy-v3,rCHH-2026-10-01-1,rCHH,RCHHUSDT,2026-10-01,2026-09-25T23:30:06+00:00,0.9656110633409246,0.18323952822276032,127,0.599132006895404,E0_RANGE,0.0,0.3,no pre-decision precedent,,1000,101.81,NO_SIGNAL,cash basis UNRESOLVED; gross basis required,,,,,,,,,
exnight-strategy-v3,rCHH-2026-10-01-1,rCHH,RCHHUSDT,2026-10-01,2026-09-25T23:30:06+00:00,0.9656110633409246,0.18323952822276032,127,0.599132006895404,E0_RANGE,0.0,0.3,no pre-decision precedent,,5000,101.81,NO_SIGNAL,cash basis UNRESOLVED; gross basis required,,,,,,,,,
exnight-strategy-v3,rCHH-2026-10-01-1,rCHH,RCHHUSDT,2026-10-01,2026-09-25T23:30:06+00:00,0.9656110633409246,0.18323952822276032,127,0.599132006895404,E0_RANGE,0.0,0.3,no pre-decision precedent,,25000,101.81,NO_SIGNAL,cash basis UNRESOLVED; gross basis required,,,,,,,,,
exnight-strategy-v3,rCIG-2026-09-28-1,rCIG,RCIGUSDT,2026-09-28,2026-09-25T23:30:06+00:00,0.9656110633409246,0.18323952822276032,127,0.599132006895404,E0_RANGE,0.0,0.3,no pre-decision precedent,,1000,2.06,NO_SIGNAL,cash basis UNRESOLVED; gross basis required,,,,,,,,,
exnight-strategy-v3,rCIG-2026-09-28-1,rCIG,RCIGUSDT,2026-09-28,2026-09-25T23:30:06+00:00,0.9656110633409246,0.18323952822276032,127,0.599132006895404,E0_RANGE,0.0,0.3,no pre-decision precedent,,5000,2.06,NO_SIGNAL,cash basis UNRESOLVED; gross basis required,,,,,,,,,
exnight-strategy-v3,rCIG-2026-09-28-1,rCIG,RCIGUSDT,2026-09-28,2026-09-25T23:30:06+00:00,0.9656110633409246,0.18323952822276032,127,0.599132006895404,E0_RANGE,0.0,0.3,no pre-decision precedent,,25000,2.06,NO_SIGNAL,cash basis UNRESOLVED; gross basis required,,,,,,,,,
exnight-strategy-v3,rCMCSA-2026-10-07-1,rCMCSA,RCMCSAUSDT,2026-10-07,2026-09-25T23:30:06+00:00,0.9656110633409246,0.18323952822276032,127,0.599132006895404,E1_DOCUMENTED_PRECEDENT,0.3,0.3,"dividends_2026_07_24: rCMCSA ex 2026-07-01 0.33 at 30%, available 2026-09-16T11:09:53+00:00 (primary)",0.3300000000000000,1000,21.97,HOLD,,2026-09-25T23:05:03.168637+00:00,ticker_only,2026-09-25T07:05:03.383026+00:00,ticker_only,0.0833555122117255,-0.11664194993624215,-0.11664194993624215,150.2048247610378,
exnight-strategy-v3,rCMCSA-2026-10-07-1,rCMCSA,RCMCSAUSDT,2026-10-07,2026-09-25T23:30:06+00:00,0.9656110633409246,0.18323952822276032,127,0.599132006895404,E1_DOCUMENTED_PRECEDENT,0.3,0.3,"dividends_2026_07_24: rCMCSA ex 2026-07-01 0.33 at 30%, available 2026-09-16T11:09:53+00:00 (primary)",0.3300000000000000,5000,21.97,HOLD,,2026-09-25T23:05:03.168637+00:00,ticker_only,2026-09-25T07:05:03.383026+00:00,ticker_only,0.0833555122117255,-0.11664194993624215,-0.11664194993624215,150.2048247610378,
exnight-strategy-v3,rCMCSA-2026-10-07-1,rCMCSA,RCMCSAUSDT,2026-10-07,2026-09-25T23:30:06+00:00,0.9656110633409246,0.18323952822276032,127,0.599132006895404,E1_DOCUMENTED_PRECEDENT,0.3,0.3,"dividends_2026_07_24: rCMCSA ex 2026-07-01 0.33 at 30%, available 2026-09-16T11:09:53+00:00 (primary)",0.3300000000000000,25000,21.97,NO_SIGNAL,"sell: $25,000 exceeds visible top-of-book ($13,182) on ticker-only symbol; buy: $25,000 exceeds visible top-of-book ($10,446) on ticker-only symbol",2026-09-25T23:05:03.168637+00:00,ticker_only,2026-09-25T07:05:03.383026+00:00,ticker_only,,,,,
exnight-strategy-v3,rCL-2026-10-20-1,rCL,RCLUSDT,2026-10-20,2026-09-25T23:30:06+00:00,0.9656110633409246,0.18323952822276032,127,0.599132006895404,E0_RANGE,0.0,0.3,no pre-decision precedent,,1000,85.55,NO_SIGNAL,cash basis UNRESOLVED; gross basis required,,,,,,,,,
exnight-strategy-v3,rCL-2026-10-20-1,rCL,RCLUSDT,2026-10-20,2026-09-25T23:30:06+00:00,0.9656110633409246,0.18323952822276032,127,0.599132006895404,E0_RANGE,0.0,0.3,no pre-decision precedent,,5000,85.55,NO_SIGNAL,cash basis UNRESOLVED; gross basis required,,,,,,,,,
exnight-strategy-v3,rCL-2026-10-20-1,rCL,RCLUSDT,2026-10-20,2026-09-25T23:30:06+00:00,0.9656110633409246,0.18323952822276032,127,0.599132006895404,E0_RANGE,0.0,0.3,no pre-decision precedent,,25000,85.55,NO_SIGNAL,cash basis UNRESOLVED; gross basis required,,,,,,,,,
exnight-strategy-v3,rCOLD-2026-09-30-1,rCOLD,RCOLDUSDT,2026-09-30,2026-09-25T23:30:06+00:00,0.9656110633409246,0.18323952822276032,127,0.599132006895404,E0_RANGE,0.0,0.3,no pre-decision precedent,,1000,14.74,NO_SIGNAL,cash basis UNRESOLVED; gross basis required,,,,,,,,,
exnight-strategy-v3,rCOLD-2026-09-30-1,rCOLD,RCOLDUSDT,2026-09-30,2026-09-25T23:30:06+00:00,0.9656110633409246,0.18323952822276032,127,0.599132006895404,E0_RANGE,0.0,0.3,no pre-decision precedent,,5000,14.74,NO_SIGNAL,cash basis UNRESOLVED; gross basis required,,,,,,,,,
exnight-strategy-v3,rCOLD-2026-09-30-1,rCOLD,RCOLDUSDT,2026-09-30,2026-09-25T23:30:06+00:00,0.9656110633409246,0.18323952822276032,127,0.599132006895404,E0_RANGE,0.0,0.3,no pre-decision precedent,,25000,14.74,NO_SIGNAL,cash basis UNRESOLVED; gross basis required,,,,,,,,,
exnight-strategy-v3,rCPT-2026-09-30-1,rCPT,RCPTUSDT,2026-09-30,2026-09-25T23:30:06+00:00,0.9656110633409246,0.18323952822276032,127,0.599132006895404,E0_RANGE,0.0,0.3,no pre-decision precedent,,1000,98.12,NO_SIGNAL,cash basis UNRESOLVED; gross basis required,,,,,,,,,
exnight-strategy-v3,rCPT-2026-09-30-1,rCPT,RCPTUSDT,2026-09-30,2026-09-25T23:30:06+00:00,0.9656110633409246,0.18323952822276032,127,0.599132006895404,E0_RANGE,0.0,0.3,no pre-decision precedent,,5000,98.12,NO_SIGNAL,cash basis UNRESOLVED; gross basis required,,,,,,,,,
exnight-strategy-v3,rCPT-2026-09-30-1,rCPT,RCPTUSDT,2026-09-30,2026-09-25T23:30:06+00:00,0.9656110633409246,0.18323952822276032,127,0.599132006895404,E0_RANGE,0.0,0.3,no pre-decision precedent,,25000,98.12,NO_SIGNAL,cash basis UNRESOLVED; gross basis required,,,,,,,,,
exnight-strategy-v3,rCPB-2026-10-01-1,rCPB,RCPBUSDT,2026-10-01,2026-09-25T23:30:06+00:00,0.9656110633409246,0.18323952822276032,127,0.599132006895404,E0_RANGE,0.0,0.3,no pre-decision precedent,0.2500000000000000,1000,19.41,NO_SIGNAL,"sell: $1,000 exceeds visible top-of-book ($39) on ticker-only symbol",2026-09-25T23:05:03.168637+00:00,ticker_only,2026-09-25T07:05:03.383026+00:00,ticker_only,,,,,
exnight-strategy-v3,rCPB-2026-10-01-1,rCPB,RCPBUSDT,2026-10-01,2026-09-25T23:30:06+00:00,0.9656110633409246,0.18323952822276032,127,0.599132006895404,E0_RANGE,0.0,0.3,no pre-decision precedent,0.2500000000000000,5000,19.41,NO_SIGNAL,"sell: $5,000 exceeds visible top-of-book ($39) on ticker-only symbol; buy: $5,000 exceeds visible top-of-book ($1,997) on ticker-only symbol",2026-09-25T23:05:03.168637+00:00,ticker_only,2026-09-25T07:05:03.383026+00:00,ticker_only,,,,,
exnight-strategy-v3,rCPB-2026-10-01-1,rCPB,RCPBUSDT,2026-10-01,2026-09-25T23:30:06+00:00,0.9656110633409246,0.18323952822276032,127,0.599132006895404,E0_RANGE,0.0,0.3,no pre-decision precedent,0.2500000000000000,25000,19.41,NO_SIGNAL,"sell: $25,000 exceeds visible top-of-book ($39) on ticker-only symbol; buy: $25,000 exceeds visible top-of-book ($1,997) on ticker-only symbol",2026-09-25T23:05:03.168637+00:00,ticker_only,2026-09-25T07:05:03.383026+00:00,ticker_only,,,,,
exnight-strategy-v3,rCSCO-2026-10-02-1,rCSCO,RCSCOUSDT,2026-10-02,2026-09-25T23:30:06+00:00,0.9656110633409246,0.18323952822276032,127,0.599132006895404,E1_DOCUMENTED_PRECEDENT,0.3,0.3,"dividends_2026_07_24: rCSCO ex 2026-07-06 0.42 at 30%, available 2026-09-16T11:09:53+00:00 (primary)",0.4200000000000000,1000,106.93,HOLD,,2026-09-25T23:05:03.168637+00:00,public_book,2026-09-25T07:05:03.383026+00:00,public_book,0.408229885302905,-0.45059444240683527,-0.45059444240683527,39.27803235761713,
exnight-strategy-v3,rCSCO-2026-10-02-1,rCSCO,RCSCOUSDT,2026-10-02,2026-09-25T23:30:06+00:00,0.9656110633409246,0.18323952822276032,127,0.599132006895404,E1_DOCUMENTED_PRECEDENT,0.3,0.3,"dividends_2026_07_24: rCSCO ex 2026-07-06 0.42 at 30%, available 2026-09-16T11:09:53+00:00 (primary)",0.4200000000000000,5000,106.93,HOLD,,2026-09-25T23:05:03.168637+00:00,public_book,2026-09-25T07:05:03.383026+00:00,public_book,0.6714374061459188,-0.7138019632498491,-0.7138019632498491,39.27803235761713,
exnight-strategy-v3,rCSCO-2026-10-02-1,rCSCO,RCSCOUSDT,2026-10-02,2026-09-25T23:30:06+00:00,0.9656110633409246,0.18323952822276032,127,0.599132006895404,E1_DOCUMENTED_PRECEDENT,0.3,0.3,"dividends_2026_07_24: rCSCO ex 2026-07-06 0.42 at 30%, available 2026-09-16T11:09:53+00:00 (primary)",0.4200000000000000,25000,106.93,HOLD,,2026-09-25T23:05:03.168637+00:00,public_book,2026-09-25T07:05:03.383026+00:00,public_book,1.1070465744260347,-1.1494111315299649,-1.1494111315299649,39.27803235761713,
exnight-strategy-v3,rCURB-2026-09-29-1,rCURB,RCURBUSDT,2026-09-29,2026-09-25T23:30:06+00:00,0.9656110633409246,0.18323952822276032,127,0.599132006895404,E0_RANGE,0.0,0.3,no pre-decision precedent,,1000,28.46,NO_SIGNAL,cash basis UNRESOLVED; gross basis required,,,,,,,,,
exnight-strategy-v3,rCURB-2026-09-29-1,rCURB,RCURBUSDT,2026-09-29,2026-09-25T23:30:06+00:00,0.9656110633409246,0.18323952822276032,127,0.599132006895404,E0_RANGE,0.0,0.3,no pre-decision precedent,,5000,28.46,NO_SIGNAL,cash basis UNRESOLVED; gross basis required,,,,,,,,,
exnight-strategy-v3,rCURB-2026-09-29-1,rCURB,RCURBUSDT,2026-09-29,2026-09-25T23:30:06+00:00,0.9656110633409246,0.18323952822276032,127,0.599132006895404,E0_RANGE,0.0,0.3,no pre-decision precedent,,25000,28.46,NO_SIGNAL,cash basis UNRESOLVED; gross basis required,,,,,,,,,
exnight-strategy-v3,rCTRE-2026-09-30-1,rCTRE,RCTREUSDT,2026-09-30,2026-09-25T23:30:06+00:00,0.9656110633409246,0.18323952822276032,127,0.599132006895404,E0_RANGE,0.0,0.3,no pre-decision precedent,,1000,37.41,NO_SIGNAL,cash basis UNRESOLVED; gross basis required,,,,,,,,,
exnight-strategy-v3,rCTRE-2026-09-30-1,rCTRE,RCTREUSDT,2026-09-30,2026-09-25T23:30:06+00:00,0.9656110633409246,0.18323952822276032,127,0.599132006895404,E0_RANGE,0.0,0.3,no pre-decision precedent,,5000,37.41,NO_SIGNAL,cash basis UNRESOLVED; gross basis required,,,,,,,,,
exnight-strategy-v3,rCTRE-2026-09-30-1,rCTRE,RCTREUSDT,2026-09-30,2026-09-25T23:30:06+00:00,0.9656110633409246,0.18323952822276032,127,0.599132006895404,E0_RANGE,0.0,0.3,no pre-decision precedent,,25000,37.41,NO_SIGNAL,cash basis UNRESOLVED; gross basis required,,,,,,,,,
exnight-strategy-v3,rCVBF-2026-09-30-1,rCVBF,RCVBFUSDT,2026-09-30,2026-09-25T23:30:06+00:00,0.9656110633409246,0.18323952822276032,127,0.599132006895404,E0_RANGE,0.0,0.3,no pre-decision precedent,0.2000000000000000,1000,22.53,NO_SIGNAL,"buy: $1,000 exceeds visible top-of-book ($45) on ticker-only symbol",2026-09-25T23:05:03.168637+00:00,ticker_only,2026-09-25T07:05:03.383026+00:00,ticker_only,,,,,
exnight-strategy-v3,rCVBF-2026-09-30-1,rCVBF,RCVBFUSDT,2026-09-30,2026-09-25T23:30:06+00:00,0.9656110633409246,0.18323952822276032,127,0.599132006895404,E0_RANGE,0.0,0.3,no pre-decision precedent,0.2000000000000000,5000,22.53,NO_SIGNAL,"sell: $5,000 exceeds visible top-of-book ($1,988) on ticker-only symbol; buy: $5,000 exceeds visible top-of-book ($45) on ticker-only symbol",2026-09-25T23:05:03.168637+00:00,ticker_only,2026-09-25T07:05:03.383026+00:00,ticker_only,,,,,
exnight-strategy-v3,rCVBF-2026-09-30-1,rCVBF,RCVBFUSDT,2026-09-30,2026-09-25T23:30:06+00:00,0.9656110633409246,0.18323952822276032,127,0.599132006895404,E0_RANGE,0.0,0.3,no pre-decision precedent,0.2000000000000000,25000,22.53,NO_SIGNAL,"sell: $25,000 exceeds visible top-of-book ($1,988) on ticker-only symbol; buy: $25,000 exceeds visible top-of-book ($45) on ticker-only symbol",2026-09-25T23:05:03.168637+00:00,ticker_only,2026-09-25T07:05:03.383026+00:00,ticker_only,,,,,
exnight-strategy-v3,rCUBE-2026-10-01-1,rCUBE,RCUBEUSDT,2026-10-01,2026-09-25T23:30:06+00:00,0.9656110633409246,0.18323952822276032,127,0.599132006895404,E0_RANGE,0.0,0.3,no pre-decision precedent,,1000,37.82,NO_SIGNAL,cash basis UNRESOLVED; gross basis required,,,,,,,,,
exnight-strategy-v3,rCUBE-2026-10-01-1,rCUBE,RCUBEUSDT,2026-10-01,2026-09-25T23:30:06+00:00,0.9656110633409246,0.18323952822276032,127,0.599132006895404,E0_RANGE,0.0,0.3,no pre-decision precedent,,5000,37.82,NO_SIGNAL,cash basis UNRESOLVED; gross basis required,,,,,,,,,
exnight-strategy-v3,rCUBE-2026-10-01-1,rCUBE,RCUBEUSDT,2026-10-01,2026-09-25T23:30:06+00:00,0.9656110633409246,0.18323952822276032,127,0.599132006895404,E0_RANGE,0.0,0.3,no pre-decision precedent,,25000,37.82,NO_SIGNAL,cash basis UNRESOLVED; gross basis required,,,,,,,,,
exnight-strategy-v3,rCUZ-2026-10-05-1,rCUZ,RCUZUSDT,2026-10-05,2026-09-25T23:30:06+00:00,0.9656110633409246,0.18323952822276032,127,0.599132006895404,E0_RANGE,0.0,0.3,no pre-decision precedent,,1000,28.65,NO_SIGNAL,cash basis UNRESOLVED; gross basis required,,,,,,,,,
exnight-strategy-v3,rCUZ-2026-10-05-1,rCUZ,RCUZUSDT,2026-10-05,2026-09-25T23:30:06+00:00,0.9656110633409246,0.18323952822276032,127,0.599132006895404,E0_RANGE,0.0,0.3,no pre-decision precedent,,5000,28.65,NO_SIGNAL,cash basis UNRESOLVED; gross basis required,,,,,,,,,
exnight-strategy-v3,rCUZ-2026-10-05-1,rCUZ,RCUZUSDT,2026-10-05,2026-09-25T23:30:06+00:00,0.9656110633409246,0.18323952822276032,127,0.599132006895404,E0_RANGE,0.0,0.3,no pre-decision precedent,,25000,28.65,NO_SIGNAL,cash basis UNRESOLVED; gross basis required,,,,,,,,,
exnight-strategy-v3,rDBRG-2026-09-30-1,rDBRG,RDBRGUSDT,2026-09-30,2026-09-25T23:30:06+00:00,0.9656110633409246,0.18323952822276032,127,0.599132006895404,E0_RANGE,0.0,0.3,no pre-decision precedent,,1000,15.98,NO_SIGNAL,cash basis UNRESOLVED; gross basis required,,,,,,,,,
exnight-strategy-v3,rDBRG-2026-09-30-1,rDBRG,RDBRGUSDT,2026-09-30,2026-09-25T23:30:06+00:00,0.9656110633409246,0.18323952822276032,127,0.599132006895404,E0_RANGE,0.0,0.3,no pre-decision precedent,,5000,15.98,NO_SIGNAL,cash basis UNRESOLVED; gross basis required,,,,,,,,,
exnight-strategy-v3,rDBRG-2026-09-30-1,rDBRG,RDBRGUSDT,2026-09-30,2026-09-25T23:30:06+00:00,0.9656110633409246,0.18323952822276032,127,0.599132006895404,E0_RANGE,0.0,0.3,no pre-decision precedent,,25000,15.98,NO_SIGNAL,cash basis UNRESOLVED; gross basis required,,,,,,,,,
exnight-strategy-v3,rDDS-2026-09-30-1,rDDS,RDDSUSDT,2026-09-30,2026-09-25T23:30:06+00:00,0.9656110633409246,0.18323952822276032,127,0.599132006895404,E0_RANGE,0.0,0.3,no pre-decision precedent,,1000,662.81,NO_SIGNAL,cash basis UNRESOLVED; gross basis required,,,,,,,,,
exnight-strategy-v3,rDDS-2026-09-30-1,rDDS,RDDSUSDT,2026-09-30,2026-09-25T23:30:06+00:00,0.9656110633409246,0.18323952822276032,127,0.599132006895404,E0_RANGE,0.0,0.3,no pre-decision precedent,,5000,662.81,NO_SIGNAL,cash basis UNRESOLVED; gross basis required,,,,,,,,,
exnight-strategy-v3,rDDS-2026-09-30-1,rDDS,RDDSUSDT,2026-09-30,2026-09-25T23:30:06+00:00,0.9656110633409246,0.18323952822276032,127,0.599132006895404,E0_RANGE,0.0,0.3,no pre-decision precedent,,25000,662.81,NO_SIGNAL,cash basis UNRESOLVED; gross basis required,,,,,,,,,
exnight-strategy-v3,rDE-2026-09-30-1,rDE,RDEUSDT,2026-09-30,2026-09-25T23:30:06+00:00,0.9656110633409246,0.18323952822276032,127,0.599132006895404,E0_RANGE,0.0,0.3,no pre-decision precedent,,1000,690.4,NO_SIGNAL,cash basis UNRESOLVED; gross basis required,,,,,,,,,
exnight-strategy-v3,rDE-2026-09-30-1,rDE,RDEUSDT,2026-09-30,2026-09-25T23:30:06+00:00,0.9656110633409246,0.18323952822276032,127,0.599132006895404,E0_RANGE,0.0,0.3,no pre-decision precedent,,5000,690.4,NO_SIGNAL,cash basis UNRESOLVED; gross basis required,,,,,,,,,
exnight-strategy-v3,rDE-2026-09-30-1,rDE,RDEUSDT,2026-09-30,2026-09-25T23:30:06+00:00,0.9656110633409246,0.18323952822276032,127,0.599132006895404,E0_RANGE,0.0,0.3,no pre-decision precedent,,25000,690.4,NO_SIGNAL,cash basis UNRESOLVED; gross basis required,,,,,,,,,
exnight-strategy-v3,rDHR-2026-09-30-1,rDHR,RDHRUSDT,2026-09-30,2026-09-25T23:30:06+00:00,0.9656110633409246,0.18323952822276032,127,0.599132006895404,E0_RANGE,0.0,0.3,no pre-decision precedent,,1000,225.0,NO_SIGNAL,cash basis UNRESOLVED; gross basis required,,,,,,,,,
exnight-strategy-v3,rDHR-2026-09-30-1,rDHR,RDHRUSDT,2026-09-30,2026-09-25T23:30:06+00:00,0.9656110633409246,0.18323952822276032,127,0.599132006895404,E0_RANGE,0.0,0.3,no pre-decision precedent,,5000,225.0,NO_SIGNAL,cash basis UNRESOLVED; gross basis required,,,,,,,,,
exnight-strategy-v3,rDHR-2026-09-30-1,rDHR,RDHRUSDT,2026-09-30,2026-09-25T23:30:06+00:00,0.9656110633409246,0.18323952822276032,127,0.599132006895404,E0_RANGE,0.0,0.3,no pre-decision precedent,,25000,225.0,NO_SIGNAL,cash basis UNRESOLVED; gross basis required,,,,,,,,,
exnight-strategy-v3,rDG-2026-10-06-1,rDG,RDGUSDT,2026-10-06,2026-09-25T23:30:06+00:00,0.9656110633409246,0.18323952822276032,127,0.599132006895404,E0_RANGE,0.0,0.3,no pre-decision precedent,,1000,125.69,NO_SIGNAL,cash basis UNRESOLVED; gross basis required,,,,,,,,,
exnight-strategy-v3,rDG-2026-10-06-1,rDG,RDGUSDT,2026-10-06,2026-09-25T23:30:06+00:00,0.9656110633409246,0.18323952822276032,127,0.599132006895404,E0_RANGE,0.0,0.3,no pre-decision precedent,,5000,125.69,NO_SIGNAL,cash basis UNRESOLVED; gross basis required,,,,,,,,,
exnight-strategy-v3,rDG-2026-10-06-1,rDG,RDGUSDT,2026-10-06,2026-09-25T23:30:06+00:00,0.9656110633409246,0.18323952822276032,127,0.599132006895404,E0_RANGE,0.0,0.3,no pre-decision precedent,,25000,125.69,NO_SIGNAL,cash basis UNRESOLVED; gross basis required,,,,,,,,,
exnight-strategy-v3,rDGX-2026-10-06-1,rDGX,RDGXUSDT,2026-10-06,2026-09-25T23:30:06+00:00,0.9656110633409246,0.18323952822276032,127,0.599132006895404,E0_RANGE,0.0,0.3,no pre-decision precedent,,1000,236.32,NO_SIGNAL,cash basis UNRESOLVED; gross basis required,,,,,,,,,
exnight-strategy-v3,rDGX-2026-10-06-1,rDGX,RDGXUSDT,2026-10-06,2026-09-25T23:30:06+00:00,0.9656110633409246,0.18323952822276032,127,0.599132006895404,E0_RANGE,0.0,0.3,no pre-decision precedent,,5000,236.32,NO_SIGNAL,cash basis UNRESOLVED; gross basis required,,,,,,,,,
exnight-strategy-v3,rDGX-2026-10-06-1,rDGX,RDGXUSDT,2026-10-06,2026-09-25T23:30:06+00:00,0.9656110633409246,0.18323952822276032,127,0.599132006895404,E0_RANGE,0.0,0.3,no pre-decision precedent,,25000,236.32,NO_SIGNAL,cash basis UNRESOLVED; gross basis required,,,,,,,,,
exnight-strategy-v3,rDEO-2026-10-16-1,rDEO,RDEOUSDT,2026-10-16,2026-09-25T23:30:06+00:00,0.9656110633409246,0.18323952822276032,127,0.599132006895404,E0_RANGE,0.0,0.3,no pre-decision precedent,,1000,87.52,NO_SIGNAL,cash basis UNRESOLVED; gross basis required,,,,,,,,,
exnight-strategy-v3,rDEO-2026-10-16-1,rDEO,RDEOUSDT,2026-10-16,2026-09-25T23:30:06+00:00,0.9656110633409246,0.18323952822276032,127,0.599132006895404,E0_RANGE,0.0,0.3,no pre-decision precedent,,5000,87.52,NO_SIGNAL,cash basis UNRESOLVED; gross basis required,,,,,,,,,
exnight-strategy-v3,rDEO-2026-10-16-1,rDEO,RDEOUSDT,2026-10-16,2026-09-25T23:30:06+00:00,0.9656110633409246,0.18323952822276032,127,0.599132006895404,E0_RANGE,0.0,0.3,no pre-decision precedent,,25000,87.52,NO_SIGNAL,cash basis UNRESOLVED; gross basis required,,,,,,,,,
exnight-strategy-v3,rDELL-2026-10-20-1,rDELL,RDELLUSDT,2026-10-20,2026-09-25T23:30:06+00:00,0.9656110633409246,0.18323952822276032,127,0.599132006895404,E0_RANGE,0.0,0.3,no pre-decision precedent,,1000,564.21,NO_SIGNAL,cash basis UNRESOLVED; gross basis required,,,,,,,,,
exnight-strategy-v3,rDELL-2026-10-20-1,rDELL,RDELLUSDT,2026-10-20,2026-09-25T23:30:06+00:00,0.9656110633409246,0.18323952822276032,127,0.599132006895404,E0_RANGE,0.0,0.3,no pre-decision precedent,,5000,564.21,NO_SIGNAL,cash basis UNRESOLVED; gross basis required,,,,,,,,,
exnight-strategy-v3,rDELL-2026-10-20-1,rDELL,RDELLUSDT,2026-10-20,2026-09-25T23:30:06+00:00,0.9656110633409246,0.18323952822276032,127,0.599132006895404,E0_RANGE,0.0,0.3,no pre-decision precedent,,25000,564.21,NO_SIGNAL,cash basis UNRESOLVED; gross basis required,,,,,,,,,
exnight-strategy-v3,rDOO-2026-09-29-1,rDOO,RDOOUSDT,2026-09-29,2026-09-25T23:30:06+00:00,0.9656110633409246,0.18323952822276032,127,0.599132006895404,E0_RANGE,0.0,0.3,no pre-decision precedent,,1000,57.17,NO_SIGNAL,cash basis UNRESOLVED; gross basis required,,,,,,,,,
exnight-strategy-v3,rDOO-2026-09-29-1,rDOO,RDOOUSDT,2026-09-29,2026-09-25T23:30:06+00:00,0.9656110633409246,0.18323952822276032,127,0.599132006895404,E0_RANGE,0.0,0.3,no pre-decision precedent,,5000,57.17,NO_SIGNAL,cash basis UNRESOLVED; gross basis required,,,,,,,,,
exnight-strategy-v3,rDOO-2026-09-29-1,rDOO,RDOOUSDT,2026-09-29,2026-09-25T23:30:06+00:00,0.9656110633409246,0.18323952822276032,127,0.599132006895404,E0_RANGE,0.0,0.3,no pre-decision precedent,,25000,57.17,NO_SIGNAL,cash basis UNRESOLVED; gross basis required,,,,,,,,,
exnight-strategy-v3,rDOX-2026-09-30-1,rDOX,RDOXUSDT,2026-09-30,2026-09-25T23:30:06+00:00,0.9656110633409246,0.18323952822276032,127,0.599132006895404,E0_RANGE,0.0,0.3,no pre-decision precedent,0.5690000000000000,1000,57.71,NO_SIGNAL,"sell: $1,000 exceeds visible top-of-book ($55) on ticker-only symbol",2026-09-25T23:05:03.168637+00:00,ticker_only,2026-09-25T07:05:03.383026+00:00,ticker_only,,,,,
exnight-strategy-v3,rDOX-2026-09-30-1,rDOX,RDOXUSDT,2026-09-30,2026-09-25T23:30:06+00:00,0.9656110633409246,0.18323952822276032,127,0.599132006895404,E0_RANGE,0.0,0.3,no pre-decision precedent,0.5690000000000000,5000,57.71,NO_SIGNAL,"sell: $5,000 exceeds visible top-of-book ($55) on ticker-only symbol; buy: $5,000 exceeds visible top-of-book ($1,976) on ticker-only symbol",2026-09-25T23:05:03.168637+00:00,ticker_only,2026-09-25T07:05:03.383026+00:00,ticker_only,,,,,
exnight-strategy-v3,rDOX-2026-09-30-1,rDOX,RDOXUSDT,2026-09-30,2026-09-25T23:30:06+00:00,0.9656110633409246,0.18323952822276032,127,0.599132006895404,E0_RANGE,0.0,0.3,no pre-decision precedent,0.5690000000000000,25000,57.71,NO_SIGNAL,"sell: $25,000 exceeds visible top-of-book ($55) on ticker-only symbol; buy: $25,000 exceeds visible top-of-book ($1,976) on ticker-only symbol",2026-09-25T23:05:03.168637+00:00,ticker_only,2026-09-25T07:05:03.383026+00:00,ticker_only,,,,,
exnight-strategy-v3,rEGP-2026-09-30-1,rEGP,REGPUSDT,2026-09-30,2026-09-25T23:30:06+00:00,0.9656110633409246,0.18323952822276032,127,0.599132006895404,E0_RANGE,0.0,0.3,no pre-decision precedent,,1000,201.52,NO_SIGNAL,cash basis UNRESOLVED; gross basis required,,,,,,,,,
exnight-strategy-v3,rEGP-2026-09-30-1,rEGP,REGPUSDT,2026-09-30,2026-09-25T23:30:06+00:00,0.9656110633409246,0.18323952822276032,127,0.599132006895404,E0_RANGE,0.0,0.3,no pre-decision precedent,,5000,201.52,NO_SIGNAL,cash basis UNRESOLVED; gross basis required,,,,,,,,,
exnight-strategy-v3,rEGP-2026-09-30-1,rEGP,REGPUSDT,2026-09-30,2026-09-25T23:30:06+00:00,0.9656110633409246,0.18323952822276032,127,0.599132006895404,E0_RANGE,0.0,0.3,no pre-decision precedent,,25000,201.52,NO_SIGNAL,cash basis UNRESOLVED; gross basis required,,,,,,,,,
exnight-strategy-v3,rEHC-2026-10-01-1,rEHC,REHCUSDT,2026-10-01,2026-09-25T23:30:06+00:00,0.9656110633409246,0.18323952822276032,127,0.599132006895404,E0_RANGE,0.0,0.3,no pre-decision precedent,,1000,123.47,NO_SIGNAL,cash basis UNRESOLVED; gross basis required,,,,,,,,,
exnight-strategy-v3,rEHC-2026-10-01-1,rEHC,REHCUSDT,2026-10-01,2026-09-25T23:30:06+00:00,0.9656110633409246,0.18323952822276032,127,0.599132006895404,E0_RANGE,0.0,0.3,no pre-decision precedent,,5000,123.47,NO_SIGNAL,cash basis UNRESOLVED; gross basis required,,,,,,,,,
exnight-strategy-v3,rEHC-2026-10-01-1,rEHC,REHCUSDT,2026-10-01,2026-09-25T23:30:06+00:00,0.9656110633409246,0.18323952822276032,127,0.599132006895404,E0_RANGE,0.0,0.3,no pre-decision precedent,,25000,123.47,NO_SIGNAL,cash basis UNRESOLVED; gross basis required,,,,,,,,,
exnight-strategy-v3,rENSG-2026-09-30-1,rENSG,RENSGUSDT,2026-09-30,2026-09-25T23:30:06+00:00,0.9656110633409246,0.18323952822276032,127,0.599132006895404,E0_RANGE,0.0,0.3,no pre-decision precedent,0.0650000000000000,1000,175.73,NO_SIGNAL,sell: no depth sample for this symbol/session; buy: no depth sample for this symbol/session,,,,,,,,,
exnight-strategy-v3,rENSG-2026-09-30-1,rENSG,RENSGUSDT,2026-09-30,2026-09-25T23:30:06+00:00,0.9656110633409246,0.18323952822276032,127,0.599132006895404,E0_RANGE,0.0,0.3,no pre-decision precedent,0.0650000000000000,5000,175.73,NO_SIGNAL,sell: no depth sample for this symbol/session; buy: no depth sample for this symbol/session,,,,,,,,,
exnight-strategy-v3,rENSG-2026-09-30-1,rENSG,RENSGUSDT,2026-09-30,2026-09-25T23:30:06+00:00,0.9656110633409246,0.18323952822276032,127,0.599132006895404,E0_RANGE,0.0,0.3,no pre-decision precedent,0.0650000000000000,25000,175.73,NO_SIGNAL,sell: no depth sample for this symbol/session; buy: no depth sample for this symbol/session,,,,,,,,,
exnight-strategy-v3,rERIC-2026-09-29-1,rERIC,RERICUSDT,2026-09-29,2026-09-25T23:30:06+00:00,0.9656110633409246,0.18323952822276032,127,0.599132006895404,E0_RANGE,0.0,0.3,no pre-decision precedent,0.1579200000000000,1000,9.57,HOLD,,2026-09-25T23:05:03.168637+00:00,ticker_only,2026-09-25T07:05:03.383026+00:00,ticker_only,0.33855660554192346,-0.4018616790130013,-0.35448567901300126,165.0156739811912,
exnight-strategy-v3,rERIC-2026-09-29-1,rERIC,RERICUSDT,2026-09-29,2026-09-25T23:30:06+00:00,0.9656110633409246,0.18323952822276032,127,0.599132006895404,E0_RANGE,0.0,0.3,no pre-decision precedent,0.1579200000000000,5000,9.57,NO_SIGNAL,"sell: $5,000 exceeds visible top-of-book ($1,331) on ticker-only symbol",2026-09-25T23:05:03.168637+00:00,ticker_only,2026-09-25T07:05:03.383026+00:00,ticker_only,,,,,
exnight-strategy-v3,rERIC-2026-09-29-1,rERIC,RERICUSDT,2026-09-29,2026-09-25T23:30:06+00:00,0.9656110633409246,0.18323952822276032,127,0.599132006895404,E0_RANGE,0.0,0.3,no pre-decision precedent,0.1579200000000000,25000,9.57,NO_SIGNAL,"sell: $25,000 exceeds visible top-of-book ($1,331) on ticker-only symbol",2026-09-25T23:05:03.168637+00:00,ticker_only,2026-09-25T07:05:03.383026+00:00,ticker_only,,,,,
exnight-strategy-v3,rEPR-2026-09-30-1,rEPR,REPRUSDT,2026-09-30,2026-09-25T23:30:06+00:00,0.9656110633409246,0.18323952822276032,127,0.599132006895404,E0_RANGE,0.0,0.3,no pre-decision precedent,,1000,57.22,NO_SIGNAL,cash basis UNRESOLVED; gross basis required,,,,,,,,,
exnight-strategy-v3,rEPR-2026-09-30-1,rEPR,REPRUSDT,2026-09-30,2026-09-25T23:30:06+00:00,0.9656110633409246,0.18323952822276032,127,0.599132006895404,E0_RANGE,0.0,0.3,no pre-decision precedent,,5000,57.22,NO_SIGNAL,cash basis UNRESOLVED; gross basis required,,,,,,,,,
exnight-strategy-v3,rEPR-2026-09-30-1,rEPR,REPRUSDT,2026-09-30,2026-09-25T23:30:06+00:00,0.9656110633409246,0.18323952822276032,127,0.599132006895404,E0_RANGE,0.0,0.3,no pre-decision precedent,,25000,57.22,NO_SIGNAL,cash basis UNRESOLVED; gross basis required,,,,,,,,,
exnight-strategy-v3,rEPRT-2026-09-30-1,rEPRT,REPRTUSDT,2026-09-30,2026-09-25T23:30:06+00:00,0.9656110633409246,0.18323952822276032,127,0.599132006895404,E0_RANGE,0.0,0.3,no pre-decision precedent,,1000,26.53,NO_SIGNAL,cash basis UNRESOLVED; gross basis required,,,,,,,,,
exnight-strategy-v3,rEPRT-2026-09-30-1,rEPRT,REPRTUSDT,2026-09-30,2026-09-25T23:30:06+00:00,0.9656110633409246,0.18323952822276032,127,0.599132006895404,E0_RANGE,0.0,0.3,no pre-decision precedent,,5000,26.53,NO_SIGNAL,cash basis UNRESOLVED; gross basis required,,,,,,,,,
exnight-strategy-v3,rEPRT-2026-09-30-1,rEPRT,REPRTUSDT,2026-09-30,2026-09-25T23:30:06+00:00,0.9656110633409246,0.18323952822276032,127,0.599132006895404,E0_RANGE,0.0,0.3,no pre-decision precedent,,25000,26.53,NO_SIGNAL,cash basis UNRESOLVED; gross basis required,,,,,,,,,
exnight-strategy-v3,rESS-2026-09-30-1,rESS,RESSUSDT,2026-09-30,2026-09-25T23:30:06+00:00,0.9656110633409246,0.18323952822276032,127,0.599132006895404,E0_RANGE,0.0,0.3,no pre-decision precedent,,1000,271.61,NO_SIGNAL,cash basis UNRESOLVED; gross basis required,,,,,,,,,
exnight-strategy-v3,rESS-2026-09-30-1,rESS,RESSUSDT,2026-09-30,2026-09-25T23:30:06+00:00,0.9656110633409246,0.18323952822276032,127,0.599132006895404,E0_RANGE,0.0,0.3,no pre-decision precedent,,5000,271.61,NO_SIGNAL,cash basis UNRESOLVED; gross basis required,,,,,,,,,
exnight-strategy-v3,rESS-2026-09-30-1,rESS,RESSUSDT,2026-09-30,2026-09-25T23:30:06+00:00,0.9656110633409246,0.18323952822276032,127,0.599132006895404,E0_RANGE,0.0,0.3,no pre-decision precedent,,25000,271.61,NO_SIGNAL,cash basis UNRESOLVED; gross basis required,,,,,,,,,
exnight-strategy-v3,rESE-2026-10-01-1,rESE,RESEUSDT,2026-10-01,2026-09-25T23:30:06+00:00,0.9656110633409246,0.18323952822276032,127,0.599132006895404,E0_RANGE,0.0,0.3,no pre-decision precedent,,1000,268.09,NO_SIGNAL,cash basis UNRESOLVED; gross basis required,,,,,,,,,
exnight-strategy-v3,rESE-2026-10-01-1,rESE,RESEUSDT,2026-10-01,2026-09-25T23:30:06+00:00,0.9656110633409246,0.18323952822276032,127,0.599132006895404,E0_RANGE,0.0,0.3,no pre-decision precedent,,5000,268.09,NO_SIGNAL,cash basis UNRESOLVED; gross basis required,,,,,,,,,
exnight-strategy-v3,rESE-2026-10-01-1,rESE,RESEUSDT,2026-10-01,2026-09-25T23:30:06+00:00,0.9656110633409246,0.18323952822276032,127,0.599132006895404,E0_RANGE,0.0,0.3,no pre-decision precedent,,25000,268.09,NO_SIGNAL,cash basis UNRESOLVED; gross basis required,,,,,,,,,
exnight-strategy-v3,rESAB-2026-10-02-1,rESAB,RESABUSDT,2026-10-02,2026-09-25T23:30:06+00:00,0.9656110633409246,0.18323952822276032,127,0.599132006895404,E0_RANGE,0.0,0.3,no pre-decision precedent,,1000,71.9,NO_SIGNAL,cash basis UNRESOLVED; gross basis required,,,,,,,,,
exnight-strategy-v3,rESAB-2026-10-02-1,rESAB,RESABUSDT,2026-10-02,2026-09-25T23:30:06+00:00,0.9656110633409246,0.18323952822276032,127,0.599132006895404,E0_RANGE,0.0,0.3,no pre-decision precedent,,5000,71.9,NO_SIGNAL,cash basis UNRESOLVED; gross basis required,,,,,,,,,
exnight-strategy-v3,rESAB-2026-10-02-1,rESAB,RESABUSDT,2026-10-02,2026-09-25T23:30:06+00:00,0.9656110633409246,0.18323952822276032,127,0.599132006895404,E0_RANGE,0.0,0.3,no pre-decision precedent,,25000,71.9,NO_SIGNAL,cash basis UNRESOLVED; gross basis required,,,,,,,,,
exnight-strategy-v3,rERIE-2026-10-05-1,rERIE,RERIEUSDT,2026-10-05,2026-09-25T23:30:06+00:00,0.9656110633409246,0.18323952822276032,127,0.599132006895404,E0_RANGE,0.0,0.3,no pre-decision precedent,1.4625000000000000,1000,222.86,NO_SIGNAL,sell: no depth sample for this symbol/session; buy: no depth sample for this symbol/session,,,,,,,,,
exnight-strategy-v3,rERIE-2026-10-05-1,rERIE,RERIEUSDT,2026-10-05,2026-09-25T23:30:06+00:00,0.9656110633409246,0.18323952822276032,127,0.599132006895404,E0_RANGE,0.0,0.3,no pre-decision precedent,1.4625000000000000,5000,222.86,NO_SIGNAL,sell: no depth sample for this symbol/session; buy: no depth sample for this symbol/session,,,,,,,,,
exnight-strategy-v3,rERIE-2026-10-05-1,rERIE,RERIEUSDT,2026-10-05,2026-09-25T23:30:06+00:00,0.9656110633409246,0.18323952822276032,127,0.599132006895404,E0_RANGE,0.0,0.3,no pre-decision precedent,1.4625000000000000,25000,222.86,NO_SIGNAL,sell: no depth sample for this symbol/session; buy: no depth sample for this symbol/session,,,,,,,,,
exnight-strategy-v3,rESLT-2026-10-13-1,rESLT,RESLTUSDT,2026-10-13,2026-09-25T23:30:06+00:00,0.9656110633409246,0.18323952822276032,127,0.599132006895404,E0_RANGE,0.0,0.3,no pre-decision precedent,1.0000000000000000,1000,730.0,NO_SIGNAL,sell: no depth sample for this symbol/session; buy: no depth sample for this symbol/session,,,,,,,,,
exnight-strategy-v3,rESLT-2026-10-13-1,rESLT,RESLTUSDT,2026-10-13,2026-09-25T23:30:06+00:00,0.9656110633409246,0.18323952822276032,127,0.599132006895404,E0_RANGE,0.0,0.3,no pre-decision precedent,1.0000000000000000,5000,730.0,NO_SIGNAL,sell: no depth sample for this symbol/session; buy: no depth sample for this symbol/session,,,,,,,,,
exnight-strategy-v3,rESLT-2026-10-13-1,rESLT,RESLTUSDT,2026-10-13,2026-09-25T23:30:06+00:00,0.9656110633409246,0.18323952822276032,127,0.599132006895404,E0_RANGE,0.0,0.3,no pre-decision precedent,1.0000000000000000,25000,730.0,NO_SIGNAL,sell: no depth sample for this symbol/session; buy: no depth sample for this symbol/session,,,,,,,,,
exnight-strategy-v3,rEOG-2026-10-16-1,rEOG,REOGUSDT,2026-10-16,2026-09-25T23:30:06+00:00,0.9656110633409246,0.18323952822276032,127,0.599132006895404,E0_RANGE,0.0,0.3,no pre-decision precedent,,1000,140.65,NO_SIGNAL,cash basis UNRESOLVED; gross basis required,,,,,,,,,
exnight-strategy-v3,rEOG-2026-10-16-1,rEOG,REOGUSDT,2026-10-16,2026-09-25T23:30:06+00:00,0.9656110633409246,0.18323952822276032,127,0.599132006895404,E0_RANGE,0.0,0.3,no pre-decision precedent,,5000,140.65,NO_SIGNAL,cash basis UNRESOLVED; gross basis required,,,,,,,,,
exnight-strategy-v3,rEOG-2026-10-16-1,rEOG,REOGUSDT,2026-10-16,2026-09-25T23:30:06+00:00,0.9656110633409246,0.18323952822276032,127,0.599132006895404,E0_RANGE,0.0,0.3,no pre-decision precedent,,25000,140.65,NO_SIGNAL,cash basis UNRESOLVED; gross basis required,,,,,,,,,
exnight-strategy-v3,rFAF-2026-09-28-1,rFAF,RFAFUSDT,2026-09-28,2026-09-25T23:30:06+00:00,0.9656110633409246,0.18323952822276032,127,0.599132006895404,E0_RANGE,0.0,0.3,no pre-decision precedent,,1000,66.27,NO_SIGNAL,cash basis UNRESOLVED; gross basis required,,,,,,,,,
exnight-strategy-v3,rFAF-2026-09-28-1,rFAF,RFAFUSDT,2026-09-28,2026-09-25T23:30:06+00:00,0.9656110633409246,0.18323952822276032,127,0.599132006895404,E0_RANGE,0.0,0.3,no pre-decision precedent,,5000,66.27,NO_SIGNAL,cash basis UNRESOLVED; gross basis required,,,,,,,,,
exnight-strategy-v3,rFAF-2026-09-28-1,rFAF,RFAFUSDT,2026-09-28,2026-09-25T23:30:06+00:00,0.9656110633409246,0.18323952822276032,127,0.599132006895404,E0_RANGE,0.0,0.3,no pre-decision precedent,,25000,66.27,NO_SIGNAL,cash basis UNRESOLVED; gross basis required,,,,,,,,,
exnight-strategy-v3,rFR-2026-09-30-1,rFR,RFRUSDT,2026-09-30,2026-09-25T23:30:06+00:00,0.9656110633409246,0.18323952822276032,127,0.599132006895404,E0_RANGE,0.0,0.3,no pre-decision precedent,,1000,61.17,NO_SIGNAL,cash basis UNRESOLVED; gross basis required,,,,,,,,,
exnight-strategy-v3,rFR-2026-09-30-1,rFR,RFRUSDT,2026-09-30,2026-09-25T23:30:06+00:00,0.9656110633409246,0.18323952822276032,127,0.599132006895404,E0_RANGE,0.0,0.3,no pre-decision precedent,,5000,61.17,NO_SIGNAL,cash basis UNRESOLVED; gross basis required,,,,,,,,,
exnight-strategy-v3,rFR-2026-09-30-1,rFR,RFRUSDT,2026-09-30,2026-09-25T23:30:06+00:00,0.9656110633409246,0.18323952822276032,127,0.599132006895404,E0_RANGE,0.0,0.3,no pre-decision precedent,,25000,61.17,NO_SIGNAL,cash basis UNRESOLVED; gross basis required,,,,,,,,,
exnight-strategy-v3,rFRT-2026-10-01-1,rFRT,RFRTUSDT,2026-10-01,2026-09-25T23:30:06+00:00,0.9656110633409246,0.18323952822276032,127,0.599132006895404,E0_RANGE,0.0,0.3,no pre-decision precedent,,1000,110.52,NO_SIGNAL,cash basis UNRESOLVED; gross basis required,,,,,,,,,
exnight-strategy-v3,rFRT-2026-10-01-1,rFRT,RFRTUSDT,2026-10-01,2026-09-25T23:30:06+00:00,0.9656110633409246,0.18323952822276032,127,0.599132006895404,E0_RANGE,0.0,0.3,no pre-decision precedent,,5000,110.52,NO_SIGNAL,cash basis UNRESOLVED; gross basis required,,,,,,,,,
exnight-strategy-v3,rFRT-2026-10-01-1,rFRT,RFRTUSDT,2026-10-01,2026-09-25T23:30:06+00:00,0.9656110633409246,0.18323952822276032,127,0.599132006895404,E0_RANGE,0.0,0.3,no pre-decision precedent,,25000,110.52,NO_SIGNAL,cash basis UNRESOLVED; gross basis required,,,,,,,,,
exnight-strategy-v3,rFSV-2026-09-30-1,rFSV,RFSVUSDT,2026-09-30,2026-09-25T23:30:06+00:00,0.9656110633409246,0.18323952822276032,127,0.599132006895404,E0_RANGE,0.0,0.3,no pre-decision precedent,0.3050000000000000,1000,128.62,NO_SIGNAL,sell: no depth sample for this symbol/session; buy: no depth sample for this symbol/session,,,,,,,,,
exnight-strategy-v3,rFSV-2026-09-30-1,rFSV,RFSVUSDT,2026-09-30,2026-09-25T23:30:06+00:00,0.9656110633409246,0.18323952822276032,127,0.599132006895404,E0_RANGE,0.0,0.3,no pre-decision precedent,0.3050000000000000,5000,128.62,NO_SIGNAL,sell: no depth sample for this symbol/session; buy: no depth sample for this symbol/session,,,,,,,,,
exnight-strategy-v3,rFSV-2026-09-30-1,rFSV,RFSVUSDT,2026-09-30,2026-09-25T23:30:06+00:00,0.9656110633409246,0.18323952822276032,127,0.599132006895404,E0_RANGE,0.0,0.3,no pre-decision precedent,0.3050000000000000,25000,128.62,NO_SIGNAL,sell: no depth sample for this symbol/session; buy: no depth sample for this symbol/session,,,,,,,,,
exnight-strategy-v3,rFULT-2026-10-01-1,rFULT,RFULTUSDT,2026-10-01,2026-09-25T23:30:06+00:00,0.9656110633409246,0.18323952822276032,127,0.599132006895404,E0_RANGE,0.0,0.3,no pre-decision precedent,0.1900000000000000,1000,23.22,HOLD,,2026-09-25T23:05:03.168637+00:00,ticker_only,2026-09-25T07:05:03.383026+00:00,ticker_only,1.335100698471376,-1.4112656171612492,-1.3542656171612493,81.8260120585702,
exnight-strategy-v3,rFULT-2026-10-01-1,rFULT,RFULTUSDT,2026-10-01,2026-09-25T23:30:06+00:00,0.9656110633409246,0.18323952822276032,127,0.599132006895404,E0_RANGE,0.0,0.3,no pre-decision precedent,0.1900000000000000,5000,23.22,NO_SIGNAL,"sell: $5,000 exceeds visible top-of-book ($2,482) on ticker-only symbol; buy: $5,000 exceeds visible top-of-book ($1,982) on ticker-only symbol",2026-09-25T23:05:03.168637+00:00,ticker_only,2026-09-25T07:05:03.383026+00:00,ticker_only,,,,,
exnight-strategy-v3,rFULT-2026-10-01-1,rFULT,RFULTUSDT,2026-10-01,2026-09-25T23:30:06+00:00,0.9656110633409246,0.18323952822276032,127,0.599132006895404,E0_RANGE,0.0,0.3,no pre-decision precedent,0.1900000000000000,25000,23.22,NO_SIGNAL,"sell: $25,000 exceeds visible top-of-book ($2,482) on ticker-only symbol; buy: $25,000 exceeds visible top-of-book ($1,982) on ticker-only symbol",2026-09-25T23:05:03.168637+00:00,ticker_only,2026-09-25T07:05:03.383026+00:00,ticker_only,,,,,
exnight-strategy-v3,rGAP-2026-10-07-1,rGAP,RGAPUSDT,2026-10-07,2026-09-25T23:30:06+00:00,0.9656110633409246,0.18323952822276032,127,0.599132006895404,E0_RANGE,0.0,0.3,no pre-decision precedent,,1000,21.64,NO_SIGNAL,cash basis UNRESOLVED; gross basis required,,,,,,,,,
exnight-strategy-v3,rGAP-2026-10-07-1,rGAP,RGAPUSDT,2026-10-07,2026-09-25T23:30:06+00:00,0.9656110633409246,0.18323952822276032,127,0.599132006895404,E0_RANGE,0.0,0.3,no pre-decision precedent,,5000,21.64,NO_SIGNAL,cash basis UNRESOLVED; gross basis required,,,,,,,,,
exnight-strategy-v3,rGAP-2026-10-07-1,rGAP,RGAPUSDT,2026-10-07,2026-09-25T23:30:06+00:00,0.9656110633409246,0.18323952822276032,127,0.599132006895404,E0_RANGE,0.0,0.3,no pre-decision precedent,,25000,21.64,NO_SIGNAL,cash basis UNRESOLVED; gross basis required,,,,,,,,,
exnight-strategy-v3,rGGAL-2026-09-28-1,rGGAL,RGGALUSDT,2026-09-28,2026-09-25T23:30:06+00:00,0.9656110633409246,0.18323952822276032,127,0.599132006895404,E0_RANGE,0.0,0.3,no pre-decision precedent,0.0478600000000000,1000,38.74,NO_SIGNAL,sell: no depth sample for this symbol/session; buy: no depth sample for this symbol/session,,,,,,,,,
exnight-strategy-v3,rGGAL-2026-09-28-1,rGGAL,RGGALUSDT,2026-09-28,2026-09-25T23:30:06+00:00,0.9656110633409246,0.18323952822276032,127,0.599132006895404,E0_RANGE,0.0,0.3,no pre-decision precedent,0.0478600000000000,5000,38.74,NO_SIGNAL,sell: no depth sample for this symbol/session; buy: no depth sample for this symbol/session,,,,,,,,,
exnight-strategy-v3,rGGAL-2026-09-28-1,rGGAL,RGGALUSDT,2026-09-28,2026-09-25T23:30:06+00:00,0.9656110633409246,0.18323952822276032,127,0.599132006895404,E0_RANGE,0.0,0.3,no pre-decision precedent,0.0478600000000000,25000,38.74,NO_SIGNAL,sell: no depth sample for this symbol/session; buy: no depth sample for this symbol/session,,,,,,,,,
exnight-strategy-v3,rGD-2026-10-09-1,rGD,RGDUSDT,2026-10-09,2026-09-25T23:30:06+00:00,0.9656110633409246,0.18323952822276032,127,0.599132006895404,E0_RANGE,0.0,0.3,no pre-decision precedent,,1000,337.03,NO_SIGNAL,cash basis UNRESOLVED; gross basis required,,,,,,,,,
exnight-strategy-v3,rGD-2026-10-09-1,rGD,RGDUSDT,2026-10-09,2026-09-25T23:30:06+00:00,0.9656110633409246,0.18323952822276032,127,0.599132006895404,E0_RANGE,0.0,0.3,no pre-decision precedent,,5000,337.03,NO_SIGNAL,cash basis UNRESOLVED; gross basis required,,,,,,,,,
exnight-strategy-v3,rGD-2026-10-09-1,rGD,RGDUSDT,2026-10-09,2026-09-25T23:30:06+00:00,0.9656110633409246,0.18323952822276032,127,0.599132006895404,E0_RANGE,0.0,0.3,no pre-decision precedent,,25000,337.03,NO_SIGNAL,cash basis UNRESOLVED; gross basis required,,,,,,,,,
exnight-strategy-v3,rGGG-2026-10-19-1,rGGG,RGGGUSDT,2026-10-19,2026-09-25T23:30:06+00:00,0.9656110633409246,0.18323952822276032,127,0.599132006895404,E0_RANGE,0.0,0.3,no pre-decision precedent,,1000,78.5,NO_SIGNAL,cash basis UNRESOLVED; gross basis required,,,,,,,,,
exnight-strategy-v3,rGGG-2026-10-19-1,rGGG,RGGGUSDT,2026-10-19,2026-09-25T23:30:06+00:00,0.9656110633409246,0.18323952822276032,127,0.599132006895404,E0_RANGE,0.0,0.3,no pre-decision precedent,,5000,78.5,NO_SIGNAL,cash basis UNRESOLVED; gross basis required,,,,,,,,,
exnight-strategy-v3,rGGG-2026-10-19-1,rGGG,RGGGUSDT,2026-10-19,2026-09-25T23:30:06+00:00,0.9656110633409246,0.18323952822276032,127,0.599132006895404,E0_RANGE,0.0,0.3,no pre-decision precedent,,25000,78.5,NO_SIGNAL,cash basis UNRESOLVED; gross basis required,,,,,,,,,
exnight-strategy-v3,rGL-2026-10-05-1,rGL,RGLUSDT,2026-10-05,2026-09-25T23:30:06+00:00,0.9656110633409246,0.18323952822276032,127,0.599132006895404,E0_RANGE,0.0,0.3,no pre-decision precedent,,1000,167.04,NO_SIGNAL,cash basis UNRESOLVED; gross basis required,,,,,,,,,
exnight-strategy-v3,rGL-2026-10-05-1,rGL,RGLUSDT,2026-10-05,2026-09-25T23:30:06+00:00,0.9656110633409246,0.18323952822276032,127,0.599132006895404,E0_RANGE,0.0,0.3,no pre-decision precedent,,5000,167.04,NO_SIGNAL,cash basis UNRESOLVED; gross basis required,,,,,,,,,
exnight-strategy-v3,rGL-2026-10-05-1,rGL,RGLUSDT,2026-10-05,2026-09-25T23:30:06+00:00,0.9656110633409246,0.18323952822276032,127,0.599132006895404,E0_RANGE,0.0,0.3,no pre-decision precedent,,25000,167.04,NO_SIGNAL,cash basis UNRESOLVED; gross basis required,,,,,,,,,
exnight-strategy-v3,rGNTX-2026-10-07-1,rGNTX,RGNTXUSDT,2026-10-07,2026-09-25T23:30:06+00:00,0.9656110633409246,0.18323952822276032,127,0.599132006895404,E0_RANGE,0.0,0.3,no pre-decision precedent,0.1200000000000000,1000,22.58,NO_SIGNAL,sell: no depth sample for this symbol/session; buy: no depth sample for this symbol/session,,,,,,,,,
exnight-strategy-v3,rGNTX-2026-10-07-1,rGNTX,RGNTXUSDT,2026-10-07,2026-09-25T23:30:06+00:00,0.9656110633409246,0.18323952822276032,127,0.599132006895404,E0_RANGE,0.0,0.3,no pre-decision precedent,0.1200000000000000,5000,22.58,NO_SIGNAL,sell: no depth sample for this symbol/session; buy: no depth sample for this symbol/session,,,,,,,,,
exnight-strategy-v3,rGNTX-2026-10-07-1,rGNTX,RGNTXUSDT,2026-10-07,2026-09-25T23:30:06+00:00,0.9656110633409246,0.18323952822276032,127,0.599132006895404,E0_RANGE,0.0,0.3,no pre-decision precedent,0.1200000000000000,25000,22.58,NO_SIGNAL,sell: no depth sample for this symbol/session; buy: no depth sample for this symbol/session,,,,,,,,,
exnight-strategy-v3,rGHC-2026-10-15-1,rGHC,RGHCUSDT,2026-10-15,2026-09-25T23:30:06+00:00,0.9656110633409246,0.18323952822276032,127,0.599132006895404,E0_RANGE,0.0,0.3,no pre-decision precedent,,1000,1149.0,NO_SIGNAL,cash basis UNRESOLVED; gross basis required,,,,,,,,,
exnight-strategy-v3,rGHC-2026-10-15-1,rGHC,RGHCUSDT,2026-10-15,2026-09-25T23:30:06+00:00,0.9656110633409246,0.18323952822276032,127,0.599132006895404,E0_RANGE,0.0,0.3,no pre-decision precedent,,5000,1149.0,NO_SIGNAL,cash basis UNRESOLVED; gross basis required,,,,,,,,,
exnight-strategy-v3,rGHC-2026-10-15-1,rGHC,RGHCUSDT,2026-10-15,2026-09-25T23:30:06+00:00,0.9656110633409246,0.18323952822276032,127,0.599132006895404,E0_RANGE,0.0,0.3,no pre-decision precedent,,25000,1149.0,NO_SIGNAL,cash basis UNRESOLVED; gross basis required,,,,,,,,,
exnight-strategy-v3,rGRMN-2026-12-11-1,rGRMN,RGRMNUSDT,2026-12-11,2026-09-25T23:30:06+00:00,0.9656110633409246,0.18323952822276032,127,0.599132006895404,E0_RANGE,0.0,0.3,no pre-decision precedent,,1000,294.0,NO_SIGNAL,cash basis UNRESOLVED; gross basis required,,,,,,,,,
exnight-strategy-v3,rGRMN-2026-12-11-1,rGRMN,RGRMNUSDT,2026-12-11,2026-09-25T23:30:06+00:00,0.9656110633409246,0.18323952822276032,127,0.599132006895404,E0_RANGE,0.0,0.3,no pre-decision precedent,,5000,294.0,NO_SIGNAL,cash basis UNRESOLVED; gross basis required,,,,,,,,,
exnight-strategy-v3,rGRMN-2026-12-11-1,rGRMN,RGRMNUSDT,2026-12-11,2026-09-25T23:30:06+00:00,0.9656110633409246,0.18323952822276032,127,0.599132006895404,E0_RANGE,0.0,0.3,no pre-decision precedent,,25000,294.0,NO_SIGNAL,cash basis UNRESOLVED; gross basis required,,,,,,,,,
exnight-strategy-v3,rGRMN-2027-03-12-1,rGRMN,RGRMNUSDT,2027-03-12,2026-09-25T23:30:06+00:00,0.9656110633409246,0.18323952822276032,127,0.599132006895404,E0_RANGE,0.0,0.3,no pre-decision precedent,,1000,294.0,NO_SIGNAL,cash basis UNRESOLVED; gross basis required,,,,,,,,,
exnight-strategy-v3,rGRMN-2027-03-12-1,rGRMN,RGRMNUSDT,2027-03-12,2026-09-25T23:30:06+00:00,0.9656110633409246,0.18323952822276032,127,0.599132006895404,E0_RANGE,0.0,0.3,no pre-decision precedent,,5000,294.0,NO_SIGNAL,cash basis UNRESOLVED; gross basis required,,,,,,,,,
exnight-strategy-v3,rGRMN-2027-03-12-1,rGRMN,RGRMNUSDT,2027-03-12,2026-09-25T23:30:06+00:00,0.9656110633409246,0.18323952822276032,127,0.599132006895404,E0_RANGE,0.0,0.3,no pre-decision precedent,,25000,294.0,NO_SIGNAL,cash basis UNRESOLVED; gross basis required,,,,,,,,,
exnight-strategy-v3,rGVA-2026-09-30-1,rGVA,RGVAUSDT,2026-09-30,2026-09-25T23:30:06+00:00,0.9656110633409246,0.18323952822276032,127,0.599132006895404,E0_RANGE,0.0,0.3,no pre-decision precedent,,1000,115.2,NO_SIGNAL,cash basis UNRESOLVED; gross basis required,,,,,,,,,
exnight-strategy-v3,rGVA-2026-09-30-1,rGVA,RGVAUSDT,2026-09-30,2026-09-25T23:30:06+00:00,0.9656110633409246,0.18323952822276032,127,0.599132006895404,E0_RANGE,0.0,0.3,no pre-decision precedent,,5000,115.2,NO_SIGNAL,cash basis UNRESOLVED; gross basis required,,,,,,,,,
exnight-strategy-v3,rGVA-2026-09-30-1,rGVA,RGVAUSDT,2026-09-30,2026-09-25T23:30:06+00:00,0.9656110633409246,0.18323952822276032,127,0.599132006895404,E0_RANGE,0.0,0.3,no pre-decision precedent,,25000,115.2,NO_SIGNAL,cash basis UNRESOLVED; gross basis required,,,,,,,,,
exnight-strategy-v3,rHASI-2026-10-02-1,rHASI,RHASIUSDT,2026-10-02,2026-09-25T23:30:06+00:00,0.9656110633409246,0.18323952822276032,127,0.599132006895404,E0_RANGE,0.0,0.3,no pre-decision precedent,,1000,36.44,NO_SIGNAL,cash basis UNRESOLVED; gross basis required,,,,,,,,,
exnight-strategy-v3,rHASI-2026-10-02-1,rHASI,RHASIUSDT,2026-10-02,2026-09-25T23:30:06+00:00,0.9656110633409246,0.18323952822276032,127,0.599132006895404,E0_RANGE,0.0,0.3,no pre-decision precedent,,5000,36.44,NO_SIGNAL,cash basis UNRESOLVED; gross basis required,,,,,,,,,
exnight-strategy-v3,rHASI-2026-10-02-1,rHASI,RHASIUSDT,2026-10-02,2026-09-25T23:30:06+00:00,0.9656110633409246,0.18323952822276032,127,0.599132006895404,E0_RANGE,0.0,0.3,no pre-decision precedent,,25000,36.44,NO_SIGNAL,cash basis UNRESOLVED; gross basis required,,,,,,,,,
exnight-strategy-v3,rHMY-2026-10-09-1,rHMY,RHMYUSDT,2026-10-09,2026-09-25T23:30:06+00:00,0.9656110633409246,0.18323952822276032,127,0.599132006895404,E0_RANGE,0.0,0.3,no pre-decision precedent,,1000,18.96,NO_SIGNAL,cash basis UNRESOLVED; gross basis required,,,,,,,,,
exnight-strategy-v3,rHMY-2026-10-09-1,rHMY,RHMYUSDT,2026-10-09,2026-09-25T23:30:06+00:00,0.9656110633409246,0.18323952822276032,127,0.599132006895404,E0_RANGE,0.0,0.3,no pre-decision precedent,,5000,18.96,NO_SIGNAL,cash basis UNRESOLVED; gross basis required,,,,,,,,,
exnight-strategy-v3,rHMY-2026-10-09-1,rHMY,RHMYUSDT,2026-10-09,2026-09-25T23:30:06+00:00,0.9656110633409246,0.18323952822276032,127,0.599132006895404,E0_RANGE,0.0,0.3,no pre-decision precedent,,25000,18.96,NO_SIGNAL,cash basis UNRESOLVED; gross basis required,,,,,,,,,
exnight-strategy-v3,rHST-2026-09-30-1,rHST,RHSTUSDT,2026-09-30,2026-09-25T23:30:06+00:00,0.9656110633409246,0.18323952822276032,127,0.599132006895404,E0_RANGE,0.0,0.3,no pre-decision precedent,0.2000000000000000,1000,22.42,NO_SIGNAL,"buy: $1,000 exceeds visible top-of-book ($67) on ticker-only symbol",2026-09-25T23:05:03.168637+00:00,ticker_only,2026-09-25T07:05:03.383026+00:00,ticker_only,,,,,
exnight-strategy-v3,rHST-2026-09-30-1,rHST,RHSTUSDT,2026-09-30,2026-09-25T23:30:06+00:00,0.9656110633409246,0.18323952822276032,127,0.599132006895404,E0_RANGE,0.0,0.3,no pre-decision precedent,0.2000000000000000,5000,22.42,NO_SIGNAL,"sell: $5,000 exceeds visible top-of-book ($1,978) on ticker-only symbol; buy: $5,000 exceeds visible top-of-book ($67) on ticker-only symbol",2026-09-25T23:05:03.168637+00:00,ticker_only,2026-09-25T07:05:03.383026+00:00,ticker_only,,,,,
exnight-strategy-v3,rHST-2026-09-30-1,rHST,RHSTUSDT,2026-09-30,2026-09-25T23:30:06+00:00,0.9656110633409246,0.18323952822276032,127,0.599132006895404,E0_RANGE,0.0,0.3,no pre-decision precedent,0.2000000000000000,25000,22.42,NO_SIGNAL,"sell: $25,000 exceeds visible top-of-book ($1,978) on ticker-only symbol; buy: $25,000 exceeds visible top-of-book ($67) on ticker-only symbol",2026-09-25T23:05:03.168637+00:00,ticker_only,2026-09-25T07:05:03.383026+00:00,ticker_only,,,,,
exnight-strategy-v3,rHUM-2026-10-30-1,rHUM,RHUMUSDT,2026-10-30,2026-09-25T23:30:06+00:00,0.9656110633409246,0.18323952822276032,127,0.599132006895404,E0_RANGE,0.0,0.3,no pre-decision precedent,,1000,396.44,NO_SIGNAL,cash basis UNRESOLVED; gross basis required,,,,,,,,,
exnight-strategy-v3,rHUM-2026-10-30-1,rHUM,RHUMUSDT,2026-10-30,2026-09-25T23:30:06+00:00,0.9656110633409246,0.18323952822276032,127,0.599132006895404,E0_RANGE,0.0,0.3,no pre-decision precedent,,5000,396.44,NO_SIGNAL,cash basis UNRESOLVED; gross basis required,,,,,,,,,
exnight-strategy-v3,rHUM-2026-10-30-1,rHUM,RHUMUSDT,2026-10-30,2026-09-25T23:30:06+00:00,0.9656110633409246,0.18323952822276032,127,0.599132006895404,E0_RANGE,0.0,0.3,no pre-decision precedent,,25000,396.44,NO_SIGNAL,cash basis UNRESOLVED; gross basis required,,,,,,,,,
exnight-strategy-v3,rICE-2026-12-16-1,rICE,RICEUSDT,2026-12-16,2026-09-25T23:30:06+00:00,0.9656110633409246,0.18323952822276032,127,0.599132006895404,E0_RANGE,0.0,0.3,no pre-decision precedent,,1000,154.53,NO_SIGNAL,cash basis UNRESOLVED; gross basis required,,,,,,,,,
exnight-strategy-v3,rICE-2026-12-16-1,rICE,RICEUSDT,2026-12-16,2026-09-25T23:30:06+00:00,0.9656110633409246,0.18323952822276032,127,0.599132006895404,E0_RANGE,0.0,0.3,no pre-decision precedent,,5000,154.53,NO_SIGNAL,cash basis UNRESOLVED; gross basis required,,,,,,,,,
exnight-strategy-v3,rICE-2026-12-16-1,rICE,RICEUSDT,2026-12-16,2026-09-25T23:30:06+00:00,0.9656110633409246,0.18323952822276032,127,0.599132006895404,E0_RANGE,0.0,0.3,no pre-decision precedent,,25000,154.53,NO_SIGNAL,cash basis UNRESOLVED; gross basis required,,,,,,,,,
exnight-strategy-v3,rIEX-2026-10-02-1,rIEX,RIEXUSDT,2026-10-02,2026-09-25T23:30:06+00:00,0.9656110633409246,0.18323952822276032,127,0.599132006895404,E0_RANGE,0.0,0.3,no pre-decision precedent,,1000,230.08,NO_SIGNAL,cash basis UNRESOLVED; gross basis required,,,,,,,,,
exnight-strategy-v3,rIEX-2026-10-02-1,rIEX,RIEXUSDT,2026-10-02,2026-09-25T23:30:06+00:00,0.9656110633409246,0.18323952822276032,127,0.599132006895404,E0_RANGE,0.0,0.3,no pre-decision precedent,,5000,230.08,NO_SIGNAL,cash basis UNRESOLVED; gross basis required,,,,,,,,,
exnight-strategy-v3,rIEX-2026-10-02-1,rIEX,RIEXUSDT,2026-10-02,2026-09-25T23:30:06+00:00,0.9656110633409246,0.18323952822276032,127,0.599132006895404,E0_RANGE,0.0,0.3,no pre-decision precedent,,25000,230.08,NO_SIGNAL,cash basis UNRESOLVED; gross basis required,,,,,,,,,
exnight-strategy-v3,rIDCC-2026-10-14-1,rIDCC,RIDCCUSDT,2026-10-14,2026-09-25T23:30:06+00:00,0.9656110633409246,0.18323952822276032,127,0.599132006895404,E0_RANGE,0.0,0.3,no pre-decision precedent,0.7500000000000000,1000,334.21,NO_SIGNAL,sell: no depth sample for this symbol/session; buy: no depth sample for this symbol/session,,,,,,,,,
exnight-strategy-v3,rIDCC-2026-10-14-1,rIDCC,RIDCCUSDT,2026-10-14,2026-09-25T23:30:06+00:00,0.9656110633409246,0.18323952822276032,127,0.599132006895404,E0_RANGE,0.0,0.3,no pre-decision precedent,0.7500000000000000,5000,334.21,NO_SIGNAL,sell: no depth sample for this symbol/session; buy: no depth sample for this symbol/session,,,,,,,,,
exnight-strategy-v3,rIDCC-2026-10-14-1,rIDCC,RIDCCUSDT,2026-10-14,2026-09-25T23:30:06+00:00,0.9656110633409246,0.18323952822276032,127,0.599132006895404,E0_RANGE,0.0,0.3,no pre-decision precedent,0.7500000000000000,25000,334.21,NO_SIGNAL,sell: no depth sample for this symbol/session; buy: no depth sample for this symbol/session,,,,,,,,,
exnight-strategy-v3,rINDB-2026-09-28-1,rINDB,RINDBUSDT,2026-09-28,2026-09-25T23:30:06+00:00,0.9656110633409246,0.18323952822276032,127,0.599132006895404,E0_RANGE,0.0,0.3,no pre-decision precedent,0.6400000000000000,1000,81.2,NO_SIGNAL,"buy: $1,000 exceeds visible top-of-book ($277) on ticker-only symbol",2026-09-25T23:05:03.168637+00:00,ticker_only,2026-09-25T07:05:03.383026+00:00,ticker_only,,,,,
exnight-strategy-v3,rINDB-2026-09-28-1,rINDB,RINDBUSDT,2026-09-28,2026-09-25T23:30:06+00:00,0.9656110633409246,0.18323952822276032,127,0.599132006895404,E0_RANGE,0.0,0.3,no pre-decision precedent,0.6400000000000000,5000,81.2,NO_SIGNAL,"sell: $5,000 exceeds visible top-of-book ($1,990) on ticker-only symbol; buy: $5,000 exceeds visible top-of-book ($277) on ticker-only symbol",2026-09-25T23:05:03.168637+00:00,ticker_only,2026-09-25T07:05:03.383026+00:00,ticker_only,,,,,
exnight-strategy-v3,rINDB-2026-09-28-1,rINDB,RINDBUSDT,2026-09-28,2026-09-25T23:30:06+00:00,0.9656110633409246,0.18323952822276032,127,0.599132006895404,E0_RANGE,0.0,0.3,no pre-decision precedent,0.6400000000000000,25000,81.2,NO_SIGNAL,"sell: $25,000 exceeds visible top-of-book ($1,990) on ticker-only symbol; buy: $25,000 exceeds visible top-of-book ($277) on ticker-only symbol",2026-09-25T23:05:03.168637+00:00,ticker_only,2026-09-25T07:05:03.383026+00:00,ticker_only,,,,,
exnight-strategy-v3,rINGR-2026-10-01-1,rINGR,RINGRUSDT,2026-10-01,2026-09-25T23:30:06+00:00,0.9656110633409246,0.18323952822276032,127,0.599132006895404,E0_RANGE,0.0,0.3,no pre-decision precedent,,1000,96.72,NO_SIGNAL,cash basis UNRESOLVED; gross basis required,,,,,,,,,
exnight-strategy-v3,rINGR-2026-10-01-1,rINGR,RINGRUSDT,2026-10-01,2026-09-25T23:30:06+00:00,0.9656110633409246,0.18323952822276032,127,0.599132006895404,E0_RANGE,0.0,0.3,no pre-decision precedent,,5000,96.72,NO_SIGNAL,cash basis UNRESOLVED; gross basis required,,,,,,,,,
exnight-strategy-v3,rINGR-2026-10-01-1,rINGR,RINGRUSDT,2026-10-01,2026-09-25T23:30:06+00:00,0.9656110633409246,0.18323952822276032,127,0.599132006895404,E0_RANGE,0.0,0.3,no pre-decision precedent,,25000,96.72,NO_SIGNAL,cash basis UNRESOLVED; gross basis required,,,,,,,,,
exnight-strategy-v3,rINDV-2026-10-30-1,rINDV,RINDVUSDT,2026-10-30,2026-09-25T23:30:06+00:00,0.9656110633409246,0.18323952822276032,127,0.599132006895404,E0_RANGE,0.0,0.3,no pre-decision precedent,,1000,35.82,NO_SIGNAL,cash basis UNRESOLVED; gross basis required,,,,,,,,,
exnight-strategy-v3,rINDV-2026-10-30-1,rINDV,RINDVUSDT,2026-10-30,2026-09-25T23:30:06+00:00,0.9656110633409246,0.18323952822276032,127,0.599132006895404,E0_RANGE,0.0,0.3,no pre-decision precedent,,5000,35.82,NO_SIGNAL,cash basis UNRESOLVED; gross basis required,,,,,,,,,
exnight-strategy-v3,rINDV-2026-10-30-1,rINDV,RINDVUSDT,2026-10-30,2026-09-25T23:30:06+00:00,0.9656110633409246,0.18323952822276032,127,0.599132006895404,E0_RANGE,0.0,0.3,no pre-decision precedent,,25000,35.82,NO_SIGNAL,cash basis UNRESOLVED; gross basis required,,,,,,,,,
exnight-strategy-v3,rINTU-2026-10-08-1,rINTU,RINTUUSDT,2026-10-08,2026-09-25T23:30:06+00:00,0.9656110633409246,0.18323952822276032,127,0.599132006895404,E1_DOCUMENTED_PRECEDENT,0.3,0.3,"dividends_2026_07_24: rINTU ex 2026-07-09 1.2 at 30%, available 2026-09-16T11:09:53+00:00 (primary)",1.3800000000000000,1000,275.62,NO_SIGNAL,"sell: $1,000 exceeds visible top-of-book ($276) on ticker-only symbol",2026-09-25T23:05:03.168637+00:00,ticker_only,2026-09-25T07:05:03.383026+00:00,ticker_only,,,,,
exnight-strategy-v3,rINTU-2026-10-08-1,rINTU,RINTUUSDT,2026-10-08,2026-09-25T23:30:06+00:00,0.9656110633409246,0.18323952822276032,127,0.599132006895404,E1_DOCUMENTED_PRECEDENT,0.3,0.3,"dividends_2026_07_24: rINTU ex 2026-07-09 1.2 at 30%, available 2026-09-16T11:09:53+00:00 (primary)",1.3800000000000000,5000,275.62,NO_SIGNAL,"sell: $5,000 exceeds visible top-of-book ($276) on ticker-only symbol",2026-09-25T23:05:03.168637+00:00,ticker_only,2026-09-25T07:05:03.383026+00:00,ticker_only,,,,,
exnight-strategy-v3,rINTU-2026-10-08-1,rINTU,RINTUUSDT,2026-10-08,2026-09-25T23:30:06+00:00,0.9656110633409246,0.18323952822276032,127,0.599132006895404,E1_DOCUMENTED_PRECEDENT,0.3,0.3,"dividends_2026_07_24: rINTU ex 2026-07-09 1.2 at 30%, available 2026-09-16T11:09:53+00:00 (primary)",1.3800000000000000,25000,275.62,NO_SIGNAL,"sell: $25,000 exceeds visible top-of-book ($276) on ticker-only symbol",2026-09-25T23:05:03.168637+00:00,ticker_only,2026-09-25T07:05:03.383026+00:00,ticker_only,,,,,
exnight-strategy-v3,rIRT-2026-09-30-1,rIRT,RIRTUSDT,2026-09-30,2026-09-25T23:30:06+00:00,0.9656110633409246,0.18323952822276032,127,0.599132006895404,E0_RANGE,0.0,0.3,no pre-decision precedent,,1000,14.84,NO_SIGNAL,cash basis UNRESOLVED; gross basis required,,,,,,,,,
exnight-strategy-v3,rIRT-2026-09-30-1,rIRT,RIRTUSDT,2026-09-30,2026-09-25T23:30:06+00:00,0.9656110633409246,0.18323952822276032,127,0.599132006895404,E0_RANGE,0.0,0.3,no pre-decision precedent,,5000,14.84,NO_SIGNAL,cash basis UNRESOLVED; gross basis required,,,,,,,,,
exnight-strategy-v3,rIRT-2026-09-30-1,rIRT,RIRTUSDT,2026-09-30,2026-09-25T23:30:06+00:00,0.9656110633409246,0.18323952822276032,127,0.599132006895404,E0_RANGE,0.0,0.3,no pre-decision precedent,,25000,14.84,NO_SIGNAL,cash basis UNRESOLVED; gross basis required,,,,,,,,,
exnight-strategy-v3,rITW-2026-09-30-1,rITW,RITWUSDT,2026-09-30,2026-09-25T23:30:06+00:00,0.9656110633409246,0.18323952822276032,127,0.599132006895404,E0_RANGE,0.0,0.3,no pre-decision precedent,,1000,274.32,NO_SIGNAL,cash basis UNRESOLVED; gross basis required,,,,,,,,,
exnight-strategy-v3,rITW-2026-09-30-1,rITW,RITWUSDT,2026-09-30,2026-09-25T23:30:06+00:00,0.9656110633409246,0.18323952822276032,127,0.599132006895404,E0_RANGE,0.0,0.3,no pre-decision precedent,,5000,274.32,NO_SIGNAL,cash basis UNRESOLVED; gross basis required,,,,,,,,,
exnight-strategy-v3,rITW-2026-09-30-1,rITW,RITWUSDT,2026-09-30,2026-09-25T23:30:06+00:00,0.9656110633409246,0.18323952822276032,127,0.599132006895404,E0_RANGE,0.0,0.3,no pre-decision precedent,,25000,274.32,NO_SIGNAL,cash basis UNRESOLVED; gross basis required,,,,,,,,,
exnight-strategy-v3,rJAN-2026-10-16-1,rJAN,RJANUSDT,2026-10-16,2026-09-25T23:30:06+00:00,0.9656110633409246,0.18323952822276032,127,0.599132006895404,E0_RANGE,0.0,0.3,no pre-decision precedent,,1000,30.05,NO_SIGNAL,cash basis UNRESOLVED; gross basis required,,,,,,,,,
exnight-strategy-v3,rJAN-2026-10-16-1,rJAN,RJANUSDT,2026-10-16,2026-09-25T23:30:06+00:00,0.9656110633409246,0.18323952822276032,127,0.599132006895404,E0_RANGE,0.0,0.3,no pre-decision precedent,,5000,30.05,NO_SIGNAL,cash basis UNRESOLVED; gross basis required,,,,,,,,,
exnight-strategy-v3,rJAN-2026-10-16-1,rJAN,RJANUSDT,2026-10-16,2026-09-25T23:30:06+00:00,0.9656110633409246,0.18323952822276032,127,0.599132006895404,E0_RANGE,0.0,0.3,no pre-decision precedent,,25000,30.05,NO_SIGNAL,cash basis UNRESOLVED; gross basis required,,,,,,,,,
exnight-strategy-v3,rJAN-2026-11-12-1,rJAN,RJANUSDT,2026-11-12,2026-09-25T23:30:06+00:00,0.9656110633409246,0.18323952822276032,127,0.599132006895404,E0_RANGE,0.0,0.3,no pre-decision precedent,,1000,30.05,NO_SIGNAL,cash basis UNRESOLVED; gross basis required,,,,,,,,,
exnight-strategy-v3,rJAN-2026-11-12-1,rJAN,RJANUSDT,2026-11-12,2026-09-25T23:30:06+00:00,0.9656110633409246,0.18323952822276032,127,0.599132006895404,E0_RANGE,0.0,0.3,no pre-decision precedent,,5000,30.05,NO_SIGNAL,cash basis UNRESOLVED; gross basis required,,,,,,,,,
exnight-strategy-v3,rJAN-2026-11-12-1,rJAN,RJANUSDT,2026-11-12,2026-09-25T23:30:06+00:00,0.9656110633409246,0.18323952822276032,127,0.599132006895404,E0_RANGE,0.0,0.3,no pre-decision precedent,,25000,30.05,NO_SIGNAL,cash basis UNRESOLVED; gross basis required,,,,,,,,,
exnight-strategy-v3,rJAN-2026-12-18-1,rJAN,RJANUSDT,2026-12-18,2026-09-25T23:30:06+00:00,0.9656110633409246,0.18323952822276032,127,0.599132006895404,E0_RANGE,0.0,0.3,no pre-decision precedent,,1000,30.05,NO_SIGNAL,cash basis UNRESOLVED; gross basis required,,,,,,,,,
exnight-strategy-v3,rJAN-2026-12-18-1,rJAN,RJANUSDT,2026-12-18,2026-09-25T23:30:06+00:00,0.9656110633409246,0.18323952822276032,127,0.599132006895404,E0_RANGE,0.0,0.3,no pre-decision precedent,,5000,30.05,NO_SIGNAL,cash basis UNRESOLVED; gross basis required,,,,,,,,,
exnight-strategy-v3,rJAN-2026-12-18-1,rJAN,RJANUSDT,2026-12-18,2026-09-25T23:30:06+00:00,0.9656110633409246,0.18323952822276032,127,0.599132006895404,E0_RANGE,0.0,0.3,no pre-decision precedent,,25000,30.05,NO_SIGNAL,cash basis UNRESOLVED; gross basis required,,,,,,,,,
exnight-strategy-v3,rJOYY-2026-09-30-1,rJOYY,RJOYYUSDT,2026-09-30,2026-09-25T23:30:06+00:00,0.9656110633409246,0.18323952822276032,127,0.599132006895404,E0_RANGE,0.0,0.3,no pre-decision precedent,1.5500000000000000,1000,79.77,HOLD,,2026-09-25T23:05:03.168637+00:00,ticker_only,2026-09-25T07:05:03.383026+00:00,ticker_only,12.533858349571144,-13.155203738883268,-12.690203738883268,194.30863733233048,
exnight-strategy-v3,rJOYY-2026-09-30-1,rJOYY,RJOYYUSDT,2026-09-30,2026-09-25T23:30:06+00:00,0.9656110633409246,0.18323952822276032,127,0.599132006895404,E0_RANGE,0.0,0.3,no pre-decision precedent,1.5500000000000000,5000,79.77,NO_SIGNAL,"buy: $5,000 exceeds visible top-of-book ($4,208) on ticker-only symbol",2026-09-25T23:05:03.168637+00:00,ticker_only,2026-09-25T07:05:03.383026+00:00,ticker_only,,,,,
exnight-strategy-v3,rJOYY-2026-09-30-1,rJOYY,RJOYYUSDT,2026-09-30,2026-09-25T23:30:06+00:00,0.9656110633409246,0.18323952822276032,127,0.599132006895404,E0_RANGE,0.0,0.3,no pre-decision precedent,1.5500000000000000,25000,79.77,NO_SIGNAL,"sell: $25,000 exceeds visible top-of-book ($7,289) on ticker-only symbol; buy: $25,000 exceeds visible top-of-book ($4,208) on ticker-only symbol",2026-09-25T23:05:03.168637+00:00,ticker_only,2026-09-25T07:05:03.383026+00:00,ticker_only,,,,,
exnight-strategy-v3,rJPM-2026-10-06-1,rJPM,RJPMUSDT,2026-10-06,2026-09-25T23:30:06+00:00,0.9656110633409246,0.18323952822276032,127,0.599132006895404,E0_RANGE,0.0,0.3,no pre-decision precedent,,1000,343.1,NO_SIGNAL,cash basis UNRESOLVED; gross basis required,,,,,,,,,
exnight-strategy-v3,rJPM-2026-10-06-1,rJPM,RJPMUSDT,2026-10-06,2026-09-25T23:30:06+00:00,0.9656110633409246,0.18323952822276032,127,0.599132006895404,E0_RANGE,0.0,0.3,no pre-decision precedent,,5000,343.1,NO_SIGNAL,cash basis UNRESOLVED; gross basis required,,,,,,,,,
exnight-strategy-v3,rJPM-2026-10-06-1,rJPM,RJPMUSDT,2026-10-06,2026-09-25T23:30:06+00:00,0.9656110633409246,0.18323952822276032,127,0.599132006895404,E0_RANGE,0.0,0.3,no pre-decision precedent,,25000,343.1,NO_SIGNAL,cash basis UNRESOLVED; gross basis required,,,,,,,,,
exnight-strategy-v3,rKAI-2026-10-15-1,rKAI,RKAIUSDT,2026-10-15,2026-09-25T23:30:06+00:00,0.9656110633409246,0.18323952822276032,127,0.599132006895404,E0_RANGE,0.0,0.3,no pre-decision precedent,,1000,273.0,NO_SIGNAL,cash basis UNRESOLVED; gross basis required,,,,,,,,,
exnight-strategy-v3,rKAI-2026-10-15-1,rKAI,RKAIUSDT,2026-10-15,2026-09-25T23:30:06+00:00,0.9656110633409246,0.18323952822276032,127,0.599132006895404,E0_RANGE,0.0,0.3,no pre-decision precedent,,5000,273.0,NO_SIGNAL,cash basis UNRESOLVED; gross basis required,,,,,,,,,
exnight-strategy-v3,rKAI-2026-10-15-1,rKAI,RKAIUSDT,2026-10-15,2026-09-25T23:30:06+00:00,0.9656110633409246,0.18323952822276032,127,0.599132006895404,E0_RANGE,0.0,0.3,no pre-decision precedent,,25000,273.0,NO_SIGNAL,cash basis UNRESOLVED; gross basis required,,,,,,,,,
exnight-strategy-v3,rKDP-2026-09-28-1,rKDP,RKDPUSDT,2026-09-28,2026-09-25T23:30:06+00:00,0.9656110633409246,0.18323952822276032,127,0.599132006895404,E0_RANGE,0.0,0.3,no pre-decision precedent,0.2300000000000000,1000,31.99,HOLD,,2026-09-25T23:05:03.168637+00:00,ticker_only,2026-09-25T07:05:03.383026+00:00,ticker_only,1.2090853668561636,-1.3012850052702207,-1.2322850052702208,71.89746795873711,
exnight-strategy-v3,rKDP-2026-09-28-1,rKDP,RKDPUSDT,2026-09-28,2026-09-25T23:30:06+00:00,0.9656110633409246,0.18323952822276032,127,0.599132006895404,E0_RANGE,0.0,0.3,no pre-decision precedent,0.2300000000000000,5000,31.99,HOLD,,2026-09-25T23:05:03.168637+00:00,ticker_only,2026-09-25T07:05:03.383026+00:00,ticker_only,1.2090853668561636,-1.3012850052702207,-1.2322850052702208,71.89746795873711,
exnight-strategy-v3,rKDP-2026-09-28-1,rKDP,RKDPUSDT,2026-09-28,2026-09-25T23:30:06+00:00,0.9656110633409246,0.18323952822276032,127,0.599132006895404,E0_RANGE,0.0,0.3,no pre-decision precedent,0.2300000000000000,25000,31.99,NO_SIGNAL,"sell: $25,000 exceeds visible top-of-book ($16,943) on ticker-only symbol; buy: $25,000 exceeds visible top-of-book ($24,068) on ticker-only symbol",2026-09-25T23:05:03.168637+00:00,ticker_only,2026-09-25T07:05:03.383026+00:00,ticker_only,,,,,
exnight-strategy-v3,rKRC-2026-09-30-1,rKRC,RKRCUSDT,2026-09-30,2026-09-25T23:30:06+00:00,0.9656110633409246,0.18323952822276032,127,0.599132006895404,E0_RANGE,0.0,0.3,no pre-decision precedent,,1000,34.23,NO_SIGNAL,cash basis UNRESOLVED; gross basis required,,,,,,,,,
exnight-strategy-v3,rKRC-2026-09-30-1,rKRC,RKRCUSDT,2026-09-30,2026-09-25T23:30:06+00:00,0.9656110633409246,0.18323952822276032,127,0.599132006895404,E0_RANGE,0.0,0.3,no pre-decision precedent,,5000,34.23,NO_SIGNAL,cash basis UNRESOLVED; gross basis required,,,,,,,,,
exnight-strategy-v3,rKRC-2026-09-30-1,rKRC,RKRCUSDT,2026-09-30,2026-09-25T23:30:06+00:00,0.9656110633409246,0.18323952822276032,127,0.599132006895404,E0_RANGE,0.0,0.3,no pre-decision precedent,,25000,34.23,NO_SIGNAL,cash basis UNRESOLVED; gross basis required,,,,,,,,,
exnight-strategy-v3,rKRG-2026-10-09-1,rKRG,RKRGUSDT,2026-10-09,2026-09-25T23:30:06+00:00,0.9656110633409246,0.18323952822276032,127,0.599132006895404,E0_RANGE,0.0,0.3,no pre-decision precedent,,1000,24.78,NO_SIGNAL,cash basis UNRESOLVED; gross basis required,,,,,,,,,
exnight-strategy-v3,rKRG-2026-10-09-1,rKRG,RKRGUSDT,2026-10-09,2026-09-25T23:30:06+00:00,0.9656110633409246,0.18323952822276032,127,0.599132006895404,E0_RANGE,0.0,0.3,no pre-decision precedent,,5000,24.78,NO_SIGNAL,cash basis UNRESOLVED; gross basis required,,,,,,,,,
exnight-strategy-v3,rKRG-2026-10-09-1,rKRG,RKRGUSDT,2026-10-09,2026-09-25T23:30:06+00:00,0.9656110633409246,0.18323952822276032,127,0.599132006895404,E0_RANGE,0.0,0.3,no pre-decision precedent,,25000,24.78,NO_SIGNAL,cash basis UNRESOLVED; gross basis required,,,,,,,,,
exnight-strategy-v3,rKR-2026-11-16-1,rKR,RKRUSDT,2026-11-16,2026-09-25T23:30:06+00:00,0.9656110633409246,0.18323952822276032,127,0.599132006895404,E0_RANGE,0.0,0.3,no pre-decision precedent,,1000,58.74,NO_SIGNAL,cash basis UNRESOLVED; gross basis required,,,,,,,,,
exnight-strategy-v3,rKR-2026-11-16-1,rKR,RKRUSDT,2026-11-16,2026-09-25T23:30:06+00:00,0.9656110633409246,0.18323952822276032,127,0.599132006895404,E0_RANGE,0.0,0.3,no pre-decision precedent,,5000,58.74,NO_SIGNAL,cash basis UNRESOLVED; gross basis required,,,,,,,,,
exnight-strategy-v3,rKR-2026-11-16-1,rKR,RKRUSDT,2026-11-16,2026-09-25T23:30:06+00:00,0.9656110633409246,0.18323952822276032,127,0.599132006895404,E0_RANGE,0.0,0.3,no pre-decision precedent,,25000,58.74,NO_SIGNAL,cash basis UNRESOLVED; gross basis required,,,,,,,,,
exnight-strategy-v3,rLECO-2026-09-30-1,rLECO,RLECOUSDT,2026-09-30,2026-09-25T23:30:06+00:00,0.9656110633409246,0.18323952822276032,127,0.599132006895404,E0_RANGE,0.0,0.3,no pre-decision precedent,0.7900000000000000,1000,271.64,NO_SIGNAL,sell: no depth sample for this symbol/session; buy: no depth sample for this symbol/session,,,,,,,,,
exnight-strategy-v3,rLECO-2026-09-30-1,rLECO,RLECOUSDT,2026-09-30,2026-09-25T23:30:06+00:00,0.9656110633409246,0.18323952822276032,127,0.599132006895404,E0_RANGE,0.0,0.3,no pre-decision precedent,0.7900000000000000,5000,271.64,NO_SIGNAL,sell: no depth sample for this symbol/session; buy: no depth sample for this symbol/session,,,,,,,,,
exnight-strategy-v3,rLECO-2026-09-30-1,rLECO,RLECOUSDT,2026-09-30,2026-09-25T23:30:06+00:00,0.9656110633409246,0.18323952822276032,127,0.599132006895404,E0_RANGE,0.0,0.3,no pre-decision precedent,0.7900000000000000,25000,271.64,NO_SIGNAL,sell: no depth sample for this symbol/session; buy: no depth sample for this symbol/session,,,,,,,,,
exnight-strategy-v3,rLII-2026-09-30-1,rLII,RLIIUSDT,2026-09-30,2026-09-25T23:30:06+00:00,0.9656110633409246,0.18323952822276032,127,0.599132006895404,E0_RANGE,0.0,0.3,no pre-decision precedent,,1000,373.77,NO_SIGNAL,cash basis UNRESOLVED; gross basis required,,,,,,,,,
exnight-strategy-v3,rLII-2026-09-30-1,rLII,RLIIUSDT,2026-09-30,2026-09-25T23:30:06+00:00,0.9656110633409246,0.18323952822276032,127,0.599132006895404,E0_RANGE,0.0,0.3,no pre-decision precedent,,5000,373.77,NO_SIGNAL,cash basis UNRESOLVED; gross basis required,,,,,,,,,
exnight-strategy-v3,rLII-2026-09-30-1,rLII,RLIIUSDT,2026-09-30,2026-09-25T23:30:06+00:00,0.9656110633409246,0.18323952822276032,127,0.599132006895404,E0_RANGE,0.0,0.3,no pre-decision precedent,,25000,373.77,NO_SIGNAL,cash basis UNRESOLVED; gross basis required,,,,,,,,,
exnight-strategy-v3,rLNC-2026-10-09-1,rLNC,RLNCUSDT,2026-10-09,2026-09-25T23:30:06+00:00,0.9656110633409246,0.18323952822276032,127,0.599132006895404,E0_RANGE,0.0,0.3,no pre-decision precedent,,1000,41.69,NO_SIGNAL,cash basis UNRESOLVED; gross basis required,,,,,,,,,
exnight-strategy-v3,rLNC-2026-10-09-1,rLNC,RLNCUSDT,2026-10-09,2026-09-25T23:30:06+00:00,0.9656110633409246,0.18323952822276032,127,0.599132006895404,E0_RANGE,0.0,0.3,no pre-decision precedent,,5000,41.69,NO_SIGNAL,cash basis UNRESOLVED; gross basis required,,,,,,,,,
exnight-strategy-v3,rLNC-2026-10-09-1,rLNC,RLNCUSDT,2026-10-09,2026-09-25T23:30:06+00:00,0.9656110633409246,0.18323952822276032,127,0.599132006895404,E0_RANGE,0.0,0.3,no pre-decision precedent,,25000,41.69,NO_SIGNAL,cash basis UNRESOLVED; gross basis required,,,,,,,,,
exnight-strategy-v3,rLOW-2026-10-21-1,rLOW,RLOWUSDT,2026-10-21,2026-09-25T23:30:06+00:00,0.9656110633409246,0.18323952822276032,127,0.599132006895404,E0_RANGE,0.0,0.3,no pre-decision precedent,,1000,189.95,NO_SIGNAL,cash basis UNRESOLVED; gross basis required,,,,,,,,,
exnight-strategy-v3,rLOW-2026-10-21-1,rLOW,RLOWUSDT,2026-10-21,2026-09-25T23:30:06+00:00,0.9656110633409246,0.18323952822276032,127,0.599132006895404,E0_RANGE,0.0,0.3,no pre-decision precedent,,5000,189.95,NO_SIGNAL,cash basis UNRESOLVED; gross basis required,,,,,,,,,
exnight-strategy-v3,rLOW-2026-10-21-1,rLOW,RLOWUSDT,2026-10-21,2026-09-25T23:30:06+00:00,0.9656110633409246,0.18323952822276032,127,0.599132006895404,E0_RANGE,0.0,0.3,no pre-decision precedent,,25000,189.95,NO_SIGNAL,cash basis UNRESOLVED; gross basis required,,,,,,,,,
exnight-strategy-v3,rMAIN-2026-10-08-1,rMAIN,RMAINUSDT,2026-10-08,2026-09-25T23:30:06+00:00,0.9656110633409246,0.18323952822276032,127,0.599132006895404,E0_RANGE,0.0,0.3,no pre-decision precedent,,1000,55.1,NO_SIGNAL,cash basis UNRESOLVED; gross basis required,,,,,,,,,
exnight-strategy-v3,rMAIN-2026-10-08-1,rMAIN,RMAINUSDT,2026-10-08,2026-09-25T23:30:06+00:00,0.9656110633409246,0.18323952822276032,127,0.599132006895404,E0_RANGE,0.0,0.3,no pre-decision precedent,,5000,55.1,NO_SIGNAL,cash basis UNRESOLVED; gross basis required,,,,,,,,,
exnight-strategy-v3,rMAIN-2026-10-08-1,rMAIN,RMAINUSDT,2026-10-08,2026-09-25T23:30:06+00:00,0.9656110633409246,0.18323952822276032,127,0.599132006895404,E0_RANGE,0.0,0.3,no pre-decision precedent,,25000,55.1,NO_SIGNAL,cash basis UNRESOLVED; gross basis required,,,,,,,,,
exnight-strategy-v3,rMAIN-2026-11-06-1,rMAIN,RMAINUSDT,2026-11-06,2026-09-25T23:30:06+00:00,0.9656110633409246,0.18323952822276032,127,0.599132006895404,E0_RANGE,0.0,0.3,no pre-decision precedent,,1000,55.1,NO_SIGNAL,cash basis UNRESOLVED; gross basis required,,,,,,,,,
exnight-strategy-v3,rMAIN-2026-11-06-1,rMAIN,RMAINUSDT,2026-11-06,2026-09-25T23:30:06+00:00,0.9656110633409246,0.18323952822276032,127,0.599132006895404,E0_RANGE,0.0,0.3,no pre-decision precedent,,5000,55.1,NO_SIGNAL,cash basis UNRESOLVED; gross basis required,,,,,,,,,
exnight-strategy-v3,rMAIN-2026-11-06-1,rMAIN,RMAINUSDT,2026-11-06,2026-09-25T23:30:06+00:00,0.9656110633409246,0.18323952822276032,127,0.599132006895404,E0_RANGE,0.0,0.3,no pre-decision precedent,,25000,55.1,NO_SIGNAL,cash basis UNRESOLVED; gross basis required,,,,,,,,,
exnight-strategy-v3,rMCD-2026-12-01-1,rMCD,RMCDUSDT,2026-12-01,2026-09-25T23:30:06+00:00,0.9656110633409246,0.18323952822276032,127,0.599132006895404,E0_RANGE,0.0,0.3,no pre-decision precedent,,1000,236.76,NO_SIGNAL,cash basis UNRESOLVED; gross basis required,,,,,,,,,
exnight-strategy-v3,rMCD-2026-12-01-1,rMCD,RMCDUSDT,2026-12-01,2026-09-25T23:30:06+00:00,0.9656110633409246,0.18323952822276032,127,0.599132006895404,E0_RANGE,0.0,0.3,no pre-decision precedent,,5000,236.76,NO_SIGNAL,cash basis UNRESOLVED; gross basis required,,,,,,,,,
exnight-strategy-v3,rMCD-2026-12-01-1,rMCD,RMCDUSDT,2026-12-01,2026-09-25T23:30:06+00:00,0.9656110633409246,0.18323952822276032,127,0.599132006895404,E0_RANGE,0.0,0.3,no pre-decision precedent,,25000,236.76,NO_SIGNAL,cash basis UNRESOLVED; gross basis required,,,,,,,,,
exnight-strategy-v3,rMAIN-2026-12-08-1,rMAIN,RMAINUSDT,2026-12-08,2026-09-25T23:30:06+00:00,0.9656110633409246,0.18323952822276032,127,0.599132006895404,E0_RANGE,0.0,0.3,no pre-decision precedent,,1000,55.1,NO_SIGNAL,cash basis UNRESOLVED; gross basis required,,,,,,,,,
exnight-strategy-v3,rMAIN-2026-12-08-1,rMAIN,RMAINUSDT,2026-12-08,2026-09-25T23:30:06+00:00,0.9656110633409246,0.18323952822276032,127,0.599132006895404,E0_RANGE,0.0,0.3,no pre-decision precedent,,5000,55.1,NO_SIGNAL,cash basis UNRESOLVED; gross basis required,,,,,,,,,
exnight-strategy-v3,rMAIN-2026-12-08-1,rMAIN,RMAINUSDT,2026-12-08,2026-09-25T23:30:06+00:00,0.9656110633409246,0.18323952822276032,127,0.599132006895404,E0_RANGE,0.0,0.3,no pre-decision precedent,,25000,55.1,NO_SIGNAL,cash basis UNRESOLVED; gross basis required,,,,,,,,,
exnight-strategy-v3,rMDLZ-2026-09-30-1,rMDLZ,RMDLZUSDT,2026-09-30,2026-09-25T23:30:06+00:00,0.9656110633409246,0.18323952822276032,127,0.599132006895404,E0_RANGE,0.0,0.3,no pre-decision precedent,0.5200000000000000,1000,60.34,NO_SIGNAL,"sell: $1,000 exceeds visible top-of-book ($60) on ticker-only symbol; buy: $1,000 exceeds visible top-of-book ($182) on ticker-only symbol",2026-09-25T23:05:03.168637+00:00,ticker_only,2026-09-25T07:05:03.383026+00:00,ticker_only,,,,,
exnight-strategy-v3,rMDLZ-2026-09-30-1,rMDLZ,RMDLZUSDT,2026-09-30,2026-09-25T23:30:06+00:00,0.9656110633409246,0.18323952822276032,127,0.599132006895404,E0_RANGE,0.0,0.3,no pre-decision precedent,0.5200000000000000,5000,60.34,NO_SIGNAL,"sell: $5,000 exceeds visible top-of-book ($60) on ticker-only symbol; buy: $5,000 exceeds visible top-of-book ($182) on ticker-only symbol",2026-09-25T23:05:03.168637+00:00,ticker_only,2026-09-25T07:05:03.383026+00:00,ticker_only,,,,,
exnight-strategy-v3,rMDLZ-2026-09-30-1,rMDLZ,RMDLZUSDT,2026-09-30,2026-09-25T23:30:06+00:00,0.9656110633409246,0.18323952822276032,127,0.599132006895404,E0_RANGE,0.0,0.3,no pre-decision precedent,0.5200000000000000,25000,60.34,NO_SIGNAL,"sell: $25,000 exceeds visible top-of-book ($60) on ticker-only symbol; buy: $25,000 exceeds visible top-of-book ($182) on ticker-only symbol",2026-09-25T23:05:03.168637+00:00,ticker_only,2026-09-25T07:05:03.383026+00:00,ticker_only,,,,,
exnight-strategy-v3,rMPWR-2026-09-30-1,rMPWR,RMPWRUSDT,2026-09-30,2026-09-25T23:30:06+00:00,0.9656110633409246,0.18323952822276032,127,0.599132006895404,E1_DOCUMENTED_PRECEDENT,0.3,0.3,"dividends_2026_07_24: rMPWR ex 2026-06-30 2 at 30%, available 2026-09-16T11:09:53+00:00 (primary)",2.0000000000000000,1000,1367.43,HOLD,,2026-09-25T23:05:03.168637+00:00,ticker_only,2026-09-25T07:05:03.383026+00:00,ticker_only,17.94988908591391,-18.151625072123103,-18.151625072123103,14.625977198101548,
exnight-strategy-v3,rMPWR-2026-09-30-1,rMPWR,RMPWRUSDT,2026-09-30,2026-09-25T23:30:06+00:00,0.9656110633409246,0.18323952822276032,127,0.599132006895404,E1_DOCUMENTED_PRECEDENT,0.3,0.3,"dividends_2026_07_24: rMPWR ex 2026-06-30 2 at 30%, available 2026-09-16T11:09:53+00:00 (primary)",2.0000000000000000,5000,1367.43,NO_SIGNAL,"buy: $5,000 exceeds visible top-of-book ($1,360) on ticker-only symbol",2026-09-25T23:05:03.168637+00:00,ticker_only,2026-09-25T07:05:03.383026+00:00,ticker_only,,,,,
exnight-strategy-v3,rMPWR-2026-09-30-1,rMPWR,RMPWRUSDT,2026-09-30,2026-09-25T23:30:06+00:00,0.9656110633409246,0.18323952822276032,127,0.599132006895404,E1_DOCUMENTED_PRECEDENT,0.3,0.3,"dividends_2026_07_24: rMPWR ex 2026-06-30 2 at 30%, available 2026-09-16T11:09:53+00:00 (primary)",2.0000000000000000,25000,1367.43,NO_SIGNAL,"sell: $25,000 exceeds visible top-of-book ($13,581) on ticker-only symbol; buy: $25,000 exceeds visible top-of-book ($1,360) on ticker-only symbol",2026-09-25T23:05:03.168637+00:00,ticker_only,2026-09-25T07:05:03.383026+00:00,ticker_only,,,,,
exnight-strategy-v3,rMRSH-2026-10-01-1,rMRSH,RMRSHUSDT,2026-10-01,2026-09-25T23:30:06+00:00,0.9656110633409246,0.18323952822276032,127,0.599132006895404,E0_RANGE,0.0,0.3,no pre-decision precedent,,1000,171.12,NO_SIGNAL,cash basis UNRESOLVED; gross basis required,,,,,,,,,
exnight-strategy-v3,rMRSH-2026-10-01-1,rMRSH,RMRSHUSDT,2026-10-01,2026-09-25T23:30:06+00:00,0.9656110633409246,0.18323952822276032,127,0.599132006895404,E0_RANGE,0.0,0.3,no pre-decision precedent,,5000,171.12,NO_SIGNAL,cash basis UNRESOLVED; gross basis required,,,,,,,,,
exnight-strategy-v3,rMRSH-2026-10-01-1,rMRSH,RMRSHUSDT,2026-10-01,2026-09-25T23:30:06+00:00,0.9656110633409246,0.18323952822276032,127,0.599132006895404,E0_RANGE,0.0,0.3,no pre-decision precedent,,25000,171.12,NO_SIGNAL,cash basis UNRESOLVED; gross basis required,,,,,,,,,
exnight-strategy-v3,rMORN-2026-10-02-1,rMORN,RMORNUSDT,2026-10-02,2026-09-25T23:30:06+00:00,0.9656110633409246,0.18323952822276032,127,0.599132006895404,E0_RANGE,0.0,0.3,no pre-decision precedent,0.5000000000000000,1000,195.98,NO_SIGNAL,sell: no depth sample for this symbol/session; buy: no depth sample for this symbol/session,,,,,,,,,
exnight-strategy-v3,rMORN-2026-10-02-1,rMORN,RMORNUSDT,2026-10-02,2026-09-25T23:30:06+00:00,0.9656110633409246,0.18323952822276032,127,0.599132006895404,E0_RANGE,0.0,0.3,no pre-decision precedent,0.5000000000000000,5000,195.98,NO_SIGNAL,sell: no depth sample for this symbol/session; buy: no depth sample for this symbol/session,,,,,,,,,
exnight-strategy-v3,rMORN-2026-10-02-1,rMORN,RMORNUSDT,2026-10-02,2026-09-25T23:30:06+00:00,0.9656110633409246,0.18323952822276032,127,0.599132006895404,E0_RANGE,0.0,0.3,no pre-decision precedent,0.5000000000000000,25000,195.98,NO_SIGNAL,sell: no depth sample for this symbol/session; buy: no depth sample for this symbol/session,,,,,,,,,
exnight-strategy-v3,rMTCH-2026-10-05-1,rMTCH,RMTCHUSDT,2026-10-05,2026-09-25T23:30:06+00:00,0.9656110633409246,0.18323952822276032,127,0.599132006895404,E0_RANGE,0.0,0.3,no pre-decision precedent,0.2000000000000000,1000,40.26,NO_SIGNAL,sell: no depth sample for this symbol/session; buy: no depth sample for this symbol/session,,,,,,,,,
exnight-strategy-v3,rMTCH-2026-10-05-1,rMTCH,RMTCHUSDT,2026-10-05,2026-09-25T23:30:06+00:00,0.9656110633409246,0.18323952822276032,127,0.599132006895404,E0_RANGE,0.0,0.3,no pre-decision precedent,0.2000000000000000,5000,40.26,NO_SIGNAL,sell: no depth sample for this symbol/session; buy: no depth sample for this symbol/session,,,,,,,,,
exnight-strategy-v3,rMTCH-2026-10-05-1,rMTCH,RMTCHUSDT,2026-10-05,2026-09-25T23:30:06+00:00,0.9656110633409246,0.18323952822276032,127,0.599132006895404,E0_RANGE,0.0,0.3,no pre-decision precedent,0.2000000000000000,25000,40.26,NO_SIGNAL,sell: no depth sample for this symbol/session; buy: no depth sample for this symbol/session,,,,,,,,,
exnight-strategy-v3,rMT-2026-11-13-1,rMT,RMTUSDT,2026-11-13,2026-09-25T23:30:06+00:00,0.9656110633409246,0.18323952822276032,127,0.599132006895404,E0_RANGE,0.0,0.3,no pre-decision precedent,,1000,70.7,NO_SIGNAL,cash basis UNRESOLVED; gross basis required,,,,,,,,,
exnight-strategy-v3,rMT-2026-11-13-1,rMT,RMTUSDT,2026-11-13,2026-09-25T23:30:06+00:00,0.9656110633409246,0.18323952822276032,127,0.599132006895404,E0_RANGE,0.0,0.3,no pre-decision precedent,,5000,70.7,NO_SIGNAL,cash basis UNRESOLVED; gross basis required,,,,,,,,,
exnight-strategy-v3,rMT-2026-11-13-1,rMT,RMTUSDT,2026-11-13,2026-09-25T23:30:06+00:00,0.9656110633409246,0.18323952822276032,127,0.599132006895404,E0_RANGE,0.0,0.3,no pre-decision precedent,,25000,70.7,NO_SIGNAL,cash basis UNRESOLVED; gross basis required,,,,,,,,,
exnight-strategy-v3,rMSFT-2026-11-19-1,rMSFT,RMSFTUSDT,2026-11-19,2026-09-25T23:30:06+00:00,0.9656110633409246,0.18323952822276032,127,0.599132006895404,E0_RANGE,0.0,0.3,no pre-decision precedent,0.9800000000000000,1000,517.72,NO_SIGNAL,sell: no depth sample for this symbol/session; buy: no depth sample for this symbol/session,,,,,,,,,
exnight-strategy-v3,rMSFT-2026-11-19-1,rMSFT,RMSFTUSDT,2026-11-19,2026-09-25T23:30:06+00:00,0.9656110633409246,0.18323952822276032,127,0.599132006895404,E0_RANGE,0.0,0.3,no pre-decision precedent,0.9800000000000000,5000,517.72,NO_SIGNAL,sell: no depth sample for this symbol/session; buy: no depth sample for this symbol/session,,,,,,,,,
exnight-strategy-v3,rMSFT-2026-11-19-1,rMSFT,RMSFTUSDT,2026-11-19,2026-09-25T23:30:06+00:00,0.9656110633409246,0.18323952822276032,127,0.599132006895404,E0_RANGE,0.0,0.3,no pre-decision precedent,0.9800000000000000,25000,517.72,NO_SIGNAL,sell: no depth sample for this symbol/session; buy: no depth sample for this symbol/session,,,,,,,,,
exnight-strategy-v3,rNFG-2026-09-30-1,rNFG,RNFGUSDT,2026-09-30,2026-09-25T23:30:06+00:00,0.9656110633409246,0.18323952822276032,127,0.599132006895404,E0_RANGE,0.0,0.3,no pre-decision precedent,,1000,78.99,NO_SIGNAL,cash basis UNRESOLVED; gross basis required,,,,,,,,,
exnight-strategy-v3,rNFG-2026-09-30-1,rNFG,RNFGUSDT,2026-09-30,2026-09-25T23:30:06+00:00,0.9656110633409246,0.18323952822276032,127,0.599132006895404,E0_RANGE,0.0,0.3,no pre-decision precedent,,5000,78.99,NO_SIGNAL,cash basis UNRESOLVED; gross basis required,,,,,,,,,
exnight-strategy-v3,rNFG-2026-09-30-1,rNFG,RNFGUSDT,2026-09-30,2026-09-25T23:30:06+00:00,0.9656110633409246,0.18323952822276032,127,0.599132006895404,E0_RANGE,0.0,0.3,no pre-decision precedent,,25000,78.99,NO_SIGNAL,cash basis UNRESOLVED; gross basis required,,,,,,,,,
exnight-strategy-v3,rNHC-2026-09-30-1,rNHC,RNHCUSDT,2026-09-30,2026-09-25T23:30:06+00:00,0.9656110633409246,0.18323952822276032,127,0.599132006895404,E0_RANGE,0.0,0.3,no pre-decision precedent,,1000,227.14,NO_SIGNAL,cash basis UNRESOLVED; gross basis required,,,,,,,,,
exnight-strategy-v3,rNHC-2026-09-30-1,rNHC,RNHCUSDT,2026-09-30,2026-09-25T23:30:06+00:00,0.9656110633409246,0.18323952822276032,127,0.599132006895404,E0_RANGE,0.0,0.3,no pre-decision precedent,,5000,227.14,NO_SIGNAL,cash basis UNRESOLVED; gross basis required,,,,,,,,,
exnight-strategy-v3,rNHC-2026-09-30-1,rNHC,RNHCUSDT,2026-09-30,2026-09-25T23:30:06+00:00,0.9656110633409246,0.18323952822276032,127,0.599132006895404,E0_RANGE,0.0,0.3,no pre-decision precedent,,25000,227.14,NO_SIGNAL,cash basis UNRESOLVED; gross basis required,,,,,,,,,
exnight-strategy-v3,rNHI-2026-09-30-1,rNHI,RNHIUSDT,2026-09-30,2026-09-25T23:30:06+00:00,0.9656110633409246,0.18323952822276032,127,0.599132006895404,E0_RANGE,0.0,0.3,no pre-decision precedent,,1000,66.92,NO_SIGNAL,cash basis UNRESOLVED; gross basis required,,,,,,,,,
exnight-strategy-v3,rNHI-2026-09-30-1,rNHI,RNHIUSDT,2026-09-30,2026-09-25T23:30:06+00:00,0.9656110633409246,0.18323952822276032,127,0.599132006895404,E0_RANGE,0.0,0.3,no pre-decision precedent,,5000,66.92,NO_SIGNAL,cash basis UNRESOLVED; gross basis required,,,,,,,,,
exnight-strategy-v3,rNHI-2026-09-30-1,rNHI,RNHIUSDT,2026-09-30,2026-09-25T23:30:06+00:00,0.9656110633409246,0.18323952822276032,127,0.599132006895404,E0_RANGE,0.0,0.3,no pre-decision precedent,,25000,66.92,NO_SIGNAL,cash basis UNRESOLVED; gross basis required,,,,,,,,,
exnight-strategy-v3,rNI-2026-10-30-1,rNI,RNIUSDT,2026-10-30,2026-09-25T23:30:06+00:00,0.9656110633409246,0.18323952822276032,127,0.599132006895404,E0_RANGE,0.0,0.3,no pre-decision precedent,,1000,39.42,NO_SIGNAL,cash basis UNRESOLVED; gross basis required,,,,,,,,,
exnight-strategy-v3,rNI-2026-10-30-1,rNI,RNIUSDT,2026-10-30,2026-09-25T23:30:06+00:00,0.9656110633409246,0.18323952822276032,127,0.599132006895404,E0_RANGE,0.0,0.3,no pre-decision precedent,,5000,39.42,NO_SIGNAL,cash basis UNRESOLVED; gross basis required,,,,,,,,,
exnight-strategy-v3,rNI-2026-10-30-1,rNI,RNIUSDT,2026-10-30,2026-09-25T23:30:06+00:00,0.9656110633409246,0.18323952822276032,127,0.599132006895404,E0_RANGE,0.0,0.3,no pre-decision precedent,,25000,39.42,NO_SIGNAL,cash basis UNRESOLVED; gross basis required,,,,,,,,,
exnight-strategy-v3,rNOG-2026-09-29-1,rNOG,RNOGUSDT,2026-09-29,2026-09-25T23:30:06+00:00,0.9656110633409246,0.18323952822276032,127,0.599132006895404,E0_RANGE,0.0,0.3,no pre-decision precedent,,1000,23.29,NO_SIGNAL,cash basis UNRESOLVED; gross basis required,,,,,,,,,
exnight-strategy-v3,rNOG-2026-09-29-1,rNOG,RNOGUSDT,2026-09-29,2026-09-25T23:30:06+00:00,0.9656110633409246,0.18323952822276032,127,0.599132006895404,E0_RANGE,0.0,0.3,no pre-decision precedent,,5000,23.29,NO_SIGNAL,cash basis UNRESOLVED; gross basis required,,,,,,,,,
exnight-strategy-v3,rNOG-2026-09-29-1,rNOG,RNOGUSDT,2026-09-29,2026-09-25T23:30:06+00:00,0.9656110633409246,0.18323952822276032,127,0.599132006895404,E0_RANGE,0.0,0.3,no pre-decision precedent,,25000,23.29,NO_SIGNAL,cash basis UNRESOLVED; gross basis required,,,,,,,,,
exnight-strategy-v3,rNLY-2026-09-30-1,rNLY,RNLYUSDT,2026-09-30,2026-09-25T23:30:06+00:00,0.9656110633409246,0.18323952822276032,127,0.599132006895404,E0_RANGE,0.0,0.3,no pre-decision precedent,,1000,20.77,NO_SIGNAL,cash basis UNRESOLVED; gross basis required,,,,,,,,,
exnight-strategy-v3,rNLY-2026-09-30-1,rNLY,RNLYUSDT,2026-09-30,2026-09-25T23:30:06+00:00,0.9656110633409246,0.18323952822276032,127,0.599132006895404,E0_RANGE,0.0,0.3,no pre-decision precedent,,5000,20.77,NO_SIGNAL,cash basis UNRESOLVED; gross basis required,,,,,,,,,
exnight-strategy-v3,rNLY-2026-09-30-1,rNLY,RNLYUSDT,2026-09-30,2026-09-25T23:30:06+00:00,0.9656110633409246,0.18323952822276032,127,0.599132006895404,E0_RANGE,0.0,0.3,no pre-decision precedent,,25000,20.77,NO_SIGNAL,cash basis UNRESOLVED; gross basis required,,,,,,,,,
exnight-strategy-v3,rNTAP-2026-10-09-1,rNTAP,RNTAPUSDT,2026-10-09,2026-09-25T23:30:06+00:00,0.9656110633409246,0.18323952822276032,127,0.599132006895404,E0_RANGE,0.0,0.3,no pre-decision precedent,0.5200000000000000,1000,201.23,NO_SIGNAL,sell: no depth sample for this symbol/session; buy: no depth sample for this symbol/session,,,,,,,,,
exnight-strategy-v3,rNTAP-2026-10-09-1,rNTAP,RNTAPUSDT,2026-10-09,2026-09-25T23:30:06+00:00,0.9656110633409246,0.18323952822276032,127,0.599132006895404,E0_RANGE,0.0,0.3,no pre-decision precedent,0.5200000000000000,5000,201.23,NO_SIGNAL,sell: no depth sample for this symbol/session; buy: no depth sample for this symbol/session,,,,,,,,,
exnight-strategy-v3,rNTAP-2026-10-09-1,rNTAP,RNTAPUSDT,2026-10-09,2026-09-25T23:30:06+00:00,0.9656110633409246,0.18323952822276032,127,0.599132006895404,E0_RANGE,0.0,0.3,no pre-decision precedent,0.5200000000000000,25000,201.23,NO_SIGNAL,sell: no depth sample for this symbol/session; buy: no depth sample for this symbol/session,,,,,,,,,
exnight-strategy-v3,rNUE-2026-09-30-1,rNUE,RNUEUSDT,2026-09-30,2026-09-25T23:30:06+00:00,0.9656110633409246,0.18323952822276032,127,0.599132006895404,E0_RANGE,0.0,0.3,no pre-decision precedent,,1000,247.25,NO_SIGNAL,cash basis UNRESOLVED; gross basis required,,,,,,,,,
exnight-strategy-v3,rNUE-2026-09-30-1,rNUE,RNUEUSDT,2026-09-30,2026-09-25T23:30:06+00:00,0.9656110633409246,0.18323952822276032,127,0.599132006895404,E0_RANGE,0.0,0.3,no pre-decision precedent,,5000,247.25,NO_SIGNAL,cash basis UNRESOLVED; gross basis required,,,,,,,,,
exnight-strategy-v3,rNUE-2026-09-30-1,rNUE,RNUEUSDT,2026-09-30,2026-09-25T23:30:06+00:00,0.9656110633409246,0.18323952822276032,127,0.599132006895404,E0_RANGE,0.0,0.3,no pre-decision precedent,,25000,247.25,NO_SIGNAL,cash basis UNRESOLVED; gross basis required,,,,,,,,,
exnight-strategy-v3,rO-2026-09-30-1,rO,ROUSDT,2026-09-30,2026-09-25T23:30:06+00:00,0.9656110633409246,0.18323952822276032,127,0.599132006895404,E0_RANGE,0.0,0.3,no pre-decision precedent,,1000,55.69,NO_SIGNAL,cash basis UNRESOLVED; gross basis required,,,,,,,,,
exnight-strategy-v3,rO-2026-09-30-1,rO,ROUSDT,2026-09-30,2026-09-25T23:30:06+00:00,0.9656110633409246,0.18323952822276032,127,0.599132006895404,E0_RANGE,0.0,0.3,no pre-decision precedent,,5000,55.69,NO_SIGNAL,cash basis UNRESOLVED; gross basis required,,,,,,,,,
exnight-strategy-v3,rO-2026-09-30-1,rO,ROUSDT,2026-09-30,2026-09-25T23:30:06+00:00,0.9656110633409246,0.18323952822276032,127,0.599132006895404,E0_RANGE,0.0,0.3,no pre-decision precedent,,25000,55.69,NO_SIGNAL,cash basis UNRESOLVED; gross basis required,,,,,,,,,
exnight-strategy-v3,rOBDC-2026-09-30-1,rOBDC,ROBDCUSDT,2026-09-30,2026-09-25T23:30:06+00:00,0.9656110633409246,0.18323952822276032,127,0.599132006895404,E0_RANGE,0.0,0.3,no pre-decision precedent,,1000,10.85,NO_SIGNAL,cash basis UNRESOLVED; gross basis required,,,,,,,,,
exnight-strategy-v3,rOBDC-2026-09-30-1,rOBDC,ROBDCUSDT,2026-09-30,2026-09-25T23:30:06+00:00,0.9656110633409246,0.18323952822276032,127,0.599132006895404,E0_RANGE,0.0,0.3,no pre-decision precedent,,5000,10.85,NO_SIGNAL,cash basis UNRESOLVED; gross basis required,,,,,,,,,
exnight-strategy-v3,rOBDC-2026-09-30-1,rOBDC,ROBDCUSDT,2026-09-30,2026-09-25T23:30:06+00:00,0.9656110633409246,0.18323952822276032,127,0.599132006895404,E0_RANGE,0.0,0.3,no pre-decision precedent,,25000,10.85,NO_SIGNAL,cash basis UNRESOLVED; gross basis required,,,,,,,,,
exnight-strategy-v3,rOC-2026-10-19-1,rOC,ROCUSDT,2026-10-19,2026-09-25T23:30:06+00:00,0.9656110633409246,0.18323952822276032,127,0.599132006895404,E0_RANGE,0.0,0.3,no pre-decision precedent,,1000,123.91,NO_SIGNAL,cash basis UNRESOLVED; gross basis required,,,,,,,,,
exnight-strategy-v3,rOC-2026-10-19-1,rOC,ROCUSDT,2026-10-19,2026-09-25T23:30:06+00:00,0.9656110633409246,0.18323952822276032,127,0.599132006895404,E0_RANGE,0.0,0.3,no pre-decision precedent,,5000,123.91,NO_SIGNAL,cash basis UNRESOLVED; gross basis required,,,,,,,,,
exnight-strategy-v3,rOC-2026-10-19-1,rOC,ROCUSDT,2026-10-19,2026-09-25T23:30:06+00:00,0.9656110633409246,0.18323952822276032,127,0.599132006895404,E0_RANGE,0.0,0.3,no pre-decision precedent,,25000,123.91,NO_SIGNAL,cash basis UNRESOLVED; gross basis required,,,,,,,,,
exnight-strategy-v3,rNVT-2026-10-23-1,rNVT,RNVTUSDT,2026-10-23,2026-09-25T23:30:06+00:00,0.9656110633409246,0.18323952822276032,127,0.599132006895404,E0_RANGE,0.0,0.3,no pre-decision precedent,,1000,164.43,NO_SIGNAL,cash basis UNRESOLVED; gross basis required,,,,,,,,,
exnight-strategy-v3,rNVT-2026-10-23-1,rNVT,RNVTUSDT,2026-10-23,2026-09-25T23:30:06+00:00,0.9656110633409246,0.18323952822276032,127,0.599132006895404,E0_RANGE,0.0,0.3,no pre-decision precedent,,5000,164.43,NO_SIGNAL,cash basis UNRESOLVED; gross basis required,,,,,,,,,
exnight-strategy-v3,rNVT-2026-10-23-1,rNVT,RNVTUSDT,2026-10-23,2026-09-25T23:30:06+00:00,0.9656110633409246,0.18323952822276032,127,0.599132006895404,E0_RANGE,0.0,0.3,no pre-decision precedent,,25000,164.43,NO_SIGNAL,cash basis UNRESOLVED; gross basis required,,,,,,,,,
exnight-strategy-v3,rOR-2026-09-29-1,rOR,RORUSDT,2026-09-29,2026-09-25T23:30:06+00:00,0.9656110633409246,0.18323952822276032,127,0.599132006895404,E0_RANGE,0.0,0.3,no pre-decision precedent,,1000,35.78,NO_SIGNAL,cash basis UNRESOLVED; gross basis required,,,,,,,,,
exnight-strategy-v3,rOR-2026-09-29-1,rOR,RORUSDT,2026-09-29,2026-09-25T23:30:06+00:00,0.9656110633409246,0.18323952822276032,127,0.599132006895404,E0_RANGE,0.0,0.3,no pre-decision precedent,,5000,35.78,NO_SIGNAL,cash basis UNRESOLVED; gross basis required,,,,,,,,,
exnight-strategy-v3,rOR-2026-09-29-1,rOR,RORUSDT,2026-09-29,2026-09-25T23:30:06+00:00,0.9656110633409246,0.18323952822276032,127,0.599132006895404,E0_RANGE,0.0,0.3,no pre-decision precedent,,25000,35.78,NO_SIGNAL,cash basis UNRESOLVED; gross basis required,,,,,,,,,
exnight-strategy-v3,rOR-2026-09-30-1,rOR,RORUSDT,2026-09-30,2026-09-25T23:30:06+00:00,0.9656110633409246,0.18323952822276032,127,0.599132006895404,E0_RANGE,0.0,0.3,no pre-decision precedent,,1000,35.78,NO_SIGNAL,cash basis UNRESOLVED; gross basis required,,,,,,,,,
exnight-strategy-v3,rOR-2026-09-30-1,rOR,RORUSDT,2026-09-30,2026-09-25T23:30:06+00:00,0.9656110633409246,0.18323952822276032,127,0.599132006895404,E0_RANGE,0.0,0.3,no pre-decision precedent,,5000,35.78,NO_SIGNAL,cash basis UNRESOLVED; gross basis required,,,,,,,,,
exnight-strategy-v3,rOR-2026-09-30-1,rOR,RORUSDT,2026-09-30,2026-09-25T23:30:06+00:00,0.9656110633409246,0.18323952822276032,127,0.599132006895404,E0_RANGE,0.0,0.3,no pre-decision precedent,,25000,35.78,NO_SIGNAL,cash basis UNRESOLVED; gross basis required,,,,,,,,,
exnight-strategy-v3,rOTF-2026-09-30-1,rOTF,ROTFUSDT,2026-09-30,2026-09-25T23:30:06+00:00,0.9656110633409246,0.18323952822276032,127,0.599132006895404,E0_RANGE,0.0,0.3,no pre-decision precedent,,1000,10.22,NO_SIGNAL,cash basis UNRESOLVED; gross basis required,,,,,,,,,
exnight-strategy-v3,rOTF-2026-09-30-1,rOTF,ROTFUSDT,2026-09-30,2026-09-25T23:30:06+00:00,0.9656110633409246,0.18323952822276032,127,0.599132006895404,E0_RANGE,0.0,0.3,no pre-decision precedent,,5000,10.22,NO_SIGNAL,cash basis UNRESOLVED; gross basis required,,,,,,,,,
exnight-strategy-v3,rOTF-2026-09-30-1,rOTF,ROTFUSDT,2026-09-30,2026-09-25T23:30:06+00:00,0.9656110633409246,0.18323952822276032,127,0.599132006895404,E0_RANGE,0.0,0.3,no pre-decision precedent,,25000,10.22,NO_SIGNAL,cash basis UNRESOLVED; gross basis required,,,,,,,,,
exnight-strategy-v3,rORCL-2026-10-09-1,rORCL,RORCLUSDT,2026-10-09,2026-09-25T23:30:06+00:00,0.9656110633409246,0.18323952822276032,127,0.599132006895404,E0_RANGE,0.0,0.3,no pre-decision precedent,,1000,137.18,NO_SIGNAL,cash basis UNRESOLVED; gross basis required,,,,,,,,,
exnight-strategy-v3,rORCL-2026-10-09-1,rORCL,RORCLUSDT,2026-10-09,2026-09-25T23:30:06+00:00,0.9656110633409246,0.18323952822276032,127,0.599132006895404,E0_RANGE,0.0,0.3,no pre-decision precedent,,5000,137.18,NO_SIGNAL,cash basis UNRESOLVED; gross basis required,,,,,,,,,
exnight-strategy-v3,rORCL-2026-10-09-1,rORCL,RORCLUSDT,2026-10-09,2026-09-25T23:30:06+00:00,0.9656110633409246,0.18323952822276032,127,0.599132006895404,E0_RANGE,0.0,0.3,no pre-decision precedent,,25000,137.18,NO_SIGNAL,cash basis UNRESOLVED; gross basis required,,,,,,,,,
exnight-strategy-v3,rPCG-2026-09-30-1,rPCG,RPCGUSDT,2026-09-30,2026-09-25T23:30:06+00:00,0.9656110633409246,0.18323952822276032,127,0.599132006895404,E1_DOCUMENTED_PRECEDENT,0.3,0.3,"dividends_2026_07_24: rPCG ex 2026-06-30 0.05 at 30%, available 2026-09-16T11:09:53+00:00 (primary)",,1000,12.33,NO_SIGNAL,cash basis UNRESOLVED; gross basis required,,,,,,,,,
exnight-strategy-v3,rPCG-2026-09-30-1,rPCG,RPCGUSDT,2026-09-30,2026-09-25T23:30:06+00:00,0.9656110633409246,0.18323952822276032,127,0.599132006895404,E1_DOCUMENTED_PRECEDENT,0.3,0.3,"dividends_2026_07_24: rPCG ex 2026-06-30 0.05 at 30%, available 2026-09-16T11:09:53+00:00 (primary)",,5000,12.33,NO_SIGNAL,cash basis UNRESOLVED; gross basis required,,,,,,,,,
exnight-strategy-v3,rPCG-2026-09-30-1,rPCG,RPCGUSDT,2026-09-30,2026-09-25T23:30:06+00:00,0.9656110633409246,0.18323952822276032,127,0.599132006895404,E1_DOCUMENTED_PRECEDENT,0.3,0.3,"dividends_2026_07_24: rPCG ex 2026-06-30 0.05 at 30%, available 2026-09-16T11:09:53+00:00 (primary)",,25000,12.33,NO_SIGNAL,cash basis UNRESOLVED; gross basis required,,,,,,,,,
exnight-strategy-v3,rPEGA-2026-10-01-1,rPEGA,RPEGAUSDT,2026-10-01,2026-09-25T23:30:06+00:00,0.9656110633409246,0.18323952822276032,127,0.599132006895404,E0_RANGE,0.0,0.3,no pre-decision precedent,0.0300000000000000,1000,33.75,NO_SIGNAL,sell: no depth sample for this symbol/session; buy: no depth sample for this symbol/session,,,,,,,,,
exnight-strategy-v3,rPEGA-2026-10-01-1,rPEGA,RPEGAUSDT,2026-10-01,2026-09-25T23:30:06+00:00,0.9656110633409246,0.18323952822276032,127,0.599132006895404,E0_RANGE,0.0,0.3,no pre-decision precedent,0.0300000000000000,5000,33.75,NO_SIGNAL,sell: no depth sample for this symbol/session; buy: no depth sample for this symbol/session,,,,,,,,,
exnight-strategy-v3,rPEGA-2026-10-01-1,rPEGA,RPEGAUSDT,2026-10-01,2026-09-25T23:30:06+00:00,0.9656110633409246,0.18323952822276032,127,0.599132006895404,E0_RANGE,0.0,0.3,no pre-decision precedent,0.0300000000000000,25000,33.75,NO_SIGNAL,sell: no depth sample for this symbol/session; buy: no depth sample for this symbol/session,,,,,,,,,
exnight-strategy-v3,rPECO-2026-10-15-1,rPECO,RPECOUSDT,2026-10-15,2026-09-25T23:30:06+00:00,0.9656110633409246,0.18323952822276032,127,0.599132006895404,E0_RANGE,0.0,0.3,no pre-decision precedent,0.1150000000000000,1000,37.66,NO_SIGNAL,sell: no depth sample for this symbol/session; buy: no depth sample for this symbol/session,,,,,,,,,
exnight-strategy-v3,rPECO-2026-10-15-1,rPECO,RPECOUSDT,2026-10-15,2026-09-25T23:30:06+00:00,0.9656110633409246,0.18323952822276032,127,0.599132006895404,E0_RANGE,0.0,0.3,no pre-decision precedent,0.1150000000000000,5000,37.66,NO_SIGNAL,sell: no depth sample for this symbol/session; buy: no depth sample for this symbol/session,,,,,,,,,
exnight-strategy-v3,rPECO-2026-10-15-1,rPECO,RPECOUSDT,2026-10-15,2026-09-25T23:30:06+00:00,0.9656110633409246,0.18323952822276032,127,0.599132006895404,E0_RANGE,0.0,0.3,no pre-decision precedent,0.1150000000000000,25000,37.66,NO_SIGNAL,sell: no depth sample for this symbol/session; buy: no depth sample for this symbol/session,,,,,,,,,
exnight-strategy-v3,rPCAR-2026-11-10-1,rPCAR,RPCARUSDT,2026-11-10,2026-09-25T23:30:06+00:00,0.9656110633409246,0.18323952822276032,127,0.599132006895404,E0_RANGE,0.0,0.3,no pre-decision precedent,0.3499999900000000,1000,111.31,NO_SIGNAL,sell: no depth sample for this symbol/session; buy: no depth sample for this symbol/session,,,,,,,,,
exnight-strategy-v3,rPCAR-2026-11-10-1,rPCAR,RPCARUSDT,2026-11-10,2026-09-25T23:30:06+00:00,0.9656110633409246,0.18323952822276032,127,0.599132006895404,E0_RANGE,0.0,0.3,no pre-decision precedent,0.3499999900000000,5000,111.31,NO_SIGNAL,sell: no depth sample for this symbol/session; buy: no depth sample for this symbol/session,,,,,,,,,
exnight-strategy-v3,rPCAR-2026-11-10-1,rPCAR,RPCARUSDT,2026-11-10,2026-09-25T23:30:06+00:00,0.9656110633409246,0.18323952822276032,127,0.599132006895404,E0_RANGE,0.0,0.3,no pre-decision precedent,0.3499999900000000,25000,111.31,NO_SIGNAL,sell: no depth sample for this symbol/session; buy: no depth sample for this symbol/session,,,,,,,,,
exnight-strategy-v3,rPECO-2026-11-16-1,rPECO,RPECOUSDT,2026-11-16,2026-09-25T23:30:06+00:00,0.9656110633409246,0.18323952822276032,127,0.599132006895404,E0_RANGE,0.0,0.3,no pre-decision precedent,0.1150000000000000,1000,37.66,NO_SIGNAL,sell: no depth sample for this symbol/session; buy: no depth sample for this symbol/session,,,,,,,,,
exnight-strategy-v3,rPECO-2026-11-16-1,rPECO,RPECOUSDT,2026-11-16,2026-09-25T23:30:06+00:00,0.9656110633409246,0.18323952822276032,127,0.599132006895404,E0_RANGE,0.0,0.3,no pre-decision precedent,0.1150000000000000,5000,37.66,NO_SIGNAL,sell: no depth sample for this symbol/session; buy: no depth sample for this symbol/session,,,,,,,,,
exnight-strategy-v3,rPECO-2026-11-16-1,rPECO,RPECOUSDT,2026-11-16,2026-09-25T23:30:06+00:00,0.9656110633409246,0.18323952822276032,127,0.599132006895404,E0_RANGE,0.0,0.3,no pre-decision precedent,0.1150000000000000,25000,37.66,NO_SIGNAL,sell: no depth sample for this symbol/session; buy: no depth sample for this symbol/session,,,,,,,,,
exnight-strategy-v3,rPK-2026-09-30-1,rPK,RPKUSDT,2026-09-30,2026-09-25T23:30:06+00:00,0.9656110633409246,0.18323952822276032,127,0.599132006895404,E0_RANGE,0.0,0.3,no pre-decision precedent,,1000,15.43,NO_SIGNAL,cash basis UNRESOLVED; gross basis required,,,,,,,,,
exnight-strategy-v3,rPK-2026-09-30-1,rPK,RPKUSDT,2026-09-30,2026-09-25T23:30:06+00:00,0.9656110633409246,0.18323952822276032,127,0.599132006895404,E0_RANGE,0.0,0.3,no pre-decision precedent,,5000,15.43,NO_SIGNAL,cash basis UNRESOLVED; gross basis required,,,,,,,,,
exnight-strategy-v3,rPK-2026-09-30-1,rPK,RPKUSDT,2026-09-30,2026-09-25T23:30:06+00:00,0.9656110633409246,0.18323952822276032,127,0.599132006895404,E0_RANGE,0.0,0.3,no pre-decision precedent,,25000,15.43,NO_SIGNAL,cash basis UNRESOLVED; gross basis required,,,,,,,,,
exnight-strategy-v3,rPGR-2026-10-01-1,rPGR,RPGRUSDT,2026-10-01,2026-09-25T23:30:06+00:00,0.9656110633409246,0.18323952822276032,127,0.599132006895404,E0_RANGE,0.0,0.3,no pre-decision precedent,,1000,205.5,NO_SIGNAL,cash basis UNRESOLVED; gross basis required,,,,,,,,,
exnight-strategy-v3,rPGR-2026-10-01-1,rPGR,RPGRUSDT,2026-10-01,2026-09-25T23:30:06+00:00,0.9656110633409246,0.18323952822276032,127,0.599132006895404,E0_RANGE,0.0,0.3,no pre-decision precedent,,5000,205.5,NO_SIGNAL,cash basis UNRESOLVED; gross basis required,,,,,,,,,
exnight-strategy-v3,rPGR-2026-10-01-1,rPGR,RPGRUSDT,2026-10-01,2026-09-25T23:30:06+00:00,0.9656110633409246,0.18323952822276032,127,0.599132006895404,E0_RANGE,0.0,0.3,no pre-decision precedent,,25000,205.5,NO_SIGNAL,cash basis UNRESOLVED; gross basis required,,,,,,,,,
exnight-strategy-v3,rPM-2026-10-02-1,rPM,RPMUSDT,2026-10-02,2026-09-25T23:30:06+00:00,0.9656110633409246,0.18323952822276032,127,0.599132006895404,E1_DOCUMENTED_PRECEDENT,0.3,0.3,"dividends_2026_07_24: rPM ex 2026-06-25 1.47 at 30%, available 2026-09-16T11:09:53+00:00 (primary)",,1000,190.55,NO_SIGNAL,cash basis UNRESOLVED; gross basis required,,,,,,,,,
exnight-strategy-v3,rPM-2026-10-02-1,rPM,RPMUSDT,2026-10-02,2026-09-25T23:30:06+00:00,0.9656110633409246,0.18323952822276032,127,0.599132006895404,E1_DOCUMENTED_PRECEDENT,0.3,0.3,"dividends_2026_07_24: rPM ex 2026-06-25 1.47 at 30%, available 2026-09-16T11:09:53+00:00 (primary)",,5000,190.55,NO_SIGNAL,cash basis UNRESOLVED; gross basis required,,,,,,,,,
exnight-strategy-v3,rPM-2026-10-02-1,rPM,RPMUSDT,2026-10-02,2026-09-25T23:30:06+00:00,0.9656110633409246,0.18323952822276032,127,0.599132006895404,E1_DOCUMENTED_PRECEDENT,0.3,0.3,"dividends_2026_07_24: rPM ex 2026-06-25 1.47 at 30%, available 2026-09-16T11:09:53+00:00 (primary)",,25000,190.55,NO_SIGNAL,cash basis UNRESOLVED; gross basis required,,,,,,,,,
exnight-strategy-v3,rPNR-2026-10-23-1,rPNR,RPNRUSDT,2026-10-23,2026-09-25T23:30:06+00:00,0.9656110633409246,0.18323952822276032,127,0.599132006895404,E0_RANGE,0.0,0.3,no pre-decision precedent,,1000,53.66,NO_SIGNAL,cash basis UNRESOLVED; gross basis required,,,,,,,,,
exnight-strategy-v3,rPNR-2026-10-23-1,rPNR,RPNRUSDT,2026-10-23,2026-09-25T23:30:06+00:00,0.9656110633409246,0.18323952822276032,127,0.599132006895404,E0_RANGE,0.0,0.3,no pre-decision precedent,,5000,53.66,NO_SIGNAL,cash basis UNRESOLVED; gross basis required,,,,,,,,,
exnight-strategy-v3,rPNR-2026-10-23-1,rPNR,RPNRUSDT,2026-10-23,2026-09-25T23:30:06+00:00,0.9656110633409246,0.18323952822276032,127,0.599132006895404,E0_RANGE,0.0,0.3,no pre-decision precedent,,25000,53.66,NO_SIGNAL,cash basis UNRESOLVED; gross basis required,,,,,,,,,
exnight-strategy-v3,rPRIM-2026-09-30-1,rPRIM,RPRIMUSDT,2026-09-30,2026-09-25T23:30:06+00:00,0.9656110633409246,0.18323952822276032,127,0.599132006895404,E0_RANGE,0.0,0.3,no pre-decision precedent,,1000,72.2,NO_SIGNAL,cash basis UNRESOLVED; gross basis required,,,,,,,,,
exnight-strategy-v3,rPRIM-2026-09-30-1,rPRIM,RPRIMUSDT,2026-09-30,2026-09-25T23:30:06+00:00,0.9656110633409246,0.18323952822276032,127,0.599132006895404,E0_RANGE,0.0,0.3,no pre-decision precedent,,5000,72.2,NO_SIGNAL,cash basis UNRESOLVED; gross basis required,,,,,,,,,
exnight-strategy-v3,rPRIM-2026-09-30-1,rPRIM,RPRIMUSDT,2026-09-30,2026-09-25T23:30:06+00:00,0.9656110633409246,0.18323952822276032,127,0.599132006895404,E0_RANGE,0.0,0.3,no pre-decision precedent,,25000,72.2,NO_SIGNAL,cash basis UNRESOLVED; gross basis required,,,,,,,,,
exnight-strategy-v3,rPWR-2026-10-01-1,rPWR,RPWRUSDT,2026-10-01,2026-09-25T23:30:06+00:00,0.9656110633409246,0.18323952822276032,127,0.599132006895404,E1_DOCUMENTED_PRECEDENT,0.3,0.3,"dividends_2026_07_24: rPWR ex 2026-07-01 0.11 at 30%, available 2026-09-16T11:09:53+00:00 (primary)",,1000,651.9,NO_SIGNAL,cash basis UNRESOLVED; gross basis required,,,,,,,,,
exnight-strategy-v3,rPWR-2026-10-01-1,rPWR,RPWRUSDT,2026-10-01,2026-09-25T23:30:06+00:00,0.9656110633409246,0.18323952822276032,127,0.599132006895404,E1_DOCUMENTED_PRECEDENT,0.3,0.3,"dividends_2026_07_24: rPWR ex 2026-07-01 0.11 at 30%, available 2026-09-16T11:09:53+00:00 (primary)",,5000,651.9,NO_SIGNAL,cash basis UNRESOLVED; gross basis required,,,,,,,,,
exnight-strategy-v3,rPWR-2026-10-01-1,rPWR,RPWRUSDT,2026-10-01,2026-09-25T23:30:06+00:00,0.9656110633409246,0.18323952822276032,127,0.599132006895404,E1_DOCUMENTED_PRECEDENT,0.3,0.3,"dividends_2026_07_24: rPWR ex 2026-07-01 0.11 at 30%, available 2026-09-16T11:09:53+00:00 (primary)",,25000,651.9,NO_SIGNAL,cash basis UNRESOLVED; gross basis required,,,,,,,,,
exnight-strategy-v3,rREXR-2026-09-30-1,rREXR,RREXRUSDT,2026-09-30,2026-09-25T23:30:06+00:00,0.9656110633409246,0.18323952822276032,127,0.599132006895404,E0_RANGE,0.0,0.3,no pre-decision precedent,,1000,37.47,NO_SIGNAL,cash basis UNRESOLVED; gross basis required,,,,,,,,,
exnight-strategy-v3,rREXR-2026-09-30-1,rREXR,RREXRUSDT,2026-09-30,2026-09-25T23:30:06+00:00,0.9656110633409246,0.18323952822276032,127,0.599132006895404,E0_RANGE,0.0,0.3,no pre-decision precedent,,5000,37.47,NO_SIGNAL,cash basis UNRESOLVED; gross basis required,,,,,,,,,
exnight-strategy-v3,rREXR-2026-09-30-1,rREXR,RREXRUSDT,2026-09-30,2026-09-25T23:30:06+00:00,0.9656110633409246,0.18323952822276032,127,0.599132006895404,E0_RANGE,0.0,0.3,no pre-decision precedent,,25000,37.47,NO_SIGNAL,cash basis UNRESOLVED; gross basis required,,,,,,,,,
exnight-strategy-v3,rRHP-2026-09-30-1,rRHP,RRHPUSDT,2026-09-30,2026-09-25T23:30:06+00:00,0.9656110633409246,0.18323952822276032,127,0.599132006895404,E0_RANGE,0.0,0.3,no pre-decision precedent,,1000,121.46,NO_SIGNAL,cash basis UNRESOLVED; gross basis required,,,,,,,,,
exnight-strategy-v3,rRHP-2026-09-30-1,rRHP,RRHPUSDT,2026-09-30,2026-09-25T23:30:06+00:00,0.9656110633409246,0.18323952822276032,127,0.599132006895404,E0_RANGE,0.0,0.3,no pre-decision precedent,,5000,121.46,NO_SIGNAL,cash basis UNRESOLVED; gross basis required,,,,,,,,,
exnight-strategy-v3,rRHP-2026-09-30-1,rRHP,RRHPUSDT,2026-09-30,2026-09-25T23:30:06+00:00,0.9656110633409246,0.18323952822276032,127,0.599132006895404,E0_RANGE,0.0,0.3,no pre-decision precedent,,25000,121.46,NO_SIGNAL,cash basis UNRESOLVED; gross basis required,,,,,,,,,
exnight-strategy-v3,rRITM-2026-10-01-1,rRITM,RRITMUSDT,2026-10-01,2026-09-25T23:30:06+00:00,0.9656110633409246,0.18323952822276032,127,0.599132006895404,E0_RANGE,0.0,0.3,no pre-decision precedent,,1000,9.26,NO_SIGNAL,cash basis UNRESOLVED; gross basis required,,,,,,,,,
exnight-strategy-v3,rRITM-2026-10-01-1,rRITM,RRITMUSDT,2026-10-01,2026-09-25T23:30:06+00:00,0.9656110633409246,0.18323952822276032,127,0.599132006895404,E0_RANGE,0.0,0.3,no pre-decision precedent,,5000,9.26,NO_SIGNAL,cash basis UNRESOLVED; gross basis required,,,,,,,,,
exnight-strategy-v3,rRITM-2026-10-01-1,rRITM,RRITMUSDT,2026-10-01,2026-09-25T23:30:06+00:00,0.9656110633409246,0.18323952822276032,127,0.599132006895404,E0_RANGE,0.0,0.3,no pre-decision precedent,,25000,9.26,NO_SIGNAL,cash basis UNRESOLVED; gross basis required,,,,,,,,,
exnight-strategy-v3,rRJF-2026-10-01-1,rRJF,RRJFUSDT,2026-10-01,2026-09-25T23:30:06+00:00,0.9656110633409246,0.18323952822276032,127,0.599132006895404,E0_RANGE,0.0,0.3,no pre-decision precedent,,1000,159.87,NO_SIGNAL,cash basis UNRESOLVED; gross basis required,,,,,,,,,
exnight-strategy-v3,rRJF-2026-10-01-1,rRJF,RRJFUSDT,2026-10-01,2026-09-25T23:30:06+00:00,0.9656110633409246,0.18323952822276032,127,0.599132006895404,E0_RANGE,0.0,0.3,no pre-decision precedent,,5000,159.87,NO_SIGNAL,cash basis UNRESOLVED; gross basis required,,,,,,,,,
exnight-strategy-v3,rRJF-2026-10-01-1,rRJF,RRJFUSDT,2026-10-01,2026-09-25T23:30:06+00:00,0.9656110633409246,0.18323952822276032,127,0.599132006895404,E0_RANGE,0.0,0.3,no pre-decision precedent,,25000,159.87,NO_SIGNAL,cash basis UNRESOLVED; gross basis required,,,,,,,,,
exnight-strategy-v3,rRRX-2026-09-30-1,rRRX,RRRXUSDT,2026-09-30,2026-09-25T23:30:06+00:00,0.9656110633409246,0.18323952822276032,127,0.599132006895404,E0_RANGE,0.0,0.3,no pre-decision precedent,,1000,156.2,NO_SIGNAL,cash basis UNRESOLVED; gross basis required,,,,,,,,,
exnight-strategy-v3,rRRX-2026-09-30-1,rRRX,RRRXUSDT,2026-09-30,2026-09-25T23:30:06+00:00,0.9656110633409246,0.18323952822276032,127,0.599132006895404,E0_RANGE,0.0,0.3,no pre-decision precedent,,5000,156.2,NO_SIGNAL,cash basis UNRESOLVED; gross basis required,,,,,,,,,
exnight-strategy-v3,rRRX-2026-09-30-1,rRRX,RRRXUSDT,2026-09-30,2026-09-25T23:30:06+00:00,0.9656110633409246,0.18323952822276032,127,0.599132006895404,E0_RANGE,0.0,0.3,no pre-decision precedent,,25000,156.2,NO_SIGNAL,cash basis UNRESOLVED; gross basis required,,,,,,,,,
exnight-strategy-v3,rROP-2026-10-02-1,rROP,RROPUSDT,2026-10-02,2026-09-25T23:30:06+00:00,0.9656110633409246,0.18323952822276032,127,0.599132006895404,E0_RANGE,0.0,0.3,no pre-decision precedent,0.9100000000000000,1000,359.09,NO_SIGNAL,sell: no depth sample for this symbol/session; buy: no depth sample for this symbol/session,,,,,,,,,
exnight-strategy-v3,rROP-2026-10-02-1,rROP,RROPUSDT,2026-10-02,2026-09-25T23:30:06+00:00,0.9656110633409246,0.18323952822276032,127,0.599132006895404,E0_RANGE,0.0,0.3,no pre-decision precedent,0.9100000000000000,5000,359.09,NO_SIGNAL,sell: no depth sample for this symbol/session; buy: no depth sample for this symbol/session,,,,,,,,,
exnight-strategy-v3,rROP-2026-10-02-1,rROP,RROPUSDT,2026-10-02,2026-09-25T23:30:06+00:00,0.9656110633409246,0.18323952822276032,127,0.599132006895404,E0_RANGE,0.0,0.3,no pre-decision precedent,0.9100000000000000,25000,359.09,NO_SIGNAL,sell: no depth sample for this symbol/session; buy: no depth sample for this symbol/session,,,,,,,,,
exnight-strategy-v3,rRSG-2026-10-02-1,rRSG,RRSGUSDT,2026-10-02,2026-09-25T23:30:06+00:00,0.9656110633409246,0.18323952822276032,127,0.599132006895404,E0_RANGE,0.0,0.3,no pre-decision precedent,,1000,211.25,NO_SIGNAL,cash basis UNRESOLVED; gross basis required,,,,,,,,,
exnight-strategy-v3,rRSG-2026-10-02-1,rRSG,RRSGUSDT,2026-10-02,2026-09-25T23:30:06+00:00,0.9656110633409246,0.18323952822276032,127,0.599132006895404,E0_RANGE,0.0,0.3,no pre-decision precedent,,5000,211.25,NO_SIGNAL,cash basis UNRESOLVED; gross basis required,,,,,,,,,
exnight-strategy-v3,rRSG-2026-10-02-1,rRSG,RRSGUSDT,2026-10-02,2026-09-25T23:30:06+00:00,0.9656110633409246,0.18323952822276032,127,0.599132006895404,E0_RANGE,0.0,0.3,no pre-decision precedent,,25000,211.25,NO_SIGNAL,cash basis UNRESOLVED; gross basis required,,,,,,,,,
exnight-strategy-v3,rRVTY-2026-10-23-1,rRVTY,RRVTYUSDT,2026-10-23,2026-09-25T23:30:06+00:00,0.9656110633409246,0.18323952822276032,127,0.599132006895404,E0_RANGE,0.0,0.3,no pre-decision precedent,,1000,151.0,NO_SIGNAL,cash basis UNRESOLVED; gross basis required,,,,,,,,,
exnight-strategy-v3,rRVTY-2026-10-23-1,rRVTY,RRVTYUSDT,2026-10-23,2026-09-25T23:30:06+00:00,0.9656110633409246,0.18323952822276032,127,0.599132006895404,E0_RANGE,0.0,0.3,no pre-decision precedent,,5000,151.0,NO_SIGNAL,cash basis UNRESOLVED; gross basis required,,,,,,,,,
exnight-strategy-v3,rRVTY-2026-10-23-1,rRVTY,RRVTYUSDT,2026-10-23,2026-09-25T23:30:06+00:00,0.9656110633409246,0.18323952822276032,127,0.599132006895404,E0_RANGE,0.0,0.3,no pre-decision precedent,,25000,151.0,NO_SIGNAL,cash basis UNRESOLVED; gross basis required,,,,,,,,,
exnight-strategy-v3,rSATA-2026-09-28-1,rSATA,RSATAUSDT,2026-09-28,2026-09-25T23:30:06+00:00,0.9656110633409246,0.18323952822276032,127,0.599132006895404,E1_DOCUMENTED_PRECEDENT,0.3,0.3,"dividends_89_2026_09_23: rSATA ex 2026-08-24 0.0516 at 30%, available 2026-09-23T12:34:33+00:00 (primary)",0.0516000000000000,1000,100.01,HOLD,,2026-09-25T23:05:03.168637+00:00,ticker_only,2026-09-25T07:05:03.383026+00:00,ticker_only,0.26492254828857614,-0.2701273367327733,-0.2701273367327733,5.15948405159484,
exnight-strategy-v3,rSATA-2026-09-28-1,rSATA,RSATAUSDT,2026-09-28,2026-09-25T23:30:06+00:00,0.9656110633409246,0.18323952822276032,127,0.599132006895404,E1_DOCUMENTED_PRECEDENT,0.3,0.3,"dividends_89_2026_09_23: rSATA ex 2026-08-24 0.0516 at 30%, available 2026-09-23T12:34:33+00:00 (primary)",0.0516000000000000,5000,100.01,NO_SIGNAL,"buy: $5,000 exceeds visible top-of-book ($4,705) on ticker-only symbol",2026-09-25T23:05:03.168637+00:00,ticker_only,2026-09-25T07:05:03.383026+00:00,ticker_only,,,,,
exnight-strategy-v3,rSATA-2026-09-28-1,rSATA,RSATAUSDT,2026-09-28,2026-09-25T23:30:06+00:00,0.9656110633409246,0.18323952822276032,127,0.599132006895404,E1_DOCUMENTED_PRECEDENT,0.3,0.3,"dividends_89_2026_09_23: rSATA ex 2026-08-24 0.0516 at 30%, available 2026-09-23T12:34:33+00:00 (primary)",0.0516000000000000,25000,100.01,NO_SIGNAL,"sell: $25,000 exceeds visible top-of-book ($16,500) on ticker-only symbol; buy: $25,000 exceeds visible top-of-book ($4,705) on ticker-only symbol",2026-09-25T23:05:03.168637+00:00,ticker_only,2026-09-25T07:05:03.383026+00:00,ticker_only,,,,,
exnight-strategy-v3,rSATA-2026-09-29-1,rSATA,RSATAUSDT,2026-09-29,2026-09-25T23:30:06+00:00,0.9656110633409246,0.18323952822276032,127,0.599132006895404,E1_DOCUMENTED_PRECEDENT,0.3,0.3,"dividends_89_2026_09_23: rSATA ex 2026-08-24 0.0516 at 30%, available 2026-09-23T12:34:33+00:00 (primary)",0.0516000000000000,1000,100.01,HOLD,,2026-09-25T23:05:03.168637+00:00,ticker_only,2026-09-25T07:05:03.383026+00:00,ticker_only,0.26492254828857614,-0.2701273367327733,-0.2701273367327733,5.15948405159484,
exnight-strategy-v3,rSATA-2026-09-29-1,rSATA,RSATAUSDT,2026-09-29,2026-09-25T23:30:06+00:00,0.9656110633409246,0.18323952822276032,127,0.599132006895404,E1_DOCUMENTED_PRECEDENT,0.3,0.3,"dividends_89_2026_09_23: rSATA ex 2026-08-24 0.0516 at 30%, available 2026-09-23T12:34:33+00:00 (primary)",0.0516000000000000,5000,100.01,NO_SIGNAL,"buy: $5,000 exceeds visible top-of-book ($4,705) on ticker-only symbol",2026-09-25T23:05:03.168637+00:00,ticker_only,2026-09-25T07:05:03.383026+00:00,ticker_only,,,,,
exnight-strategy-v3,rSATA-2026-09-29-1,rSATA,RSATAUSDT,2026-09-29,2026-09-25T23:30:06+00:00,0.9656110633409246,0.18323952822276032,127,0.599132006895404,E1_DOCUMENTED_PRECEDENT,0.3,0.3,"dividends_89_2026_09_23: rSATA ex 2026-08-24 0.0516 at 30%, available 2026-09-23T12:34:33+00:00 (primary)",0.0516000000000000,25000,100.01,NO_SIGNAL,"sell: $25,000 exceeds visible top-of-book ($16,500) on ticker-only symbol; buy: $25,000 exceeds visible top-of-book ($4,705) on ticker-only symbol",2026-09-25T23:05:03.168637+00:00,ticker_only,2026-09-25T07:05:03.383026+00:00,ticker_only,,,,,
exnight-strategy-v3,rSATA-2026-09-30-1,rSATA,RSATAUSDT,2026-09-30,2026-09-25T23:30:06+00:00,0.9656110633409246,0.18323952822276032,127,0.599132006895404,E1_DOCUMENTED_PRECEDENT,0.3,0.3,"dividends_89_2026_09_23: rSATA ex 2026-08-24 0.0516 at 30%, available 2026-09-23T12:34:33+00:00 (primary)",0.0516000000000000,1000,100.01,HOLD,,2026-09-25T23:05:03.168637+00:00,ticker_only,2026-09-25T07:05:03.383026+00:00,ticker_only,0.26492254828857614,-0.2701273367327733,-0.2701273367327733,5.15948405159484,
exnight-strategy-v3,rSATA-2026-09-30-1,rSATA,RSATAUSDT,2026-09-30,2026-09-25T23:30:06+00:00,0.9656110633409246,0.18323952822276032,127,0.599132006895404,E1_DOCUMENTED_PRECEDENT,0.3,0.3,"dividends_89_2026_09_23: rSATA ex 2026-08-24 0.0516 at 30%, available 2026-09-23T12:34:33+00:00 (primary)",0.0516000000000000,5000,100.01,NO_SIGNAL,"buy: $5,000 exceeds visible top-of-book ($4,705) on ticker-only symbol",2026-09-25T23:05:03.168637+00:00,ticker_only,2026-09-25T07:05:03.383026+00:00,ticker_only,,,,,
exnight-strategy-v3,rSATA-2026-09-30-1,rSATA,RSATAUSDT,2026-09-30,2026-09-25T23:30:06+00:00,0.9656110633409246,0.18323952822276032,127,0.599132006895404,E1_DOCUMENTED_PRECEDENT,0.3,0.3,"dividends_89_2026_09_23: rSATA ex 2026-08-24 0.0516 at 30%, available 2026-09-23T12:34:33+00:00 (primary)",0.0516000000000000,25000,100.01,NO_SIGNAL,"sell: $25,000 exceeds visible top-of-book ($16,500) on ticker-only symbol; buy: $25,000 exceeds visible top-of-book ($4,705) on ticker-only symbol",2026-09-25T23:05:03.168637+00:00,ticker_only,2026-09-25T07:05:03.383026+00:00,ticker_only,,,,,
exnight-strategy-v3,rSATA-2026-10-01-1,rSATA,RSATAUSDT,2026-10-01,2026-09-25T23:30:06+00:00,0.9656110633409246,0.18323952822276032,127,0.599132006895404,E1_DOCUMENTED_PRECEDENT,0.3,0.3,"dividends_89_2026_09_23: rSATA ex 2026-08-24 0.0516 at 30%, available 2026-09-23T12:34:33+00:00 (primary)",0.0516000000000000,1000,100.01,HOLD,,2026-09-25T23:05:03.168637+00:00,ticker_only,2026-09-25T07:05:03.383026+00:00,ticker_only,0.26492254828857614,-0.2701273367327733,-0.2701273367327733,5.15948405159484,
exnight-strategy-v3,rSATA-2026-10-01-1,rSATA,RSATAUSDT,2026-10-01,2026-09-25T23:30:06+00:00,0.9656110633409246,0.18323952822276032,127,0.599132006895404,E1_DOCUMENTED_PRECEDENT,0.3,0.3,"dividends_89_2026_09_23: rSATA ex 2026-08-24 0.0516 at 30%, available 2026-09-23T12:34:33+00:00 (primary)",0.0516000000000000,5000,100.01,NO_SIGNAL,"buy: $5,000 exceeds visible top-of-book ($4,705) on ticker-only symbol",2026-09-25T23:05:03.168637+00:00,ticker_only,2026-09-25T07:05:03.383026+00:00,ticker_only,,,,,
exnight-strategy-v3,rSATA-2026-10-01-1,rSATA,RSATAUSDT,2026-10-01,2026-09-25T23:30:06+00:00,0.9656110633409246,0.18323952822276032,127,0.599132006895404,E1_DOCUMENTED_PRECEDENT,0.3,0.3,"dividends_89_2026_09_23: rSATA ex 2026-08-24 0.0516 at 30%, available 2026-09-23T12:34:33+00:00 (primary)",0.0516000000000000,25000,100.01,NO_SIGNAL,"sell: $25,000 exceeds visible top-of-book ($16,500) on ticker-only symbol; buy: $25,000 exceeds visible top-of-book ($4,705) on ticker-only symbol",2026-09-25T23:05:03.168637+00:00,ticker_only,2026-09-25T07:05:03.383026+00:00,ticker_only,,,,,
exnight-strategy-v3,rSATA-2026-10-02-1,rSATA,RSATAUSDT,2026-10-02,2026-09-25T23:30:06+00:00,0.9656110633409246,0.18323952822276032,127,0.599132006895404,E1_DOCUMENTED_PRECEDENT,0.3,0.3,"dividends_89_2026_09_23: rSATA ex 2026-08-24 0.0516 at 30%, available 2026-09-23T12:34:33+00:00 (primary)",0.0516000000000000,1000,100.01,HOLD,,2026-09-25T23:05:03.168637+00:00,ticker_only,2026-09-25T07:05:03.383026+00:00,ticker_only,0.26492254828857614,-0.2701273367327733,-0.2701273367327733,5.15948405159484,
exnight-strategy-v3,rSATA-2026-10-02-1,rSATA,RSATAUSDT,2026-10-02,2026-09-25T23:30:06+00:00,0.9656110633409246,0.18323952822276032,127,0.599132006895404,E1_DOCUMENTED_PRECEDENT,0.3,0.3,"dividends_89_2026_09_23: rSATA ex 2026-08-24 0.0516 at 30%, available 2026-09-23T12:34:33+00:00 (primary)",0.0516000000000000,5000,100.01,NO_SIGNAL,"buy: $5,000 exceeds visible top-of-book ($4,705) on ticker-only symbol",2026-09-25T23:05:03.168637+00:00,ticker_only,2026-09-25T07:05:03.383026+00:00,ticker_only,,,,,
exnight-strategy-v3,rSATA-2026-10-02-1,rSATA,RSATAUSDT,2026-10-02,2026-09-25T23:30:06+00:00,0.9656110633409246,0.18323952822276032,127,0.599132006895404,E1_DOCUMENTED_PRECEDENT,0.3,0.3,"dividends_89_2026_09_23: rSATA ex 2026-08-24 0.0516 at 30%, available 2026-09-23T12:34:33+00:00 (primary)",0.0516000000000000,25000,100.01,NO_SIGNAL,"sell: $25,000 exceeds visible top-of-book ($16,500) on ticker-only symbol; buy: $25,000 exceeds visible top-of-book ($4,705) on ticker-only symbol",2026-09-25T23:05:03.168637+00:00,ticker_only,2026-09-25T07:05:03.383026+00:00,ticker_only,,,,,
exnight-strategy-v3,rSATA-2026-10-05-1,rSATA,RSATAUSDT,2026-10-05,2026-09-25T23:30:06+00:00,0.9656110633409246,0.18323952822276032,127,0.599132006895404,E1_DOCUMENTED_PRECEDENT,0.3,0.3,"dividends_89_2026_09_23: rSATA ex 2026-08-24 0.0516 at 30%, available 2026-09-23T12:34:33+00:00 (primary)",0.0516000000000000,1000,100.01,HOLD,,2026-09-25T23:05:03.168637+00:00,ticker_only,2026-09-25T07:05:03.383026+00:00,ticker_only,0.26492254828857614,-0.2701273367327733,-0.2701273367327733,5.15948405159484,
exnight-strategy-v3,rSATA-2026-10-05-1,rSATA,RSATAUSDT,2026-10-05,2026-09-25T23:30:06+00:00,0.9656110633409246,0.18323952822276032,127,0.599132006895404,E1_DOCUMENTED_PRECEDENT,0.3,0.3,"dividends_89_2026_09_23: rSATA ex 2026-08-24 0.0516 at 30%, available 2026-09-23T12:34:33+00:00 (primary)",0.0516000000000000,5000,100.01,NO_SIGNAL,"buy: $5,000 exceeds visible top-of-book ($4,705) on ticker-only symbol",2026-09-25T23:05:03.168637+00:00,ticker_only,2026-09-25T07:05:03.383026+00:00,ticker_only,,,,,
exnight-strategy-v3,rSATA-2026-10-05-1,rSATA,RSATAUSDT,2026-10-05,2026-09-25T23:30:06+00:00,0.9656110633409246,0.18323952822276032,127,0.599132006895404,E1_DOCUMENTED_PRECEDENT,0.3,0.3,"dividends_89_2026_09_23: rSATA ex 2026-08-24 0.0516 at 30%, available 2026-09-23T12:34:33+00:00 (primary)",0.0516000000000000,25000,100.01,NO_SIGNAL,"sell: $25,000 exceeds visible top-of-book ($16,500) on ticker-only symbol; buy: $25,000 exceeds visible top-of-book ($4,705) on ticker-only symbol",2026-09-25T23:05:03.168637+00:00,ticker_only,2026-09-25T07:05:03.383026+00:00,ticker_only,,,,,
exnight-strategy-v3,rSATA-2026-10-06-1,rSATA,RSATAUSDT,2026-10-06,2026-09-25T23:30:06+00:00,0.9656110633409246,0.18323952822276032,127,0.599132006895404,E1_DOCUMENTED_PRECEDENT,0.3,0.3,"dividends_89_2026_09_23: rSATA ex 2026-08-24 0.0516 at 30%, available 2026-09-23T12:34:33+00:00 (primary)",0.0516000000000000,1000,100.01,HOLD,,2026-09-25T23:05:03.168637+00:00,ticker_only,2026-09-25T07:05:03.383026+00:00,ticker_only,0.26492254828857614,-0.2701273367327733,-0.2701273367327733,5.15948405159484,
exnight-strategy-v3,rSATA-2026-10-06-1,rSATA,RSATAUSDT,2026-10-06,2026-09-25T23:30:06+00:00,0.9656110633409246,0.18323952822276032,127,0.599132006895404,E1_DOCUMENTED_PRECEDENT,0.3,0.3,"dividends_89_2026_09_23: rSATA ex 2026-08-24 0.0516 at 30%, available 2026-09-23T12:34:33+00:00 (primary)",0.0516000000000000,5000,100.01,NO_SIGNAL,"buy: $5,000 exceeds visible top-of-book ($4,705) on ticker-only symbol",2026-09-25T23:05:03.168637+00:00,ticker_only,2026-09-25T07:05:03.383026+00:00,ticker_only,,,,,
exnight-strategy-v3,rSATA-2026-10-06-1,rSATA,RSATAUSDT,2026-10-06,2026-09-25T23:30:06+00:00,0.9656110633409246,0.18323952822276032,127,0.599132006895404,E1_DOCUMENTED_PRECEDENT,0.3,0.3,"dividends_89_2026_09_23: rSATA ex 2026-08-24 0.0516 at 30%, available 2026-09-23T12:34:33+00:00 (primary)",0.0516000000000000,25000,100.01,NO_SIGNAL,"sell: $25,000 exceeds visible top-of-book ($16,500) on ticker-only symbol; buy: $25,000 exceeds visible top-of-book ($4,705) on ticker-only symbol",2026-09-25T23:05:03.168637+00:00,ticker_only,2026-09-25T07:05:03.383026+00:00,ticker_only,,,,,
exnight-strategy-v3,rSATA-2026-10-07-1,rSATA,RSATAUSDT,2026-10-07,2026-09-25T23:30:06+00:00,0.9656110633409246,0.18323952822276032,127,0.599132006895404,E1_DOCUMENTED_PRECEDENT,0.3,0.3,"dividends_89_2026_09_23: rSATA ex 2026-08-24 0.0516 at 30%, available 2026-09-23T12:34:33+00:00 (primary)",0.0516000000000000,1000,100.01,HOLD,,2026-09-25T23:05:03.168637+00:00,ticker_only,2026-09-25T07:05:03.383026+00:00,ticker_only,0.26492254828857614,-0.2701273367327733,-0.2701273367327733,5.15948405159484,
exnight-strategy-v3,rSATA-2026-10-07-1,rSATA,RSATAUSDT,2026-10-07,2026-09-25T23:30:06+00:00,0.9656110633409246,0.18323952822276032,127,0.599132006895404,E1_DOCUMENTED_PRECEDENT,0.3,0.3,"dividends_89_2026_09_23: rSATA ex 2026-08-24 0.0516 at 30%, available 2026-09-23T12:34:33+00:00 (primary)",0.0516000000000000,5000,100.01,NO_SIGNAL,"buy: $5,000 exceeds visible top-of-book ($4,705) on ticker-only symbol",2026-09-25T23:05:03.168637+00:00,ticker_only,2026-09-25T07:05:03.383026+00:00,ticker_only,,,,,
exnight-strategy-v3,rSATA-2026-10-07-1,rSATA,RSATAUSDT,2026-10-07,2026-09-25T23:30:06+00:00,0.9656110633409246,0.18323952822276032,127,0.599132006895404,E1_DOCUMENTED_PRECEDENT,0.3,0.3,"dividends_89_2026_09_23: rSATA ex 2026-08-24 0.0516 at 30%, available 2026-09-23T12:34:33+00:00 (primary)",0.0516000000000000,25000,100.01,NO_SIGNAL,"sell: $25,000 exceeds visible top-of-book ($16,500) on ticker-only symbol; buy: $25,000 exceeds visible top-of-book ($4,705) on ticker-only symbol",2026-09-25T23:05:03.168637+00:00,ticker_only,2026-09-25T07:05:03.383026+00:00,ticker_only,,,,,
exnight-strategy-v3,rSATA-2026-10-08-1,rSATA,RSATAUSDT,2026-10-08,2026-09-25T23:30:06+00:00,0.9656110633409246,0.18323952822276032,127,0.599132006895404,E1_DOCUMENTED_PRECEDENT,0.3,0.3,"dividends_89_2026_09_23: rSATA ex 2026-08-24 0.0516 at 30%, available 2026-09-23T12:34:33+00:00 (primary)",0.0516000000000000,1000,100.01,HOLD,,2026-09-25T23:05:03.168637+00:00,ticker_only,2026-09-25T07:05:03.383026+00:00,ticker_only,0.26492254828857614,-0.2701273367327733,-0.2701273367327733,5.15948405159484,
exnight-strategy-v3,rSATA-2026-10-08-1,rSATA,RSATAUSDT,2026-10-08,2026-09-25T23:30:06+00:00,0.9656110633409246,0.18323952822276032,127,0.599132006895404,E1_DOCUMENTED_PRECEDENT,0.3,0.3,"dividends_89_2026_09_23: rSATA ex 2026-08-24 0.0516 at 30%, available 2026-09-23T12:34:33+00:00 (primary)",0.0516000000000000,5000,100.01,NO_SIGNAL,"buy: $5,000 exceeds visible top-of-book ($4,705) on ticker-only symbol",2026-09-25T23:05:03.168637+00:00,ticker_only,2026-09-25T07:05:03.383026+00:00,ticker_only,,,,,
exnight-strategy-v3,rSATA-2026-10-08-1,rSATA,RSATAUSDT,2026-10-08,2026-09-25T23:30:06+00:00,0.9656110633409246,0.18323952822276032,127,0.599132006895404,E1_DOCUMENTED_PRECEDENT,0.3,0.3,"dividends_89_2026_09_23: rSATA ex 2026-08-24 0.0516 at 30%, available 2026-09-23T12:34:33+00:00 (primary)",0.0516000000000000,25000,100.01,NO_SIGNAL,"sell: $25,000 exceeds visible top-of-book ($16,500) on ticker-only symbol; buy: $25,000 exceeds visible top-of-book ($4,705) on ticker-only symbol",2026-09-25T23:05:03.168637+00:00,ticker_only,2026-09-25T07:05:03.383026+00:00,ticker_only,,,,,
exnight-strategy-v3,rSAIC-2026-10-09-1,rSAIC,RSAICUSDT,2026-10-09,2026-09-25T23:30:06+00:00,0.9656110633409246,0.18323952822276032,127,0.599132006895404,E0_RANGE,0.0,0.3,no pre-decision precedent,0.3700000000000000,1000,133.1,NO_SIGNAL,sell: no depth sample for this symbol/session; buy: no depth sample for this symbol/session,,,,,,,,,
exnight-strategy-v3,rSAIC-2026-10-09-1,rSAIC,RSAICUSDT,2026-10-09,2026-09-25T23:30:06+00:00,0.9656110633409246,0.18323952822276032,127,0.599132006895404,E0_RANGE,0.0,0.3,no pre-decision precedent,0.3700000000000000,5000,133.1,NO_SIGNAL,sell: no depth sample for this symbol/session; buy: no depth sample for this symbol/session,,,,,,,,,
exnight-strategy-v3,rSAIC-2026-10-09-1,rSAIC,RSAICUSDT,2026-10-09,2026-09-25T23:30:06+00:00,0.9656110633409246,0.18323952822276032,127,0.599132006895404,E0_RANGE,0.0,0.3,no pre-decision precedent,0.3700000000000000,25000,133.1,NO_SIGNAL,sell: no depth sample for this symbol/session; buy: no depth sample for this symbol/session,,,,,,,,,
exnight-strategy-v3,rSATA-2026-10-09-1,rSATA,RSATAUSDT,2026-10-09,2026-09-25T23:30:06+00:00,0.9656110633409246,0.18323952822276032,127,0.599132006895404,E1_DOCUMENTED_PRECEDENT,0.3,0.3,"dividends_89_2026_09_23: rSATA ex 2026-08-24 0.0516 at 30%, available 2026-09-23T12:34:33+00:00 (primary)",0.0516000000000000,1000,100.01,HOLD,,2026-09-25T23:05:03.168637+00:00,ticker_only,2026-09-25T07:05:03.383026+00:00,ticker_only,0.26492254828857614,-0.2701273367327733,-0.2701273367327733,5.15948405159484,
exnight-strategy-v3,rSATA-2026-10-09-1,rSATA,RSATAUSDT,2026-10-09,2026-09-25T23:30:06+00:00,0.9656110633409246,0.18323952822276032,127,0.599132006895404,E1_DOCUMENTED_PRECEDENT,0.3,0.3,"dividends_89_2026_09_23: rSATA ex 2026-08-24 0.0516 at 30%, available 2026-09-23T12:34:33+00:00 (primary)",0.0516000000000000,5000,100.01,NO_SIGNAL,"buy: $5,000 exceeds visible top-of-book ($4,705) on ticker-only symbol",2026-09-25T23:05:03.168637+00:00,ticker_only,2026-09-25T07:05:03.383026+00:00,ticker_only,,,,,
exnight-strategy-v3,rSATA-2026-10-09-1,rSATA,RSATAUSDT,2026-10-09,2026-09-25T23:30:06+00:00,0.9656110633409246,0.18323952822276032,127,0.599132006895404,E1_DOCUMENTED_PRECEDENT,0.3,0.3,"dividends_89_2026_09_23: rSATA ex 2026-08-24 0.0516 at 30%, available 2026-09-23T12:34:33+00:00 (primary)",0.0516000000000000,25000,100.01,NO_SIGNAL,"sell: $25,000 exceeds visible top-of-book ($16,500) on ticker-only symbol; buy: $25,000 exceeds visible top-of-book ($4,705) on ticker-only symbol",2026-09-25T23:05:03.168637+00:00,ticker_only,2026-09-25T07:05:03.383026+00:00,ticker_only,,,,,
exnight-strategy-v3,rSATA-2026-10-13-1,rSATA,RSATAUSDT,2026-10-13,2026-09-25T23:30:06+00:00,0.9656110633409246,0.18323952822276032,127,0.599132006895404,E1_DOCUMENTED_PRECEDENT,0.3,0.3,"dividends_89_2026_09_23: rSATA ex 2026-08-24 0.0516 at 30%, available 2026-09-23T12:34:33+00:00 (primary)",0.0516000000000000,1000,100.01,HOLD,,2026-09-25T23:05:03.168637+00:00,ticker_only,2026-09-25T07:05:03.383026+00:00,ticker_only,0.26492254828857614,-0.2701273367327733,-0.2701273367327733,5.15948405159484,
exnight-strategy-v3,rSATA-2026-10-13-1,rSATA,RSATAUSDT,2026-10-13,2026-09-25T23:30:06+00:00,0.9656110633409246,0.18323952822276032,127,0.599132006895404,E1_DOCUMENTED_PRECEDENT,0.3,0.3,"dividends_89_2026_09_23: rSATA ex 2026-08-24 0.0516 at 30%, available 2026-09-23T12:34:33+00:00 (primary)",0.0516000000000000,5000,100.01,NO_SIGNAL,"buy: $5,000 exceeds visible top-of-book ($4,705) on ticker-only symbol",2026-09-25T23:05:03.168637+00:00,ticker_only,2026-09-25T07:05:03.383026+00:00,ticker_only,,,,,
exnight-strategy-v3,rSATA-2026-10-13-1,rSATA,RSATAUSDT,2026-10-13,2026-09-25T23:30:06+00:00,0.9656110633409246,0.18323952822276032,127,0.599132006895404,E1_DOCUMENTED_PRECEDENT,0.3,0.3,"dividends_89_2026_09_23: rSATA ex 2026-08-24 0.0516 at 30%, available 2026-09-23T12:34:33+00:00 (primary)",0.0516000000000000,25000,100.01,NO_SIGNAL,"sell: $25,000 exceeds visible top-of-book ($16,500) on ticker-only symbol; buy: $25,000 exceeds visible top-of-book ($4,705) on ticker-only symbol",2026-09-25T23:05:03.168637+00:00,ticker_only,2026-09-25T07:05:03.383026+00:00,ticker_only,,,,,
exnight-strategy-v3,rSATA-2026-10-14-1,rSATA,RSATAUSDT,2026-10-14,2026-09-25T23:30:06+00:00,0.9656110633409246,0.18323952822276032,127,0.599132006895404,E1_DOCUMENTED_PRECEDENT,0.3,0.3,"dividends_89_2026_09_23: rSATA ex 2026-08-24 0.0516 at 30%, available 2026-09-23T12:34:33+00:00 (primary)",0.0516000000000000,1000,100.01,HOLD,,2026-09-25T23:05:03.168637+00:00,ticker_only,2026-09-25T07:05:03.383026+00:00,ticker_only,0.26492254828857614,-0.2701273367327733,-0.2701273367327733,5.15948405159484,
exnight-strategy-v3,rSATA-2026-10-14-1,rSATA,RSATAUSDT,2026-10-14,2026-09-25T23:30:06+00:00,0.9656110633409246,0.18323952822276032,127,0.599132006895404,E1_DOCUMENTED_PRECEDENT,0.3,0.3,"dividends_89_2026_09_23: rSATA ex 2026-08-24 0.0516 at 30%, available 2026-09-23T12:34:33+00:00 (primary)",0.0516000000000000,5000,100.01,NO_SIGNAL,"buy: $5,000 exceeds visible top-of-book ($4,705) on ticker-only symbol",2026-09-25T23:05:03.168637+00:00,ticker_only,2026-09-25T07:05:03.383026+00:00,ticker_only,,,,,
exnight-strategy-v3,rSATA-2026-10-14-1,rSATA,RSATAUSDT,2026-10-14,2026-09-25T23:30:06+00:00,0.9656110633409246,0.18323952822276032,127,0.599132006895404,E1_DOCUMENTED_PRECEDENT,0.3,0.3,"dividends_89_2026_09_23: rSATA ex 2026-08-24 0.0516 at 30%, available 2026-09-23T12:34:33+00:00 (primary)",0.0516000000000000,25000,100.01,NO_SIGNAL,"sell: $25,000 exceeds visible top-of-book ($16,500) on ticker-only symbol; buy: $25,000 exceeds visible top-of-book ($4,705) on ticker-only symbol",2026-09-25T23:05:03.168637+00:00,ticker_only,2026-09-25T07:05:03.383026+00:00,ticker_only,,,,,
exnight-strategy-v3,rSATA-2026-10-15-1,rSATA,RSATAUSDT,2026-10-15,2026-09-25T23:30:06+00:00,0.9656110633409246,0.18323952822276032,127,0.599132006895404,E1_DOCUMENTED_PRECEDENT,0.3,0.3,"dividends_89_2026_09_23: rSATA ex 2026-08-24 0.0516 at 30%, available 2026-09-23T12:34:33+00:00 (primary)",0.0516000000000000,1000,100.01,HOLD,,2026-09-25T23:05:03.168637+00:00,ticker_only,2026-09-25T07:05:03.383026+00:00,ticker_only,0.26492254828857614,-0.2701273367327733,-0.2701273367327733,5.15948405159484,
exnight-strategy-v3,rSATA-2026-10-15-1,rSATA,RSATAUSDT,2026-10-15,2026-09-25T23:30:06+00:00,0.9656110633409246,0.18323952822276032,127,0.599132006895404,E1_DOCUMENTED_PRECEDENT,0.3,0.3,"dividends_89_2026_09_23: rSATA ex 2026-08-24 0.0516 at 30%, available 2026-09-23T12:34:33+00:00 (primary)",0.0516000000000000,5000,100.01,NO_SIGNAL,"buy: $5,000 exceeds visible top-of-book ($4,705) on ticker-only symbol",2026-09-25T23:05:03.168637+00:00,ticker_only,2026-09-25T07:05:03.383026+00:00,ticker_only,,,,,
exnight-strategy-v3,rSATA-2026-10-15-1,rSATA,RSATAUSDT,2026-10-15,2026-09-25T23:30:06+00:00,0.9656110633409246,0.18323952822276032,127,0.599132006895404,E1_DOCUMENTED_PRECEDENT,0.3,0.3,"dividends_89_2026_09_23: rSATA ex 2026-08-24 0.0516 at 30%, available 2026-09-23T12:34:33+00:00 (primary)",0.0516000000000000,25000,100.01,NO_SIGNAL,"sell: $25,000 exceeds visible top-of-book ($16,500) on ticker-only symbol; buy: $25,000 exceeds visible top-of-book ($4,705) on ticker-only symbol",2026-09-25T23:05:03.168637+00:00,ticker_only,2026-09-25T07:05:03.383026+00:00,ticker_only,,,,,
exnight-strategy-v3,rSATA-2026-10-16-1,rSATA,RSATAUSDT,2026-10-16,2026-09-25T23:30:06+00:00,0.9656110633409246,0.18323952822276032,127,0.599132006895404,E1_DOCUMENTED_PRECEDENT,0.3,0.3,"dividends_89_2026_09_23: rSATA ex 2026-08-24 0.0516 at 30%, available 2026-09-23T12:34:33+00:00 (primary)",0.0516000000000000,1000,100.01,HOLD,,2026-09-25T23:05:03.168637+00:00,ticker_only,2026-09-25T07:05:03.383026+00:00,ticker_only,0.26492254828857614,-0.2701273367327733,-0.2701273367327733,5.15948405159484,
exnight-strategy-v3,rSATA-2026-10-16-1,rSATA,RSATAUSDT,2026-10-16,2026-09-25T23:30:06+00:00,0.9656110633409246,0.18323952822276032,127,0.599132006895404,E1_DOCUMENTED_PRECEDENT,0.3,0.3,"dividends_89_2026_09_23: rSATA ex 2026-08-24 0.0516 at 30%, available 2026-09-23T12:34:33+00:00 (primary)",0.0516000000000000,5000,100.01,NO_SIGNAL,"buy: $5,000 exceeds visible top-of-book ($4,705) on ticker-only symbol",2026-09-25T23:05:03.168637+00:00,ticker_only,2026-09-25T07:05:03.383026+00:00,ticker_only,,,,,
exnight-strategy-v3,rSATA-2026-10-16-1,rSATA,RSATAUSDT,2026-10-16,2026-09-25T23:30:06+00:00,0.9656110633409246,0.18323952822276032,127,0.599132006895404,E1_DOCUMENTED_PRECEDENT,0.3,0.3,"dividends_89_2026_09_23: rSATA ex 2026-08-24 0.0516 at 30%, available 2026-09-23T12:34:33+00:00 (primary)",0.0516000000000000,25000,100.01,NO_SIGNAL,"sell: $25,000 exceeds visible top-of-book ($16,500) on ticker-only symbol; buy: $25,000 exceeds visible top-of-book ($4,705) on ticker-only symbol",2026-09-25T23:05:03.168637+00:00,ticker_only,2026-09-25T07:05:03.383026+00:00,ticker_only,,,,,
exnight-strategy-v3,rSATA-2026-10-19-1,rSATA,RSATAUSDT,2026-10-19,2026-09-25T23:30:06+00:00,0.9656110633409246,0.18323952822276032,127,0.599132006895404,E1_DOCUMENTED_PRECEDENT,0.3,0.3,"dividends_89_2026_09_23: rSATA ex 2026-08-24 0.0516 at 30%, available 2026-09-23T12:34:33+00:00 (primary)",0.0516000000000000,1000,100.01,HOLD,,2026-09-25T23:05:03.168637+00:00,ticker_only,2026-09-25T07:05:03.383026+00:00,ticker_only,0.26492254828857614,-0.2701273367327733,-0.2701273367327733,5.15948405159484,
exnight-strategy-v3,rSATA-2026-10-19-1,rSATA,RSATAUSDT,2026-10-19,2026-09-25T23:30:06+00:00,0.9656110633409246,0.18323952822276032,127,0.599132006895404,E1_DOCUMENTED_PRECEDENT,0.3,0.3,"dividends_89_2026_09_23: rSATA ex 2026-08-24 0.0516 at 30%, available 2026-09-23T12:34:33+00:00 (primary)",0.0516000000000000,5000,100.01,NO_SIGNAL,"buy: $5,000 exceeds visible top-of-book ($4,705) on ticker-only symbol",2026-09-25T23:05:03.168637+00:00,ticker_only,2026-09-25T07:05:03.383026+00:00,ticker_only,,,,,
exnight-strategy-v3,rSATA-2026-10-19-1,rSATA,RSATAUSDT,2026-10-19,2026-09-25T23:30:06+00:00,0.9656110633409246,0.18323952822276032,127,0.599132006895404,E1_DOCUMENTED_PRECEDENT,0.3,0.3,"dividends_89_2026_09_23: rSATA ex 2026-08-24 0.0516 at 30%, available 2026-09-23T12:34:33+00:00 (primary)",0.0516000000000000,25000,100.01,NO_SIGNAL,"sell: $25,000 exceeds visible top-of-book ($16,500) on ticker-only symbol; buy: $25,000 exceeds visible top-of-book ($4,705) on ticker-only symbol",2026-09-25T23:05:03.168637+00:00,ticker_only,2026-09-25T07:05:03.383026+00:00,ticker_only,,,,,
exnight-strategy-v3,rSATA-2026-10-20-1,rSATA,RSATAUSDT,2026-10-20,2026-09-25T23:30:06+00:00,0.9656110633409246,0.18323952822276032,127,0.599132006895404,E1_DOCUMENTED_PRECEDENT,0.3,0.3,"dividends_89_2026_09_23: rSATA ex 2026-08-24 0.0516 at 30%, available 2026-09-23T12:34:33+00:00 (primary)",0.0516000000000000,1000,100.01,HOLD,,2026-09-25T23:05:03.168637+00:00,ticker_only,2026-09-25T07:05:03.383026+00:00,ticker_only,0.26492254828857614,-0.2701273367327733,-0.2701273367327733,5.15948405159484,
exnight-strategy-v3,rSATA-2026-10-20-1,rSATA,RSATAUSDT,2026-10-20,2026-09-25T23:30:06+00:00,0.9656110633409246,0.18323952822276032,127,0.599132006895404,E1_DOCUMENTED_PRECEDENT,0.3,0.3,"dividends_89_2026_09_23: rSATA ex 2026-08-24 0.0516 at 30%, available 2026-09-23T12:34:33+00:00 (primary)",0.0516000000000000,5000,100.01,NO_SIGNAL,"buy: $5,000 exceeds visible top-of-book ($4,705) on ticker-only symbol",2026-09-25T23:05:03.168637+00:00,ticker_only,2026-09-25T07:05:03.383026+00:00,ticker_only,,,,,
exnight-strategy-v3,rSATA-2026-10-20-1,rSATA,RSATAUSDT,2026-10-20,2026-09-25T23:30:06+00:00,0.9656110633409246,0.18323952822276032,127,0.599132006895404,E1_DOCUMENTED_PRECEDENT,0.3,0.3,"dividends_89_2026_09_23: rSATA ex 2026-08-24 0.0516 at 30%, available 2026-09-23T12:34:33+00:00 (primary)",0.0516000000000000,25000,100.01,NO_SIGNAL,"sell: $25,000 exceeds visible top-of-book ($16,500) on ticker-only symbol; buy: $25,000 exceeds visible top-of-book ($4,705) on ticker-only symbol",2026-09-25T23:05:03.168637+00:00,ticker_only,2026-09-25T07:05:03.383026+00:00,ticker_only,,,,,
exnight-strategy-v3,rSATA-2026-10-21-1,rSATA,RSATAUSDT,2026-10-21,2026-09-25T23:30:06+00:00,0.9656110633409246,0.18323952822276032,127,0.599132006895404,E1_DOCUMENTED_PRECEDENT,0.3,0.3,"dividends_89_2026_09_23: rSATA ex 2026-08-24 0.0516 at 30%, available 2026-09-23T12:34:33+00:00 (primary)",0.0516000000000000,1000,100.01,HOLD,,2026-09-25T23:05:03.168637+00:00,ticker_only,2026-09-25T07:05:03.383026+00:00,ticker_only,0.26492254828857614,-0.2701273367327733,-0.2701273367327733,5.15948405159484,
exnight-strategy-v3,rSATA-2026-10-21-1,rSATA,RSATAUSDT,2026-10-21,2026-09-25T23:30:06+00:00,0.9656110633409246,0.18323952822276032,127,0.599132006895404,E1_DOCUMENTED_PRECEDENT,0.3,0.3,"dividends_89_2026_09_23: rSATA ex 2026-08-24 0.0516 at 30%, available 2026-09-23T12:34:33+00:00 (primary)",0.0516000000000000,5000,100.01,NO_SIGNAL,"buy: $5,000 exceeds visible top-of-book ($4,705) on ticker-only symbol",2026-09-25T23:05:03.168637+00:00,ticker_only,2026-09-25T07:05:03.383026+00:00,ticker_only,,,,,
exnight-strategy-v3,rSATA-2026-10-21-1,rSATA,RSATAUSDT,2026-10-21,2026-09-25T23:30:06+00:00,0.9656110633409246,0.18323952822276032,127,0.599132006895404,E1_DOCUMENTED_PRECEDENT,0.3,0.3,"dividends_89_2026_09_23: rSATA ex 2026-08-24 0.0516 at 30%, available 2026-09-23T12:34:33+00:00 (primary)",0.0516000000000000,25000,100.01,NO_SIGNAL,"sell: $25,000 exceeds visible top-of-book ($16,500) on ticker-only symbol; buy: $25,000 exceeds visible top-of-book ($4,705) on ticker-only symbol",2026-09-25T23:05:03.168637+00:00,ticker_only,2026-09-25T07:05:03.383026+00:00,ticker_only,,,,,
exnight-strategy-v3,rSATA-2026-10-22-1,rSATA,RSATAUSDT,2026-10-22,2026-09-25T23:30:06+00:00,0.9656110633409246,0.18323952822276032,127,0.599132006895404,E1_DOCUMENTED_PRECEDENT,0.3,0.3,"dividends_89_2026_09_23: rSATA ex 2026-08-24 0.0516 at 30%, available 2026-09-23T12:34:33+00:00 (primary)",0.0516000000000000,1000,100.01,HOLD,,2026-09-25T23:05:03.168637+00:00,ticker_only,2026-09-25T07:05:03.383026+00:00,ticker_only,0.26492254828857614,-0.2701273367327733,-0.2701273367327733,5.15948405159484,
exnight-strategy-v3,rSATA-2026-10-22-1,rSATA,RSATAUSDT,2026-10-22,2026-09-25T23:30:06+00:00,0.9656110633409246,0.18323952822276032,127,0.599132006895404,E1_DOCUMENTED_PRECEDENT,0.3,0.3,"dividends_89_2026_09_23: rSATA ex 2026-08-24 0.0516 at 30%, available 2026-09-23T12:34:33+00:00 (primary)",0.0516000000000000,5000,100.01,NO_SIGNAL,"buy: $5,000 exceeds visible top-of-book ($4,705) on ticker-only symbol",2026-09-25T23:05:03.168637+00:00,ticker_only,2026-09-25T07:05:03.383026+00:00,ticker_only,,,,,
exnight-strategy-v3,rSATA-2026-10-22-1,rSATA,RSATAUSDT,2026-10-22,2026-09-25T23:30:06+00:00,0.9656110633409246,0.18323952822276032,127,0.599132006895404,E1_DOCUMENTED_PRECEDENT,0.3,0.3,"dividends_89_2026_09_23: rSATA ex 2026-08-24 0.0516 at 30%, available 2026-09-23T12:34:33+00:00 (primary)",0.0516000000000000,25000,100.01,NO_SIGNAL,"sell: $25,000 exceeds visible top-of-book ($16,500) on ticker-only symbol; buy: $25,000 exceeds visible top-of-book ($4,705) on ticker-only symbol",2026-09-25T23:05:03.168637+00:00,ticker_only,2026-09-25T07:05:03.383026+00:00,ticker_only,,,,,
exnight-strategy-v3,rSATA-2026-10-23-1,rSATA,RSATAUSDT,2026-10-23,2026-09-25T23:30:06+00:00,0.9656110633409246,0.18323952822276032,127,0.599132006895404,E1_DOCUMENTED_PRECEDENT,0.3,0.3,"dividends_89_2026_09_23: rSATA ex 2026-08-24 0.0516 at 30%, available 2026-09-23T12:34:33+00:00 (primary)",0.0516000000000000,1000,100.01,HOLD,,2026-09-25T23:05:03.168637+00:00,ticker_only,2026-09-25T07:05:03.383026+00:00,ticker_only,0.26492254828857614,-0.2701273367327733,-0.2701273367327733,5.15948405159484,
exnight-strategy-v3,rSATA-2026-10-23-1,rSATA,RSATAUSDT,2026-10-23,2026-09-25T23:30:06+00:00,0.9656110633409246,0.18323952822276032,127,0.599132006895404,E1_DOCUMENTED_PRECEDENT,0.3,0.3,"dividends_89_2026_09_23: rSATA ex 2026-08-24 0.0516 at 30%, available 2026-09-23T12:34:33+00:00 (primary)",0.0516000000000000,5000,100.01,NO_SIGNAL,"buy: $5,000 exceeds visible top-of-book ($4,705) on ticker-only symbol",2026-09-25T23:05:03.168637+00:00,ticker_only,2026-09-25T07:05:03.383026+00:00,ticker_only,,,,,
exnight-strategy-v3,rSATA-2026-10-23-1,rSATA,RSATAUSDT,2026-10-23,2026-09-25T23:30:06+00:00,0.9656110633409246,0.18323952822276032,127,0.599132006895404,E1_DOCUMENTED_PRECEDENT,0.3,0.3,"dividends_89_2026_09_23: rSATA ex 2026-08-24 0.0516 at 30%, available 2026-09-23T12:34:33+00:00 (primary)",0.0516000000000000,25000,100.01,NO_SIGNAL,"sell: $25,000 exceeds visible top-of-book ($16,500) on ticker-only symbol; buy: $25,000 exceeds visible top-of-book ($4,705) on ticker-only symbol",2026-09-25T23:05:03.168637+00:00,ticker_only,2026-09-25T07:05:03.383026+00:00,ticker_only,,,,,
exnight-strategy-v3,rSATA-2026-10-26-1,rSATA,RSATAUSDT,2026-10-26,2026-09-25T23:30:06+00:00,0.9656110633409246,0.18323952822276032,127,0.599132006895404,E1_DOCUMENTED_PRECEDENT,0.3,0.3,"dividends_89_2026_09_23: rSATA ex 2026-08-24 0.0516 at 30%, available 2026-09-23T12:34:33+00:00 (primary)",0.0516000000000000,1000,100.01,HOLD,,2026-09-25T23:05:03.168637+00:00,ticker_only,2026-09-25T07:05:03.383026+00:00,ticker_only,0.26492254828857614,-0.2701273367327733,-0.2701273367327733,5.15948405159484,
exnight-strategy-v3,rSATA-2026-10-26-1,rSATA,RSATAUSDT,2026-10-26,2026-09-25T23:30:06+00:00,0.9656110633409246,0.18323952822276032,127,0.599132006895404,E1_DOCUMENTED_PRECEDENT,0.3,0.3,"dividends_89_2026_09_23: rSATA ex 2026-08-24 0.0516 at 30%, available 2026-09-23T12:34:33+00:00 (primary)",0.0516000000000000,5000,100.01,NO_SIGNAL,"buy: $5,000 exceeds visible top-of-book ($4,705) on ticker-only symbol",2026-09-25T23:05:03.168637+00:00,ticker_only,2026-09-25T07:05:03.383026+00:00,ticker_only,,,,,
exnight-strategy-v3,rSATA-2026-10-26-1,rSATA,RSATAUSDT,2026-10-26,2026-09-25T23:30:06+00:00,0.9656110633409246,0.18323952822276032,127,0.599132006895404,E1_DOCUMENTED_PRECEDENT,0.3,0.3,"dividends_89_2026_09_23: rSATA ex 2026-08-24 0.0516 at 30%, available 2026-09-23T12:34:33+00:00 (primary)",0.0516000000000000,25000,100.01,NO_SIGNAL,"sell: $25,000 exceeds visible top-of-book ($16,500) on ticker-only symbol; buy: $25,000 exceeds visible top-of-book ($4,705) on ticker-only symbol",2026-09-25T23:05:03.168637+00:00,ticker_only,2026-09-25T07:05:03.383026+00:00,ticker_only,,,,,
exnight-strategy-v3,rSATA-2026-10-27-1,rSATA,RSATAUSDT,2026-10-27,2026-09-25T23:30:06+00:00,0.9656110633409246,0.18323952822276032,127,0.599132006895404,E1_DOCUMENTED_PRECEDENT,0.3,0.3,"dividends_89_2026_09_23: rSATA ex 2026-08-24 0.0516 at 30%, available 2026-09-23T12:34:33+00:00 (primary)",0.0516000000000000,1000,100.01,HOLD,,2026-09-25T23:05:03.168637+00:00,ticker_only,2026-09-25T07:05:03.383026+00:00,ticker_only,0.26492254828857614,-0.2701273367327733,-0.2701273367327733,5.15948405159484,
exnight-strategy-v3,rSATA-2026-10-27-1,rSATA,RSATAUSDT,2026-10-27,2026-09-25T23:30:06+00:00,0.9656110633409246,0.18323952822276032,127,0.599132006895404,E1_DOCUMENTED_PRECEDENT,0.3,0.3,"dividends_89_2026_09_23: rSATA ex 2026-08-24 0.0516 at 30%, available 2026-09-23T12:34:33+00:00 (primary)",0.0516000000000000,5000,100.01,NO_SIGNAL,"buy: $5,000 exceeds visible top-of-book ($4,705) on ticker-only symbol",2026-09-25T23:05:03.168637+00:00,ticker_only,2026-09-25T07:05:03.383026+00:00,ticker_only,,,,,
exnight-strategy-v3,rSATA-2026-10-27-1,rSATA,RSATAUSDT,2026-10-27,2026-09-25T23:30:06+00:00,0.9656110633409246,0.18323952822276032,127,0.599132006895404,E1_DOCUMENTED_PRECEDENT,0.3,0.3,"dividends_89_2026_09_23: rSATA ex 2026-08-24 0.0516 at 30%, available 2026-09-23T12:34:33+00:00 (primary)",0.0516000000000000,25000,100.01,NO_SIGNAL,"sell: $25,000 exceeds visible top-of-book ($16,500) on ticker-only symbol; buy: $25,000 exceeds visible top-of-book ($4,705) on ticker-only symbol",2026-09-25T23:05:03.168637+00:00,ticker_only,2026-09-25T07:05:03.383026+00:00,ticker_only,,,,,
exnight-strategy-v3,rSATA-2026-10-28-1,rSATA,RSATAUSDT,2026-10-28,2026-09-25T23:30:06+00:00,0.9656110633409246,0.18323952822276032,127,0.599132006895404,E1_DOCUMENTED_PRECEDENT,0.3,0.3,"dividends_89_2026_09_23: rSATA ex 2026-08-24 0.0516 at 30%, available 2026-09-23T12:34:33+00:00 (primary)",0.0516000000000000,1000,100.01,HOLD,,2026-09-25T23:05:03.168637+00:00,ticker_only,2026-09-25T07:05:03.383026+00:00,ticker_only,0.26492254828857614,-0.2701273367327733,-0.2701273367327733,5.15948405159484,
exnight-strategy-v3,rSATA-2026-10-28-1,rSATA,RSATAUSDT,2026-10-28,2026-09-25T23:30:06+00:00,0.9656110633409246,0.18323952822276032,127,0.599132006895404,E1_DOCUMENTED_PRECEDENT,0.3,0.3,"dividends_89_2026_09_23: rSATA ex 2026-08-24 0.0516 at 30%, available 2026-09-23T12:34:33+00:00 (primary)",0.0516000000000000,5000,100.01,NO_SIGNAL,"buy: $5,000 exceeds visible top-of-book ($4,705) on ticker-only symbol",2026-09-25T23:05:03.168637+00:00,ticker_only,2026-09-25T07:05:03.383026+00:00,ticker_only,,,,,
exnight-strategy-v3,rSATA-2026-10-28-1,rSATA,RSATAUSDT,2026-10-28,2026-09-25T23:30:06+00:00,0.9656110633409246,0.18323952822276032,127,0.599132006895404,E1_DOCUMENTED_PRECEDENT,0.3,0.3,"dividends_89_2026_09_23: rSATA ex 2026-08-24 0.0516 at 30%, available 2026-09-23T12:34:33+00:00 (primary)",0.0516000000000000,25000,100.01,NO_SIGNAL,"sell: $25,000 exceeds visible top-of-book ($16,500) on ticker-only symbol; buy: $25,000 exceeds visible top-of-book ($4,705) on ticker-only symbol",2026-09-25T23:05:03.168637+00:00,ticker_only,2026-09-25T07:05:03.383026+00:00,ticker_only,,,,,
exnight-strategy-v3,rSATA-2026-10-29-1,rSATA,RSATAUSDT,2026-10-29,2026-09-25T23:30:06+00:00,0.9656110633409246,0.18323952822276032,127,0.599132006895404,E1_DOCUMENTED_PRECEDENT,0.3,0.3,"dividends_89_2026_09_23: rSATA ex 2026-08-24 0.0516 at 30%, available 2026-09-23T12:34:33+00:00 (primary)",0.0516000000000000,1000,100.01,HOLD,,2026-09-25T23:05:03.168637+00:00,ticker_only,2026-09-25T07:05:03.383026+00:00,ticker_only,0.26492254828857614,-0.2701273367327733,-0.2701273367327733,5.15948405159484,
exnight-strategy-v3,rSATA-2026-10-29-1,rSATA,RSATAUSDT,2026-10-29,2026-09-25T23:30:06+00:00,0.9656110633409246,0.18323952822276032,127,0.599132006895404,E1_DOCUMENTED_PRECEDENT,0.3,0.3,"dividends_89_2026_09_23: rSATA ex 2026-08-24 0.0516 at 30%, available 2026-09-23T12:34:33+00:00 (primary)",0.0516000000000000,5000,100.01,NO_SIGNAL,"buy: $5,000 exceeds visible top-of-book ($4,705) on ticker-only symbol",2026-09-25T23:05:03.168637+00:00,ticker_only,2026-09-25T07:05:03.383026+00:00,ticker_only,,,,,
exnight-strategy-v3,rSATA-2026-10-29-1,rSATA,RSATAUSDT,2026-10-29,2026-09-25T23:30:06+00:00,0.9656110633409246,0.18323952822276032,127,0.599132006895404,E1_DOCUMENTED_PRECEDENT,0.3,0.3,"dividends_89_2026_09_23: rSATA ex 2026-08-24 0.0516 at 30%, available 2026-09-23T12:34:33+00:00 (primary)",0.0516000000000000,25000,100.01,NO_SIGNAL,"sell: $25,000 exceeds visible top-of-book ($16,500) on ticker-only symbol; buy: $25,000 exceeds visible top-of-book ($4,705) on ticker-only symbol",2026-09-25T23:05:03.168637+00:00,ticker_only,2026-09-25T07:05:03.383026+00:00,ticker_only,,,,,
exnight-strategy-v3,rSFBS-2026-10-01-1,rSFBS,RSFBSUSDT,2026-10-01,2026-09-25T23:30:06+00:00,0.9656110633409246,0.18323952822276032,127,0.599132006895404,E0_RANGE,0.0,0.3,no pre-decision precedent,,1000,41.31,NO_SIGNAL,cash basis UNRESOLVED; gross basis required,,,,,,,,,
exnight-strategy-v3,rSFBS-2026-10-01-1,rSFBS,RSFBSUSDT,2026-10-01,2026-09-25T23:30:06+00:00,0.9656110633409246,0.18323952822276032,127,0.599132006895404,E0_RANGE,0.0,0.3,no pre-decision precedent,,5000,41.31,NO_SIGNAL,cash basis UNRESOLVED; gross basis required,,,,,,,,,
exnight-strategy-v3,rSFBS-2026-10-01-1,rSFBS,RSFBSUSDT,2026-10-01,2026-09-25T23:30:06+00:00,0.9656110633409246,0.18323952822276032,127,0.599132006895404,E0_RANGE,0.0,0.3,no pre-decision precedent,,25000,41.31,NO_SIGNAL,cash basis UNRESOLVED; gross basis required,,,,,,,,,
exnight-strategy-v3,rSIG-2026-10-23-1,rSIG,RSIGUSDT,2026-10-23,2026-09-25T23:30:06+00:00,0.9656110633409246,0.18323952822276032,127,0.599132006895404,E0_RANGE,0.0,0.3,no pre-decision precedent,,1000,102.26,NO_SIGNAL,cash basis UNRESOLVED; gross basis required,,,,,,,,,
exnight-strategy-v3,rSIG-2026-10-23-1,rSIG,RSIGUSDT,2026-10-23,2026-09-25T23:30:06+00:00,0.9656110633409246,0.18323952822276032,127,0.599132006895404,E0_RANGE,0.0,0.3,no pre-decision precedent,,5000,102.26,NO_SIGNAL,cash basis UNRESOLVED; gross basis required,,,,,,,,,
exnight-strategy-v3,rSIG-2026-10-23-1,rSIG,RSIGUSDT,2026-10-23,2026-09-25T23:30:06+00:00,0.9656110633409246,0.18323952822276032,127,0.599132006895404,E0_RANGE,0.0,0.3,no pre-decision precedent,,25000,102.26,NO_SIGNAL,cash basis UNRESOLVED; gross basis required,,,,,,,,,
exnight-strategy-v3,rSLG-2026-09-30-1,rSLG,RSLGUSDT,2026-09-30,2026-09-25T23:30:06+00:00,0.9656110633409246,0.18323952822276032,127,0.599132006895404,E0_RANGE,0.0,0.3,no pre-decision precedent,,1000,50.54,NO_SIGNAL,cash basis UNRESOLVED; gross basis required,,,,,,,,,
exnight-strategy-v3,rSLG-2026-09-30-1,rSLG,RSLGUSDT,2026-09-30,2026-09-25T23:30:06+00:00,0.9656110633409246,0.18323952822276032,127,0.599132006895404,E0_RANGE,0.0,0.3,no pre-decision precedent,,5000,50.54,NO_SIGNAL,cash basis UNRESOLVED; gross basis required,,,,,,,,,
exnight-strategy-v3,rSLG-2026-09-30-1,rSLG,RSLGUSDT,2026-09-30,2026-09-25T23:30:06+00:00,0.9656110633409246,0.18323952822276032,127,0.599132006895404,E0_RANGE,0.0,0.3,no pre-decision precedent,,25000,50.54,NO_SIGNAL,cash basis UNRESOLVED; gross basis required,,,,,,,,,
exnight-strategy-v3,rSOBO-2026-09-29-1,rSOBO,RSOBOUSDT,2026-09-29,2026-09-25T23:30:06+00:00,0.9656110633409246,0.18323952822276032,127,0.599132006895404,E0_RANGE,0.0,0.3,no pre-decision precedent,,1000,33.99,NO_SIGNAL,cash basis UNRESOLVED; gross basis required,,,,,,,,,
exnight-strategy-v3,rSOBO-2026-09-29-1,rSOBO,RSOBOUSDT,2026-09-29,2026-09-25T23:30:06+00:00,0.9656110633409246,0.18323952822276032,127,0.599132006895404,E0_RANGE,0.0,0.3,no pre-decision precedent,,5000,33.99,NO_SIGNAL,cash basis UNRESOLVED; gross basis required,,,,,,,,,
exnight-strategy-v3,rSOBO-2026-09-29-1,rSOBO,RSOBOUSDT,2026-09-29,2026-09-25T23:30:06+00:00,0.9656110633409246,0.18323952822276032,127,0.599132006895404,E0_RANGE,0.0,0.3,no pre-decision precedent,,25000,33.99,NO_SIGNAL,cash basis UNRESOLVED; gross basis required,,,,,,,,,
exnight-strategy-v3,rSNN-2026-10-02-1,rSNN,RSNNUSDT,2026-10-02,2026-09-25T23:30:06+00:00,0.9656110633409246,0.18323952822276032,127,0.599132006895404,E0_RANGE,0.0,0.3,no pre-decision precedent,,1000,26.91,NO_SIGNAL,cash basis UNRESOLVED; gross basis required,,,,,,,,,
exnight-strategy-v3,rSNN-2026-10-02-1,rSNN,RSNNUSDT,2026-10-02,2026-09-25T23:30:06+00:00,0.9656110633409246,0.18323952822276032,127,0.599132006895404,E0_RANGE,0.0,0.3,no pre-decision precedent,,5000,26.91,NO_SIGNAL,cash basis UNRESOLVED; gross basis required,,,,,,,,,
exnight-strategy-v3,rSNN-2026-10-02-1,rSNN,RSNNUSDT,2026-10-02,2026-09-25T23:30:06+00:00,0.9656110633409246,0.18323952822276032,127,0.599132006895404,E0_RANGE,0.0,0.3,no pre-decision precedent,,25000,26.91,NO_SIGNAL,cash basis UNRESOLVED; gross basis required,,,,,,,,,
exnight-strategy-v3,rSSD-2026-10-01-1,rSSD,RSSDUSDT,2026-10-01,2026-09-25T23:30:06+00:00,0.9656110633409246,0.18323952822276032,127,0.599132006895404,E0_RANGE,0.0,0.3,no pre-decision precedent,,1000,176.55,NO_SIGNAL,cash basis UNRESOLVED; gross basis required,,,,,,,,,
exnight-strategy-v3,rSSD-2026-10-01-1,rSSD,RSSDUSDT,2026-10-01,2026-09-25T23:30:06+00:00,0.9656110633409246,0.18323952822276032,127,0.599132006895404,E0_RANGE,0.0,0.3,no pre-decision precedent,,5000,176.55,NO_SIGNAL,cash basis UNRESOLVED; gross basis required,,,,,,,,,
exnight-strategy-v3,rSSD-2026-10-01-1,rSSD,RSSDUSDT,2026-10-01,2026-09-25T23:30:06+00:00,0.9656110633409246,0.18323952822276032,127,0.599132006895404,E0_RANGE,0.0,0.3,no pre-decision precedent,,25000,176.55,NO_SIGNAL,cash basis UNRESOLVED; gross basis required,,,,,,,,,
exnight-strategy-v3,rSTN-2026-09-29-1,rSTN,RSTNUSDT,2026-09-29,2026-09-25T23:30:06+00:00,0.9656110633409246,0.18323952822276032,127,0.599132006895404,E0_RANGE,0.0,0.3,no pre-decision precedent,,1000,69.02,NO_SIGNAL,cash basis UNRESOLVED; gross basis required,,,,,,,,,
exnight-strategy-v3,rSTN-2026-09-29-1,rSTN,RSTNUSDT,2026-09-29,2026-09-25T23:30:06+00:00,0.9656110633409246,0.18323952822276032,127,0.599132006895404,E0_RANGE,0.0,0.3,no pre-decision precedent,,5000,69.02,NO_SIGNAL,cash basis UNRESOLVED; gross basis required,,,,,,,,,
exnight-strategy-v3,rSTN-2026-09-29-1,rSTN,RSTNUSDT,2026-09-29,2026-09-25T23:30:06+00:00,0.9656110633409246,0.18323952822276032,127,0.599132006895404,E0_RANGE,0.0,0.3,no pre-decision precedent,,25000,69.02,NO_SIGNAL,cash basis UNRESOLVED; gross basis required,,,,,,,,,
exnight-strategy-v3,rSTAG-2026-09-30-1,rSTAG,RSTAGUSDT,2026-09-30,2026-09-25T23:30:06+00:00,0.9656110633409246,0.18323952822276032,127,0.599132006895404,E0_RANGE,0.0,0.3,no pre-decision precedent,,1000,37.0,NO_SIGNAL,cash basis UNRESOLVED; gross basis required,,,,,,,,,
exnight-strategy-v3,rSTAG-2026-09-30-1,rSTAG,RSTAGUSDT,2026-09-30,2026-09-25T23:30:06+00:00,0.9656110633409246,0.18323952822276032,127,0.599132006895404,E0_RANGE,0.0,0.3,no pre-decision precedent,,5000,37.0,NO_SIGNAL,cash basis UNRESOLVED; gross basis required,,,,,,,,,
exnight-strategy-v3,rSTAG-2026-09-30-1,rSTAG,RSTAGUSDT,2026-09-30,2026-09-25T23:30:06+00:00,0.9656110633409246,0.18323952822276032,127,0.599132006895404,E0_RANGE,0.0,0.3,no pre-decision precedent,,25000,37.0,NO_SIGNAL,cash basis UNRESOLVED; gross basis required,,,,,,,,,
exnight-strategy-v3,rSTLD-2026-09-30-1,rSTLD,RSTLDUSDT,2026-09-30,2026-09-25T23:30:06+00:00,0.9656110633409246,0.18323952822276032,127,0.599132006895404,E0_RANGE,0.0,0.3,no pre-decision precedent,0.5300000000000000,1000,233.66,NO_SIGNAL,sell: no depth sample for this symbol/session; buy: no depth sample for this symbol/session,,,,,,,,,
exnight-strategy-v3,rSTLD-2026-09-30-1,rSTLD,RSTLDUSDT,2026-09-30,2026-09-25T23:30:06+00:00,0.9656110633409246,0.18323952822276032,127,0.599132006895404,E0_RANGE,0.0,0.3,no pre-decision precedent,0.5300000000000000,5000,233.66,NO_SIGNAL,sell: no depth sample for this symbol/session; buy: no depth sample for this symbol/session,,,,,,,,,
exnight-strategy-v3,rSTLD-2026-09-30-1,rSTLD,RSTLDUSDT,2026-09-30,2026-09-25T23:30:06+00:00,0.9656110633409246,0.18323952822276032,127,0.599132006895404,E0_RANGE,0.0,0.3,no pre-decision precedent,0.5300000000000000,25000,233.66,NO_SIGNAL,sell: no depth sample for this symbol/session; buy: no depth sample for this symbol/session,,,,,,,,,
exnight-strategy-v3,rSTRC-2026-09-30-1,rSTRC,RSTRCUSDT,2026-09-30,2026-09-25T23:30:06+00:00,0.9656110633409246,0.18323952822276032,127,0.599132006895404,E1_DOCUMENTED_PRECEDENT,0.3,0.3,"dividends_89_2026_09_23: rSTRC ex 2026-07-31 0.5 at 30%, available 2026-09-23T12:34:33+00:00 (primary)",0.5000000000000000,1000,98.6,HOLD,,2026-09-25T23:05:03.168637+00:00,public_book,2026-09-25T07:05:03.383026+00:00,public_book,0.40317378648677626,-0.45360778303907423,-0.45360778303907423,50.70993914807302,
exnight-strategy-v3,rSTRC-2026-09-30-1,rSTRC,RSTRCUSDT,2026-09-30,2026-09-25T23:30:06+00:00,0.9656110633409246,0.18323952822276032,127,0.599132006895404,E1_DOCUMENTED_PRECEDENT,0.3,0.3,"dividends_89_2026_09_23: rSTRC ex 2026-07-31 0.5 at 30%, available 2026-09-23T12:34:33+00:00 (primary)",0.5000000000000000,5000,98.6,HOLD,,2026-09-25T23:05:03.168637+00:00,public_book,2026-09-25T07:05:03.383026+00:00,public_book,0.6676650102211636,-0.7180990067734616,-0.7180990067734616,50.70993914807302,
exnight-strategy-v3,rSTRC-2026-09-30-1,rSTRC,RSTRCUSDT,2026-09-30,2026-09-25T23:30:06+00:00,0.9656110633409246,0.18323952822276032,127,0.599132006895404,E1_DOCUMENTED_PRECEDENT,0.3,0.3,"dividends_89_2026_09_23: rSTRC ex 2026-07-31 0.5 at 30%, available 2026-09-23T12:34:33+00:00 (primary)",0.5000000000000000,25000,98.6,HOLD,,2026-09-25T23:05:03.168637+00:00,public_book,2026-09-25T07:05:03.383026+00:00,public_book,1.0385274478420798,-1.0889614443943778,-1.0889614443943778,50.70993914807302,
exnight-strategy-v3,rSTWD-2026-09-30-1,rSTWD,RSTWDUSDT,2026-09-30,2026-09-25T23:30:06+00:00,0.9656110633409246,0.18323952822276032,127,0.599132006895404,E0_RANGE,0.0,0.3,no pre-decision precedent,,1000,14.4,NO_SIGNAL,cash basis UNRESOLVED; gross basis required,,,,,,,,,
exnight-strategy-v3,rSTWD-2026-09-30-1,rSTWD,RSTWDUSDT,2026-09-30,2026-09-25T23:30:06+00:00,0.9656110633409246,0.18323952822276032,127,0.599132006895404,E0_RANGE,0.0,0.3,no pre-decision precedent,,5000,14.4,NO_SIGNAL,cash basis UNRESOLVED; gross basis required,,,,,,,,,
exnight-strategy-v3,rSTWD-2026-09-30-1,rSTWD,RSTWDUSDT,2026-09-30,2026-09-25T23:30:06+00:00,0.9656110633409246,0.18323952822276032,127,0.599132006895404,E0_RANGE,0.0,0.3,no pre-decision precedent,,25000,14.4,NO_SIGNAL,cash basis UNRESOLVED; gross basis required,,,,,,,,,
exnight-strategy-v3,rSTT-2026-10-01-1,rSTT,RSTTUSDT,2026-10-01,2026-09-25T23:30:06+00:00,0.9656110633409246,0.18323952822276032,127,0.599132006895404,E0_RANGE,0.0,0.3,no pre-decision precedent,,1000,182.57,NO_SIGNAL,cash basis UNRESOLVED; gross basis required,,,,,,,,,
exnight-strategy-v3,rSTT-2026-10-01-1,rSTT,RSTTUSDT,2026-10-01,2026-09-25T23:30:06+00:00,0.9656110633409246,0.18323952822276032,127,0.599132006895404,E0_RANGE,0.0,0.3,no pre-decision precedent,,5000,182.57,NO_SIGNAL,cash basis UNRESOLVED; gross basis required,,,,,,,,,
exnight-strategy-v3,rSTT-2026-10-01-1,rSTT,RSTTUSDT,2026-10-01,2026-09-25T23:30:06+00:00,0.9656110633409246,0.18323952822276032,127,0.599132006895404,E0_RANGE,0.0,0.3,no pre-decision precedent,,25000,182.57,NO_SIGNAL,cash basis UNRESOLVED; gross basis required,,,,,,,,,
exnight-strategy-v3,rSTM-2026-12-15-1,rSTM,RSTMUSDT,2026-12-15,2026-09-25T23:30:06+00:00,0.9656110633409246,0.18323952822276032,127,0.599132006895404,E1_DOCUMENTED_PRECEDENT,0.3,0.3,"dividends_2026_07_24: rSTM ex 2026-06-23 0.0765 at 30%, available 2026-09-16T11:09:53+00:00 (primary)",,1000,51.98,NO_SIGNAL,cash basis UNRESOLVED; gross basis required,,,,,,,,,
exnight-strategy-v3,rSTM-2026-12-15-1,rSTM,RSTMUSDT,2026-12-15,2026-09-25T23:30:06+00:00,0.9656110633409246,0.18323952822276032,127,0.599132006895404,E1_DOCUMENTED_PRECEDENT,0.3,0.3,"dividends_2026_07_24: rSTM ex 2026-06-23 0.0765 at 30%, available 2026-09-16T11:09:53+00:00 (primary)",,5000,51.98,NO_SIGNAL,cash basis UNRESOLVED; gross basis required,,,,,,,,,
exnight-strategy-v3,rSTM-2026-12-15-1,rSTM,RSTMUSDT,2026-12-15,2026-09-25T23:30:06+00:00,0.9656110633409246,0.18323952822276032,127,0.599132006895404,E1_DOCUMENTED_PRECEDENT,0.3,0.3,"dividends_2026_07_24: rSTM ex 2026-06-23 0.0765 at 30%, available 2026-09-16T11:09:53+00:00 (primary)",,25000,51.98,NO_SIGNAL,cash basis UNRESOLVED; gross basis required,,,,,,,,,
exnight-strategy-v3,rSTM-2027-03-16-1,rSTM,RSTMUSDT,2027-03-16,2026-09-25T23:30:06+00:00,0.9656110633409246,0.18323952822276032,127,0.599132006895404,E1_DOCUMENTED_PRECEDENT,0.3,0.3,"dividends_2026_07_24: rSTM ex 2026-06-23 0.0765 at 30%, available 2026-09-16T11:09:53+00:00 (primary)",,1000,51.98,NO_SIGNAL,cash basis UNRESOLVED; gross basis required,,,,,,,,,
exnight-strategy-v3,rSTM-2027-03-16-1,rSTM,RSTMUSDT,2027-03-16,2026-09-25T23:30:06+00:00,0.9656110633409246,0.18323952822276032,127,0.599132006895404,E1_DOCUMENTED_PRECEDENT,0.3,0.3,"dividends_2026_07_24: rSTM ex 2026-06-23 0.0765 at 30%, available 2026-09-16T11:09:53+00:00 (primary)",,5000,51.98,NO_SIGNAL,cash basis UNRESOLVED; gross basis required,,,,,,,,,
exnight-strategy-v3,rSTM-2027-03-16-1,rSTM,RSTMUSDT,2027-03-16,2026-09-25T23:30:06+00:00,0.9656110633409246,0.18323952822276032,127,0.599132006895404,E1_DOCUMENTED_PRECEDENT,0.3,0.3,"dividends_2026_07_24: rSTM ex 2026-06-23 0.0765 at 30%, available 2026-09-16T11:09:53+00:00 (primary)",,25000,51.98,NO_SIGNAL,cash basis UNRESOLVED; gross basis required,,,,,,,,,
exnight-strategy-v3,rSUI-2026-09-30-1,rSUI,RSUIUSDT,2026-09-30,2026-09-25T23:30:06+00:00,0.9656110633409246,0.18323952822276032,127,0.599132006895404,E0_RANGE,0.0,0.3,no pre-decision precedent,,1000,112.26,NO_SIGNAL,cash basis UNRESOLVED; gross basis required,,,,,,,,,
exnight-strategy-v3,rSUI-2026-09-30-1,rSUI,RSUIUSDT,2026-09-30,2026-09-25T23:30:06+00:00,0.9656110633409246,0.18323952822276032,127,0.599132006895404,E0_RANGE,0.0,0.3,no pre-decision precedent,,5000,112.26,NO_SIGNAL,cash basis UNRESOLVED; gross basis required,,,,,,,,,
exnight-strategy-v3,rSUI-2026-09-30-1,rSUI,RSUIUSDT,2026-09-30,2026-09-25T23:30:06+00:00,0.9656110633409246,0.18323952822276032,127,0.599132006895404,E0_RANGE,0.0,0.3,no pre-decision precedent,,25000,112.26,NO_SIGNAL,cash basis UNRESOLVED; gross basis required,,,,,,,,,
exnight-strategy-v3,rSYK-2026-09-30-1,rSYK,RSYKUSDT,2026-09-30,2026-09-25T23:30:06+00:00,0.9656110633409246,0.18323952822276032,127,0.599132006895404,E0_RANGE,0.0,0.3,no pre-decision precedent,,1000,273.0,NO_SIGNAL,cash basis UNRESOLVED; gross basis required,,,,,,,,,
exnight-strategy-v3,rSYK-2026-09-30-1,rSYK,RSYKUSDT,2026-09-30,2026-09-25T23:30:06+00:00,0.9656110633409246,0.18323952822276032,127,0.599132006895404,E0_RANGE,0.0,0.3,no pre-decision precedent,,5000,273.0,NO_SIGNAL,cash basis UNRESOLVED; gross basis required,,,,,,,,,
exnight-strategy-v3,rSYK-2026-09-30-1,rSYK,RSYKUSDT,2026-09-30,2026-09-25T23:30:06+00:00,0.9656110633409246,0.18323952822276032,127,0.599132006895404,E0_RANGE,0.0,0.3,no pre-decision precedent,,25000,273.0,NO_SIGNAL,cash basis UNRESOLVED; gross basis required,,,,,,,,,
exnight-strategy-v3,rSYY-2026-10-02-1,rSYY,RSYYUSDT,2026-10-02,2026-09-25T23:30:06+00:00,0.9656110633409246,0.18323952822276032,127,0.599132006895404,E0_RANGE,0.0,0.3,no pre-decision precedent,,1000,78.46,NO_SIGNAL,cash basis UNRESOLVED; gross basis required,,,,,,,,,
exnight-strategy-v3,rSYY-2026-10-02-1,rSYY,RSYYUSDT,2026-10-02,2026-09-25T23:30:06+00:00,0.9656110633409246,0.18323952822276032,127,0.599132006895404,E0_RANGE,0.0,0.3,no pre-decision precedent,,5000,78.46,NO_SIGNAL,cash basis UNRESOLVED; gross basis required,,,,,,,,,
exnight-strategy-v3,rSYY-2026-10-02-1,rSYY,RSYYUSDT,2026-10-02,2026-09-25T23:30:06+00:00,0.9656110633409246,0.18323952822276032,127,0.599132006895404,E0_RANGE,0.0,0.3,no pre-decision precedent,,25000,78.46,NO_SIGNAL,cash basis UNRESOLVED; gross basis required,,,,,,,,,
exnight-strategy-v3,rTD-2026-10-09-1,rTD,RTDUSDT,2026-10-09,2026-09-25T23:30:06+00:00,0.9656110633409246,0.18323952822276032,127,0.599132006895404,E0_RANGE,0.0,0.3,no pre-decision precedent,,1000,120.65,NO_SIGNAL,cash basis UNRESOLVED; gross basis required,,,,,,,,,
exnight-strategy-v3,rTD-2026-10-09-1,rTD,RTDUSDT,2026-10-09,2026-09-25T23:30:06+00:00,0.9656110633409246,0.18323952822276032,127,0.599132006895404,E0_RANGE,0.0,0.3,no pre-decision precedent,,5000,120.65,NO_SIGNAL,cash basis UNRESOLVED; gross basis required,,,,,,,,,
exnight-strategy-v3,rTD-2026-10-09-1,rTD,RTDUSDT,2026-10-09,2026-09-25T23:30:06+00:00,0.9656110633409246,0.18323952822276032,127,0.599132006895404,E0_RANGE,0.0,0.3,no pre-decision precedent,,25000,120.65,NO_SIGNAL,cash basis UNRESOLVED; gross basis required,,,,,,,,,
exnight-strategy-v3,rTEL-2026-11-20-1,rTEL,RTELUSDT,2026-11-20,2026-09-25T23:30:06+00:00,0.9656110633409246,0.18323952822276032,127,0.599132006895404,E0_RANGE,0.0,0.3,no pre-decision precedent,,1000,219.0,NO_SIGNAL,cash basis UNRESOLVED; gross basis required,,,,,,,,,
exnight-strategy-v3,rTEL-2026-11-20-1,rTEL,RTELUSDT,2026-11-20,2026-09-25T23:30:06+00:00,0.9656110633409246,0.18323952822276032,127,0.599132006895404,E0_RANGE,0.0,0.3,no pre-decision precedent,,5000,219.0,NO_SIGNAL,cash basis UNRESOLVED; gross basis required,,,,,,,,,
exnight-strategy-v3,rTEL-2026-11-20-1,rTEL,RTELUSDT,2026-11-20,2026-09-25T23:30:06+00:00,0.9656110633409246,0.18323952822276032,127,0.599132006895404,E0_RANGE,0.0,0.3,no pre-decision precedent,,25000,219.0,NO_SIGNAL,cash basis UNRESOLVED; gross basis required,,,,,,,,,
exnight-strategy-v3,rTIMB-2026-09-28-1,rTIMB,RTIMBUSDT,2026-09-28,2026-09-25T23:30:06+00:00,0.9656110633409246,0.18323952822276032,127,0.599132006895404,E0_RANGE,0.0,0.3,no pre-decision precedent,,1000,18.16,NO_SIGNAL,cash basis UNRESOLVED; gross basis required,,,,,,,,,
exnight-strategy-v3,rTIMB-2026-09-28-1,rTIMB,RTIMBUSDT,2026-09-28,2026-09-25T23:30:06+00:00,0.9656110633409246,0.18323952822276032,127,0.599132006895404,E0_RANGE,0.0,0.3,no pre-decision precedent,,5000,18.16,NO_SIGNAL,cash basis UNRESOLVED; gross basis required,,,,,,,,,
exnight-strategy-v3,rTIMB-2026-09-28-1,rTIMB,RTIMBUSDT,2026-09-28,2026-09-25T23:30:06+00:00,0.9656110633409246,0.18323952822276032,127,0.599132006895404,E0_RANGE,0.0,0.3,no pre-decision precedent,,25000,18.16,NO_SIGNAL,cash basis UNRESOLVED; gross basis required,,,,,,,,,
exnight-strategy-v3,rTFII-2026-09-30-1,rTFII,RTFIIUSDT,2026-09-30,2026-09-25T23:30:06+00:00,0.9656110633409246,0.18323952822276032,127,0.599132006895404,E0_RANGE,0.0,0.3,no pre-decision precedent,,1000,121.9,NO_SIGNAL,cash basis UNRESOLVED; gross basis required,,,,,,,,,
exnight-strategy-v3,rTFII-2026-09-30-1,rTFII,RTFIIUSDT,2026-09-30,2026-09-25T23:30:06+00:00,0.9656110633409246,0.18323952822276032,127,0.599132006895404,E0_RANGE,0.0,0.3,no pre-decision precedent,,5000,121.9,NO_SIGNAL,cash basis UNRESOLVED; gross basis required,,,,,,,,,
exnight-strategy-v3,rTFII-2026-09-30-1,rTFII,RTFIIUSDT,2026-09-30,2026-09-25T23:30:06+00:00,0.9656110633409246,0.18323952822276032,127,0.599132006895404,E0_RANGE,0.0,0.3,no pre-decision precedent,,25000,121.9,NO_SIGNAL,cash basis UNRESOLVED; gross basis required,,,,,,,,,
exnight-strategy-v3,rTIGO-2026-10-08-1,rTIGO,RTIGOUSDT,2026-10-08,2026-09-25T23:30:06+00:00,0.9656110633409246,0.18323952822276032,127,0.599132006895404,E0_RANGE,0.0,0.3,no pre-decision precedent,0.7500000000000000,1000,92.63,HOLD,,2026-09-25T23:05:03.168637+00:00,ticker_only,2026-09-25T07:05:03.383026+00:00,ticker_only,10.004902819292433,-10.305553814120879,-10.08055381412088,80.96728921515708,
exnight-strategy-v3,rTIGO-2026-10-08-1,rTIGO,RTIGOUSDT,2026-10-08,2026-09-25T23:30:06+00:00,0.9656110633409246,0.18323952822276032,127,0.599132006895404,E0_RANGE,0.0,0.3,no pre-decision precedent,0.7500000000000000,5000,92.63,NO_SIGNAL,"sell: $5,000 exceeds visible top-of-book ($1,998) on ticker-only symbol; buy: $5,000 exceeds visible top-of-book ($1,974) on ticker-only symbol",2026-09-25T23:05:03.168637+00:00,ticker_only,2026-09-25T07:05:03.383026+00:00,ticker_only,,,,,
exnight-strategy-v3,rTIGO-2026-10-08-1,rTIGO,RTIGOUSDT,2026-10-08,2026-09-25T23:30:06+00:00,0.9656110633409246,0.18323952822276032,127,0.599132006895404,E0_RANGE,0.0,0.3,no pre-decision precedent,0.7500000000000000,25000,92.63,NO_SIGNAL,"sell: $25,000 exceeds visible top-of-book ($1,998) on ticker-only symbol; buy: $25,000 exceeds visible top-of-book ($1,974) on ticker-only symbol",2026-09-25T23:05:03.168637+00:00,ticker_only,2026-09-25T07:05:03.383026+00:00,ticker_only,,,,,
exnight-strategy-v3,rTIGO-2027-01-08-1,rTIGO,RTIGOUSDT,2027-01-08,2026-09-25T23:30:06+00:00,0.9656110633409246,0.18323952822276032,127,0.599132006895404,E0_RANGE,0.0,0.3,no pre-decision precedent,,1000,92.63,NO_SIGNAL,cash basis UNRESOLVED; gross basis required,,,,,,,,,
exnight-strategy-v3,rTIGO-2027-01-08-1,rTIGO,RTIGOUSDT,2027-01-08,2026-09-25T23:30:06+00:00,0.9656110633409246,0.18323952822276032,127,0.599132006895404,E0_RANGE,0.0,0.3,no pre-decision precedent,,5000,92.63,NO_SIGNAL,cash basis UNRESOLVED; gross basis required,,,,,,,,,
exnight-strategy-v3,rTIGO-2027-01-08-1,rTIGO,RTIGOUSDT,2027-01-08,2026-09-25T23:30:06+00:00,0.9656110633409246,0.18323952822276032,127,0.599132006895404,E0_RANGE,0.0,0.3,no pre-decision precedent,,25000,92.63,NO_SIGNAL,cash basis UNRESOLVED; gross basis required,,,,,,,,,
exnight-strategy-v3,rTIGO-2027-04-08-1,rTIGO,RTIGOUSDT,2027-04-08,2026-09-25T23:30:06+00:00,0.9656110633409246,0.18323952822276032,127,0.599132006895404,E0_RANGE,0.0,0.3,no pre-decision precedent,,1000,92.63,NO_SIGNAL,cash basis UNRESOLVED; gross basis required,,,,,,,,,
exnight-strategy-v3,rTIGO-2027-04-08-1,rTIGO,RTIGOUSDT,2027-04-08,2026-09-25T23:30:06+00:00,0.9656110633409246,0.18323952822276032,127,0.599132006895404,E0_RANGE,0.0,0.3,no pre-decision precedent,,5000,92.63,NO_SIGNAL,cash basis UNRESOLVED; gross basis required,,,,,,,,,
exnight-strategy-v3,rTIGO-2027-04-08-1,rTIGO,RTIGOUSDT,2027-04-08,2026-09-25T23:30:06+00:00,0.9656110633409246,0.18323952822276032,127,0.599132006895404,E0_RANGE,0.0,0.3,no pre-decision precedent,,25000,92.63,NO_SIGNAL,cash basis UNRESOLVED; gross basis required,,,,,,,,,
exnight-strategy-v3,rTNET-2026-10-01-1,rTNET,RTNETUSDT,2026-10-01,2026-09-25T23:30:06+00:00,0.9656110633409246,0.18323952822276032,127,0.599132006895404,E0_RANGE,0.0,0.3,no pre-decision precedent,,1000,65.11,NO_SIGNAL,cash basis UNRESOLVED; gross basis required,,,,,,,,,
exnight-strategy-v3,rTNET-2026-10-01-1,rTNET,RTNETUSDT,2026-10-01,2026-09-25T23:30:06+00:00,0.9656110633409246,0.18323952822276032,127,0.599132006895404,E0_RANGE,0.0,0.3,no pre-decision precedent,,5000,65.11,NO_SIGNAL,cash basis UNRESOLVED; gross basis required,,,,,,,,,
exnight-strategy-v3,rTNET-2026-10-01-1,rTNET,RTNETUSDT,2026-10-01,2026-09-25T23:30:06+00:00,0.9656110633409246,0.18323952822276032,127,0.599132006895404,E0_RANGE,0.0,0.3,no pre-decision precedent,,25000,65.11,NO_SIGNAL,cash basis UNRESOLVED; gross basis required,,,,,,,,,
exnight-strategy-v3,rTOL-2026-10-09-1,rTOL,RTOLUSDT,2026-10-09,2026-09-25T23:30:06+00:00,0.9656110633409246,0.18323952822276032,127,0.599132006895404,E0_RANGE,0.0,0.3,no pre-decision precedent,,1000,137.5,NO_SIGNAL,cash basis UNRESOLVED; gross basis required,,,,,,,,,
exnight-strategy-v3,rTOL-2026-10-09-1,rTOL,RTOLUSDT,2026-10-09,2026-09-25T23:30:06+00:00,0.9656110633409246,0.18323952822276032,127,0.599132006895404,E0_RANGE,0.0,0.3,no pre-decision precedent,,5000,137.5,NO_SIGNAL,cash basis UNRESOLVED; gross basis required,,,,,,,,,
exnight-strategy-v3,rTOL-2026-10-09-1,rTOL,RTOLUSDT,2026-10-09,2026-09-25T23:30:06+00:00,0.9656110633409246,0.18323952822276032,127,0.599132006895404,E0_RANGE,0.0,0.3,no pre-decision precedent,,25000,137.5,NO_SIGNAL,cash basis UNRESOLVED; gross basis required,,,,,,,,,
exnight-strategy-v3,rTJX-2026-11-12-1,rTJX,RTJXUSDT,2026-11-12,2026-09-25T23:30:06+00:00,0.9656110633409246,0.18323952822276032,127,0.599132006895404,E0_RANGE,0.0,0.3,no pre-decision precedent,,1000,130.36,NO_SIGNAL,cash basis UNRESOLVED; gross basis required,,,,,,,,,
exnight-strategy-v3,rTJX-2026-11-12-1,rTJX,RTJXUSDT,2026-11-12,2026-09-25T23:30:06+00:00,0.9656110633409246,0.18323952822276032,127,0.599132006895404,E0_RANGE,0.0,0.3,no pre-decision precedent,,5000,130.36,NO_SIGNAL,cash basis UNRESOLVED; gross basis required,,,,,,,,,
exnight-strategy-v3,rTJX-2026-11-12-1,rTJX,RTJXUSDT,2026-11-12,2026-09-25T23:30:06+00:00,0.9656110633409246,0.18323952822276032,127,0.599132006895404,E0_RANGE,0.0,0.3,no pre-decision precedent,,25000,130.36,NO_SIGNAL,cash basis UNRESOLVED; gross basis required,,,,,,,,,
exnight-strategy-v3,rTKC-2026-12-10-1,rTKC,RTKCUSDT,2026-12-10,2026-09-25T23:30:06+00:00,0.9656110633409246,0.18323952822276032,127,0.599132006895404,E0_RANGE,0.0,0.3,no pre-decision precedent,,1000,5.17,NO_SIGNAL,cash basis UNRESOLVED; gross basis required,,,,,,,,,
exnight-strategy-v3,rTKC-2026-12-10-1,rTKC,RTKCUSDT,2026-12-10,2026-09-25T23:30:06+00:00,0.9656110633409246,0.18323952822276032,127,0.599132006895404,E0_RANGE,0.0,0.3,no pre-decision precedent,,5000,5.17,NO_SIGNAL,cash basis UNRESOLVED; gross basis required,,,,,,,,,
exnight-strategy-v3,rTKC-2026-12-10-1,rTKC,RTKCUSDT,2026-12-10,2026-09-25T23:30:06+00:00,0.9656110633409246,0.18323952822276032,127,0.599132006895404,E0_RANGE,0.0,0.3,no pre-decision precedent,,25000,5.17,NO_SIGNAL,cash basis UNRESOLVED; gross basis required,,,,,,,,,
exnight-strategy-v3,rTRP-2026-09-29-1,rTRP,RTRPUSDT,2026-09-29,2026-09-25T23:30:06+00:00,0.9656110633409246,0.18323952822276032,127,0.599132006895404,E0_RANGE,0.0,0.3,no pre-decision precedent,,1000,58.78,NO_SIGNAL,cash basis UNRESOLVED; gross basis required,,,,,,,,,
exnight-strategy-v3,rTRP-2026-09-29-1,rTRP,RTRPUSDT,2026-09-29,2026-09-25T23:30:06+00:00,0.9656110633409246,0.18323952822276032,127,0.599132006895404,E0_RANGE,0.0,0.3,no pre-decision precedent,,5000,58.78,NO_SIGNAL,cash basis UNRESOLVED; gross basis required,,,,,,,,,
exnight-strategy-v3,rTRP-2026-09-29-1,rTRP,RTRPUSDT,2026-09-29,2026-09-25T23:30:06+00:00,0.9656110633409246,0.18323952822276032,127,0.599132006895404,E0_RANGE,0.0,0.3,no pre-decision precedent,,25000,58.78,NO_SIGNAL,cash basis UNRESOLVED; gross basis required,,,,,,,,,
exnight-strategy-v3,rTRNO-2026-09-30-1,rTRNO,RTRNOUSDT,2026-09-30,2026-09-25T23:30:06+00:00,0.9656110633409246,0.18323952822276032,127,0.599132006895404,E0_RANGE,0.0,0.3,no pre-decision precedent,,1000,66.07,NO_SIGNAL,cash basis UNRESOLVED; gross basis required,,,,,,,,,
exnight-strategy-v3,rTRNO-2026-09-30-1,rTRNO,RTRNOUSDT,2026-09-30,2026-09-25T23:30:06+00:00,0.9656110633409246,0.18323952822276032,127,0.599132006895404,E0_RANGE,0.0,0.3,no pre-decision precedent,,5000,66.07,NO_SIGNAL,cash basis UNRESOLVED; gross basis required,,,,,,,,,
exnight-strategy-v3,rTRNO-2026-09-30-1,rTRNO,RTRNOUSDT,2026-09-30,2026-09-25T23:30:06+00:00,0.9656110633409246,0.18323952822276032,127,0.599132006895404,E0_RANGE,0.0,0.3,no pre-decision precedent,,25000,66.07,NO_SIGNAL,cash basis UNRESOLVED; gross basis required,,,,,,,,,
exnight-strategy-v3,rTR-2026-10-07-1,rTR,RTRUSDT,2026-10-07,2026-09-25T23:30:06+00:00,0.9656110633409246,0.18323952822276032,127,0.599132006895404,E0_RANGE,0.0,0.3,no pre-decision precedent,,1000,38.01,NO_SIGNAL,cash basis UNRESOLVED; gross basis required,,,,,,,,,
exnight-strategy-v3,rTR-2026-10-07-1,rTR,RTRUSDT,2026-10-07,2026-09-25T23:30:06+00:00,0.9656110633409246,0.18323952822276032,127,0.599132006895404,E0_RANGE,0.0,0.3,no pre-decision precedent,,5000,38.01,NO_SIGNAL,cash basis UNRESOLVED; gross basis required,,,,,,,,,
exnight-strategy-v3,rTR-2026-10-07-1,rTR,RTRUSDT,2026-10-07,2026-09-25T23:30:06+00:00,0.9656110633409246,0.18323952822276032,127,0.599132006895404,E0_RANGE,0.0,0.3,no pre-decision precedent,,25000,38.01,NO_SIGNAL,cash basis UNRESOLVED; gross basis required,,,,,,,,,
exnight-strategy-v3,rTS-2026-11-24-1,rTS,RTSUSDT,2026-11-24,2026-09-25T23:30:06+00:00,0.9656110633409246,0.18323952822276032,127,0.599132006895404,E0_RANGE,0.0,0.3,no pre-decision precedent,,1000,55.47,NO_SIGNAL,cash basis UNRESOLVED; gross basis required,,,,,,,,,
exnight-strategy-v3,rTS-2026-11-24-1,rTS,RTSUSDT,2026-11-24,2026-09-25T23:30:06+00:00,0.9656110633409246,0.18323952822276032,127,0.599132006895404,E0_RANGE,0.0,0.3,no pre-decision precedent,,5000,55.47,NO_SIGNAL,cash basis UNRESOLVED; gross basis required,,,,,,,,,
exnight-strategy-v3,rTS-2026-11-24-1,rTS,RTSUSDT,2026-11-24,2026-09-25T23:30:06+00:00,0.9656110633409246,0.18323952822276032,127,0.599132006895404,E0_RANGE,0.0,0.3,no pre-decision precedent,,25000,55.47,NO_SIGNAL,cash basis UNRESOLVED; gross basis required,,,,,,,,,
exnight-strategy-v3,rTSN-2026-12-01-1,rTSN,RTSNUSDT,2026-12-01,2026-09-25T23:30:06+00:00,0.9656110633409246,0.18323952822276032,127,0.599132006895404,E0_RANGE,0.0,0.3,no pre-decision precedent,,1000,50.96,NO_SIGNAL,cash basis UNRESOLVED; gross basis required,,,,,,,,,
exnight-strategy-v3,rTSN-2026-12-01-1,rTSN,RTSNUSDT,2026-12-01,2026-09-25T23:30:06+00:00,0.9656110633409246,0.18323952822276032,127,0.599132006895404,E0_RANGE,0.0,0.3,no pre-decision precedent,,5000,50.96,NO_SIGNAL,cash basis UNRESOLVED; gross basis required,,,,,,,,,
exnight-strategy-v3,rTSN-2026-12-01-1,rTSN,RTSNUSDT,2026-12-01,2026-09-25T23:30:06+00:00,0.9656110633409246,0.18323952822276032,127,0.599132006895404,E0_RANGE,0.0,0.3,no pre-decision precedent,,25000,50.96,NO_SIGNAL,cash basis UNRESOLVED; gross basis required,,,,,,,,,
exnight-strategy-v3,rTSM-2026-12-10-1,rTSM,RTSMUSDT,2026-12-10,2026-09-25T23:30:06+00:00,0.9656110633409246,0.18323952822276032,127,0.599132006895404,E1_DOCUMENTED_PRECEDENT,0.3,0.3,"dividends_2026_07_24: rTSM ex 2026-06-11 0.742067 at 30%, available 2026-09-16T11:09:53+00:00 (primary)",,1000,451.3,NO_SIGNAL,cash basis UNRESOLVED; gross basis required,,,,,,,,,
exnight-strategy-v3,rTSM-2026-12-10-1,rTSM,RTSMUSDT,2026-12-10,2026-09-25T23:30:06+00:00,0.9656110633409246,0.18323952822276032,127,0.599132006895404,E1_DOCUMENTED_PRECEDENT,0.3,0.3,"dividends_2026_07_24: rTSM ex 2026-06-11 0.742067 at 30%, available 2026-09-16T11:09:53+00:00 (primary)",,5000,451.3,NO_SIGNAL,cash basis UNRESOLVED; gross basis required,,,,,,,,,
exnight-strategy-v3,rTSM-2026-12-10-1,rTSM,RTSMUSDT,2026-12-10,2026-09-25T23:30:06+00:00,0.9656110633409246,0.18323952822276032,127,0.599132006895404,E1_DOCUMENTED_PRECEDENT,0.3,0.3,"dividends_2026_07_24: rTSM ex 2026-06-11 0.742067 at 30%, available 2026-09-16T11:09:53+00:00 (primary)",,25000,451.3,NO_SIGNAL,cash basis UNRESOLVED; gross basis required,,,,,,,,,
exnight-strategy-v3,rTXN-2026-10-30-1,rTXN,RTXNUSDT,2026-10-30,2026-09-25T23:30:06+00:00,0.9656110633409246,0.18323952822276032,127,0.599132006895404,E0_RANGE,0.0,0.3,no pre-decision precedent,,1000,278.7,NO_SIGNAL,cash basis UNRESOLVED; gross basis required,,,,,,,,,
exnight-strategy-v3,rTXN-2026-10-30-1,rTXN,RTXNUSDT,2026-10-30,2026-09-25T23:30:06+00:00,0.9656110633409246,0.18323952822276032,127,0.599132006895404,E0_RANGE,0.0,0.3,no pre-decision precedent,,5000,278.7,NO_SIGNAL,cash basis UNRESOLVED; gross basis required,,,,,,,,,
exnight-strategy-v3,rTXN-2026-10-30-1,rTXN,RTXNUSDT,2026-10-30,2026-09-25T23:30:06+00:00,0.9656110633409246,0.18323952822276032,127,0.599132006895404,E0_RANGE,0.0,0.3,no pre-decision precedent,,25000,278.7,NO_SIGNAL,cash basis UNRESOLVED; gross basis required,,,,,,,,,
exnight-strategy-v3,rUSB-2026-09-30-1,rUSB,RUSBUSDT,2026-09-30,2026-09-25T23:30:06+00:00,0.9656110633409246,0.18323952822276032,127,0.599132006895404,E0_RANGE,0.0,0.3,no pre-decision precedent,,1000,59.51,NO_SIGNAL,cash basis UNRESOLVED; gross basis required,,,,,,,,,
exnight-strategy-v3,rUSB-2026-09-30-1,rUSB,RUSBUSDT,2026-09-30,2026-09-25T23:30:06+00:00,0.9656110633409246,0.18323952822276032,127,0.599132006895404,E0_RANGE,0.0,0.3,no pre-decision precedent,,5000,59.51,NO_SIGNAL,cash basis UNRESOLVED; gross basis required,,,,,,,,,
exnight-strategy-v3,rUSB-2026-09-30-1,rUSB,RUSBUSDT,2026-09-30,2026-09-25T23:30:06+00:00,0.9656110633409246,0.18323952822276032,127,0.599132006895404,E0_RANGE,0.0,0.3,no pre-decision precedent,,25000,59.51,NO_SIGNAL,cash basis UNRESOLVED; gross basis required,,,,,,,,,
exnight-strategy-v3,rVIV-2026-09-28-1,rVIV,RVIVUSDT,2026-09-28,2026-09-25T23:30:06+00:00,0.9656110633409246,0.18323952822276032,127,0.599132006895404,E0_RANGE,0.0,0.3,no pre-decision precedent,,1000,11.6,NO_SIGNAL,cash basis UNRESOLVED; gross basis required,,,,,,,,,
exnight-strategy-v3,rVIV-2026-09-28-1,rVIV,RVIVUSDT,2026-09-28,2026-09-25T23:30:06+00:00,0.9656110633409246,0.18323952822276032,127,0.599132006895404,E0_RANGE,0.0,0.3,no pre-decision precedent,,5000,11.6,NO_SIGNAL,cash basis UNRESOLVED; gross basis required,,,,,,,,,
exnight-strategy-v3,rVIV-2026-09-28-1,rVIV,RVIVUSDT,2026-09-28,2026-09-25T23:30:06+00:00,0.9656110633409246,0.18323952822276032,127,0.599132006895404,E0_RANGE,0.0,0.3,no pre-decision precedent,,25000,11.6,NO_SIGNAL,cash basis UNRESOLVED; gross basis required,,,,,,,,,
exnight-strategy-v3,rVSNT-2026-10-01-1,rVSNT,RVSNTUSDT,2026-10-01,2026-09-25T23:30:06+00:00,0.9656110633409246,0.18323952822276032,127,0.599132006895404,E0_RANGE,0.0,0.3,no pre-decision precedent,0.3750000000000000,1000,33.0,NO_SIGNAL,"buy: $1,000 exceeds visible top-of-book ($539) on ticker-only symbol",2026-09-25T23:05:03.168637+00:00,ticker_only,2026-09-25T07:05:03.383026+00:00,ticker_only,,,,,
exnight-strategy-v3,rVSNT-2026-10-01-1,rVSNT,RVSNTUSDT,2026-10-01,2026-09-25T23:30:06+00:00,0.9656110633409246,0.18323952822276032,127,0.599132006895404,E0_RANGE,0.0,0.3,no pre-decision precedent,0.3750000000000000,5000,33.0,NO_SIGNAL,"sell: $5,000 exceeds visible top-of-book ($3,009) on ticker-only symbol; buy: $5,000 exceeds visible top-of-book ($539) on ticker-only symbol",2026-09-25T23:05:03.168637+00:00,ticker_only,2026-09-25T07:05:03.383026+00:00,ticker_only,,,,,
exnight-strategy-v3,rVSNT-2026-10-01-1,rVSNT,RVSNTUSDT,2026-10-01,2026-09-25T23:30:06+00:00,0.9656110633409246,0.18323952822276032,127,0.599132006895404,E0_RANGE,0.0,0.3,no pre-decision precedent,0.3750000000000000,25000,33.0,NO_SIGNAL,"sell: $25,000 exceeds visible top-of-book ($3,009) on ticker-only symbol; buy: $25,000 exceeds visible top-of-book ($539) on ticker-only symbol",2026-09-25T23:05:03.168637+00:00,ticker_only,2026-09-25T07:05:03.383026+00:00,ticker_only,,,,,
exnight-strategy-v3,rVSEC-2026-10-15-1,rVSEC,RVSECUSDT,2026-10-15,2026-09-25T23:30:06+00:00,0.9656110633409246,0.18323952822276032,127,0.599132006895404,E0_RANGE,0.0,0.3,no pre-decision precedent,0.1000000000000000,1000,180.77,NO_SIGNAL,sell: no depth sample for this symbol/session; buy: no depth sample for this symbol/session,,,,,,,,,
exnight-strategy-v3,rVSEC-2026-10-15-1,rVSEC,RVSECUSDT,2026-10-15,2026-09-25T23:30:06+00:00,0.9656110633409246,0.18323952822276032,127,0.599132006895404,E0_RANGE,0.0,0.3,no pre-decision precedent,0.1000000000000000,5000,180.77,NO_SIGNAL,sell: no depth sample for this symbol/session; buy: no depth sample for this symbol/session,,,,,,,,,
exnight-strategy-v3,rVSEC-2026-10-15-1,rVSEC,RVSECUSDT,2026-10-15,2026-09-25T23:30:06+00:00,0.9656110633409246,0.18323952822276032,127,0.599132006895404,E0_RANGE,0.0,0.3,no pre-decision precedent,0.1000000000000000,25000,180.77,NO_SIGNAL,sell: no depth sample for this symbol/session; buy: no depth sample for this symbol/session,,,,,,,,,
exnight-strategy-v3,rVZ-2026-10-09-1,rVZ,RVZUSDT,2026-10-09,2026-09-25T23:30:06+00:00,0.9656110633409246,0.18323952822276032,127,0.599132006895404,E0_RANGE,0.0,0.3,no pre-decision precedent,,1000,47.14,NO_SIGNAL,cash basis UNRESOLVED; gross basis required,,,,,,,,,
exnight-strategy-v3,rVZ-2026-10-09-1,rVZ,RVZUSDT,2026-10-09,2026-09-25T23:30:06+00:00,0.9656110633409246,0.18323952822276032,127,0.599132006895404,E0_RANGE,0.0,0.3,no pre-decision precedent,,5000,47.14,NO_SIGNAL,cash basis UNRESOLVED; gross basis required,,,,,,,,,
exnight-strategy-v3,rVZ-2026-10-09-1,rVZ,RVZUSDT,2026-10-09,2026-09-25T23:30:06+00:00,0.9656110633409246,0.18323952822276032,127,0.599132006895404,E0_RANGE,0.0,0.3,no pre-decision precedent,,25000,47.14,NO_SIGNAL,cash basis UNRESOLVED; gross basis required,,,,,,,,,
exnight-strategy-v3,rWFG-2026-09-29-1,rWFG,RWFGUSDT,2026-09-29,2026-09-25T23:30:06+00:00,0.9656110633409246,0.18323952822276032,127,0.599132006895404,E0_RANGE,0.0,0.3,no pre-decision precedent,,1000,71.68,NO_SIGNAL,cash basis UNRESOLVED; gross basis required,,,,,,,,,
exnight-strategy-v3,rWFG-2026-09-29-1,rWFG,RWFGUSDT,2026-09-29,2026-09-25T23:30:06+00:00,0.9656110633409246,0.18323952822276032,127,0.599132006895404,E0_RANGE,0.0,0.3,no pre-decision precedent,,5000,71.68,NO_SIGNAL,cash basis UNRESOLVED; gross basis required,,,,,,,,,
exnight-strategy-v3,rWFG-2026-09-29-1,rWFG,RWFGUSDT,2026-09-29,2026-09-25T23:30:06+00:00,0.9656110633409246,0.18323952822276032,127,0.599132006895404,E0_RANGE,0.0,0.3,no pre-decision precedent,,25000,71.68,NO_SIGNAL,cash basis UNRESOLVED; gross basis required,,,,,,,,,
exnight-strategy-v3,rWPC-2026-09-30-1,rWPC,RWPCUSDT,2026-09-30,2026-09-25T23:30:06+00:00,0.9656110633409246,0.18323952822276032,127,0.599132006895404,E0_RANGE,0.0,0.3,no pre-decision precedent,,1000,66.09,NO_SIGNAL,cash basis UNRESOLVED; gross basis required,,,,,,,,,
exnight-strategy-v3,rWPC-2026-09-30-1,rWPC,RWPCUSDT,2026-09-30,2026-09-25T23:30:06+00:00,0.9656110633409246,0.18323952822276032,127,0.599132006895404,E0_RANGE,0.0,0.3,no pre-decision precedent,,5000,66.09,NO_SIGNAL,cash basis UNRESOLVED; gross basis required,,,,,,,,,
exnight-strategy-v3,rWPC-2026-09-30-1,rWPC,RWPCUSDT,2026-09-30,2026-09-25T23:30:06+00:00,0.9656110633409246,0.18323952822276032,127,0.599132006895404,E0_RANGE,0.0,0.3,no pre-decision precedent,,25000,66.09,NO_SIGNAL,cash basis UNRESOLVED; gross basis required,,,,,,,,,
exnight-strategy-v3,rWTW-2026-09-30-1,rWTW,RWTWUSDT,2026-09-30,2026-09-25T23:30:06+00:00,0.9656110633409246,0.18323952822276032,127,0.599132006895404,E0_RANGE,0.0,0.3,no pre-decision precedent,0.9600000000000000,1000,293.99,NO_SIGNAL,sell: no depth sample for this symbol/session; buy: no depth sample for this symbol/session,,,,,,,,,
exnight-strategy-v3,rWTW-2026-09-30-1,rWTW,RWTWUSDT,2026-09-30,2026-09-25T23:30:06+00:00,0.9656110633409246,0.18323952822276032,127,0.599132006895404,E0_RANGE,0.0,0.3,no pre-decision precedent,0.9600000000000000,5000,293.99,NO_SIGNAL,sell: no depth sample for this symbol/session; buy: no depth sample for this symbol/session,,,,,,,,,
exnight-strategy-v3,rWTW-2026-09-30-1,rWTW,RWTWUSDT,2026-09-30,2026-09-25T23:30:06+00:00,0.9656110633409246,0.18323952822276032,127,0.599132006895404,E0_RANGE,0.0,0.3,no pre-decision precedent,0.9600000000000000,25000,293.99,NO_SIGNAL,sell: no depth sample for this symbol/session; buy: no depth sample for this symbol/session,,,,,,,,,
exnight-strategy-v3,rWSM-2026-10-16-1,rWSM,RWSMUSDT,2026-10-16,2026-09-25T23:30:06+00:00,0.9656110633409246,0.18323952822276032,127,0.599132006895404,E0_RANGE,0.0,0.3,no pre-decision precedent,,1000,231.9,NO_SIGNAL,cash basis UNRESOLVED; gross basis required,,,,,,,,,
exnight-strategy-v3,rWSM-2026-10-16-1,rWSM,RWSMUSDT,2026-10-16,2026-09-25T23:30:06+00:00,0.9656110633409246,0.18323952822276032,127,0.599132006895404,E0_RANGE,0.0,0.3,no pre-decision precedent,,5000,231.9,NO_SIGNAL,cash basis UNRESOLVED; gross basis required,,,,,,,,,
exnight-strategy-v3,rWSM-2026-10-16-1,rWSM,RWSMUSDT,2026-10-16,2026-09-25T23:30:06+00:00,0.9656110633409246,0.18323952822276032,127,0.599132006895404,E0_RANGE,0.0,0.3,no pre-decision precedent,,25000,231.9,NO_SIGNAL,cash basis UNRESOLVED; gross basis required,,,,,,,,,
exnight-strategy-v3,rWMT-2026-12-11-1,rWMT,RWMTUSDT,2026-12-11,2026-09-25T23:30:06+00:00,0.9656110633409246,0.18323952822276032,127,0.599132006895404,E0_RANGE,0.0,0.3,no pre-decision precedent,0.2475000000000000,1000,107.93,NO_SIGNAL,sell: no depth sample for this symbol/session; buy: no depth sample for this symbol/session,,,,,,,,,
exnight-strategy-v3,rWMT-2026-12-11-1,rWMT,RWMTUSDT,2026-12-11,2026-09-25T23:30:06+00:00,0.9656110633409246,0.18323952822276032,127,0.599132006895404,E0_RANGE,0.0,0.3,no pre-decision precedent,0.2475000000000000,5000,107.93,NO_SIGNAL,sell: no depth sample for this symbol/session; buy: no depth sample for this symbol/session,,,,,,,,,
exnight-strategy-v3,rWMT-2026-12-11-1,rWMT,RWMTUSDT,2026-12-11,2026-09-25T23:30:06+00:00,0.9656110633409246,0.18323952822276032,127,0.599132006895404,E0_RANGE,0.0,0.3,no pre-decision precedent,0.2475000000000000,25000,107.93,NO_SIGNAL,sell: no depth sample for this symbol/session; buy: no depth sample for this symbol/session,,,,,,,,,
exnight-strategy-v3,rWWD-2026-11-19-1,rWWD,RWWDUSDT,2026-11-19,2026-09-25T23:30:06+00:00,0.9656110633409246,0.18323952822276032,127,0.599132006895404,E0_RANGE,0.0,0.3,no pre-decision precedent,0.3199999900000000,1000,330.31,NO_SIGNAL,sell: no depth sample for this symbol/session; buy: no depth sample for this symbol/session,,,,,,,,,
exnight-strategy-v3,rWWD-2026-11-19-1,rWWD,RWWDUSDT,2026-11-19,2026-09-25T23:30:06+00:00,0.9656110633409246,0.18323952822276032,127,0.599132006895404,E0_RANGE,0.0,0.3,no pre-decision precedent,0.3199999900000000,5000,330.31,NO_SIGNAL,sell: no depth sample for this symbol/session; buy: no depth sample for this symbol/session,,,,,,,,,
exnight-strategy-v3,rWWD-2026-11-19-1,rWWD,RWWDUSDT,2026-11-19,2026-09-25T23:30:06+00:00,0.9656110633409246,0.18323952822276032,127,0.599132006895404,E0_RANGE,0.0,0.3,no pre-decision precedent,0.3199999900000000,25000,330.31,NO_SIGNAL,sell: no depth sample for this symbol/session; buy: no depth sample for this symbol/session,,,,,,,,,
exnight-strategy-v3,rZBH-2026-09-30-1,rZBH,RZBHUSDT,2026-09-30,2026-09-25T23:30:06+00:00,0.9656110633409246,0.18323952822276032,127,0.599132006895404,E0_RANGE,0.0,0.3,no pre-decision precedent,,1000,91.04,NO_SIGNAL,cash basis UNRESOLVED; gross basis required,,,,,,,,,
exnight-strategy-v3,rZBH-2026-09-30-1,rZBH,RZBHUSDT,2026-09-30,2026-09-25T23:30:06+00:00,0.9656110633409246,0.18323952822276032,127,0.599132006895404,E0_RANGE,0.0,0.3,no pre-decision precedent,,5000,91.04,NO_SIGNAL,cash basis UNRESOLVED; gross basis required,,,,,,,,,
exnight-strategy-v3,rZBH-2026-09-30-1,rZBH,RZBHUSDT,2026-09-30,2026-09-25T23:30:06+00:00,0.9656110633409246,0.18323952822276032,127,0.599132006895404,E0_RANGE,0.0,0.3,no pre-decision precedent,,25000,91.04,NO_SIGNAL,cash basis UNRESOLVED; gross basis required,,,,,,,,,
exnight-strategy-v3,rYMM-2026-10-14-1,rYMM,RYMMUSDT,2026-10-14,2026-09-25T23:30:06+00:00,0.9656110633409246,0.18323952822276032,127,0.599132006895404,E0_RANGE,0.0,0.3,no pre-decision precedent,,1000,8.13,NO_SIGNAL,cash basis UNRESOLVED; gross basis required,,,,,,,,,
exnight-strategy-v3,rYMM-2026-10-14-1,rYMM,RYMMUSDT,2026-10-14,2026-09-25T23:30:06+00:00,0.9656110633409246,0.18323952822276032,127,0.599132006895404,E0_RANGE,0.0,0.3,no pre-decision precedent,,5000,8.13,NO_SIGNAL,cash basis UNRESOLVED; gross basis required,,,,,,,,,
exnight-strategy-v3,rYMM-2026-10-14-1,rYMM,RYMMUSDT,2026-10-14,2026-09-25T23:30:06+00:00,0.9656110633409246,0.18323952822276032,127,0.599132006895404,E0_RANGE,0.0,0.3,no pre-decision precedent,,25000,8.13,NO_SIGNAL,cash basis UNRESOLVED; gross basis required,,,,,,,,,
