rule,event_id,symbol,spot_symbol,ex_date,decided_at,pdr_hat,pdr_se,estimation_events,lower_ratio,entitlement_tier,w_low,w_high,entitlement_evidence,gross_dividend,notional_usd,price,verdict,reason,sell_book_ts,sell_book_source,buy_book_ts,buy_book_source,cost_per_share,edge_most_kept,edge_least_kept,gross_yield_bp,breakeven_yield_bp
exnight-strategy-v3,rABCB-2026-09-30-1,rABCB,RABCBUSDT,2026-09-30,2026-09-24T23:30:06+00:00,0.9656110633409246,0.18323952822276032,127,0.599132006895404,E0_RANGE,0.0,0.3,no pre-decision precedent,,1000,81.79,NO_SIGNAL,cash basis UNRESOLVED; gross basis required,,,,,,,,,
exnight-strategy-v3,rABCB-2026-09-30-1,rABCB,RABCBUSDT,2026-09-30,2026-09-24T23:30:06+00:00,0.9656110633409246,0.18323952822276032,127,0.599132006895404,E0_RANGE,0.0,0.3,no pre-decision precedent,,5000,81.79,NO_SIGNAL,cash basis UNRESOLVED; gross basis required,,,,,,,,,
exnight-strategy-v3,rABCB-2026-09-30-1,rABCB,RABCBUSDT,2026-09-30,2026-09-24T23:30:06+00:00,0.9656110633409246,0.18323952822276032,127,0.599132006895404,E0_RANGE,0.0,0.3,no pre-decision precedent,,25000,81.79,NO_SIGNAL,cash basis UNRESOLVED; gross basis required,,,,,,,,,
exnight-strategy-v3,rABM-2026-10-01-1,rABM,RABMUSDT,2026-10-01,2026-09-24T23:30:06+00:00,0.9656110633409246,0.18323952822276032,127,0.599132006895404,E0_RANGE,0.0,0.3,no pre-decision precedent,,1000,49.54,NO_SIGNAL,cash basis UNRESOLVED; gross basis required,,,,,,,,,
exnight-strategy-v3,rABM-2026-10-01-1,rABM,RABMUSDT,2026-10-01,2026-09-24T23:30:06+00:00,0.9656110633409246,0.18323952822276032,127,0.599132006895404,E0_RANGE,0.0,0.3,no pre-decision precedent,,5000,49.54,NO_SIGNAL,cash basis UNRESOLVED; gross basis required,,,,,,,,,
exnight-strategy-v3,rABM-2026-10-01-1,rABM,RABMUSDT,2026-10-01,2026-09-24T23:30:06+00:00,0.9656110633409246,0.18323952822276032,127,0.599132006895404,E0_RANGE,0.0,0.3,no pre-decision precedent,,25000,49.54,NO_SIGNAL,cash basis UNRESOLVED; gross basis required,,,,,,,,,
exnight-strategy-v3,rA-2026-10-06-1,rA,RAUSDT,2026-10-06,2026-09-24T23:30:06+00:00,0.9656110633409246,0.18323952822276032,127,0.599132006895404,E0_RANGE,0.0,0.3,no pre-decision precedent,,1000,173.31,NO_SIGNAL,cash basis UNRESOLVED; gross basis required,,,,,,,,,
exnight-strategy-v3,rA-2026-10-06-1,rA,RAUSDT,2026-10-06,2026-09-24T23:30:06+00:00,0.9656110633409246,0.18323952822276032,127,0.599132006895404,E0_RANGE,0.0,0.3,no pre-decision precedent,,5000,173.31,NO_SIGNAL,cash basis UNRESOLVED; gross basis required,,,,,,,,,
exnight-strategy-v3,rA-2026-10-06-1,rA,RAUSDT,2026-10-06,2026-09-24T23:30:06+00:00,0.9656110633409246,0.18323952822276032,127,0.599132006895404,E0_RANGE,0.0,0.3,no pre-decision precedent,,25000,173.31,NO_SIGNAL,cash basis UNRESOLVED; gross basis required,,,,,,,,,
exnight-strategy-v3,rABBV-2026-10-15-1,rABBV,RABBVUSDT,2026-10-15,2026-09-24T23:30:06+00:00,0.9656110633409246,0.18323952822276032,127,0.599132006895404,E0_RANGE,0.0,0.3,no pre-decision precedent,,1000,264.0,NO_SIGNAL,cash basis UNRESOLVED; gross basis required,,,,,,,,,
exnight-strategy-v3,rABBV-2026-10-15-1,rABBV,RABBVUSDT,2026-10-15,2026-09-24T23:30:06+00:00,0.9656110633409246,0.18323952822276032,127,0.599132006895404,E0_RANGE,0.0,0.3,no pre-decision precedent,,5000,264.0,NO_SIGNAL,cash basis UNRESOLVED; gross basis required,,,,,,,,,
exnight-strategy-v3,rABBV-2026-10-15-1,rABBV,RABBVUSDT,2026-10-15,2026-09-24T23:30:06+00:00,0.9656110633409246,0.18323952822276032,127,0.599132006895404,E0_RANGE,0.0,0.3,no pre-decision precedent,,25000,264.0,NO_SIGNAL,cash basis UNRESOLVED; gross basis required,,,,,,,,,
exnight-strategy-v3,rABT-2026-10-15-1,rABT,RABTUSDT,2026-10-15,2026-09-24T23:30:06+00:00,0.9656110633409246,0.18323952822276032,127,0.599132006895404,E0_RANGE,0.0,0.3,no pre-decision precedent,,1000,101.1,NO_SIGNAL,cash basis UNRESOLVED; gross basis required,,,,,,,,,
exnight-strategy-v3,rABT-2026-10-15-1,rABT,RABTUSDT,2026-10-15,2026-09-24T23:30:06+00:00,0.9656110633409246,0.18323952822276032,127,0.599132006895404,E0_RANGE,0.0,0.3,no pre-decision precedent,,5000,101.1,NO_SIGNAL,cash basis UNRESOLVED; gross basis required,,,,,,,,,
exnight-strategy-v3,rABT-2026-10-15-1,rABT,RABTUSDT,2026-10-15,2026-09-24T23:30:06+00:00,0.9656110633409246,0.18323952822276032,127,0.599132006895404,E0_RANGE,0.0,0.3,no pre-decision precedent,,25000,101.1,NO_SIGNAL,cash basis UNRESOLVED; gross basis required,,,,,,,,,
exnight-strategy-v3,rADC-2026-09-30-1,rADC,RADCUSDT,2026-09-30,2026-09-24T23:30:06+00:00,0.9656110633409246,0.18323952822276032,127,0.599132006895404,E0_RANGE,0.0,0.3,no pre-decision precedent,,1000,67.18,NO_SIGNAL,cash basis UNRESOLVED; gross basis required,,,,,,,,,
exnight-strategy-v3,rADC-2026-09-30-1,rADC,RADCUSDT,2026-09-30,2026-09-24T23:30:06+00:00,0.9656110633409246,0.18323952822276032,127,0.599132006895404,E0_RANGE,0.0,0.3,no pre-decision precedent,,5000,67.18,NO_SIGNAL,cash basis UNRESOLVED; gross basis required,,,,,,,,,
exnight-strategy-v3,rADC-2026-09-30-1,rADC,RADCUSDT,2026-09-30,2026-09-24T23:30:06+00:00,0.9656110633409246,0.18323952822276032,127,0.599132006895404,E0_RANGE,0.0,0.3,no pre-decision precedent,,25000,67.18,NO_SIGNAL,cash basis UNRESOLVED; gross basis required,,,,,,,,,
exnight-strategy-v3,rACM-2026-10-14-1,rACM,RACMUSDT,2026-10-14,2026-09-24T23:30:06+00:00,0.9656110633409246,0.18323952822276032,127,0.599132006895404,E0_RANGE,0.0,0.3,no pre-decision precedent,,1000,59.94,NO_SIGNAL,cash basis UNRESOLVED; gross basis required,,,,,,,,,
exnight-strategy-v3,rACM-2026-10-14-1,rACM,RACMUSDT,2026-10-14,2026-09-24T23:30:06+00:00,0.9656110633409246,0.18323952822276032,127,0.599132006895404,E0_RANGE,0.0,0.3,no pre-decision precedent,,5000,59.94,NO_SIGNAL,cash basis UNRESOLVED; gross basis required,,,,,,,,,
exnight-strategy-v3,rACM-2026-10-14-1,rACM,RACMUSDT,2026-10-14,2026-09-24T23:30:06+00:00,0.9656110633409246,0.18323952822276032,127,0.599132006895404,E0_RANGE,0.0,0.3,no pre-decision precedent,,25000,59.94,NO_SIGNAL,cash basis UNRESOLVED; gross basis required,,,,,,,,,
exnight-strategy-v3,rAGNC-2026-09-30-1,rAGNC,RAGNCUSDT,2026-09-30,2026-09-24T23:30:06+00:00,0.9656110633409246,0.18323952822276032,127,0.599132006895404,E0_RANGE,0.0,0.3,no pre-decision precedent,0.1200000000000000,1000,9.7,NO_SIGNAL,"sell: $1,000 exceeds visible top-of-book ($107) on ticker-only symbol; buy: $1,000 exceeds visible top-of-book ($120) on ticker-only symbol",2026-09-24T23:05:03.233009+00:00,ticker_only,2026-09-24T07:05:03.261896+00:00,ticker_only,,,,,
exnight-strategy-v3,rAGNC-2026-09-30-1,rAGNC,RAGNCUSDT,2026-09-30,2026-09-24T23:30:06+00:00,0.9656110633409246,0.18323952822276032,127,0.599132006895404,E0_RANGE,0.0,0.3,no pre-decision precedent,0.1200000000000000,5000,9.7,NO_SIGNAL,"sell: $5,000 exceeds visible top-of-book ($107) on ticker-only symbol; buy: $5,000 exceeds visible top-of-book ($120) on ticker-only symbol",2026-09-24T23:05:03.233009+00:00,ticker_only,2026-09-24T07:05:03.261896+00:00,ticker_only,,,,,
exnight-strategy-v3,rAGNC-2026-09-30-1,rAGNC,RAGNCUSDT,2026-09-30,2026-09-24T23:30:06+00:00,0.9656110633409246,0.18323952822276032,127,0.599132006895404,E0_RANGE,0.0,0.3,no pre-decision precedent,0.1200000000000000,25000,9.7,NO_SIGNAL,"sell: $25,000 exceeds visible top-of-book ($107) on ticker-only symbol; buy: $25,000 exceeds visible top-of-book ($120) on ticker-only symbol",2026-09-24T23:05:03.233009+00:00,ticker_only,2026-09-24T07:05:03.261896+00:00,ticker_only,,,,,
exnight-strategy-v3,rAHR-2026-09-30-1,rAHR,RAHRUSDT,2026-09-30,2026-09-24T23:30:06+00:00,0.9656110633409246,0.18323952822276032,127,0.599132006895404,E0_RANGE,0.0,0.3,no pre-decision precedent,,1000,51.86,NO_SIGNAL,cash basis UNRESOLVED; gross basis required,,,,,,,,,
exnight-strategy-v3,rAHR-2026-09-30-1,rAHR,RAHRUSDT,2026-09-30,2026-09-24T23:30:06+00:00,0.9656110633409246,0.18323952822276032,127,0.599132006895404,E0_RANGE,0.0,0.3,no pre-decision precedent,,5000,51.86,NO_SIGNAL,cash basis UNRESOLVED; gross basis required,,,,,,,,,
exnight-strategy-v3,rAHR-2026-09-30-1,rAHR,RAHRUSDT,2026-09-30,2026-09-24T23:30:06+00:00,0.9656110633409246,0.18323952822276032,127,0.599132006895404,E0_RANGE,0.0,0.3,no pre-decision precedent,,25000,51.86,NO_SIGNAL,cash basis UNRESOLVED; gross basis required,,,,,,,,,
exnight-strategy-v3,rAGX-2026-10-22-1,rAGX,RAGXUSDT,2026-10-22,2026-09-24T23:30:06+00:00,0.9656110633409246,0.18323952822276032,127,0.599132006895404,E0_RANGE,0.0,0.3,no pre-decision precedent,,1000,360.6,NO_SIGNAL,cash basis UNRESOLVED; gross basis required,,,,,,,,,
exnight-strategy-v3,rAGX-2026-10-22-1,rAGX,RAGXUSDT,2026-10-22,2026-09-24T23:30:06+00:00,0.9656110633409246,0.18323952822276032,127,0.599132006895404,E0_RANGE,0.0,0.3,no pre-decision precedent,,5000,360.6,NO_SIGNAL,cash basis UNRESOLVED; gross basis required,,,,,,,,,
exnight-strategy-v3,rAGX-2026-10-22-1,rAGX,RAGXUSDT,2026-10-22,2026-09-24T23:30:06+00:00,0.9656110633409246,0.18323952822276032,127,0.599132006895404,E0_RANGE,0.0,0.3,no pre-decision precedent,,25000,360.6,NO_SIGNAL,cash basis UNRESOLVED; gross basis required,,,,,,,,,
exnight-strategy-v3,rAKR-2026-09-30-1,rAKR,RAKRUSDT,2026-09-30,2026-09-24T23:30:06+00:00,0.9656110633409246,0.18323952822276032,127,0.599132006895404,E0_RANGE,0.0,0.3,no pre-decision precedent,,1000,19.21,NO_SIGNAL,cash basis UNRESOLVED; gross basis required,,,,,,,,,
exnight-strategy-v3,rAKR-2026-09-30-1,rAKR,RAKRUSDT,2026-09-30,2026-09-24T23:30:06+00:00,0.9656110633409246,0.18323952822276032,127,0.599132006895404,E0_RANGE,0.0,0.3,no pre-decision precedent,,5000,19.21,NO_SIGNAL,cash basis UNRESOLVED; gross basis required,,,,,,,,,
exnight-strategy-v3,rAKR-2026-09-30-1,rAKR,RAKRUSDT,2026-09-30,2026-09-24T23:30:06+00:00,0.9656110633409246,0.18323952822276032,127,0.599132006895404,E0_RANGE,0.0,0.3,no pre-decision precedent,,25000,19.21,NO_SIGNAL,cash basis UNRESOLVED; gross basis required,,,,,,,,,
exnight-strategy-v3,rAMAT-2026-11-19-1,rAMAT,RAMATUSDT,2026-11-19,2026-09-24T23:30:06+00:00,0.9656110633409246,0.18323952822276032,127,0.599132006895404,E0_RANGE,0.0,0.3,no pre-decision precedent,0.5300000000000000,1000,472.68,NO_SIGNAL,sell: no depth sample for this symbol/session; buy: no depth sample for this symbol/session,,,,,,,,,
exnight-strategy-v3,rAMAT-2026-11-19-1,rAMAT,RAMATUSDT,2026-11-19,2026-09-24T23:30:06+00:00,0.9656110633409246,0.18323952822276032,127,0.599132006895404,E0_RANGE,0.0,0.3,no pre-decision precedent,0.5300000000000000,5000,472.68,NO_SIGNAL,sell: no depth sample for this symbol/session; buy: no depth sample for this symbol/session,,,,,,,,,
exnight-strategy-v3,rAMAT-2026-11-19-1,rAMAT,RAMATUSDT,2026-11-19,2026-09-24T23:30:06+00:00,0.9656110633409246,0.18323952822276032,127,0.599132006895404,E0_RANGE,0.0,0.3,no pre-decision precedent,0.5300000000000000,25000,472.68,NO_SIGNAL,sell: no depth sample for this symbol/session; buy: no depth sample for this symbol/session,,,,,,,,,
exnight-strategy-v3,rAMT-2026-09-30-1,rAMT,RAMTUSDT,2026-09-30,2026-09-24T23:30:06+00:00,0.9656110633409246,0.18323952822276032,127,0.599132006895404,E0_RANGE,0.0,0.3,no pre-decision precedent,,1000,167.5,NO_SIGNAL,cash basis UNRESOLVED; gross basis required,,,,,,,,,
exnight-strategy-v3,rAMT-2026-09-30-1,rAMT,RAMTUSDT,2026-09-30,2026-09-24T23:30:06+00:00,0.9656110633409246,0.18323952822276032,127,0.599132006895404,E0_RANGE,0.0,0.3,no pre-decision precedent,,5000,167.5,NO_SIGNAL,cash basis UNRESOLVED; gross basis required,,,,,,,,,
exnight-strategy-v3,rAMT-2026-09-30-1,rAMT,RAMTUSDT,2026-09-30,2026-09-24T23:30:06+00:00,0.9656110633409246,0.18323952822276032,127,0.599132006895404,E0_RANGE,0.0,0.3,no pre-decision precedent,,25000,167.5,NO_SIGNAL,cash basis UNRESOLVED; gross basis required,,,,,,,,,
exnight-strategy-v3,rAPD-2026-10-01-1,rAPD,RAPDUSDT,2026-10-01,2026-09-24T23:30:06+00:00,0.9656110633409246,0.18323952822276032,127,0.599132006895404,E0_RANGE,0.0,0.3,no pre-decision precedent,,1000,284.7,NO_SIGNAL,cash basis UNRESOLVED; gross basis required,,,,,,,,,
exnight-strategy-v3,rAPD-2026-10-01-1,rAPD,RAPDUSDT,2026-10-01,2026-09-24T23:30:06+00:00,0.9656110633409246,0.18323952822276032,127,0.599132006895404,E0_RANGE,0.0,0.3,no pre-decision precedent,,5000,284.7,NO_SIGNAL,cash basis UNRESOLVED; gross basis required,,,,,,,,,
exnight-strategy-v3,rAPD-2026-10-01-1,rAPD,RAPDUSDT,2026-10-01,2026-09-24T23:30:06+00:00,0.9656110633409246,0.18323952822276032,127,0.599132006895404,E0_RANGE,0.0,0.3,no pre-decision precedent,,25000,284.7,NO_SIGNAL,cash basis UNRESOLVED; gross basis required,,,,,,,,,
exnight-strategy-v3,rAPA-2026-10-22-1,rAPA,RAPAUSDT,2026-10-22,2026-09-24T23:30:06+00:00,0.9656110633409246,0.18323952822276032,127,0.599132006895404,E0_RANGE,0.0,0.3,no pre-decision precedent,0.2500000000000000,1000,43.68,NO_SIGNAL,sell: no depth sample for this symbol/session; buy: no depth sample for this symbol/session,,,,,,,,,
exnight-strategy-v3,rAPA-2026-10-22-1,rAPA,RAPAUSDT,2026-10-22,2026-09-24T23:30:06+00:00,0.9656110633409246,0.18323952822276032,127,0.599132006895404,E0_RANGE,0.0,0.3,no pre-decision precedent,0.2500000000000000,5000,43.68,NO_SIGNAL,sell: no depth sample for this symbol/session; buy: no depth sample for this symbol/session,,,,,,,,,
exnight-strategy-v3,rAPA-2026-10-22-1,rAPA,RAPAUSDT,2026-10-22,2026-09-24T23:30:06+00:00,0.9656110633409246,0.18323952822276032,127,0.599132006895404,E0_RANGE,0.0,0.3,no pre-decision precedent,0.2500000000000000,25000,43.68,NO_SIGNAL,sell: no depth sample for this symbol/session; buy: no depth sample for this symbol/session,,,,,,,,,
exnight-strategy-v3,rAQN-2026-09-29-1,rAQN,RAQNUSDT,2026-09-29,2026-09-24T23:30:06+00:00,0.9656110633409246,0.18323952822276032,127,0.599132006895404,E0_RANGE,0.0,0.3,no pre-decision precedent,,1000,5.11,NO_SIGNAL,cash basis UNRESOLVED; gross basis required,,,,,,,,,
exnight-strategy-v3,rAQN-2026-09-29-1,rAQN,RAQNUSDT,2026-09-29,2026-09-24T23:30:06+00:00,0.9656110633409246,0.18323952822276032,127,0.599132006895404,E0_RANGE,0.0,0.3,no pre-decision precedent,,5000,5.11,NO_SIGNAL,cash basis UNRESOLVED; gross basis required,,,,,,,,,
exnight-strategy-v3,rAQN-2026-09-29-1,rAQN,RAQNUSDT,2026-09-29,2026-09-24T23:30:06+00:00,0.9656110633409246,0.18323952822276032,127,0.599132006895404,E0_RANGE,0.0,0.3,no pre-decision precedent,,25000,5.11,NO_SIGNAL,cash basis UNRESOLVED; gross basis required,,,,,,,,,
exnight-strategy-v3,rAPLE-2026-09-30-1,rAPLE,RAPLEUSDT,2026-09-30,2026-09-24T23:30:06+00:00,0.9656110633409246,0.18323952822276032,127,0.599132006895404,E0_RANGE,0.0,0.3,no pre-decision precedent,,1000,16.11,NO_SIGNAL,cash basis UNRESOLVED; gross basis required,,,,,,,,,
exnight-strategy-v3,rAPLE-2026-09-30-1,rAPLE,RAPLEUSDT,2026-09-30,2026-09-24T23:30:06+00:00,0.9656110633409246,0.18323952822276032,127,0.599132006895404,E0_RANGE,0.0,0.3,no pre-decision precedent,,5000,16.11,NO_SIGNAL,cash basis UNRESOLVED; gross basis required,,,,,,,,,
exnight-strategy-v3,rAPLE-2026-09-30-1,rAPLE,RAPLEUSDT,2026-09-30,2026-09-24T23:30:06+00:00,0.9656110633409246,0.18323952822276032,127,0.599132006895404,E0_RANGE,0.0,0.3,no pre-decision precedent,,25000,16.11,NO_SIGNAL,cash basis UNRESOLVED; gross basis required,,,,,,,,,
exnight-strategy-v3,rAVAL-2026-09-30-1,rAVAL,RAVALUSDT,2026-09-30,2026-09-24T23:30:06+00:00,0.9656110633409246,0.18323952822276032,127,0.599132006895404,E0_RANGE,0.0,0.3,no pre-decision precedent,,1000,4.9,NO_SIGNAL,cash basis UNRESOLVED; gross basis required,,,,,,,,,
exnight-strategy-v3,rAVAL-2026-09-30-1,rAVAL,RAVALUSDT,2026-09-30,2026-09-24T23:30:06+00:00,0.9656110633409246,0.18323952822276032,127,0.599132006895404,E0_RANGE,0.0,0.3,no pre-decision precedent,,5000,4.9,NO_SIGNAL,cash basis UNRESOLVED; gross basis required,,,,,,,,,
exnight-strategy-v3,rAVAL-2026-09-30-1,rAVAL,RAVALUSDT,2026-09-30,2026-09-24T23:30:06+00:00,0.9656110633409246,0.18323952822276032,127,0.599132006895404,E0_RANGE,0.0,0.3,no pre-decision precedent,,25000,4.9,NO_SIGNAL,cash basis UNRESOLVED; gross basis required,,,,,,,,,
exnight-strategy-v3,rAVAL-2026-11-02-1,rAVAL,RAVALUSDT,2026-11-02,2026-09-24T23:30:06+00:00,0.9656110633409246,0.18323952822276032,127,0.599132006895404,E0_RANGE,0.0,0.3,no pre-decision precedent,,1000,4.9,NO_SIGNAL,cash basis UNRESOLVED; gross basis required,,,,,,,,,
exnight-strategy-v3,rAVAL-2026-11-02-1,rAVAL,RAVALUSDT,2026-11-02,2026-09-24T23:30:06+00:00,0.9656110633409246,0.18323952822276032,127,0.599132006895404,E0_RANGE,0.0,0.3,no pre-decision precedent,,5000,4.9,NO_SIGNAL,cash basis UNRESOLVED; gross basis required,,,,,,,,,
exnight-strategy-v3,rAVAL-2026-11-02-1,rAVAL,RAVALUSDT,2026-11-02,2026-09-24T23:30:06+00:00,0.9656110633409246,0.18323952822276032,127,0.599132006895404,E0_RANGE,0.0,0.3,no pre-decision precedent,,25000,4.9,NO_SIGNAL,cash basis UNRESOLVED; gross basis required,,,,,,,,,
exnight-strategy-v3,rAVAL-2026-12-31-1,rAVAL,RAVALUSDT,2026-12-31,2026-09-24T23:30:06+00:00,0.9656110633409246,0.18323952822276032,127,0.599132006895404,E0_RANGE,0.0,0.3,no pre-decision precedent,,1000,4.9,NO_SIGNAL,cash basis UNRESOLVED; gross basis required,,,,,,,,,
exnight-strategy-v3,rAVAL-2026-12-31-1,rAVAL,RAVALUSDT,2026-12-31,2026-09-24T23:30:06+00:00,0.9656110633409246,0.18323952822276032,127,0.599132006895404,E0_RANGE,0.0,0.3,no pre-decision precedent,,5000,4.9,NO_SIGNAL,cash basis UNRESOLVED; gross basis required,,,,,,,,,
exnight-strategy-v3,rAVAL-2026-12-31-1,rAVAL,RAVALUSDT,2026-12-31,2026-09-24T23:30:06+00:00,0.9656110633409246,0.18323952822276032,127,0.599132006895404,E0_RANGE,0.0,0.3,no pre-decision precedent,,25000,4.9,NO_SIGNAL,cash basis UNRESOLVED; gross basis required,,,,,,,,,
exnight-strategy-v3,rAVAL-2027-01-29-1,rAVAL,RAVALUSDT,2027-01-29,2026-09-24T23:30:06+00:00,0.9656110633409246,0.18323952822276032,127,0.599132006895404,E0_RANGE,0.0,0.3,no pre-decision precedent,,1000,4.9,NO_SIGNAL,cash basis UNRESOLVED; gross basis required,,,,,,,,,
exnight-strategy-v3,rAVAL-2027-01-29-1,rAVAL,RAVALUSDT,2027-01-29,2026-09-24T23:30:06+00:00,0.9656110633409246,0.18323952822276032,127,0.599132006895404,E0_RANGE,0.0,0.3,no pre-decision precedent,,5000,4.9,NO_SIGNAL,cash basis UNRESOLVED; gross basis required,,,,,,,,,
exnight-strategy-v3,rAVAL-2027-01-29-1,rAVAL,RAVALUSDT,2027-01-29,2026-09-24T23:30:06+00:00,0.9656110633409246,0.18323952822276032,127,0.599132006895404,E0_RANGE,0.0,0.3,no pre-decision precedent,,25000,4.9,NO_SIGNAL,cash basis UNRESOLVED; gross basis required,,,,,,,,,
exnight-strategy-v3,rAVAL-2027-02-26-1,rAVAL,RAVALUSDT,2027-02-26,2026-09-24T23:30:06+00:00,0.9656110633409246,0.18323952822276032,127,0.599132006895404,E0_RANGE,0.0,0.3,no pre-decision precedent,,1000,4.9,NO_SIGNAL,cash basis UNRESOLVED; gross basis required,,,,,,,,,
exnight-strategy-v3,rAVAL-2027-02-26-1,rAVAL,RAVALUSDT,2027-02-26,2026-09-24T23:30:06+00:00,0.9656110633409246,0.18323952822276032,127,0.599132006895404,E0_RANGE,0.0,0.3,no pre-decision precedent,,5000,4.9,NO_SIGNAL,cash basis UNRESOLVED; gross basis required,,,,,,,,,
exnight-strategy-v3,rAVAL-2027-02-26-1,rAVAL,RAVALUSDT,2027-02-26,2026-09-24T23:30:06+00:00,0.9656110633409246,0.18323952822276032,127,0.599132006895404,E0_RANGE,0.0,0.3,no pre-decision precedent,,25000,4.9,NO_SIGNAL,cash basis UNRESOLVED; gross basis required,,,,,,,,,
exnight-strategy-v3,rAXS-2026-09-30-1,rAXS,RAXSUSDT,2026-09-30,2026-09-24T23:30:06+00:00,0.9656110633409246,0.18323952822276032,127,0.599132006895404,E0_RANGE,0.0,0.3,no pre-decision precedent,,1000,94.72,NO_SIGNAL,cash basis UNRESOLVED; gross basis required,,,,,,,,,
exnight-strategy-v3,rAXS-2026-09-30-1,rAXS,RAXSUSDT,2026-09-30,2026-09-24T23:30:06+00:00,0.9656110633409246,0.18323952822276032,127,0.599132006895404,E0_RANGE,0.0,0.3,no pre-decision precedent,,5000,94.72,NO_SIGNAL,cash basis UNRESOLVED; gross basis required,,,,,,,,,
exnight-strategy-v3,rAXS-2026-09-30-1,rAXS,RAXSUSDT,2026-09-30,2026-09-24T23:30:06+00:00,0.9656110633409246,0.18323952822276032,127,0.599132006895404,E0_RANGE,0.0,0.3,no pre-decision precedent,,25000,94.72,NO_SIGNAL,cash basis UNRESOLVED; gross basis required,,,,,,,,,
exnight-strategy-v3,rBBD-2026-10-05-1,rBBD,RBBDUSDT,2026-10-05,2026-09-24T23:30:06+00:00,0.9656110633409246,0.18323952822276032,127,0.599132006895404,E0_RANGE,0.0,0.3,no pre-decision precedent,,1000,3.43,NO_SIGNAL,cash basis UNRESOLVED; gross basis required,,,,,,,,,
exnight-strategy-v3,rBBD-2026-10-05-1,rBBD,RBBDUSDT,2026-10-05,2026-09-24T23:30:06+00:00,0.9656110633409246,0.18323952822276032,127,0.599132006895404,E0_RANGE,0.0,0.3,no pre-decision precedent,,5000,3.43,NO_SIGNAL,cash basis UNRESOLVED; gross basis required,,,,,,,,,
exnight-strategy-v3,rBBD-2026-10-05-1,rBBD,RBBDUSDT,2026-10-05,2026-09-24T23:30:06+00:00,0.9656110633409246,0.18323952822276032,127,0.599132006895404,E0_RANGE,0.0,0.3,no pre-decision precedent,,25000,3.43,NO_SIGNAL,cash basis UNRESOLVED; gross basis required,,,,,,,,,
exnight-strategy-v3,rBBDO-2026-10-05-1,rBBDO,RBBDOUSDT,2026-10-05,2026-09-24T23:30:06+00:00,0.9656110633409246,0.18323952822276032,127,0.599132006895404,E0_RANGE,0.0,0.3,no pre-decision precedent,,1000,3.02,NO_SIGNAL,cash basis UNRESOLVED; gross basis required,,,,,,,,,
exnight-strategy-v3,rBBDO-2026-10-05-1,rBBDO,RBBDOUSDT,2026-10-05,2026-09-24T23:30:06+00:00,0.9656110633409246,0.18323952822276032,127,0.599132006895404,E0_RANGE,0.0,0.3,no pre-decision precedent,,5000,3.02,NO_SIGNAL,cash basis UNRESOLVED; gross basis required,,,,,,,,,
exnight-strategy-v3,rBBDO-2026-10-05-1,rBBDO,RBBDOUSDT,2026-10-05,2026-09-24T23:30:06+00:00,0.9656110633409246,0.18323952822276032,127,0.599132006895404,E0_RANGE,0.0,0.3,no pre-decision precedent,,25000,3.02,NO_SIGNAL,cash basis UNRESOLVED; gross basis required,,,,,,,,,
exnight-strategy-v3,rBEN-2026-09-30-1,rBEN,RBENUSDT,2026-09-30,2026-09-24T23:30:06+00:00,0.9656110633409246,0.18323952822276032,127,0.599132006895404,E0_RANGE,0.0,0.3,no pre-decision precedent,,1000,32.55,NO_SIGNAL,cash basis UNRESOLVED; gross basis required,,,,,,,,,
exnight-strategy-v3,rBEN-2026-09-30-1,rBEN,RBENUSDT,2026-09-30,2026-09-24T23:30:06+00:00,0.9656110633409246,0.18323952822276032,127,0.599132006895404,E0_RANGE,0.0,0.3,no pre-decision precedent,,5000,32.55,NO_SIGNAL,cash basis UNRESOLVED; gross basis required,,,,,,,,,
exnight-strategy-v3,rBEN-2026-09-30-1,rBEN,RBENUSDT,2026-09-30,2026-09-24T23:30:06+00:00,0.9656110633409246,0.18323952822276032,127,0.599132006895404,E0_RANGE,0.0,0.3,no pre-decision precedent,,25000,32.55,NO_SIGNAL,cash basis UNRESOLVED; gross basis required,,,,,,,,,
exnight-strategy-v3,rBHE-2026-09-30-1,rBHE,RBHEUSDT,2026-09-30,2026-09-24T23:30:06+00:00,0.9656110633409246,0.18323952822276032,127,0.599132006895404,E0_RANGE,0.0,0.3,no pre-decision precedent,,1000,82.15,NO_SIGNAL,cash basis UNRESOLVED; gross basis required,,,,,,,,,
exnight-strategy-v3,rBHE-2026-09-30-1,rBHE,RBHEUSDT,2026-09-30,2026-09-24T23:30:06+00:00,0.9656110633409246,0.18323952822276032,127,0.599132006895404,E0_RANGE,0.0,0.3,no pre-decision precedent,,5000,82.15,NO_SIGNAL,cash basis UNRESOLVED; gross basis required,,,,,,,,,
exnight-strategy-v3,rBHE-2026-09-30-1,rBHE,RBHEUSDT,2026-09-30,2026-09-24T23:30:06+00:00,0.9656110633409246,0.18323952822276032,127,0.599132006895404,E0_RANGE,0.0,0.3,no pre-decision precedent,,25000,82.15,NO_SIGNAL,cash basis UNRESOLVED; gross basis required,,,,,,,,,
exnight-strategy-v3,rBELFA-2026-10-15-1,rBELFA,RBELFAUSDT,2026-10-15,2026-09-24T23:30:06+00:00,0.9656110633409246,0.18323952822276032,127,0.599132006895404,E0_RANGE,0.0,0.3,no pre-decision precedent,0.0600000000000000,1000,203.15,NO_SIGNAL,sell: no depth sample for this symbol/session; buy: no depth sample for this symbol/session,,,,,,,,,
exnight-strategy-v3,rBELFA-2026-10-15-1,rBELFA,RBELFAUSDT,2026-10-15,2026-09-24T23:30:06+00:00,0.9656110633409246,0.18323952822276032,127,0.599132006895404,E0_RANGE,0.0,0.3,no pre-decision precedent,0.0600000000000000,5000,203.15,NO_SIGNAL,sell: no depth sample for this symbol/session; buy: no depth sample for this symbol/session,,,,,,,,,
exnight-strategy-v3,rBELFA-2026-10-15-1,rBELFA,RBELFAUSDT,2026-10-15,2026-09-24T23:30:06+00:00,0.9656110633409246,0.18323952822276032,127,0.599132006895404,E0_RANGE,0.0,0.3,no pre-decision precedent,0.0600000000000000,25000,203.15,NO_SIGNAL,sell: no depth sample for this symbol/session; buy: no depth sample for this symbol/session,,,,,,,,,
exnight-strategy-v3,rBELFB-2026-10-15-1,rBELFB,RBELFBUSDT,2026-10-15,2026-09-24T23:30:06+00:00,0.9656110633409246,0.18323952822276032,127,0.599132006895404,E0_RANGE,0.0,0.3,no pre-decision precedent,0.0700000000000000,1000,250.96,NO_SIGNAL,sell: no depth sample for this symbol/session; buy: no depth sample for this symbol/session,,,,,,,,,
exnight-strategy-v3,rBELFB-2026-10-15-1,rBELFB,RBELFBUSDT,2026-10-15,2026-09-24T23:30:06+00:00,0.9656110633409246,0.18323952822276032,127,0.599132006895404,E0_RANGE,0.0,0.3,no pre-decision precedent,0.0700000000000000,5000,250.96,NO_SIGNAL,sell: no depth sample for this symbol/session; buy: no depth sample for this symbol/session,,,,,,,,,
exnight-strategy-v3,rBELFB-2026-10-15-1,rBELFB,RBELFBUSDT,2026-10-15,2026-09-24T23:30:06+00:00,0.9656110633409246,0.18323952822276032,127,0.599132006895404,E0_RANGE,0.0,0.3,no pre-decision precedent,0.0700000000000000,25000,250.96,NO_SIGNAL,sell: no depth sample for this symbol/session; buy: no depth sample for this symbol/session,,,,,,,,,
exnight-strategy-v3,rBG-2026-11-17-1,rBG,RBGUSDT,2026-11-17,2026-09-24T23:30:06+00:00,0.9656110633409246,0.18323952822276032,127,0.599132006895404,E0_RANGE,0.0,0.3,no pre-decision precedent,,1000,110.21,NO_SIGNAL,cash basis UNRESOLVED; gross basis required,,,,,,,,,
exnight-strategy-v3,rBG-2026-11-17-1,rBG,RBGUSDT,2026-11-17,2026-09-24T23:30:06+00:00,0.9656110633409246,0.18323952822276032,127,0.599132006895404,E0_RANGE,0.0,0.3,no pre-decision precedent,,5000,110.21,NO_SIGNAL,cash basis UNRESOLVED; gross basis required,,,,,,,,,
exnight-strategy-v3,rBG-2026-11-17-1,rBG,RBGUSDT,2026-11-17,2026-09-24T23:30:06+00:00,0.9656110633409246,0.18323952822276032,127,0.599132006895404,E0_RANGE,0.0,0.3,no pre-decision precedent,,25000,110.21,NO_SIGNAL,cash basis UNRESOLVED; gross basis required,,,,,,,,,
exnight-strategy-v3,rBG-2027-02-16-1,rBG,RBGUSDT,2027-02-16,2026-09-24T23:30:06+00:00,0.9656110633409246,0.18323952822276032,127,0.599132006895404,E0_RANGE,0.0,0.3,no pre-decision precedent,,1000,110.21,NO_SIGNAL,cash basis UNRESOLVED; gross basis required,,,,,,,,,
exnight-strategy-v3,rBG-2027-02-16-1,rBG,RBGUSDT,2027-02-16,2026-09-24T23:30:06+00:00,0.9656110633409246,0.18323952822276032,127,0.599132006895404,E0_RANGE,0.0,0.3,no pre-decision precedent,,5000,110.21,NO_SIGNAL,cash basis UNRESOLVED; gross basis required,,,,,,,,,
exnight-strategy-v3,rBG-2027-02-16-1,rBG,RBGUSDT,2027-02-16,2026-09-24T23:30:06+00:00,0.9656110633409246,0.18323952822276032,127,0.599132006895404,E0_RANGE,0.0,0.3,no pre-decision precedent,,25000,110.21,NO_SIGNAL,cash basis UNRESOLVED; gross basis required,,,,,,,,,
exnight-strategy-v3,rBNL-2026-09-30-1,rBNL,RBNLUSDT,2026-09-30,2026-09-24T23:30:06+00:00,0.9656110633409246,0.18323952822276032,127,0.599132006895404,E0_RANGE,0.0,0.3,no pre-decision precedent,,1000,18.9,NO_SIGNAL,cash basis UNRESOLVED; gross basis required,,,,,,,,,
exnight-strategy-v3,rBNL-2026-09-30-1,rBNL,RBNLUSDT,2026-09-30,2026-09-24T23:30:06+00:00,0.9656110633409246,0.18323952822276032,127,0.599132006895404,E0_RANGE,0.0,0.3,no pre-decision precedent,,5000,18.9,NO_SIGNAL,cash basis UNRESOLVED; gross basis required,,,,,,,,,
exnight-strategy-v3,rBNL-2026-09-30-1,rBNL,RBNLUSDT,2026-09-30,2026-09-24T23:30:06+00:00,0.9656110633409246,0.18323952822276032,127,0.599132006895404,E0_RANGE,0.0,0.3,no pre-decision precedent,,25000,18.9,NO_SIGNAL,cash basis UNRESOLVED; gross basis required,,,,,,,,,
exnight-strategy-v3,rBMY-2026-10-02-1,rBMY,RBMYUSDT,2026-10-02,2026-09-24T23:30:06+00:00,0.9656110633409246,0.18323952822276032,127,0.599132006895404,E0_RANGE,0.0,0.3,no pre-decision precedent,,1000,61.5,NO_SIGNAL,cash basis UNRESOLVED; gross basis required,,,,,,,,,
exnight-strategy-v3,rBMY-2026-10-02-1,rBMY,RBMYUSDT,2026-10-02,2026-09-24T23:30:06+00:00,0.9656110633409246,0.18323952822276032,127,0.599132006895404,E0_RANGE,0.0,0.3,no pre-decision precedent,,5000,61.5,NO_SIGNAL,cash basis UNRESOLVED; gross basis required,,,,,,,,,
exnight-strategy-v3,rBMY-2026-10-02-1,rBMY,RBMYUSDT,2026-10-02,2026-09-24T23:30:06+00:00,0.9656110633409246,0.18323952822276032,127,0.599132006895404,E0_RANGE,0.0,0.3,no pre-decision precedent,,25000,61.5,NO_SIGNAL,cash basis UNRESOLVED; gross basis required,,,,,,,,,
exnight-strategy-v3,rBRX-2026-10-02-1,rBRX,RBRXUSDT,2026-10-02,2026-09-24T23:30:06+00:00,0.9656110633409246,0.18323952822276032,127,0.599132006895404,E0_RANGE,0.0,0.3,no pre-decision precedent,,1000,27.73,NO_SIGNAL,cash basis UNRESOLVED; gross basis required,,,,,,,,,
exnight-strategy-v3,rBRX-2026-10-02-1,rBRX,RBRXUSDT,2026-10-02,2026-09-24T23:30:06+00:00,0.9656110633409246,0.18323952822276032,127,0.599132006895404,E0_RANGE,0.0,0.3,no pre-decision precedent,,5000,27.73,NO_SIGNAL,cash basis UNRESOLVED; gross basis required,,,,,,,,,
exnight-strategy-v3,rBRX-2026-10-02-1,rBRX,RBRXUSDT,2026-10-02,2026-09-24T23:30:06+00:00,0.9656110633409246,0.18323952822276032,127,0.599132006895404,E0_RANGE,0.0,0.3,no pre-decision precedent,,25000,27.73,NO_SIGNAL,cash basis UNRESOLVED; gross basis required,,,,,,,,,
exnight-strategy-v3,rBTI-2026-10-02-1,rBTI,RBTIUSDT,2026-10-02,2026-09-24T23:30:06+00:00,0.9656110633409246,0.18323952822276032,127,0.599132006895404,E0_RANGE,0.0,0.3,no pre-decision precedent,,1000,56.03,NO_SIGNAL,cash basis UNRESOLVED; gross basis required,,,,,,,,,
exnight-strategy-v3,rBTI-2026-10-02-1,rBTI,RBTIUSDT,2026-10-02,2026-09-24T23:30:06+00:00,0.9656110633409246,0.18323952822276032,127,0.599132006895404,E0_RANGE,0.0,0.3,no pre-decision precedent,,5000,56.03,NO_SIGNAL,cash basis UNRESOLVED; gross basis required,,,,,,,,,
exnight-strategy-v3,rBTI-2026-10-02-1,rBTI,RBTIUSDT,2026-10-02,2026-09-24T23:30:06+00:00,0.9656110633409246,0.18323952822276032,127,0.599132006895404,E0_RANGE,0.0,0.3,no pre-decision precedent,,25000,56.03,NO_SIGNAL,cash basis UNRESOLVED; gross basis required,,,,,,,,,
exnight-strategy-v3,rBRC-2026-10-09-1,rBRC,RBRCUSDT,2026-10-09,2026-09-24T23:30:06+00:00,0.9656110633409246,0.18323952822276032,127,0.599132006895404,E0_RANGE,0.0,0.3,no pre-decision precedent,,1000,82.63,NO_SIGNAL,cash basis UNRESOLVED; gross basis required,,,,,,,,,
exnight-strategy-v3,rBRC-2026-10-09-1,rBRC,RBRCUSDT,2026-10-09,2026-09-24T23:30:06+00:00,0.9656110633409246,0.18323952822276032,127,0.599132006895404,E0_RANGE,0.0,0.3,no pre-decision precedent,,5000,82.63,NO_SIGNAL,cash basis UNRESOLVED; gross basis required,,,,,,,,,
exnight-strategy-v3,rBRC-2026-10-09-1,rBRC,RBRCUSDT,2026-10-09,2026-09-24T23:30:06+00:00,0.9656110633409246,0.18323952822276032,127,0.599132006895404,E0_RANGE,0.0,0.3,no pre-decision precedent,,25000,82.63,NO_SIGNAL,cash basis UNRESOLVED; gross basis required,,,,,,,,,
exnight-strategy-v3,rBTI-2026-12-29-1,rBTI,RBTIUSDT,2026-12-29,2026-09-24T23:30:06+00:00,0.9656110633409246,0.18323952822276032,127,0.599132006895404,E0_RANGE,0.0,0.3,no pre-decision precedent,,1000,56.03,NO_SIGNAL,cash basis UNRESOLVED; gross basis required,,,,,,,,,
exnight-strategy-v3,rBTI-2026-12-29-1,rBTI,RBTIUSDT,2026-12-29,2026-09-24T23:30:06+00:00,0.9656110633409246,0.18323952822276032,127,0.599132006895404,E0_RANGE,0.0,0.3,no pre-decision precedent,,5000,56.03,NO_SIGNAL,cash basis UNRESOLVED; gross basis required,,,,,,,,,
exnight-strategy-v3,rBTI-2026-12-29-1,rBTI,RBTIUSDT,2026-12-29,2026-09-24T23:30:06+00:00,0.9656110633409246,0.18323952822276032,127,0.599132006895404,E0_RANGE,0.0,0.3,no pre-decision precedent,,25000,56.03,NO_SIGNAL,cash basis UNRESOLVED; gross basis required,,,,,,,,,
exnight-strategy-v3,rBZ-2026-09-28-1,rBZ,RBZUSDT,2026-09-28,2026-09-24T23:30:06+00:00,0.9656110633409246,0.18323952822276032,127,0.599132006895404,E0_RANGE,0.0,0.3,no pre-decision precedent,0.5100000000000000,1000,14.03,NO_SIGNAL,"sell: $1,000 exceeds visible top-of-book ($700) on ticker-only symbol",2026-09-24T23:05:03.233009+00:00,ticker_only,2026-09-24T07:05:03.261896+00:00,ticker_only,,,,,
exnight-strategy-v3,rBZ-2026-09-28-1,rBZ,RBZUSDT,2026-09-28,2026-09-24T23:30:06+00:00,0.9656110633409246,0.18323952822276032,127,0.599132006895404,E0_RANGE,0.0,0.3,no pre-decision precedent,0.5100000000000000,5000,14.03,NO_SIGNAL,"sell: $5,000 exceeds visible top-of-book ($700) on ticker-only symbol; buy: $5,000 exceeds visible top-of-book ($3,598) on ticker-only symbol",2026-09-24T23:05:03.233009+00:00,ticker_only,2026-09-24T07:05:03.261896+00:00,ticker_only,,,,,
exnight-strategy-v3,rBZ-2026-09-28-1,rBZ,RBZUSDT,2026-09-28,2026-09-24T23:30:06+00:00,0.9656110633409246,0.18323952822276032,127,0.599132006895404,E0_RANGE,0.0,0.3,no pre-decision precedent,0.5100000000000000,25000,14.03,NO_SIGNAL,"sell: $25,000 exceeds visible top-of-book ($700) on ticker-only symbol; buy: $25,000 exceeds visible top-of-book ($3,598) on ticker-only symbol",2026-09-24T23:05:03.233009+00:00,ticker_only,2026-09-24T07:05:03.261896+00:00,ticker_only,,,,,
exnight-strategy-v3,rBXP-2026-09-30-1,rBXP,RBXPUSDT,2026-09-30,2026-09-24T23:30:06+00:00,0.9656110633409246,0.18323952822276032,127,0.599132006895404,E0_RANGE,0.0,0.3,no pre-decision precedent,,1000,62.27,NO_SIGNAL,cash basis UNRESOLVED; gross basis required,,,,,,,,,
exnight-strategy-v3,rBXP-2026-09-30-1,rBXP,RBXPUSDT,2026-09-30,2026-09-24T23:30:06+00:00,0.9656110633409246,0.18323952822276032,127,0.599132006895404,E0_RANGE,0.0,0.3,no pre-decision precedent,,5000,62.27,NO_SIGNAL,cash basis UNRESOLVED; gross basis required,,,,,,,,,
exnight-strategy-v3,rBXP-2026-09-30-1,rBXP,RBXPUSDT,2026-09-30,2026-09-24T23:30:06+00:00,0.9656110633409246,0.18323952822276032,127,0.599132006895404,E0_RANGE,0.0,0.3,no pre-decision precedent,,25000,62.27,NO_SIGNAL,cash basis UNRESOLVED; gross basis required,,,,,,,,,
exnight-strategy-v3,rBXSL-2026-09-30-1,rBXSL,RBXSLUSDT,2026-09-30,2026-09-24T23:30:06+00:00,0.9656110633409246,0.18323952822276032,127,0.599132006895404,E0_RANGE,0.0,0.3,no pre-decision precedent,,1000,24.7,NO_SIGNAL,cash basis UNRESOLVED; gross basis required,,,,,,,,,
exnight-strategy-v3,rBXSL-2026-09-30-1,rBXSL,RBXSLUSDT,2026-09-30,2026-09-24T23:30:06+00:00,0.9656110633409246,0.18323952822276032,127,0.599132006895404,E0_RANGE,0.0,0.3,no pre-decision precedent,,5000,24.7,NO_SIGNAL,cash basis UNRESOLVED; gross basis required,,,,,,,,,
exnight-strategy-v3,rBXSL-2026-09-30-1,rBXSL,RBXSLUSDT,2026-09-30,2026-09-24T23:30:06+00:00,0.9656110633409246,0.18323952822276032,127,0.599132006895404,E0_RANGE,0.0,0.3,no pre-decision precedent,,25000,24.7,NO_SIGNAL,cash basis UNRESOLVED; gross basis required,,,,,,,,,
exnight-strategy-v3,rCAH-2026-10-01-1,rCAH,RCAHUSDT,2026-10-01,2026-09-24T23:30:06+00:00,0.9656110633409246,0.18323952822276032,127,0.599132006895404,E0_RANGE,0.0,0.3,no pre-decision precedent,,1000,222.77,NO_SIGNAL,cash basis UNRESOLVED; gross basis required,,,,,,,,,
exnight-strategy-v3,rCAH-2026-10-01-1,rCAH,RCAHUSDT,2026-10-01,2026-09-24T23:30:06+00:00,0.9656110633409246,0.18323952822276032,127,0.599132006895404,E0_RANGE,0.0,0.3,no pre-decision precedent,,5000,222.77,NO_SIGNAL,cash basis UNRESOLVED; gross basis required,,,,,,,,,
exnight-strategy-v3,rCAH-2026-10-01-1,rCAH,RCAHUSDT,2026-10-01,2026-09-24T23:30:06+00:00,0.9656110633409246,0.18323952822276032,127,0.599132006895404,E0_RANGE,0.0,0.3,no pre-decision precedent,,25000,222.77,NO_SIGNAL,cash basis UNRESOLVED; gross basis required,,,,,,,,,
exnight-strategy-v3,rCASY-2026-10-30-1,rCASY,RCASYUSDT,2026-10-30,2026-09-24T23:30:06+00:00,0.9656110633409246,0.18323952822276032,127,0.599132006895404,E0_RANGE,0.0,0.3,no pre-decision precedent,0.6500000000000000,1000,595.0,NO_SIGNAL,sell: no depth sample for this symbol/session; buy: no depth sample for this symbol/session,,,,,,,,,
exnight-strategy-v3,rCASY-2026-10-30-1,rCASY,RCASYUSDT,2026-10-30,2026-09-24T23:30:06+00:00,0.9656110633409246,0.18323952822276032,127,0.599132006895404,E0_RANGE,0.0,0.3,no pre-decision precedent,0.6500000000000000,5000,595.0,NO_SIGNAL,sell: no depth sample for this symbol/session; buy: no depth sample for this symbol/session,,,,,,,,,
exnight-strategy-v3,rCASY-2026-10-30-1,rCASY,RCASYUSDT,2026-10-30,2026-09-24T23:30:06+00:00,0.9656110633409246,0.18323952822276032,127,0.599132006895404,E0_RANGE,0.0,0.3,no pre-decision precedent,0.6500000000000000,25000,595.0,NO_SIGNAL,sell: no depth sample for this symbol/session; buy: no depth sample for this symbol/session,,,,,,,,,
exnight-strategy-v3,rCDP-2026-09-30-1,rCDP,RCDPUSDT,2026-09-30,2026-09-24T23:30:06+00:00,0.9656110633409246,0.18323952822276032,127,0.599132006895404,E0_RANGE,0.0,0.3,no pre-decision precedent,,1000,33.81,NO_SIGNAL,cash basis UNRESOLVED; gross basis required,,,,,,,,,
exnight-strategy-v3,rCDP-2026-09-30-1,rCDP,RCDPUSDT,2026-09-30,2026-09-24T23:30:06+00:00,0.9656110633409246,0.18323952822276032,127,0.599132006895404,E0_RANGE,0.0,0.3,no pre-decision precedent,,5000,33.81,NO_SIGNAL,cash basis UNRESOLVED; gross basis required,,,,,,,,,
exnight-strategy-v3,rCDP-2026-09-30-1,rCDP,RCDPUSDT,2026-09-30,2026-09-24T23:30:06+00:00,0.9656110633409246,0.18323952822276032,127,0.599132006895404,E0_RANGE,0.0,0.3,no pre-decision precedent,,25000,33.81,NO_SIGNAL,cash basis UNRESOLVED; gross basis required,,,,,,,,,
exnight-strategy-v3,rCIB-2026-09-30-1,rCIB,RCIBUSDT,2026-09-30,2026-09-24T23:30:06+00:00,0.9656110633409246,0.18323952822276032,127,0.599132006895404,E0_RANGE,0.0,0.3,no pre-decision precedent,,1000,93.64,NO_SIGNAL,cash basis UNRESOLVED; gross basis required,,,,,,,,,
exnight-strategy-v3,rCIB-2026-09-30-1,rCIB,RCIBUSDT,2026-09-30,2026-09-24T23:30:06+00:00,0.9656110633409246,0.18323952822276032,127,0.599132006895404,E0_RANGE,0.0,0.3,no pre-decision precedent,,5000,93.64,NO_SIGNAL,cash basis UNRESOLVED; gross basis required,,,,,,,,,
exnight-strategy-v3,rCIB-2026-09-30-1,rCIB,RCIBUSDT,2026-09-30,2026-09-24T23:30:06+00:00,0.9656110633409246,0.18323952822276032,127,0.599132006895404,E0_RANGE,0.0,0.3,no pre-decision precedent,,25000,93.64,NO_SIGNAL,cash basis UNRESOLVED; gross basis required,,,,,,,,,
exnight-strategy-v3,rCHH-2026-10-01-1,rCHH,RCHHUSDT,2026-10-01,2026-09-24T23:30:06+00:00,0.9656110633409246,0.18323952822276032,127,0.599132006895404,E0_RANGE,0.0,0.3,no pre-decision precedent,,1000,100.96,NO_SIGNAL,cash basis UNRESOLVED; gross basis required,,,,,,,,,
exnight-strategy-v3,rCHH-2026-10-01-1,rCHH,RCHHUSDT,2026-10-01,2026-09-24T23:30:06+00:00,0.9656110633409246,0.18323952822276032,127,0.599132006895404,E0_RANGE,0.0,0.3,no pre-decision precedent,,5000,100.96,NO_SIGNAL,cash basis UNRESOLVED; gross basis required,,,,,,,,,
exnight-strategy-v3,rCHH-2026-10-01-1,rCHH,RCHHUSDT,2026-10-01,2026-09-24T23:30:06+00:00,0.9656110633409246,0.18323952822276032,127,0.599132006895404,E0_RANGE,0.0,0.3,no pre-decision precedent,,25000,100.96,NO_SIGNAL,cash basis UNRESOLVED; gross basis required,,,,,,,,,
exnight-strategy-v3,rCIG-2026-09-28-1,rCIG,RCIGUSDT,2026-09-28,2026-09-24T23:30:06+00:00,0.9656110633409246,0.18323952822276032,127,0.599132006895404,E0_RANGE,0.0,0.3,no pre-decision precedent,,1000,2.08,NO_SIGNAL,cash basis UNRESOLVED; gross basis required,,,,,,,,,
exnight-strategy-v3,rCIG-2026-09-28-1,rCIG,RCIGUSDT,2026-09-28,2026-09-24T23:30:06+00:00,0.9656110633409246,0.18323952822276032,127,0.599132006895404,E0_RANGE,0.0,0.3,no pre-decision precedent,,5000,2.08,NO_SIGNAL,cash basis UNRESOLVED; gross basis required,,,,,,,,,
exnight-strategy-v3,rCIG-2026-09-28-1,rCIG,RCIGUSDT,2026-09-28,2026-09-24T23:30:06+00:00,0.9656110633409246,0.18323952822276032,127,0.599132006895404,E0_RANGE,0.0,0.3,no pre-decision precedent,,25000,2.08,NO_SIGNAL,cash basis UNRESOLVED; gross basis required,,,,,,,,,
exnight-strategy-v3,rCMCSA-2026-10-07-1,rCMCSA,RCMCSAUSDT,2026-10-07,2026-09-24T23:30:06+00:00,0.9656110633409246,0.18323952822276032,127,0.599132006895404,E1_DOCUMENTED_PRECEDENT,0.3,0.3,"dividends_2026_07_24: rCMCSA ex 2026-07-01 0.33 at 30%, available 2026-09-16T11:09:53+00:00 (primary)",0.3300000000000000,1000,21.98,NO_SIGNAL,"sell: $1,000 exceeds visible top-of-book ($177) on ticker-only symbol; buy: $1,000 exceeds visible top-of-book ($226) on ticker-only symbol",2026-09-24T23:05:03.233009+00:00,ticker_only,2026-09-24T07:05:03.261896+00:00,ticker_only,,,,,
exnight-strategy-v3,rCMCSA-2026-10-07-1,rCMCSA,RCMCSAUSDT,2026-10-07,2026-09-24T23:30:06+00:00,0.9656110633409246,0.18323952822276032,127,0.599132006895404,E1_DOCUMENTED_PRECEDENT,0.3,0.3,"dividends_2026_07_24: rCMCSA ex 2026-07-01 0.33 at 30%, available 2026-09-16T11:09:53+00:00 (primary)",0.3300000000000000,5000,21.98,NO_SIGNAL,"sell: $5,000 exceeds visible top-of-book ($177) on ticker-only symbol; buy: $5,000 exceeds visible top-of-book ($226) on ticker-only symbol",2026-09-24T23:05:03.233009+00:00,ticker_only,2026-09-24T07:05:03.261896+00:00,ticker_only,,,,,
exnight-strategy-v3,rCMCSA-2026-10-07-1,rCMCSA,RCMCSAUSDT,2026-10-07,2026-09-24T23:30:06+00:00,0.9656110633409246,0.18323952822276032,127,0.599132006895404,E1_DOCUMENTED_PRECEDENT,0.3,0.3,"dividends_2026_07_24: rCMCSA ex 2026-07-01 0.33 at 30%, available 2026-09-16T11:09:53+00:00 (primary)",0.3300000000000000,25000,21.98,NO_SIGNAL,"sell: $25,000 exceeds visible top-of-book ($177) on ticker-only symbol; buy: $25,000 exceeds visible top-of-book ($226) on ticker-only symbol",2026-09-24T23:05:03.233009+00:00,ticker_only,2026-09-24T07:05:03.261896+00:00,ticker_only,,,,,
exnight-strategy-v3,rCL-2026-10-20-1,rCL,RCLUSDT,2026-10-20,2026-09-24T23:30:06+00:00,0.9656110633409246,0.18323952822276032,127,0.599132006895404,E0_RANGE,0.0,0.3,no pre-decision precedent,,1000,85.83,NO_SIGNAL,cash basis UNRESOLVED; gross basis required,,,,,,,,,
exnight-strategy-v3,rCL-2026-10-20-1,rCL,RCLUSDT,2026-10-20,2026-09-24T23:30:06+00:00,0.9656110633409246,0.18323952822276032,127,0.599132006895404,E0_RANGE,0.0,0.3,no pre-decision precedent,,5000,85.83,NO_SIGNAL,cash basis UNRESOLVED; gross basis required,,,,,,,,,
exnight-strategy-v3,rCL-2026-10-20-1,rCL,RCLUSDT,2026-10-20,2026-09-24T23:30:06+00:00,0.9656110633409246,0.18323952822276032,127,0.599132006895404,E0_RANGE,0.0,0.3,no pre-decision precedent,,25000,85.83,NO_SIGNAL,cash basis UNRESOLVED; gross basis required,,,,,,,,,
exnight-strategy-v3,rCOLD-2026-09-30-1,rCOLD,RCOLDUSDT,2026-09-30,2026-09-24T23:30:06+00:00,0.9656110633409246,0.18323952822276032,127,0.599132006895404,E0_RANGE,0.0,0.3,no pre-decision precedent,,1000,14.85,NO_SIGNAL,cash basis UNRESOLVED; gross basis required,,,,,,,,,
exnight-strategy-v3,rCOLD-2026-09-30-1,rCOLD,RCOLDUSDT,2026-09-30,2026-09-24T23:30:06+00:00,0.9656110633409246,0.18323952822276032,127,0.599132006895404,E0_RANGE,0.0,0.3,no pre-decision precedent,,5000,14.85,NO_SIGNAL,cash basis UNRESOLVED; gross basis required,,,,,,,,,
exnight-strategy-v3,rCOLD-2026-09-30-1,rCOLD,RCOLDUSDT,2026-09-30,2026-09-24T23:30:06+00:00,0.9656110633409246,0.18323952822276032,127,0.599132006895404,E0_RANGE,0.0,0.3,no pre-decision precedent,,25000,14.85,NO_SIGNAL,cash basis UNRESOLVED; gross basis required,,,,,,,,,
exnight-strategy-v3,rCPT-2026-09-30-1,rCPT,RCPTUSDT,2026-09-30,2026-09-24T23:30:06+00:00,0.9656110633409246,0.18323952822276032,127,0.599132006895404,E0_RANGE,0.0,0.3,no pre-decision precedent,,1000,97.41,NO_SIGNAL,cash basis UNRESOLVED; gross basis required,,,,,,,,,
exnight-strategy-v3,rCPT-2026-09-30-1,rCPT,RCPTUSDT,2026-09-30,2026-09-24T23:30:06+00:00,0.9656110633409246,0.18323952822276032,127,0.599132006895404,E0_RANGE,0.0,0.3,no pre-decision precedent,,5000,97.41,NO_SIGNAL,cash basis UNRESOLVED; gross basis required,,,,,,,,,
exnight-strategy-v3,rCPT-2026-09-30-1,rCPT,RCPTUSDT,2026-09-30,2026-09-24T23:30:06+00:00,0.9656110633409246,0.18323952822276032,127,0.599132006895404,E0_RANGE,0.0,0.3,no pre-decision precedent,,25000,97.41,NO_SIGNAL,cash basis UNRESOLVED; gross basis required,,,,,,,,,
exnight-strategy-v3,rCPB-2026-10-01-1,rCPB,RCPBUSDT,2026-10-01,2026-09-24T23:30:06+00:00,0.9656110633409246,0.18323952822276032,127,0.599132006895404,E0_RANGE,0.0,0.3,no pre-decision precedent,0.2500000000000000,1000,19.9,HOLD,,2026-09-24T23:05:03.233009+00:00,ticker_only,2026-09-24T07:05:03.261896+00:00,ticker_only,0.17710436990186199,-0.277321368178011,-0.20232136817801097,125.62814070351759,
exnight-strategy-v3,rCPB-2026-10-01-1,rCPB,RCPBUSDT,2026-10-01,2026-09-24T23:30:06+00:00,0.9656110633409246,0.18323952822276032,127,0.599132006895404,E0_RANGE,0.0,0.3,no pre-decision precedent,0.2500000000000000,5000,19.9,NO_SIGNAL,"buy: $5,000 exceeds visible top-of-book ($3,956) on ticker-only symbol",2026-09-24T23:05:03.233009+00:00,ticker_only,2026-09-24T07:05:03.261896+00:00,ticker_only,,,,,
exnight-strategy-v3,rCPB-2026-10-01-1,rCPB,RCPBUSDT,2026-10-01,2026-09-24T23:30:06+00:00,0.9656110633409246,0.18323952822276032,127,0.599132006895404,E0_RANGE,0.0,0.3,no pre-decision precedent,0.2500000000000000,25000,19.9,NO_SIGNAL,"buy: $25,000 exceeds visible top-of-book ($3,956) on ticker-only symbol",2026-09-24T23:05:03.233009+00:00,ticker_only,2026-09-24T07:05:03.261896+00:00,ticker_only,,,,,
exnight-strategy-v3,rCSCO-2026-10-02-1,rCSCO,RCSCOUSDT,2026-10-02,2026-09-24T23:30:06+00:00,0.9656110633409246,0.18323952822276032,127,0.599132006895404,E1_DOCUMENTED_PRECEDENT,0.3,0.3,"dividends_2026_07_24: rCSCO ex 2026-07-06 0.42 at 30%, available 2026-09-16T11:09:53+00:00 (primary)",0.4200000000000000,1000,106.73,HOLD,,2026-09-24T23:05:03.233009+00:00,public_book,2026-09-24T07:05:03.261896+00:00,public_book,0.5332224300110785,-0.5755869871150088,-0.5755869871150088,39.3516349667385,
exnight-strategy-v3,rCSCO-2026-10-02-1,rCSCO,RCSCOUSDT,2026-10-02,2026-09-24T23:30:06+00:00,0.9656110633409246,0.18323952822276032,127,0.599132006895404,E1_DOCUMENTED_PRECEDENT,0.3,0.3,"dividends_2026_07_24: rCSCO ex 2026-07-06 0.42 at 30%, available 2026-09-16T11:09:53+00:00 (primary)",0.4200000000000000,5000,106.73,HOLD,,2026-09-24T23:05:03.233009+00:00,public_book,2026-09-24T07:05:03.261896+00:00,public_book,0.744397530762296,-0.7867620878662263,-0.7867620878662263,39.3516349667385,
exnight-strategy-v3,rCSCO-2026-10-02-1,rCSCO,RCSCOUSDT,2026-10-02,2026-09-24T23:30:06+00:00,0.9656110633409246,0.18323952822276032,127,0.599132006895404,E1_DOCUMENTED_PRECEDENT,0.3,0.3,"dividends_2026_07_24: rCSCO ex 2026-07-06 0.42 at 30%, available 2026-09-16T11:09:53+00:00 (primary)",0.4200000000000000,25000,106.73,HOLD,,2026-09-24T23:05:03.233009+00:00,public_book,2026-09-24T07:05:03.261896+00:00,public_book,1.2173324114260506,-1.259696968529981,-1.259696968529981,39.3516349667385,
exnight-strategy-v3,rCW-2026-09-25-1,rCW,RCWUSDT,2026-09-25,2026-09-24T23:30:06+00:00,0.9656110633409246,0.18323952822276032,127,0.599132006895404,E0_RANGE,0.0,0.3,no pre-decision precedent,,1000,544.22,NO_SIGNAL,cash basis UNRESOLVED; gross basis required,,,,,,,,,
exnight-strategy-v3,rCW-2026-09-25-1,rCW,RCWUSDT,2026-09-25,2026-09-24T23:30:06+00:00,0.9656110633409246,0.18323952822276032,127,0.599132006895404,E0_RANGE,0.0,0.3,no pre-decision precedent,,5000,544.22,NO_SIGNAL,cash basis UNRESOLVED; gross basis required,,,,,,,,,
exnight-strategy-v3,rCW-2026-09-25-1,rCW,RCWUSDT,2026-09-25,2026-09-24T23:30:06+00:00,0.9656110633409246,0.18323952822276032,127,0.599132006895404,E0_RANGE,0.0,0.3,no pre-decision precedent,,25000,544.22,NO_SIGNAL,cash basis UNRESOLVED; gross basis required,,,,,,,,,
exnight-strategy-v3,rCURB-2026-09-29-1,rCURB,RCURBUSDT,2026-09-29,2026-09-24T23:30:06+00:00,0.9656110633409246,0.18323952822276032,127,0.599132006895404,E0_RANGE,0.0,0.3,no pre-decision precedent,,1000,28.44,NO_SIGNAL,cash basis UNRESOLVED; gross basis required,,,,,,,,,
exnight-strategy-v3,rCURB-2026-09-29-1,rCURB,RCURBUSDT,2026-09-29,2026-09-24T23:30:06+00:00,0.9656110633409246,0.18323952822276032,127,0.599132006895404,E0_RANGE,0.0,0.3,no pre-decision precedent,,5000,28.44,NO_SIGNAL,cash basis UNRESOLVED; gross basis required,,,,,,,,,
exnight-strategy-v3,rCURB-2026-09-29-1,rCURB,RCURBUSDT,2026-09-29,2026-09-24T23:30:06+00:00,0.9656110633409246,0.18323952822276032,127,0.599132006895404,E0_RANGE,0.0,0.3,no pre-decision precedent,,25000,28.44,NO_SIGNAL,cash basis UNRESOLVED; gross basis required,,,,,,,,,
exnight-strategy-v3,rCTRE-2026-09-30-1,rCTRE,RCTREUSDT,2026-09-30,2026-09-24T23:30:06+00:00,0.9656110633409246,0.18323952822276032,127,0.599132006895404,E0_RANGE,0.0,0.3,no pre-decision precedent,,1000,37.59,NO_SIGNAL,cash basis UNRESOLVED; gross basis required,,,,,,,,,
exnight-strategy-v3,rCTRE-2026-09-30-1,rCTRE,RCTREUSDT,2026-09-30,2026-09-24T23:30:06+00:00,0.9656110633409246,0.18323952822276032,127,0.599132006895404,E0_RANGE,0.0,0.3,no pre-decision precedent,,5000,37.59,NO_SIGNAL,cash basis UNRESOLVED; gross basis required,,,,,,,,,
exnight-strategy-v3,rCTRE-2026-09-30-1,rCTRE,RCTREUSDT,2026-09-30,2026-09-24T23:30:06+00:00,0.9656110633409246,0.18323952822276032,127,0.599132006895404,E0_RANGE,0.0,0.3,no pre-decision precedent,,25000,37.59,NO_SIGNAL,cash basis UNRESOLVED; gross basis required,,,,,,,,,
exnight-strategy-v3,rCVBF-2026-09-30-1,rCVBF,RCVBFUSDT,2026-09-30,2026-09-24T23:30:06+00:00,0.9656110633409246,0.18323952822276032,127,0.599132006895404,E0_RANGE,0.0,0.3,no pre-decision precedent,0.2000000000000000,1000,22.3,HOLD,,2026-09-24T23:05:03.233009+00:00,ticker_only,2026-09-24T07:05:03.261896+00:00,ticker_only,1.0312298333612218,-1.1114034319821409,-1.051403431982141,89.68609865470852,
exnight-strategy-v3,rCVBF-2026-09-30-1,rCVBF,RCVBFUSDT,2026-09-30,2026-09-24T23:30:06+00:00,0.9656110633409246,0.18323952822276032,127,0.599132006895404,E0_RANGE,0.0,0.3,no pre-decision precedent,0.2000000000000000,5000,22.3,NO_SIGNAL,"sell: $5,000 exceeds visible top-of-book ($2,496) on ticker-only symbol; buy: $5,000 exceeds visible top-of-book ($1,986) on ticker-only symbol",2026-09-24T23:05:03.233009+00:00,ticker_only,2026-09-24T07:05:03.261896+00:00,ticker_only,,,,,
exnight-strategy-v3,rCVBF-2026-09-30-1,rCVBF,RCVBFUSDT,2026-09-30,2026-09-24T23:30:06+00:00,0.9656110633409246,0.18323952822276032,127,0.599132006895404,E0_RANGE,0.0,0.3,no pre-decision precedent,0.2000000000000000,25000,22.3,NO_SIGNAL,"sell: $25,000 exceeds visible top-of-book ($2,496) on ticker-only symbol; buy: $25,000 exceeds visible top-of-book ($1,986) on ticker-only symbol",2026-09-24T23:05:03.233009+00:00,ticker_only,2026-09-24T07:05:03.261896+00:00,ticker_only,,,,,
exnight-strategy-v3,rCUBE-2026-10-01-1,rCUBE,RCUBEUSDT,2026-10-01,2026-09-24T23:30:06+00:00,0.9656110633409246,0.18323952822276032,127,0.599132006895404,E0_RANGE,0.0,0.3,no pre-decision precedent,,1000,37.61,NO_SIGNAL,cash basis UNRESOLVED; gross basis required,,,,,,,,,
exnight-strategy-v3,rCUBE-2026-10-01-1,rCUBE,RCUBEUSDT,2026-10-01,2026-09-24T23:30:06+00:00,0.9656110633409246,0.18323952822276032,127,0.599132006895404,E0_RANGE,0.0,0.3,no pre-decision precedent,,5000,37.61,NO_SIGNAL,cash basis UNRESOLVED; gross basis required,,,,,,,,,
exnight-strategy-v3,rCUBE-2026-10-01-1,rCUBE,RCUBEUSDT,2026-10-01,2026-09-24T23:30:06+00:00,0.9656110633409246,0.18323952822276032,127,0.599132006895404,E0_RANGE,0.0,0.3,no pre-decision precedent,,25000,37.61,NO_SIGNAL,cash basis UNRESOLVED; gross basis required,,,,,,,,,
exnight-strategy-v3,rCUZ-2026-10-05-1,rCUZ,RCUZUSDT,2026-10-05,2026-09-24T23:30:06+00:00,0.9656110633409246,0.18323952822276032,127,0.599132006895404,E0_RANGE,0.0,0.3,no pre-decision precedent,,1000,28.46,NO_SIGNAL,cash basis UNRESOLVED; gross basis required,,,,,,,,,
exnight-strategy-v3,rCUZ-2026-10-05-1,rCUZ,RCUZUSDT,2026-10-05,2026-09-24T23:30:06+00:00,0.9656110633409246,0.18323952822276032,127,0.599132006895404,E0_RANGE,0.0,0.3,no pre-decision precedent,,5000,28.46,NO_SIGNAL,cash basis UNRESOLVED; gross basis required,,,,,,,,,
exnight-strategy-v3,rCUZ-2026-10-05-1,rCUZ,RCUZUSDT,2026-10-05,2026-09-24T23:30:06+00:00,0.9656110633409246,0.18323952822276032,127,0.599132006895404,E0_RANGE,0.0,0.3,no pre-decision precedent,,25000,28.46,NO_SIGNAL,cash basis UNRESOLVED; gross basis required,,,,,,,,,
exnight-strategy-v3,rDBRG-2026-09-30-1,rDBRG,RDBRGUSDT,2026-09-30,2026-09-24T23:30:06+00:00,0.9656110633409246,0.18323952822276032,127,0.599132006895404,E0_RANGE,0.0,0.3,no pre-decision precedent,,1000,15.98,NO_SIGNAL,cash basis UNRESOLVED; gross basis required,,,,,,,,,
exnight-strategy-v3,rDBRG-2026-09-30-1,rDBRG,RDBRGUSDT,2026-09-30,2026-09-24T23:30:06+00:00,0.9656110633409246,0.18323952822276032,127,0.599132006895404,E0_RANGE,0.0,0.3,no pre-decision precedent,,5000,15.98,NO_SIGNAL,cash basis UNRESOLVED; gross basis required,,,,,,,,,
exnight-strategy-v3,rDBRG-2026-09-30-1,rDBRG,RDBRGUSDT,2026-09-30,2026-09-24T23:30:06+00:00,0.9656110633409246,0.18323952822276032,127,0.599132006895404,E0_RANGE,0.0,0.3,no pre-decision precedent,,25000,15.98,NO_SIGNAL,cash basis UNRESOLVED; gross basis required,,,,,,,,,
exnight-strategy-v3,rDDS-2026-09-30-1,rDDS,RDDSUSDT,2026-09-30,2026-09-24T23:30:06+00:00,0.9656110633409246,0.18323952822276032,127,0.599132006895404,E0_RANGE,0.0,0.3,no pre-decision precedent,,1000,654.6,NO_SIGNAL,cash basis UNRESOLVED; gross basis required,,,,,,,,,
exnight-strategy-v3,rDDS-2026-09-30-1,rDDS,RDDSUSDT,2026-09-30,2026-09-24T23:30:06+00:00,0.9656110633409246,0.18323952822276032,127,0.599132006895404,E0_RANGE,0.0,0.3,no pre-decision precedent,,5000,654.6,NO_SIGNAL,cash basis UNRESOLVED; gross basis required,,,,,,,,,
exnight-strategy-v3,rDDS-2026-09-30-1,rDDS,RDDSUSDT,2026-09-30,2026-09-24T23:30:06+00:00,0.9656110633409246,0.18323952822276032,127,0.599132006895404,E0_RANGE,0.0,0.3,no pre-decision precedent,,25000,654.6,NO_SIGNAL,cash basis UNRESOLVED; gross basis required,,,,,,,,,
exnight-strategy-v3,rDE-2026-09-30-1,rDE,RDEUSDT,2026-09-30,2026-09-24T23:30:06+00:00,0.9656110633409246,0.18323952822276032,127,0.599132006895404,E0_RANGE,0.0,0.3,no pre-decision precedent,,1000,695.0,NO_SIGNAL,cash basis UNRESOLVED; gross basis required,,,,,,,,,
exnight-strategy-v3,rDE-2026-09-30-1,rDE,RDEUSDT,2026-09-30,2026-09-24T23:30:06+00:00,0.9656110633409246,0.18323952822276032,127,0.599132006895404,E0_RANGE,0.0,0.3,no pre-decision precedent,,5000,695.0,NO_SIGNAL,cash basis UNRESOLVED; gross basis required,,,,,,,,,
exnight-strategy-v3,rDE-2026-09-30-1,rDE,RDEUSDT,2026-09-30,2026-09-24T23:30:06+00:00,0.9656110633409246,0.18323952822276032,127,0.599132006895404,E0_RANGE,0.0,0.3,no pre-decision precedent,,25000,695.0,NO_SIGNAL,cash basis UNRESOLVED; gross basis required,,,,,,,,,
exnight-strategy-v3,rDHR-2026-09-30-1,rDHR,RDHRUSDT,2026-09-30,2026-09-24T23:30:06+00:00,0.9656110633409246,0.18323952822276032,127,0.599132006895404,E0_RANGE,0.0,0.3,no pre-decision precedent,,1000,223.98,NO_SIGNAL,cash basis UNRESOLVED; gross basis required,,,,,,,,,
exnight-strategy-v3,rDHR-2026-09-30-1,rDHR,RDHRUSDT,2026-09-30,2026-09-24T23:30:06+00:00,0.9656110633409246,0.18323952822276032,127,0.599132006895404,E0_RANGE,0.0,0.3,no pre-decision precedent,,5000,223.98,NO_SIGNAL,cash basis UNRESOLVED; gross basis required,,,,,,,,,
exnight-strategy-v3,rDHR-2026-09-30-1,rDHR,RDHRUSDT,2026-09-30,2026-09-24T23:30:06+00:00,0.9656110633409246,0.18323952822276032,127,0.599132006895404,E0_RANGE,0.0,0.3,no pre-decision precedent,,25000,223.98,NO_SIGNAL,cash basis UNRESOLVED; gross basis required,,,,,,,,,
exnight-strategy-v3,rDG-2026-10-06-1,rDG,RDGUSDT,2026-10-06,2026-09-24T23:30:06+00:00,0.9656110633409246,0.18323952822276032,127,0.599132006895404,E0_RANGE,0.0,0.3,no pre-decision precedent,,1000,122.65,NO_SIGNAL,cash basis UNRESOLVED; gross basis required,,,,,,,,,
exnight-strategy-v3,rDG-2026-10-06-1,rDG,RDGUSDT,2026-10-06,2026-09-24T23:30:06+00:00,0.9656110633409246,0.18323952822276032,127,0.599132006895404,E0_RANGE,0.0,0.3,no pre-decision precedent,,5000,122.65,NO_SIGNAL,cash basis UNRESOLVED; gross basis required,,,,,,,,,
exnight-strategy-v3,rDG-2026-10-06-1,rDG,RDGUSDT,2026-10-06,2026-09-24T23:30:06+00:00,0.9656110633409246,0.18323952822276032,127,0.599132006895404,E0_RANGE,0.0,0.3,no pre-decision precedent,,25000,122.65,NO_SIGNAL,cash basis UNRESOLVED; gross basis required,,,,,,,,,
exnight-strategy-v3,rDGX-2026-10-06-1,rDGX,RDGXUSDT,2026-10-06,2026-09-24T23:30:06+00:00,0.9656110633409246,0.18323952822276032,127,0.599132006895404,E0_RANGE,0.0,0.3,no pre-decision precedent,,1000,236.66,NO_SIGNAL,cash basis UNRESOLVED; gross basis required,,,,,,,,,
exnight-strategy-v3,rDGX-2026-10-06-1,rDGX,RDGXUSDT,2026-10-06,2026-09-24T23:30:06+00:00,0.9656110633409246,0.18323952822276032,127,0.599132006895404,E0_RANGE,0.0,0.3,no pre-decision precedent,,5000,236.66,NO_SIGNAL,cash basis UNRESOLVED; gross basis required,,,,,,,,,
exnight-strategy-v3,rDGX-2026-10-06-1,rDGX,RDGXUSDT,2026-10-06,2026-09-24T23:30:06+00:00,0.9656110633409246,0.18323952822276032,127,0.599132006895404,E0_RANGE,0.0,0.3,no pre-decision precedent,,25000,236.66,NO_SIGNAL,cash basis UNRESOLVED; gross basis required,,,,,,,,,
exnight-strategy-v3,rDEO-2026-10-16-1,rDEO,RDEOUSDT,2026-10-16,2026-09-24T23:30:06+00:00,0.9656110633409246,0.18323952822276032,127,0.599132006895404,E0_RANGE,0.0,0.3,no pre-decision precedent,,1000,86.2,NO_SIGNAL,cash basis UNRESOLVED; gross basis required,,,,,,,,,
exnight-strategy-v3,rDEO-2026-10-16-1,rDEO,RDEOUSDT,2026-10-16,2026-09-24T23:30:06+00:00,0.9656110633409246,0.18323952822276032,127,0.599132006895404,E0_RANGE,0.0,0.3,no pre-decision precedent,,5000,86.2,NO_SIGNAL,cash basis UNRESOLVED; gross basis required,,,,,,,,,
exnight-strategy-v3,rDEO-2026-10-16-1,rDEO,RDEOUSDT,2026-10-16,2026-09-24T23:30:06+00:00,0.9656110633409246,0.18323952822276032,127,0.599132006895404,E0_RANGE,0.0,0.3,no pre-decision precedent,,25000,86.2,NO_SIGNAL,cash basis UNRESOLVED; gross basis required,,,,,,,,,
exnight-strategy-v3,rDELL-2026-10-20-1,rDELL,RDELLUSDT,2026-10-20,2026-09-24T23:30:06+00:00,0.9656110633409246,0.18323952822276032,127,0.599132006895404,E0_RANGE,0.0,0.3,no pre-decision precedent,,1000,537.34,NO_SIGNAL,cash basis UNRESOLVED; gross basis required,,,,,,,,,
exnight-strategy-v3,rDELL-2026-10-20-1,rDELL,RDELLUSDT,2026-10-20,2026-09-24T23:30:06+00:00,0.9656110633409246,0.18323952822276032,127,0.599132006895404,E0_RANGE,0.0,0.3,no pre-decision precedent,,5000,537.34,NO_SIGNAL,cash basis UNRESOLVED; gross basis required,,,,,,,,,
exnight-strategy-v3,rDELL-2026-10-20-1,rDELL,RDELLUSDT,2026-10-20,2026-09-24T23:30:06+00:00,0.9656110633409246,0.18323952822276032,127,0.599132006895404,E0_RANGE,0.0,0.3,no pre-decision precedent,,25000,537.34,NO_SIGNAL,cash basis UNRESOLVED; gross basis required,,,,,,,,,
exnight-strategy-v3,rDOO-2026-09-29-1,rDOO,RDOOUSDT,2026-09-29,2026-09-24T23:30:06+00:00,0.9656110633409246,0.18323952822276032,127,0.599132006895404,E0_RANGE,0.0,0.3,no pre-decision precedent,,1000,55.39,NO_SIGNAL,cash basis UNRESOLVED; gross basis required,,,,,,,,,
exnight-strategy-v3,rDOO-2026-09-29-1,rDOO,RDOOUSDT,2026-09-29,2026-09-24T23:30:06+00:00,0.9656110633409246,0.18323952822276032,127,0.599132006895404,E0_RANGE,0.0,0.3,no pre-decision precedent,,5000,55.39,NO_SIGNAL,cash basis UNRESOLVED; gross basis required,,,,,,,,,
exnight-strategy-v3,rDOO-2026-09-29-1,rDOO,RDOOUSDT,2026-09-29,2026-09-24T23:30:06+00:00,0.9656110633409246,0.18323952822276032,127,0.599132006895404,E0_RANGE,0.0,0.3,no pre-decision precedent,,25000,55.39,NO_SIGNAL,cash basis UNRESOLVED; gross basis required,,,,,,,,,
exnight-strategy-v3,rDOX-2026-09-30-1,rDOX,RDOXUSDT,2026-09-30,2026-09-24T23:30:06+00:00,0.9656110633409246,0.18323952822276032,127,0.599132006895404,E0_RANGE,0.0,0.3,no pre-decision precedent,0.5690000000000000,1000,57.85,NO_SIGNAL,"sell: $1,000 exceeds visible top-of-book ($57) on ticker-only symbol; buy: $1,000 exceeds visible top-of-book ($470) on ticker-only symbol",2026-09-24T23:05:03.233009+00:00,ticker_only,2026-09-24T07:05:03.261896+00:00,ticker_only,,,,,
exnight-strategy-v3,rDOX-2026-09-30-1,rDOX,RDOXUSDT,2026-09-30,2026-09-24T23:30:06+00:00,0.9656110633409246,0.18323952822276032,127,0.599132006895404,E0_RANGE,0.0,0.3,no pre-decision precedent,0.5690000000000000,5000,57.85,NO_SIGNAL,"sell: $5,000 exceeds visible top-of-book ($57) on ticker-only symbol; buy: $5,000 exceeds visible top-of-book ($470) on ticker-only symbol",2026-09-24T23:05:03.233009+00:00,ticker_only,2026-09-24T07:05:03.261896+00:00,ticker_only,,,,,
exnight-strategy-v3,rDOX-2026-09-30-1,rDOX,RDOXUSDT,2026-09-30,2026-09-24T23:30:06+00:00,0.9656110633409246,0.18323952822276032,127,0.599132006895404,E0_RANGE,0.0,0.3,no pre-decision precedent,0.5690000000000000,25000,57.85,NO_SIGNAL,"sell: $25,000 exceeds visible top-of-book ($57) on ticker-only symbol; buy: $25,000 exceeds visible top-of-book ($470) on ticker-only symbol",2026-09-24T23:05:03.233009+00:00,ticker_only,2026-09-24T07:05:03.261896+00:00,ticker_only,,,,,
exnight-strategy-v3,rEGP-2026-09-30-1,rEGP,REGPUSDT,2026-09-30,2026-09-24T23:30:06+00:00,0.9656110633409246,0.18323952822276032,127,0.599132006895404,E0_RANGE,0.0,0.3,no pre-decision precedent,,1000,202.5,NO_SIGNAL,cash basis UNRESOLVED; gross basis required,,,,,,,,,
exnight-strategy-v3,rEGP-2026-09-30-1,rEGP,REGPUSDT,2026-09-30,2026-09-24T23:30:06+00:00,0.9656110633409246,0.18323952822276032,127,0.599132006895404,E0_RANGE,0.0,0.3,no pre-decision precedent,,5000,202.5,NO_SIGNAL,cash basis UNRESOLVED; gross basis required,,,,,,,,,
exnight-strategy-v3,rEGP-2026-09-30-1,rEGP,REGPUSDT,2026-09-30,2026-09-24T23:30:06+00:00,0.9656110633409246,0.18323952822276032,127,0.599132006895404,E0_RANGE,0.0,0.3,no pre-decision precedent,,25000,202.5,NO_SIGNAL,cash basis UNRESOLVED; gross basis required,,,,,,,,,
exnight-strategy-v3,rEHC-2026-10-01-1,rEHC,REHCUSDT,2026-10-01,2026-09-24T23:30:06+00:00,0.9656110633409246,0.18323952822276032,127,0.599132006895404,E0_RANGE,0.0,0.3,no pre-decision precedent,,1000,122.01,NO_SIGNAL,cash basis UNRESOLVED; gross basis required,,,,,,,,,
exnight-strategy-v3,rEHC-2026-10-01-1,rEHC,REHCUSDT,2026-10-01,2026-09-24T23:30:06+00:00,0.9656110633409246,0.18323952822276032,127,0.599132006895404,E0_RANGE,0.0,0.3,no pre-decision precedent,,5000,122.01,NO_SIGNAL,cash basis UNRESOLVED; gross basis required,,,,,,,,,
exnight-strategy-v3,rEHC-2026-10-01-1,rEHC,REHCUSDT,2026-10-01,2026-09-24T23:30:06+00:00,0.9656110633409246,0.18323952822276032,127,0.599132006895404,E0_RANGE,0.0,0.3,no pre-decision precedent,,25000,122.01,NO_SIGNAL,cash basis UNRESOLVED; gross basis required,,,,,,,,,
exnight-strategy-v3,rELS-2026-09-25-1,rELS,RELSUSDT,2026-09-25,2026-09-24T23:30:06+00:00,0.9656110633409246,0.18323952822276032,127,0.599132006895404,E0_RANGE,0.0,0.3,no pre-decision precedent,,1000,59.43,NO_SIGNAL,cash basis UNRESOLVED; gross basis required,,,,,,,,,
exnight-strategy-v3,rELS-2026-09-25-1,rELS,RELSUSDT,2026-09-25,2026-09-24T23:30:06+00:00,0.9656110633409246,0.18323952822276032,127,0.599132006895404,E0_RANGE,0.0,0.3,no pre-decision precedent,,5000,59.43,NO_SIGNAL,cash basis UNRESOLVED; gross basis required,,,,,,,,,
exnight-strategy-v3,rELS-2026-09-25-1,rELS,RELSUSDT,2026-09-25,2026-09-24T23:30:06+00:00,0.9656110633409246,0.18323952822276032,127,0.599132006895404,E0_RANGE,0.0,0.3,no pre-decision precedent,,25000,59.43,NO_SIGNAL,cash basis UNRESOLVED; gross basis required,,,,,,,,,
exnight-strategy-v3,rENSG-2026-09-30-1,rENSG,RENSGUSDT,2026-09-30,2026-09-24T23:30:06+00:00,0.9656110633409246,0.18323952822276032,127,0.599132006895404,E0_RANGE,0.0,0.3,no pre-decision precedent,0.0650000000000000,1000,173.28,NO_SIGNAL,sell: no depth sample for this symbol/session; buy: no depth sample for this symbol/session,,,,,,,,,
exnight-strategy-v3,rENSG-2026-09-30-1,rENSG,RENSGUSDT,2026-09-30,2026-09-24T23:30:06+00:00,0.9656110633409246,0.18323952822276032,127,0.599132006895404,E0_RANGE,0.0,0.3,no pre-decision precedent,0.0650000000000000,5000,173.28,NO_SIGNAL,sell: no depth sample for this symbol/session; buy: no depth sample for this symbol/session,,,,,,,,,
exnight-strategy-v3,rENSG-2026-09-30-1,rENSG,RENSGUSDT,2026-09-30,2026-09-24T23:30:06+00:00,0.9656110633409246,0.18323952822276032,127,0.599132006895404,E0_RANGE,0.0,0.3,no pre-decision precedent,0.0650000000000000,25000,173.28,NO_SIGNAL,sell: no depth sample for this symbol/session; buy: no depth sample for this symbol/session,,,,,,,,,
exnight-strategy-v3,rERIC-2026-09-29-1,rERIC,RERICUSDT,2026-09-29,2026-09-24T23:30:06+00:00,0.9656110633409246,0.18323952822276032,127,0.599132006895404,E0_RANGE,0.0,0.3,no pre-decision precedent,0.1579200000000000,1000,9.79,NO_SIGNAL,"sell: $1,000 exceeds visible top-of-book ($185) on ticker-only symbol",2026-09-24T23:05:03.233009+00:00,ticker_only,2026-09-24T07:05:03.261896+00:00,ticker_only,,,,,
exnight-strategy-v3,rERIC-2026-09-29-1,rERIC,RERICUSDT,2026-09-29,2026-09-24T23:30:06+00:00,0.9656110633409246,0.18323952822276032,127,0.599132006895404,E0_RANGE,0.0,0.3,no pre-decision precedent,0.1579200000000000,5000,9.79,NO_SIGNAL,"sell: $5,000 exceeds visible top-of-book ($185) on ticker-only symbol",2026-09-24T23:05:03.233009+00:00,ticker_only,2026-09-24T07:05:03.261896+00:00,ticker_only,,,,,
exnight-strategy-v3,rERIC-2026-09-29-1,rERIC,RERICUSDT,2026-09-29,2026-09-24T23:30:06+00:00,0.9656110633409246,0.18323952822276032,127,0.599132006895404,E0_RANGE,0.0,0.3,no pre-decision precedent,0.1579200000000000,25000,9.79,NO_SIGNAL,"sell: $25,000 exceeds visible top-of-book ($185) on ticker-only symbol",2026-09-24T23:05:03.233009+00:00,ticker_only,2026-09-24T07:05:03.261896+00:00,ticker_only,,,,,
exnight-strategy-v3,rEPR-2026-09-30-1,rEPR,REPRUSDT,2026-09-30,2026-09-24T23:30:06+00:00,0.9656110633409246,0.18323952822276032,127,0.599132006895404,E0_RANGE,0.0,0.3,no pre-decision precedent,,1000,56.81,NO_SIGNAL,cash basis UNRESOLVED; gross basis required,,,,,,,,,
exnight-strategy-v3,rEPR-2026-09-30-1,rEPR,REPRUSDT,2026-09-30,2026-09-24T23:30:06+00:00,0.9656110633409246,0.18323952822276032,127,0.599132006895404,E0_RANGE,0.0,0.3,no pre-decision precedent,,5000,56.81,NO_SIGNAL,cash basis UNRESOLVED; gross basis required,,,,,,,,,
exnight-strategy-v3,rEPR-2026-09-30-1,rEPR,REPRUSDT,2026-09-30,2026-09-24T23:30:06+00:00,0.9656110633409246,0.18323952822276032,127,0.599132006895404,E0_RANGE,0.0,0.3,no pre-decision precedent,,25000,56.81,NO_SIGNAL,cash basis UNRESOLVED; gross basis required,,,,,,,,,
exnight-strategy-v3,rEPRT-2026-09-30-1,rEPRT,REPRTUSDT,2026-09-30,2026-09-24T23:30:06+00:00,0.9656110633409246,0.18323952822276032,127,0.599132006895404,E0_RANGE,0.0,0.3,no pre-decision precedent,,1000,26.71,NO_SIGNAL,cash basis UNRESOLVED; gross basis required,,,,,,,,,
exnight-strategy-v3,rEPRT-2026-09-30-1,rEPRT,REPRTUSDT,2026-09-30,2026-09-24T23:30:06+00:00,0.9656110633409246,0.18323952822276032,127,0.599132006895404,E0_RANGE,0.0,0.3,no pre-decision precedent,,5000,26.71,NO_SIGNAL,cash basis UNRESOLVED; gross basis required,,,,,,,,,
exnight-strategy-v3,rEPRT-2026-09-30-1,rEPRT,REPRTUSDT,2026-09-30,2026-09-24T23:30:06+00:00,0.9656110633409246,0.18323952822276032,127,0.599132006895404,E0_RANGE,0.0,0.3,no pre-decision precedent,,25000,26.71,NO_SIGNAL,cash basis UNRESOLVED; gross basis required,,,,,,,,,
exnight-strategy-v3,rESS-2026-09-30-1,rESS,RESSUSDT,2026-09-30,2026-09-24T23:30:06+00:00,0.9656110633409246,0.18323952822276032,127,0.599132006895404,E0_RANGE,0.0,0.3,no pre-decision precedent,,1000,271.65,NO_SIGNAL,cash basis UNRESOLVED; gross basis required,,,,,,,,,
exnight-strategy-v3,rESS-2026-09-30-1,rESS,RESSUSDT,2026-09-30,2026-09-24T23:30:06+00:00,0.9656110633409246,0.18323952822276032,127,0.599132006895404,E0_RANGE,0.0,0.3,no pre-decision precedent,,5000,271.65,NO_SIGNAL,cash basis UNRESOLVED; gross basis required,,,,,,,,,
exnight-strategy-v3,rESS-2026-09-30-1,rESS,RESSUSDT,2026-09-30,2026-09-24T23:30:06+00:00,0.9656110633409246,0.18323952822276032,127,0.599132006895404,E0_RANGE,0.0,0.3,no pre-decision precedent,,25000,271.65,NO_SIGNAL,cash basis UNRESOLVED; gross basis required,,,,,,,,,
exnight-strategy-v3,rESE-2026-10-01-1,rESE,RESEUSDT,2026-10-01,2026-09-24T23:30:06+00:00,0.9656110633409246,0.18323952822276032,127,0.599132006895404,E0_RANGE,0.0,0.3,no pre-decision precedent,,1000,268.42,NO_SIGNAL,cash basis UNRESOLVED; gross basis required,,,,,,,,,
exnight-strategy-v3,rESE-2026-10-01-1,rESE,RESEUSDT,2026-10-01,2026-09-24T23:30:06+00:00,0.9656110633409246,0.18323952822276032,127,0.599132006895404,E0_RANGE,0.0,0.3,no pre-decision precedent,,5000,268.42,NO_SIGNAL,cash basis UNRESOLVED; gross basis required,,,,,,,,,
exnight-strategy-v3,rESE-2026-10-01-1,rESE,RESEUSDT,2026-10-01,2026-09-24T23:30:06+00:00,0.9656110633409246,0.18323952822276032,127,0.599132006895404,E0_RANGE,0.0,0.3,no pre-decision precedent,,25000,268.42,NO_SIGNAL,cash basis UNRESOLVED; gross basis required,,,,,,,,,
exnight-strategy-v3,rESAB-2026-10-02-1,rESAB,RESABUSDT,2026-10-02,2026-09-24T23:30:06+00:00,0.9656110633409246,0.18323952822276032,127,0.599132006895404,E0_RANGE,0.0,0.3,no pre-decision precedent,,1000,67.89,NO_SIGNAL,cash basis UNRESOLVED; gross basis required,,,,,,,,,
exnight-strategy-v3,rESAB-2026-10-02-1,rESAB,RESABUSDT,2026-10-02,2026-09-24T23:30:06+00:00,0.9656110633409246,0.18323952822276032,127,0.599132006895404,E0_RANGE,0.0,0.3,no pre-decision precedent,,5000,67.89,NO_SIGNAL,cash basis UNRESOLVED; gross basis required,,,,,,,,,
exnight-strategy-v3,rESAB-2026-10-02-1,rESAB,RESABUSDT,2026-10-02,2026-09-24T23:30:06+00:00,0.9656110633409246,0.18323952822276032,127,0.599132006895404,E0_RANGE,0.0,0.3,no pre-decision precedent,,25000,67.89,NO_SIGNAL,cash basis UNRESOLVED; gross basis required,,,,,,,,,
exnight-strategy-v3,rERIE-2026-10-05-1,rERIE,RERIEUSDT,2026-10-05,2026-09-24T23:30:06+00:00,0.9656110633409246,0.18323952822276032,127,0.599132006895404,E0_RANGE,0.0,0.3,no pre-decision precedent,1.4625000000000000,1000,220.0,NO_SIGNAL,sell: no depth sample for this symbol/session; buy: no depth sample for this symbol/session,,,,,,,,,
exnight-strategy-v3,rERIE-2026-10-05-1,rERIE,RERIEUSDT,2026-10-05,2026-09-24T23:30:06+00:00,0.9656110633409246,0.18323952822276032,127,0.599132006895404,E0_RANGE,0.0,0.3,no pre-decision precedent,1.4625000000000000,5000,220.0,NO_SIGNAL,sell: no depth sample for this symbol/session; buy: no depth sample for this symbol/session,,,,,,,,,
exnight-strategy-v3,rERIE-2026-10-05-1,rERIE,RERIEUSDT,2026-10-05,2026-09-24T23:30:06+00:00,0.9656110633409246,0.18323952822276032,127,0.599132006895404,E0_RANGE,0.0,0.3,no pre-decision precedent,1.4625000000000000,25000,220.0,NO_SIGNAL,sell: no depth sample for this symbol/session; buy: no depth sample for this symbol/session,,,,,,,,,
exnight-strategy-v3,rESLT-2026-10-13-1,rESLT,RESLTUSDT,2026-10-13,2026-09-24T23:30:06+00:00,0.9656110633409246,0.18323952822276032,127,0.599132006895404,E0_RANGE,0.0,0.3,no pre-decision precedent,1.0000000000000000,1000,739.72,NO_SIGNAL,sell: no depth sample for this symbol/session; buy: no depth sample for this symbol/session,,,,,,,,,
exnight-strategy-v3,rESLT-2026-10-13-1,rESLT,RESLTUSDT,2026-10-13,2026-09-24T23:30:06+00:00,0.9656110633409246,0.18323952822276032,127,0.599132006895404,E0_RANGE,0.0,0.3,no pre-decision precedent,1.0000000000000000,5000,739.72,NO_SIGNAL,sell: no depth sample for this symbol/session; buy: no depth sample for this symbol/session,,,,,,,,,
exnight-strategy-v3,rESLT-2026-10-13-1,rESLT,RESLTUSDT,2026-10-13,2026-09-24T23:30:06+00:00,0.9656110633409246,0.18323952822276032,127,0.599132006895404,E0_RANGE,0.0,0.3,no pre-decision precedent,1.0000000000000000,25000,739.72,NO_SIGNAL,sell: no depth sample for this symbol/session; buy: no depth sample for this symbol/session,,,,,,,,,
exnight-strategy-v3,rEOG-2026-10-16-1,rEOG,REOGUSDT,2026-10-16,2026-09-24T23:30:06+00:00,0.9656110633409246,0.18323952822276032,127,0.599132006895404,E0_RANGE,0.0,0.3,no pre-decision precedent,,1000,142.54,NO_SIGNAL,cash basis UNRESOLVED; gross basis required,,,,,,,,,
exnight-strategy-v3,rEOG-2026-10-16-1,rEOG,REOGUSDT,2026-10-16,2026-09-24T23:30:06+00:00,0.9656110633409246,0.18323952822276032,127,0.599132006895404,E0_RANGE,0.0,0.3,no pre-decision precedent,,5000,142.54,NO_SIGNAL,cash basis UNRESOLVED; gross basis required,,,,,,,,,
exnight-strategy-v3,rEOG-2026-10-16-1,rEOG,REOGUSDT,2026-10-16,2026-09-24T23:30:06+00:00,0.9656110633409246,0.18323952822276032,127,0.599132006895404,E0_RANGE,0.0,0.3,no pre-decision precedent,,25000,142.54,NO_SIGNAL,cash basis UNRESOLVED; gross basis required,,,,,,,,,
exnight-strategy-v3,rFAF-2026-09-28-1,rFAF,RFAFUSDT,2026-09-28,2026-09-24T23:30:06+00:00,0.9656110633409246,0.18323952822276032,127,0.599132006895404,E0_RANGE,0.0,0.3,no pre-decision precedent,,1000,65.59,NO_SIGNAL,cash basis UNRESOLVED; gross basis required,,,,,,,,,
exnight-strategy-v3,rFAF-2026-09-28-1,rFAF,RFAFUSDT,2026-09-28,2026-09-24T23:30:06+00:00,0.9656110633409246,0.18323952822276032,127,0.599132006895404,E0_RANGE,0.0,0.3,no pre-decision precedent,,5000,65.59,NO_SIGNAL,cash basis UNRESOLVED; gross basis required,,,,,,,,,
exnight-strategy-v3,rFAF-2026-09-28-1,rFAF,RFAFUSDT,2026-09-28,2026-09-24T23:30:06+00:00,0.9656110633409246,0.18323952822276032,127,0.599132006895404,E0_RANGE,0.0,0.3,no pre-decision precedent,,25000,65.59,NO_SIGNAL,cash basis UNRESOLVED; gross basis required,,,,,,,,,
exnight-strategy-v3,rFLS-2026-09-25-1,rFLS,RFLSUSDT,2026-09-25,2026-09-24T23:30:06+00:00,0.9656110633409246,0.18323952822276032,127,0.599132006895404,E0_RANGE,0.0,0.3,no pre-decision precedent,,1000,76.04,NO_SIGNAL,cash basis UNRESOLVED; gross basis required,,,,,,,,,
exnight-strategy-v3,rFLS-2026-09-25-1,rFLS,RFLSUSDT,2026-09-25,2026-09-24T23:30:06+00:00,0.9656110633409246,0.18323952822276032,127,0.599132006895404,E0_RANGE,0.0,0.3,no pre-decision precedent,,5000,76.04,NO_SIGNAL,cash basis UNRESOLVED; gross basis required,,,,,,,,,
exnight-strategy-v3,rFLS-2026-09-25-1,rFLS,RFLSUSDT,2026-09-25,2026-09-24T23:30:06+00:00,0.9656110633409246,0.18323952822276032,127,0.599132006895404,E0_RANGE,0.0,0.3,no pre-decision precedent,,25000,76.04,NO_SIGNAL,cash basis UNRESOLVED; gross basis required,,,,,,,,,
exnight-strategy-v3,rFR-2026-09-30-1,rFR,RFRUSDT,2026-09-30,2026-09-24T23:30:06+00:00,0.9656110633409246,0.18323952822276032,127,0.599132006895404,E0_RANGE,0.0,0.3,no pre-decision precedent,,1000,61.36,NO_SIGNAL,cash basis UNRESOLVED; gross basis required,,,,,,,,,
exnight-strategy-v3,rFR-2026-09-30-1,rFR,RFRUSDT,2026-09-30,2026-09-24T23:30:06+00:00,0.9656110633409246,0.18323952822276032,127,0.599132006895404,E0_RANGE,0.0,0.3,no pre-decision precedent,,5000,61.36,NO_SIGNAL,cash basis UNRESOLVED; gross basis required,,,,,,,,,
exnight-strategy-v3,rFR-2026-09-30-1,rFR,RFRUSDT,2026-09-30,2026-09-24T23:30:06+00:00,0.9656110633409246,0.18323952822276032,127,0.599132006895404,E0_RANGE,0.0,0.3,no pre-decision precedent,,25000,61.36,NO_SIGNAL,cash basis UNRESOLVED; gross basis required,,,,,,,,,
exnight-strategy-v3,rFRT-2026-10-01-1,rFRT,RFRTUSDT,2026-10-01,2026-09-24T23:30:06+00:00,0.9656110633409246,0.18323952822276032,127,0.599132006895404,E0_RANGE,0.0,0.3,no pre-decision precedent,,1000,110.35,NO_SIGNAL,cash basis UNRESOLVED; gross basis required,,,,,,,,,
exnight-strategy-v3,rFRT-2026-10-01-1,rFRT,RFRTUSDT,2026-10-01,2026-09-24T23:30:06+00:00,0.9656110633409246,0.18323952822276032,127,0.599132006895404,E0_RANGE,0.0,0.3,no pre-decision precedent,,5000,110.35,NO_SIGNAL,cash basis UNRESOLVED; gross basis required,,,,,,,,,
exnight-strategy-v3,rFRT-2026-10-01-1,rFRT,RFRTUSDT,2026-10-01,2026-09-24T23:30:06+00:00,0.9656110633409246,0.18323952822276032,127,0.599132006895404,E0_RANGE,0.0,0.3,no pre-decision precedent,,25000,110.35,NO_SIGNAL,cash basis UNRESOLVED; gross basis required,,,,,,,,,
exnight-strategy-v3,rFSV-2026-09-30-1,rFSV,RFSVUSDT,2026-09-30,2026-09-24T23:30:06+00:00,0.9656110633409246,0.18323952822276032,127,0.599132006895404,E0_RANGE,0.0,0.3,no pre-decision precedent,0.3050000000000000,1000,127.03,NO_SIGNAL,sell: no depth sample for this symbol/session; buy: no depth sample for this symbol/session,,,,,,,,,
exnight-strategy-v3,rFSV-2026-09-30-1,rFSV,RFSVUSDT,2026-09-30,2026-09-24T23:30:06+00:00,0.9656110633409246,0.18323952822276032,127,0.599132006895404,E0_RANGE,0.0,0.3,no pre-decision precedent,0.3050000000000000,5000,127.03,NO_SIGNAL,sell: no depth sample for this symbol/session; buy: no depth sample for this symbol/session,,,,,,,,,
exnight-strategy-v3,rFSV-2026-09-30-1,rFSV,RFSVUSDT,2026-09-30,2026-09-24T23:30:06+00:00,0.9656110633409246,0.18323952822276032,127,0.599132006895404,E0_RANGE,0.0,0.3,no pre-decision precedent,0.3050000000000000,25000,127.03,NO_SIGNAL,sell: no depth sample for this symbol/session; buy: no depth sample for this symbol/session,,,,,,,,,
exnight-strategy-v3,rFULT-2026-10-01-1,rFULT,RFULTUSDT,2026-10-01,2026-09-24T23:30:06+00:00,0.9656110633409246,0.18323952822276032,127,0.599132006895404,E0_RANGE,0.0,0.3,no pre-decision precedent,0.1900000000000000,1000,23.05,HOLD,,2026-09-24T23:05:03.233009+00:00,ticker_only,2026-09-24T07:05:03.261896+00:00,ticker_only,0.9491881659621848,-1.025353084652058,-0.968353084652058,82.4295010845987,
exnight-strategy-v3,rFULT-2026-10-01-1,rFULT,RFULTUSDT,2026-10-01,2026-09-24T23:30:06+00:00,0.9656110633409246,0.18323952822276032,127,0.599132006895404,E0_RANGE,0.0,0.3,no pre-decision precedent,0.1900000000000000,5000,23.05,NO_SIGNAL,"sell: $5,000 exceeds visible top-of-book ($2,487) on ticker-only symbol; buy: $5,000 exceeds visible top-of-book ($1,997) on ticker-only symbol",2026-09-24T23:05:03.233009+00:00,ticker_only,2026-09-24T07:05:03.261896+00:00,ticker_only,,,,,
exnight-strategy-v3,rFULT-2026-10-01-1,rFULT,RFULTUSDT,2026-10-01,2026-09-24T23:30:06+00:00,0.9656110633409246,0.18323952822276032,127,0.599132006895404,E0_RANGE,0.0,0.3,no pre-decision precedent,0.1900000000000000,25000,23.05,NO_SIGNAL,"sell: $25,000 exceeds visible top-of-book ($2,487) on ticker-only symbol; buy: $25,000 exceeds visible top-of-book ($1,997) on ticker-only symbol",2026-09-24T23:05:03.233009+00:00,ticker_only,2026-09-24T07:05:03.261896+00:00,ticker_only,,,,,
exnight-strategy-v3,rGAP-2026-10-07-1,rGAP,RGAPUSDT,2026-10-07,2026-09-24T23:30:06+00:00,0.9656110633409246,0.18323952822276032,127,0.599132006895404,E0_RANGE,0.0,0.3,no pre-decision precedent,,1000,21.77,NO_SIGNAL,cash basis UNRESOLVED; gross basis required,,,,,,,,,
exnight-strategy-v3,rGAP-2026-10-07-1,rGAP,RGAPUSDT,2026-10-07,2026-09-24T23:30:06+00:00,0.9656110633409246,0.18323952822276032,127,0.599132006895404,E0_RANGE,0.0,0.3,no pre-decision precedent,,5000,21.77,NO_SIGNAL,cash basis UNRESOLVED; gross basis required,,,,,,,,,
exnight-strategy-v3,rGAP-2026-10-07-1,rGAP,RGAPUSDT,2026-10-07,2026-09-24T23:30:06+00:00,0.9656110633409246,0.18323952822276032,127,0.599132006895404,E0_RANGE,0.0,0.3,no pre-decision precedent,,25000,21.77,NO_SIGNAL,cash basis UNRESOLVED; gross basis required,,,,,,,,,
exnight-strategy-v3,rGGAL-2026-09-28-1,rGGAL,RGGALUSDT,2026-09-28,2026-09-24T23:30:06+00:00,0.9656110633409246,0.18323952822276032,127,0.599132006895404,E0_RANGE,0.0,0.3,no pre-decision precedent,0.0478600000000000,1000,39.59,NO_SIGNAL,sell: no depth sample for this symbol/session; buy: no depth sample for this symbol/session,,,,,,,,,
exnight-strategy-v3,rGGAL-2026-09-28-1,rGGAL,RGGALUSDT,2026-09-28,2026-09-24T23:30:06+00:00,0.9656110633409246,0.18323952822276032,127,0.599132006895404,E0_RANGE,0.0,0.3,no pre-decision precedent,0.0478600000000000,5000,39.59,NO_SIGNAL,sell: no depth sample for this symbol/session; buy: no depth sample for this symbol/session,,,,,,,,,
exnight-strategy-v3,rGGAL-2026-09-28-1,rGGAL,RGGALUSDT,2026-09-28,2026-09-24T23:30:06+00:00,0.9656110633409246,0.18323952822276032,127,0.599132006895404,E0_RANGE,0.0,0.3,no pre-decision precedent,0.0478600000000000,25000,39.59,NO_SIGNAL,sell: no depth sample for this symbol/session; buy: no depth sample for this symbol/session,,,,,,,,,
exnight-strategy-v3,rGD-2026-10-09-1,rGD,RGDUSDT,2026-10-09,2026-09-24T23:30:06+00:00,0.9656110633409246,0.18323952822276032,127,0.599132006895404,E0_RANGE,0.0,0.3,no pre-decision precedent,,1000,336.89,NO_SIGNAL,cash basis UNRESOLVED; gross basis required,,,,,,,,,
exnight-strategy-v3,rGD-2026-10-09-1,rGD,RGDUSDT,2026-10-09,2026-09-24T23:30:06+00:00,0.9656110633409246,0.18323952822276032,127,0.599132006895404,E0_RANGE,0.0,0.3,no pre-decision precedent,,5000,336.89,NO_SIGNAL,cash basis UNRESOLVED; gross basis required,,,,,,,,,
exnight-strategy-v3,rGD-2026-10-09-1,rGD,RGDUSDT,2026-10-09,2026-09-24T23:30:06+00:00,0.9656110633409246,0.18323952822276032,127,0.599132006895404,E0_RANGE,0.0,0.3,no pre-decision precedent,,25000,336.89,NO_SIGNAL,cash basis UNRESOLVED; gross basis required,,,,,,,,,
exnight-strategy-v3,rGGG-2026-10-19-1,rGGG,RGGGUSDT,2026-10-19,2026-09-24T23:30:06+00:00,0.9656110633409246,0.18323952822276032,127,0.599132006895404,E0_RANGE,0.0,0.3,no pre-decision precedent,,1000,77.15,NO_SIGNAL,cash basis UNRESOLVED; gross basis required,,,,,,,,,
exnight-strategy-v3,rGGG-2026-10-19-1,rGGG,RGGGUSDT,2026-10-19,2026-09-24T23:30:06+00:00,0.9656110633409246,0.18323952822276032,127,0.599132006895404,E0_RANGE,0.0,0.3,no pre-decision precedent,,5000,77.15,NO_SIGNAL,cash basis UNRESOLVED; gross basis required,,,,,,,,,
exnight-strategy-v3,rGGG-2026-10-19-1,rGGG,RGGGUSDT,2026-10-19,2026-09-24T23:30:06+00:00,0.9656110633409246,0.18323952822276032,127,0.599132006895404,E0_RANGE,0.0,0.3,no pre-decision precedent,,25000,77.15,NO_SIGNAL,cash basis UNRESOLVED; gross basis required,,,,,,,,,
exnight-strategy-v3,rGL-2026-10-05-1,rGL,RGLUSDT,2026-10-05,2026-09-24T23:30:06+00:00,0.9656110633409246,0.18323952822276032,127,0.599132006895404,E0_RANGE,0.0,0.3,no pre-decision precedent,,1000,167.32,NO_SIGNAL,cash basis UNRESOLVED; gross basis required,,,,,,,,,
exnight-strategy-v3,rGL-2026-10-05-1,rGL,RGLUSDT,2026-10-05,2026-09-24T23:30:06+00:00,0.9656110633409246,0.18323952822276032,127,0.599132006895404,E0_RANGE,0.0,0.3,no pre-decision precedent,,5000,167.32,NO_SIGNAL,cash basis UNRESOLVED; gross basis required,,,,,,,,,
exnight-strategy-v3,rGL-2026-10-05-1,rGL,RGLUSDT,2026-10-05,2026-09-24T23:30:06+00:00,0.9656110633409246,0.18323952822276032,127,0.599132006895404,E0_RANGE,0.0,0.3,no pre-decision precedent,,25000,167.32,NO_SIGNAL,cash basis UNRESOLVED; gross basis required,,,,,,,,,
exnight-strategy-v3,rGNTX-2026-10-07-1,rGNTX,RGNTXUSDT,2026-10-07,2026-09-24T23:30:06+00:00,0.9656110633409246,0.18323952822276032,127,0.599132006895404,E0_RANGE,0.0,0.3,no pre-decision precedent,0.1200000000000000,1000,22.04,NO_SIGNAL,sell: no depth sample for this symbol/session; buy: no depth sample for this symbol/session,,,,,,,,,
exnight-strategy-v3,rGNTX-2026-10-07-1,rGNTX,RGNTXUSDT,2026-10-07,2026-09-24T23:30:06+00:00,0.9656110633409246,0.18323952822276032,127,0.599132006895404,E0_RANGE,0.0,0.3,no pre-decision precedent,0.1200000000000000,5000,22.04,NO_SIGNAL,sell: no depth sample for this symbol/session; buy: no depth sample for this symbol/session,,,,,,,,,
exnight-strategy-v3,rGNTX-2026-10-07-1,rGNTX,RGNTXUSDT,2026-10-07,2026-09-24T23:30:06+00:00,0.9656110633409246,0.18323952822276032,127,0.599132006895404,E0_RANGE,0.0,0.3,no pre-decision precedent,0.1200000000000000,25000,22.04,NO_SIGNAL,sell: no depth sample for this symbol/session; buy: no depth sample for this symbol/session,,,,,,,,,
exnight-strategy-v3,rGHC-2026-10-15-1,rGHC,RGHCUSDT,2026-10-15,2026-09-24T23:30:06+00:00,0.9656110633409246,0.18323952822276032,127,0.599132006895404,E0_RANGE,0.0,0.3,no pre-decision precedent,,1000,1145.03,NO_SIGNAL,cash basis UNRESOLVED; gross basis required,,,,,,,,,
exnight-strategy-v3,rGHC-2026-10-15-1,rGHC,RGHCUSDT,2026-10-15,2026-09-24T23:30:06+00:00,0.9656110633409246,0.18323952822276032,127,0.599132006895404,E0_RANGE,0.0,0.3,no pre-decision precedent,,5000,1145.03,NO_SIGNAL,cash basis UNRESOLVED; gross basis required,,,,,,,,,
exnight-strategy-v3,rGHC-2026-10-15-1,rGHC,RGHCUSDT,2026-10-15,2026-09-24T23:30:06+00:00,0.9656110633409246,0.18323952822276032,127,0.599132006895404,E0_RANGE,0.0,0.3,no pre-decision precedent,,25000,1145.03,NO_SIGNAL,cash basis UNRESOLVED; gross basis required,,,,,,,,,
exnight-strategy-v3,rGRMN-2026-12-11-1,rGRMN,RGRMNUSDT,2026-12-11,2026-09-24T23:30:06+00:00,0.9656110633409246,0.18323952822276032,127,0.599132006895404,E0_RANGE,0.0,0.3,no pre-decision precedent,,1000,295.0,NO_SIGNAL,cash basis UNRESOLVED; gross basis required,,,,,,,,,
exnight-strategy-v3,rGRMN-2026-12-11-1,rGRMN,RGRMNUSDT,2026-12-11,2026-09-24T23:30:06+00:00,0.9656110633409246,0.18323952822276032,127,0.599132006895404,E0_RANGE,0.0,0.3,no pre-decision precedent,,5000,295.0,NO_SIGNAL,cash basis UNRESOLVED; gross basis required,,,,,,,,,
exnight-strategy-v3,rGRMN-2026-12-11-1,rGRMN,RGRMNUSDT,2026-12-11,2026-09-24T23:30:06+00:00,0.9656110633409246,0.18323952822276032,127,0.599132006895404,E0_RANGE,0.0,0.3,no pre-decision precedent,,25000,295.0,NO_SIGNAL,cash basis UNRESOLVED; gross basis required,,,,,,,,,
exnight-strategy-v3,rGRMN-2027-03-12-1,rGRMN,RGRMNUSDT,2027-03-12,2026-09-24T23:30:06+00:00,0.9656110633409246,0.18323952822276032,127,0.599132006895404,E0_RANGE,0.0,0.3,no pre-decision precedent,,1000,295.0,NO_SIGNAL,cash basis UNRESOLVED; gross basis required,,,,,,,,,
exnight-strategy-v3,rGRMN-2027-03-12-1,rGRMN,RGRMNUSDT,2027-03-12,2026-09-24T23:30:06+00:00,0.9656110633409246,0.18323952822276032,127,0.599132006895404,E0_RANGE,0.0,0.3,no pre-decision precedent,,5000,295.0,NO_SIGNAL,cash basis UNRESOLVED; gross basis required,,,,,,,,,
exnight-strategy-v3,rGRMN-2027-03-12-1,rGRMN,RGRMNUSDT,2027-03-12,2026-09-24T23:30:06+00:00,0.9656110633409246,0.18323952822276032,127,0.599132006895404,E0_RANGE,0.0,0.3,no pre-decision precedent,,25000,295.0,NO_SIGNAL,cash basis UNRESOLVED; gross basis required,,,,,,,,,
exnight-strategy-v3,rGVA-2026-09-30-1,rGVA,RGVAUSDT,2026-09-30,2026-09-24T23:30:06+00:00,0.9656110633409246,0.18323952822276032,127,0.599132006895404,E0_RANGE,0.0,0.3,no pre-decision precedent,,1000,110.93,NO_SIGNAL,cash basis UNRESOLVED; gross basis required,,,,,,,,,
exnight-strategy-v3,rGVA-2026-09-30-1,rGVA,RGVAUSDT,2026-09-30,2026-09-24T23:30:06+00:00,0.9656110633409246,0.18323952822276032,127,0.599132006895404,E0_RANGE,0.0,0.3,no pre-decision precedent,,5000,110.93,NO_SIGNAL,cash basis UNRESOLVED; gross basis required,,,,,,,,,
exnight-strategy-v3,rGVA-2026-09-30-1,rGVA,RGVAUSDT,2026-09-30,2026-09-24T23:30:06+00:00,0.9656110633409246,0.18323952822276032,127,0.599132006895404,E0_RANGE,0.0,0.3,no pre-decision precedent,,25000,110.93,NO_SIGNAL,cash basis UNRESOLVED; gross basis required,,,,,,,,,
exnight-strategy-v3,rHASI-2026-10-02-1,rHASI,RHASIUSDT,2026-10-02,2026-09-24T23:30:06+00:00,0.9656110633409246,0.18323952822276032,127,0.599132006895404,E0_RANGE,0.0,0.3,no pre-decision precedent,,1000,36.16,NO_SIGNAL,cash basis UNRESOLVED; gross basis required,,,,,,,,,
exnight-strategy-v3,rHASI-2026-10-02-1,rHASI,RHASIUSDT,2026-10-02,2026-09-24T23:30:06+00:00,0.9656110633409246,0.18323952822276032,127,0.599132006895404,E0_RANGE,0.0,0.3,no pre-decision precedent,,5000,36.16,NO_SIGNAL,cash basis UNRESOLVED; gross basis required,,,,,,,,,
exnight-strategy-v3,rHASI-2026-10-02-1,rHASI,RHASIUSDT,2026-10-02,2026-09-24T23:30:06+00:00,0.9656110633409246,0.18323952822276032,127,0.599132006895404,E0_RANGE,0.0,0.3,no pre-decision precedent,,25000,36.16,NO_SIGNAL,cash basis UNRESOLVED; gross basis required,,,,,,,,,
exnight-strategy-v3,rHMY-2026-10-09-1,rHMY,RHMYUSDT,2026-10-09,2026-09-24T23:30:06+00:00,0.9656110633409246,0.18323952822276032,127,0.599132006895404,E0_RANGE,0.0,0.3,no pre-decision precedent,,1000,18.62,NO_SIGNAL,cash basis UNRESOLVED; gross basis required,,,,,,,,,
exnight-strategy-v3,rHMY-2026-10-09-1,rHMY,RHMYUSDT,2026-10-09,2026-09-24T23:30:06+00:00,0.9656110633409246,0.18323952822276032,127,0.599132006895404,E0_RANGE,0.0,0.3,no pre-decision precedent,,5000,18.62,NO_SIGNAL,cash basis UNRESOLVED; gross basis required,,,,,,,,,
exnight-strategy-v3,rHMY-2026-10-09-1,rHMY,RHMYUSDT,2026-10-09,2026-09-24T23:30:06+00:00,0.9656110633409246,0.18323952822276032,127,0.599132006895404,E0_RANGE,0.0,0.3,no pre-decision precedent,,25000,18.62,NO_SIGNAL,cash basis UNRESOLVED; gross basis required,,,,,,,,,
exnight-strategy-v3,rHST-2026-09-30-1,rHST,RHSTUSDT,2026-09-30,2026-09-24T23:30:06+00:00,0.9656110633409246,0.18323952822276032,127,0.599132006895404,E0_RANGE,0.0,0.3,no pre-decision precedent,0.2000000000000000,1000,22.21,NO_SIGNAL,"buy: $1,000 exceeds visible top-of-book ($199) on ticker-only symbol",2026-09-24T23:05:03.233009+00:00,ticker_only,2026-09-24T07:05:03.261896+00:00,ticker_only,,,,,
exnight-strategy-v3,rHST-2026-09-30-1,rHST,RHSTUSDT,2026-09-30,2026-09-24T23:30:06+00:00,0.9656110633409246,0.18323952822276032,127,0.599132006895404,E0_RANGE,0.0,0.3,no pre-decision precedent,0.2000000000000000,5000,22.21,NO_SIGNAL,"buy: $5,000 exceeds visible top-of-book ($199) on ticker-only symbol",2026-09-24T23:05:03.233009+00:00,ticker_only,2026-09-24T07:05:03.261896+00:00,ticker_only,,,,,
exnight-strategy-v3,rHST-2026-09-30-1,rHST,RHSTUSDT,2026-09-30,2026-09-24T23:30:06+00:00,0.9656110633409246,0.18323952822276032,127,0.599132006895404,E0_RANGE,0.0,0.3,no pre-decision precedent,0.2000000000000000,25000,22.21,NO_SIGNAL,"sell: $25,000 exceeds visible top-of-book ($13,981) on ticker-only symbol; buy: $25,000 exceeds visible top-of-book ($199) on ticker-only symbol",2026-09-24T23:05:03.233009+00:00,ticker_only,2026-09-24T07:05:03.261896+00:00,ticker_only,,,,,
exnight-strategy-v3,rHUM-2026-10-30-1,rHUM,RHUMUSDT,2026-10-30,2026-09-24T23:30:06+00:00,0.9656110633409246,0.18323952822276032,127,0.599132006895404,E0_RANGE,0.0,0.3,no pre-decision precedent,,1000,380.32,NO_SIGNAL,cash basis UNRESOLVED; gross basis required,,,,,,,,,
exnight-strategy-v3,rHUM-2026-10-30-1,rHUM,RHUMUSDT,2026-10-30,2026-09-24T23:30:06+00:00,0.9656110633409246,0.18323952822276032,127,0.599132006895404,E0_RANGE,0.0,0.3,no pre-decision precedent,,5000,380.32,NO_SIGNAL,cash basis UNRESOLVED; gross basis required,,,,,,,,,
exnight-strategy-v3,rHUM-2026-10-30-1,rHUM,RHUMUSDT,2026-10-30,2026-09-24T23:30:06+00:00,0.9656110633409246,0.18323952822276032,127,0.599132006895404,E0_RANGE,0.0,0.3,no pre-decision precedent,,25000,380.32,NO_SIGNAL,cash basis UNRESOLVED; gross basis required,,,,,,,,,
exnight-strategy-v3,rICE-2026-12-16-1,rICE,RICEUSDT,2026-12-16,2026-09-24T23:30:06+00:00,0.9656110633409246,0.18323952822276032,127,0.599132006895404,E0_RANGE,0.0,0.3,no pre-decision precedent,,1000,158.0,NO_SIGNAL,cash basis UNRESOLVED; gross basis required,,,,,,,,,
exnight-strategy-v3,rICE-2026-12-16-1,rICE,RICEUSDT,2026-12-16,2026-09-24T23:30:06+00:00,0.9656110633409246,0.18323952822276032,127,0.599132006895404,E0_RANGE,0.0,0.3,no pre-decision precedent,,5000,158.0,NO_SIGNAL,cash basis UNRESOLVED; gross basis required,,,,,,,,,
exnight-strategy-v3,rICE-2026-12-16-1,rICE,RICEUSDT,2026-12-16,2026-09-24T23:30:06+00:00,0.9656110633409246,0.18323952822276032,127,0.599132006895404,E0_RANGE,0.0,0.3,no pre-decision precedent,,25000,158.0,NO_SIGNAL,cash basis UNRESOLVED; gross basis required,,,,,,,,,
exnight-strategy-v3,rIEX-2026-10-02-1,rIEX,RIEXUSDT,2026-10-02,2026-09-24T23:30:06+00:00,0.9656110633409246,0.18323952822276032,127,0.599132006895404,E0_RANGE,0.0,0.3,no pre-decision precedent,,1000,228.61,NO_SIGNAL,cash basis UNRESOLVED; gross basis required,,,,,,,,,
exnight-strategy-v3,rIEX-2026-10-02-1,rIEX,RIEXUSDT,2026-10-02,2026-09-24T23:30:06+00:00,0.9656110633409246,0.18323952822276032,127,0.599132006895404,E0_RANGE,0.0,0.3,no pre-decision precedent,,5000,228.61,NO_SIGNAL,cash basis UNRESOLVED; gross basis required,,,,,,,,,
exnight-strategy-v3,rIEX-2026-10-02-1,rIEX,RIEXUSDT,2026-10-02,2026-09-24T23:30:06+00:00,0.9656110633409246,0.18323952822276032,127,0.599132006895404,E0_RANGE,0.0,0.3,no pre-decision precedent,,25000,228.61,NO_SIGNAL,cash basis UNRESOLVED; gross basis required,,,,,,,,,
exnight-strategy-v3,rIDCC-2026-10-14-1,rIDCC,RIDCCUSDT,2026-10-14,2026-09-24T23:30:06+00:00,0.9656110633409246,0.18323952822276032,127,0.599132006895404,E0_RANGE,0.0,0.3,no pre-decision precedent,0.7500000000000000,1000,328.03,NO_SIGNAL,sell: no depth sample for this symbol/session; buy: no depth sample for this symbol/session,,,,,,,,,
exnight-strategy-v3,rIDCC-2026-10-14-1,rIDCC,RIDCCUSDT,2026-10-14,2026-09-24T23:30:06+00:00,0.9656110633409246,0.18323952822276032,127,0.599132006895404,E0_RANGE,0.0,0.3,no pre-decision precedent,0.7500000000000000,5000,328.03,NO_SIGNAL,sell: no depth sample for this symbol/session; buy: no depth sample for this symbol/session,,,,,,,,,
exnight-strategy-v3,rIDCC-2026-10-14-1,rIDCC,RIDCCUSDT,2026-10-14,2026-09-24T23:30:06+00:00,0.9656110633409246,0.18323952822276032,127,0.599132006895404,E0_RANGE,0.0,0.3,no pre-decision precedent,0.7500000000000000,25000,328.03,NO_SIGNAL,sell: no depth sample for this symbol/session; buy: no depth sample for this symbol/session,,,,,,,,,
exnight-strategy-v3,rINDB-2026-09-28-1,rINDB,RINDBUSDT,2026-09-28,2026-09-24T23:30:06+00:00,0.9656110633409246,0.18323952822276032,127,0.599132006895404,E0_RANGE,0.0,0.3,no pre-decision precedent,0.6400000000000000,1000,80.57,HOLD,,2026-09-24T23:05:03.233009+00:00,ticker_only,2026-09-24T07:05:03.261896+00:00,ticker_only,3.9765867538476947,-4.233142269434636,-4.041142269434636,79.43403251830708,
exnight-strategy-v3,rINDB-2026-09-28-1,rINDB,RINDBUSDT,2026-09-28,2026-09-24T23:30:06+00:00,0.9656110633409246,0.18323952822276032,127,0.599132006895404,E0_RANGE,0.0,0.3,no pre-decision precedent,0.6400000000000000,5000,80.57,NO_SIGNAL,"sell: $5,000 exceeds visible top-of-book ($1,967) on ticker-only symbol; buy: $5,000 exceeds visible top-of-book ($1,986) on ticker-only symbol",2026-09-24T23:05:03.233009+00:00,ticker_only,2026-09-24T07:05:03.261896+00:00,ticker_only,,,,,
exnight-strategy-v3,rINDB-2026-09-28-1,rINDB,RINDBUSDT,2026-09-28,2026-09-24T23:30:06+00:00,0.9656110633409246,0.18323952822276032,127,0.599132006895404,E0_RANGE,0.0,0.3,no pre-decision precedent,0.6400000000000000,25000,80.57,NO_SIGNAL,"sell: $25,000 exceeds visible top-of-book ($1,967) on ticker-only symbol; buy: $25,000 exceeds visible top-of-book ($1,986) on ticker-only symbol",2026-09-24T23:05:03.233009+00:00,ticker_only,2026-09-24T07:05:03.261896+00:00,ticker_only,,,,,
exnight-strategy-v3,rINGR-2026-10-01-1,rINGR,RINGRUSDT,2026-10-01,2026-09-24T23:30:06+00:00,0.9656110633409246,0.18323952822276032,127,0.599132006895404,E0_RANGE,0.0,0.3,no pre-decision precedent,,1000,96.49,NO_SIGNAL,cash basis UNRESOLVED; gross basis required,,,,,,,,,
exnight-strategy-v3,rINGR-2026-10-01-1,rINGR,RINGRUSDT,2026-10-01,2026-09-24T23:30:06+00:00,0.9656110633409246,0.18323952822276032,127,0.599132006895404,E0_RANGE,0.0,0.3,no pre-decision precedent,,5000,96.49,NO_SIGNAL,cash basis UNRESOLVED; gross basis required,,,,,,,,,
exnight-strategy-v3,rINGR-2026-10-01-1,rINGR,RINGRUSDT,2026-10-01,2026-09-24T23:30:06+00:00,0.9656110633409246,0.18323952822276032,127,0.599132006895404,E0_RANGE,0.0,0.3,no pre-decision precedent,,25000,96.49,NO_SIGNAL,cash basis UNRESOLVED; gross basis required,,,,,,,,,
exnight-strategy-v3,rINDV-2026-10-30-1,rINDV,RINDVUSDT,2026-10-30,2026-09-24T23:30:06+00:00,0.9656110633409246,0.18323952822276032,127,0.599132006895404,E0_RANGE,0.0,0.3,no pre-decision precedent,,1000,36.0,NO_SIGNAL,cash basis UNRESOLVED; gross basis required,,,,,,,,,
exnight-strategy-v3,rINDV-2026-10-30-1,rINDV,RINDVUSDT,2026-10-30,2026-09-24T23:30:06+00:00,0.9656110633409246,0.18323952822276032,127,0.599132006895404,E0_RANGE,0.0,0.3,no pre-decision precedent,,5000,36.0,NO_SIGNAL,cash basis UNRESOLVED; gross basis required,,,,,,,,,
exnight-strategy-v3,rINDV-2026-10-30-1,rINDV,RINDVUSDT,2026-10-30,2026-09-24T23:30:06+00:00,0.9656110633409246,0.18323952822276032,127,0.599132006895404,E0_RANGE,0.0,0.3,no pre-decision precedent,,25000,36.0,NO_SIGNAL,cash basis UNRESOLVED; gross basis required,,,,,,,,,
exnight-strategy-v3,rINTU-2026-10-08-1,rINTU,RINTUUSDT,2026-10-08,2026-09-24T23:30:06+00:00,0.9656110633409246,0.18323952822276032,127,0.599132006895404,E1_DOCUMENTED_PRECEDENT,0.3,0.3,"dividends_2026_07_24: rINTU ex 2026-07-09 1.2 at 30%, available 2026-09-16T11:09:53+00:00 (primary)",1.3800000000000000,1000,276.58,HOLD,,2026-09-24T23:05:03.233009+00:00,ticker_only,2026-09-24T07:05:03.261896+00:00,ticker_only,1.0672989525924366,-1.206496783076779,-1.206496783076779,49.89514787764842,
exnight-strategy-v3,rINTU-2026-10-08-1,rINTU,RINTUUSDT,2026-10-08,2026-09-24T23:30:06+00:00,0.9656110633409246,0.18323952822276032,127,0.599132006895404,E1_DOCUMENTED_PRECEDENT,0.3,0.3,"dividends_2026_07_24: rINTU ex 2026-07-09 1.2 at 30%, available 2026-09-16T11:09:53+00:00 (primary)",1.3800000000000000,5000,276.58,NO_SIGNAL,"buy: $5,000 exceeds visible top-of-book ($1,435) on ticker-only symbol",2026-09-24T23:05:03.233009+00:00,ticker_only,2026-09-24T07:05:03.261896+00:00,ticker_only,,,,,
exnight-strategy-v3,rINTU-2026-10-08-1,rINTU,RINTUUSDT,2026-10-08,2026-09-24T23:30:06+00:00,0.9656110633409246,0.18323952822276032,127,0.599132006895404,E1_DOCUMENTED_PRECEDENT,0.3,0.3,"dividends_2026_07_24: rINTU ex 2026-07-09 1.2 at 30%, available 2026-09-16T11:09:53+00:00 (primary)",1.3800000000000000,25000,276.58,NO_SIGNAL,"sell: $25,000 exceeds visible top-of-book ($13,826) on ticker-only symbol; buy: $25,000 exceeds visible top-of-book ($1,435) on ticker-only symbol",2026-09-24T23:05:03.233009+00:00,ticker_only,2026-09-24T07:05:03.261896+00:00,ticker_only,,,,,
exnight-strategy-v3,rIRT-2026-09-30-1,rIRT,RIRTUSDT,2026-09-30,2026-09-24T23:30:06+00:00,0.9656110633409246,0.18323952822276032,127,0.599132006895404,E0_RANGE,0.0,0.3,no pre-decision precedent,,1000,14.62,NO_SIGNAL,cash basis UNRESOLVED; gross basis required,,,,,,,,,
exnight-strategy-v3,rIRT-2026-09-30-1,rIRT,RIRTUSDT,2026-09-30,2026-09-24T23:30:06+00:00,0.9656110633409246,0.18323952822276032,127,0.599132006895404,E0_RANGE,0.0,0.3,no pre-decision precedent,,5000,14.62,NO_SIGNAL,cash basis UNRESOLVED; gross basis required,,,,,,,,,
exnight-strategy-v3,rIRT-2026-09-30-1,rIRT,RIRTUSDT,2026-09-30,2026-09-24T23:30:06+00:00,0.9656110633409246,0.18323952822276032,127,0.599132006895404,E0_RANGE,0.0,0.3,no pre-decision precedent,,25000,14.62,NO_SIGNAL,cash basis UNRESOLVED; gross basis required,,,,,,,,,
exnight-strategy-v3,rITW-2026-09-30-1,rITW,RITWUSDT,2026-09-30,2026-09-24T23:30:06+00:00,0.9656110633409246,0.18323952822276032,127,0.599132006895404,E0_RANGE,0.0,0.3,no pre-decision precedent,,1000,272.0,NO_SIGNAL,cash basis UNRESOLVED; gross basis required,,,,,,,,,
exnight-strategy-v3,rITW-2026-09-30-1,rITW,RITWUSDT,2026-09-30,2026-09-24T23:30:06+00:00,0.9656110633409246,0.18323952822276032,127,0.599132006895404,E0_RANGE,0.0,0.3,no pre-decision precedent,,5000,272.0,NO_SIGNAL,cash basis UNRESOLVED; gross basis required,,,,,,,,,
exnight-strategy-v3,rITW-2026-09-30-1,rITW,RITWUSDT,2026-09-30,2026-09-24T23:30:06+00:00,0.9656110633409246,0.18323952822276032,127,0.599132006895404,E0_RANGE,0.0,0.3,no pre-decision precedent,,25000,272.0,NO_SIGNAL,cash basis UNRESOLVED; gross basis required,,,,,,,,,
exnight-strategy-v3,rJAN-2026-10-16-1,rJAN,RJANUSDT,2026-10-16,2026-09-24T23:30:06+00:00,0.9656110633409246,0.18323952822276032,127,0.599132006895404,E0_RANGE,0.0,0.3,no pre-decision precedent,,1000,30.2,NO_SIGNAL,cash basis UNRESOLVED; gross basis required,,,,,,,,,
exnight-strategy-v3,rJAN-2026-10-16-1,rJAN,RJANUSDT,2026-10-16,2026-09-24T23:30:06+00:00,0.9656110633409246,0.18323952822276032,127,0.599132006895404,E0_RANGE,0.0,0.3,no pre-decision precedent,,5000,30.2,NO_SIGNAL,cash basis UNRESOLVED; gross basis required,,,,,,,,,
exnight-strategy-v3,rJAN-2026-10-16-1,rJAN,RJANUSDT,2026-10-16,2026-09-24T23:30:06+00:00,0.9656110633409246,0.18323952822276032,127,0.599132006895404,E0_RANGE,0.0,0.3,no pre-decision precedent,,25000,30.2,NO_SIGNAL,cash basis UNRESOLVED; gross basis required,,,,,,,,,
exnight-strategy-v3,rJAN-2026-11-12-1,rJAN,RJANUSDT,2026-11-12,2026-09-24T23:30:06+00:00,0.9656110633409246,0.18323952822276032,127,0.599132006895404,E0_RANGE,0.0,0.3,no pre-decision precedent,,1000,30.2,NO_SIGNAL,cash basis UNRESOLVED; gross basis required,,,,,,,,,
exnight-strategy-v3,rJAN-2026-11-12-1,rJAN,RJANUSDT,2026-11-12,2026-09-24T23:30:06+00:00,0.9656110633409246,0.18323952822276032,127,0.599132006895404,E0_RANGE,0.0,0.3,no pre-decision precedent,,5000,30.2,NO_SIGNAL,cash basis UNRESOLVED; gross basis required,,,,,,,,,
exnight-strategy-v3,rJAN-2026-11-12-1,rJAN,RJANUSDT,2026-11-12,2026-09-24T23:30:06+00:00,0.9656110633409246,0.18323952822276032,127,0.599132006895404,E0_RANGE,0.0,0.3,no pre-decision precedent,,25000,30.2,NO_SIGNAL,cash basis UNRESOLVED; gross basis required,,,,,,,,,
exnight-strategy-v3,rJAN-2026-12-18-1,rJAN,RJANUSDT,2026-12-18,2026-09-24T23:30:06+00:00,0.9656110633409246,0.18323952822276032,127,0.599132006895404,E0_RANGE,0.0,0.3,no pre-decision precedent,,1000,30.2,NO_SIGNAL,cash basis UNRESOLVED; gross basis required,,,,,,,,,
exnight-strategy-v3,rJAN-2026-12-18-1,rJAN,RJANUSDT,2026-12-18,2026-09-24T23:30:06+00:00,0.9656110633409246,0.18323952822276032,127,0.599132006895404,E0_RANGE,0.0,0.3,no pre-decision precedent,,5000,30.2,NO_SIGNAL,cash basis UNRESOLVED; gross basis required,,,,,,,,,
exnight-strategy-v3,rJAN-2026-12-18-1,rJAN,RJANUSDT,2026-12-18,2026-09-24T23:30:06+00:00,0.9656110633409246,0.18323952822276032,127,0.599132006895404,E0_RANGE,0.0,0.3,no pre-decision precedent,,25000,30.2,NO_SIGNAL,cash basis UNRESOLVED; gross basis required,,,,,,,,,
exnight-strategy-v3,rJOYY-2026-09-30-1,rJOYY,RJOYYUSDT,2026-09-30,2026-09-24T23:30:06+00:00,0.9656110633409246,0.18323952822276032,127,0.599132006895404,E0_RANGE,0.0,0.3,no pre-decision precedent,1.5500000000000000,1000,79.7,NO_SIGNAL,"sell: $1,000 exceeds visible top-of-book ($158) on ticker-only symbol",2026-09-24T23:05:03.233009+00:00,ticker_only,2026-09-24T07:05:03.261896+00:00,ticker_only,,,,,
exnight-strategy-v3,rJOYY-2026-09-30-1,rJOYY,RJOYYUSDT,2026-09-30,2026-09-24T23:30:06+00:00,0.9656110633409246,0.18323952822276032,127,0.599132006895404,E0_RANGE,0.0,0.3,no pre-decision precedent,1.5500000000000000,5000,79.7,NO_SIGNAL,"sell: $5,000 exceeds visible top-of-book ($158) on ticker-only symbol",2026-09-24T23:05:03.233009+00:00,ticker_only,2026-09-24T07:05:03.261896+00:00,ticker_only,,,,,
exnight-strategy-v3,rJOYY-2026-09-30-1,rJOYY,RJOYYUSDT,2026-09-30,2026-09-24T23:30:06+00:00,0.9656110633409246,0.18323952822276032,127,0.599132006895404,E0_RANGE,0.0,0.3,no pre-decision precedent,1.5500000000000000,25000,79.7,NO_SIGNAL,"sell: $25,000 exceeds visible top-of-book ($158) on ticker-only symbol; buy: $25,000 exceeds visible top-of-book ($8,828) on ticker-only symbol",2026-09-24T23:05:03.233009+00:00,ticker_only,2026-09-24T07:05:03.261896+00:00,ticker_only,,,,,
exnight-strategy-v3,rJPM-2026-10-06-1,rJPM,RJPMUSDT,2026-10-06,2026-09-24T23:30:06+00:00,0.9656110633409246,0.18323952822276032,127,0.599132006895404,E0_RANGE,0.0,0.3,no pre-decision precedent,,1000,338.59,NO_SIGNAL,cash basis UNRESOLVED; gross basis required,,,,,,,,,
exnight-strategy-v3,rJPM-2026-10-06-1,rJPM,RJPMUSDT,2026-10-06,2026-09-24T23:30:06+00:00,0.9656110633409246,0.18323952822276032,127,0.599132006895404,E0_RANGE,0.0,0.3,no pre-decision precedent,,5000,338.59,NO_SIGNAL,cash basis UNRESOLVED; gross basis required,,,,,,,,,
exnight-strategy-v3,rJPM-2026-10-06-1,rJPM,RJPMUSDT,2026-10-06,2026-09-24T23:30:06+00:00,0.9656110633409246,0.18323952822276032,127,0.599132006895404,E0_RANGE,0.0,0.3,no pre-decision precedent,,25000,338.59,NO_SIGNAL,cash basis UNRESOLVED; gross basis required,,,,,,,,,
exnight-strategy-v3,rKAI-2026-10-15-1,rKAI,RKAIUSDT,2026-10-15,2026-09-24T23:30:06+00:00,0.9656110633409246,0.18323952822276032,127,0.599132006895404,E0_RANGE,0.0,0.3,no pre-decision precedent,,1000,274.42,NO_SIGNAL,cash basis UNRESOLVED; gross basis required,,,,,,,,,
exnight-strategy-v3,rKAI-2026-10-15-1,rKAI,RKAIUSDT,2026-10-15,2026-09-24T23:30:06+00:00,0.9656110633409246,0.18323952822276032,127,0.599132006895404,E0_RANGE,0.0,0.3,no pre-decision precedent,,5000,274.42,NO_SIGNAL,cash basis UNRESOLVED; gross basis required,,,,,,,,,
exnight-strategy-v3,rKAI-2026-10-15-1,rKAI,RKAIUSDT,2026-10-15,2026-09-24T23:30:06+00:00,0.9656110633409246,0.18323952822276032,127,0.599132006895404,E0_RANGE,0.0,0.3,no pre-decision precedent,,25000,274.42,NO_SIGNAL,cash basis UNRESOLVED; gross basis required,,,,,,,,,
exnight-strategy-v3,rKDP-2026-09-28-1,rKDP,RKDPUSDT,2026-09-28,2026-09-24T23:30:06+00:00,0.9656110633409246,0.18323952822276032,127,0.599132006895404,E0_RANGE,0.0,0.3,no pre-decision precedent,0.2300000000000000,1000,30.86,NO_SIGNAL,"sell: $1,000 exceeds visible top-of-book ($31) on ticker-only symbol",2026-09-24T23:05:03.233009+00:00,ticker_only,2026-09-24T07:05:03.261896+00:00,ticker_only,,,,,
exnight-strategy-v3,rKDP-2026-09-28-1,rKDP,RKDPUSDT,2026-09-28,2026-09-24T23:30:06+00:00,0.9656110633409246,0.18323952822276032,127,0.599132006895404,E0_RANGE,0.0,0.3,no pre-decision precedent,0.2300000000000000,5000,30.86,NO_SIGNAL,"sell: $5,000 exceeds visible top-of-book ($31) on ticker-only symbol; buy: $5,000 exceeds visible top-of-book ($3,200) on ticker-only symbol",2026-09-24T23:05:03.233009+00:00,ticker_only,2026-09-24T07:05:03.261896+00:00,ticker_only,,,,,
exnight-strategy-v3,rKDP-2026-09-28-1,rKDP,RKDPUSDT,2026-09-28,2026-09-24T23:30:06+00:00,0.9656110633409246,0.18323952822276032,127,0.599132006895404,E0_RANGE,0.0,0.3,no pre-decision precedent,0.2300000000000000,25000,30.86,NO_SIGNAL,"sell: $25,000 exceeds visible top-of-book ($31) on ticker-only symbol; buy: $25,000 exceeds visible top-of-book ($3,200) on ticker-only symbol",2026-09-24T23:05:03.233009+00:00,ticker_only,2026-09-24T07:05:03.261896+00:00,ticker_only,,,,,
exnight-strategy-v3,rKRC-2026-09-30-1,rKRC,RKRCUSDT,2026-09-30,2026-09-24T23:30:06+00:00,0.9656110633409246,0.18323952822276032,127,0.599132006895404,E0_RANGE,0.0,0.3,no pre-decision precedent,,1000,34.05,NO_SIGNAL,cash basis UNRESOLVED; gross basis required,,,,,,,,,
exnight-strategy-v3,rKRC-2026-09-30-1,rKRC,RKRCUSDT,2026-09-30,2026-09-24T23:30:06+00:00,0.9656110633409246,0.18323952822276032,127,0.599132006895404,E0_RANGE,0.0,0.3,no pre-decision precedent,,5000,34.05,NO_SIGNAL,cash basis UNRESOLVED; gross basis required,,,,,,,,,
exnight-strategy-v3,rKRC-2026-09-30-1,rKRC,RKRCUSDT,2026-09-30,2026-09-24T23:30:06+00:00,0.9656110633409246,0.18323952822276032,127,0.599132006895404,E0_RANGE,0.0,0.3,no pre-decision precedent,,25000,34.05,NO_SIGNAL,cash basis UNRESOLVED; gross basis required,,,,,,,,,
exnight-strategy-v3,rKRG-2026-10-09-1,rKRG,RKRGUSDT,2026-10-09,2026-09-24T23:30:06+00:00,0.9656110633409246,0.18323952822276032,127,0.599132006895404,E0_RANGE,0.0,0.3,no pre-decision precedent,,1000,24.71,NO_SIGNAL,cash basis UNRESOLVED; gross basis required,,,,,,,,,
exnight-strategy-v3,rKRG-2026-10-09-1,rKRG,RKRGUSDT,2026-10-09,2026-09-24T23:30:06+00:00,0.9656110633409246,0.18323952822276032,127,0.599132006895404,E0_RANGE,0.0,0.3,no pre-decision precedent,,5000,24.71,NO_SIGNAL,cash basis UNRESOLVED; gross basis required,,,,,,,,,
exnight-strategy-v3,rKRG-2026-10-09-1,rKRG,RKRGUSDT,2026-10-09,2026-09-24T23:30:06+00:00,0.9656110633409246,0.18323952822276032,127,0.599132006895404,E0_RANGE,0.0,0.3,no pre-decision precedent,,25000,24.71,NO_SIGNAL,cash basis UNRESOLVED; gross basis required,,,,,,,,,
exnight-strategy-v3,rKR-2026-11-16-1,rKR,RKRUSDT,2026-11-16,2026-09-24T23:30:06+00:00,0.9656110633409246,0.18323952822276032,127,0.599132006895404,E0_RANGE,0.0,0.3,no pre-decision precedent,,1000,58.52,NO_SIGNAL,cash basis UNRESOLVED; gross basis required,,,,,,,,,
exnight-strategy-v3,rKR-2026-11-16-1,rKR,RKRUSDT,2026-11-16,2026-09-24T23:30:06+00:00,0.9656110633409246,0.18323952822276032,127,0.599132006895404,E0_RANGE,0.0,0.3,no pre-decision precedent,,5000,58.52,NO_SIGNAL,cash basis UNRESOLVED; gross basis required,,,,,,,,,
exnight-strategy-v3,rKR-2026-11-16-1,rKR,RKRUSDT,2026-11-16,2026-09-24T23:30:06+00:00,0.9656110633409246,0.18323952822276032,127,0.599132006895404,E0_RANGE,0.0,0.3,no pre-decision precedent,,25000,58.52,NO_SIGNAL,cash basis UNRESOLVED; gross basis required,,,,,,,,,
exnight-strategy-v3,rLECO-2026-09-30-1,rLECO,RLECOUSDT,2026-09-30,2026-09-24T23:30:06+00:00,0.9656110633409246,0.18323952822276032,127,0.599132006895404,E0_RANGE,0.0,0.3,no pre-decision precedent,0.7900000000000000,1000,266.4,NO_SIGNAL,sell: no depth sample for this symbol/session; buy: no depth sample for this symbol/session,,,,,,,,,
exnight-strategy-v3,rLECO-2026-09-30-1,rLECO,RLECOUSDT,2026-09-30,2026-09-24T23:30:06+00:00,0.9656110633409246,0.18323952822276032,127,0.599132006895404,E0_RANGE,0.0,0.3,no pre-decision precedent,0.7900000000000000,5000,266.4,NO_SIGNAL,sell: no depth sample for this symbol/session; buy: no depth sample for this symbol/session,,,,,,,,,
exnight-strategy-v3,rLECO-2026-09-30-1,rLECO,RLECOUSDT,2026-09-30,2026-09-24T23:30:06+00:00,0.9656110633409246,0.18323952822276032,127,0.599132006895404,E0_RANGE,0.0,0.3,no pre-decision precedent,0.7900000000000000,25000,266.4,NO_SIGNAL,sell: no depth sample for this symbol/session; buy: no depth sample for this symbol/session,,,,,,,,,
exnight-strategy-v3,rLII-2026-09-30-1,rLII,RLIIUSDT,2026-09-30,2026-09-24T23:30:06+00:00,0.9656110633409246,0.18323952822276032,127,0.599132006895404,E0_RANGE,0.0,0.3,no pre-decision precedent,,1000,367.65,NO_SIGNAL,cash basis UNRESOLVED; gross basis required,,,,,,,,,
exnight-strategy-v3,rLII-2026-09-30-1,rLII,RLIIUSDT,2026-09-30,2026-09-24T23:30:06+00:00,0.9656110633409246,0.18323952822276032,127,0.599132006895404,E0_RANGE,0.0,0.3,no pre-decision precedent,,5000,367.65,NO_SIGNAL,cash basis UNRESOLVED; gross basis required,,,,,,,,,
exnight-strategy-v3,rLII-2026-09-30-1,rLII,RLIIUSDT,2026-09-30,2026-09-24T23:30:06+00:00,0.9656110633409246,0.18323952822276032,127,0.599132006895404,E0_RANGE,0.0,0.3,no pre-decision precedent,,25000,367.65,NO_SIGNAL,cash basis UNRESOLVED; gross basis required,,,,,,,,,
exnight-strategy-v3,rLNC-2026-10-09-1,rLNC,RLNCUSDT,2026-10-09,2026-09-24T23:30:06+00:00,0.9656110633409246,0.18323952822276032,127,0.599132006895404,E0_RANGE,0.0,0.3,no pre-decision precedent,,1000,41.4,NO_SIGNAL,cash basis UNRESOLVED; gross basis required,,,,,,,,,
exnight-strategy-v3,rLNC-2026-10-09-1,rLNC,RLNCUSDT,2026-10-09,2026-09-24T23:30:06+00:00,0.9656110633409246,0.18323952822276032,127,0.599132006895404,E0_RANGE,0.0,0.3,no pre-decision precedent,,5000,41.4,NO_SIGNAL,cash basis UNRESOLVED; gross basis required,,,,,,,,,
exnight-strategy-v3,rLNC-2026-10-09-1,rLNC,RLNCUSDT,2026-10-09,2026-09-24T23:30:06+00:00,0.9656110633409246,0.18323952822276032,127,0.599132006895404,E0_RANGE,0.0,0.3,no pre-decision precedent,,25000,41.4,NO_SIGNAL,cash basis UNRESOLVED; gross basis required,,,,,,,,,
exnight-strategy-v3,rLOW-2026-10-21-1,rLOW,RLOWUSDT,2026-10-21,2026-09-24T23:30:06+00:00,0.9656110633409246,0.18323952822276032,127,0.599132006895404,E0_RANGE,0.0,0.3,no pre-decision precedent,,1000,188.53,NO_SIGNAL,cash basis UNRESOLVED; gross basis required,,,,,,,,,
exnight-strategy-v3,rLOW-2026-10-21-1,rLOW,RLOWUSDT,2026-10-21,2026-09-24T23:30:06+00:00,0.9656110633409246,0.18323952822276032,127,0.599132006895404,E0_RANGE,0.0,0.3,no pre-decision precedent,,5000,188.53,NO_SIGNAL,cash basis UNRESOLVED; gross basis required,,,,,,,,,
exnight-strategy-v3,rLOW-2026-10-21-1,rLOW,RLOWUSDT,2026-10-21,2026-09-24T23:30:06+00:00,0.9656110633409246,0.18323952822276032,127,0.599132006895404,E0_RANGE,0.0,0.3,no pre-decision precedent,,25000,188.53,NO_SIGNAL,cash basis UNRESOLVED; gross basis required,,,,,,,,,
exnight-strategy-v3,rMAIN-2026-10-08-1,rMAIN,RMAINUSDT,2026-10-08,2026-09-24T23:30:06+00:00,0.9656110633409246,0.18323952822276032,127,0.599132006895404,E0_RANGE,0.0,0.3,no pre-decision precedent,,1000,55.3,NO_SIGNAL,cash basis UNRESOLVED; gross basis required,,,,,,,,,
exnight-strategy-v3,rMAIN-2026-10-08-1,rMAIN,RMAINUSDT,2026-10-08,2026-09-24T23:30:06+00:00,0.9656110633409246,0.18323952822276032,127,0.599132006895404,E0_RANGE,0.0,0.3,no pre-decision precedent,,5000,55.3,NO_SIGNAL,cash basis UNRESOLVED; gross basis required,,,,,,,,,
exnight-strategy-v3,rMAIN-2026-10-08-1,rMAIN,RMAINUSDT,2026-10-08,2026-09-24T23:30:06+00:00,0.9656110633409246,0.18323952822276032,127,0.599132006895404,E0_RANGE,0.0,0.3,no pre-decision precedent,,25000,55.3,NO_SIGNAL,cash basis UNRESOLVED; gross basis required,,,,,,,,,
exnight-strategy-v3,rMAIN-2026-11-06-1,rMAIN,RMAINUSDT,2026-11-06,2026-09-24T23:30:06+00:00,0.9656110633409246,0.18323952822276032,127,0.599132006895404,E0_RANGE,0.0,0.3,no pre-decision precedent,,1000,55.3,NO_SIGNAL,cash basis UNRESOLVED; gross basis required,,,,,,,,,
exnight-strategy-v3,rMAIN-2026-11-06-1,rMAIN,RMAINUSDT,2026-11-06,2026-09-24T23:30:06+00:00,0.9656110633409246,0.18323952822276032,127,0.599132006895404,E0_RANGE,0.0,0.3,no pre-decision precedent,,5000,55.3,NO_SIGNAL,cash basis UNRESOLVED; gross basis required,,,,,,,,,
exnight-strategy-v3,rMAIN-2026-11-06-1,rMAIN,RMAINUSDT,2026-11-06,2026-09-24T23:30:06+00:00,0.9656110633409246,0.18323952822276032,127,0.599132006895404,E0_RANGE,0.0,0.3,no pre-decision precedent,,25000,55.3,NO_SIGNAL,cash basis UNRESOLVED; gross basis required,,,,,,,,,
exnight-strategy-v3,rMCD-2026-12-01-1,rMCD,RMCDUSDT,2026-12-01,2026-09-24T23:30:06+00:00,0.9656110633409246,0.18323952822276032,127,0.599132006895404,E0_RANGE,0.0,0.3,no pre-decision precedent,,1000,238.0,NO_SIGNAL,cash basis UNRESOLVED; gross basis required,,,,,,,,,
exnight-strategy-v3,rMCD-2026-12-01-1,rMCD,RMCDUSDT,2026-12-01,2026-09-24T23:30:06+00:00,0.9656110633409246,0.18323952822276032,127,0.599132006895404,E0_RANGE,0.0,0.3,no pre-decision precedent,,5000,238.0,NO_SIGNAL,cash basis UNRESOLVED; gross basis required,,,,,,,,,
exnight-strategy-v3,rMCD-2026-12-01-1,rMCD,RMCDUSDT,2026-12-01,2026-09-24T23:30:06+00:00,0.9656110633409246,0.18323952822276032,127,0.599132006895404,E0_RANGE,0.0,0.3,no pre-decision precedent,,25000,238.0,NO_SIGNAL,cash basis UNRESOLVED; gross basis required,,,,,,,,,
exnight-strategy-v3,rMAIN-2026-12-08-1,rMAIN,RMAINUSDT,2026-12-08,2026-09-24T23:30:06+00:00,0.9656110633409246,0.18323952822276032,127,0.599132006895404,E0_RANGE,0.0,0.3,no pre-decision precedent,,1000,55.3,NO_SIGNAL,cash basis UNRESOLVED; gross basis required,,,,,,,,,
exnight-strategy-v3,rMAIN-2026-12-08-1,rMAIN,RMAINUSDT,2026-12-08,2026-09-24T23:30:06+00:00,0.9656110633409246,0.18323952822276032,127,0.599132006895404,E0_RANGE,0.0,0.3,no pre-decision precedent,,5000,55.3,NO_SIGNAL,cash basis UNRESOLVED; gross basis required,,,,,,,,,
exnight-strategy-v3,rMAIN-2026-12-08-1,rMAIN,RMAINUSDT,2026-12-08,2026-09-24T23:30:06+00:00,0.9656110633409246,0.18323952822276032,127,0.599132006895404,E0_RANGE,0.0,0.3,no pre-decision precedent,,25000,55.3,NO_SIGNAL,cash basis UNRESOLVED; gross basis required,,,,,,,,,
exnight-strategy-v3,rMDT-2026-09-25-1,rMDT,RMDTUSDT,2026-09-25,2026-09-24T23:30:06+00:00,0.9656110633409246,0.18323952822276032,127,0.599132006895404,E0_RANGE,0.0,0.3,no pre-decision precedent,,1000,88.64,NO_SIGNAL,cash basis UNRESOLVED; gross basis required,,,,,,,,,
exnight-strategy-v3,rMDT-2026-09-25-1,rMDT,RMDTUSDT,2026-09-25,2026-09-24T23:30:06+00:00,0.9656110633409246,0.18323952822276032,127,0.599132006895404,E0_RANGE,0.0,0.3,no pre-decision precedent,,5000,88.64,NO_SIGNAL,cash basis UNRESOLVED; gross basis required,,,,,,,,,
exnight-strategy-v3,rMDT-2026-09-25-1,rMDT,RMDTUSDT,2026-09-25,2026-09-24T23:30:06+00:00,0.9656110633409246,0.18323952822276032,127,0.599132006895404,E0_RANGE,0.0,0.3,no pre-decision precedent,,25000,88.64,NO_SIGNAL,cash basis UNRESOLVED; gross basis required,,,,,,,,,
exnight-strategy-v3,rMDLZ-2026-09-30-1,rMDLZ,RMDLZUSDT,2026-09-30,2026-09-24T23:30:06+00:00,0.9656110633409246,0.18323952822276032,127,0.599132006895404,E0_RANGE,0.0,0.3,no pre-decision precedent,0.5200000000000000,1000,60.62,NO_SIGNAL,"buy: $1,000 exceeds visible top-of-book ($124) on ticker-only symbol",2026-09-24T23:05:03.233009+00:00,ticker_only,2026-09-24T07:05:03.261896+00:00,ticker_only,,,,,
exnight-strategy-v3,rMDLZ-2026-09-30-1,rMDLZ,RMDLZUSDT,2026-09-30,2026-09-24T23:30:06+00:00,0.9656110633409246,0.18323952822276032,127,0.599132006895404,E0_RANGE,0.0,0.3,no pre-decision precedent,0.5200000000000000,5000,60.62,NO_SIGNAL,"buy: $5,000 exceeds visible top-of-book ($124) on ticker-only symbol",2026-09-24T23:05:03.233009+00:00,ticker_only,2026-09-24T07:05:03.261896+00:00,ticker_only,,,,,
exnight-strategy-v3,rMDLZ-2026-09-30-1,rMDLZ,RMDLZUSDT,2026-09-30,2026-09-24T23:30:06+00:00,0.9656110633409246,0.18323952822276032,127,0.599132006895404,E0_RANGE,0.0,0.3,no pre-decision precedent,0.5200000000000000,25000,60.62,NO_SIGNAL,"sell: $25,000 exceeds visible top-of-book ($7,272) on ticker-only symbol; buy: $25,000 exceeds visible top-of-book ($124) on ticker-only symbol",2026-09-24T23:05:03.233009+00:00,ticker_only,2026-09-24T07:05:03.261896+00:00,ticker_only,,,,,
exnight-strategy-v3,rMPWR-2026-09-30-1,rMPWR,RMPWRUSDT,2026-09-30,2026-09-24T23:30:06+00:00,0.9656110633409246,0.18323952822276032,127,0.599132006895404,E1_DOCUMENTED_PRECEDENT,0.3,0.3,"dividends_2026_07_24: rMPWR ex 2026-06-30 2 at 30%, available 2026-09-16T11:09:53+00:00 (primary)",2.0000000000000000,1000,1330.0,HOLD,,2026-09-24T23:05:03.233009+00:00,ticker_only,2026-09-24T07:05:03.261896+00:00,ticker_only,27.105285826198312,-27.307021812407505,-27.307021812407505,15.037593984962406,
exnight-strategy-v3,rMPWR-2026-09-30-1,rMPWR,RMPWRUSDT,2026-09-30,2026-09-24T23:30:06+00:00,0.9656110633409246,0.18323952822276032,127,0.599132006895404,E1_DOCUMENTED_PRECEDENT,0.3,0.3,"dividends_2026_07_24: rMPWR ex 2026-06-30 2 at 30%, available 2026-09-16T11:09:53+00:00 (primary)",2.0000000000000000,5000,1330.0,HOLD,,2026-09-24T23:05:03.233009+00:00,ticker_only,2026-09-24T07:05:03.261896+00:00,ticker_only,27.105285826198312,-27.307021812407505,-27.307021812407505,15.037593984962406,
exnight-strategy-v3,rMPWR-2026-09-30-1,rMPWR,RMPWRUSDT,2026-09-30,2026-09-24T23:30:06+00:00,0.9656110633409246,0.18323952822276032,127,0.599132006895404,E1_DOCUMENTED_PRECEDENT,0.3,0.3,"dividends_2026_07_24: rMPWR ex 2026-06-30 2 at 30%, available 2026-09-16T11:09:53+00:00 (primary)",2.0000000000000000,25000,1330.0,HOLD,,2026-09-24T23:05:03.233009+00:00,ticker_only,2026-09-24T07:05:03.261896+00:00,ticker_only,27.105285826198312,-27.307021812407505,-27.307021812407505,15.037593984962406,
exnight-strategy-v3,rMRSH-2026-10-01-1,rMRSH,RMRSHUSDT,2026-10-01,2026-09-24T23:30:06+00:00,0.9656110633409246,0.18323952822276032,127,0.599132006895404,E0_RANGE,0.0,0.3,no pre-decision precedent,,1000,169.9,NO_SIGNAL,cash basis UNRESOLVED; gross basis required,,,,,,,,,
exnight-strategy-v3,rMRSH-2026-10-01-1,rMRSH,RMRSHUSDT,2026-10-01,2026-09-24T23:30:06+00:00,0.9656110633409246,0.18323952822276032,127,0.599132006895404,E0_RANGE,0.0,0.3,no pre-decision precedent,,5000,169.9,NO_SIGNAL,cash basis UNRESOLVED; gross basis required,,,,,,,,,
exnight-strategy-v3,rMRSH-2026-10-01-1,rMRSH,RMRSHUSDT,2026-10-01,2026-09-24T23:30:06+00:00,0.9656110633409246,0.18323952822276032,127,0.599132006895404,E0_RANGE,0.0,0.3,no pre-decision precedent,,25000,169.9,NO_SIGNAL,cash basis UNRESOLVED; gross basis required,,,,,,,,,
exnight-strategy-v3,rMORN-2026-10-02-1,rMORN,RMORNUSDT,2026-10-02,2026-09-24T23:30:06+00:00,0.9656110633409246,0.18323952822276032,127,0.599132006895404,E0_RANGE,0.0,0.3,no pre-decision precedent,0.5000000000000000,1000,196.41,NO_SIGNAL,sell: no depth sample for this symbol/session; buy: no depth sample for this symbol/session,,,,,,,,,
exnight-strategy-v3,rMORN-2026-10-02-1,rMORN,RMORNUSDT,2026-10-02,2026-09-24T23:30:06+00:00,0.9656110633409246,0.18323952822276032,127,0.599132006895404,E0_RANGE,0.0,0.3,no pre-decision precedent,0.5000000000000000,5000,196.41,NO_SIGNAL,sell: no depth sample for this symbol/session; buy: no depth sample for this symbol/session,,,,,,,,,
exnight-strategy-v3,rMORN-2026-10-02-1,rMORN,RMORNUSDT,2026-10-02,2026-09-24T23:30:06+00:00,0.9656110633409246,0.18323952822276032,127,0.599132006895404,E0_RANGE,0.0,0.3,no pre-decision precedent,0.5000000000000000,25000,196.41,NO_SIGNAL,sell: no depth sample for this symbol/session; buy: no depth sample for this symbol/session,,,,,,,,,
exnight-strategy-v3,rMTCH-2026-10-05-1,rMTCH,RMTCHUSDT,2026-10-05,2026-09-24T23:30:06+00:00,0.9656110633409246,0.18323952822276032,127,0.599132006895404,E0_RANGE,0.0,0.3,no pre-decision precedent,0.2000000000000000,1000,40.55,NO_SIGNAL,sell: no depth sample for this symbol/session; buy: no depth sample for this symbol/session,,,,,,,,,
exnight-strategy-v3,rMTCH-2026-10-05-1,rMTCH,RMTCHUSDT,2026-10-05,2026-09-24T23:30:06+00:00,0.9656110633409246,0.18323952822276032,127,0.599132006895404,E0_RANGE,0.0,0.3,no pre-decision precedent,0.2000000000000000,5000,40.55,NO_SIGNAL,sell: no depth sample for this symbol/session; buy: no depth sample for this symbol/session,,,,,,,,,
exnight-strategy-v3,rMTCH-2026-10-05-1,rMTCH,RMTCHUSDT,2026-10-05,2026-09-24T23:30:06+00:00,0.9656110633409246,0.18323952822276032,127,0.599132006895404,E0_RANGE,0.0,0.3,no pre-decision precedent,0.2000000000000000,25000,40.55,NO_SIGNAL,sell: no depth sample for this symbol/session; buy: no depth sample for this symbol/session,,,,,,,,,
exnight-strategy-v3,rMT-2026-11-13-1,rMT,RMTUSDT,2026-11-13,2026-09-24T23:30:06+00:00,0.9656110633409246,0.18323952822276032,127,0.599132006895404,E0_RANGE,0.0,0.3,no pre-decision precedent,,1000,71.3,NO_SIGNAL,cash basis UNRESOLVED; gross basis required,,,,,,,,,
exnight-strategy-v3,rMT-2026-11-13-1,rMT,RMTUSDT,2026-11-13,2026-09-24T23:30:06+00:00,0.9656110633409246,0.18323952822276032,127,0.599132006895404,E0_RANGE,0.0,0.3,no pre-decision precedent,,5000,71.3,NO_SIGNAL,cash basis UNRESOLVED; gross basis required,,,,,,,,,
exnight-strategy-v3,rMT-2026-11-13-1,rMT,RMTUSDT,2026-11-13,2026-09-24T23:30:06+00:00,0.9656110633409246,0.18323952822276032,127,0.599132006895404,E0_RANGE,0.0,0.3,no pre-decision precedent,,25000,71.3,NO_SIGNAL,cash basis UNRESOLVED; gross basis required,,,,,,,,,
exnight-strategy-v3,rMSFT-2026-11-19-1,rMSFT,RMSFTUSDT,2026-11-19,2026-09-24T23:30:06+00:00,0.9656110633409246,0.18323952822276032,127,0.599132006895404,E0_RANGE,0.0,0.3,no pre-decision precedent,0.9800000000000000,1000,496.77,NO_SIGNAL,sell: no depth sample for this symbol/session; buy: no depth sample for this symbol/session,,,,,,,,,
exnight-strategy-v3,rMSFT-2026-11-19-1,rMSFT,RMSFTUSDT,2026-11-19,2026-09-24T23:30:06+00:00,0.9656110633409246,0.18323952822276032,127,0.599132006895404,E0_RANGE,0.0,0.3,no pre-decision precedent,0.9800000000000000,5000,496.77,NO_SIGNAL,sell: no depth sample for this symbol/session; buy: no depth sample for this symbol/session,,,,,,,,,
exnight-strategy-v3,rMSFT-2026-11-19-1,rMSFT,RMSFTUSDT,2026-11-19,2026-09-24T23:30:06+00:00,0.9656110633409246,0.18323952822276032,127,0.599132006895404,E0_RANGE,0.0,0.3,no pre-decision precedent,0.9800000000000000,25000,496.77,NO_SIGNAL,sell: no depth sample for this symbol/session; buy: no depth sample for this symbol/session,,,,,,,,,
exnight-strategy-v3,rNFG-2026-09-30-1,rNFG,RNFGUSDT,2026-09-30,2026-09-24T23:30:06+00:00,0.9656110633409246,0.18323952822276032,127,0.599132006895404,E0_RANGE,0.0,0.3,no pre-decision precedent,,1000,78.98,NO_SIGNAL,cash basis UNRESOLVED; gross basis required,,,,,,,,,
exnight-strategy-v3,rNFG-2026-09-30-1,rNFG,RNFGUSDT,2026-09-30,2026-09-24T23:30:06+00:00,0.9656110633409246,0.18323952822276032,127,0.599132006895404,E0_RANGE,0.0,0.3,no pre-decision precedent,,5000,78.98,NO_SIGNAL,cash basis UNRESOLVED; gross basis required,,,,,,,,,
exnight-strategy-v3,rNFG-2026-09-30-1,rNFG,RNFGUSDT,2026-09-30,2026-09-24T23:30:06+00:00,0.9656110633409246,0.18323952822276032,127,0.599132006895404,E0_RANGE,0.0,0.3,no pre-decision precedent,,25000,78.98,NO_SIGNAL,cash basis UNRESOLVED; gross basis required,,,,,,,,,
exnight-strategy-v3,rNHC-2026-09-30-1,rNHC,RNHCUSDT,2026-09-30,2026-09-24T23:30:06+00:00,0.9656110633409246,0.18323952822276032,127,0.599132006895404,E0_RANGE,0.0,0.3,no pre-decision precedent,,1000,221.6,NO_SIGNAL,cash basis UNRESOLVED; gross basis required,,,,,,,,,
exnight-strategy-v3,rNHC-2026-09-30-1,rNHC,RNHCUSDT,2026-09-30,2026-09-24T23:30:06+00:00,0.9656110633409246,0.18323952822276032,127,0.599132006895404,E0_RANGE,0.0,0.3,no pre-decision precedent,,5000,221.6,NO_SIGNAL,cash basis UNRESOLVED; gross basis required,,,,,,,,,
exnight-strategy-v3,rNHC-2026-09-30-1,rNHC,RNHCUSDT,2026-09-30,2026-09-24T23:30:06+00:00,0.9656110633409246,0.18323952822276032,127,0.599132006895404,E0_RANGE,0.0,0.3,no pre-decision precedent,,25000,221.6,NO_SIGNAL,cash basis UNRESOLVED; gross basis required,,,,,,,,,
exnight-strategy-v3,rNHI-2026-09-30-1,rNHI,RNHIUSDT,2026-09-30,2026-09-24T23:30:06+00:00,0.9656110633409246,0.18323952822276032,127,0.599132006895404,E0_RANGE,0.0,0.3,no pre-decision precedent,,1000,67.15,NO_SIGNAL,cash basis UNRESOLVED; gross basis required,,,,,,,,,
exnight-strategy-v3,rNHI-2026-09-30-1,rNHI,RNHIUSDT,2026-09-30,2026-09-24T23:30:06+00:00,0.9656110633409246,0.18323952822276032,127,0.599132006895404,E0_RANGE,0.0,0.3,no pre-decision precedent,,5000,67.15,NO_SIGNAL,cash basis UNRESOLVED; gross basis required,,,,,,,,,
exnight-strategy-v3,rNHI-2026-09-30-1,rNHI,RNHIUSDT,2026-09-30,2026-09-24T23:30:06+00:00,0.9656110633409246,0.18323952822276032,127,0.599132006895404,E0_RANGE,0.0,0.3,no pre-decision precedent,,25000,67.15,NO_SIGNAL,cash basis UNRESOLVED; gross basis required,,,,,,,,,
exnight-strategy-v3,rNI-2026-10-30-1,rNI,RNIUSDT,2026-10-30,2026-09-24T23:30:06+00:00,0.9656110633409246,0.18323952822276032,127,0.599132006895404,E0_RANGE,0.0,0.3,no pre-decision precedent,,1000,39.12,NO_SIGNAL,cash basis UNRESOLVED; gross basis required,,,,,,,,,
exnight-strategy-v3,rNI-2026-10-30-1,rNI,RNIUSDT,2026-10-30,2026-09-24T23:30:06+00:00,0.9656110633409246,0.18323952822276032,127,0.599132006895404,E0_RANGE,0.0,0.3,no pre-decision precedent,,5000,39.12,NO_SIGNAL,cash basis UNRESOLVED; gross basis required,,,,,,,,,
exnight-strategy-v3,rNI-2026-10-30-1,rNI,RNIUSDT,2026-10-30,2026-09-24T23:30:06+00:00,0.9656110633409246,0.18323952822276032,127,0.599132006895404,E0_RANGE,0.0,0.3,no pre-decision precedent,,25000,39.12,NO_SIGNAL,cash basis UNRESOLVED; gross basis required,,,,,,,,,
exnight-strategy-v3,rNOG-2026-09-29-1,rNOG,RNOGUSDT,2026-09-29,2026-09-24T23:30:06+00:00,0.9656110633409246,0.18323952822276032,127,0.599132006895404,E0_RANGE,0.0,0.3,no pre-decision precedent,,1000,23.6,NO_SIGNAL,cash basis UNRESOLVED; gross basis required,,,,,,,,,
exnight-strategy-v3,rNOG-2026-09-29-1,rNOG,RNOGUSDT,2026-09-29,2026-09-24T23:30:06+00:00,0.9656110633409246,0.18323952822276032,127,0.599132006895404,E0_RANGE,0.0,0.3,no pre-decision precedent,,5000,23.6,NO_SIGNAL,cash basis UNRESOLVED; gross basis required,,,,,,,,,
exnight-strategy-v3,rNOG-2026-09-29-1,rNOG,RNOGUSDT,2026-09-29,2026-09-24T23:30:06+00:00,0.9656110633409246,0.18323952822276032,127,0.599132006895404,E0_RANGE,0.0,0.3,no pre-decision precedent,,25000,23.6,NO_SIGNAL,cash basis UNRESOLVED; gross basis required,,,,,,,,,
exnight-strategy-v3,rNLY-2026-09-30-1,rNLY,RNLYUSDT,2026-09-30,2026-09-24T23:30:06+00:00,0.9656110633409246,0.18323952822276032,127,0.599132006895404,E0_RANGE,0.0,0.3,no pre-decision precedent,,1000,20.7,NO_SIGNAL,cash basis UNRESOLVED; gross basis required,,,,,,,,,
exnight-strategy-v3,rNLY-2026-09-30-1,rNLY,RNLYUSDT,2026-09-30,2026-09-24T23:30:06+00:00,0.9656110633409246,0.18323952822276032,127,0.599132006895404,E0_RANGE,0.0,0.3,no pre-decision precedent,,5000,20.7,NO_SIGNAL,cash basis UNRESOLVED; gross basis required,,,,,,,,,
exnight-strategy-v3,rNLY-2026-09-30-1,rNLY,RNLYUSDT,2026-09-30,2026-09-24T23:30:06+00:00,0.9656110633409246,0.18323952822276032,127,0.599132006895404,E0_RANGE,0.0,0.3,no pre-decision precedent,,25000,20.7,NO_SIGNAL,cash basis UNRESOLVED; gross basis required,,,,,,,,,
exnight-strategy-v3,rNTAP-2026-10-09-1,rNTAP,RNTAPUSDT,2026-10-09,2026-09-24T23:30:06+00:00,0.9656110633409246,0.18323952822276032,127,0.599132006895404,E0_RANGE,0.0,0.3,no pre-decision precedent,0.5200000000000000,1000,197.15,NO_SIGNAL,sell: no depth sample for this symbol/session; buy: no depth sample for this symbol/session,,,,,,,,,
exnight-strategy-v3,rNTAP-2026-10-09-1,rNTAP,RNTAPUSDT,2026-10-09,2026-09-24T23:30:06+00:00,0.9656110633409246,0.18323952822276032,127,0.599132006895404,E0_RANGE,0.0,0.3,no pre-decision precedent,0.5200000000000000,5000,197.15,NO_SIGNAL,sell: no depth sample for this symbol/session; buy: no depth sample for this symbol/session,,,,,,,,,
exnight-strategy-v3,rNTAP-2026-10-09-1,rNTAP,RNTAPUSDT,2026-10-09,2026-09-24T23:30:06+00:00,0.9656110633409246,0.18323952822276032,127,0.599132006895404,E0_RANGE,0.0,0.3,no pre-decision precedent,0.5200000000000000,25000,197.15,NO_SIGNAL,sell: no depth sample for this symbol/session; buy: no depth sample for this symbol/session,,,,,,,,,
exnight-strategy-v3,rNUE-2026-09-30-1,rNUE,RNUEUSDT,2026-09-30,2026-09-24T23:30:06+00:00,0.9656110633409246,0.18323952822276032,127,0.599132006895404,E0_RANGE,0.0,0.3,no pre-decision precedent,,1000,247.0,NO_SIGNAL,cash basis UNRESOLVED; gross basis required,,,,,,,,,
exnight-strategy-v3,rNUE-2026-09-30-1,rNUE,RNUEUSDT,2026-09-30,2026-09-24T23:30:06+00:00,0.9656110633409246,0.18323952822276032,127,0.599132006895404,E0_RANGE,0.0,0.3,no pre-decision precedent,,5000,247.0,NO_SIGNAL,cash basis UNRESOLVED; gross basis required,,,,,,,,,
exnight-strategy-v3,rNUE-2026-09-30-1,rNUE,RNUEUSDT,2026-09-30,2026-09-24T23:30:06+00:00,0.9656110633409246,0.18323952822276032,127,0.599132006895404,E0_RANGE,0.0,0.3,no pre-decision precedent,,25000,247.0,NO_SIGNAL,cash basis UNRESOLVED; gross basis required,,,,,,,,,
exnight-strategy-v3,rO-2026-09-30-1,rO,ROUSDT,2026-09-30,2026-09-24T23:30:06+00:00,0.9656110633409246,0.18323952822276032,127,0.599132006895404,E0_RANGE,0.0,0.3,no pre-decision precedent,,1000,55.55,NO_SIGNAL,cash basis UNRESOLVED; gross basis required,,,,,,,,,
exnight-strategy-v3,rO-2026-09-30-1,rO,ROUSDT,2026-09-30,2026-09-24T23:30:06+00:00,0.9656110633409246,0.18323952822276032,127,0.599132006895404,E0_RANGE,0.0,0.3,no pre-decision precedent,,5000,55.55,NO_SIGNAL,cash basis UNRESOLVED; gross basis required,,,,,,,,,
exnight-strategy-v3,rO-2026-09-30-1,rO,ROUSDT,2026-09-30,2026-09-24T23:30:06+00:00,0.9656110633409246,0.18323952822276032,127,0.599132006895404,E0_RANGE,0.0,0.3,no pre-decision precedent,,25000,55.55,NO_SIGNAL,cash basis UNRESOLVED; gross basis required,,,,,,,,,
exnight-strategy-v3,rOBDC-2026-09-30-1,rOBDC,ROBDCUSDT,2026-09-30,2026-09-24T23:30:06+00:00,0.9656110633409246,0.18323952822276032,127,0.599132006895404,E0_RANGE,0.0,0.3,no pre-decision precedent,,1000,10.88,NO_SIGNAL,cash basis UNRESOLVED; gross basis required,,,,,,,,,
exnight-strategy-v3,rOBDC-2026-09-30-1,rOBDC,ROBDCUSDT,2026-09-30,2026-09-24T23:30:06+00:00,0.9656110633409246,0.18323952822276032,127,0.599132006895404,E0_RANGE,0.0,0.3,no pre-decision precedent,,5000,10.88,NO_SIGNAL,cash basis UNRESOLVED; gross basis required,,,,,,,,,
exnight-strategy-v3,rOBDC-2026-09-30-1,rOBDC,ROBDCUSDT,2026-09-30,2026-09-24T23:30:06+00:00,0.9656110633409246,0.18323952822276032,127,0.599132006895404,E0_RANGE,0.0,0.3,no pre-decision precedent,,25000,10.88,NO_SIGNAL,cash basis UNRESOLVED; gross basis required,,,,,,,,,
exnight-strategy-v3,rOC-2026-10-19-1,rOC,ROCUSDT,2026-10-19,2026-09-24T23:30:06+00:00,0.9656110633409246,0.18323952822276032,127,0.599132006895404,E0_RANGE,0.0,0.3,no pre-decision precedent,,1000,120.01,NO_SIGNAL,cash basis UNRESOLVED; gross basis required,,,,,,,,,
exnight-strategy-v3,rOC-2026-10-19-1,rOC,ROCUSDT,2026-10-19,2026-09-24T23:30:06+00:00,0.9656110633409246,0.18323952822276032,127,0.599132006895404,E0_RANGE,0.0,0.3,no pre-decision precedent,,5000,120.01,NO_SIGNAL,cash basis UNRESOLVED; gross basis required,,,,,,,,,
exnight-strategy-v3,rOC-2026-10-19-1,rOC,ROCUSDT,2026-10-19,2026-09-24T23:30:06+00:00,0.9656110633409246,0.18323952822276032,127,0.599132006895404,E0_RANGE,0.0,0.3,no pre-decision precedent,,25000,120.01,NO_SIGNAL,cash basis UNRESOLVED; gross basis required,,,,,,,,,
exnight-strategy-v3,rNVT-2026-10-23-1,rNVT,RNVTUSDT,2026-10-23,2026-09-24T23:30:06+00:00,0.9656110633409246,0.18323952822276032,127,0.599132006895404,E0_RANGE,0.0,0.3,no pre-decision precedent,,1000,163.59,NO_SIGNAL,cash basis UNRESOLVED; gross basis required,,,,,,,,,
exnight-strategy-v3,rNVT-2026-10-23-1,rNVT,RNVTUSDT,2026-10-23,2026-09-24T23:30:06+00:00,0.9656110633409246,0.18323952822276032,127,0.599132006895404,E0_RANGE,0.0,0.3,no pre-decision precedent,,5000,163.59,NO_SIGNAL,cash basis UNRESOLVED; gross basis required,,,,,,,,,
exnight-strategy-v3,rNVT-2026-10-23-1,rNVT,RNVTUSDT,2026-10-23,2026-09-24T23:30:06+00:00,0.9656110633409246,0.18323952822276032,127,0.599132006895404,E0_RANGE,0.0,0.3,no pre-decision precedent,,25000,163.59,NO_SIGNAL,cash basis UNRESOLVED; gross basis required,,,,,,,,,
exnight-strategy-v3,rOR-2026-09-29-1,rOR,RORUSDT,2026-09-29,2026-09-24T23:30:06+00:00,0.9656110633409246,0.18323952822276032,127,0.599132006895404,E0_RANGE,0.0,0.3,no pre-decision precedent,,1000,35.74,NO_SIGNAL,cash basis UNRESOLVED; gross basis required,,,,,,,,,
exnight-strategy-v3,rOR-2026-09-29-1,rOR,RORUSDT,2026-09-29,2026-09-24T23:30:06+00:00,0.9656110633409246,0.18323952822276032,127,0.599132006895404,E0_RANGE,0.0,0.3,no pre-decision precedent,,5000,35.74,NO_SIGNAL,cash basis UNRESOLVED; gross basis required,,,,,,,,,
exnight-strategy-v3,rOR-2026-09-29-1,rOR,RORUSDT,2026-09-29,2026-09-24T23:30:06+00:00,0.9656110633409246,0.18323952822276032,127,0.599132006895404,E0_RANGE,0.0,0.3,no pre-decision precedent,,25000,35.74,NO_SIGNAL,cash basis UNRESOLVED; gross basis required,,,,,,,,,
exnight-strategy-v3,rOR-2026-09-30-1,rOR,RORUSDT,2026-09-30,2026-09-24T23:30:06+00:00,0.9656110633409246,0.18323952822276032,127,0.599132006895404,E0_RANGE,0.0,0.3,no pre-decision precedent,,1000,35.74,NO_SIGNAL,cash basis UNRESOLVED; gross basis required,,,,,,,,,
exnight-strategy-v3,rOR-2026-09-30-1,rOR,RORUSDT,2026-09-30,2026-09-24T23:30:06+00:00,0.9656110633409246,0.18323952822276032,127,0.599132006895404,E0_RANGE,0.0,0.3,no pre-decision precedent,,5000,35.74,NO_SIGNAL,cash basis UNRESOLVED; gross basis required,,,,,,,,,
exnight-strategy-v3,rOR-2026-09-30-1,rOR,RORUSDT,2026-09-30,2026-09-24T23:30:06+00:00,0.9656110633409246,0.18323952822276032,127,0.599132006895404,E0_RANGE,0.0,0.3,no pre-decision precedent,,25000,35.74,NO_SIGNAL,cash basis UNRESOLVED; gross basis required,,,,,,,,,
exnight-strategy-v3,rOTF-2026-09-30-1,rOTF,ROTFUSDT,2026-09-30,2026-09-24T23:30:06+00:00,0.9656110633409246,0.18323952822276032,127,0.599132006895404,E0_RANGE,0.0,0.3,no pre-decision precedent,,1000,10.66,NO_SIGNAL,cash basis UNRESOLVED; gross basis required,,,,,,,,,
exnight-strategy-v3,rOTF-2026-09-30-1,rOTF,ROTFUSDT,2026-09-30,2026-09-24T23:30:06+00:00,0.9656110633409246,0.18323952822276032,127,0.599132006895404,E0_RANGE,0.0,0.3,no pre-decision precedent,,5000,10.66,NO_SIGNAL,cash basis UNRESOLVED; gross basis required,,,,,,,,,
exnight-strategy-v3,rOTF-2026-09-30-1,rOTF,ROTFUSDT,2026-09-30,2026-09-24T23:30:06+00:00,0.9656110633409246,0.18323952822276032,127,0.599132006895404,E0_RANGE,0.0,0.3,no pre-decision precedent,,25000,10.66,NO_SIGNAL,cash basis UNRESOLVED; gross basis required,,,,,,,,,
exnight-strategy-v3,rORCL-2026-10-09-1,rORCL,RORCLUSDT,2026-10-09,2026-09-24T23:30:06+00:00,0.9656110633409246,0.18323952822276032,127,0.599132006895404,E0_RANGE,0.0,0.3,no pre-decision precedent,,1000,139.65,NO_SIGNAL,cash basis UNRESOLVED; gross basis required,,,,,,,,,
exnight-strategy-v3,rORCL-2026-10-09-1,rORCL,RORCLUSDT,2026-10-09,2026-09-24T23:30:06+00:00,0.9656110633409246,0.18323952822276032,127,0.599132006895404,E0_RANGE,0.0,0.3,no pre-decision precedent,,5000,139.65,NO_SIGNAL,cash basis UNRESOLVED; gross basis required,,,,,,,,,
exnight-strategy-v3,rORCL-2026-10-09-1,rORCL,RORCLUSDT,2026-10-09,2026-09-24T23:30:06+00:00,0.9656110633409246,0.18323952822276032,127,0.599132006895404,E0_RANGE,0.0,0.3,no pre-decision precedent,,25000,139.65,NO_SIGNAL,cash basis UNRESOLVED; gross basis required,,,,,,,,,
exnight-strategy-v3,rPCG-2026-09-30-1,rPCG,RPCGUSDT,2026-09-30,2026-09-24T23:30:06+00:00,0.9656110633409246,0.18323952822276032,127,0.599132006895404,E1_DOCUMENTED_PRECEDENT,0.3,0.3,"dividends_2026_07_24: rPCG ex 2026-06-30 0.05 at 30%, available 2026-09-16T11:09:53+00:00 (primary)",,1000,12.25,NO_SIGNAL,cash basis UNRESOLVED; gross basis required,,,,,,,,,
exnight-strategy-v3,rPCG-2026-09-30-1,rPCG,RPCGUSDT,2026-09-30,2026-09-24T23:30:06+00:00,0.9656110633409246,0.18323952822276032,127,0.599132006895404,E1_DOCUMENTED_PRECEDENT,0.3,0.3,"dividends_2026_07_24: rPCG ex 2026-06-30 0.05 at 30%, available 2026-09-16T11:09:53+00:00 (primary)",,5000,12.25,NO_SIGNAL,cash basis UNRESOLVED; gross basis required,,,,,,,,,
exnight-strategy-v3,rPCG-2026-09-30-1,rPCG,RPCGUSDT,2026-09-30,2026-09-24T23:30:06+00:00,0.9656110633409246,0.18323952822276032,127,0.599132006895404,E1_DOCUMENTED_PRECEDENT,0.3,0.3,"dividends_2026_07_24: rPCG ex 2026-06-30 0.05 at 30%, available 2026-09-16T11:09:53+00:00 (primary)",,25000,12.25,NO_SIGNAL,cash basis UNRESOLVED; gross basis required,,,,,,,,,
exnight-strategy-v3,rPEGA-2026-10-01-1,rPEGA,RPEGAUSDT,2026-10-01,2026-09-24T23:30:06+00:00,0.9656110633409246,0.18323952822276032,127,0.599132006895404,E0_RANGE,0.0,0.3,no pre-decision precedent,0.0300000000000000,1000,34.23,NO_SIGNAL,sell: no depth sample for this symbol/session; buy: no depth sample for this symbol/session,,,,,,,,,
exnight-strategy-v3,rPEGA-2026-10-01-1,rPEGA,RPEGAUSDT,2026-10-01,2026-09-24T23:30:06+00:00,0.9656110633409246,0.18323952822276032,127,0.599132006895404,E0_RANGE,0.0,0.3,no pre-decision precedent,0.0300000000000000,5000,34.23,NO_SIGNAL,sell: no depth sample for this symbol/session; buy: no depth sample for this symbol/session,,,,,,,,,
exnight-strategy-v3,rPEGA-2026-10-01-1,rPEGA,RPEGAUSDT,2026-10-01,2026-09-24T23:30:06+00:00,0.9656110633409246,0.18323952822276032,127,0.599132006895404,E0_RANGE,0.0,0.3,no pre-decision precedent,0.0300000000000000,25000,34.23,NO_SIGNAL,sell: no depth sample for this symbol/session; buy: no depth sample for this symbol/session,,,,,,,,,
exnight-strategy-v3,rPECO-2026-10-15-1,rPECO,RPECOUSDT,2026-10-15,2026-09-24T23:30:06+00:00,0.9656110633409246,0.18323952822276032,127,0.599132006895404,E0_RANGE,0.0,0.3,no pre-decision precedent,0.1150000000000000,1000,37.12,NO_SIGNAL,sell: no depth sample for this symbol/session; buy: no depth sample for this symbol/session,,,,,,,,,
exnight-strategy-v3,rPECO-2026-10-15-1,rPECO,RPECOUSDT,2026-10-15,2026-09-24T23:30:06+00:00,0.9656110633409246,0.18323952822276032,127,0.599132006895404,E0_RANGE,0.0,0.3,no pre-decision precedent,0.1150000000000000,5000,37.12,NO_SIGNAL,sell: no depth sample for this symbol/session; buy: no depth sample for this symbol/session,,,,,,,,,
exnight-strategy-v3,rPECO-2026-10-15-1,rPECO,RPECOUSDT,2026-10-15,2026-09-24T23:30:06+00:00,0.9656110633409246,0.18323952822276032,127,0.599132006895404,E0_RANGE,0.0,0.3,no pre-decision precedent,0.1150000000000000,25000,37.12,NO_SIGNAL,sell: no depth sample for this symbol/session; buy: no depth sample for this symbol/session,,,,,,,,,
exnight-strategy-v3,rPCAR-2026-11-10-1,rPCAR,RPCARUSDT,2026-11-10,2026-09-24T23:30:06+00:00,0.9656110633409246,0.18323952822276032,127,0.599132006895404,E0_RANGE,0.0,0.3,no pre-decision precedent,0.3499999900000000,1000,110.84,NO_SIGNAL,sell: no depth sample for this symbol/session; buy: no depth sample for this symbol/session,,,,,,,,,
exnight-strategy-v3,rPCAR-2026-11-10-1,rPCAR,RPCARUSDT,2026-11-10,2026-09-24T23:30:06+00:00,0.9656110633409246,0.18323952822276032,127,0.599132006895404,E0_RANGE,0.0,0.3,no pre-decision precedent,0.3499999900000000,5000,110.84,NO_SIGNAL,sell: no depth sample for this symbol/session; buy: no depth sample for this symbol/session,,,,,,,,,
exnight-strategy-v3,rPCAR-2026-11-10-1,rPCAR,RPCARUSDT,2026-11-10,2026-09-24T23:30:06+00:00,0.9656110633409246,0.18323952822276032,127,0.599132006895404,E0_RANGE,0.0,0.3,no pre-decision precedent,0.3499999900000000,25000,110.84,NO_SIGNAL,sell: no depth sample for this symbol/session; buy: no depth sample for this symbol/session,,,,,,,,,
exnight-strategy-v3,rPECO-2026-11-16-1,rPECO,RPECOUSDT,2026-11-16,2026-09-24T23:30:06+00:00,0.9656110633409246,0.18323952822276032,127,0.599132006895404,E0_RANGE,0.0,0.3,no pre-decision precedent,0.1150000000000000,1000,37.12,NO_SIGNAL,sell: no depth sample for this symbol/session; buy: no depth sample for this symbol/session,,,,,,,,,
exnight-strategy-v3,rPECO-2026-11-16-1,rPECO,RPECOUSDT,2026-11-16,2026-09-24T23:30:06+00:00,0.9656110633409246,0.18323952822276032,127,0.599132006895404,E0_RANGE,0.0,0.3,no pre-decision precedent,0.1150000000000000,5000,37.12,NO_SIGNAL,sell: no depth sample for this symbol/session; buy: no depth sample for this symbol/session,,,,,,,,,
exnight-strategy-v3,rPECO-2026-11-16-1,rPECO,RPECOUSDT,2026-11-16,2026-09-24T23:30:06+00:00,0.9656110633409246,0.18323952822276032,127,0.599132006895404,E0_RANGE,0.0,0.3,no pre-decision precedent,0.1150000000000000,25000,37.12,NO_SIGNAL,sell: no depth sample for this symbol/session; buy: no depth sample for this symbol/session,,,,,,,,,
exnight-strategy-v3,rPK-2026-09-30-1,rPK,RPKUSDT,2026-09-30,2026-09-24T23:30:06+00:00,0.9656110633409246,0.18323952822276032,127,0.599132006895404,E0_RANGE,0.0,0.3,no pre-decision precedent,,1000,15.21,NO_SIGNAL,cash basis UNRESOLVED; gross basis required,,,,,,,,,
exnight-strategy-v3,rPK-2026-09-30-1,rPK,RPKUSDT,2026-09-30,2026-09-24T23:30:06+00:00,0.9656110633409246,0.18323952822276032,127,0.599132006895404,E0_RANGE,0.0,0.3,no pre-decision precedent,,5000,15.21,NO_SIGNAL,cash basis UNRESOLVED; gross basis required,,,,,,,,,
exnight-strategy-v3,rPK-2026-09-30-1,rPK,RPKUSDT,2026-09-30,2026-09-24T23:30:06+00:00,0.9656110633409246,0.18323952822276032,127,0.599132006895404,E0_RANGE,0.0,0.3,no pre-decision precedent,,25000,15.21,NO_SIGNAL,cash basis UNRESOLVED; gross basis required,,,,,,,,,
exnight-strategy-v3,rPGR-2026-10-01-1,rPGR,RPGRUSDT,2026-10-01,2026-09-24T23:30:06+00:00,0.9656110633409246,0.18323952822276032,127,0.599132006895404,E0_RANGE,0.0,0.3,no pre-decision precedent,,1000,202.18,NO_SIGNAL,cash basis UNRESOLVED; gross basis required,,,,,,,,,
exnight-strategy-v3,rPGR-2026-10-01-1,rPGR,RPGRUSDT,2026-10-01,2026-09-24T23:30:06+00:00,0.9656110633409246,0.18323952822276032,127,0.599132006895404,E0_RANGE,0.0,0.3,no pre-decision precedent,,5000,202.18,NO_SIGNAL,cash basis UNRESOLVED; gross basis required,,,,,,,,,
exnight-strategy-v3,rPGR-2026-10-01-1,rPGR,RPGRUSDT,2026-10-01,2026-09-24T23:30:06+00:00,0.9656110633409246,0.18323952822276032,127,0.599132006895404,E0_RANGE,0.0,0.3,no pre-decision precedent,,25000,202.18,NO_SIGNAL,cash basis UNRESOLVED; gross basis required,,,,,,,,,
exnight-strategy-v3,rPOR-2026-09-25-1,rPOR,RPORUSDT,2026-09-25,2026-09-24T23:30:06+00:00,0.9656110633409246,0.18323952822276032,127,0.599132006895404,E0_RANGE,0.0,0.3,no pre-decision precedent,,1000,46.61,NO_SIGNAL,cash basis UNRESOLVED; gross basis required,,,,,,,,,
exnight-strategy-v3,rPOR-2026-09-25-1,rPOR,RPORUSDT,2026-09-25,2026-09-24T23:30:06+00:00,0.9656110633409246,0.18323952822276032,127,0.599132006895404,E0_RANGE,0.0,0.3,no pre-decision precedent,,5000,46.61,NO_SIGNAL,cash basis UNRESOLVED; gross basis required,,,,,,,,,
exnight-strategy-v3,rPOR-2026-09-25-1,rPOR,RPORUSDT,2026-09-25,2026-09-24T23:30:06+00:00,0.9656110633409246,0.18323952822276032,127,0.599132006895404,E0_RANGE,0.0,0.3,no pre-decision precedent,,25000,46.61,NO_SIGNAL,cash basis UNRESOLVED; gross basis required,,,,,,,,,
exnight-strategy-v3,rPM-2026-10-02-1,rPM,RPMUSDT,2026-10-02,2026-09-24T23:30:06+00:00,0.9656110633409246,0.18323952822276032,127,0.599132006895404,E1_DOCUMENTED_PRECEDENT,0.3,0.3,"dividends_2026_07_24: rPM ex 2026-06-25 1.47 at 30%, available 2026-09-16T11:09:53+00:00 (primary)",,1000,191.01,NO_SIGNAL,cash basis UNRESOLVED; gross basis required,,,,,,,,,
exnight-strategy-v3,rPM-2026-10-02-1,rPM,RPMUSDT,2026-10-02,2026-09-24T23:30:06+00:00,0.9656110633409246,0.18323952822276032,127,0.599132006895404,E1_DOCUMENTED_PRECEDENT,0.3,0.3,"dividends_2026_07_24: rPM ex 2026-06-25 1.47 at 30%, available 2026-09-16T11:09:53+00:00 (primary)",,5000,191.01,NO_SIGNAL,cash basis UNRESOLVED; gross basis required,,,,,,,,,
exnight-strategy-v3,rPM-2026-10-02-1,rPM,RPMUSDT,2026-10-02,2026-09-24T23:30:06+00:00,0.9656110633409246,0.18323952822276032,127,0.599132006895404,E1_DOCUMENTED_PRECEDENT,0.3,0.3,"dividends_2026_07_24: rPM ex 2026-06-25 1.47 at 30%, available 2026-09-16T11:09:53+00:00 (primary)",,25000,191.01,NO_SIGNAL,cash basis UNRESOLVED; gross basis required,,,,,,,,,
exnight-strategy-v3,rPNR-2026-10-23-1,rPNR,RPNRUSDT,2026-10-23,2026-09-24T23:30:06+00:00,0.9656110633409246,0.18323952822276032,127,0.599132006895404,E0_RANGE,0.0,0.3,no pre-decision precedent,,1000,53.08,NO_SIGNAL,cash basis UNRESOLVED; gross basis required,,,,,,,,,
exnight-strategy-v3,rPNR-2026-10-23-1,rPNR,RPNRUSDT,2026-10-23,2026-09-24T23:30:06+00:00,0.9656110633409246,0.18323952822276032,127,0.599132006895404,E0_RANGE,0.0,0.3,no pre-decision precedent,,5000,53.08,NO_SIGNAL,cash basis UNRESOLVED; gross basis required,,,,,,,,,
exnight-strategy-v3,rPNR-2026-10-23-1,rPNR,RPNRUSDT,2026-10-23,2026-09-24T23:30:06+00:00,0.9656110633409246,0.18323952822276032,127,0.599132006895404,E0_RANGE,0.0,0.3,no pre-decision precedent,,25000,53.08,NO_SIGNAL,cash basis UNRESOLVED; gross basis required,,,,,,,,,
exnight-strategy-v3,rPRIM-2026-09-30-1,rPRIM,RPRIMUSDT,2026-09-30,2026-09-24T23:30:06+00:00,0.9656110633409246,0.18323952822276032,127,0.599132006895404,E0_RANGE,0.0,0.3,no pre-decision precedent,,1000,72.25,NO_SIGNAL,cash basis UNRESOLVED; gross basis required,,,,,,,,,
exnight-strategy-v3,rPRIM-2026-09-30-1,rPRIM,RPRIMUSDT,2026-09-30,2026-09-24T23:30:06+00:00,0.9656110633409246,0.18323952822276032,127,0.599132006895404,E0_RANGE,0.0,0.3,no pre-decision precedent,,5000,72.25,NO_SIGNAL,cash basis UNRESOLVED; gross basis required,,,,,,,,,
exnight-strategy-v3,rPRIM-2026-09-30-1,rPRIM,RPRIMUSDT,2026-09-30,2026-09-24T23:30:06+00:00,0.9656110633409246,0.18323952822276032,127,0.599132006895404,E0_RANGE,0.0,0.3,no pre-decision precedent,,25000,72.25,NO_SIGNAL,cash basis UNRESOLVED; gross basis required,,,,,,,,,
exnight-strategy-v3,rPWR-2026-10-01-1,rPWR,RPWRUSDT,2026-10-01,2026-09-24T23:30:06+00:00,0.9656110633409246,0.18323952822276032,127,0.599132006895404,E1_DOCUMENTED_PRECEDENT,0.3,0.3,"dividends_2026_07_24: rPWR ex 2026-07-01 0.11 at 30%, available 2026-09-16T11:09:53+00:00 (primary)",,1000,648.4,NO_SIGNAL,cash basis UNRESOLVED; gross basis required,,,,,,,,,
exnight-strategy-v3,rPWR-2026-10-01-1,rPWR,RPWRUSDT,2026-10-01,2026-09-24T23:30:06+00:00,0.9656110633409246,0.18323952822276032,127,0.599132006895404,E1_DOCUMENTED_PRECEDENT,0.3,0.3,"dividends_2026_07_24: rPWR ex 2026-07-01 0.11 at 30%, available 2026-09-16T11:09:53+00:00 (primary)",,5000,648.4,NO_SIGNAL,cash basis UNRESOLVED; gross basis required,,,,,,,,,
exnight-strategy-v3,rPWR-2026-10-01-1,rPWR,RPWRUSDT,2026-10-01,2026-09-24T23:30:06+00:00,0.9656110633409246,0.18323952822276032,127,0.599132006895404,E1_DOCUMENTED_PRECEDENT,0.3,0.3,"dividends_2026_07_24: rPWR ex 2026-07-01 0.11 at 30%, available 2026-09-16T11:09:53+00:00 (primary)",,25000,648.4,NO_SIGNAL,cash basis UNRESOLVED; gross basis required,,,,,,,,,
exnight-strategy-v3,rREXR-2026-09-30-1,rREXR,RREXRUSDT,2026-09-30,2026-09-24T23:30:06+00:00,0.9656110633409246,0.18323952822276032,127,0.599132006895404,E0_RANGE,0.0,0.3,no pre-decision precedent,,1000,38.0,NO_SIGNAL,cash basis UNRESOLVED; gross basis required,,,,,,,,,
exnight-strategy-v3,rREXR-2026-09-30-1,rREXR,RREXRUSDT,2026-09-30,2026-09-24T23:30:06+00:00,0.9656110633409246,0.18323952822276032,127,0.599132006895404,E0_RANGE,0.0,0.3,no pre-decision precedent,,5000,38.0,NO_SIGNAL,cash basis UNRESOLVED; gross basis required,,,,,,,,,
exnight-strategy-v3,rREXR-2026-09-30-1,rREXR,RREXRUSDT,2026-09-30,2026-09-24T23:30:06+00:00,0.9656110633409246,0.18323952822276032,127,0.599132006895404,E0_RANGE,0.0,0.3,no pre-decision precedent,,25000,38.0,NO_SIGNAL,cash basis UNRESOLVED; gross basis required,,,,,,,,,
exnight-strategy-v3,rRL-2026-09-25-1,rRL,RRLUSDT,2026-09-25,2026-09-24T23:30:06+00:00,0.9656110633409246,0.18323952822276032,127,0.599132006895404,E0_RANGE,0.0,0.3,no pre-decision precedent,,1000,351.86,NO_SIGNAL,cash basis UNRESOLVED; gross basis required,,,,,,,,,
exnight-strategy-v3,rRL-2026-09-25-1,rRL,RRLUSDT,2026-09-25,2026-09-24T23:30:06+00:00,0.9656110633409246,0.18323952822276032,127,0.599132006895404,E0_RANGE,0.0,0.3,no pre-decision precedent,,5000,351.86,NO_SIGNAL,cash basis UNRESOLVED; gross basis required,,,,,,,,,
exnight-strategy-v3,rRL-2026-09-25-1,rRL,RRLUSDT,2026-09-25,2026-09-24T23:30:06+00:00,0.9656110633409246,0.18323952822276032,127,0.599132006895404,E0_RANGE,0.0,0.3,no pre-decision precedent,,25000,351.86,NO_SIGNAL,cash basis UNRESOLVED; gross basis required,,,,,,,,,
exnight-strategy-v3,rRHP-2026-09-30-1,rRHP,RRHPUSDT,2026-09-30,2026-09-24T23:30:06+00:00,0.9656110633409246,0.18323952822276032,127,0.599132006895404,E0_RANGE,0.0,0.3,no pre-decision precedent,,1000,121.97,NO_SIGNAL,cash basis UNRESOLVED; gross basis required,,,,,,,,,
exnight-strategy-v3,rRHP-2026-09-30-1,rRHP,RRHPUSDT,2026-09-30,2026-09-24T23:30:06+00:00,0.9656110633409246,0.18323952822276032,127,0.599132006895404,E0_RANGE,0.0,0.3,no pre-decision precedent,,5000,121.97,NO_SIGNAL,cash basis UNRESOLVED; gross basis required,,,,,,,,,
exnight-strategy-v3,rRHP-2026-09-30-1,rRHP,RRHPUSDT,2026-09-30,2026-09-24T23:30:06+00:00,0.9656110633409246,0.18323952822276032,127,0.599132006895404,E0_RANGE,0.0,0.3,no pre-decision precedent,,25000,121.97,NO_SIGNAL,cash basis UNRESOLVED; gross basis required,,,,,,,,,
exnight-strategy-v3,rRITM-2026-10-01-1,rRITM,RRITMUSDT,2026-10-01,2026-09-24T23:30:06+00:00,0.9656110633409246,0.18323952822276032,127,0.599132006895404,E0_RANGE,0.0,0.3,no pre-decision precedent,,1000,9.19,NO_SIGNAL,cash basis UNRESOLVED; gross basis required,,,,,,,,,
exnight-strategy-v3,rRITM-2026-10-01-1,rRITM,RRITMUSDT,2026-10-01,2026-09-24T23:30:06+00:00,0.9656110633409246,0.18323952822276032,127,0.599132006895404,E0_RANGE,0.0,0.3,no pre-decision precedent,,5000,9.19,NO_SIGNAL,cash basis UNRESOLVED; gross basis required,,,,,,,,,
exnight-strategy-v3,rRITM-2026-10-01-1,rRITM,RRITMUSDT,2026-10-01,2026-09-24T23:30:06+00:00,0.9656110633409246,0.18323952822276032,127,0.599132006895404,E0_RANGE,0.0,0.3,no pre-decision precedent,,25000,9.19,NO_SIGNAL,cash basis UNRESOLVED; gross basis required,,,,,,,,,
exnight-strategy-v3,rRJF-2026-10-01-1,rRJF,RRJFUSDT,2026-10-01,2026-09-24T23:30:06+00:00,0.9656110633409246,0.18323952822276032,127,0.599132006895404,E0_RANGE,0.0,0.3,no pre-decision precedent,,1000,158.76,NO_SIGNAL,cash basis UNRESOLVED; gross basis required,,,,,,,,,
exnight-strategy-v3,rRJF-2026-10-01-1,rRJF,RRJFUSDT,2026-10-01,2026-09-24T23:30:06+00:00,0.9656110633409246,0.18323952822276032,127,0.599132006895404,E0_RANGE,0.0,0.3,no pre-decision precedent,,5000,158.76,NO_SIGNAL,cash basis UNRESOLVED; gross basis required,,,,,,,,,
exnight-strategy-v3,rRJF-2026-10-01-1,rRJF,RRJFUSDT,2026-10-01,2026-09-24T23:30:06+00:00,0.9656110633409246,0.18323952822276032,127,0.599132006895404,E0_RANGE,0.0,0.3,no pre-decision precedent,,25000,158.76,NO_SIGNAL,cash basis UNRESOLVED; gross basis required,,,,,,,,,
exnight-strategy-v3,rRRX-2026-09-30-1,rRRX,RRRXUSDT,2026-09-30,2026-09-24T23:30:06+00:00,0.9656110633409246,0.18323952822276032,127,0.599132006895404,E0_RANGE,0.0,0.3,no pre-decision precedent,,1000,151.11,NO_SIGNAL,cash basis UNRESOLVED; gross basis required,,,,,,,,,
exnight-strategy-v3,rRRX-2026-09-30-1,rRRX,RRRXUSDT,2026-09-30,2026-09-24T23:30:06+00:00,0.9656110633409246,0.18323952822276032,127,0.599132006895404,E0_RANGE,0.0,0.3,no pre-decision precedent,,5000,151.11,NO_SIGNAL,cash basis UNRESOLVED; gross basis required,,,,,,,,,
exnight-strategy-v3,rRRX-2026-09-30-1,rRRX,RRRXUSDT,2026-09-30,2026-09-24T23:30:06+00:00,0.9656110633409246,0.18323952822276032,127,0.599132006895404,E0_RANGE,0.0,0.3,no pre-decision precedent,,25000,151.11,NO_SIGNAL,cash basis UNRESOLVED; gross basis required,,,,,,,,,
exnight-strategy-v3,rROP-2026-10-02-1,rROP,RROPUSDT,2026-10-02,2026-09-24T23:30:06+00:00,0.9656110633409246,0.18323952822276032,127,0.599132006895404,E0_RANGE,0.0,0.3,no pre-decision precedent,0.9100000000000000,1000,364.02,NO_SIGNAL,sell: no depth sample for this symbol/session; buy: no depth sample for this symbol/session,,,,,,,,,
exnight-strategy-v3,rROP-2026-10-02-1,rROP,RROPUSDT,2026-10-02,2026-09-24T23:30:06+00:00,0.9656110633409246,0.18323952822276032,127,0.599132006895404,E0_RANGE,0.0,0.3,no pre-decision precedent,0.9100000000000000,5000,364.02,NO_SIGNAL,sell: no depth sample for this symbol/session; buy: no depth sample for this symbol/session,,,,,,,,,
exnight-strategy-v3,rROP-2026-10-02-1,rROP,RROPUSDT,2026-10-02,2026-09-24T23:30:06+00:00,0.9656110633409246,0.18323952822276032,127,0.599132006895404,E0_RANGE,0.0,0.3,no pre-decision precedent,0.9100000000000000,25000,364.02,NO_SIGNAL,sell: no depth sample for this symbol/session; buy: no depth sample for this symbol/session,,,,,,,,,
exnight-strategy-v3,rRSG-2026-10-02-1,rRSG,RRSGUSDT,2026-10-02,2026-09-24T23:30:06+00:00,0.9656110633409246,0.18323952822276032,127,0.599132006895404,E0_RANGE,0.0,0.3,no pre-decision precedent,,1000,213.01,NO_SIGNAL,cash basis UNRESOLVED; gross basis required,,,,,,,,,
exnight-strategy-v3,rRSG-2026-10-02-1,rRSG,RRSGUSDT,2026-10-02,2026-09-24T23:30:06+00:00,0.9656110633409246,0.18323952822276032,127,0.599132006895404,E0_RANGE,0.0,0.3,no pre-decision precedent,,5000,213.01,NO_SIGNAL,cash basis UNRESOLVED; gross basis required,,,,,,,,,
exnight-strategy-v3,rRSG-2026-10-02-1,rRSG,RRSGUSDT,2026-10-02,2026-09-24T23:30:06+00:00,0.9656110633409246,0.18323952822276032,127,0.599132006895404,E0_RANGE,0.0,0.3,no pre-decision precedent,,25000,213.01,NO_SIGNAL,cash basis UNRESOLVED; gross basis required,,,,,,,,,
exnight-strategy-v3,rRVTY-2026-10-23-1,rRVTY,RRVTYUSDT,2026-10-23,2026-09-24T23:30:06+00:00,0.9656110633409246,0.18323952822276032,127,0.599132006895404,E0_RANGE,0.0,0.3,no pre-decision precedent,,1000,153.06,NO_SIGNAL,cash basis UNRESOLVED; gross basis required,,,,,,,,,
exnight-strategy-v3,rRVTY-2026-10-23-1,rRVTY,RRVTYUSDT,2026-10-23,2026-09-24T23:30:06+00:00,0.9656110633409246,0.18323952822276032,127,0.599132006895404,E0_RANGE,0.0,0.3,no pre-decision precedent,,5000,153.06,NO_SIGNAL,cash basis UNRESOLVED; gross basis required,,,,,,,,,
exnight-strategy-v3,rRVTY-2026-10-23-1,rRVTY,RRVTYUSDT,2026-10-23,2026-09-24T23:30:06+00:00,0.9656110633409246,0.18323952822276032,127,0.599132006895404,E0_RANGE,0.0,0.3,no pre-decision precedent,,25000,153.06,NO_SIGNAL,cash basis UNRESOLVED; gross basis required,,,,,,,,,
exnight-strategy-v3,rSATA-2026-09-25-1,rSATA,RSATAUSDT,2026-09-25,2026-09-24T23:30:06+00:00,0.9656110633409246,0.18323952822276032,127,0.599132006895404,E1_DOCUMENTED_PRECEDENT,0.3,0.3,"dividends_89_2026_09_23: rSATA ex 2026-08-24 0.0516 at 30%, available 2026-09-23T12:34:33+00:00 (primary)",0.0516000000000000,1000,100.01,HOLD,,2026-09-24T23:05:03.233009+00:00,ticker_only,2026-09-24T07:05:03.261896+00:00,ticker_only,0.24996520937312638,-0.2551699978173235,-0.2551699978173235,5.15948405159484,
exnight-strategy-v3,rSATA-2026-09-25-1,rSATA,RSATAUSDT,2026-09-25,2026-09-24T23:30:06+00:00,0.9656110633409246,0.18323952822276032,127,0.599132006895404,E1_DOCUMENTED_PRECEDENT,0.3,0.3,"dividends_89_2026_09_23: rSATA ex 2026-08-24 0.0516 at 30%, available 2026-09-23T12:34:33+00:00 (primary)",0.0516000000000000,5000,100.01,NO_SIGNAL,"buy: $5,000 exceeds visible top-of-book ($1,600) on ticker-only symbol",2026-09-24T23:05:03.233009+00:00,ticker_only,2026-09-24T07:05:03.261896+00:00,ticker_only,,,,,
exnight-strategy-v3,rSATA-2026-09-25-1,rSATA,RSATAUSDT,2026-09-25,2026-09-24T23:30:06+00:00,0.9656110633409246,0.18323952822276032,127,0.599132006895404,E1_DOCUMENTED_PRECEDENT,0.3,0.3,"dividends_89_2026_09_23: rSATA ex 2026-08-24 0.0516 at 30%, available 2026-09-23T12:34:33+00:00 (primary)",0.0516000000000000,25000,100.01,NO_SIGNAL,"sell: $25,000 exceeds visible top-of-book ($7,999) on ticker-only symbol; buy: $25,000 exceeds visible top-of-book ($1,600) on ticker-only symbol",2026-09-24T23:05:03.233009+00:00,ticker_only,2026-09-24T07:05:03.261896+00:00,ticker_only,,,,,
exnight-strategy-v3,rSATA-2026-09-28-1,rSATA,RSATAUSDT,2026-09-28,2026-09-24T23:30:06+00:00,0.9656110633409246,0.18323952822276032,127,0.599132006895404,E1_DOCUMENTED_PRECEDENT,0.3,0.3,"dividends_89_2026_09_23: rSATA ex 2026-08-24 0.0516 at 30%, available 2026-09-23T12:34:33+00:00 (primary)",0.0516000000000000,1000,100.01,HOLD,,2026-09-24T23:05:03.233009+00:00,ticker_only,2026-09-24T07:05:03.261896+00:00,ticker_only,0.24996520937312638,-0.2551699978173235,-0.2551699978173235,5.15948405159484,
exnight-strategy-v3,rSATA-2026-09-28-1,rSATA,RSATAUSDT,2026-09-28,2026-09-24T23:30:06+00:00,0.9656110633409246,0.18323952822276032,127,0.599132006895404,E1_DOCUMENTED_PRECEDENT,0.3,0.3,"dividends_89_2026_09_23: rSATA ex 2026-08-24 0.0516 at 30%, available 2026-09-23T12:34:33+00:00 (primary)",0.0516000000000000,5000,100.01,NO_SIGNAL,"buy: $5,000 exceeds visible top-of-book ($1,600) on ticker-only symbol",2026-09-24T23:05:03.233009+00:00,ticker_only,2026-09-24T07:05:03.261896+00:00,ticker_only,,,,,
exnight-strategy-v3,rSATA-2026-09-28-1,rSATA,RSATAUSDT,2026-09-28,2026-09-24T23:30:06+00:00,0.9656110633409246,0.18323952822276032,127,0.599132006895404,E1_DOCUMENTED_PRECEDENT,0.3,0.3,"dividends_89_2026_09_23: rSATA ex 2026-08-24 0.0516 at 30%, available 2026-09-23T12:34:33+00:00 (primary)",0.0516000000000000,25000,100.01,NO_SIGNAL,"sell: $25,000 exceeds visible top-of-book ($7,999) on ticker-only symbol; buy: $25,000 exceeds visible top-of-book ($1,600) on ticker-only symbol",2026-09-24T23:05:03.233009+00:00,ticker_only,2026-09-24T07:05:03.261896+00:00,ticker_only,,,,,
exnight-strategy-v3,rSATA-2026-09-29-1,rSATA,RSATAUSDT,2026-09-29,2026-09-24T23:30:06+00:00,0.9656110633409246,0.18323952822276032,127,0.599132006895404,E1_DOCUMENTED_PRECEDENT,0.3,0.3,"dividends_89_2026_09_23: rSATA ex 2026-08-24 0.0516 at 30%, available 2026-09-23T12:34:33+00:00 (primary)",0.0516000000000000,1000,100.01,HOLD,,2026-09-24T23:05:03.233009+00:00,ticker_only,2026-09-24T07:05:03.261896+00:00,ticker_only,0.24996520937312638,-0.2551699978173235,-0.2551699978173235,5.15948405159484,
exnight-strategy-v3,rSATA-2026-09-29-1,rSATA,RSATAUSDT,2026-09-29,2026-09-24T23:30:06+00:00,0.9656110633409246,0.18323952822276032,127,0.599132006895404,E1_DOCUMENTED_PRECEDENT,0.3,0.3,"dividends_89_2026_09_23: rSATA ex 2026-08-24 0.0516 at 30%, available 2026-09-23T12:34:33+00:00 (primary)",0.0516000000000000,5000,100.01,NO_SIGNAL,"buy: $5,000 exceeds visible top-of-book ($1,600) on ticker-only symbol",2026-09-24T23:05:03.233009+00:00,ticker_only,2026-09-24T07:05:03.261896+00:00,ticker_only,,,,,
exnight-strategy-v3,rSATA-2026-09-29-1,rSATA,RSATAUSDT,2026-09-29,2026-09-24T23:30:06+00:00,0.9656110633409246,0.18323952822276032,127,0.599132006895404,E1_DOCUMENTED_PRECEDENT,0.3,0.3,"dividends_89_2026_09_23: rSATA ex 2026-08-24 0.0516 at 30%, available 2026-09-23T12:34:33+00:00 (primary)",0.0516000000000000,25000,100.01,NO_SIGNAL,"sell: $25,000 exceeds visible top-of-book ($7,999) on ticker-only symbol; buy: $25,000 exceeds visible top-of-book ($1,600) on ticker-only symbol",2026-09-24T23:05:03.233009+00:00,ticker_only,2026-09-24T07:05:03.261896+00:00,ticker_only,,,,,
exnight-strategy-v3,rSATA-2026-09-30-1,rSATA,RSATAUSDT,2026-09-30,2026-09-24T23:30:06+00:00,0.9656110633409246,0.18323952822276032,127,0.599132006895404,E1_DOCUMENTED_PRECEDENT,0.3,0.3,"dividends_89_2026_09_23: rSATA ex 2026-08-24 0.0516 at 30%, available 2026-09-23T12:34:33+00:00 (primary)",0.0516000000000000,1000,100.01,HOLD,,2026-09-24T23:05:03.233009+00:00,ticker_only,2026-09-24T07:05:03.261896+00:00,ticker_only,0.24996520937312638,-0.2551699978173235,-0.2551699978173235,5.15948405159484,
exnight-strategy-v3,rSATA-2026-09-30-1,rSATA,RSATAUSDT,2026-09-30,2026-09-24T23:30:06+00:00,0.9656110633409246,0.18323952822276032,127,0.599132006895404,E1_DOCUMENTED_PRECEDENT,0.3,0.3,"dividends_89_2026_09_23: rSATA ex 2026-08-24 0.0516 at 30%, available 2026-09-23T12:34:33+00:00 (primary)",0.0516000000000000,5000,100.01,NO_SIGNAL,"buy: $5,000 exceeds visible top-of-book ($1,600) on ticker-only symbol",2026-09-24T23:05:03.233009+00:00,ticker_only,2026-09-24T07:05:03.261896+00:00,ticker_only,,,,,
exnight-strategy-v3,rSATA-2026-09-30-1,rSATA,RSATAUSDT,2026-09-30,2026-09-24T23:30:06+00:00,0.9656110633409246,0.18323952822276032,127,0.599132006895404,E1_DOCUMENTED_PRECEDENT,0.3,0.3,"dividends_89_2026_09_23: rSATA ex 2026-08-24 0.0516 at 30%, available 2026-09-23T12:34:33+00:00 (primary)",0.0516000000000000,25000,100.01,NO_SIGNAL,"sell: $25,000 exceeds visible top-of-book ($7,999) on ticker-only symbol; buy: $25,000 exceeds visible top-of-book ($1,600) on ticker-only symbol",2026-09-24T23:05:03.233009+00:00,ticker_only,2026-09-24T07:05:03.261896+00:00,ticker_only,,,,,
exnight-strategy-v3,rSATA-2026-10-01-1,rSATA,RSATAUSDT,2026-10-01,2026-09-24T23:30:06+00:00,0.9656110633409246,0.18323952822276032,127,0.599132006895404,E1_DOCUMENTED_PRECEDENT,0.3,0.3,"dividends_89_2026_09_23: rSATA ex 2026-08-24 0.0516 at 30%, available 2026-09-23T12:34:33+00:00 (primary)",0.0516000000000000,1000,100.01,HOLD,,2026-09-24T23:05:03.233009+00:00,ticker_only,2026-09-24T07:05:03.261896+00:00,ticker_only,0.24996520937312638,-0.2551699978173235,-0.2551699978173235,5.15948405159484,
exnight-strategy-v3,rSATA-2026-10-01-1,rSATA,RSATAUSDT,2026-10-01,2026-09-24T23:30:06+00:00,0.9656110633409246,0.18323952822276032,127,0.599132006895404,E1_DOCUMENTED_PRECEDENT,0.3,0.3,"dividends_89_2026_09_23: rSATA ex 2026-08-24 0.0516 at 30%, available 2026-09-23T12:34:33+00:00 (primary)",0.0516000000000000,5000,100.01,NO_SIGNAL,"buy: $5,000 exceeds visible top-of-book ($1,600) on ticker-only symbol",2026-09-24T23:05:03.233009+00:00,ticker_only,2026-09-24T07:05:03.261896+00:00,ticker_only,,,,,
exnight-strategy-v3,rSATA-2026-10-01-1,rSATA,RSATAUSDT,2026-10-01,2026-09-24T23:30:06+00:00,0.9656110633409246,0.18323952822276032,127,0.599132006895404,E1_DOCUMENTED_PRECEDENT,0.3,0.3,"dividends_89_2026_09_23: rSATA ex 2026-08-24 0.0516 at 30%, available 2026-09-23T12:34:33+00:00 (primary)",0.0516000000000000,25000,100.01,NO_SIGNAL,"sell: $25,000 exceeds visible top-of-book ($7,999) on ticker-only symbol; buy: $25,000 exceeds visible top-of-book ($1,600) on ticker-only symbol",2026-09-24T23:05:03.233009+00:00,ticker_only,2026-09-24T07:05:03.261896+00:00,ticker_only,,,,,
exnight-strategy-v3,rSATA-2026-10-02-1,rSATA,RSATAUSDT,2026-10-02,2026-09-24T23:30:06+00:00,0.9656110633409246,0.18323952822276032,127,0.599132006895404,E1_DOCUMENTED_PRECEDENT,0.3,0.3,"dividends_89_2026_09_23: rSATA ex 2026-08-24 0.0516 at 30%, available 2026-09-23T12:34:33+00:00 (primary)",0.0516000000000000,1000,100.01,HOLD,,2026-09-24T23:05:03.233009+00:00,ticker_only,2026-09-24T07:05:03.261896+00:00,ticker_only,0.24996520937312638,-0.2551699978173235,-0.2551699978173235,5.15948405159484,
exnight-strategy-v3,rSATA-2026-10-02-1,rSATA,RSATAUSDT,2026-10-02,2026-09-24T23:30:06+00:00,0.9656110633409246,0.18323952822276032,127,0.599132006895404,E1_DOCUMENTED_PRECEDENT,0.3,0.3,"dividends_89_2026_09_23: rSATA ex 2026-08-24 0.0516 at 30%, available 2026-09-23T12:34:33+00:00 (primary)",0.0516000000000000,5000,100.01,NO_SIGNAL,"buy: $5,000 exceeds visible top-of-book ($1,600) on ticker-only symbol",2026-09-24T23:05:03.233009+00:00,ticker_only,2026-09-24T07:05:03.261896+00:00,ticker_only,,,,,
exnight-strategy-v3,rSATA-2026-10-02-1,rSATA,RSATAUSDT,2026-10-02,2026-09-24T23:30:06+00:00,0.9656110633409246,0.18323952822276032,127,0.599132006895404,E1_DOCUMENTED_PRECEDENT,0.3,0.3,"dividends_89_2026_09_23: rSATA ex 2026-08-24 0.0516 at 30%, available 2026-09-23T12:34:33+00:00 (primary)",0.0516000000000000,25000,100.01,NO_SIGNAL,"sell: $25,000 exceeds visible top-of-book ($7,999) on ticker-only symbol; buy: $25,000 exceeds visible top-of-book ($1,600) on ticker-only symbol",2026-09-24T23:05:03.233009+00:00,ticker_only,2026-09-24T07:05:03.261896+00:00,ticker_only,,,,,
exnight-strategy-v3,rSATA-2026-10-05-1,rSATA,RSATAUSDT,2026-10-05,2026-09-24T23:30:06+00:00,0.9656110633409246,0.18323952822276032,127,0.599132006895404,E1_DOCUMENTED_PRECEDENT,0.3,0.3,"dividends_89_2026_09_23: rSATA ex 2026-08-24 0.0516 at 30%, available 2026-09-23T12:34:33+00:00 (primary)",0.0516000000000000,1000,100.01,HOLD,,2026-09-24T23:05:03.233009+00:00,ticker_only,2026-09-24T07:05:03.261896+00:00,ticker_only,0.24996520937312638,-0.2551699978173235,-0.2551699978173235,5.15948405159484,
exnight-strategy-v3,rSATA-2026-10-05-1,rSATA,RSATAUSDT,2026-10-05,2026-09-24T23:30:06+00:00,0.9656110633409246,0.18323952822276032,127,0.599132006895404,E1_DOCUMENTED_PRECEDENT,0.3,0.3,"dividends_89_2026_09_23: rSATA ex 2026-08-24 0.0516 at 30%, available 2026-09-23T12:34:33+00:00 (primary)",0.0516000000000000,5000,100.01,NO_SIGNAL,"buy: $5,000 exceeds visible top-of-book ($1,600) on ticker-only symbol",2026-09-24T23:05:03.233009+00:00,ticker_only,2026-09-24T07:05:03.261896+00:00,ticker_only,,,,,
exnight-strategy-v3,rSATA-2026-10-05-1,rSATA,RSATAUSDT,2026-10-05,2026-09-24T23:30:06+00:00,0.9656110633409246,0.18323952822276032,127,0.599132006895404,E1_DOCUMENTED_PRECEDENT,0.3,0.3,"dividends_89_2026_09_23: rSATA ex 2026-08-24 0.0516 at 30%, available 2026-09-23T12:34:33+00:00 (primary)",0.0516000000000000,25000,100.01,NO_SIGNAL,"sell: $25,000 exceeds visible top-of-book ($7,999) on ticker-only symbol; buy: $25,000 exceeds visible top-of-book ($1,600) on ticker-only symbol",2026-09-24T23:05:03.233009+00:00,ticker_only,2026-09-24T07:05:03.261896+00:00,ticker_only,,,,,
exnight-strategy-v3,rSATA-2026-10-06-1,rSATA,RSATAUSDT,2026-10-06,2026-09-24T23:30:06+00:00,0.9656110633409246,0.18323952822276032,127,0.599132006895404,E1_DOCUMENTED_PRECEDENT,0.3,0.3,"dividends_89_2026_09_23: rSATA ex 2026-08-24 0.0516 at 30%, available 2026-09-23T12:34:33+00:00 (primary)",0.0516000000000000,1000,100.01,HOLD,,2026-09-24T23:05:03.233009+00:00,ticker_only,2026-09-24T07:05:03.261896+00:00,ticker_only,0.24996520937312638,-0.2551699978173235,-0.2551699978173235,5.15948405159484,
exnight-strategy-v3,rSATA-2026-10-06-1,rSATA,RSATAUSDT,2026-10-06,2026-09-24T23:30:06+00:00,0.9656110633409246,0.18323952822276032,127,0.599132006895404,E1_DOCUMENTED_PRECEDENT,0.3,0.3,"dividends_89_2026_09_23: rSATA ex 2026-08-24 0.0516 at 30%, available 2026-09-23T12:34:33+00:00 (primary)",0.0516000000000000,5000,100.01,NO_SIGNAL,"buy: $5,000 exceeds visible top-of-book ($1,600) on ticker-only symbol",2026-09-24T23:05:03.233009+00:00,ticker_only,2026-09-24T07:05:03.261896+00:00,ticker_only,,,,,
exnight-strategy-v3,rSATA-2026-10-06-1,rSATA,RSATAUSDT,2026-10-06,2026-09-24T23:30:06+00:00,0.9656110633409246,0.18323952822276032,127,0.599132006895404,E1_DOCUMENTED_PRECEDENT,0.3,0.3,"dividends_89_2026_09_23: rSATA ex 2026-08-24 0.0516 at 30%, available 2026-09-23T12:34:33+00:00 (primary)",0.0516000000000000,25000,100.01,NO_SIGNAL,"sell: $25,000 exceeds visible top-of-book ($7,999) on ticker-only symbol; buy: $25,000 exceeds visible top-of-book ($1,600) on ticker-only symbol",2026-09-24T23:05:03.233009+00:00,ticker_only,2026-09-24T07:05:03.261896+00:00,ticker_only,,,,,
exnight-strategy-v3,rSATA-2026-10-07-1,rSATA,RSATAUSDT,2026-10-07,2026-09-24T23:30:06+00:00,0.9656110633409246,0.18323952822276032,127,0.599132006895404,E1_DOCUMENTED_PRECEDENT,0.3,0.3,"dividends_89_2026_09_23: rSATA ex 2026-08-24 0.0516 at 30%, available 2026-09-23T12:34:33+00:00 (primary)",0.0516000000000000,1000,100.01,HOLD,,2026-09-24T23:05:03.233009+00:00,ticker_only,2026-09-24T07:05:03.261896+00:00,ticker_only,0.24996520937312638,-0.2551699978173235,-0.2551699978173235,5.15948405159484,
exnight-strategy-v3,rSATA-2026-10-07-1,rSATA,RSATAUSDT,2026-10-07,2026-09-24T23:30:06+00:00,0.9656110633409246,0.18323952822276032,127,0.599132006895404,E1_DOCUMENTED_PRECEDENT,0.3,0.3,"dividends_89_2026_09_23: rSATA ex 2026-08-24 0.0516 at 30%, available 2026-09-23T12:34:33+00:00 (primary)",0.0516000000000000,5000,100.01,NO_SIGNAL,"buy: $5,000 exceeds visible top-of-book ($1,600) on ticker-only symbol",2026-09-24T23:05:03.233009+00:00,ticker_only,2026-09-24T07:05:03.261896+00:00,ticker_only,,,,,
exnight-strategy-v3,rSATA-2026-10-07-1,rSATA,RSATAUSDT,2026-10-07,2026-09-24T23:30:06+00:00,0.9656110633409246,0.18323952822276032,127,0.599132006895404,E1_DOCUMENTED_PRECEDENT,0.3,0.3,"dividends_89_2026_09_23: rSATA ex 2026-08-24 0.0516 at 30%, available 2026-09-23T12:34:33+00:00 (primary)",0.0516000000000000,25000,100.01,NO_SIGNAL,"sell: $25,000 exceeds visible top-of-book ($7,999) on ticker-only symbol; buy: $25,000 exceeds visible top-of-book ($1,600) on ticker-only symbol",2026-09-24T23:05:03.233009+00:00,ticker_only,2026-09-24T07:05:03.261896+00:00,ticker_only,,,,,
exnight-strategy-v3,rSATA-2026-10-08-1,rSATA,RSATAUSDT,2026-10-08,2026-09-24T23:30:06+00:00,0.9656110633409246,0.18323952822276032,127,0.599132006895404,E1_DOCUMENTED_PRECEDENT,0.3,0.3,"dividends_89_2026_09_23: rSATA ex 2026-08-24 0.0516 at 30%, available 2026-09-23T12:34:33+00:00 (primary)",0.0516000000000000,1000,100.01,HOLD,,2026-09-24T23:05:03.233009+00:00,ticker_only,2026-09-24T07:05:03.261896+00:00,ticker_only,0.24996520937312638,-0.2551699978173235,-0.2551699978173235,5.15948405159484,
exnight-strategy-v3,rSATA-2026-10-08-1,rSATA,RSATAUSDT,2026-10-08,2026-09-24T23:30:06+00:00,0.9656110633409246,0.18323952822276032,127,0.599132006895404,E1_DOCUMENTED_PRECEDENT,0.3,0.3,"dividends_89_2026_09_23: rSATA ex 2026-08-24 0.0516 at 30%, available 2026-09-23T12:34:33+00:00 (primary)",0.0516000000000000,5000,100.01,NO_SIGNAL,"buy: $5,000 exceeds visible top-of-book ($1,600) on ticker-only symbol",2026-09-24T23:05:03.233009+00:00,ticker_only,2026-09-24T07:05:03.261896+00:00,ticker_only,,,,,
exnight-strategy-v3,rSATA-2026-10-08-1,rSATA,RSATAUSDT,2026-10-08,2026-09-24T23:30:06+00:00,0.9656110633409246,0.18323952822276032,127,0.599132006895404,E1_DOCUMENTED_PRECEDENT,0.3,0.3,"dividends_89_2026_09_23: rSATA ex 2026-08-24 0.0516 at 30%, available 2026-09-23T12:34:33+00:00 (primary)",0.0516000000000000,25000,100.01,NO_SIGNAL,"sell: $25,000 exceeds visible top-of-book ($7,999) on ticker-only symbol; buy: $25,000 exceeds visible top-of-book ($1,600) on ticker-only symbol",2026-09-24T23:05:03.233009+00:00,ticker_only,2026-09-24T07:05:03.261896+00:00,ticker_only,,,,,
exnight-strategy-v3,rSAIC-2026-10-09-1,rSAIC,RSAICUSDT,2026-10-09,2026-09-24T23:30:06+00:00,0.9656110633409246,0.18323952822276032,127,0.599132006895404,E0_RANGE,0.0,0.3,no pre-decision precedent,0.3700000000000000,1000,132.43,NO_SIGNAL,sell: no depth sample for this symbol/session; buy: no depth sample for this symbol/session,,,,,,,,,
exnight-strategy-v3,rSAIC-2026-10-09-1,rSAIC,RSAICUSDT,2026-10-09,2026-09-24T23:30:06+00:00,0.9656110633409246,0.18323952822276032,127,0.599132006895404,E0_RANGE,0.0,0.3,no pre-decision precedent,0.3700000000000000,5000,132.43,NO_SIGNAL,sell: no depth sample for this symbol/session; buy: no depth sample for this symbol/session,,,,,,,,,
exnight-strategy-v3,rSAIC-2026-10-09-1,rSAIC,RSAICUSDT,2026-10-09,2026-09-24T23:30:06+00:00,0.9656110633409246,0.18323952822276032,127,0.599132006895404,E0_RANGE,0.0,0.3,no pre-decision precedent,0.3700000000000000,25000,132.43,NO_SIGNAL,sell: no depth sample for this symbol/session; buy: no depth sample for this symbol/session,,,,,,,,,
exnight-strategy-v3,rSATA-2026-10-09-1,rSATA,RSATAUSDT,2026-10-09,2026-09-24T23:30:06+00:00,0.9656110633409246,0.18323952822276032,127,0.599132006895404,E1_DOCUMENTED_PRECEDENT,0.3,0.3,"dividends_89_2026_09_23: rSATA ex 2026-08-24 0.0516 at 30%, available 2026-09-23T12:34:33+00:00 (primary)",0.0516000000000000,1000,100.01,HOLD,,2026-09-24T23:05:03.233009+00:00,ticker_only,2026-09-24T07:05:03.261896+00:00,ticker_only,0.24996520937312638,-0.2551699978173235,-0.2551699978173235,5.15948405159484,
exnight-strategy-v3,rSATA-2026-10-09-1,rSATA,RSATAUSDT,2026-10-09,2026-09-24T23:30:06+00:00,0.9656110633409246,0.18323952822276032,127,0.599132006895404,E1_DOCUMENTED_PRECEDENT,0.3,0.3,"dividends_89_2026_09_23: rSATA ex 2026-08-24 0.0516 at 30%, available 2026-09-23T12:34:33+00:00 (primary)",0.0516000000000000,5000,100.01,NO_SIGNAL,"buy: $5,000 exceeds visible top-of-book ($1,600) on ticker-only symbol",2026-09-24T23:05:03.233009+00:00,ticker_only,2026-09-24T07:05:03.261896+00:00,ticker_only,,,,,
exnight-strategy-v3,rSATA-2026-10-09-1,rSATA,RSATAUSDT,2026-10-09,2026-09-24T23:30:06+00:00,0.9656110633409246,0.18323952822276032,127,0.599132006895404,E1_DOCUMENTED_PRECEDENT,0.3,0.3,"dividends_89_2026_09_23: rSATA ex 2026-08-24 0.0516 at 30%, available 2026-09-23T12:34:33+00:00 (primary)",0.0516000000000000,25000,100.01,NO_SIGNAL,"sell: $25,000 exceeds visible top-of-book ($7,999) on ticker-only symbol; buy: $25,000 exceeds visible top-of-book ($1,600) on ticker-only symbol",2026-09-24T23:05:03.233009+00:00,ticker_only,2026-09-24T07:05:03.261896+00:00,ticker_only,,,,,
exnight-strategy-v3,rSATA-2026-10-13-1,rSATA,RSATAUSDT,2026-10-13,2026-09-24T23:30:06+00:00,0.9656110633409246,0.18323952822276032,127,0.599132006895404,E1_DOCUMENTED_PRECEDENT,0.3,0.3,"dividends_89_2026_09_23: rSATA ex 2026-08-24 0.0516 at 30%, available 2026-09-23T12:34:33+00:00 (primary)",0.0516000000000000,1000,100.01,HOLD,,2026-09-24T23:05:03.233009+00:00,ticker_only,2026-09-24T07:05:03.261896+00:00,ticker_only,0.24996520937312638,-0.2551699978173235,-0.2551699978173235,5.15948405159484,
exnight-strategy-v3,rSATA-2026-10-13-1,rSATA,RSATAUSDT,2026-10-13,2026-09-24T23:30:06+00:00,0.9656110633409246,0.18323952822276032,127,0.599132006895404,E1_DOCUMENTED_PRECEDENT,0.3,0.3,"dividends_89_2026_09_23: rSATA ex 2026-08-24 0.0516 at 30%, available 2026-09-23T12:34:33+00:00 (primary)",0.0516000000000000,5000,100.01,NO_SIGNAL,"buy: $5,000 exceeds visible top-of-book ($1,600) on ticker-only symbol",2026-09-24T23:05:03.233009+00:00,ticker_only,2026-09-24T07:05:03.261896+00:00,ticker_only,,,,,
exnight-strategy-v3,rSATA-2026-10-13-1,rSATA,RSATAUSDT,2026-10-13,2026-09-24T23:30:06+00:00,0.9656110633409246,0.18323952822276032,127,0.599132006895404,E1_DOCUMENTED_PRECEDENT,0.3,0.3,"dividends_89_2026_09_23: rSATA ex 2026-08-24 0.0516 at 30%, available 2026-09-23T12:34:33+00:00 (primary)",0.0516000000000000,25000,100.01,NO_SIGNAL,"sell: $25,000 exceeds visible top-of-book ($7,999) on ticker-only symbol; buy: $25,000 exceeds visible top-of-book ($1,600) on ticker-only symbol",2026-09-24T23:05:03.233009+00:00,ticker_only,2026-09-24T07:05:03.261896+00:00,ticker_only,,,,,
exnight-strategy-v3,rSATA-2026-10-14-1,rSATA,RSATAUSDT,2026-10-14,2026-09-24T23:30:06+00:00,0.9656110633409246,0.18323952822276032,127,0.599132006895404,E1_DOCUMENTED_PRECEDENT,0.3,0.3,"dividends_89_2026_09_23: rSATA ex 2026-08-24 0.0516 at 30%, available 2026-09-23T12:34:33+00:00 (primary)",0.0516000000000000,1000,100.01,HOLD,,2026-09-24T23:05:03.233009+00:00,ticker_only,2026-09-24T07:05:03.261896+00:00,ticker_only,0.24996520937312638,-0.2551699978173235,-0.2551699978173235,5.15948405159484,
exnight-strategy-v3,rSATA-2026-10-14-1,rSATA,RSATAUSDT,2026-10-14,2026-09-24T23:30:06+00:00,0.9656110633409246,0.18323952822276032,127,0.599132006895404,E1_DOCUMENTED_PRECEDENT,0.3,0.3,"dividends_89_2026_09_23: rSATA ex 2026-08-24 0.0516 at 30%, available 2026-09-23T12:34:33+00:00 (primary)",0.0516000000000000,5000,100.01,NO_SIGNAL,"buy: $5,000 exceeds visible top-of-book ($1,600) on ticker-only symbol",2026-09-24T23:05:03.233009+00:00,ticker_only,2026-09-24T07:05:03.261896+00:00,ticker_only,,,,,
exnight-strategy-v3,rSATA-2026-10-14-1,rSATA,RSATAUSDT,2026-10-14,2026-09-24T23:30:06+00:00,0.9656110633409246,0.18323952822276032,127,0.599132006895404,E1_DOCUMENTED_PRECEDENT,0.3,0.3,"dividends_89_2026_09_23: rSATA ex 2026-08-24 0.0516 at 30%, available 2026-09-23T12:34:33+00:00 (primary)",0.0516000000000000,25000,100.01,NO_SIGNAL,"sell: $25,000 exceeds visible top-of-book ($7,999) on ticker-only symbol; buy: $25,000 exceeds visible top-of-book ($1,600) on ticker-only symbol",2026-09-24T23:05:03.233009+00:00,ticker_only,2026-09-24T07:05:03.261896+00:00,ticker_only,,,,,
exnight-strategy-v3,rSATA-2026-10-15-1,rSATA,RSATAUSDT,2026-10-15,2026-09-24T23:30:06+00:00,0.9656110633409246,0.18323952822276032,127,0.599132006895404,E1_DOCUMENTED_PRECEDENT,0.3,0.3,"dividends_89_2026_09_23: rSATA ex 2026-08-24 0.0516 at 30%, available 2026-09-23T12:34:33+00:00 (primary)",0.0516000000000000,1000,100.01,HOLD,,2026-09-24T23:05:03.233009+00:00,ticker_only,2026-09-24T07:05:03.261896+00:00,ticker_only,0.24996520937312638,-0.2551699978173235,-0.2551699978173235,5.15948405159484,
exnight-strategy-v3,rSATA-2026-10-15-1,rSATA,RSATAUSDT,2026-10-15,2026-09-24T23:30:06+00:00,0.9656110633409246,0.18323952822276032,127,0.599132006895404,E1_DOCUMENTED_PRECEDENT,0.3,0.3,"dividends_89_2026_09_23: rSATA ex 2026-08-24 0.0516 at 30%, available 2026-09-23T12:34:33+00:00 (primary)",0.0516000000000000,5000,100.01,NO_SIGNAL,"buy: $5,000 exceeds visible top-of-book ($1,600) on ticker-only symbol",2026-09-24T23:05:03.233009+00:00,ticker_only,2026-09-24T07:05:03.261896+00:00,ticker_only,,,,,
exnight-strategy-v3,rSATA-2026-10-15-1,rSATA,RSATAUSDT,2026-10-15,2026-09-24T23:30:06+00:00,0.9656110633409246,0.18323952822276032,127,0.599132006895404,E1_DOCUMENTED_PRECEDENT,0.3,0.3,"dividends_89_2026_09_23: rSATA ex 2026-08-24 0.0516 at 30%, available 2026-09-23T12:34:33+00:00 (primary)",0.0516000000000000,25000,100.01,NO_SIGNAL,"sell: $25,000 exceeds visible top-of-book ($7,999) on ticker-only symbol; buy: $25,000 exceeds visible top-of-book ($1,600) on ticker-only symbol",2026-09-24T23:05:03.233009+00:00,ticker_only,2026-09-24T07:05:03.261896+00:00,ticker_only,,,,,
exnight-strategy-v3,rSATA-2026-10-16-1,rSATA,RSATAUSDT,2026-10-16,2026-09-24T23:30:06+00:00,0.9656110633409246,0.18323952822276032,127,0.599132006895404,E1_DOCUMENTED_PRECEDENT,0.3,0.3,"dividends_89_2026_09_23: rSATA ex 2026-08-24 0.0516 at 30%, available 2026-09-23T12:34:33+00:00 (primary)",0.0516000000000000,1000,100.01,HOLD,,2026-09-24T23:05:03.233009+00:00,ticker_only,2026-09-24T07:05:03.261896+00:00,ticker_only,0.24996520937312638,-0.2551699978173235,-0.2551699978173235,5.15948405159484,
exnight-strategy-v3,rSATA-2026-10-16-1,rSATA,RSATAUSDT,2026-10-16,2026-09-24T23:30:06+00:00,0.9656110633409246,0.18323952822276032,127,0.599132006895404,E1_DOCUMENTED_PRECEDENT,0.3,0.3,"dividends_89_2026_09_23: rSATA ex 2026-08-24 0.0516 at 30%, available 2026-09-23T12:34:33+00:00 (primary)",0.0516000000000000,5000,100.01,NO_SIGNAL,"buy: $5,000 exceeds visible top-of-book ($1,600) on ticker-only symbol",2026-09-24T23:05:03.233009+00:00,ticker_only,2026-09-24T07:05:03.261896+00:00,ticker_only,,,,,
exnight-strategy-v3,rSATA-2026-10-16-1,rSATA,RSATAUSDT,2026-10-16,2026-09-24T23:30:06+00:00,0.9656110633409246,0.18323952822276032,127,0.599132006895404,E1_DOCUMENTED_PRECEDENT,0.3,0.3,"dividends_89_2026_09_23: rSATA ex 2026-08-24 0.0516 at 30%, available 2026-09-23T12:34:33+00:00 (primary)",0.0516000000000000,25000,100.01,NO_SIGNAL,"sell: $25,000 exceeds visible top-of-book ($7,999) on ticker-only symbol; buy: $25,000 exceeds visible top-of-book ($1,600) on ticker-only symbol",2026-09-24T23:05:03.233009+00:00,ticker_only,2026-09-24T07:05:03.261896+00:00,ticker_only,,,,,
exnight-strategy-v3,rSATA-2026-10-19-1,rSATA,RSATAUSDT,2026-10-19,2026-09-24T23:30:06+00:00,0.9656110633409246,0.18323952822276032,127,0.599132006895404,E1_DOCUMENTED_PRECEDENT,0.3,0.3,"dividends_89_2026_09_23: rSATA ex 2026-08-24 0.0516 at 30%, available 2026-09-23T12:34:33+00:00 (primary)",0.0516000000000000,1000,100.01,HOLD,,2026-09-24T23:05:03.233009+00:00,ticker_only,2026-09-24T07:05:03.261896+00:00,ticker_only,0.24996520937312638,-0.2551699978173235,-0.2551699978173235,5.15948405159484,
exnight-strategy-v3,rSATA-2026-10-19-1,rSATA,RSATAUSDT,2026-10-19,2026-09-24T23:30:06+00:00,0.9656110633409246,0.18323952822276032,127,0.599132006895404,E1_DOCUMENTED_PRECEDENT,0.3,0.3,"dividends_89_2026_09_23: rSATA ex 2026-08-24 0.0516 at 30%, available 2026-09-23T12:34:33+00:00 (primary)",0.0516000000000000,5000,100.01,NO_SIGNAL,"buy: $5,000 exceeds visible top-of-book ($1,600) on ticker-only symbol",2026-09-24T23:05:03.233009+00:00,ticker_only,2026-09-24T07:05:03.261896+00:00,ticker_only,,,,,
exnight-strategy-v3,rSATA-2026-10-19-1,rSATA,RSATAUSDT,2026-10-19,2026-09-24T23:30:06+00:00,0.9656110633409246,0.18323952822276032,127,0.599132006895404,E1_DOCUMENTED_PRECEDENT,0.3,0.3,"dividends_89_2026_09_23: rSATA ex 2026-08-24 0.0516 at 30%, available 2026-09-23T12:34:33+00:00 (primary)",0.0516000000000000,25000,100.01,NO_SIGNAL,"sell: $25,000 exceeds visible top-of-book ($7,999) on ticker-only symbol; buy: $25,000 exceeds visible top-of-book ($1,600) on ticker-only symbol",2026-09-24T23:05:03.233009+00:00,ticker_only,2026-09-24T07:05:03.261896+00:00,ticker_only,,,,,
exnight-strategy-v3,rSATA-2026-10-20-1,rSATA,RSATAUSDT,2026-10-20,2026-09-24T23:30:06+00:00,0.9656110633409246,0.18323952822276032,127,0.599132006895404,E1_DOCUMENTED_PRECEDENT,0.3,0.3,"dividends_89_2026_09_23: rSATA ex 2026-08-24 0.0516 at 30%, available 2026-09-23T12:34:33+00:00 (primary)",0.0516000000000000,1000,100.01,HOLD,,2026-09-24T23:05:03.233009+00:00,ticker_only,2026-09-24T07:05:03.261896+00:00,ticker_only,0.24996520937312638,-0.2551699978173235,-0.2551699978173235,5.15948405159484,
exnight-strategy-v3,rSATA-2026-10-20-1,rSATA,RSATAUSDT,2026-10-20,2026-09-24T23:30:06+00:00,0.9656110633409246,0.18323952822276032,127,0.599132006895404,E1_DOCUMENTED_PRECEDENT,0.3,0.3,"dividends_89_2026_09_23: rSATA ex 2026-08-24 0.0516 at 30%, available 2026-09-23T12:34:33+00:00 (primary)",0.0516000000000000,5000,100.01,NO_SIGNAL,"buy: $5,000 exceeds visible top-of-book ($1,600) on ticker-only symbol",2026-09-24T23:05:03.233009+00:00,ticker_only,2026-09-24T07:05:03.261896+00:00,ticker_only,,,,,
exnight-strategy-v3,rSATA-2026-10-20-1,rSATA,RSATAUSDT,2026-10-20,2026-09-24T23:30:06+00:00,0.9656110633409246,0.18323952822276032,127,0.599132006895404,E1_DOCUMENTED_PRECEDENT,0.3,0.3,"dividends_89_2026_09_23: rSATA ex 2026-08-24 0.0516 at 30%, available 2026-09-23T12:34:33+00:00 (primary)",0.0516000000000000,25000,100.01,NO_SIGNAL,"sell: $25,000 exceeds visible top-of-book ($7,999) on ticker-only symbol; buy: $25,000 exceeds visible top-of-book ($1,600) on ticker-only symbol",2026-09-24T23:05:03.233009+00:00,ticker_only,2026-09-24T07:05:03.261896+00:00,ticker_only,,,,,
exnight-strategy-v3,rSATA-2026-10-21-1,rSATA,RSATAUSDT,2026-10-21,2026-09-24T23:30:06+00:00,0.9656110633409246,0.18323952822276032,127,0.599132006895404,E1_DOCUMENTED_PRECEDENT,0.3,0.3,"dividends_89_2026_09_23: rSATA ex 2026-08-24 0.0516 at 30%, available 2026-09-23T12:34:33+00:00 (primary)",0.0516000000000000,1000,100.01,HOLD,,2026-09-24T23:05:03.233009+00:00,ticker_only,2026-09-24T07:05:03.261896+00:00,ticker_only,0.24996520937312638,-0.2551699978173235,-0.2551699978173235,5.15948405159484,
exnight-strategy-v3,rSATA-2026-10-21-1,rSATA,RSATAUSDT,2026-10-21,2026-09-24T23:30:06+00:00,0.9656110633409246,0.18323952822276032,127,0.599132006895404,E1_DOCUMENTED_PRECEDENT,0.3,0.3,"dividends_89_2026_09_23: rSATA ex 2026-08-24 0.0516 at 30%, available 2026-09-23T12:34:33+00:00 (primary)",0.0516000000000000,5000,100.01,NO_SIGNAL,"buy: $5,000 exceeds visible top-of-book ($1,600) on ticker-only symbol",2026-09-24T23:05:03.233009+00:00,ticker_only,2026-09-24T07:05:03.261896+00:00,ticker_only,,,,,
exnight-strategy-v3,rSATA-2026-10-21-1,rSATA,RSATAUSDT,2026-10-21,2026-09-24T23:30:06+00:00,0.9656110633409246,0.18323952822276032,127,0.599132006895404,E1_DOCUMENTED_PRECEDENT,0.3,0.3,"dividends_89_2026_09_23: rSATA ex 2026-08-24 0.0516 at 30%, available 2026-09-23T12:34:33+00:00 (primary)",0.0516000000000000,25000,100.01,NO_SIGNAL,"sell: $25,000 exceeds visible top-of-book ($7,999) on ticker-only symbol; buy: $25,000 exceeds visible top-of-book ($1,600) on ticker-only symbol",2026-09-24T23:05:03.233009+00:00,ticker_only,2026-09-24T07:05:03.261896+00:00,ticker_only,,,,,
exnight-strategy-v3,rSATA-2026-10-22-1,rSATA,RSATAUSDT,2026-10-22,2026-09-24T23:30:06+00:00,0.9656110633409246,0.18323952822276032,127,0.599132006895404,E1_DOCUMENTED_PRECEDENT,0.3,0.3,"dividends_89_2026_09_23: rSATA ex 2026-08-24 0.0516 at 30%, available 2026-09-23T12:34:33+00:00 (primary)",0.0516000000000000,1000,100.01,HOLD,,2026-09-24T23:05:03.233009+00:00,ticker_only,2026-09-24T07:05:03.261896+00:00,ticker_only,0.24996520937312638,-0.2551699978173235,-0.2551699978173235,5.15948405159484,
exnight-strategy-v3,rSATA-2026-10-22-1,rSATA,RSATAUSDT,2026-10-22,2026-09-24T23:30:06+00:00,0.9656110633409246,0.18323952822276032,127,0.599132006895404,E1_DOCUMENTED_PRECEDENT,0.3,0.3,"dividends_89_2026_09_23: rSATA ex 2026-08-24 0.0516 at 30%, available 2026-09-23T12:34:33+00:00 (primary)",0.0516000000000000,5000,100.01,NO_SIGNAL,"buy: $5,000 exceeds visible top-of-book ($1,600) on ticker-only symbol",2026-09-24T23:05:03.233009+00:00,ticker_only,2026-09-24T07:05:03.261896+00:00,ticker_only,,,,,
exnight-strategy-v3,rSATA-2026-10-22-1,rSATA,RSATAUSDT,2026-10-22,2026-09-24T23:30:06+00:00,0.9656110633409246,0.18323952822276032,127,0.599132006895404,E1_DOCUMENTED_PRECEDENT,0.3,0.3,"dividends_89_2026_09_23: rSATA ex 2026-08-24 0.0516 at 30%, available 2026-09-23T12:34:33+00:00 (primary)",0.0516000000000000,25000,100.01,NO_SIGNAL,"sell: $25,000 exceeds visible top-of-book ($7,999) on ticker-only symbol; buy: $25,000 exceeds visible top-of-book ($1,600) on ticker-only symbol",2026-09-24T23:05:03.233009+00:00,ticker_only,2026-09-24T07:05:03.261896+00:00,ticker_only,,,,,
exnight-strategy-v3,rSATA-2026-10-23-1,rSATA,RSATAUSDT,2026-10-23,2026-09-24T23:30:06+00:00,0.9656110633409246,0.18323952822276032,127,0.599132006895404,E1_DOCUMENTED_PRECEDENT,0.3,0.3,"dividends_89_2026_09_23: rSATA ex 2026-08-24 0.0516 at 30%, available 2026-09-23T12:34:33+00:00 (primary)",0.0516000000000000,1000,100.01,HOLD,,2026-09-24T23:05:03.233009+00:00,ticker_only,2026-09-24T07:05:03.261896+00:00,ticker_only,0.24996520937312638,-0.2551699978173235,-0.2551699978173235,5.15948405159484,
exnight-strategy-v3,rSATA-2026-10-23-1,rSATA,RSATAUSDT,2026-10-23,2026-09-24T23:30:06+00:00,0.9656110633409246,0.18323952822276032,127,0.599132006895404,E1_DOCUMENTED_PRECEDENT,0.3,0.3,"dividends_89_2026_09_23: rSATA ex 2026-08-24 0.0516 at 30%, available 2026-09-23T12:34:33+00:00 (primary)",0.0516000000000000,5000,100.01,NO_SIGNAL,"buy: $5,000 exceeds visible top-of-book ($1,600) on ticker-only symbol",2026-09-24T23:05:03.233009+00:00,ticker_only,2026-09-24T07:05:03.261896+00:00,ticker_only,,,,,
exnight-strategy-v3,rSATA-2026-10-23-1,rSATA,RSATAUSDT,2026-10-23,2026-09-24T23:30:06+00:00,0.9656110633409246,0.18323952822276032,127,0.599132006895404,E1_DOCUMENTED_PRECEDENT,0.3,0.3,"dividends_89_2026_09_23: rSATA ex 2026-08-24 0.0516 at 30%, available 2026-09-23T12:34:33+00:00 (primary)",0.0516000000000000,25000,100.01,NO_SIGNAL,"sell: $25,000 exceeds visible top-of-book ($7,999) on ticker-only symbol; buy: $25,000 exceeds visible top-of-book ($1,600) on ticker-only symbol",2026-09-24T23:05:03.233009+00:00,ticker_only,2026-09-24T07:05:03.261896+00:00,ticker_only,,,,,
exnight-strategy-v3,rSATA-2026-10-26-1,rSATA,RSATAUSDT,2026-10-26,2026-09-24T23:30:06+00:00,0.9656110633409246,0.18323952822276032,127,0.599132006895404,E1_DOCUMENTED_PRECEDENT,0.3,0.3,"dividends_89_2026_09_23: rSATA ex 2026-08-24 0.0516 at 30%, available 2026-09-23T12:34:33+00:00 (primary)",0.0516000000000000,1000,100.01,HOLD,,2026-09-24T23:05:03.233009+00:00,ticker_only,2026-09-24T07:05:03.261896+00:00,ticker_only,0.24996520937312638,-0.2551699978173235,-0.2551699978173235,5.15948405159484,
exnight-strategy-v3,rSATA-2026-10-26-1,rSATA,RSATAUSDT,2026-10-26,2026-09-24T23:30:06+00:00,0.9656110633409246,0.18323952822276032,127,0.599132006895404,E1_DOCUMENTED_PRECEDENT,0.3,0.3,"dividends_89_2026_09_23: rSATA ex 2026-08-24 0.0516 at 30%, available 2026-09-23T12:34:33+00:00 (primary)",0.0516000000000000,5000,100.01,NO_SIGNAL,"buy: $5,000 exceeds visible top-of-book ($1,600) on ticker-only symbol",2026-09-24T23:05:03.233009+00:00,ticker_only,2026-09-24T07:05:03.261896+00:00,ticker_only,,,,,
exnight-strategy-v3,rSATA-2026-10-26-1,rSATA,RSATAUSDT,2026-10-26,2026-09-24T23:30:06+00:00,0.9656110633409246,0.18323952822276032,127,0.599132006895404,E1_DOCUMENTED_PRECEDENT,0.3,0.3,"dividends_89_2026_09_23: rSATA ex 2026-08-24 0.0516 at 30%, available 2026-09-23T12:34:33+00:00 (primary)",0.0516000000000000,25000,100.01,NO_SIGNAL,"sell: $25,000 exceeds visible top-of-book ($7,999) on ticker-only symbol; buy: $25,000 exceeds visible top-of-book ($1,600) on ticker-only symbol",2026-09-24T23:05:03.233009+00:00,ticker_only,2026-09-24T07:05:03.261896+00:00,ticker_only,,,,,
exnight-strategy-v3,rSATA-2026-10-27-1,rSATA,RSATAUSDT,2026-10-27,2026-09-24T23:30:06+00:00,0.9656110633409246,0.18323952822276032,127,0.599132006895404,E1_DOCUMENTED_PRECEDENT,0.3,0.3,"dividends_89_2026_09_23: rSATA ex 2026-08-24 0.0516 at 30%, available 2026-09-23T12:34:33+00:00 (primary)",0.0516000000000000,1000,100.01,HOLD,,2026-09-24T23:05:03.233009+00:00,ticker_only,2026-09-24T07:05:03.261896+00:00,ticker_only,0.24996520937312638,-0.2551699978173235,-0.2551699978173235,5.15948405159484,
exnight-strategy-v3,rSATA-2026-10-27-1,rSATA,RSATAUSDT,2026-10-27,2026-09-24T23:30:06+00:00,0.9656110633409246,0.18323952822276032,127,0.599132006895404,E1_DOCUMENTED_PRECEDENT,0.3,0.3,"dividends_89_2026_09_23: rSATA ex 2026-08-24 0.0516 at 30%, available 2026-09-23T12:34:33+00:00 (primary)",0.0516000000000000,5000,100.01,NO_SIGNAL,"buy: $5,000 exceeds visible top-of-book ($1,600) on ticker-only symbol",2026-09-24T23:05:03.233009+00:00,ticker_only,2026-09-24T07:05:03.261896+00:00,ticker_only,,,,,
exnight-strategy-v3,rSATA-2026-10-27-1,rSATA,RSATAUSDT,2026-10-27,2026-09-24T23:30:06+00:00,0.9656110633409246,0.18323952822276032,127,0.599132006895404,E1_DOCUMENTED_PRECEDENT,0.3,0.3,"dividends_89_2026_09_23: rSATA ex 2026-08-24 0.0516 at 30%, available 2026-09-23T12:34:33+00:00 (primary)",0.0516000000000000,25000,100.01,NO_SIGNAL,"sell: $25,000 exceeds visible top-of-book ($7,999) on ticker-only symbol; buy: $25,000 exceeds visible top-of-book ($1,600) on ticker-only symbol",2026-09-24T23:05:03.233009+00:00,ticker_only,2026-09-24T07:05:03.261896+00:00,ticker_only,,,,,
exnight-strategy-v3,rSATA-2026-10-28-1,rSATA,RSATAUSDT,2026-10-28,2026-09-24T23:30:06+00:00,0.9656110633409246,0.18323952822276032,127,0.599132006895404,E1_DOCUMENTED_PRECEDENT,0.3,0.3,"dividends_89_2026_09_23: rSATA ex 2026-08-24 0.0516 at 30%, available 2026-09-23T12:34:33+00:00 (primary)",0.0516000000000000,1000,100.01,HOLD,,2026-09-24T23:05:03.233009+00:00,ticker_only,2026-09-24T07:05:03.261896+00:00,ticker_only,0.24996520937312638,-0.2551699978173235,-0.2551699978173235,5.15948405159484,
exnight-strategy-v3,rSATA-2026-10-28-1,rSATA,RSATAUSDT,2026-10-28,2026-09-24T23:30:06+00:00,0.9656110633409246,0.18323952822276032,127,0.599132006895404,E1_DOCUMENTED_PRECEDENT,0.3,0.3,"dividends_89_2026_09_23: rSATA ex 2026-08-24 0.0516 at 30%, available 2026-09-23T12:34:33+00:00 (primary)",0.0516000000000000,5000,100.01,NO_SIGNAL,"buy: $5,000 exceeds visible top-of-book ($1,600) on ticker-only symbol",2026-09-24T23:05:03.233009+00:00,ticker_only,2026-09-24T07:05:03.261896+00:00,ticker_only,,,,,
exnight-strategy-v3,rSATA-2026-10-28-1,rSATA,RSATAUSDT,2026-10-28,2026-09-24T23:30:06+00:00,0.9656110633409246,0.18323952822276032,127,0.599132006895404,E1_DOCUMENTED_PRECEDENT,0.3,0.3,"dividends_89_2026_09_23: rSATA ex 2026-08-24 0.0516 at 30%, available 2026-09-23T12:34:33+00:00 (primary)",0.0516000000000000,25000,100.01,NO_SIGNAL,"sell: $25,000 exceeds visible top-of-book ($7,999) on ticker-only symbol; buy: $25,000 exceeds visible top-of-book ($1,600) on ticker-only symbol",2026-09-24T23:05:03.233009+00:00,ticker_only,2026-09-24T07:05:03.261896+00:00,ticker_only,,,,,
exnight-strategy-v3,rSATA-2026-10-29-1,rSATA,RSATAUSDT,2026-10-29,2026-09-24T23:30:06+00:00,0.9656110633409246,0.18323952822276032,127,0.599132006895404,E1_DOCUMENTED_PRECEDENT,0.3,0.3,"dividends_89_2026_09_23: rSATA ex 2026-08-24 0.0516 at 30%, available 2026-09-23T12:34:33+00:00 (primary)",0.0516000000000000,1000,100.01,HOLD,,2026-09-24T23:05:03.233009+00:00,ticker_only,2026-09-24T07:05:03.261896+00:00,ticker_only,0.24996520937312638,-0.2551699978173235,-0.2551699978173235,5.15948405159484,
exnight-strategy-v3,rSATA-2026-10-29-1,rSATA,RSATAUSDT,2026-10-29,2026-09-24T23:30:06+00:00,0.9656110633409246,0.18323952822276032,127,0.599132006895404,E1_DOCUMENTED_PRECEDENT,0.3,0.3,"dividends_89_2026_09_23: rSATA ex 2026-08-24 0.0516 at 30%, available 2026-09-23T12:34:33+00:00 (primary)",0.0516000000000000,5000,100.01,NO_SIGNAL,"buy: $5,000 exceeds visible top-of-book ($1,600) on ticker-only symbol",2026-09-24T23:05:03.233009+00:00,ticker_only,2026-09-24T07:05:03.261896+00:00,ticker_only,,,,,
exnight-strategy-v3,rSATA-2026-10-29-1,rSATA,RSATAUSDT,2026-10-29,2026-09-24T23:30:06+00:00,0.9656110633409246,0.18323952822276032,127,0.599132006895404,E1_DOCUMENTED_PRECEDENT,0.3,0.3,"dividends_89_2026_09_23: rSATA ex 2026-08-24 0.0516 at 30%, available 2026-09-23T12:34:33+00:00 (primary)",0.0516000000000000,25000,100.01,NO_SIGNAL,"sell: $25,000 exceeds visible top-of-book ($7,999) on ticker-only symbol; buy: $25,000 exceeds visible top-of-book ($1,600) on ticker-only symbol",2026-09-24T23:05:03.233009+00:00,ticker_only,2026-09-24T07:05:03.261896+00:00,ticker_only,,,,,
exnight-strategy-v3,rSFBS-2026-10-01-1,rSFBS,RSFBSUSDT,2026-10-01,2026-09-24T23:30:06+00:00,0.9656110633409246,0.18323952822276032,127,0.599132006895404,E0_RANGE,0.0,0.3,no pre-decision precedent,,1000,41.25,NO_SIGNAL,cash basis UNRESOLVED; gross basis required,,,,,,,,,
exnight-strategy-v3,rSFBS-2026-10-01-1,rSFBS,RSFBSUSDT,2026-10-01,2026-09-24T23:30:06+00:00,0.9656110633409246,0.18323952822276032,127,0.599132006895404,E0_RANGE,0.0,0.3,no pre-decision precedent,,5000,41.25,NO_SIGNAL,cash basis UNRESOLVED; gross basis required,,,,,,,,,
exnight-strategy-v3,rSFBS-2026-10-01-1,rSFBS,RSFBSUSDT,2026-10-01,2026-09-24T23:30:06+00:00,0.9656110633409246,0.18323952822276032,127,0.599132006895404,E0_RANGE,0.0,0.3,no pre-decision precedent,,25000,41.25,NO_SIGNAL,cash basis UNRESOLVED; gross basis required,,,,,,,,,
exnight-strategy-v3,rSIG-2026-10-23-1,rSIG,RSIGUSDT,2026-10-23,2026-09-24T23:30:06+00:00,0.9656110633409246,0.18323952822276032,127,0.599132006895404,E0_RANGE,0.0,0.3,no pre-decision precedent,,1000,100.94,NO_SIGNAL,cash basis UNRESOLVED; gross basis required,,,,,,,,,
exnight-strategy-v3,rSIG-2026-10-23-1,rSIG,RSIGUSDT,2026-10-23,2026-09-24T23:30:06+00:00,0.9656110633409246,0.18323952822276032,127,0.599132006895404,E0_RANGE,0.0,0.3,no pre-decision precedent,,5000,100.94,NO_SIGNAL,cash basis UNRESOLVED; gross basis required,,,,,,,,,
exnight-strategy-v3,rSIG-2026-10-23-1,rSIG,RSIGUSDT,2026-10-23,2026-09-24T23:30:06+00:00,0.9656110633409246,0.18323952822276032,127,0.599132006895404,E0_RANGE,0.0,0.3,no pre-decision precedent,,25000,100.94,NO_SIGNAL,cash basis UNRESOLVED; gross basis required,,,,,,,,,
exnight-strategy-v3,rSLG-2026-09-30-1,rSLG,RSLGUSDT,2026-09-30,2026-09-24T23:30:06+00:00,0.9656110633409246,0.18323952822276032,127,0.599132006895404,E0_RANGE,0.0,0.3,no pre-decision precedent,,1000,50.88,NO_SIGNAL,cash basis UNRESOLVED; gross basis required,,,,,,,,,
exnight-strategy-v3,rSLG-2026-09-30-1,rSLG,RSLGUSDT,2026-09-30,2026-09-24T23:30:06+00:00,0.9656110633409246,0.18323952822276032,127,0.599132006895404,E0_RANGE,0.0,0.3,no pre-decision precedent,,5000,50.88,NO_SIGNAL,cash basis UNRESOLVED; gross basis required,,,,,,,,,
exnight-strategy-v3,rSLG-2026-09-30-1,rSLG,RSLGUSDT,2026-09-30,2026-09-24T23:30:06+00:00,0.9656110633409246,0.18323952822276032,127,0.599132006895404,E0_RANGE,0.0,0.3,no pre-decision precedent,,25000,50.88,NO_SIGNAL,cash basis UNRESOLVED; gross basis required,,,,,,,,,
exnight-strategy-v3,rSOBO-2026-09-29-1,rSOBO,RSOBOUSDT,2026-09-29,2026-09-24T23:30:06+00:00,0.9656110633409246,0.18323952822276032,127,0.599132006895404,E0_RANGE,0.0,0.3,no pre-decision precedent,,1000,34.32,NO_SIGNAL,cash basis UNRESOLVED; gross basis required,,,,,,,,,
exnight-strategy-v3,rSOBO-2026-09-29-1,rSOBO,RSOBOUSDT,2026-09-29,2026-09-24T23:30:06+00:00,0.9656110633409246,0.18323952822276032,127,0.599132006895404,E0_RANGE,0.0,0.3,no pre-decision precedent,,5000,34.32,NO_SIGNAL,cash basis UNRESOLVED; gross basis required,,,,,,,,,
exnight-strategy-v3,rSOBO-2026-09-29-1,rSOBO,RSOBOUSDT,2026-09-29,2026-09-24T23:30:06+00:00,0.9656110633409246,0.18323952822276032,127,0.599132006895404,E0_RANGE,0.0,0.3,no pre-decision precedent,,25000,34.32,NO_SIGNAL,cash basis UNRESOLVED; gross basis required,,,,,,,,,
exnight-strategy-v3,rSNN-2026-10-02-1,rSNN,RSNNUSDT,2026-10-02,2026-09-24T23:30:06+00:00,0.9656110633409246,0.18323952822276032,127,0.599132006895404,E0_RANGE,0.0,0.3,no pre-decision precedent,,1000,26.68,NO_SIGNAL,cash basis UNRESOLVED; gross basis required,,,,,,,,,
exnight-strategy-v3,rSNN-2026-10-02-1,rSNN,RSNNUSDT,2026-10-02,2026-09-24T23:30:06+00:00,0.9656110633409246,0.18323952822276032,127,0.599132006895404,E0_RANGE,0.0,0.3,no pre-decision precedent,,5000,26.68,NO_SIGNAL,cash basis UNRESOLVED; gross basis required,,,,,,,,,
exnight-strategy-v3,rSNN-2026-10-02-1,rSNN,RSNNUSDT,2026-10-02,2026-09-24T23:30:06+00:00,0.9656110633409246,0.18323952822276032,127,0.599132006895404,E0_RANGE,0.0,0.3,no pre-decision precedent,,25000,26.68,NO_SIGNAL,cash basis UNRESOLVED; gross basis required,,,,,,,,,
exnight-strategy-v3,rSSD-2026-10-01-1,rSSD,RSSDUSDT,2026-10-01,2026-09-24T23:30:06+00:00,0.9656110633409246,0.18323952822276032,127,0.599132006895404,E0_RANGE,0.0,0.3,no pre-decision precedent,,1000,173.61,NO_SIGNAL,cash basis UNRESOLVED; gross basis required,,,,,,,,,
exnight-strategy-v3,rSSD-2026-10-01-1,rSSD,RSSDUSDT,2026-10-01,2026-09-24T23:30:06+00:00,0.9656110633409246,0.18323952822276032,127,0.599132006895404,E0_RANGE,0.0,0.3,no pre-decision precedent,,5000,173.61,NO_SIGNAL,cash basis UNRESOLVED; gross basis required,,,,,,,,,
exnight-strategy-v3,rSSD-2026-10-01-1,rSSD,RSSDUSDT,2026-10-01,2026-09-24T23:30:06+00:00,0.9656110633409246,0.18323952822276032,127,0.599132006895404,E0_RANGE,0.0,0.3,no pre-decision precedent,,25000,173.61,NO_SIGNAL,cash basis UNRESOLVED; gross basis required,,,,,,,,,
exnight-strategy-v3,rSTN-2026-09-29-1,rSTN,RSTNUSDT,2026-09-29,2026-09-24T23:30:06+00:00,0.9656110633409246,0.18323952822276032,127,0.599132006895404,E0_RANGE,0.0,0.3,no pre-decision precedent,,1000,68.44,NO_SIGNAL,cash basis UNRESOLVED; gross basis required,,,,,,,,,
exnight-strategy-v3,rSTN-2026-09-29-1,rSTN,RSTNUSDT,2026-09-29,2026-09-24T23:30:06+00:00,0.9656110633409246,0.18323952822276032,127,0.599132006895404,E0_RANGE,0.0,0.3,no pre-decision precedent,,5000,68.44,NO_SIGNAL,cash basis UNRESOLVED; gross basis required,,,,,,,,,
exnight-strategy-v3,rSTN-2026-09-29-1,rSTN,RSTNUSDT,2026-09-29,2026-09-24T23:30:06+00:00,0.9656110633409246,0.18323952822276032,127,0.599132006895404,E0_RANGE,0.0,0.3,no pre-decision precedent,,25000,68.44,NO_SIGNAL,cash basis UNRESOLVED; gross basis required,,,,,,,,,
exnight-strategy-v3,rSTAG-2026-09-30-1,rSTAG,RSTAGUSDT,2026-09-30,2026-09-24T23:30:06+00:00,0.9656110633409246,0.18323952822276032,127,0.599132006895404,E0_RANGE,0.0,0.3,no pre-decision precedent,,1000,37.27,NO_SIGNAL,cash basis UNRESOLVED; gross basis required,,,,,,,,,
exnight-strategy-v3,rSTAG-2026-09-30-1,rSTAG,RSTAGUSDT,2026-09-30,2026-09-24T23:30:06+00:00,0.9656110633409246,0.18323952822276032,127,0.599132006895404,E0_RANGE,0.0,0.3,no pre-decision precedent,,5000,37.27,NO_SIGNAL,cash basis UNRESOLVED; gross basis required,,,,,,,,,
exnight-strategy-v3,rSTAG-2026-09-30-1,rSTAG,RSTAGUSDT,2026-09-30,2026-09-24T23:30:06+00:00,0.9656110633409246,0.18323952822276032,127,0.599132006895404,E0_RANGE,0.0,0.3,no pre-decision precedent,,25000,37.27,NO_SIGNAL,cash basis UNRESOLVED; gross basis required,,,,,,,,,
exnight-strategy-v3,rSTLD-2026-09-30-1,rSTLD,RSTLDUSDT,2026-09-30,2026-09-24T23:30:06+00:00,0.9656110633409246,0.18323952822276032,127,0.599132006895404,E0_RANGE,0.0,0.3,no pre-decision precedent,0.5300000000000000,1000,234.07,NO_SIGNAL,sell: no depth sample for this symbol/session; buy: no depth sample for this symbol/session,,,,,,,,,
exnight-strategy-v3,rSTLD-2026-09-30-1,rSTLD,RSTLDUSDT,2026-09-30,2026-09-24T23:30:06+00:00,0.9656110633409246,0.18323952822276032,127,0.599132006895404,E0_RANGE,0.0,0.3,no pre-decision precedent,0.5300000000000000,5000,234.07,NO_SIGNAL,sell: no depth sample for this symbol/session; buy: no depth sample for this symbol/session,,,,,,,,,
exnight-strategy-v3,rSTLD-2026-09-30-1,rSTLD,RSTLDUSDT,2026-09-30,2026-09-24T23:30:06+00:00,0.9656110633409246,0.18323952822276032,127,0.599132006895404,E0_RANGE,0.0,0.3,no pre-decision precedent,0.5300000000000000,25000,234.07,NO_SIGNAL,sell: no depth sample for this symbol/session; buy: no depth sample for this symbol/session,,,,,,,,,
exnight-strategy-v3,rSTRC-2026-09-30-1,rSTRC,RSTRCUSDT,2026-09-30,2026-09-24T23:30:06+00:00,0.9656110633409246,0.18323952822276032,127,0.599132006895404,E1_DOCUMENTED_PRECEDENT,0.3,0.3,"dividends_89_2026_09_23: rSTRC ex 2026-07-31 0.5 at 30%, available 2026-09-23T12:34:33+00:00 (primary)",0.5000000000000000,1000,98.4,HOLD,,2026-09-24T23:05:03.233009+00:00,public_book,2026-09-24T07:05:03.261896+00:00,public_book,0.38265573440890627,-0.43308973096120423,-0.43308973096120423,50.8130081300813,
exnight-strategy-v3,rSTRC-2026-09-30-1,rSTRC,RSTRCUSDT,2026-09-30,2026-09-24T23:30:06+00:00,0.9656110633409246,0.18323952822276032,127,0.599132006895404,E1_DOCUMENTED_PRECEDENT,0.3,0.3,"dividends_89_2026_09_23: rSTRC ex 2026-07-31 0.5 at 30%, available 2026-09-23T12:34:33+00:00 (primary)",0.5000000000000000,5000,98.4,HOLD,,2026-09-24T23:05:03.233009+00:00,public_book,2026-09-24T07:05:03.261896+00:00,public_book,0.5592077730086289,-0.6096417695609269,-0.6096417695609269,50.8130081300813,
exnight-strategy-v3,rSTRC-2026-09-30-1,rSTRC,RSTRCUSDT,2026-09-30,2026-09-24T23:30:06+00:00,0.9656110633409246,0.18323952822276032,127,0.599132006895404,E1_DOCUMENTED_PRECEDENT,0.3,0.3,"dividends_89_2026_09_23: rSTRC ex 2026-07-31 0.5 at 30%, available 2026-09-23T12:34:33+00:00 (primary)",0.5000000000000000,25000,98.4,HOLD,,2026-09-24T23:05:03.233009+00:00,public_book,2026-09-24T07:05:03.261896+00:00,public_book,0.8888708158752554,-0.9393048124275534,-0.9393048124275534,50.8130081300813,
exnight-strategy-v3,rSTWD-2026-09-30-1,rSTWD,RSTWDUSDT,2026-09-30,2026-09-24T23:30:06+00:00,0.9656110633409246,0.18323952822276032,127,0.599132006895404,E0_RANGE,0.0,0.3,no pre-decision precedent,,1000,14.5,NO_SIGNAL,cash basis UNRESOLVED; gross basis required,,,,,,,,,
exnight-strategy-v3,rSTWD-2026-09-30-1,rSTWD,RSTWDUSDT,2026-09-30,2026-09-24T23:30:06+00:00,0.9656110633409246,0.18323952822276032,127,0.599132006895404,E0_RANGE,0.0,0.3,no pre-decision precedent,,5000,14.5,NO_SIGNAL,cash basis UNRESOLVED; gross basis required,,,,,,,,,
exnight-strategy-v3,rSTWD-2026-09-30-1,rSTWD,RSTWDUSDT,2026-09-30,2026-09-24T23:30:06+00:00,0.9656110633409246,0.18323952822276032,127,0.599132006895404,E0_RANGE,0.0,0.3,no pre-decision precedent,,25000,14.5,NO_SIGNAL,cash basis UNRESOLVED; gross basis required,,,,,,,,,
exnight-strategy-v3,rSTT-2026-10-01-1,rSTT,RSTTUSDT,2026-10-01,2026-09-24T23:30:06+00:00,0.9656110633409246,0.18323952822276032,127,0.599132006895404,E0_RANGE,0.0,0.3,no pre-decision precedent,,1000,180.7,NO_SIGNAL,cash basis UNRESOLVED; gross basis required,,,,,,,,,
exnight-strategy-v3,rSTT-2026-10-01-1,rSTT,RSTTUSDT,2026-10-01,2026-09-24T23:30:06+00:00,0.9656110633409246,0.18323952822276032,127,0.599132006895404,E0_RANGE,0.0,0.3,no pre-decision precedent,,5000,180.7,NO_SIGNAL,cash basis UNRESOLVED; gross basis required,,,,,,,,,
exnight-strategy-v3,rSTT-2026-10-01-1,rSTT,RSTTUSDT,2026-10-01,2026-09-24T23:30:06+00:00,0.9656110633409246,0.18323952822276032,127,0.599132006895404,E0_RANGE,0.0,0.3,no pre-decision precedent,,25000,180.7,NO_SIGNAL,cash basis UNRESOLVED; gross basis required,,,,,,,,,
exnight-strategy-v3,rSTM-2026-12-15-1,rSTM,RSTMUSDT,2026-12-15,2026-09-24T23:30:06+00:00,0.9656110633409246,0.18323952822276032,127,0.599132006895404,E1_DOCUMENTED_PRECEDENT,0.3,0.3,"dividends_2026_07_24: rSTM ex 2026-06-23 0.0765 at 30%, available 2026-09-16T11:09:53+00:00 (primary)",,1000,52.05,NO_SIGNAL,cash basis UNRESOLVED; gross basis required,,,,,,,,,
exnight-strategy-v3,rSTM-2026-12-15-1,rSTM,RSTMUSDT,2026-12-15,2026-09-24T23:30:06+00:00,0.9656110633409246,0.18323952822276032,127,0.599132006895404,E1_DOCUMENTED_PRECEDENT,0.3,0.3,"dividends_2026_07_24: rSTM ex 2026-06-23 0.0765 at 30%, available 2026-09-16T11:09:53+00:00 (primary)",,5000,52.05,NO_SIGNAL,cash basis UNRESOLVED; gross basis required,,,,,,,,,
exnight-strategy-v3,rSTM-2026-12-15-1,rSTM,RSTMUSDT,2026-12-15,2026-09-24T23:30:06+00:00,0.9656110633409246,0.18323952822276032,127,0.599132006895404,E1_DOCUMENTED_PRECEDENT,0.3,0.3,"dividends_2026_07_24: rSTM ex 2026-06-23 0.0765 at 30%, available 2026-09-16T11:09:53+00:00 (primary)",,25000,52.05,NO_SIGNAL,cash basis UNRESOLVED; gross basis required,,,,,,,,,
exnight-strategy-v3,rSTM-2027-03-16-1,rSTM,RSTMUSDT,2027-03-16,2026-09-24T23:30:06+00:00,0.9656110633409246,0.18323952822276032,127,0.599132006895404,E1_DOCUMENTED_PRECEDENT,0.3,0.3,"dividends_2026_07_24: rSTM ex 2026-06-23 0.0765 at 30%, available 2026-09-16T11:09:53+00:00 (primary)",,1000,52.05,NO_SIGNAL,cash basis UNRESOLVED; gross basis required,,,,,,,,,
exnight-strategy-v3,rSTM-2027-03-16-1,rSTM,RSTMUSDT,2027-03-16,2026-09-24T23:30:06+00:00,0.9656110633409246,0.18323952822276032,127,0.599132006895404,E1_DOCUMENTED_PRECEDENT,0.3,0.3,"dividends_2026_07_24: rSTM ex 2026-06-23 0.0765 at 30%, available 2026-09-16T11:09:53+00:00 (primary)",,5000,52.05,NO_SIGNAL,cash basis UNRESOLVED; gross basis required,,,,,,,,,
exnight-strategy-v3,rSTM-2027-03-16-1,rSTM,RSTMUSDT,2027-03-16,2026-09-24T23:30:06+00:00,0.9656110633409246,0.18323952822276032,127,0.599132006895404,E1_DOCUMENTED_PRECEDENT,0.3,0.3,"dividends_2026_07_24: rSTM ex 2026-06-23 0.0765 at 30%, available 2026-09-16T11:09:53+00:00 (primary)",,25000,52.05,NO_SIGNAL,cash basis UNRESOLVED; gross basis required,,,,,,,,,
exnight-strategy-v3,rSUI-2026-09-30-1,rSUI,RSUIUSDT,2026-09-30,2026-09-24T23:30:06+00:00,0.9656110633409246,0.18323952822276032,127,0.599132006895404,E0_RANGE,0.0,0.3,no pre-decision precedent,,1000,111.13,NO_SIGNAL,cash basis UNRESOLVED; gross basis required,,,,,,,,,
exnight-strategy-v3,rSUI-2026-09-30-1,rSUI,RSUIUSDT,2026-09-30,2026-09-24T23:30:06+00:00,0.9656110633409246,0.18323952822276032,127,0.599132006895404,E0_RANGE,0.0,0.3,no pre-decision precedent,,5000,111.13,NO_SIGNAL,cash basis UNRESOLVED; gross basis required,,,,,,,,,
exnight-strategy-v3,rSUI-2026-09-30-1,rSUI,RSUIUSDT,2026-09-30,2026-09-24T23:30:06+00:00,0.9656110633409246,0.18323952822276032,127,0.599132006895404,E0_RANGE,0.0,0.3,no pre-decision precedent,,25000,111.13,NO_SIGNAL,cash basis UNRESOLVED; gross basis required,,,,,,,,,
exnight-strategy-v3,rSYK-2026-09-30-1,rSYK,RSYKUSDT,2026-09-30,2026-09-24T23:30:06+00:00,0.9656110633409246,0.18323952822276032,127,0.599132006895404,E0_RANGE,0.0,0.3,no pre-decision precedent,,1000,271.05,NO_SIGNAL,cash basis UNRESOLVED; gross basis required,,,,,,,,,
exnight-strategy-v3,rSYK-2026-09-30-1,rSYK,RSYKUSDT,2026-09-30,2026-09-24T23:30:06+00:00,0.9656110633409246,0.18323952822276032,127,0.599132006895404,E0_RANGE,0.0,0.3,no pre-decision precedent,,5000,271.05,NO_SIGNAL,cash basis UNRESOLVED; gross basis required,,,,,,,,,
exnight-strategy-v3,rSYK-2026-09-30-1,rSYK,RSYKUSDT,2026-09-30,2026-09-24T23:30:06+00:00,0.9656110633409246,0.18323952822276032,127,0.599132006895404,E0_RANGE,0.0,0.3,no pre-decision precedent,,25000,271.05,NO_SIGNAL,cash basis UNRESOLVED; gross basis required,,,,,,,,,
exnight-strategy-v3,rSYY-2026-10-02-1,rSYY,RSYYUSDT,2026-10-02,2026-09-24T23:30:06+00:00,0.9656110633409246,0.18323952822276032,127,0.599132006895404,E0_RANGE,0.0,0.3,no pre-decision precedent,,1000,78.17,NO_SIGNAL,cash basis UNRESOLVED; gross basis required,,,,,,,,,
exnight-strategy-v3,rSYY-2026-10-02-1,rSYY,RSYYUSDT,2026-10-02,2026-09-24T23:30:06+00:00,0.9656110633409246,0.18323952822276032,127,0.599132006895404,E0_RANGE,0.0,0.3,no pre-decision precedent,,5000,78.17,NO_SIGNAL,cash basis UNRESOLVED; gross basis required,,,,,,,,,
exnight-strategy-v3,rSYY-2026-10-02-1,rSYY,RSYYUSDT,2026-10-02,2026-09-24T23:30:06+00:00,0.9656110633409246,0.18323952822276032,127,0.599132006895404,E0_RANGE,0.0,0.3,no pre-decision precedent,,25000,78.17,NO_SIGNAL,cash basis UNRESOLVED; gross basis required,,,,,,,,,
exnight-strategy-v3,rTD-2026-10-09-1,rTD,RTDUSDT,2026-10-09,2026-09-24T23:30:06+00:00,0.9656110633409246,0.18323952822276032,127,0.599132006895404,E0_RANGE,0.0,0.3,no pre-decision precedent,,1000,119.05,NO_SIGNAL,cash basis UNRESOLVED; gross basis required,,,,,,,,,
exnight-strategy-v3,rTD-2026-10-09-1,rTD,RTDUSDT,2026-10-09,2026-09-24T23:30:06+00:00,0.9656110633409246,0.18323952822276032,127,0.599132006895404,E0_RANGE,0.0,0.3,no pre-decision precedent,,5000,119.05,NO_SIGNAL,cash basis UNRESOLVED; gross basis required,,,,,,,,,
exnight-strategy-v3,rTD-2026-10-09-1,rTD,RTDUSDT,2026-10-09,2026-09-24T23:30:06+00:00,0.9656110633409246,0.18323952822276032,127,0.599132006895404,E0_RANGE,0.0,0.3,no pre-decision precedent,,25000,119.05,NO_SIGNAL,cash basis UNRESOLVED; gross basis required,,,,,,,,,
exnight-strategy-v3,rTEL-2026-11-20-1,rTEL,RTELUSDT,2026-11-20,2026-09-24T23:30:06+00:00,0.9656110633409246,0.18323952822276032,127,0.599132006895404,E0_RANGE,0.0,0.3,no pre-decision precedent,,1000,213.19,NO_SIGNAL,cash basis UNRESOLVED; gross basis required,,,,,,,,,
exnight-strategy-v3,rTEL-2026-11-20-1,rTEL,RTELUSDT,2026-11-20,2026-09-24T23:30:06+00:00,0.9656110633409246,0.18323952822276032,127,0.599132006895404,E0_RANGE,0.0,0.3,no pre-decision precedent,,5000,213.19,NO_SIGNAL,cash basis UNRESOLVED; gross basis required,,,,,,,,,
exnight-strategy-v3,rTEL-2026-11-20-1,rTEL,RTELUSDT,2026-11-20,2026-09-24T23:30:06+00:00,0.9656110633409246,0.18323952822276032,127,0.599132006895404,E0_RANGE,0.0,0.3,no pre-decision precedent,,25000,213.19,NO_SIGNAL,cash basis UNRESOLVED; gross basis required,,,,,,,,,
exnight-strategy-v3,rTIMB-2026-09-28-1,rTIMB,RTIMBUSDT,2026-09-28,2026-09-24T23:30:06+00:00,0.9656110633409246,0.18323952822276032,127,0.599132006895404,E0_RANGE,0.0,0.3,no pre-decision precedent,,1000,18.33,NO_SIGNAL,cash basis UNRESOLVED; gross basis required,,,,,,,,,
exnight-strategy-v3,rTIMB-2026-09-28-1,rTIMB,RTIMBUSDT,2026-09-28,2026-09-24T23:30:06+00:00,0.9656110633409246,0.18323952822276032,127,0.599132006895404,E0_RANGE,0.0,0.3,no pre-decision precedent,,5000,18.33,NO_SIGNAL,cash basis UNRESOLVED; gross basis required,,,,,,,,,
exnight-strategy-v3,rTIMB-2026-09-28-1,rTIMB,RTIMBUSDT,2026-09-28,2026-09-24T23:30:06+00:00,0.9656110633409246,0.18323952822276032,127,0.599132006895404,E0_RANGE,0.0,0.3,no pre-decision precedent,,25000,18.33,NO_SIGNAL,cash basis UNRESOLVED; gross basis required,,,,,,,,,
exnight-strategy-v3,rTFII-2026-09-30-1,rTFII,RTFIIUSDT,2026-09-30,2026-09-24T23:30:06+00:00,0.9656110633409246,0.18323952822276032,127,0.599132006895404,E0_RANGE,0.0,0.3,no pre-decision precedent,,1000,121.77,NO_SIGNAL,cash basis UNRESOLVED; gross basis required,,,,,,,,,
exnight-strategy-v3,rTFII-2026-09-30-1,rTFII,RTFIIUSDT,2026-09-30,2026-09-24T23:30:06+00:00,0.9656110633409246,0.18323952822276032,127,0.599132006895404,E0_RANGE,0.0,0.3,no pre-decision precedent,,5000,121.77,NO_SIGNAL,cash basis UNRESOLVED; gross basis required,,,,,,,,,
exnight-strategy-v3,rTFII-2026-09-30-1,rTFII,RTFIIUSDT,2026-09-30,2026-09-24T23:30:06+00:00,0.9656110633409246,0.18323952822276032,127,0.599132006895404,E0_RANGE,0.0,0.3,no pre-decision precedent,,25000,121.77,NO_SIGNAL,cash basis UNRESOLVED; gross basis required,,,,,,,,,
exnight-strategy-v3,rTIGO-2026-10-08-1,rTIGO,RTIGOUSDT,2026-10-08,2026-09-24T23:30:06+00:00,0.9656110633409246,0.18323952822276032,127,0.599132006895404,E0_RANGE,0.0,0.3,no pre-decision precedent,0.7500000000000000,1000,91.0,HOLD,,2026-09-24T23:05:03.233009+00:00,ticker_only,2026-09-24T07:05:03.261896+00:00,ticker_only,10.637531086566346,-10.938182081394793,-10.713182081394793,82.41758241758242,
exnight-strategy-v3,rTIGO-2026-10-08-1,rTIGO,RTIGOUSDT,2026-10-08,2026-09-24T23:30:06+00:00,0.9656110633409246,0.18323952822276032,127,0.599132006895404,E0_RANGE,0.0,0.3,no pre-decision precedent,0.7500000000000000,5000,91.0,NO_SIGNAL,"sell: $5,000 exceeds visible top-of-book ($1,305) on ticker-only symbol; buy: $5,000 exceeds visible top-of-book ($1,994) on ticker-only symbol",2026-09-24T23:05:03.233009+00:00,ticker_only,2026-09-24T07:05:03.261896+00:00,ticker_only,,,,,
exnight-strategy-v3,rTIGO-2026-10-08-1,rTIGO,RTIGOUSDT,2026-10-08,2026-09-24T23:30:06+00:00,0.9656110633409246,0.18323952822276032,127,0.599132006895404,E0_RANGE,0.0,0.3,no pre-decision precedent,0.7500000000000000,25000,91.0,NO_SIGNAL,"sell: $25,000 exceeds visible top-of-book ($1,305) on ticker-only symbol; buy: $25,000 exceeds visible top-of-book ($1,994) on ticker-only symbol",2026-09-24T23:05:03.233009+00:00,ticker_only,2026-09-24T07:05:03.261896+00:00,ticker_only,,,,,
exnight-strategy-v3,rTIGO-2027-01-08-1,rTIGO,RTIGOUSDT,2027-01-08,2026-09-24T23:30:06+00:00,0.9656110633409246,0.18323952822276032,127,0.599132006895404,E0_RANGE,0.0,0.3,no pre-decision precedent,,1000,91.0,NO_SIGNAL,cash basis UNRESOLVED; gross basis required,,,,,,,,,
exnight-strategy-v3,rTIGO-2027-01-08-1,rTIGO,RTIGOUSDT,2027-01-08,2026-09-24T23:30:06+00:00,0.9656110633409246,0.18323952822276032,127,0.599132006895404,E0_RANGE,0.0,0.3,no pre-decision precedent,,5000,91.0,NO_SIGNAL,cash basis UNRESOLVED; gross basis required,,,,,,,,,
exnight-strategy-v3,rTIGO-2027-01-08-1,rTIGO,RTIGOUSDT,2027-01-08,2026-09-24T23:30:06+00:00,0.9656110633409246,0.18323952822276032,127,0.599132006895404,E0_RANGE,0.0,0.3,no pre-decision precedent,,25000,91.0,NO_SIGNAL,cash basis UNRESOLVED; gross basis required,,,,,,,,,
exnight-strategy-v3,rTIGO-2027-04-08-1,rTIGO,RTIGOUSDT,2027-04-08,2026-09-24T23:30:06+00:00,0.9656110633409246,0.18323952822276032,127,0.599132006895404,E0_RANGE,0.0,0.3,no pre-decision precedent,,1000,91.0,NO_SIGNAL,cash basis UNRESOLVED; gross basis required,,,,,,,,,
exnight-strategy-v3,rTIGO-2027-04-08-1,rTIGO,RTIGOUSDT,2027-04-08,2026-09-24T23:30:06+00:00,0.9656110633409246,0.18323952822276032,127,0.599132006895404,E0_RANGE,0.0,0.3,no pre-decision precedent,,5000,91.0,NO_SIGNAL,cash basis UNRESOLVED; gross basis required,,,,,,,,,
exnight-strategy-v3,rTIGO-2027-04-08-1,rTIGO,RTIGOUSDT,2027-04-08,2026-09-24T23:30:06+00:00,0.9656110633409246,0.18323952822276032,127,0.599132006895404,E0_RANGE,0.0,0.3,no pre-decision precedent,,25000,91.0,NO_SIGNAL,cash basis UNRESOLVED; gross basis required,,,,,,,,,
exnight-strategy-v3,rTOWN-2026-09-25-1,rTOWN,RTOWNUSDT,2026-09-25,2026-09-24T23:30:06+00:00,0.9656110633409246,0.18323952822276032,127,0.599132006895404,E0_RANGE,0.0,0.3,no pre-decision precedent,0.2800000000000000,1000,36.4,NO_SIGNAL,"sell: $1,000 exceeds visible top-of-book ($36) on ticker-only symbol; buy: $1,000 exceeds visible top-of-book ($166) on ticker-only symbol",2026-09-24T23:05:03.233009+00:00,ticker_only,2026-09-24T07:05:03.261896+00:00,ticker_only,,,,,
exnight-strategy-v3,rTOWN-2026-09-25-1,rTOWN,RTOWNUSDT,2026-09-25,2026-09-24T23:30:06+00:00,0.9656110633409246,0.18323952822276032,127,0.599132006895404,E0_RANGE,0.0,0.3,no pre-decision precedent,0.2800000000000000,5000,36.4,NO_SIGNAL,"sell: $5,000 exceeds visible top-of-book ($36) on ticker-only symbol; buy: $5,000 exceeds visible top-of-book ($166) on ticker-only symbol",2026-09-24T23:05:03.233009+00:00,ticker_only,2026-09-24T07:05:03.261896+00:00,ticker_only,,,,,
exnight-strategy-v3,rTOWN-2026-09-25-1,rTOWN,RTOWNUSDT,2026-09-25,2026-09-24T23:30:06+00:00,0.9656110633409246,0.18323952822276032,127,0.599132006895404,E0_RANGE,0.0,0.3,no pre-decision precedent,0.2800000000000000,25000,36.4,NO_SIGNAL,"sell: $25,000 exceeds visible top-of-book ($36) on ticker-only symbol; buy: $25,000 exceeds visible top-of-book ($166) on ticker-only symbol",2026-09-24T23:05:03.233009+00:00,ticker_only,2026-09-24T07:05:03.261896+00:00,ticker_only,,,,,
exnight-strategy-v3,rTNET-2026-10-01-1,rTNET,RTNETUSDT,2026-10-01,2026-09-24T23:30:06+00:00,0.9656110633409246,0.18323952822276032,127,0.599132006895404,E0_RANGE,0.0,0.3,no pre-decision precedent,,1000,65.54,NO_SIGNAL,cash basis UNRESOLVED; gross basis required,,,,,,,,,
exnight-strategy-v3,rTNET-2026-10-01-1,rTNET,RTNETUSDT,2026-10-01,2026-09-24T23:30:06+00:00,0.9656110633409246,0.18323952822276032,127,0.599132006895404,E0_RANGE,0.0,0.3,no pre-decision precedent,,5000,65.54,NO_SIGNAL,cash basis UNRESOLVED; gross basis required,,,,,,,,,
exnight-strategy-v3,rTNET-2026-10-01-1,rTNET,RTNETUSDT,2026-10-01,2026-09-24T23:30:06+00:00,0.9656110633409246,0.18323952822276032,127,0.599132006895404,E0_RANGE,0.0,0.3,no pre-decision precedent,,25000,65.54,NO_SIGNAL,cash basis UNRESOLVED; gross basis required,,,,,,,,,
exnight-strategy-v3,rTOL-2026-10-09-1,rTOL,RTOLUSDT,2026-10-09,2026-09-24T23:30:06+00:00,0.9656110633409246,0.18323952822276032,127,0.599132006895404,E0_RANGE,0.0,0.3,no pre-decision precedent,,1000,135.9,NO_SIGNAL,cash basis UNRESOLVED; gross basis required,,,,,,,,,
exnight-strategy-v3,rTOL-2026-10-09-1,rTOL,RTOLUSDT,2026-10-09,2026-09-24T23:30:06+00:00,0.9656110633409246,0.18323952822276032,127,0.599132006895404,E0_RANGE,0.0,0.3,no pre-decision precedent,,5000,135.9,NO_SIGNAL,cash basis UNRESOLVED; gross basis required,,,,,,,,,
exnight-strategy-v3,rTOL-2026-10-09-1,rTOL,RTOLUSDT,2026-10-09,2026-09-24T23:30:06+00:00,0.9656110633409246,0.18323952822276032,127,0.599132006895404,E0_RANGE,0.0,0.3,no pre-decision precedent,,25000,135.9,NO_SIGNAL,cash basis UNRESOLVED; gross basis required,,,,,,,,,
exnight-strategy-v3,rTJX-2026-11-12-1,rTJX,RTJXUSDT,2026-11-12,2026-09-24T23:30:06+00:00,0.9656110633409246,0.18323952822276032,127,0.599132006895404,E0_RANGE,0.0,0.3,no pre-decision precedent,,1000,131.66,NO_SIGNAL,cash basis UNRESOLVED; gross basis required,,,,,,,,,
exnight-strategy-v3,rTJX-2026-11-12-1,rTJX,RTJXUSDT,2026-11-12,2026-09-24T23:30:06+00:00,0.9656110633409246,0.18323952822276032,127,0.599132006895404,E0_RANGE,0.0,0.3,no pre-decision precedent,,5000,131.66,NO_SIGNAL,cash basis UNRESOLVED; gross basis required,,,,,,,,,
exnight-strategy-v3,rTJX-2026-11-12-1,rTJX,RTJXUSDT,2026-11-12,2026-09-24T23:30:06+00:00,0.9656110633409246,0.18323952822276032,127,0.599132006895404,E0_RANGE,0.0,0.3,no pre-decision precedent,,25000,131.66,NO_SIGNAL,cash basis UNRESOLVED; gross basis required,,,,,,,,,
exnight-strategy-v3,rTKC-2026-12-10-1,rTKC,RTKCUSDT,2026-12-10,2026-09-24T23:30:06+00:00,0.9656110633409246,0.18323952822276032,127,0.599132006895404,E0_RANGE,0.0,0.3,no pre-decision precedent,,1000,5.13,NO_SIGNAL,cash basis UNRESOLVED; gross basis required,,,,,,,,,
exnight-strategy-v3,rTKC-2026-12-10-1,rTKC,RTKCUSDT,2026-12-10,2026-09-24T23:30:06+00:00,0.9656110633409246,0.18323952822276032,127,0.599132006895404,E0_RANGE,0.0,0.3,no pre-decision precedent,,5000,5.13,NO_SIGNAL,cash basis UNRESOLVED; gross basis required,,,,,,,,,
exnight-strategy-v3,rTKC-2026-12-10-1,rTKC,RTKCUSDT,2026-12-10,2026-09-24T23:30:06+00:00,0.9656110633409246,0.18323952822276032,127,0.599132006895404,E0_RANGE,0.0,0.3,no pre-decision precedent,,25000,5.13,NO_SIGNAL,cash basis UNRESOLVED; gross basis required,,,,,,,,,
exnight-strategy-v3,rTRP-2026-09-29-1,rTRP,RTRPUSDT,2026-09-29,2026-09-24T23:30:06+00:00,0.9656110633409246,0.18323952822276032,127,0.599132006895404,E0_RANGE,0.0,0.3,no pre-decision precedent,,1000,59.65,NO_SIGNAL,cash basis UNRESOLVED; gross basis required,,,,,,,,,
exnight-strategy-v3,rTRP-2026-09-29-1,rTRP,RTRPUSDT,2026-09-29,2026-09-24T23:30:06+00:00,0.9656110633409246,0.18323952822276032,127,0.599132006895404,E0_RANGE,0.0,0.3,no pre-decision precedent,,5000,59.65,NO_SIGNAL,cash basis UNRESOLVED; gross basis required,,,,,,,,,
exnight-strategy-v3,rTRP-2026-09-29-1,rTRP,RTRPUSDT,2026-09-29,2026-09-24T23:30:06+00:00,0.9656110633409246,0.18323952822276032,127,0.599132006895404,E0_RANGE,0.0,0.3,no pre-decision precedent,,25000,59.65,NO_SIGNAL,cash basis UNRESOLVED; gross basis required,,,,,,,,,
exnight-strategy-v3,rTRNO-2026-09-30-1,rTRNO,RTRNOUSDT,2026-09-30,2026-09-24T23:30:06+00:00,0.9656110633409246,0.18323952822276032,127,0.599132006895404,E0_RANGE,0.0,0.3,no pre-decision precedent,,1000,66.43,NO_SIGNAL,cash basis UNRESOLVED; gross basis required,,,,,,,,,
exnight-strategy-v3,rTRNO-2026-09-30-1,rTRNO,RTRNOUSDT,2026-09-30,2026-09-24T23:30:06+00:00,0.9656110633409246,0.18323952822276032,127,0.599132006895404,E0_RANGE,0.0,0.3,no pre-decision precedent,,5000,66.43,NO_SIGNAL,cash basis UNRESOLVED; gross basis required,,,,,,,,,
exnight-strategy-v3,rTRNO-2026-09-30-1,rTRNO,RTRNOUSDT,2026-09-30,2026-09-24T23:30:06+00:00,0.9656110633409246,0.18323952822276032,127,0.599132006895404,E0_RANGE,0.0,0.3,no pre-decision precedent,,25000,66.43,NO_SIGNAL,cash basis UNRESOLVED; gross basis required,,,,,,,,,
exnight-strategy-v3,rTR-2026-10-07-1,rTR,RTRUSDT,2026-10-07,2026-09-24T23:30:06+00:00,0.9656110633409246,0.18323952822276032,127,0.599132006895404,E0_RANGE,0.0,0.3,no pre-decision precedent,,1000,37.76,NO_SIGNAL,cash basis UNRESOLVED; gross basis required,,,,,,,,,
exnight-strategy-v3,rTR-2026-10-07-1,rTR,RTRUSDT,2026-10-07,2026-09-24T23:30:06+00:00,0.9656110633409246,0.18323952822276032,127,0.599132006895404,E0_RANGE,0.0,0.3,no pre-decision precedent,,5000,37.76,NO_SIGNAL,cash basis UNRESOLVED; gross basis required,,,,,,,,,
exnight-strategy-v3,rTR-2026-10-07-1,rTR,RTRUSDT,2026-10-07,2026-09-24T23:30:06+00:00,0.9656110633409246,0.18323952822276032,127,0.599132006895404,E0_RANGE,0.0,0.3,no pre-decision precedent,,25000,37.76,NO_SIGNAL,cash basis UNRESOLVED; gross basis required,,,,,,,,,
exnight-strategy-v3,rTS-2026-11-24-1,rTS,RTSUSDT,2026-11-24,2026-09-24T23:30:06+00:00,0.9656110633409246,0.18323952822276032,127,0.599132006895404,E0_RANGE,0.0,0.3,no pre-decision precedent,,1000,55.88,NO_SIGNAL,cash basis UNRESOLVED; gross basis required,,,,,,,,,
exnight-strategy-v3,rTS-2026-11-24-1,rTS,RTSUSDT,2026-11-24,2026-09-24T23:30:06+00:00,0.9656110633409246,0.18323952822276032,127,0.599132006895404,E0_RANGE,0.0,0.3,no pre-decision precedent,,5000,55.88,NO_SIGNAL,cash basis UNRESOLVED; gross basis required,,,,,,,,,
exnight-strategy-v3,rTS-2026-11-24-1,rTS,RTSUSDT,2026-11-24,2026-09-24T23:30:06+00:00,0.9656110633409246,0.18323952822276032,127,0.599132006895404,E0_RANGE,0.0,0.3,no pre-decision precedent,,25000,55.88,NO_SIGNAL,cash basis UNRESOLVED; gross basis required,,,,,,,,,
exnight-strategy-v3,rTSN-2026-12-01-1,rTSN,RTSNUSDT,2026-12-01,2026-09-24T23:30:06+00:00,0.9656110633409246,0.18323952822276032,127,0.599132006895404,E0_RANGE,0.0,0.3,no pre-decision precedent,,1000,51.35,NO_SIGNAL,cash basis UNRESOLVED; gross basis required,,,,,,,,,
exnight-strategy-v3,rTSN-2026-12-01-1,rTSN,RTSNUSDT,2026-12-01,2026-09-24T23:30:06+00:00,0.9656110633409246,0.18323952822276032,127,0.599132006895404,E0_RANGE,0.0,0.3,no pre-decision precedent,,5000,51.35,NO_SIGNAL,cash basis UNRESOLVED; gross basis required,,,,,,,,,
exnight-strategy-v3,rTSN-2026-12-01-1,rTSN,RTSNUSDT,2026-12-01,2026-09-24T23:30:06+00:00,0.9656110633409246,0.18323952822276032,127,0.599132006895404,E0_RANGE,0.0,0.3,no pre-decision precedent,,25000,51.35,NO_SIGNAL,cash basis UNRESOLVED; gross basis required,,,,,,,,,
exnight-strategy-v3,rTSM-2026-12-10-1,rTSM,RTSMUSDT,2026-12-10,2026-09-24T23:30:06+00:00,0.9656110633409246,0.18323952822276032,127,0.599132006895404,E1_DOCUMENTED_PRECEDENT,0.3,0.3,"dividends_2026_07_24: rTSM ex 2026-06-11 0.742067 at 30%, available 2026-09-16T11:09:53+00:00 (primary)",,1000,450.82,NO_SIGNAL,cash basis UNRESOLVED; gross basis required,,,,,,,,,
exnight-strategy-v3,rTSM-2026-12-10-1,rTSM,RTSMUSDT,2026-12-10,2026-09-24T23:30:06+00:00,0.9656110633409246,0.18323952822276032,127,0.599132006895404,E1_DOCUMENTED_PRECEDENT,0.3,0.3,"dividends_2026_07_24: rTSM ex 2026-06-11 0.742067 at 30%, available 2026-09-16T11:09:53+00:00 (primary)",,5000,450.82,NO_SIGNAL,cash basis UNRESOLVED; gross basis required,,,,,,,,,
exnight-strategy-v3,rTSM-2026-12-10-1,rTSM,RTSMUSDT,2026-12-10,2026-09-24T23:30:06+00:00,0.9656110633409246,0.18323952822276032,127,0.599132006895404,E1_DOCUMENTED_PRECEDENT,0.3,0.3,"dividends_2026_07_24: rTSM ex 2026-06-11 0.742067 at 30%, available 2026-09-16T11:09:53+00:00 (primary)",,25000,450.82,NO_SIGNAL,cash basis UNRESOLVED; gross basis required,,,,,,,,,
exnight-strategy-v3,rTXN-2026-10-30-1,rTXN,RTXNUSDT,2026-10-30,2026-09-24T23:30:06+00:00,0.9656110633409246,0.18323952822276032,127,0.599132006895404,E0_RANGE,0.0,0.3,no pre-decision precedent,,1000,270.31,NO_SIGNAL,cash basis UNRESOLVED; gross basis required,,,,,,,,,
exnight-strategy-v3,rTXN-2026-10-30-1,rTXN,RTXNUSDT,2026-10-30,2026-09-24T23:30:06+00:00,0.9656110633409246,0.18323952822276032,127,0.599132006895404,E0_RANGE,0.0,0.3,no pre-decision precedent,,5000,270.31,NO_SIGNAL,cash basis UNRESOLVED; gross basis required,,,,,,,,,
exnight-strategy-v3,rTXN-2026-10-30-1,rTXN,RTXNUSDT,2026-10-30,2026-09-24T23:30:06+00:00,0.9656110633409246,0.18323952822276032,127,0.599132006895404,E0_RANGE,0.0,0.3,no pre-decision precedent,,25000,270.31,NO_SIGNAL,cash basis UNRESOLVED; gross basis required,,,,,,,,,
exnight-strategy-v3,rUSB-2026-09-30-1,rUSB,RUSBUSDT,2026-09-30,2026-09-24T23:30:06+00:00,0.9656110633409246,0.18323952822276032,127,0.599132006895404,E0_RANGE,0.0,0.3,no pre-decision precedent,,1000,58.2,NO_SIGNAL,cash basis UNRESOLVED; gross basis required,,,,,,,,,
exnight-strategy-v3,rUSB-2026-09-30-1,rUSB,RUSBUSDT,2026-09-30,2026-09-24T23:30:06+00:00,0.9656110633409246,0.18323952822276032,127,0.599132006895404,E0_RANGE,0.0,0.3,no pre-decision precedent,,5000,58.2,NO_SIGNAL,cash basis UNRESOLVED; gross basis required,,,,,,,,,
exnight-strategy-v3,rUSB-2026-09-30-1,rUSB,RUSBUSDT,2026-09-30,2026-09-24T23:30:06+00:00,0.9656110633409246,0.18323952822276032,127,0.599132006895404,E0_RANGE,0.0,0.3,no pre-decision precedent,,25000,58.2,NO_SIGNAL,cash basis UNRESOLVED; gross basis required,,,,,,,,,
exnight-strategy-v3,rVMI-2026-09-25-1,rVMI,RVMIUSDT,2026-09-25,2026-09-24T23:30:06+00:00,0.9656110633409246,0.18323952822276032,127,0.599132006895404,E0_RANGE,0.0,0.3,no pre-decision precedent,,1000,465.35,NO_SIGNAL,cash basis UNRESOLVED; gross basis required,,,,,,,,,
exnight-strategy-v3,rVMI-2026-09-25-1,rVMI,RVMIUSDT,2026-09-25,2026-09-24T23:30:06+00:00,0.9656110633409246,0.18323952822276032,127,0.599132006895404,E0_RANGE,0.0,0.3,no pre-decision precedent,,5000,465.35,NO_SIGNAL,cash basis UNRESOLVED; gross basis required,,,,,,,,,
exnight-strategy-v3,rVMI-2026-09-25-1,rVMI,RVMIUSDT,2026-09-25,2026-09-24T23:30:06+00:00,0.9656110633409246,0.18323952822276032,127,0.599132006895404,E0_RANGE,0.0,0.3,no pre-decision precedent,,25000,465.35,NO_SIGNAL,cash basis UNRESOLVED; gross basis required,,,,,,,,,
exnight-strategy-v3,rVIV-2026-09-28-1,rVIV,RVIVUSDT,2026-09-28,2026-09-24T23:30:06+00:00,0.9656110633409246,0.18323952822276032,127,0.599132006895404,E0_RANGE,0.0,0.3,no pre-decision precedent,,1000,11.69,NO_SIGNAL,cash basis UNRESOLVED; gross basis required,,,,,,,,,
exnight-strategy-v3,rVIV-2026-09-28-1,rVIV,RVIVUSDT,2026-09-28,2026-09-24T23:30:06+00:00,0.9656110633409246,0.18323952822276032,127,0.599132006895404,E0_RANGE,0.0,0.3,no pre-decision precedent,,5000,11.69,NO_SIGNAL,cash basis UNRESOLVED; gross basis required,,,,,,,,,
exnight-strategy-v3,rVIV-2026-09-28-1,rVIV,RVIVUSDT,2026-09-28,2026-09-24T23:30:06+00:00,0.9656110633409246,0.18323952822276032,127,0.599132006895404,E0_RANGE,0.0,0.3,no pre-decision precedent,,25000,11.69,NO_SIGNAL,cash basis UNRESOLVED; gross basis required,,,,,,,,,
exnight-strategy-v3,rVSNT-2026-10-01-1,rVSNT,RVSNTUSDT,2026-10-01,2026-09-24T23:30:06+00:00,0.9656110633409246,0.18323952822276032,127,0.599132006895404,E0_RANGE,0.0,0.3,no pre-decision precedent,0.3750000000000000,1000,33.5,NO_SIGNAL,"sell: $1,000 exceeds visible top-of-book ($332) on ticker-only symbol; buy: $1,000 exceeds visible top-of-book ($494) on ticker-only symbol",2026-09-24T23:05:03.233009+00:00,ticker_only,2026-09-24T07:05:03.261896+00:00,ticker_only,,,,,
exnight-strategy-v3,rVSNT-2026-10-01-1,rVSNT,RVSNTUSDT,2026-10-01,2026-09-24T23:30:06+00:00,0.9656110633409246,0.18323952822276032,127,0.599132006895404,E0_RANGE,0.0,0.3,no pre-decision precedent,0.3750000000000000,5000,33.5,NO_SIGNAL,"sell: $5,000 exceeds visible top-of-book ($332) on ticker-only symbol; buy: $5,000 exceeds visible top-of-book ($494) on ticker-only symbol",2026-09-24T23:05:03.233009+00:00,ticker_only,2026-09-24T07:05:03.261896+00:00,ticker_only,,,,,
exnight-strategy-v3,rVSNT-2026-10-01-1,rVSNT,RVSNTUSDT,2026-10-01,2026-09-24T23:30:06+00:00,0.9656110633409246,0.18323952822276032,127,0.599132006895404,E0_RANGE,0.0,0.3,no pre-decision precedent,0.3750000000000000,25000,33.5,NO_SIGNAL,"sell: $25,000 exceeds visible top-of-book ($332) on ticker-only symbol; buy: $25,000 exceeds visible top-of-book ($494) on ticker-only symbol",2026-09-24T23:05:03.233009+00:00,ticker_only,2026-09-24T07:05:03.261896+00:00,ticker_only,,,,,
exnight-strategy-v3,rVSEC-2026-10-15-1,rVSEC,RVSECUSDT,2026-10-15,2026-09-24T23:30:06+00:00,0.9656110633409246,0.18323952822276032,127,0.599132006895404,E0_RANGE,0.0,0.3,no pre-decision precedent,0.1000000000000000,1000,180.44,NO_SIGNAL,sell: no depth sample for this symbol/session; buy: no depth sample for this symbol/session,,,,,,,,,
exnight-strategy-v3,rVSEC-2026-10-15-1,rVSEC,RVSECUSDT,2026-10-15,2026-09-24T23:30:06+00:00,0.9656110633409246,0.18323952822276032,127,0.599132006895404,E0_RANGE,0.0,0.3,no pre-decision precedent,0.1000000000000000,5000,180.44,NO_SIGNAL,sell: no depth sample for this symbol/session; buy: no depth sample for this symbol/session,,,,,,,,,
exnight-strategy-v3,rVSEC-2026-10-15-1,rVSEC,RVSECUSDT,2026-10-15,2026-09-24T23:30:06+00:00,0.9656110633409246,0.18323952822276032,127,0.599132006895404,E0_RANGE,0.0,0.3,no pre-decision precedent,0.1000000000000000,25000,180.44,NO_SIGNAL,sell: no depth sample for this symbol/session; buy: no depth sample for this symbol/session,,,,,,,,,
exnight-strategy-v3,rVZ-2026-10-09-1,rVZ,RVZUSDT,2026-10-09,2026-09-24T23:30:06+00:00,0.9656110633409246,0.18323952822276032,127,0.599132006895404,E0_RANGE,0.0,0.3,no pre-decision precedent,,1000,47.4,NO_SIGNAL,cash basis UNRESOLVED; gross basis required,,,,,,,,,
exnight-strategy-v3,rVZ-2026-10-09-1,rVZ,RVZUSDT,2026-10-09,2026-09-24T23:30:06+00:00,0.9656110633409246,0.18323952822276032,127,0.599132006895404,E0_RANGE,0.0,0.3,no pre-decision precedent,,5000,47.4,NO_SIGNAL,cash basis UNRESOLVED; gross basis required,,,,,,,,,
exnight-strategy-v3,rVZ-2026-10-09-1,rVZ,RVZUSDT,2026-10-09,2026-09-24T23:30:06+00:00,0.9656110633409246,0.18323952822276032,127,0.599132006895404,E0_RANGE,0.0,0.3,no pre-decision precedent,,25000,47.4,NO_SIGNAL,cash basis UNRESOLVED; gross basis required,,,,,,,,,
exnight-strategy-v3,rWFG-2026-09-29-1,rWFG,RWFGUSDT,2026-09-29,2026-09-24T23:30:06+00:00,0.9656110633409246,0.18323952822276032,127,0.599132006895404,E0_RANGE,0.0,0.3,no pre-decision precedent,,1000,70.76,NO_SIGNAL,cash basis UNRESOLVED; gross basis required,,,,,,,,,
exnight-strategy-v3,rWFG-2026-09-29-1,rWFG,RWFGUSDT,2026-09-29,2026-09-24T23:30:06+00:00,0.9656110633409246,0.18323952822276032,127,0.599132006895404,E0_RANGE,0.0,0.3,no pre-decision precedent,,5000,70.76,NO_SIGNAL,cash basis UNRESOLVED; gross basis required,,,,,,,,,
exnight-strategy-v3,rWFG-2026-09-29-1,rWFG,RWFGUSDT,2026-09-29,2026-09-24T23:30:06+00:00,0.9656110633409246,0.18323952822276032,127,0.599132006895404,E0_RANGE,0.0,0.3,no pre-decision precedent,,25000,70.76,NO_SIGNAL,cash basis UNRESOLVED; gross basis required,,,,,,,,,
exnight-strategy-v3,rWPC-2026-09-30-1,rWPC,RWPCUSDT,2026-09-30,2026-09-24T23:30:06+00:00,0.9656110633409246,0.18323952822276032,127,0.599132006895404,E0_RANGE,0.0,0.3,no pre-decision precedent,,1000,65.99,NO_SIGNAL,cash basis UNRESOLVED; gross basis required,,,,,,,,,
exnight-strategy-v3,rWPC-2026-09-30-1,rWPC,RWPCUSDT,2026-09-30,2026-09-24T23:30:06+00:00,0.9656110633409246,0.18323952822276032,127,0.599132006895404,E0_RANGE,0.0,0.3,no pre-decision precedent,,5000,65.99,NO_SIGNAL,cash basis UNRESOLVED; gross basis required,,,,,,,,,
exnight-strategy-v3,rWPC-2026-09-30-1,rWPC,RWPCUSDT,2026-09-30,2026-09-24T23:30:06+00:00,0.9656110633409246,0.18323952822276032,127,0.599132006895404,E0_RANGE,0.0,0.3,no pre-decision precedent,,25000,65.99,NO_SIGNAL,cash basis UNRESOLVED; gross basis required,,,,,,,,,
exnight-strategy-v3,rWTW-2026-09-30-1,rWTW,RWTWUSDT,2026-09-30,2026-09-24T23:30:06+00:00,0.9656110633409246,0.18323952822276032,127,0.599132006895404,E0_RANGE,0.0,0.3,no pre-decision precedent,0.9600000000000000,1000,293.63,NO_SIGNAL,sell: no depth sample for this symbol/session; buy: no depth sample for this symbol/session,,,,,,,,,
exnight-strategy-v3,rWTW-2026-09-30-1,rWTW,RWTWUSDT,2026-09-30,2026-09-24T23:30:06+00:00,0.9656110633409246,0.18323952822276032,127,0.599132006895404,E0_RANGE,0.0,0.3,no pre-decision precedent,0.9600000000000000,5000,293.63,NO_SIGNAL,sell: no depth sample for this symbol/session; buy: no depth sample for this symbol/session,,,,,,,,,
exnight-strategy-v3,rWTW-2026-09-30-1,rWTW,RWTWUSDT,2026-09-30,2026-09-24T23:30:06+00:00,0.9656110633409246,0.18323952822276032,127,0.599132006895404,E0_RANGE,0.0,0.3,no pre-decision precedent,0.9600000000000000,25000,293.63,NO_SIGNAL,sell: no depth sample for this symbol/session; buy: no depth sample for this symbol/session,,,,,,,,,
exnight-strategy-v3,rWSM-2026-10-16-1,rWSM,RWSMUSDT,2026-10-16,2026-09-24T23:30:06+00:00,0.9656110633409246,0.18323952822276032,127,0.599132006895404,E0_RANGE,0.0,0.3,no pre-decision precedent,,1000,228.66,NO_SIGNAL,cash basis UNRESOLVED; gross basis required,,,,,,,,,
exnight-strategy-v3,rWSM-2026-10-16-1,rWSM,RWSMUSDT,2026-10-16,2026-09-24T23:30:06+00:00,0.9656110633409246,0.18323952822276032,127,0.599132006895404,E0_RANGE,0.0,0.3,no pre-decision precedent,,5000,228.66,NO_SIGNAL,cash basis UNRESOLVED; gross basis required,,,,,,,,,
exnight-strategy-v3,rWSM-2026-10-16-1,rWSM,RWSMUSDT,2026-10-16,2026-09-24T23:30:06+00:00,0.9656110633409246,0.18323952822276032,127,0.599132006895404,E0_RANGE,0.0,0.3,no pre-decision precedent,,25000,228.66,NO_SIGNAL,cash basis UNRESOLVED; gross basis required,,,,,,,,,
exnight-strategy-v3,rWMT-2026-12-11-1,rWMT,RWMTUSDT,2026-12-11,2026-09-24T23:30:06+00:00,0.9656110633409246,0.18323952822276032,127,0.599132006895404,E0_RANGE,0.0,0.3,no pre-decision precedent,0.2475000000000000,1000,107.62,NO_SIGNAL,sell: no depth sample for this symbol/session; buy: no depth sample for this symbol/session,,,,,,,,,
exnight-strategy-v3,rWMT-2026-12-11-1,rWMT,RWMTUSDT,2026-12-11,2026-09-24T23:30:06+00:00,0.9656110633409246,0.18323952822276032,127,0.599132006895404,E0_RANGE,0.0,0.3,no pre-decision precedent,0.2475000000000000,5000,107.62,NO_SIGNAL,sell: no depth sample for this symbol/session; buy: no depth sample for this symbol/session,,,,,,,,,
exnight-strategy-v3,rWMT-2026-12-11-1,rWMT,RWMTUSDT,2026-12-11,2026-09-24T23:30:06+00:00,0.9656110633409246,0.18323952822276032,127,0.599132006895404,E0_RANGE,0.0,0.3,no pre-decision precedent,0.2475000000000000,25000,107.62,NO_SIGNAL,sell: no depth sample for this symbol/session; buy: no depth sample for this symbol/session,,,,,,,,,
exnight-strategy-v3,rWWD-2026-11-19-1,rWWD,RWWDUSDT,2026-11-19,2026-09-24T23:30:06+00:00,0.9656110633409246,0.18323952822276032,127,0.599132006895404,E0_RANGE,0.0,0.3,no pre-decision precedent,0.3199999900000000,1000,325.88,NO_SIGNAL,sell: no depth sample for this symbol/session; buy: no depth sample for this symbol/session,,,,,,,,,
exnight-strategy-v3,rWWD-2026-11-19-1,rWWD,RWWDUSDT,2026-11-19,2026-09-24T23:30:06+00:00,0.9656110633409246,0.18323952822276032,127,0.599132006895404,E0_RANGE,0.0,0.3,no pre-decision precedent,0.3199999900000000,5000,325.88,NO_SIGNAL,sell: no depth sample for this symbol/session; buy: no depth sample for this symbol/session,,,,,,,,,
exnight-strategy-v3,rWWD-2026-11-19-1,rWWD,RWWDUSDT,2026-11-19,2026-09-24T23:30:06+00:00,0.9656110633409246,0.18323952822276032,127,0.599132006895404,E0_RANGE,0.0,0.3,no pre-decision precedent,0.3199999900000000,25000,325.88,NO_SIGNAL,sell: no depth sample for this symbol/session; buy: no depth sample for this symbol/session,,,,,,,,,
exnight-strategy-v3,rZBH-2026-09-30-1,rZBH,RZBHUSDT,2026-09-30,2026-09-24T23:30:06+00:00,0.9656110633409246,0.18323952822276032,127,0.599132006895404,E0_RANGE,0.0,0.3,no pre-decision precedent,,1000,89.69,NO_SIGNAL,cash basis UNRESOLVED; gross basis required,,,,,,,,,
exnight-strategy-v3,rZBH-2026-09-30-1,rZBH,RZBHUSDT,2026-09-30,2026-09-24T23:30:06+00:00,0.9656110633409246,0.18323952822276032,127,0.599132006895404,E0_RANGE,0.0,0.3,no pre-decision precedent,,5000,89.69,NO_SIGNAL,cash basis UNRESOLVED; gross basis required,,,,,,,,,
exnight-strategy-v3,rZBH-2026-09-30-1,rZBH,RZBHUSDT,2026-09-30,2026-09-24T23:30:06+00:00,0.9656110633409246,0.18323952822276032,127,0.599132006895404,E0_RANGE,0.0,0.3,no pre-decision precedent,,25000,89.69,NO_SIGNAL,cash basis UNRESOLVED; gross basis required,,,,,,,,,
exnight-strategy-v3,rYMM-2026-10-14-1,rYMM,RYMMUSDT,2026-10-14,2026-09-24T23:30:06+00:00,0.9656110633409246,0.18323952822276032,127,0.599132006895404,E0_RANGE,0.0,0.3,no pre-decision precedent,,1000,8.16,NO_SIGNAL,cash basis UNRESOLVED; gross basis required,,,,,,,,,
exnight-strategy-v3,rYMM-2026-10-14-1,rYMM,RYMMUSDT,2026-10-14,2026-09-24T23:30:06+00:00,0.9656110633409246,0.18323952822276032,127,0.599132006895404,E0_RANGE,0.0,0.3,no pre-decision precedent,,5000,8.16,NO_SIGNAL,cash basis UNRESOLVED; gross basis required,,,,,,,,,
exnight-strategy-v3,rYMM-2026-10-14-1,rYMM,RYMMUSDT,2026-10-14,2026-09-24T23:30:06+00:00,0.9656110633409246,0.18323952822276032,127,0.599132006895404,E0_RANGE,0.0,0.3,no pre-decision precedent,,25000,8.16,NO_SIGNAL,cash basis UNRESOLVED; gross basis required,,,,,,,,,
