rule,event_id,symbol,spot_symbol,ex_date,decided_at,pdr_hat,pdr_se,estimation_events,lower_ratio,entitlement_tier,w_low,w_high,entitlement_evidence,gross_dividend,notional_usd,price,verdict,reason,sell_book_ts,sell_book_source,buy_book_ts,buy_book_source,cost_per_share,edge_most_kept,edge_least_kept,gross_yield_bp,breakeven_yield_bp
exnight-strategy-v3,rABM-2026-10-01-1,rABM,RABMUSDT,2026-10-01,2026-09-30T23:30:05+00:00,0.9656110633409246,0.18323952822276032,127,0.599132006895404,E0_RANGE,0.0,0.3,no pre-decision precedent,,1000,48.1,NO_SIGNAL,cash basis UNRESOLVED; gross basis required,,,,,,,,,
exnight-strategy-v3,rABM-2026-10-01-1,rABM,RABMUSDT,2026-10-01,2026-09-30T23:30:05+00:00,0.9656110633409246,0.18323952822276032,127,0.599132006895404,E0_RANGE,0.0,0.3,no pre-decision precedent,,5000,48.1,NO_SIGNAL,cash basis UNRESOLVED; gross basis required,,,,,,,,,
exnight-strategy-v3,rABM-2026-10-01-1,rABM,RABMUSDT,2026-10-01,2026-09-30T23:30:05+00:00,0.9656110633409246,0.18323952822276032,127,0.599132006895404,E0_RANGE,0.0,0.3,no pre-decision precedent,,25000,48.1,NO_SIGNAL,cash basis UNRESOLVED; gross basis required,,,,,,,,,
exnight-strategy-v3,rA-2026-10-06-1,rA,RAUSDT,2026-10-06,2026-09-30T23:30:05+00:00,0.9656110633409246,0.18323952822276032,127,0.599132006895404,E0_RANGE,0.0,0.3,no pre-decision precedent,,1000,172.31,NO_SIGNAL,cash basis UNRESOLVED; gross basis required,,,,,,,,,
exnight-strategy-v3,rA-2026-10-06-1,rA,RAUSDT,2026-10-06,2026-09-30T23:30:05+00:00,0.9656110633409246,0.18323952822276032,127,0.599132006895404,E0_RANGE,0.0,0.3,no pre-decision precedent,,5000,172.31,NO_SIGNAL,cash basis UNRESOLVED; gross basis required,,,,,,,,,
exnight-strategy-v3,rA-2026-10-06-1,rA,RAUSDT,2026-10-06,2026-09-30T23:30:05+00:00,0.9656110633409246,0.18323952822276032,127,0.599132006895404,E0_RANGE,0.0,0.3,no pre-decision precedent,,25000,172.31,NO_SIGNAL,cash basis UNRESOLVED; gross basis required,,,,,,,,,
exnight-strategy-v3,rABBV-2026-10-15-1,rABBV,RABBVUSDT,2026-10-15,2026-09-30T23:30:05+00:00,0.9656110633409246,0.18323952822276032,127,0.599132006895404,E0_RANGE,0.0,0.3,no pre-decision precedent,,1000,262.0,NO_SIGNAL,cash basis UNRESOLVED; gross basis required,,,,,,,,,
exnight-strategy-v3,rABBV-2026-10-15-1,rABBV,RABBVUSDT,2026-10-15,2026-09-30T23:30:05+00:00,0.9656110633409246,0.18323952822276032,127,0.599132006895404,E0_RANGE,0.0,0.3,no pre-decision precedent,,5000,262.0,NO_SIGNAL,cash basis UNRESOLVED; gross basis required,,,,,,,,,
exnight-strategy-v3,rABBV-2026-10-15-1,rABBV,RABBVUSDT,2026-10-15,2026-09-30T23:30:05+00:00,0.9656110633409246,0.18323952822276032,127,0.599132006895404,E0_RANGE,0.0,0.3,no pre-decision precedent,,25000,262.0,NO_SIGNAL,cash basis UNRESOLVED; gross basis required,,,,,,,,,
exnight-strategy-v3,rABT-2026-10-15-1,rABT,RABTUSDT,2026-10-15,2026-09-30T23:30:05+00:00,0.9656110633409246,0.18323952822276032,127,0.599132006895404,E0_RANGE,0.0,0.3,no pre-decision precedent,,1000,98.92,NO_SIGNAL,cash basis UNRESOLVED; gross basis required,,,,,,,,,
exnight-strategy-v3,rABT-2026-10-15-1,rABT,RABTUSDT,2026-10-15,2026-09-30T23:30:05+00:00,0.9656110633409246,0.18323952822276032,127,0.599132006895404,E0_RANGE,0.0,0.3,no pre-decision precedent,,5000,98.92,NO_SIGNAL,cash basis UNRESOLVED; gross basis required,,,,,,,,,
exnight-strategy-v3,rABT-2026-10-15-1,rABT,RABTUSDT,2026-10-15,2026-09-30T23:30:05+00:00,0.9656110633409246,0.18323952822276032,127,0.599132006895404,E0_RANGE,0.0,0.3,no pre-decision precedent,,25000,98.92,NO_SIGNAL,cash basis UNRESOLVED; gross basis required,,,,,,,,,
exnight-strategy-v3,rACM-2026-10-14-1,rACM,RACMUSDT,2026-10-14,2026-09-30T23:30:05+00:00,0.9656110633409246,0.18323952822276032,127,0.599132006895404,E0_RANGE,0.0,0.3,no pre-decision precedent,,1000,58.95,NO_SIGNAL,cash basis UNRESOLVED; gross basis required,,,,,,,,,
exnight-strategy-v3,rACM-2026-10-14-1,rACM,RACMUSDT,2026-10-14,2026-09-30T23:30:05+00:00,0.9656110633409246,0.18323952822276032,127,0.599132006895404,E0_RANGE,0.0,0.3,no pre-decision precedent,,5000,58.95,NO_SIGNAL,cash basis UNRESOLVED; gross basis required,,,,,,,,,
exnight-strategy-v3,rACM-2026-10-14-1,rACM,RACMUSDT,2026-10-14,2026-09-30T23:30:05+00:00,0.9656110633409246,0.18323952822276032,127,0.599132006895404,E0_RANGE,0.0,0.3,no pre-decision precedent,,25000,58.95,NO_SIGNAL,cash basis UNRESOLVED; gross basis required,,,,,,,,,
exnight-strategy-v3,rAGX-2026-10-22-1,rAGX,RAGXUSDT,2026-10-22,2026-09-30T23:30:05+00:00,0.9656110633409246,0.18323952822276032,127,0.599132006895404,E0_RANGE,0.0,0.3,no pre-decision precedent,,1000,379.0,NO_SIGNAL,cash basis UNRESOLVED; gross basis required,,,,,,,,,
exnight-strategy-v3,rAGX-2026-10-22-1,rAGX,RAGXUSDT,2026-10-22,2026-09-30T23:30:05+00:00,0.9656110633409246,0.18323952822276032,127,0.599132006895404,E0_RANGE,0.0,0.3,no pre-decision precedent,,5000,379.0,NO_SIGNAL,cash basis UNRESOLVED; gross basis required,,,,,,,,,
exnight-strategy-v3,rAGX-2026-10-22-1,rAGX,RAGXUSDT,2026-10-22,2026-09-30T23:30:05+00:00,0.9656110633409246,0.18323952822276032,127,0.599132006895404,E0_RANGE,0.0,0.3,no pre-decision precedent,,25000,379.0,NO_SIGNAL,cash basis UNRESOLVED; gross basis required,,,,,,,,,
exnight-strategy-v3,rAMAT-2026-11-19-1,rAMAT,RAMATUSDT,2026-11-19,2026-09-30T23:30:05+00:00,0.9656110633409246,0.18323952822276032,127,0.599132006895404,E0_RANGE,0.0,0.3,no pre-decision precedent,0.5300000000000000,1000,513.93,NO_SIGNAL,sell: no depth sample for this symbol/session; buy: no depth sample for this symbol/session,,,,,,,,,
exnight-strategy-v3,rAMAT-2026-11-19-1,rAMAT,RAMATUSDT,2026-11-19,2026-09-30T23:30:05+00:00,0.9656110633409246,0.18323952822276032,127,0.599132006895404,E0_RANGE,0.0,0.3,no pre-decision precedent,0.5300000000000000,5000,513.93,NO_SIGNAL,sell: no depth sample for this symbol/session; buy: no depth sample for this symbol/session,,,,,,,,,
exnight-strategy-v3,rAMAT-2026-11-19-1,rAMAT,RAMATUSDT,2026-11-19,2026-09-30T23:30:05+00:00,0.9656110633409246,0.18323952822276032,127,0.599132006895404,E0_RANGE,0.0,0.3,no pre-decision precedent,0.5300000000000000,25000,513.93,NO_SIGNAL,sell: no depth sample for this symbol/session; buy: no depth sample for this symbol/session,,,,,,,,,
exnight-strategy-v3,rAPD-2026-10-01-1,rAPD,RAPDUSDT,2026-10-01,2026-09-30T23:30:05+00:00,0.9656110633409246,0.18323952822276032,127,0.599132006895404,E0_RANGE,0.0,0.3,no pre-decision precedent,,1000,279.26,NO_SIGNAL,cash basis UNRESOLVED; gross basis required,,,,,,,,,
exnight-strategy-v3,rAPD-2026-10-01-1,rAPD,RAPDUSDT,2026-10-01,2026-09-30T23:30:05+00:00,0.9656110633409246,0.18323952822276032,127,0.599132006895404,E0_RANGE,0.0,0.3,no pre-decision precedent,,5000,279.26,NO_SIGNAL,cash basis UNRESOLVED; gross basis required,,,,,,,,,
exnight-strategy-v3,rAPD-2026-10-01-1,rAPD,RAPDUSDT,2026-10-01,2026-09-30T23:30:05+00:00,0.9656110633409246,0.18323952822276032,127,0.599132006895404,E0_RANGE,0.0,0.3,no pre-decision precedent,,25000,279.26,NO_SIGNAL,cash basis UNRESOLVED; gross basis required,,,,,,,,,
exnight-strategy-v3,rAPA-2026-10-22-1,rAPA,RAPAUSDT,2026-10-22,2026-09-30T23:30:05+00:00,0.9656110633409246,0.18323952822276032,127,0.599132006895404,E0_RANGE,0.0,0.3,no pre-decision precedent,0.2500000000000000,1000,41.56,NO_SIGNAL,sell: no depth sample for this symbol/session; buy: no depth sample for this symbol/session,,,,,,,,,
exnight-strategy-v3,rAPA-2026-10-22-1,rAPA,RAPAUSDT,2026-10-22,2026-09-30T23:30:05+00:00,0.9656110633409246,0.18323952822276032,127,0.599132006895404,E0_RANGE,0.0,0.3,no pre-decision precedent,0.2500000000000000,5000,41.56,NO_SIGNAL,sell: no depth sample for this symbol/session; buy: no depth sample for this symbol/session,,,,,,,,,
exnight-strategy-v3,rAPA-2026-10-22-1,rAPA,RAPAUSDT,2026-10-22,2026-09-30T23:30:05+00:00,0.9656110633409246,0.18323952822276032,127,0.599132006895404,E0_RANGE,0.0,0.3,no pre-decision precedent,0.2500000000000000,25000,41.56,NO_SIGNAL,sell: no depth sample for this symbol/session; buy: no depth sample for this symbol/session,,,,,,,,,
exnight-strategy-v3,rAVAL-2026-11-02-1,rAVAL,RAVALUSDT,2026-11-02,2026-09-30T23:30:05+00:00,0.9656110633409246,0.18323952822276032,127,0.599132006895404,E0_RANGE,0.0,0.3,no pre-decision precedent,,1000,4.8,NO_SIGNAL,cash basis UNRESOLVED; gross basis required,,,,,,,,,
exnight-strategy-v3,rAVAL-2026-11-02-1,rAVAL,RAVALUSDT,2026-11-02,2026-09-30T23:30:05+00:00,0.9656110633409246,0.18323952822276032,127,0.599132006895404,E0_RANGE,0.0,0.3,no pre-decision precedent,,5000,4.8,NO_SIGNAL,cash basis UNRESOLVED; gross basis required,,,,,,,,,
exnight-strategy-v3,rAVAL-2026-11-02-1,rAVAL,RAVALUSDT,2026-11-02,2026-09-30T23:30:05+00:00,0.9656110633409246,0.18323952822276032,127,0.599132006895404,E0_RANGE,0.0,0.3,no pre-decision precedent,,25000,4.8,NO_SIGNAL,cash basis UNRESOLVED; gross basis required,,,,,,,,,
exnight-strategy-v3,rAVAL-2026-12-31-1,rAVAL,RAVALUSDT,2026-12-31,2026-09-30T23:30:05+00:00,0.9656110633409246,0.18323952822276032,127,0.599132006895404,E0_RANGE,0.0,0.3,no pre-decision precedent,,1000,4.8,NO_SIGNAL,cash basis UNRESOLVED; gross basis required,,,,,,,,,
exnight-strategy-v3,rAVAL-2026-12-31-1,rAVAL,RAVALUSDT,2026-12-31,2026-09-30T23:30:05+00:00,0.9656110633409246,0.18323952822276032,127,0.599132006895404,E0_RANGE,0.0,0.3,no pre-decision precedent,,5000,4.8,NO_SIGNAL,cash basis UNRESOLVED; gross basis required,,,,,,,,,
exnight-strategy-v3,rAVAL-2026-12-31-1,rAVAL,RAVALUSDT,2026-12-31,2026-09-30T23:30:05+00:00,0.9656110633409246,0.18323952822276032,127,0.599132006895404,E0_RANGE,0.0,0.3,no pre-decision precedent,,25000,4.8,NO_SIGNAL,cash basis UNRESOLVED; gross basis required,,,,,,,,,
exnight-strategy-v3,rAVAL-2027-01-29-1,rAVAL,RAVALUSDT,2027-01-29,2026-09-30T23:30:05+00:00,0.9656110633409246,0.18323952822276032,127,0.599132006895404,E0_RANGE,0.0,0.3,no pre-decision precedent,,1000,4.8,NO_SIGNAL,cash basis UNRESOLVED; gross basis required,,,,,,,,,
exnight-strategy-v3,rAVAL-2027-01-29-1,rAVAL,RAVALUSDT,2027-01-29,2026-09-30T23:30:05+00:00,0.9656110633409246,0.18323952822276032,127,0.599132006895404,E0_RANGE,0.0,0.3,no pre-decision precedent,,5000,4.8,NO_SIGNAL,cash basis UNRESOLVED; gross basis required,,,,,,,,,
exnight-strategy-v3,rAVAL-2027-01-29-1,rAVAL,RAVALUSDT,2027-01-29,2026-09-30T23:30:05+00:00,0.9656110633409246,0.18323952822276032,127,0.599132006895404,E0_RANGE,0.0,0.3,no pre-decision precedent,,25000,4.8,NO_SIGNAL,cash basis UNRESOLVED; gross basis required,,,,,,,,,
exnight-strategy-v3,rAVAL-2027-02-26-1,rAVAL,RAVALUSDT,2027-02-26,2026-09-30T23:30:05+00:00,0.9656110633409246,0.18323952822276032,127,0.599132006895404,E0_RANGE,0.0,0.3,no pre-decision precedent,,1000,4.8,NO_SIGNAL,cash basis UNRESOLVED; gross basis required,,,,,,,,,
exnight-strategy-v3,rAVAL-2027-02-26-1,rAVAL,RAVALUSDT,2027-02-26,2026-09-30T23:30:05+00:00,0.9656110633409246,0.18323952822276032,127,0.599132006895404,E0_RANGE,0.0,0.3,no pre-decision precedent,,5000,4.8,NO_SIGNAL,cash basis UNRESOLVED; gross basis required,,,,,,,,,
exnight-strategy-v3,rAVAL-2027-02-26-1,rAVAL,RAVALUSDT,2027-02-26,2026-09-30T23:30:05+00:00,0.9656110633409246,0.18323952822276032,127,0.599132006895404,E0_RANGE,0.0,0.3,no pre-decision precedent,,25000,4.8,NO_SIGNAL,cash basis UNRESOLVED; gross basis required,,,,,,,,,
exnight-strategy-v3,rBBD-2026-10-05-1,rBBD,RBBDUSDT,2026-10-05,2026-09-30T23:30:05+00:00,0.9656110633409246,0.18323952822276032,127,0.599132006895404,E0_RANGE,0.0,0.3,no pre-decision precedent,,1000,3.56,NO_SIGNAL,cash basis UNRESOLVED; gross basis required,,,,,,,,,
exnight-strategy-v3,rBBD-2026-10-05-1,rBBD,RBBDUSDT,2026-10-05,2026-09-30T23:30:05+00:00,0.9656110633409246,0.18323952822276032,127,0.599132006895404,E0_RANGE,0.0,0.3,no pre-decision precedent,,5000,3.56,NO_SIGNAL,cash basis UNRESOLVED; gross basis required,,,,,,,,,
exnight-strategy-v3,rBBD-2026-10-05-1,rBBD,RBBDUSDT,2026-10-05,2026-09-30T23:30:05+00:00,0.9656110633409246,0.18323952822276032,127,0.599132006895404,E0_RANGE,0.0,0.3,no pre-decision precedent,,25000,3.56,NO_SIGNAL,cash basis UNRESOLVED; gross basis required,,,,,,,,,
exnight-strategy-v3,rBBDO-2026-10-05-1,rBBDO,RBBDOUSDT,2026-10-05,2026-09-30T23:30:05+00:00,0.9656110633409246,0.18323952822276032,127,0.599132006895404,E0_RANGE,0.0,0.3,no pre-decision precedent,,1000,3.08,NO_SIGNAL,cash basis UNRESOLVED; gross basis required,,,,,,,,,
exnight-strategy-v3,rBBDO-2026-10-05-1,rBBDO,RBBDOUSDT,2026-10-05,2026-09-30T23:30:05+00:00,0.9656110633409246,0.18323952822276032,127,0.599132006895404,E0_RANGE,0.0,0.3,no pre-decision precedent,,5000,3.08,NO_SIGNAL,cash basis UNRESOLVED; gross basis required,,,,,,,,,
exnight-strategy-v3,rBBDO-2026-10-05-1,rBBDO,RBBDOUSDT,2026-10-05,2026-09-30T23:30:05+00:00,0.9656110633409246,0.18323952822276032,127,0.599132006895404,E0_RANGE,0.0,0.3,no pre-decision precedent,,25000,3.08,NO_SIGNAL,cash basis UNRESOLVED; gross basis required,,,,,,,,,
exnight-strategy-v3,rBELFA-2026-10-15-1,rBELFA,RBELFAUSDT,2026-10-15,2026-09-30T23:30:05+00:00,0.9656110633409246,0.18323952822276032,127,0.599132006895404,E0_RANGE,0.0,0.3,no pre-decision precedent,0.0600000000000000,1000,197.73,NO_SIGNAL,sell: no depth sample for this symbol/session; buy: no depth sample for this symbol/session,,,,,,,,,
exnight-strategy-v3,rBELFA-2026-10-15-1,rBELFA,RBELFAUSDT,2026-10-15,2026-09-30T23:30:05+00:00,0.9656110633409246,0.18323952822276032,127,0.599132006895404,E0_RANGE,0.0,0.3,no pre-decision precedent,0.0600000000000000,5000,197.73,NO_SIGNAL,sell: no depth sample for this symbol/session; buy: no depth sample for this symbol/session,,,,,,,,,
exnight-strategy-v3,rBELFA-2026-10-15-1,rBELFA,RBELFAUSDT,2026-10-15,2026-09-30T23:30:05+00:00,0.9656110633409246,0.18323952822276032,127,0.599132006895404,E0_RANGE,0.0,0.3,no pre-decision precedent,0.0600000000000000,25000,197.73,NO_SIGNAL,sell: no depth sample for this symbol/session; buy: no depth sample for this symbol/session,,,,,,,,,
exnight-strategy-v3,rBELFB-2026-10-15-1,rBELFB,RBELFBUSDT,2026-10-15,2026-09-30T23:30:05+00:00,0.9656110633409246,0.18323952822276032,127,0.599132006895404,E0_RANGE,0.0,0.3,no pre-decision precedent,0.0700000000000000,1000,244.12,NO_SIGNAL,sell: no depth sample for this symbol/session; buy: no depth sample for this symbol/session,,,,,,,,,
exnight-strategy-v3,rBELFB-2026-10-15-1,rBELFB,RBELFBUSDT,2026-10-15,2026-09-30T23:30:05+00:00,0.9656110633409246,0.18323952822276032,127,0.599132006895404,E0_RANGE,0.0,0.3,no pre-decision precedent,0.0700000000000000,5000,244.12,NO_SIGNAL,sell: no depth sample for this symbol/session; buy: no depth sample for this symbol/session,,,,,,,,,
exnight-strategy-v3,rBELFB-2026-10-15-1,rBELFB,RBELFBUSDT,2026-10-15,2026-09-30T23:30:05+00:00,0.9656110633409246,0.18323952822276032,127,0.599132006895404,E0_RANGE,0.0,0.3,no pre-decision precedent,0.0700000000000000,25000,244.12,NO_SIGNAL,sell: no depth sample for this symbol/session; buy: no depth sample for this symbol/session,,,,,,,,,
exnight-strategy-v3,rBG-2026-11-17-1,rBG,RBGUSDT,2026-11-17,2026-09-30T23:30:05+00:00,0.9656110633409246,0.18323952822276032,127,0.599132006895404,E0_RANGE,0.0,0.3,no pre-decision precedent,,1000,107.45,NO_SIGNAL,cash basis UNRESOLVED; gross basis required,,,,,,,,,
exnight-strategy-v3,rBG-2026-11-17-1,rBG,RBGUSDT,2026-11-17,2026-09-30T23:30:05+00:00,0.9656110633409246,0.18323952822276032,127,0.599132006895404,E0_RANGE,0.0,0.3,no pre-decision precedent,,5000,107.45,NO_SIGNAL,cash basis UNRESOLVED; gross basis required,,,,,,,,,
exnight-strategy-v3,rBG-2026-11-17-1,rBG,RBGUSDT,2026-11-17,2026-09-30T23:30:05+00:00,0.9656110633409246,0.18323952822276032,127,0.599132006895404,E0_RANGE,0.0,0.3,no pre-decision precedent,,25000,107.45,NO_SIGNAL,cash basis UNRESOLVED; gross basis required,,,,,,,,,
exnight-strategy-v3,rBG-2027-02-16-1,rBG,RBGUSDT,2027-02-16,2026-09-30T23:30:05+00:00,0.9656110633409246,0.18323952822276032,127,0.599132006895404,E0_RANGE,0.0,0.3,no pre-decision precedent,,1000,107.45,NO_SIGNAL,cash basis UNRESOLVED; gross basis required,,,,,,,,,
exnight-strategy-v3,rBG-2027-02-16-1,rBG,RBGUSDT,2027-02-16,2026-09-30T23:30:05+00:00,0.9656110633409246,0.18323952822276032,127,0.599132006895404,E0_RANGE,0.0,0.3,no pre-decision precedent,,5000,107.45,NO_SIGNAL,cash basis UNRESOLVED; gross basis required,,,,,,,,,
exnight-strategy-v3,rBG-2027-02-16-1,rBG,RBGUSDT,2027-02-16,2026-09-30T23:30:05+00:00,0.9656110633409246,0.18323952822276032,127,0.599132006895404,E0_RANGE,0.0,0.3,no pre-decision precedent,,25000,107.45,NO_SIGNAL,cash basis UNRESOLVED; gross basis required,,,,,,,,,
exnight-strategy-v3,rBMY-2026-10-02-1,rBMY,RBMYUSDT,2026-10-02,2026-09-30T23:30:05+00:00,0.9656110633409246,0.18323952822276032,127,0.599132006895404,E0_RANGE,0.0,0.3,no pre-decision precedent,,1000,62.89,NO_SIGNAL,cash basis UNRESOLVED; gross basis required,,,,,,,,,
exnight-strategy-v3,rBMY-2026-10-02-1,rBMY,RBMYUSDT,2026-10-02,2026-09-30T23:30:05+00:00,0.9656110633409246,0.18323952822276032,127,0.599132006895404,E0_RANGE,0.0,0.3,no pre-decision precedent,,5000,62.89,NO_SIGNAL,cash basis UNRESOLVED; gross basis required,,,,,,,,,
exnight-strategy-v3,rBMY-2026-10-02-1,rBMY,RBMYUSDT,2026-10-02,2026-09-30T23:30:05+00:00,0.9656110633409246,0.18323952822276032,127,0.599132006895404,E0_RANGE,0.0,0.3,no pre-decision precedent,,25000,62.89,NO_SIGNAL,cash basis UNRESOLVED; gross basis required,,,,,,,,,
exnight-strategy-v3,rBRX-2026-10-02-1,rBRX,RBRXUSDT,2026-10-02,2026-09-30T23:30:05+00:00,0.9656110633409246,0.18323952822276032,127,0.599132006895404,E0_RANGE,0.0,0.3,no pre-decision precedent,,1000,27.65,NO_SIGNAL,cash basis UNRESOLVED; gross basis required,,,,,,,,,
exnight-strategy-v3,rBRX-2026-10-02-1,rBRX,RBRXUSDT,2026-10-02,2026-09-30T23:30:05+00:00,0.9656110633409246,0.18323952822276032,127,0.599132006895404,E0_RANGE,0.0,0.3,no pre-decision precedent,,5000,27.65,NO_SIGNAL,cash basis UNRESOLVED; gross basis required,,,,,,,,,
exnight-strategy-v3,rBRX-2026-10-02-1,rBRX,RBRXUSDT,2026-10-02,2026-09-30T23:30:05+00:00,0.9656110633409246,0.18323952822276032,127,0.599132006895404,E0_RANGE,0.0,0.3,no pre-decision precedent,,25000,27.65,NO_SIGNAL,cash basis UNRESOLVED; gross basis required,,,,,,,,,
exnight-strategy-v3,rBTI-2026-10-02-1,rBTI,RBTIUSDT,2026-10-02,2026-09-30T23:30:05+00:00,0.9656110633409246,0.18323952822276032,127,0.599132006895404,E0_RANGE,0.0,0.3,no pre-decision precedent,,1000,54.67,NO_SIGNAL,cash basis UNRESOLVED; gross basis required,,,,,,,,,
exnight-strategy-v3,rBTI-2026-10-02-1,rBTI,RBTIUSDT,2026-10-02,2026-09-30T23:30:05+00:00,0.9656110633409246,0.18323952822276032,127,0.599132006895404,E0_RANGE,0.0,0.3,no pre-decision precedent,,5000,54.67,NO_SIGNAL,cash basis UNRESOLVED; gross basis required,,,,,,,,,
exnight-strategy-v3,rBTI-2026-10-02-1,rBTI,RBTIUSDT,2026-10-02,2026-09-30T23:30:05+00:00,0.9656110633409246,0.18323952822276032,127,0.599132006895404,E0_RANGE,0.0,0.3,no pre-decision precedent,,25000,54.67,NO_SIGNAL,cash basis UNRESOLVED; gross basis required,,,,,,,,,
exnight-strategy-v3,rBRC-2026-10-09-1,rBRC,RBRCUSDT,2026-10-09,2026-09-30T23:30:05+00:00,0.9656110633409246,0.18323952822276032,127,0.599132006895404,E0_RANGE,0.0,0.3,no pre-decision precedent,,1000,83.49,NO_SIGNAL,cash basis UNRESOLVED; gross basis required,,,,,,,,,
exnight-strategy-v3,rBRC-2026-10-09-1,rBRC,RBRCUSDT,2026-10-09,2026-09-30T23:30:05+00:00,0.9656110633409246,0.18323952822276032,127,0.599132006895404,E0_RANGE,0.0,0.3,no pre-decision precedent,,5000,83.49,NO_SIGNAL,cash basis UNRESOLVED; gross basis required,,,,,,,,,
exnight-strategy-v3,rBRC-2026-10-09-1,rBRC,RBRCUSDT,2026-10-09,2026-09-30T23:30:05+00:00,0.9656110633409246,0.18323952822276032,127,0.599132006895404,E0_RANGE,0.0,0.3,no pre-decision precedent,,25000,83.49,NO_SIGNAL,cash basis UNRESOLVED; gross basis required,,,,,,,,,
exnight-strategy-v3,rBTI-2026-12-29-1,rBTI,RBTIUSDT,2026-12-29,2026-09-30T23:30:05+00:00,0.9656110633409246,0.18323952822276032,127,0.599132006895404,E0_RANGE,0.0,0.3,no pre-decision precedent,,1000,54.67,NO_SIGNAL,cash basis UNRESOLVED; gross basis required,,,,,,,,,
exnight-strategy-v3,rBTI-2026-12-29-1,rBTI,RBTIUSDT,2026-12-29,2026-09-30T23:30:05+00:00,0.9656110633409246,0.18323952822276032,127,0.599132006895404,E0_RANGE,0.0,0.3,no pre-decision precedent,,5000,54.67,NO_SIGNAL,cash basis UNRESOLVED; gross basis required,,,,,,,,,
exnight-strategy-v3,rBTI-2026-12-29-1,rBTI,RBTIUSDT,2026-12-29,2026-09-30T23:30:05+00:00,0.9656110633409246,0.18323952822276032,127,0.599132006895404,E0_RANGE,0.0,0.3,no pre-decision precedent,,25000,54.67,NO_SIGNAL,cash basis UNRESOLVED; gross basis required,,,,,,,,,
exnight-strategy-v3,rCAH-2026-10-01-1,rCAH,RCAHUSDT,2026-10-01,2026-09-30T23:30:05+00:00,0.9656110633409246,0.18323952822276032,127,0.599132006895404,E0_RANGE,0.0,0.3,no pre-decision precedent,,1000,224.5,NO_SIGNAL,cash basis UNRESOLVED; gross basis required,,,,,,,,,
exnight-strategy-v3,rCAH-2026-10-01-1,rCAH,RCAHUSDT,2026-10-01,2026-09-30T23:30:05+00:00,0.9656110633409246,0.18323952822276032,127,0.599132006895404,E0_RANGE,0.0,0.3,no pre-decision precedent,,5000,224.5,NO_SIGNAL,cash basis UNRESOLVED; gross basis required,,,,,,,,,
exnight-strategy-v3,rCAH-2026-10-01-1,rCAH,RCAHUSDT,2026-10-01,2026-09-30T23:30:05+00:00,0.9656110633409246,0.18323952822276032,127,0.599132006895404,E0_RANGE,0.0,0.3,no pre-decision precedent,,25000,224.5,NO_SIGNAL,cash basis UNRESOLVED; gross basis required,,,,,,,,,
exnight-strategy-v3,rCASY-2026-10-30-1,rCASY,RCASYUSDT,2026-10-30,2026-09-30T23:30:05+00:00,0.9656110633409246,0.18323952822276032,127,0.599132006895404,E0_RANGE,0.0,0.3,no pre-decision precedent,0.6500000000000000,1000,608.5,NO_SIGNAL,sell: no depth sample for this symbol/session; buy: no depth sample for this symbol/session,,,,,,,,,
exnight-strategy-v3,rCASY-2026-10-30-1,rCASY,RCASYUSDT,2026-10-30,2026-09-30T23:30:05+00:00,0.9656110633409246,0.18323952822276032,127,0.599132006895404,E0_RANGE,0.0,0.3,no pre-decision precedent,0.6500000000000000,5000,608.5,NO_SIGNAL,sell: no depth sample for this symbol/session; buy: no depth sample for this symbol/session,,,,,,,,,
exnight-strategy-v3,rCASY-2026-10-30-1,rCASY,RCASYUSDT,2026-10-30,2026-09-30T23:30:05+00:00,0.9656110633409246,0.18323952822276032,127,0.599132006895404,E0_RANGE,0.0,0.3,no pre-decision precedent,0.6500000000000000,25000,608.5,NO_SIGNAL,sell: no depth sample for this symbol/session; buy: no depth sample for this symbol/session,,,,,,,,,
exnight-strategy-v3,rCHH-2026-10-01-1,rCHH,RCHHUSDT,2026-10-01,2026-09-30T23:30:05+00:00,0.9656110633409246,0.18323952822276032,127,0.599132006895404,E0_RANGE,0.0,0.3,no pre-decision precedent,,1000,102.41,NO_SIGNAL,cash basis UNRESOLVED; gross basis required,,,,,,,,,
exnight-strategy-v3,rCHH-2026-10-01-1,rCHH,RCHHUSDT,2026-10-01,2026-09-30T23:30:05+00:00,0.9656110633409246,0.18323952822276032,127,0.599132006895404,E0_RANGE,0.0,0.3,no pre-decision precedent,,5000,102.41,NO_SIGNAL,cash basis UNRESOLVED; gross basis required,,,,,,,,,
exnight-strategy-v3,rCHH-2026-10-01-1,rCHH,RCHHUSDT,2026-10-01,2026-09-30T23:30:05+00:00,0.9656110633409246,0.18323952822276032,127,0.599132006895404,E0_RANGE,0.0,0.3,no pre-decision precedent,,25000,102.41,NO_SIGNAL,cash basis UNRESOLVED; gross basis required,,,,,,,,,
exnight-strategy-v3,rCMCSA-2026-10-07-1,rCMCSA,RCMCSAUSDT,2026-10-07,2026-09-30T23:30:05+00:00,0.9656110633409246,0.18323952822276032,127,0.599132006895404,E1_DOCUMENTED_PRECEDENT,0.3,0.3,"dividends_2026_07_24: rCMCSA ex 2026-07-01 0.33 at 30%, available 2026-09-16T11:09:53+00:00 (primary)",0.3300000000000000,1000,21.85,HOLD,,2026-09-30T23:05:02.918265+00:00,ticker_only,2026-09-30T07:05:03.288995+00:00,ticker_only,0.21762131820079422,-0.2509077559253109,-0.2509077559253109,151.02974828375284,
exnight-strategy-v3,rCMCSA-2026-10-07-1,rCMCSA,RCMCSAUSDT,2026-10-07,2026-09-30T23:30:05+00:00,0.9656110633409246,0.18323952822276032,127,0.599132006895404,E1_DOCUMENTED_PRECEDENT,0.3,0.3,"dividends_2026_07_24: rCMCSA ex 2026-07-01 0.33 at 30%, available 2026-09-16T11:09:53+00:00 (primary)",0.3300000000000000,5000,21.85,HOLD,,2026-09-30T23:05:02.918265+00:00,ticker_only,2026-09-30T07:05:03.288995+00:00,ticker_only,0.21762131820079422,-0.2509077559253109,-0.2509077559253109,151.02974828375284,
exnight-strategy-v3,rCMCSA-2026-10-07-1,rCMCSA,RCMCSAUSDT,2026-10-07,2026-09-30T23:30:05+00:00,0.9656110633409246,0.18323952822276032,127,0.599132006895404,E1_DOCUMENTED_PRECEDENT,0.3,0.3,"dividends_2026_07_24: rCMCSA ex 2026-07-01 0.33 at 30%, available 2026-09-16T11:09:53+00:00 (primary)",0.3300000000000000,25000,21.85,NO_SIGNAL,"buy: $25,000 exceeds visible top-of-book ($22,171) on ticker-only symbol",2026-09-30T23:05:02.918265+00:00,ticker_only,2026-09-30T07:05:03.288995+00:00,ticker_only,,,,,
exnight-strategy-v3,rCL-2026-10-20-1,rCL,RCLUSDT,2026-10-20,2026-09-30T23:30:05+00:00,0.9656110633409246,0.18323952822276032,127,0.599132006895404,E0_RANGE,0.0,0.3,no pre-decision precedent,,1000,85.6,NO_SIGNAL,cash basis UNRESOLVED; gross basis required,,,,,,,,,
exnight-strategy-v3,rCL-2026-10-20-1,rCL,RCLUSDT,2026-10-20,2026-09-30T23:30:05+00:00,0.9656110633409246,0.18323952822276032,127,0.599132006895404,E0_RANGE,0.0,0.3,no pre-decision precedent,,5000,85.6,NO_SIGNAL,cash basis UNRESOLVED; gross basis required,,,,,,,,,
exnight-strategy-v3,rCL-2026-10-20-1,rCL,RCLUSDT,2026-10-20,2026-09-30T23:30:05+00:00,0.9656110633409246,0.18323952822276032,127,0.599132006895404,E0_RANGE,0.0,0.3,no pre-decision precedent,,25000,85.6,NO_SIGNAL,cash basis UNRESOLVED; gross basis required,,,,,,,,,
exnight-strategy-v3,rCPB-2026-10-01-1,rCPB,RCPBUSDT,2026-10-01,2026-09-30T23:30:05+00:00,0.9656110633409246,0.18323952822276032,127,0.599132006895404,E0_RANGE,0.0,0.3,no pre-decision precedent,0.2500000000000000,1000,19.86,NO_SIGNAL,"sell: $1,000 exceeds visible top-of-book ($198) on ticker-only symbol; buy: $1,000 exceeds visible top-of-book ($20) on ticker-only symbol",2026-09-30T23:05:02.918265+00:00,ticker_only,2026-09-30T07:05:03.288995+00:00,ticker_only,,,,,
exnight-strategy-v3,rCPB-2026-10-01-1,rCPB,RCPBUSDT,2026-10-01,2026-09-30T23:30:05+00:00,0.9656110633409246,0.18323952822276032,127,0.599132006895404,E0_RANGE,0.0,0.3,no pre-decision precedent,0.2500000000000000,5000,19.86,NO_SIGNAL,"sell: $5,000 exceeds visible top-of-book ($198) on ticker-only symbol; buy: $5,000 exceeds visible top-of-book ($20) on ticker-only symbol",2026-09-30T23:05:02.918265+00:00,ticker_only,2026-09-30T07:05:03.288995+00:00,ticker_only,,,,,
exnight-strategy-v3,rCPB-2026-10-01-1,rCPB,RCPBUSDT,2026-10-01,2026-09-30T23:30:05+00:00,0.9656110633409246,0.18323952822276032,127,0.599132006895404,E0_RANGE,0.0,0.3,no pre-decision precedent,0.2500000000000000,25000,19.86,NO_SIGNAL,"sell: $25,000 exceeds visible top-of-book ($198) on ticker-only symbol; buy: $25,000 exceeds visible top-of-book ($20) on ticker-only symbol",2026-09-30T23:05:02.918265+00:00,ticker_only,2026-09-30T07:05:03.288995+00:00,ticker_only,,,,,
exnight-strategy-v3,rCSCO-2026-10-02-1,rCSCO,RCSCOUSDT,2026-10-02,2026-09-30T23:30:05+00:00,0.9656110633409246,0.18323952822276032,127,0.599132006895404,E1_DOCUMENTED_PRECEDENT,0.3,0.3,"dividends_2026_07_24: rCSCO ex 2026-07-06 0.42 at 30%, available 2026-09-16T11:09:53+00:00 (primary)",0.4200000000000000,1000,107.62,HOLD,,2026-09-30T23:05:02.918265+00:00,public_book,2026-09-30T07:05:03.288995+00:00,public_book,0.6508829498077273,-0.6932475069116576,-0.6932475069116576,39.026203307935326,
exnight-strategy-v3,rCSCO-2026-10-02-1,rCSCO,RCSCOUSDT,2026-10-02,2026-09-30T23:30:05+00:00,0.9656110633409246,0.18323952822276032,127,0.599132006895404,E1_DOCUMENTED_PRECEDENT,0.3,0.3,"dividends_2026_07_24: rCSCO ex 2026-07-06 0.42 at 30%, available 2026-09-16T11:09:53+00:00 (primary)",0.4200000000000000,5000,107.62,HOLD,,2026-09-30T23:05:02.918265+00:00,public_book,2026-09-30T07:05:03.288995+00:00,public_book,0.8680540134911152,-0.9104185705950455,-0.9104185705950455,39.026203307935326,
exnight-strategy-v3,rCSCO-2026-10-02-1,rCSCO,RCSCOUSDT,2026-10-02,2026-09-30T23:30:05+00:00,0.9656110633409246,0.18323952822276032,127,0.599132006895404,E1_DOCUMENTED_PRECEDENT,0.3,0.3,"dividends_2026_07_24: rCSCO ex 2026-07-06 0.42 at 30%, available 2026-09-16T11:09:53+00:00 (primary)",0.4200000000000000,25000,107.62,HOLD,,2026-09-30T23:05:02.918265+00:00,public_book,2026-09-30T07:05:03.288995+00:00,public_book,1.312676106300761,-1.3550406634046914,-1.3550406634046914,39.026203307935326,
exnight-strategy-v3,rCUBE-2026-10-01-1,rCUBE,RCUBEUSDT,2026-10-01,2026-09-30T23:30:05+00:00,0.9656110633409246,0.18323952822276032,127,0.599132006895404,E0_RANGE,0.0,0.3,no pre-decision precedent,,1000,37.8,NO_SIGNAL,cash basis UNRESOLVED; gross basis required,,,,,,,,,
exnight-strategy-v3,rCUBE-2026-10-01-1,rCUBE,RCUBEUSDT,2026-10-01,2026-09-30T23:30:05+00:00,0.9656110633409246,0.18323952822276032,127,0.599132006895404,E0_RANGE,0.0,0.3,no pre-decision precedent,,5000,37.8,NO_SIGNAL,cash basis UNRESOLVED; gross basis required,,,,,,,,,
exnight-strategy-v3,rCUBE-2026-10-01-1,rCUBE,RCUBEUSDT,2026-10-01,2026-09-30T23:30:05+00:00,0.9656110633409246,0.18323952822276032,127,0.599132006895404,E0_RANGE,0.0,0.3,no pre-decision precedent,,25000,37.8,NO_SIGNAL,cash basis UNRESOLVED; gross basis required,,,,,,,,,
exnight-strategy-v3,rCUZ-2026-10-05-1,rCUZ,RCUZUSDT,2026-10-05,2026-09-30T23:30:05+00:00,0.9656110633409246,0.18323952822276032,127,0.599132006895404,E0_RANGE,0.0,0.3,no pre-decision precedent,,1000,27.64,NO_SIGNAL,cash basis UNRESOLVED; gross basis required,,,,,,,,,
exnight-strategy-v3,rCUZ-2026-10-05-1,rCUZ,RCUZUSDT,2026-10-05,2026-09-30T23:30:05+00:00,0.9656110633409246,0.18323952822276032,127,0.599132006895404,E0_RANGE,0.0,0.3,no pre-decision precedent,,5000,27.64,NO_SIGNAL,cash basis UNRESOLVED; gross basis required,,,,,,,,,
exnight-strategy-v3,rCUZ-2026-10-05-1,rCUZ,RCUZUSDT,2026-10-05,2026-09-30T23:30:05+00:00,0.9656110633409246,0.18323952822276032,127,0.599132006895404,E0_RANGE,0.0,0.3,no pre-decision precedent,,25000,27.64,NO_SIGNAL,cash basis UNRESOLVED; gross basis required,,,,,,,,,
exnight-strategy-v3,rDG-2026-10-06-1,rDG,RDGUSDT,2026-10-06,2026-09-30T23:30:05+00:00,0.9656110633409246,0.18323952822276032,127,0.599132006895404,E0_RANGE,0.0,0.3,no pre-decision precedent,,1000,120.31,NO_SIGNAL,cash basis UNRESOLVED; gross basis required,,,,,,,,,
exnight-strategy-v3,rDG-2026-10-06-1,rDG,RDGUSDT,2026-10-06,2026-09-30T23:30:05+00:00,0.9656110633409246,0.18323952822276032,127,0.599132006895404,E0_RANGE,0.0,0.3,no pre-decision precedent,,5000,120.31,NO_SIGNAL,cash basis UNRESOLVED; gross basis required,,,,,,,,,
exnight-strategy-v3,rDG-2026-10-06-1,rDG,RDGUSDT,2026-10-06,2026-09-30T23:30:05+00:00,0.9656110633409246,0.18323952822276032,127,0.599132006895404,E0_RANGE,0.0,0.3,no pre-decision precedent,,25000,120.31,NO_SIGNAL,cash basis UNRESOLVED; gross basis required,,,,,,,,,
exnight-strategy-v3,rDGX-2026-10-06-1,rDGX,RDGXUSDT,2026-10-06,2026-09-30T23:30:05+00:00,0.9656110633409246,0.18323952822276032,127,0.599132006895404,E0_RANGE,0.0,0.3,no pre-decision precedent,,1000,233.07,NO_SIGNAL,cash basis UNRESOLVED; gross basis required,,,,,,,,,
exnight-strategy-v3,rDGX-2026-10-06-1,rDGX,RDGXUSDT,2026-10-06,2026-09-30T23:30:05+00:00,0.9656110633409246,0.18323952822276032,127,0.599132006895404,E0_RANGE,0.0,0.3,no pre-decision precedent,,5000,233.07,NO_SIGNAL,cash basis UNRESOLVED; gross basis required,,,,,,,,,
exnight-strategy-v3,rDGX-2026-10-06-1,rDGX,RDGXUSDT,2026-10-06,2026-09-30T23:30:05+00:00,0.9656110633409246,0.18323952822276032,127,0.599132006895404,E0_RANGE,0.0,0.3,no pre-decision precedent,,25000,233.07,NO_SIGNAL,cash basis UNRESOLVED; gross basis required,,,,,,,,,
exnight-strategy-v3,rDEO-2026-10-16-1,rDEO,RDEOUSDT,2026-10-16,2026-09-30T23:30:05+00:00,0.9656110633409246,0.18323952822276032,127,0.599132006895404,E0_RANGE,0.0,0.3,no pre-decision precedent,,1000,85.55,NO_SIGNAL,cash basis UNRESOLVED; gross basis required,,,,,,,,,
exnight-strategy-v3,rDEO-2026-10-16-1,rDEO,RDEOUSDT,2026-10-16,2026-09-30T23:30:05+00:00,0.9656110633409246,0.18323952822276032,127,0.599132006895404,E0_RANGE,0.0,0.3,no pre-decision precedent,,5000,85.55,NO_SIGNAL,cash basis UNRESOLVED; gross basis required,,,,,,,,,
exnight-strategy-v3,rDEO-2026-10-16-1,rDEO,RDEOUSDT,2026-10-16,2026-09-30T23:30:05+00:00,0.9656110633409246,0.18323952822276032,127,0.599132006895404,E0_RANGE,0.0,0.3,no pre-decision precedent,,25000,85.55,NO_SIGNAL,cash basis UNRESOLVED; gross basis required,,,,,,,,,
exnight-strategy-v3,rDELL-2026-10-20-1,rDELL,RDELLUSDT,2026-10-20,2026-09-30T23:30:05+00:00,0.9656110633409246,0.18323952822276032,127,0.599132006895404,E0_RANGE,0.0,0.3,no pre-decision precedent,,1000,540.87,NO_SIGNAL,cash basis UNRESOLVED; gross basis required,,,,,,,,,
exnight-strategy-v3,rDELL-2026-10-20-1,rDELL,RDELLUSDT,2026-10-20,2026-09-30T23:30:05+00:00,0.9656110633409246,0.18323952822276032,127,0.599132006895404,E0_RANGE,0.0,0.3,no pre-decision precedent,,5000,540.87,NO_SIGNAL,cash basis UNRESOLVED; gross basis required,,,,,,,,,
exnight-strategy-v3,rDELL-2026-10-20-1,rDELL,RDELLUSDT,2026-10-20,2026-09-30T23:30:05+00:00,0.9656110633409246,0.18323952822276032,127,0.599132006895404,E0_RANGE,0.0,0.3,no pre-decision precedent,,25000,540.87,NO_SIGNAL,cash basis UNRESOLVED; gross basis required,,,,,,,,,
exnight-strategy-v3,rEHC-2026-10-01-1,rEHC,REHCUSDT,2026-10-01,2026-09-30T23:30:05+00:00,0.9656110633409246,0.18323952822276032,127,0.599132006895404,E0_RANGE,0.0,0.3,no pre-decision precedent,,1000,122.0,NO_SIGNAL,cash basis UNRESOLVED; gross basis required,,,,,,,,,
exnight-strategy-v3,rEHC-2026-10-01-1,rEHC,REHCUSDT,2026-10-01,2026-09-30T23:30:05+00:00,0.9656110633409246,0.18323952822276032,127,0.599132006895404,E0_RANGE,0.0,0.3,no pre-decision precedent,,5000,122.0,NO_SIGNAL,cash basis UNRESOLVED; gross basis required,,,,,,,,,
exnight-strategy-v3,rEHC-2026-10-01-1,rEHC,REHCUSDT,2026-10-01,2026-09-30T23:30:05+00:00,0.9656110633409246,0.18323952822276032,127,0.599132006895404,E0_RANGE,0.0,0.3,no pre-decision precedent,,25000,122.0,NO_SIGNAL,cash basis UNRESOLVED; gross basis required,,,,,,,,,
exnight-strategy-v3,rESE-2026-10-01-1,rESE,RESEUSDT,2026-10-01,2026-09-30T23:30:05+00:00,0.9656110633409246,0.18323952822276032,127,0.599132006895404,E0_RANGE,0.0,0.3,no pre-decision precedent,,1000,265.11,NO_SIGNAL,cash basis UNRESOLVED; gross basis required,,,,,,,,,
exnight-strategy-v3,rESE-2026-10-01-1,rESE,RESEUSDT,2026-10-01,2026-09-30T23:30:05+00:00,0.9656110633409246,0.18323952822276032,127,0.599132006895404,E0_RANGE,0.0,0.3,no pre-decision precedent,,5000,265.11,NO_SIGNAL,cash basis UNRESOLVED; gross basis required,,,,,,,,,
exnight-strategy-v3,rESE-2026-10-01-1,rESE,RESEUSDT,2026-10-01,2026-09-30T23:30:05+00:00,0.9656110633409246,0.18323952822276032,127,0.599132006895404,E0_RANGE,0.0,0.3,no pre-decision precedent,,25000,265.11,NO_SIGNAL,cash basis UNRESOLVED; gross basis required,,,,,,,,,
exnight-strategy-v3,rESAB-2026-10-02-1,rESAB,RESABUSDT,2026-10-02,2026-09-30T23:30:05+00:00,0.9656110633409246,0.18323952822276032,127,0.599132006895404,E0_RANGE,0.0,0.3,no pre-decision precedent,,1000,65.88,NO_SIGNAL,cash basis UNRESOLVED; gross basis required,,,,,,,,,
exnight-strategy-v3,rESAB-2026-10-02-1,rESAB,RESABUSDT,2026-10-02,2026-09-30T23:30:05+00:00,0.9656110633409246,0.18323952822276032,127,0.599132006895404,E0_RANGE,0.0,0.3,no pre-decision precedent,,5000,65.88,NO_SIGNAL,cash basis UNRESOLVED; gross basis required,,,,,,,,,
exnight-strategy-v3,rESAB-2026-10-02-1,rESAB,RESABUSDT,2026-10-02,2026-09-30T23:30:05+00:00,0.9656110633409246,0.18323952822276032,127,0.599132006895404,E0_RANGE,0.0,0.3,no pre-decision precedent,,25000,65.88,NO_SIGNAL,cash basis UNRESOLVED; gross basis required,,,,,,,,,
exnight-strategy-v3,rERIE-2026-10-05-1,rERIE,RERIEUSDT,2026-10-05,2026-09-30T23:30:05+00:00,0.9656110633409246,0.18323952822276032,127,0.599132006895404,E0_RANGE,0.0,0.3,no pre-decision precedent,1.4625000000000000,1000,219.15,NO_SIGNAL,sell: no depth sample for this symbol/session; buy: no depth sample for this symbol/session,,,,,,,,,
exnight-strategy-v3,rERIE-2026-10-05-1,rERIE,RERIEUSDT,2026-10-05,2026-09-30T23:30:05+00:00,0.9656110633409246,0.18323952822276032,127,0.599132006895404,E0_RANGE,0.0,0.3,no pre-decision precedent,1.4625000000000000,5000,219.15,NO_SIGNAL,sell: no depth sample for this symbol/session; buy: no depth sample for this symbol/session,,,,,,,,,
exnight-strategy-v3,rERIE-2026-10-05-1,rERIE,RERIEUSDT,2026-10-05,2026-09-30T23:30:05+00:00,0.9656110633409246,0.18323952822276032,127,0.599132006895404,E0_RANGE,0.0,0.3,no pre-decision precedent,1.4625000000000000,25000,219.15,NO_SIGNAL,sell: no depth sample for this symbol/session; buy: no depth sample for this symbol/session,,,,,,,,,
exnight-strategy-v3,rESLT-2026-10-13-1,rESLT,RESLTUSDT,2026-10-13,2026-09-30T23:30:05+00:00,0.9656110633409246,0.18323952822276032,127,0.599132006895404,E0_RANGE,0.0,0.3,no pre-decision precedent,1.0000000000000000,1000,682.01,NO_SIGNAL,sell: no depth sample for this symbol/session; buy: no depth sample for this symbol/session,,,,,,,,,
exnight-strategy-v3,rESLT-2026-10-13-1,rESLT,RESLTUSDT,2026-10-13,2026-09-30T23:30:05+00:00,0.9656110633409246,0.18323952822276032,127,0.599132006895404,E0_RANGE,0.0,0.3,no pre-decision precedent,1.0000000000000000,5000,682.01,NO_SIGNAL,sell: no depth sample for this symbol/session; buy: no depth sample for this symbol/session,,,,,,,,,
exnight-strategy-v3,rESLT-2026-10-13-1,rESLT,RESLTUSDT,2026-10-13,2026-09-30T23:30:05+00:00,0.9656110633409246,0.18323952822276032,127,0.599132006895404,E0_RANGE,0.0,0.3,no pre-decision precedent,1.0000000000000000,25000,682.01,NO_SIGNAL,sell: no depth sample for this symbol/session; buy: no depth sample for this symbol/session,,,,,,,,,
exnight-strategy-v3,rEOG-2026-10-16-1,rEOG,REOGUSDT,2026-10-16,2026-09-30T23:30:05+00:00,0.9656110633409246,0.18323952822276032,127,0.599132006895404,E0_RANGE,0.0,0.3,no pre-decision precedent,,1000,138.0,NO_SIGNAL,cash basis UNRESOLVED; gross basis required,,,,,,,,,
exnight-strategy-v3,rEOG-2026-10-16-1,rEOG,REOGUSDT,2026-10-16,2026-09-30T23:30:05+00:00,0.9656110633409246,0.18323952822276032,127,0.599132006895404,E0_RANGE,0.0,0.3,no pre-decision precedent,,5000,138.0,NO_SIGNAL,cash basis UNRESOLVED; gross basis required,,,,,,,,,
exnight-strategy-v3,rEOG-2026-10-16-1,rEOG,REOGUSDT,2026-10-16,2026-09-30T23:30:05+00:00,0.9656110633409246,0.18323952822276032,127,0.599132006895404,E0_RANGE,0.0,0.3,no pre-decision precedent,,25000,138.0,NO_SIGNAL,cash basis UNRESOLVED; gross basis required,,,,,,,,,
exnight-strategy-v3,rFRT-2026-10-01-1,rFRT,RFRTUSDT,2026-10-01,2026-09-30T23:30:05+00:00,0.9656110633409246,0.18323952822276032,127,0.599132006895404,E0_RANGE,0.0,0.3,no pre-decision precedent,,1000,108.29,NO_SIGNAL,cash basis UNRESOLVED; gross basis required,,,,,,,,,
exnight-strategy-v3,rFRT-2026-10-01-1,rFRT,RFRTUSDT,2026-10-01,2026-09-30T23:30:05+00:00,0.9656110633409246,0.18323952822276032,127,0.599132006895404,E0_RANGE,0.0,0.3,no pre-decision precedent,,5000,108.29,NO_SIGNAL,cash basis UNRESOLVED; gross basis required,,,,,,,,,
exnight-strategy-v3,rFRT-2026-10-01-1,rFRT,RFRTUSDT,2026-10-01,2026-09-30T23:30:05+00:00,0.9656110633409246,0.18323952822276032,127,0.599132006895404,E0_RANGE,0.0,0.3,no pre-decision precedent,,25000,108.29,NO_SIGNAL,cash basis UNRESOLVED; gross basis required,,,,,,,,,
exnight-strategy-v3,rFULT-2026-10-01-1,rFULT,RFULTUSDT,2026-10-01,2026-09-30T23:30:05+00:00,0.9656110633409246,0.18323952822276032,127,0.599132006895404,E0_RANGE,0.0,0.3,no pre-decision precedent,0.1900000000000000,1000,22.6,NO_SIGNAL,"sell: $1,000 exceeds visible top-of-book ($654) on ticker-only symbol; buy: $1,000 exceeds visible top-of-book ($25) on ticker-only symbol",2026-09-30T23:05:02.918265+00:00,ticker_only,2026-09-30T07:05:03.288995+00:00,ticker_only,,,,,
exnight-strategy-v3,rFULT-2026-10-01-1,rFULT,RFULTUSDT,2026-10-01,2026-09-30T23:30:05+00:00,0.9656110633409246,0.18323952822276032,127,0.599132006895404,E0_RANGE,0.0,0.3,no pre-decision precedent,0.1900000000000000,5000,22.6,NO_SIGNAL,"sell: $5,000 exceeds visible top-of-book ($654) on ticker-only symbol; buy: $5,000 exceeds visible top-of-book ($25) on ticker-only symbol",2026-09-30T23:05:02.918265+00:00,ticker_only,2026-09-30T07:05:03.288995+00:00,ticker_only,,,,,
exnight-strategy-v3,rFULT-2026-10-01-1,rFULT,RFULTUSDT,2026-10-01,2026-09-30T23:30:05+00:00,0.9656110633409246,0.18323952822276032,127,0.599132006895404,E0_RANGE,0.0,0.3,no pre-decision precedent,0.1900000000000000,25000,22.6,NO_SIGNAL,"sell: $25,000 exceeds visible top-of-book ($654) on ticker-only symbol; buy: $25,000 exceeds visible top-of-book ($25) on ticker-only symbol",2026-09-30T23:05:02.918265+00:00,ticker_only,2026-09-30T07:05:03.288995+00:00,ticker_only,,,,,
exnight-strategy-v3,rGAP-2026-10-07-1,rGAP,RGAPUSDT,2026-10-07,2026-09-30T23:30:05+00:00,0.9656110633409246,0.18323952822276032,127,0.599132006895404,E0_RANGE,0.0,0.3,no pre-decision precedent,,1000,22.84,NO_SIGNAL,cash basis UNRESOLVED; gross basis required,,,,,,,,,
exnight-strategy-v3,rGAP-2026-10-07-1,rGAP,RGAPUSDT,2026-10-07,2026-09-30T23:30:05+00:00,0.9656110633409246,0.18323952822276032,127,0.599132006895404,E0_RANGE,0.0,0.3,no pre-decision precedent,,5000,22.84,NO_SIGNAL,cash basis UNRESOLVED; gross basis required,,,,,,,,,
exnight-strategy-v3,rGAP-2026-10-07-1,rGAP,RGAPUSDT,2026-10-07,2026-09-30T23:30:05+00:00,0.9656110633409246,0.18323952822276032,127,0.599132006895404,E0_RANGE,0.0,0.3,no pre-decision precedent,,25000,22.84,NO_SIGNAL,cash basis UNRESOLVED; gross basis required,,,,,,,,,
exnight-strategy-v3,rGD-2026-10-09-1,rGD,RGDUSDT,2026-10-09,2026-09-30T23:30:05+00:00,0.9656110633409246,0.18323952822276032,127,0.599132006895404,E0_RANGE,0.0,0.3,no pre-decision precedent,,1000,333.0,NO_SIGNAL,cash basis UNRESOLVED; gross basis required,,,,,,,,,
exnight-strategy-v3,rGD-2026-10-09-1,rGD,RGDUSDT,2026-10-09,2026-09-30T23:30:05+00:00,0.9656110633409246,0.18323952822276032,127,0.599132006895404,E0_RANGE,0.0,0.3,no pre-decision precedent,,5000,333.0,NO_SIGNAL,cash basis UNRESOLVED; gross basis required,,,,,,,,,
exnight-strategy-v3,rGD-2026-10-09-1,rGD,RGDUSDT,2026-10-09,2026-09-30T23:30:05+00:00,0.9656110633409246,0.18323952822276032,127,0.599132006895404,E0_RANGE,0.0,0.3,no pre-decision precedent,,25000,333.0,NO_SIGNAL,cash basis UNRESOLVED; gross basis required,,,,,,,,,
exnight-strategy-v3,rGGG-2026-10-19-1,rGGG,RGGGUSDT,2026-10-19,2026-09-30T23:30:05+00:00,0.9656110633409246,0.18323952822276032,127,0.599132006895404,E0_RANGE,0.0,0.3,no pre-decision precedent,,1000,76.84,NO_SIGNAL,cash basis UNRESOLVED; gross basis required,,,,,,,,,
exnight-strategy-v3,rGGG-2026-10-19-1,rGGG,RGGGUSDT,2026-10-19,2026-09-30T23:30:05+00:00,0.9656110633409246,0.18323952822276032,127,0.599132006895404,E0_RANGE,0.0,0.3,no pre-decision precedent,,5000,76.84,NO_SIGNAL,cash basis UNRESOLVED; gross basis required,,,,,,,,,
exnight-strategy-v3,rGGG-2026-10-19-1,rGGG,RGGGUSDT,2026-10-19,2026-09-30T23:30:05+00:00,0.9656110633409246,0.18323952822276032,127,0.599132006895404,E0_RANGE,0.0,0.3,no pre-decision precedent,,25000,76.84,NO_SIGNAL,cash basis UNRESOLVED; gross basis required,,,,,,,,,
exnight-strategy-v3,rGL-2026-10-05-1,rGL,RGLUSDT,2026-10-05,2026-09-30T23:30:05+00:00,0.9656110633409246,0.18323952822276032,127,0.599132006895404,E0_RANGE,0.0,0.3,no pre-decision precedent,,1000,165.65,NO_SIGNAL,cash basis UNRESOLVED; gross basis required,,,,,,,,,
exnight-strategy-v3,rGL-2026-10-05-1,rGL,RGLUSDT,2026-10-05,2026-09-30T23:30:05+00:00,0.9656110633409246,0.18323952822276032,127,0.599132006895404,E0_RANGE,0.0,0.3,no pre-decision precedent,,5000,165.65,NO_SIGNAL,cash basis UNRESOLVED; gross basis required,,,,,,,,,
exnight-strategy-v3,rGL-2026-10-05-1,rGL,RGLUSDT,2026-10-05,2026-09-30T23:30:05+00:00,0.9656110633409246,0.18323952822276032,127,0.599132006895404,E0_RANGE,0.0,0.3,no pre-decision precedent,,25000,165.65,NO_SIGNAL,cash basis UNRESOLVED; gross basis required,,,,,,,,,
exnight-strategy-v3,rGNTX-2026-10-07-1,rGNTX,RGNTXUSDT,2026-10-07,2026-09-30T23:30:05+00:00,0.9656110633409246,0.18323952822276032,127,0.599132006895404,E0_RANGE,0.0,0.3,no pre-decision precedent,0.1200000000000000,1000,21.74,NO_SIGNAL,sell: no depth sample for this symbol/session; buy: no depth sample for this symbol/session,,,,,,,,,
exnight-strategy-v3,rGNTX-2026-10-07-1,rGNTX,RGNTXUSDT,2026-10-07,2026-09-30T23:30:05+00:00,0.9656110633409246,0.18323952822276032,127,0.599132006895404,E0_RANGE,0.0,0.3,no pre-decision precedent,0.1200000000000000,5000,21.74,NO_SIGNAL,sell: no depth sample for this symbol/session; buy: no depth sample for this symbol/session,,,,,,,,,
exnight-strategy-v3,rGNTX-2026-10-07-1,rGNTX,RGNTXUSDT,2026-10-07,2026-09-30T23:30:05+00:00,0.9656110633409246,0.18323952822276032,127,0.599132006895404,E0_RANGE,0.0,0.3,no pre-decision precedent,0.1200000000000000,25000,21.74,NO_SIGNAL,sell: no depth sample for this symbol/session; buy: no depth sample for this symbol/session,,,,,,,,,
exnight-strategy-v3,rGHC-2026-10-15-1,rGHC,RGHCUSDT,2026-10-15,2026-09-30T23:30:05+00:00,0.9656110633409246,0.18323952822276032,127,0.599132006895404,E0_RANGE,0.0,0.3,no pre-decision precedent,,1000,1137.0,NO_SIGNAL,cash basis UNRESOLVED; gross basis required,,,,,,,,,
exnight-strategy-v3,rGHC-2026-10-15-1,rGHC,RGHCUSDT,2026-10-15,2026-09-30T23:30:05+00:00,0.9656110633409246,0.18323952822276032,127,0.599132006895404,E0_RANGE,0.0,0.3,no pre-decision precedent,,5000,1137.0,NO_SIGNAL,cash basis UNRESOLVED; gross basis required,,,,,,,,,
exnight-strategy-v3,rGHC-2026-10-15-1,rGHC,RGHCUSDT,2026-10-15,2026-09-30T23:30:05+00:00,0.9656110633409246,0.18323952822276032,127,0.599132006895404,E0_RANGE,0.0,0.3,no pre-decision precedent,,25000,1137.0,NO_SIGNAL,cash basis UNRESOLVED; gross basis required,,,,,,,,,
exnight-strategy-v3,rGRMN-2026-12-11-1,rGRMN,RGRMNUSDT,2026-12-11,2026-09-30T23:30:05+00:00,0.9656110633409246,0.18323952822276032,127,0.599132006895404,E0_RANGE,0.0,0.3,no pre-decision precedent,,1000,288.0,NO_SIGNAL,cash basis UNRESOLVED; gross basis required,,,,,,,,,
exnight-strategy-v3,rGRMN-2026-12-11-1,rGRMN,RGRMNUSDT,2026-12-11,2026-09-30T23:30:05+00:00,0.9656110633409246,0.18323952822276032,127,0.599132006895404,E0_RANGE,0.0,0.3,no pre-decision precedent,,5000,288.0,NO_SIGNAL,cash basis UNRESOLVED; gross basis required,,,,,,,,,
exnight-strategy-v3,rGRMN-2026-12-11-1,rGRMN,RGRMNUSDT,2026-12-11,2026-09-30T23:30:05+00:00,0.9656110633409246,0.18323952822276032,127,0.599132006895404,E0_RANGE,0.0,0.3,no pre-decision precedent,,25000,288.0,NO_SIGNAL,cash basis UNRESOLVED; gross basis required,,,,,,,,,
exnight-strategy-v3,rGRMN-2027-03-12-1,rGRMN,RGRMNUSDT,2027-03-12,2026-09-30T23:30:05+00:00,0.9656110633409246,0.18323952822276032,127,0.599132006895404,E0_RANGE,0.0,0.3,no pre-decision precedent,,1000,288.0,NO_SIGNAL,cash basis UNRESOLVED; gross basis required,,,,,,,,,
exnight-strategy-v3,rGRMN-2027-03-12-1,rGRMN,RGRMNUSDT,2027-03-12,2026-09-30T23:30:05+00:00,0.9656110633409246,0.18323952822276032,127,0.599132006895404,E0_RANGE,0.0,0.3,no pre-decision precedent,,5000,288.0,NO_SIGNAL,cash basis UNRESOLVED; gross basis required,,,,,,,,,
exnight-strategy-v3,rGRMN-2027-03-12-1,rGRMN,RGRMNUSDT,2027-03-12,2026-09-30T23:30:05+00:00,0.9656110633409246,0.18323952822276032,127,0.599132006895404,E0_RANGE,0.0,0.3,no pre-decision precedent,,25000,288.0,NO_SIGNAL,cash basis UNRESOLVED; gross basis required,,,,,,,,,
exnight-strategy-v3,rHASI-2026-10-02-1,rHASI,RHASIUSDT,2026-10-02,2026-09-30T23:30:05+00:00,0.9656110633409246,0.18323952822276032,127,0.599132006895404,E0_RANGE,0.0,0.3,no pre-decision precedent,,1000,35.82,NO_SIGNAL,cash basis UNRESOLVED; gross basis required,,,,,,,,,
exnight-strategy-v3,rHASI-2026-10-02-1,rHASI,RHASIUSDT,2026-10-02,2026-09-30T23:30:05+00:00,0.9656110633409246,0.18323952822276032,127,0.599132006895404,E0_RANGE,0.0,0.3,no pre-decision precedent,,5000,35.82,NO_SIGNAL,cash basis UNRESOLVED; gross basis required,,,,,,,,,
exnight-strategy-v3,rHASI-2026-10-02-1,rHASI,RHASIUSDT,2026-10-02,2026-09-30T23:30:05+00:00,0.9656110633409246,0.18323952822276032,127,0.599132006895404,E0_RANGE,0.0,0.3,no pre-decision precedent,,25000,35.82,NO_SIGNAL,cash basis UNRESOLVED; gross basis required,,,,,,,,,
exnight-strategy-v3,rHMY-2026-10-09-1,rHMY,RHMYUSDT,2026-10-09,2026-09-30T23:30:05+00:00,0.9656110633409246,0.18323952822276032,127,0.599132006895404,E0_RANGE,0.0,0.3,no pre-decision precedent,,1000,18.02,NO_SIGNAL,cash basis UNRESOLVED; gross basis required,,,,,,,,,
exnight-strategy-v3,rHMY-2026-10-09-1,rHMY,RHMYUSDT,2026-10-09,2026-09-30T23:30:05+00:00,0.9656110633409246,0.18323952822276032,127,0.599132006895404,E0_RANGE,0.0,0.3,no pre-decision precedent,,5000,18.02,NO_SIGNAL,cash basis UNRESOLVED; gross basis required,,,,,,,,,
exnight-strategy-v3,rHMY-2026-10-09-1,rHMY,RHMYUSDT,2026-10-09,2026-09-30T23:30:05+00:00,0.9656110633409246,0.18323952822276032,127,0.599132006895404,E0_RANGE,0.0,0.3,no pre-decision precedent,,25000,18.02,NO_SIGNAL,cash basis UNRESOLVED; gross basis required,,,,,,,,,
exnight-strategy-v3,rHUM-2026-10-30-1,rHUM,RHUMUSDT,2026-10-30,2026-09-30T23:30:05+00:00,0.9656110633409246,0.18323952822276032,127,0.599132006895404,E0_RANGE,0.0,0.3,no pre-decision precedent,,1000,382.85,NO_SIGNAL,cash basis UNRESOLVED; gross basis required,,,,,,,,,
exnight-strategy-v3,rHUM-2026-10-30-1,rHUM,RHUMUSDT,2026-10-30,2026-09-30T23:30:05+00:00,0.9656110633409246,0.18323952822276032,127,0.599132006895404,E0_RANGE,0.0,0.3,no pre-decision precedent,,5000,382.85,NO_SIGNAL,cash basis UNRESOLVED; gross basis required,,,,,,,,,
exnight-strategy-v3,rHUM-2026-10-30-1,rHUM,RHUMUSDT,2026-10-30,2026-09-30T23:30:05+00:00,0.9656110633409246,0.18323952822276032,127,0.599132006895404,E0_RANGE,0.0,0.3,no pre-decision precedent,,25000,382.85,NO_SIGNAL,cash basis UNRESOLVED; gross basis required,,,,,,,,,
exnight-strategy-v3,rICE-2026-12-16-1,rICE,RICEUSDT,2026-12-16,2026-09-30T23:30:05+00:00,0.9656110633409246,0.18323952822276032,127,0.599132006895404,E0_RANGE,0.0,0.3,no pre-decision precedent,,1000,152.4,NO_SIGNAL,cash basis UNRESOLVED; gross basis required,,,,,,,,,
exnight-strategy-v3,rICE-2026-12-16-1,rICE,RICEUSDT,2026-12-16,2026-09-30T23:30:05+00:00,0.9656110633409246,0.18323952822276032,127,0.599132006895404,E0_RANGE,0.0,0.3,no pre-decision precedent,,5000,152.4,NO_SIGNAL,cash basis UNRESOLVED; gross basis required,,,,,,,,,
exnight-strategy-v3,rICE-2026-12-16-1,rICE,RICEUSDT,2026-12-16,2026-09-30T23:30:05+00:00,0.9656110633409246,0.18323952822276032,127,0.599132006895404,E0_RANGE,0.0,0.3,no pre-decision precedent,,25000,152.4,NO_SIGNAL,cash basis UNRESOLVED; gross basis required,,,,,,,,,
exnight-strategy-v3,rIEX-2026-10-02-1,rIEX,RIEXUSDT,2026-10-02,2026-09-30T23:30:05+00:00,0.9656110633409246,0.18323952822276032,127,0.599132006895404,E0_RANGE,0.0,0.3,no pre-decision precedent,,1000,227.98,NO_SIGNAL,cash basis UNRESOLVED; gross basis required,,,,,,,,,
exnight-strategy-v3,rIEX-2026-10-02-1,rIEX,RIEXUSDT,2026-10-02,2026-09-30T23:30:05+00:00,0.9656110633409246,0.18323952822276032,127,0.599132006895404,E0_RANGE,0.0,0.3,no pre-decision precedent,,5000,227.98,NO_SIGNAL,cash basis UNRESOLVED; gross basis required,,,,,,,,,
exnight-strategy-v3,rIEX-2026-10-02-1,rIEX,RIEXUSDT,2026-10-02,2026-09-30T23:30:05+00:00,0.9656110633409246,0.18323952822276032,127,0.599132006895404,E0_RANGE,0.0,0.3,no pre-decision precedent,,25000,227.98,NO_SIGNAL,cash basis UNRESOLVED; gross basis required,,,,,,,,,
exnight-strategy-v3,rIDCC-2026-10-14-1,rIDCC,RIDCCUSDT,2026-10-14,2026-09-30T23:30:05+00:00,0.9656110633409246,0.18323952822276032,127,0.599132006895404,E0_RANGE,0.0,0.3,no pre-decision precedent,0.7500000000000000,1000,326.71,NO_SIGNAL,sell: no depth sample for this symbol/session; buy: no depth sample for this symbol/session,,,,,,,,,
exnight-strategy-v3,rIDCC-2026-10-14-1,rIDCC,RIDCCUSDT,2026-10-14,2026-09-30T23:30:05+00:00,0.9656110633409246,0.18323952822276032,127,0.599132006895404,E0_RANGE,0.0,0.3,no pre-decision precedent,0.7500000000000000,5000,326.71,NO_SIGNAL,sell: no depth sample for this symbol/session; buy: no depth sample for this symbol/session,,,,,,,,,
exnight-strategy-v3,rIDCC-2026-10-14-1,rIDCC,RIDCCUSDT,2026-10-14,2026-09-30T23:30:05+00:00,0.9656110633409246,0.18323952822276032,127,0.599132006895404,E0_RANGE,0.0,0.3,no pre-decision precedent,0.7500000000000000,25000,326.71,NO_SIGNAL,sell: no depth sample for this symbol/session; buy: no depth sample for this symbol/session,,,,,,,,,
exnight-strategy-v3,rINGR-2026-10-01-1,rINGR,RINGRUSDT,2026-10-01,2026-09-30T23:30:05+00:00,0.9656110633409246,0.18323952822276032,127,0.599132006895404,E0_RANGE,0.0,0.3,no pre-decision precedent,,1000,96.64,NO_SIGNAL,cash basis UNRESOLVED; gross basis required,,,,,,,,,
exnight-strategy-v3,rINGR-2026-10-01-1,rINGR,RINGRUSDT,2026-10-01,2026-09-30T23:30:05+00:00,0.9656110633409246,0.18323952822276032,127,0.599132006895404,E0_RANGE,0.0,0.3,no pre-decision precedent,,5000,96.64,NO_SIGNAL,cash basis UNRESOLVED; gross basis required,,,,,,,,,
exnight-strategy-v3,rINGR-2026-10-01-1,rINGR,RINGRUSDT,2026-10-01,2026-09-30T23:30:05+00:00,0.9656110633409246,0.18323952822276032,127,0.599132006895404,E0_RANGE,0.0,0.3,no pre-decision precedent,,25000,96.64,NO_SIGNAL,cash basis UNRESOLVED; gross basis required,,,,,,,,,
exnight-strategy-v3,rINDV-2026-10-30-1,rINDV,RINDVUSDT,2026-10-30,2026-09-30T23:30:05+00:00,0.9656110633409246,0.18323952822276032,127,0.599132006895404,E0_RANGE,0.0,0.3,no pre-decision precedent,,1000,35.85,NO_SIGNAL,cash basis UNRESOLVED; gross basis required,,,,,,,,,
exnight-strategy-v3,rINDV-2026-10-30-1,rINDV,RINDVUSDT,2026-10-30,2026-09-30T23:30:05+00:00,0.9656110633409246,0.18323952822276032,127,0.599132006895404,E0_RANGE,0.0,0.3,no pre-decision precedent,,5000,35.85,NO_SIGNAL,cash basis UNRESOLVED; gross basis required,,,,,,,,,
exnight-strategy-v3,rINDV-2026-10-30-1,rINDV,RINDVUSDT,2026-10-30,2026-09-30T23:30:05+00:00,0.9656110633409246,0.18323952822276032,127,0.599132006895404,E0_RANGE,0.0,0.3,no pre-decision precedent,,25000,35.85,NO_SIGNAL,cash basis UNRESOLVED; gross basis required,,,,,,,,,
exnight-strategy-v3,rINTU-2026-10-08-1,rINTU,RINTUUSDT,2026-10-08,2026-09-30T23:30:05+00:00,0.9656110633409246,0.18323952822276032,127,0.599132006895404,E1_DOCUMENTED_PRECEDENT,0.3,0.3,"dividends_2026_07_24: rINTU ex 2026-07-09 1.2 at 30%, available 2026-09-16T11:09:53+00:00 (primary)",1.3800000000000000,1000,275.34,NO_SIGNAL,"buy: $1,000 exceeds visible top-of-book ($269) on ticker-only symbol",2026-09-30T23:05:02.918265+00:00,ticker_only,2026-09-30T07:05:03.288995+00:00,ticker_only,,,,,
exnight-strategy-v3,rINTU-2026-10-08-1,rINTU,RINTUUSDT,2026-10-08,2026-09-30T23:30:05+00:00,0.9656110633409246,0.18323952822276032,127,0.599132006895404,E1_DOCUMENTED_PRECEDENT,0.3,0.3,"dividends_2026_07_24: rINTU ex 2026-07-09 1.2 at 30%, available 2026-09-16T11:09:53+00:00 (primary)",1.3800000000000000,5000,275.34,NO_SIGNAL,"buy: $5,000 exceeds visible top-of-book ($269) on ticker-only symbol",2026-09-30T23:05:02.918265+00:00,ticker_only,2026-09-30T07:05:03.288995+00:00,ticker_only,,,,,
exnight-strategy-v3,rINTU-2026-10-08-1,rINTU,RINTUUSDT,2026-10-08,2026-09-30T23:30:05+00:00,0.9656110633409246,0.18323952822276032,127,0.599132006895404,E1_DOCUMENTED_PRECEDENT,0.3,0.3,"dividends_2026_07_24: rINTU ex 2026-07-09 1.2 at 30%, available 2026-09-16T11:09:53+00:00 (primary)",1.3800000000000000,25000,275.34,NO_SIGNAL,"buy: $25,000 exceeds visible top-of-book ($269) on ticker-only symbol",2026-09-30T23:05:02.918265+00:00,ticker_only,2026-09-30T07:05:03.288995+00:00,ticker_only,,,,,
exnight-strategy-v3,rJAN-2026-10-16-1,rJAN,RJANUSDT,2026-10-16,2026-09-30T23:30:05+00:00,0.9656110633409246,0.18323952822276032,127,0.599132006895404,E0_RANGE,0.0,0.3,no pre-decision precedent,,1000,29.63,NO_SIGNAL,cash basis UNRESOLVED; gross basis required,,,,,,,,,
exnight-strategy-v3,rJAN-2026-10-16-1,rJAN,RJANUSDT,2026-10-16,2026-09-30T23:30:05+00:00,0.9656110633409246,0.18323952822276032,127,0.599132006895404,E0_RANGE,0.0,0.3,no pre-decision precedent,,5000,29.63,NO_SIGNAL,cash basis UNRESOLVED; gross basis required,,,,,,,,,
exnight-strategy-v3,rJAN-2026-10-16-1,rJAN,RJANUSDT,2026-10-16,2026-09-30T23:30:05+00:00,0.9656110633409246,0.18323952822276032,127,0.599132006895404,E0_RANGE,0.0,0.3,no pre-decision precedent,,25000,29.63,NO_SIGNAL,cash basis UNRESOLVED; gross basis required,,,,,,,,,
exnight-strategy-v3,rJAN-2026-11-12-1,rJAN,RJANUSDT,2026-11-12,2026-09-30T23:30:05+00:00,0.9656110633409246,0.18323952822276032,127,0.599132006895404,E0_RANGE,0.0,0.3,no pre-decision precedent,,1000,29.63,NO_SIGNAL,cash basis UNRESOLVED; gross basis required,,,,,,,,,
exnight-strategy-v3,rJAN-2026-11-12-1,rJAN,RJANUSDT,2026-11-12,2026-09-30T23:30:05+00:00,0.9656110633409246,0.18323952822276032,127,0.599132006895404,E0_RANGE,0.0,0.3,no pre-decision precedent,,5000,29.63,NO_SIGNAL,cash basis UNRESOLVED; gross basis required,,,,,,,,,
exnight-strategy-v3,rJAN-2026-11-12-1,rJAN,RJANUSDT,2026-11-12,2026-09-30T23:30:05+00:00,0.9656110633409246,0.18323952822276032,127,0.599132006895404,E0_RANGE,0.0,0.3,no pre-decision precedent,,25000,29.63,NO_SIGNAL,cash basis UNRESOLVED; gross basis required,,,,,,,,,
exnight-strategy-v3,rJAN-2026-12-18-1,rJAN,RJANUSDT,2026-12-18,2026-09-30T23:30:05+00:00,0.9656110633409246,0.18323952822276032,127,0.599132006895404,E0_RANGE,0.0,0.3,no pre-decision precedent,,1000,29.63,NO_SIGNAL,cash basis UNRESOLVED; gross basis required,,,,,,,,,
exnight-strategy-v3,rJAN-2026-12-18-1,rJAN,RJANUSDT,2026-12-18,2026-09-30T23:30:05+00:00,0.9656110633409246,0.18323952822276032,127,0.599132006895404,E0_RANGE,0.0,0.3,no pre-decision precedent,,5000,29.63,NO_SIGNAL,cash basis UNRESOLVED; gross basis required,,,,,,,,,
exnight-strategy-v3,rJAN-2026-12-18-1,rJAN,RJANUSDT,2026-12-18,2026-09-30T23:30:05+00:00,0.9656110633409246,0.18323952822276032,127,0.599132006895404,E0_RANGE,0.0,0.3,no pre-decision precedent,,25000,29.63,NO_SIGNAL,cash basis UNRESOLVED; gross basis required,,,,,,,,,
exnight-strategy-v3,rJPM-2026-10-06-1,rJPM,RJPMUSDT,2026-10-06,2026-09-30T23:30:05+00:00,0.9656110633409246,0.18323952822276032,127,0.599132006895404,E0_RANGE,0.0,0.3,no pre-decision precedent,,1000,331.51,NO_SIGNAL,cash basis UNRESOLVED; gross basis required,,,,,,,,,
exnight-strategy-v3,rJPM-2026-10-06-1,rJPM,RJPMUSDT,2026-10-06,2026-09-30T23:30:05+00:00,0.9656110633409246,0.18323952822276032,127,0.599132006895404,E0_RANGE,0.0,0.3,no pre-decision precedent,,5000,331.51,NO_SIGNAL,cash basis UNRESOLVED; gross basis required,,,,,,,,,
exnight-strategy-v3,rJPM-2026-10-06-1,rJPM,RJPMUSDT,2026-10-06,2026-09-30T23:30:05+00:00,0.9656110633409246,0.18323952822276032,127,0.599132006895404,E0_RANGE,0.0,0.3,no pre-decision precedent,,25000,331.51,NO_SIGNAL,cash basis UNRESOLVED; gross basis required,,,,,,,,,
exnight-strategy-v3,rKAI-2026-10-15-1,rKAI,RKAIUSDT,2026-10-15,2026-09-30T23:30:05+00:00,0.9656110633409246,0.18323952822276032,127,0.599132006895404,E0_RANGE,0.0,0.3,no pre-decision precedent,,1000,261.52,NO_SIGNAL,cash basis UNRESOLVED; gross basis required,,,,,,,,,
exnight-strategy-v3,rKAI-2026-10-15-1,rKAI,RKAIUSDT,2026-10-15,2026-09-30T23:30:05+00:00,0.9656110633409246,0.18323952822276032,127,0.599132006895404,E0_RANGE,0.0,0.3,no pre-decision precedent,,5000,261.52,NO_SIGNAL,cash basis UNRESOLVED; gross basis required,,,,,,,,,
exnight-strategy-v3,rKAI-2026-10-15-1,rKAI,RKAIUSDT,2026-10-15,2026-09-30T23:30:05+00:00,0.9656110633409246,0.18323952822276032,127,0.599132006895404,E0_RANGE,0.0,0.3,no pre-decision precedent,,25000,261.52,NO_SIGNAL,cash basis UNRESOLVED; gross basis required,,,,,,,,,
exnight-strategy-v3,rKRG-2026-10-09-1,rKRG,RKRGUSDT,2026-10-09,2026-09-30T23:30:05+00:00,0.9656110633409246,0.18323952822276032,127,0.599132006895404,E0_RANGE,0.0,0.3,no pre-decision precedent,,1000,24.39,NO_SIGNAL,cash basis UNRESOLVED; gross basis required,,,,,,,,,
exnight-strategy-v3,rKRG-2026-10-09-1,rKRG,RKRGUSDT,2026-10-09,2026-09-30T23:30:05+00:00,0.9656110633409246,0.18323952822276032,127,0.599132006895404,E0_RANGE,0.0,0.3,no pre-decision precedent,,5000,24.39,NO_SIGNAL,cash basis UNRESOLVED; gross basis required,,,,,,,,,
exnight-strategy-v3,rKRG-2026-10-09-1,rKRG,RKRGUSDT,2026-10-09,2026-09-30T23:30:05+00:00,0.9656110633409246,0.18323952822276032,127,0.599132006895404,E0_RANGE,0.0,0.3,no pre-decision precedent,,25000,24.39,NO_SIGNAL,cash basis UNRESOLVED; gross basis required,,,,,,,,,
exnight-strategy-v3,rKR-2026-11-16-1,rKR,RKRUSDT,2026-11-16,2026-09-30T23:30:05+00:00,0.9656110633409246,0.18323952822276032,127,0.599132006895404,E0_RANGE,0.0,0.3,no pre-decision precedent,,1000,58.85,NO_SIGNAL,cash basis UNRESOLVED; gross basis required,,,,,,,,,
exnight-strategy-v3,rKR-2026-11-16-1,rKR,RKRUSDT,2026-11-16,2026-09-30T23:30:05+00:00,0.9656110633409246,0.18323952822276032,127,0.599132006895404,E0_RANGE,0.0,0.3,no pre-decision precedent,,5000,58.85,NO_SIGNAL,cash basis UNRESOLVED; gross basis required,,,,,,,,,
exnight-strategy-v3,rKR-2026-11-16-1,rKR,RKRUSDT,2026-11-16,2026-09-30T23:30:05+00:00,0.9656110633409246,0.18323952822276032,127,0.599132006895404,E0_RANGE,0.0,0.3,no pre-decision precedent,,25000,58.85,NO_SIGNAL,cash basis UNRESOLVED; gross basis required,,,,,,,,,
exnight-strategy-v3,rLNC-2026-10-09-1,rLNC,RLNCUSDT,2026-10-09,2026-09-30T23:30:05+00:00,0.9656110633409246,0.18323952822276032,127,0.599132006895404,E0_RANGE,0.0,0.3,no pre-decision precedent,,1000,40.25,NO_SIGNAL,cash basis UNRESOLVED; gross basis required,,,,,,,,,
exnight-strategy-v3,rLNC-2026-10-09-1,rLNC,RLNCUSDT,2026-10-09,2026-09-30T23:30:05+00:00,0.9656110633409246,0.18323952822276032,127,0.599132006895404,E0_RANGE,0.0,0.3,no pre-decision precedent,,5000,40.25,NO_SIGNAL,cash basis UNRESOLVED; gross basis required,,,,,,,,,
exnight-strategy-v3,rLNC-2026-10-09-1,rLNC,RLNCUSDT,2026-10-09,2026-09-30T23:30:05+00:00,0.9656110633409246,0.18323952822276032,127,0.599132006895404,E0_RANGE,0.0,0.3,no pre-decision precedent,,25000,40.25,NO_SIGNAL,cash basis UNRESOLVED; gross basis required,,,,,,,,,
exnight-strategy-v3,rLOW-2026-10-21-1,rLOW,RLOWUSDT,2026-10-21,2026-09-30T23:30:05+00:00,0.9656110633409246,0.18323952822276032,127,0.599132006895404,E0_RANGE,0.0,0.3,no pre-decision precedent,,1000,184.91,NO_SIGNAL,cash basis UNRESOLVED; gross basis required,,,,,,,,,
exnight-strategy-v3,rLOW-2026-10-21-1,rLOW,RLOWUSDT,2026-10-21,2026-09-30T23:30:05+00:00,0.9656110633409246,0.18323952822276032,127,0.599132006895404,E0_RANGE,0.0,0.3,no pre-decision precedent,,5000,184.91,NO_SIGNAL,cash basis UNRESOLVED; gross basis required,,,,,,,,,
exnight-strategy-v3,rLOW-2026-10-21-1,rLOW,RLOWUSDT,2026-10-21,2026-09-30T23:30:05+00:00,0.9656110633409246,0.18323952822276032,127,0.599132006895404,E0_RANGE,0.0,0.3,no pre-decision precedent,,25000,184.91,NO_SIGNAL,cash basis UNRESOLVED; gross basis required,,,,,,,,,
exnight-strategy-v3,rMAIN-2026-10-08-1,rMAIN,RMAINUSDT,2026-10-08,2026-09-30T23:30:05+00:00,0.9656110633409246,0.18323952822276032,127,0.599132006895404,E0_RANGE,0.0,0.3,no pre-decision precedent,,1000,55.02,NO_SIGNAL,cash basis UNRESOLVED; gross basis required,,,,,,,,,
exnight-strategy-v3,rMAIN-2026-10-08-1,rMAIN,RMAINUSDT,2026-10-08,2026-09-30T23:30:05+00:00,0.9656110633409246,0.18323952822276032,127,0.599132006895404,E0_RANGE,0.0,0.3,no pre-decision precedent,,5000,55.02,NO_SIGNAL,cash basis UNRESOLVED; gross basis required,,,,,,,,,
exnight-strategy-v3,rMAIN-2026-10-08-1,rMAIN,RMAINUSDT,2026-10-08,2026-09-30T23:30:05+00:00,0.9656110633409246,0.18323952822276032,127,0.599132006895404,E0_RANGE,0.0,0.3,no pre-decision precedent,,25000,55.02,NO_SIGNAL,cash basis UNRESOLVED; gross basis required,,,,,,,,,
exnight-strategy-v3,rMAIN-2026-11-06-1,rMAIN,RMAINUSDT,2026-11-06,2026-09-30T23:30:05+00:00,0.9656110633409246,0.18323952822276032,127,0.599132006895404,E0_RANGE,0.0,0.3,no pre-decision precedent,,1000,55.02,NO_SIGNAL,cash basis UNRESOLVED; gross basis required,,,,,,,,,
exnight-strategy-v3,rMAIN-2026-11-06-1,rMAIN,RMAINUSDT,2026-11-06,2026-09-30T23:30:05+00:00,0.9656110633409246,0.18323952822276032,127,0.599132006895404,E0_RANGE,0.0,0.3,no pre-decision precedent,,5000,55.02,NO_SIGNAL,cash basis UNRESOLVED; gross basis required,,,,,,,,,
exnight-strategy-v3,rMAIN-2026-11-06-1,rMAIN,RMAINUSDT,2026-11-06,2026-09-30T23:30:05+00:00,0.9656110633409246,0.18323952822276032,127,0.599132006895404,E0_RANGE,0.0,0.3,no pre-decision precedent,,25000,55.02,NO_SIGNAL,cash basis UNRESOLVED; gross basis required,,,,,,,,,
exnight-strategy-v3,rMCD-2026-12-01-1,rMCD,RMCDUSDT,2026-12-01,2026-09-30T23:30:05+00:00,0.9656110633409246,0.18323952822276032,127,0.599132006895404,E0_RANGE,0.0,0.3,no pre-decision precedent,,1000,231.28,NO_SIGNAL,cash basis UNRESOLVED; gross basis required,,,,,,,,,
exnight-strategy-v3,rMCD-2026-12-01-1,rMCD,RMCDUSDT,2026-12-01,2026-09-30T23:30:05+00:00,0.9656110633409246,0.18323952822276032,127,0.599132006895404,E0_RANGE,0.0,0.3,no pre-decision precedent,,5000,231.28,NO_SIGNAL,cash basis UNRESOLVED; gross basis required,,,,,,,,,
exnight-strategy-v3,rMCD-2026-12-01-1,rMCD,RMCDUSDT,2026-12-01,2026-09-30T23:30:05+00:00,0.9656110633409246,0.18323952822276032,127,0.599132006895404,E0_RANGE,0.0,0.3,no pre-decision precedent,,25000,231.28,NO_SIGNAL,cash basis UNRESOLVED; gross basis required,,,,,,,,,
exnight-strategy-v3,rMAIN-2026-12-08-1,rMAIN,RMAINUSDT,2026-12-08,2026-09-30T23:30:05+00:00,0.9656110633409246,0.18323952822276032,127,0.599132006895404,E0_RANGE,0.0,0.3,no pre-decision precedent,,1000,55.02,NO_SIGNAL,cash basis UNRESOLVED; gross basis required,,,,,,,,,
exnight-strategy-v3,rMAIN-2026-12-08-1,rMAIN,RMAINUSDT,2026-12-08,2026-09-30T23:30:05+00:00,0.9656110633409246,0.18323952822276032,127,0.599132006895404,E0_RANGE,0.0,0.3,no pre-decision precedent,,5000,55.02,NO_SIGNAL,cash basis UNRESOLVED; gross basis required,,,,,,,,,
exnight-strategy-v3,rMAIN-2026-12-08-1,rMAIN,RMAINUSDT,2026-12-08,2026-09-30T23:30:05+00:00,0.9656110633409246,0.18323952822276032,127,0.599132006895404,E0_RANGE,0.0,0.3,no pre-decision precedent,,25000,55.02,NO_SIGNAL,cash basis UNRESOLVED; gross basis required,,,,,,,,,
exnight-strategy-v3,rMRSH-2026-10-01-1,rMRSH,RMRSHUSDT,2026-10-01,2026-09-30T23:30:05+00:00,0.9656110633409246,0.18323952822276032,127,0.599132006895404,E0_RANGE,0.0,0.3,no pre-decision precedent,,1000,170.73,NO_SIGNAL,cash basis UNRESOLVED; gross basis required,,,,,,,,,
exnight-strategy-v3,rMRSH-2026-10-01-1,rMRSH,RMRSHUSDT,2026-10-01,2026-09-30T23:30:05+00:00,0.9656110633409246,0.18323952822276032,127,0.599132006895404,E0_RANGE,0.0,0.3,no pre-decision precedent,,5000,170.73,NO_SIGNAL,cash basis UNRESOLVED; gross basis required,,,,,,,,,
exnight-strategy-v3,rMRSH-2026-10-01-1,rMRSH,RMRSHUSDT,2026-10-01,2026-09-30T23:30:05+00:00,0.9656110633409246,0.18323952822276032,127,0.599132006895404,E0_RANGE,0.0,0.3,no pre-decision precedent,,25000,170.73,NO_SIGNAL,cash basis UNRESOLVED; gross basis required,,,,,,,,,
exnight-strategy-v3,rMORN-2026-10-02-1,rMORN,RMORNUSDT,2026-10-02,2026-09-30T23:30:05+00:00,0.9656110633409246,0.18323952822276032,127,0.599132006895404,E0_RANGE,0.0,0.3,no pre-decision precedent,0.5000000000000000,1000,190.04,NO_SIGNAL,sell: no depth sample for this symbol/session; buy: no depth sample for this symbol/session,,,,,,,,,
exnight-strategy-v3,rMORN-2026-10-02-1,rMORN,RMORNUSDT,2026-10-02,2026-09-30T23:30:05+00:00,0.9656110633409246,0.18323952822276032,127,0.599132006895404,E0_RANGE,0.0,0.3,no pre-decision precedent,0.5000000000000000,5000,190.04,NO_SIGNAL,sell: no depth sample for this symbol/session; buy: no depth sample for this symbol/session,,,,,,,,,
exnight-strategy-v3,rMORN-2026-10-02-1,rMORN,RMORNUSDT,2026-10-02,2026-09-30T23:30:05+00:00,0.9656110633409246,0.18323952822276032,127,0.599132006895404,E0_RANGE,0.0,0.3,no pre-decision precedent,0.5000000000000000,25000,190.04,NO_SIGNAL,sell: no depth sample for this symbol/session; buy: no depth sample for this symbol/session,,,,,,,,,
exnight-strategy-v3,rMTCH-2026-10-05-1,rMTCH,RMTCHUSDT,2026-10-05,2026-09-30T23:30:05+00:00,0.9656110633409246,0.18323952822276032,127,0.599132006895404,E0_RANGE,0.0,0.3,no pre-decision precedent,0.2000000000000000,1000,40.15,NO_SIGNAL,sell: no depth sample for this symbol/session; buy: no depth sample for this symbol/session,,,,,,,,,
exnight-strategy-v3,rMTCH-2026-10-05-1,rMTCH,RMTCHUSDT,2026-10-05,2026-09-30T23:30:05+00:00,0.9656110633409246,0.18323952822276032,127,0.599132006895404,E0_RANGE,0.0,0.3,no pre-decision precedent,0.2000000000000000,5000,40.15,NO_SIGNAL,sell: no depth sample for this symbol/session; buy: no depth sample for this symbol/session,,,,,,,,,
exnight-strategy-v3,rMTCH-2026-10-05-1,rMTCH,RMTCHUSDT,2026-10-05,2026-09-30T23:30:05+00:00,0.9656110633409246,0.18323952822276032,127,0.599132006895404,E0_RANGE,0.0,0.3,no pre-decision precedent,0.2000000000000000,25000,40.15,NO_SIGNAL,sell: no depth sample for this symbol/session; buy: no depth sample for this symbol/session,,,,,,,,,
exnight-strategy-v3,rMT-2026-11-13-1,rMT,RMTUSDT,2026-11-13,2026-09-30T23:30:05+00:00,0.9656110633409246,0.18323952822276032,127,0.599132006895404,E0_RANGE,0.0,0.3,no pre-decision precedent,,1000,66.63,NO_SIGNAL,cash basis UNRESOLVED; gross basis required,,,,,,,,,
exnight-strategy-v3,rMT-2026-11-13-1,rMT,RMTUSDT,2026-11-13,2026-09-30T23:30:05+00:00,0.9656110633409246,0.18323952822276032,127,0.599132006895404,E0_RANGE,0.0,0.3,no pre-decision precedent,,5000,66.63,NO_SIGNAL,cash basis UNRESOLVED; gross basis required,,,,,,,,,
exnight-strategy-v3,rMT-2026-11-13-1,rMT,RMTUSDT,2026-11-13,2026-09-30T23:30:05+00:00,0.9656110633409246,0.18323952822276032,127,0.599132006895404,E0_RANGE,0.0,0.3,no pre-decision precedent,,25000,66.63,NO_SIGNAL,cash basis UNRESOLVED; gross basis required,,,,,,,,,
exnight-strategy-v3,rMSFT-2026-11-19-1,rMSFT,RMSFTUSDT,2026-11-19,2026-09-30T23:30:05+00:00,0.9656110633409246,0.18323952822276032,127,0.599132006895404,E0_RANGE,0.0,0.3,no pre-decision precedent,0.9800000000000000,1000,514.05,NO_SIGNAL,sell: no depth sample for this symbol/session; buy: no depth sample for this symbol/session,,,,,,,,,
exnight-strategy-v3,rMSFT-2026-11-19-1,rMSFT,RMSFTUSDT,2026-11-19,2026-09-30T23:30:05+00:00,0.9656110633409246,0.18323952822276032,127,0.599132006895404,E0_RANGE,0.0,0.3,no pre-decision precedent,0.9800000000000000,5000,514.05,NO_SIGNAL,sell: no depth sample for this symbol/session; buy: no depth sample for this symbol/session,,,,,,,,,
exnight-strategy-v3,rMSFT-2026-11-19-1,rMSFT,RMSFTUSDT,2026-11-19,2026-09-30T23:30:05+00:00,0.9656110633409246,0.18323952822276032,127,0.599132006895404,E0_RANGE,0.0,0.3,no pre-decision precedent,0.9800000000000000,25000,514.05,NO_SIGNAL,sell: no depth sample for this symbol/session; buy: no depth sample for this symbol/session,,,,,,,,,
exnight-strategy-v3,rNI-2026-10-30-1,rNI,RNIUSDT,2026-10-30,2026-09-30T23:30:05+00:00,0.9656110633409246,0.18323952822276032,127,0.599132006895404,E0_RANGE,0.0,0.3,no pre-decision precedent,,1000,39.04,NO_SIGNAL,cash basis UNRESOLVED; gross basis required,,,,,,,,,
exnight-strategy-v3,rNI-2026-10-30-1,rNI,RNIUSDT,2026-10-30,2026-09-30T23:30:05+00:00,0.9656110633409246,0.18323952822276032,127,0.599132006895404,E0_RANGE,0.0,0.3,no pre-decision precedent,,5000,39.04,NO_SIGNAL,cash basis UNRESOLVED; gross basis required,,,,,,,,,
exnight-strategy-v3,rNI-2026-10-30-1,rNI,RNIUSDT,2026-10-30,2026-09-30T23:30:05+00:00,0.9656110633409246,0.18323952822276032,127,0.599132006895404,E0_RANGE,0.0,0.3,no pre-decision precedent,,25000,39.04,NO_SIGNAL,cash basis UNRESOLVED; gross basis required,,,,,,,,,
exnight-strategy-v3,rNTAP-2026-10-09-1,rNTAP,RNTAPUSDT,2026-10-09,2026-09-30T23:30:05+00:00,0.9656110633409246,0.18323952822276032,127,0.599132006895404,E0_RANGE,0.0,0.3,no pre-decision precedent,0.5200000000000000,1000,210.55,NO_SIGNAL,sell: no depth sample for this symbol/session; buy: no depth sample for this symbol/session,,,,,,,,,
exnight-strategy-v3,rNTAP-2026-10-09-1,rNTAP,RNTAPUSDT,2026-10-09,2026-09-30T23:30:05+00:00,0.9656110633409246,0.18323952822276032,127,0.599132006895404,E0_RANGE,0.0,0.3,no pre-decision precedent,0.5200000000000000,5000,210.55,NO_SIGNAL,sell: no depth sample for this symbol/session; buy: no depth sample for this symbol/session,,,,,,,,,
exnight-strategy-v3,rNTAP-2026-10-09-1,rNTAP,RNTAPUSDT,2026-10-09,2026-09-30T23:30:05+00:00,0.9656110633409246,0.18323952822276032,127,0.599132006895404,E0_RANGE,0.0,0.3,no pre-decision precedent,0.5200000000000000,25000,210.55,NO_SIGNAL,sell: no depth sample for this symbol/session; buy: no depth sample for this symbol/session,,,,,,,,,
exnight-strategy-v3,rOC-2026-10-19-1,rOC,ROCUSDT,2026-10-19,2026-09-30T23:30:05+00:00,0.9656110633409246,0.18323952822276032,127,0.599132006895404,E0_RANGE,0.0,0.3,no pre-decision precedent,,1000,117.0,NO_SIGNAL,cash basis UNRESOLVED; gross basis required,,,,,,,,,
exnight-strategy-v3,rOC-2026-10-19-1,rOC,ROCUSDT,2026-10-19,2026-09-30T23:30:05+00:00,0.9656110633409246,0.18323952822276032,127,0.599132006895404,E0_RANGE,0.0,0.3,no pre-decision precedent,,5000,117.0,NO_SIGNAL,cash basis UNRESOLVED; gross basis required,,,,,,,,,
exnight-strategy-v3,rOC-2026-10-19-1,rOC,ROCUSDT,2026-10-19,2026-09-30T23:30:05+00:00,0.9656110633409246,0.18323952822276032,127,0.599132006895404,E0_RANGE,0.0,0.3,no pre-decision precedent,,25000,117.0,NO_SIGNAL,cash basis UNRESOLVED; gross basis required,,,,,,,,,
exnight-strategy-v3,rNVT-2026-10-23-1,rNVT,RNVTUSDT,2026-10-23,2026-09-30T23:30:05+00:00,0.9656110633409246,0.18323952822276032,127,0.599132006895404,E0_RANGE,0.0,0.3,no pre-decision precedent,,1000,160.37,NO_SIGNAL,cash basis UNRESOLVED; gross basis required,,,,,,,,,
exnight-strategy-v3,rNVT-2026-10-23-1,rNVT,RNVTUSDT,2026-10-23,2026-09-30T23:30:05+00:00,0.9656110633409246,0.18323952822276032,127,0.599132006895404,E0_RANGE,0.0,0.3,no pre-decision precedent,,5000,160.37,NO_SIGNAL,cash basis UNRESOLVED; gross basis required,,,,,,,,,
exnight-strategy-v3,rNVT-2026-10-23-1,rNVT,RNVTUSDT,2026-10-23,2026-09-30T23:30:05+00:00,0.9656110633409246,0.18323952822276032,127,0.599132006895404,E0_RANGE,0.0,0.3,no pre-decision precedent,,25000,160.37,NO_SIGNAL,cash basis UNRESOLVED; gross basis required,,,,,,,,,
exnight-strategy-v3,rORCL-2026-10-09-1,rORCL,RORCLUSDT,2026-10-09,2026-09-30T23:30:05+00:00,0.9656110633409246,0.18323952822276032,127,0.599132006895404,E0_RANGE,0.0,0.3,no pre-decision precedent,,1000,137.03,NO_SIGNAL,cash basis UNRESOLVED; gross basis required,,,,,,,,,
exnight-strategy-v3,rORCL-2026-10-09-1,rORCL,RORCLUSDT,2026-10-09,2026-09-30T23:30:05+00:00,0.9656110633409246,0.18323952822276032,127,0.599132006895404,E0_RANGE,0.0,0.3,no pre-decision precedent,,5000,137.03,NO_SIGNAL,cash basis UNRESOLVED; gross basis required,,,,,,,,,
exnight-strategy-v3,rORCL-2026-10-09-1,rORCL,RORCLUSDT,2026-10-09,2026-09-30T23:30:05+00:00,0.9656110633409246,0.18323952822276032,127,0.599132006895404,E0_RANGE,0.0,0.3,no pre-decision precedent,,25000,137.03,NO_SIGNAL,cash basis UNRESOLVED; gross basis required,,,,,,,,,
exnight-strategy-v3,rPEGA-2026-10-01-1,rPEGA,RPEGAUSDT,2026-10-01,2026-09-30T23:30:05+00:00,0.9656110633409246,0.18323952822276032,127,0.599132006895404,E0_RANGE,0.0,0.3,no pre-decision precedent,0.0300000000000000,1000,33.28,NO_SIGNAL,sell: no depth sample for this symbol/session; buy: no depth sample for this symbol/session,,,,,,,,,
exnight-strategy-v3,rPEGA-2026-10-01-1,rPEGA,RPEGAUSDT,2026-10-01,2026-09-30T23:30:05+00:00,0.9656110633409246,0.18323952822276032,127,0.599132006895404,E0_RANGE,0.0,0.3,no pre-decision precedent,0.0300000000000000,5000,33.28,NO_SIGNAL,sell: no depth sample for this symbol/session; buy: no depth sample for this symbol/session,,,,,,,,,
exnight-strategy-v3,rPEGA-2026-10-01-1,rPEGA,RPEGAUSDT,2026-10-01,2026-09-30T23:30:05+00:00,0.9656110633409246,0.18323952822276032,127,0.599132006895404,E0_RANGE,0.0,0.3,no pre-decision precedent,0.0300000000000000,25000,33.28,NO_SIGNAL,sell: no depth sample for this symbol/session; buy: no depth sample for this symbol/session,,,,,,,,,
exnight-strategy-v3,rPECO-2026-10-15-1,rPECO,RPECOUSDT,2026-10-15,2026-09-30T23:30:05+00:00,0.9656110633409246,0.18323952822276032,127,0.599132006895404,E0_RANGE,0.0,0.3,no pre-decision precedent,0.1150000000000000,1000,37.34,NO_SIGNAL,sell: no depth sample for this symbol/session; buy: no depth sample for this symbol/session,,,,,,,,,
exnight-strategy-v3,rPECO-2026-10-15-1,rPECO,RPECOUSDT,2026-10-15,2026-09-30T23:30:05+00:00,0.9656110633409246,0.18323952822276032,127,0.599132006895404,E0_RANGE,0.0,0.3,no pre-decision precedent,0.1150000000000000,5000,37.34,NO_SIGNAL,sell: no depth sample for this symbol/session; buy: no depth sample for this symbol/session,,,,,,,,,
exnight-strategy-v3,rPECO-2026-10-15-1,rPECO,RPECOUSDT,2026-10-15,2026-09-30T23:30:05+00:00,0.9656110633409246,0.18323952822276032,127,0.599132006895404,E0_RANGE,0.0,0.3,no pre-decision precedent,0.1150000000000000,25000,37.34,NO_SIGNAL,sell: no depth sample for this symbol/session; buy: no depth sample for this symbol/session,,,,,,,,,
exnight-strategy-v3,rPCAR-2026-11-10-1,rPCAR,RPCARUSDT,2026-11-10,2026-09-30T23:30:05+00:00,0.9656110633409246,0.18323952822276032,127,0.599132006895404,E0_RANGE,0.0,0.3,no pre-decision precedent,0.3499999900000000,1000,109.76,NO_SIGNAL,sell: no depth sample for this symbol/session; buy: no depth sample for this symbol/session,,,,,,,,,
exnight-strategy-v3,rPCAR-2026-11-10-1,rPCAR,RPCARUSDT,2026-11-10,2026-09-30T23:30:05+00:00,0.9656110633409246,0.18323952822276032,127,0.599132006895404,E0_RANGE,0.0,0.3,no pre-decision precedent,0.3499999900000000,5000,109.76,NO_SIGNAL,sell: no depth sample for this symbol/session; buy: no depth sample for this symbol/session,,,,,,,,,
exnight-strategy-v3,rPCAR-2026-11-10-1,rPCAR,RPCARUSDT,2026-11-10,2026-09-30T23:30:05+00:00,0.9656110633409246,0.18323952822276032,127,0.599132006895404,E0_RANGE,0.0,0.3,no pre-decision precedent,0.3499999900000000,25000,109.76,NO_SIGNAL,sell: no depth sample for this symbol/session; buy: no depth sample for this symbol/session,,,,,,,,,
exnight-strategy-v3,rPECO-2026-11-16-1,rPECO,RPECOUSDT,2026-11-16,2026-09-30T23:30:05+00:00,0.9656110633409246,0.18323952822276032,127,0.599132006895404,E0_RANGE,0.0,0.3,no pre-decision precedent,0.1150000000000000,1000,37.34,NO_SIGNAL,sell: no depth sample for this symbol/session; buy: no depth sample for this symbol/session,,,,,,,,,
exnight-strategy-v3,rPECO-2026-11-16-1,rPECO,RPECOUSDT,2026-11-16,2026-09-30T23:30:05+00:00,0.9656110633409246,0.18323952822276032,127,0.599132006895404,E0_RANGE,0.0,0.3,no pre-decision precedent,0.1150000000000000,5000,37.34,NO_SIGNAL,sell: no depth sample for this symbol/session; buy: no depth sample for this symbol/session,,,,,,,,,
exnight-strategy-v3,rPECO-2026-11-16-1,rPECO,RPECOUSDT,2026-11-16,2026-09-30T23:30:05+00:00,0.9656110633409246,0.18323952822276032,127,0.599132006895404,E0_RANGE,0.0,0.3,no pre-decision precedent,0.1150000000000000,25000,37.34,NO_SIGNAL,sell: no depth sample for this symbol/session; buy: no depth sample for this symbol/session,,,,,,,,,
exnight-strategy-v3,rPGR-2026-10-01-1,rPGR,RPGRUSDT,2026-10-01,2026-09-30T23:30:05+00:00,0.9656110633409246,0.18323952822276032,127,0.599132006895404,E0_RANGE,0.0,0.3,no pre-decision precedent,,1000,207.0,NO_SIGNAL,cash basis UNRESOLVED; gross basis required,,,,,,,,,
exnight-strategy-v3,rPGR-2026-10-01-1,rPGR,RPGRUSDT,2026-10-01,2026-09-30T23:30:05+00:00,0.9656110633409246,0.18323952822276032,127,0.599132006895404,E0_RANGE,0.0,0.3,no pre-decision precedent,,5000,207.0,NO_SIGNAL,cash basis UNRESOLVED; gross basis required,,,,,,,,,
exnight-strategy-v3,rPGR-2026-10-01-1,rPGR,RPGRUSDT,2026-10-01,2026-09-30T23:30:05+00:00,0.9656110633409246,0.18323952822276032,127,0.599132006895404,E0_RANGE,0.0,0.3,no pre-decision precedent,,25000,207.0,NO_SIGNAL,cash basis UNRESOLVED; gross basis required,,,,,,,,,
exnight-strategy-v3,rPM-2026-10-02-1,rPM,RPMUSDT,2026-10-02,2026-09-30T23:30:05+00:00,0.9656110633409246,0.18323952822276032,127,0.599132006895404,E1_DOCUMENTED_PRECEDENT,0.3,0.3,"dividends_2026_07_24: rPM ex 2026-06-25 1.47 at 30%, available 2026-09-16T11:09:53+00:00 (primary)",,1000,190.59,NO_SIGNAL,cash basis UNRESOLVED; gross basis required,,,,,,,,,
exnight-strategy-v3,rPM-2026-10-02-1,rPM,RPMUSDT,2026-10-02,2026-09-30T23:30:05+00:00,0.9656110633409246,0.18323952822276032,127,0.599132006895404,E1_DOCUMENTED_PRECEDENT,0.3,0.3,"dividends_2026_07_24: rPM ex 2026-06-25 1.47 at 30%, available 2026-09-16T11:09:53+00:00 (primary)",,5000,190.59,NO_SIGNAL,cash basis UNRESOLVED; gross basis required,,,,,,,,,
exnight-strategy-v3,rPM-2026-10-02-1,rPM,RPMUSDT,2026-10-02,2026-09-30T23:30:05+00:00,0.9656110633409246,0.18323952822276032,127,0.599132006895404,E1_DOCUMENTED_PRECEDENT,0.3,0.3,"dividends_2026_07_24: rPM ex 2026-06-25 1.47 at 30%, available 2026-09-16T11:09:53+00:00 (primary)",,25000,190.59,NO_SIGNAL,cash basis UNRESOLVED; gross basis required,,,,,,,,,
exnight-strategy-v3,rPNR-2026-10-23-1,rPNR,RPNRUSDT,2026-10-23,2026-09-30T23:30:05+00:00,0.9656110633409246,0.18323952822276032,127,0.599132006895404,E0_RANGE,0.0,0.3,no pre-decision precedent,,1000,52.99,NO_SIGNAL,cash basis UNRESOLVED; gross basis required,,,,,,,,,
exnight-strategy-v3,rPNR-2026-10-23-1,rPNR,RPNRUSDT,2026-10-23,2026-09-30T23:30:05+00:00,0.9656110633409246,0.18323952822276032,127,0.599132006895404,E0_RANGE,0.0,0.3,no pre-decision precedent,,5000,52.99,NO_SIGNAL,cash basis UNRESOLVED; gross basis required,,,,,,,,,
exnight-strategy-v3,rPNR-2026-10-23-1,rPNR,RPNRUSDT,2026-10-23,2026-09-30T23:30:05+00:00,0.9656110633409246,0.18323952822276032,127,0.599132006895404,E0_RANGE,0.0,0.3,no pre-decision precedent,,25000,52.99,NO_SIGNAL,cash basis UNRESOLVED; gross basis required,,,,,,,,,
exnight-strategy-v3,rPWR-2026-10-01-1,rPWR,RPWRUSDT,2026-10-01,2026-09-30T23:30:05+00:00,0.9656110633409246,0.18323952822276032,127,0.599132006895404,E1_DOCUMENTED_PRECEDENT,0.3,0.3,"dividends_2026_07_24: rPWR ex 2026-07-01 0.11 at 30%, available 2026-09-16T11:09:53+00:00 (primary)",,1000,646.13,NO_SIGNAL,cash basis UNRESOLVED; gross basis required,,,,,,,,,
exnight-strategy-v3,rPWR-2026-10-01-1,rPWR,RPWRUSDT,2026-10-01,2026-09-30T23:30:05+00:00,0.9656110633409246,0.18323952822276032,127,0.599132006895404,E1_DOCUMENTED_PRECEDENT,0.3,0.3,"dividends_2026_07_24: rPWR ex 2026-07-01 0.11 at 30%, available 2026-09-16T11:09:53+00:00 (primary)",,5000,646.13,NO_SIGNAL,cash basis UNRESOLVED; gross basis required,,,,,,,,,
exnight-strategy-v3,rPWR-2026-10-01-1,rPWR,RPWRUSDT,2026-10-01,2026-09-30T23:30:05+00:00,0.9656110633409246,0.18323952822276032,127,0.599132006895404,E1_DOCUMENTED_PRECEDENT,0.3,0.3,"dividends_2026_07_24: rPWR ex 2026-07-01 0.11 at 30%, available 2026-09-16T11:09:53+00:00 (primary)",,25000,646.13,NO_SIGNAL,cash basis UNRESOLVED; gross basis required,,,,,,,,,
exnight-strategy-v3,rRITM-2026-10-01-1,rRITM,RRITMUSDT,2026-10-01,2026-09-30T23:30:05+00:00,0.9656110633409246,0.18323952822276032,127,0.599132006895404,E0_RANGE,0.0,0.3,no pre-decision precedent,,1000,8.96,NO_SIGNAL,cash basis UNRESOLVED; gross basis required,,,,,,,,,
exnight-strategy-v3,rRITM-2026-10-01-1,rRITM,RRITMUSDT,2026-10-01,2026-09-30T23:30:05+00:00,0.9656110633409246,0.18323952822276032,127,0.599132006895404,E0_RANGE,0.0,0.3,no pre-decision precedent,,5000,8.96,NO_SIGNAL,cash basis UNRESOLVED; gross basis required,,,,,,,,,
exnight-strategy-v3,rRITM-2026-10-01-1,rRITM,RRITMUSDT,2026-10-01,2026-09-30T23:30:05+00:00,0.9656110633409246,0.18323952822276032,127,0.599132006895404,E0_RANGE,0.0,0.3,no pre-decision precedent,,25000,8.96,NO_SIGNAL,cash basis UNRESOLVED; gross basis required,,,,,,,,,
exnight-strategy-v3,rRJF-2026-10-01-1,rRJF,RRJFUSDT,2026-10-01,2026-09-30T23:30:05+00:00,0.9656110633409246,0.18323952822276032,127,0.599132006895404,E0_RANGE,0.0,0.3,no pre-decision precedent,,1000,158.02,NO_SIGNAL,cash basis UNRESOLVED; gross basis required,,,,,,,,,
exnight-strategy-v3,rRJF-2026-10-01-1,rRJF,RRJFUSDT,2026-10-01,2026-09-30T23:30:05+00:00,0.9656110633409246,0.18323952822276032,127,0.599132006895404,E0_RANGE,0.0,0.3,no pre-decision precedent,,5000,158.02,NO_SIGNAL,cash basis UNRESOLVED; gross basis required,,,,,,,,,
exnight-strategy-v3,rRJF-2026-10-01-1,rRJF,RRJFUSDT,2026-10-01,2026-09-30T23:30:05+00:00,0.9656110633409246,0.18323952822276032,127,0.599132006895404,E0_RANGE,0.0,0.3,no pre-decision precedent,,25000,158.02,NO_SIGNAL,cash basis UNRESOLVED; gross basis required,,,,,,,,,
exnight-strategy-v3,rROP-2026-10-02-1,rROP,RROPUSDT,2026-10-02,2026-09-30T23:30:05+00:00,0.9656110633409246,0.18323952822276032,127,0.599132006895404,E0_RANGE,0.0,0.3,no pre-decision precedent,0.9100000000000000,1000,349.47,NO_SIGNAL,sell: no depth sample for this symbol/session; buy: no depth sample for this symbol/session,,,,,,,,,
exnight-strategy-v3,rROP-2026-10-02-1,rROP,RROPUSDT,2026-10-02,2026-09-30T23:30:05+00:00,0.9656110633409246,0.18323952822276032,127,0.599132006895404,E0_RANGE,0.0,0.3,no pre-decision precedent,0.9100000000000000,5000,349.47,NO_SIGNAL,sell: no depth sample for this symbol/session; buy: no depth sample for this symbol/session,,,,,,,,,
exnight-strategy-v3,rROP-2026-10-02-1,rROP,RROPUSDT,2026-10-02,2026-09-30T23:30:05+00:00,0.9656110633409246,0.18323952822276032,127,0.599132006895404,E0_RANGE,0.0,0.3,no pre-decision precedent,0.9100000000000000,25000,349.47,NO_SIGNAL,sell: no depth sample for this symbol/session; buy: no depth sample for this symbol/session,,,,,,,,,
exnight-strategy-v3,rRSG-2026-10-02-1,rRSG,RRSGUSDT,2026-10-02,2026-09-30T23:30:05+00:00,0.9656110633409246,0.18323952822276032,127,0.599132006895404,E0_RANGE,0.0,0.3,no pre-decision precedent,,1000,210.39,NO_SIGNAL,cash basis UNRESOLVED; gross basis required,,,,,,,,,
exnight-strategy-v3,rRSG-2026-10-02-1,rRSG,RRSGUSDT,2026-10-02,2026-09-30T23:30:05+00:00,0.9656110633409246,0.18323952822276032,127,0.599132006895404,E0_RANGE,0.0,0.3,no pre-decision precedent,,5000,210.39,NO_SIGNAL,cash basis UNRESOLVED; gross basis required,,,,,,,,,
exnight-strategy-v3,rRSG-2026-10-02-1,rRSG,RRSGUSDT,2026-10-02,2026-09-30T23:30:05+00:00,0.9656110633409246,0.18323952822276032,127,0.599132006895404,E0_RANGE,0.0,0.3,no pre-decision precedent,,25000,210.39,NO_SIGNAL,cash basis UNRESOLVED; gross basis required,,,,,,,,,
exnight-strategy-v3,rRVTY-2026-10-23-1,rRVTY,RRVTYUSDT,2026-10-23,2026-09-30T23:30:05+00:00,0.9656110633409246,0.18323952822276032,127,0.599132006895404,E0_RANGE,0.0,0.3,no pre-decision precedent,,1000,152.79,NO_SIGNAL,cash basis UNRESOLVED; gross basis required,,,,,,,,,
exnight-strategy-v3,rRVTY-2026-10-23-1,rRVTY,RRVTYUSDT,2026-10-23,2026-09-30T23:30:05+00:00,0.9656110633409246,0.18323952822276032,127,0.599132006895404,E0_RANGE,0.0,0.3,no pre-decision precedent,,5000,152.79,NO_SIGNAL,cash basis UNRESOLVED; gross basis required,,,,,,,,,
exnight-strategy-v3,rRVTY-2026-10-23-1,rRVTY,RRVTYUSDT,2026-10-23,2026-09-30T23:30:05+00:00,0.9656110633409246,0.18323952822276032,127,0.599132006895404,E0_RANGE,0.0,0.3,no pre-decision precedent,,25000,152.79,NO_SIGNAL,cash basis UNRESOLVED; gross basis required,,,,,,,,,
exnight-strategy-v3,rSATA-2026-10-01-1,rSATA,RSATAUSDT,2026-10-01,2026-09-30T23:30:05+00:00,0.9656110633409246,0.18323952822276032,127,0.599132006895404,E1_DOCUMENTED_PRECEDENT,0.3,0.3,"dividends_89_2026_09_23: rSATA ex 2026-08-24 0.0516 at 30%, available 2026-09-23T12:34:33+00:00 (primary)",0.0516000000000000,1000,100.0,HOLD,,2026-09-30T23:05:02.918265+00:00,ticker_only,2026-09-30T07:05:03.288995+00:00,ticker_only,1.1895707026449835,-1.1947754910891808,-1.1947754910891808,5.159999999999999,
exnight-strategy-v3,rSATA-2026-10-01-1,rSATA,RSATAUSDT,2026-10-01,2026-09-30T23:30:05+00:00,0.9656110633409246,0.18323952822276032,127,0.599132006895404,E1_DOCUMENTED_PRECEDENT,0.3,0.3,"dividends_89_2026_09_23: rSATA ex 2026-08-24 0.0516 at 30%, available 2026-09-23T12:34:33+00:00 (primary)",0.0516000000000000,5000,100.0,NO_SIGNAL,"buy: $5,000 exceeds visible top-of-book ($2,958) on ticker-only symbol",2026-09-30T23:05:02.918265+00:00,ticker_only,2026-09-30T07:05:03.288995+00:00,ticker_only,,,,,
exnight-strategy-v3,rSATA-2026-10-01-1,rSATA,RSATAUSDT,2026-10-01,2026-09-30T23:30:05+00:00,0.9656110633409246,0.18323952822276032,127,0.599132006895404,E1_DOCUMENTED_PRECEDENT,0.3,0.3,"dividends_89_2026_09_23: rSATA ex 2026-08-24 0.0516 at 30%, available 2026-09-23T12:34:33+00:00 (primary)",0.0516000000000000,25000,100.0,NO_SIGNAL,"sell: $25,000 exceeds visible top-of-book ($14,300) on ticker-only symbol; buy: $25,000 exceeds visible top-of-book ($2,958) on ticker-only symbol",2026-09-30T23:05:02.918265+00:00,ticker_only,2026-09-30T07:05:03.288995+00:00,ticker_only,,,,,
exnight-strategy-v3,rSATA-2026-10-02-1,rSATA,RSATAUSDT,2026-10-02,2026-09-30T23:30:05+00:00,0.9656110633409246,0.18323952822276032,127,0.599132006895404,E1_DOCUMENTED_PRECEDENT,0.3,0.3,"dividends_89_2026_09_23: rSATA ex 2026-08-24 0.0516 at 30%, available 2026-09-23T12:34:33+00:00 (primary)",0.0516000000000000,1000,100.0,HOLD,,2026-09-30T23:05:02.918265+00:00,ticker_only,2026-09-30T07:05:03.288995+00:00,ticker_only,1.1895707026449835,-1.1947754910891808,-1.1947754910891808,5.159999999999999,
exnight-strategy-v3,rSATA-2026-10-02-1,rSATA,RSATAUSDT,2026-10-02,2026-09-30T23:30:05+00:00,0.9656110633409246,0.18323952822276032,127,0.599132006895404,E1_DOCUMENTED_PRECEDENT,0.3,0.3,"dividends_89_2026_09_23: rSATA ex 2026-08-24 0.0516 at 30%, available 2026-09-23T12:34:33+00:00 (primary)",0.0516000000000000,5000,100.0,NO_SIGNAL,"buy: $5,000 exceeds visible top-of-book ($2,958) on ticker-only symbol",2026-09-30T23:05:02.918265+00:00,ticker_only,2026-09-30T07:05:03.288995+00:00,ticker_only,,,,,
exnight-strategy-v3,rSATA-2026-10-02-1,rSATA,RSATAUSDT,2026-10-02,2026-09-30T23:30:05+00:00,0.9656110633409246,0.18323952822276032,127,0.599132006895404,E1_DOCUMENTED_PRECEDENT,0.3,0.3,"dividends_89_2026_09_23: rSATA ex 2026-08-24 0.0516 at 30%, available 2026-09-23T12:34:33+00:00 (primary)",0.0516000000000000,25000,100.0,NO_SIGNAL,"sell: $25,000 exceeds visible top-of-book ($14,300) on ticker-only symbol; buy: $25,000 exceeds visible top-of-book ($2,958) on ticker-only symbol",2026-09-30T23:05:02.918265+00:00,ticker_only,2026-09-30T07:05:03.288995+00:00,ticker_only,,,,,
exnight-strategy-v3,rSATA-2026-10-05-1,rSATA,RSATAUSDT,2026-10-05,2026-09-30T23:30:05+00:00,0.9656110633409246,0.18323952822276032,127,0.599132006895404,E1_DOCUMENTED_PRECEDENT,0.3,0.3,"dividends_89_2026_09_23: rSATA ex 2026-08-24 0.0516 at 30%, available 2026-09-23T12:34:33+00:00 (primary)",0.0516000000000000,1000,100.0,HOLD,,2026-09-30T23:05:02.918265+00:00,ticker_only,2026-09-30T07:05:03.288995+00:00,ticker_only,1.1895707026449835,-1.1947754910891808,-1.1947754910891808,5.159999999999999,
exnight-strategy-v3,rSATA-2026-10-05-1,rSATA,RSATAUSDT,2026-10-05,2026-09-30T23:30:05+00:00,0.9656110633409246,0.18323952822276032,127,0.599132006895404,E1_DOCUMENTED_PRECEDENT,0.3,0.3,"dividends_89_2026_09_23: rSATA ex 2026-08-24 0.0516 at 30%, available 2026-09-23T12:34:33+00:00 (primary)",0.0516000000000000,5000,100.0,NO_SIGNAL,"buy: $5,000 exceeds visible top-of-book ($2,958) on ticker-only symbol",2026-09-30T23:05:02.918265+00:00,ticker_only,2026-09-30T07:05:03.288995+00:00,ticker_only,,,,,
exnight-strategy-v3,rSATA-2026-10-05-1,rSATA,RSATAUSDT,2026-10-05,2026-09-30T23:30:05+00:00,0.9656110633409246,0.18323952822276032,127,0.599132006895404,E1_DOCUMENTED_PRECEDENT,0.3,0.3,"dividends_89_2026_09_23: rSATA ex 2026-08-24 0.0516 at 30%, available 2026-09-23T12:34:33+00:00 (primary)",0.0516000000000000,25000,100.0,NO_SIGNAL,"sell: $25,000 exceeds visible top-of-book ($14,300) on ticker-only symbol; buy: $25,000 exceeds visible top-of-book ($2,958) on ticker-only symbol",2026-09-30T23:05:02.918265+00:00,ticker_only,2026-09-30T07:05:03.288995+00:00,ticker_only,,,,,
exnight-strategy-v3,rSATA-2026-10-06-1,rSATA,RSATAUSDT,2026-10-06,2026-09-30T23:30:05+00:00,0.9656110633409246,0.18323952822276032,127,0.599132006895404,E1_DOCUMENTED_PRECEDENT,0.3,0.3,"dividends_89_2026_09_23: rSATA ex 2026-08-24 0.0516 at 30%, available 2026-09-23T12:34:33+00:00 (primary)",0.0516000000000000,1000,100.0,HOLD,,2026-09-30T23:05:02.918265+00:00,ticker_only,2026-09-30T07:05:03.288995+00:00,ticker_only,1.1895707026449835,-1.1947754910891808,-1.1947754910891808,5.159999999999999,
exnight-strategy-v3,rSATA-2026-10-06-1,rSATA,RSATAUSDT,2026-10-06,2026-09-30T23:30:05+00:00,0.9656110633409246,0.18323952822276032,127,0.599132006895404,E1_DOCUMENTED_PRECEDENT,0.3,0.3,"dividends_89_2026_09_23: rSATA ex 2026-08-24 0.0516 at 30%, available 2026-09-23T12:34:33+00:00 (primary)",0.0516000000000000,5000,100.0,NO_SIGNAL,"buy: $5,000 exceeds visible top-of-book ($2,958) on ticker-only symbol",2026-09-30T23:05:02.918265+00:00,ticker_only,2026-09-30T07:05:03.288995+00:00,ticker_only,,,,,
exnight-strategy-v3,rSATA-2026-10-06-1,rSATA,RSATAUSDT,2026-10-06,2026-09-30T23:30:05+00:00,0.9656110633409246,0.18323952822276032,127,0.599132006895404,E1_DOCUMENTED_PRECEDENT,0.3,0.3,"dividends_89_2026_09_23: rSATA ex 2026-08-24 0.0516 at 30%, available 2026-09-23T12:34:33+00:00 (primary)",0.0516000000000000,25000,100.0,NO_SIGNAL,"sell: $25,000 exceeds visible top-of-book ($14,300) on ticker-only symbol; buy: $25,000 exceeds visible top-of-book ($2,958) on ticker-only symbol",2026-09-30T23:05:02.918265+00:00,ticker_only,2026-09-30T07:05:03.288995+00:00,ticker_only,,,,,
exnight-strategy-v3,rSATA-2026-10-07-1,rSATA,RSATAUSDT,2026-10-07,2026-09-30T23:30:05+00:00,0.9656110633409246,0.18323952822276032,127,0.599132006895404,E1_DOCUMENTED_PRECEDENT,0.3,0.3,"dividends_89_2026_09_23: rSATA ex 2026-08-24 0.0516 at 30%, available 2026-09-23T12:34:33+00:00 (primary)",0.0516000000000000,1000,100.0,HOLD,,2026-09-30T23:05:02.918265+00:00,ticker_only,2026-09-30T07:05:03.288995+00:00,ticker_only,1.1895707026449835,-1.1947754910891808,-1.1947754910891808,5.159999999999999,
exnight-strategy-v3,rSATA-2026-10-07-1,rSATA,RSATAUSDT,2026-10-07,2026-09-30T23:30:05+00:00,0.9656110633409246,0.18323952822276032,127,0.599132006895404,E1_DOCUMENTED_PRECEDENT,0.3,0.3,"dividends_89_2026_09_23: rSATA ex 2026-08-24 0.0516 at 30%, available 2026-09-23T12:34:33+00:00 (primary)",0.0516000000000000,5000,100.0,NO_SIGNAL,"buy: $5,000 exceeds visible top-of-book ($2,958) on ticker-only symbol",2026-09-30T23:05:02.918265+00:00,ticker_only,2026-09-30T07:05:03.288995+00:00,ticker_only,,,,,
exnight-strategy-v3,rSATA-2026-10-07-1,rSATA,RSATAUSDT,2026-10-07,2026-09-30T23:30:05+00:00,0.9656110633409246,0.18323952822276032,127,0.599132006895404,E1_DOCUMENTED_PRECEDENT,0.3,0.3,"dividends_89_2026_09_23: rSATA ex 2026-08-24 0.0516 at 30%, available 2026-09-23T12:34:33+00:00 (primary)",0.0516000000000000,25000,100.0,NO_SIGNAL,"sell: $25,000 exceeds visible top-of-book ($14,300) on ticker-only symbol; buy: $25,000 exceeds visible top-of-book ($2,958) on ticker-only symbol",2026-09-30T23:05:02.918265+00:00,ticker_only,2026-09-30T07:05:03.288995+00:00,ticker_only,,,,,
exnight-strategy-v3,rSATA-2026-10-08-1,rSATA,RSATAUSDT,2026-10-08,2026-09-30T23:30:05+00:00,0.9656110633409246,0.18323952822276032,127,0.599132006895404,E1_DOCUMENTED_PRECEDENT,0.3,0.3,"dividends_89_2026_09_23: rSATA ex 2026-08-24 0.0516 at 30%, available 2026-09-23T12:34:33+00:00 (primary)",0.0516000000000000,1000,100.0,HOLD,,2026-09-30T23:05:02.918265+00:00,ticker_only,2026-09-30T07:05:03.288995+00:00,ticker_only,1.1895707026449835,-1.1947754910891808,-1.1947754910891808,5.159999999999999,
exnight-strategy-v3,rSATA-2026-10-08-1,rSATA,RSATAUSDT,2026-10-08,2026-09-30T23:30:05+00:00,0.9656110633409246,0.18323952822276032,127,0.599132006895404,E1_DOCUMENTED_PRECEDENT,0.3,0.3,"dividends_89_2026_09_23: rSATA ex 2026-08-24 0.0516 at 30%, available 2026-09-23T12:34:33+00:00 (primary)",0.0516000000000000,5000,100.0,NO_SIGNAL,"buy: $5,000 exceeds visible top-of-book ($2,958) on ticker-only symbol",2026-09-30T23:05:02.918265+00:00,ticker_only,2026-09-30T07:05:03.288995+00:00,ticker_only,,,,,
exnight-strategy-v3,rSATA-2026-10-08-1,rSATA,RSATAUSDT,2026-10-08,2026-09-30T23:30:05+00:00,0.9656110633409246,0.18323952822276032,127,0.599132006895404,E1_DOCUMENTED_PRECEDENT,0.3,0.3,"dividends_89_2026_09_23: rSATA ex 2026-08-24 0.0516 at 30%, available 2026-09-23T12:34:33+00:00 (primary)",0.0516000000000000,25000,100.0,NO_SIGNAL,"sell: $25,000 exceeds visible top-of-book ($14,300) on ticker-only symbol; buy: $25,000 exceeds visible top-of-book ($2,958) on ticker-only symbol",2026-09-30T23:05:02.918265+00:00,ticker_only,2026-09-30T07:05:03.288995+00:00,ticker_only,,,,,
exnight-strategy-v3,rSAIC-2026-10-09-1,rSAIC,RSAICUSDT,2026-10-09,2026-09-30T23:30:05+00:00,0.9656110633409246,0.18323952822276032,127,0.599132006895404,E0_RANGE,0.0,0.3,no pre-decision precedent,0.3700000000000000,1000,127.56,NO_SIGNAL,sell: no depth sample for this symbol/session; buy: no depth sample for this symbol/session,,,,,,,,,
exnight-strategy-v3,rSAIC-2026-10-09-1,rSAIC,RSAICUSDT,2026-10-09,2026-09-30T23:30:05+00:00,0.9656110633409246,0.18323952822276032,127,0.599132006895404,E0_RANGE,0.0,0.3,no pre-decision precedent,0.3700000000000000,5000,127.56,NO_SIGNAL,sell: no depth sample for this symbol/session; buy: no depth sample for this symbol/session,,,,,,,,,
exnight-strategy-v3,rSAIC-2026-10-09-1,rSAIC,RSAICUSDT,2026-10-09,2026-09-30T23:30:05+00:00,0.9656110633409246,0.18323952822276032,127,0.599132006895404,E0_RANGE,0.0,0.3,no pre-decision precedent,0.3700000000000000,25000,127.56,NO_SIGNAL,sell: no depth sample for this symbol/session; buy: no depth sample for this symbol/session,,,,,,,,,
exnight-strategy-v3,rSATA-2026-10-09-1,rSATA,RSATAUSDT,2026-10-09,2026-09-30T23:30:05+00:00,0.9656110633409246,0.18323952822276032,127,0.599132006895404,E1_DOCUMENTED_PRECEDENT,0.3,0.3,"dividends_89_2026_09_23: rSATA ex 2026-08-24 0.0516 at 30%, available 2026-09-23T12:34:33+00:00 (primary)",0.0516000000000000,1000,100.0,HOLD,,2026-09-30T23:05:02.918265+00:00,ticker_only,2026-09-30T07:05:03.288995+00:00,ticker_only,1.1895707026449835,-1.1947754910891808,-1.1947754910891808,5.159999999999999,
exnight-strategy-v3,rSATA-2026-10-09-1,rSATA,RSATAUSDT,2026-10-09,2026-09-30T23:30:05+00:00,0.9656110633409246,0.18323952822276032,127,0.599132006895404,E1_DOCUMENTED_PRECEDENT,0.3,0.3,"dividends_89_2026_09_23: rSATA ex 2026-08-24 0.0516 at 30%, available 2026-09-23T12:34:33+00:00 (primary)",0.0516000000000000,5000,100.0,NO_SIGNAL,"buy: $5,000 exceeds visible top-of-book ($2,958) on ticker-only symbol",2026-09-30T23:05:02.918265+00:00,ticker_only,2026-09-30T07:05:03.288995+00:00,ticker_only,,,,,
exnight-strategy-v3,rSATA-2026-10-09-1,rSATA,RSATAUSDT,2026-10-09,2026-09-30T23:30:05+00:00,0.9656110633409246,0.18323952822276032,127,0.599132006895404,E1_DOCUMENTED_PRECEDENT,0.3,0.3,"dividends_89_2026_09_23: rSATA ex 2026-08-24 0.0516 at 30%, available 2026-09-23T12:34:33+00:00 (primary)",0.0516000000000000,25000,100.0,NO_SIGNAL,"sell: $25,000 exceeds visible top-of-book ($14,300) on ticker-only symbol; buy: $25,000 exceeds visible top-of-book ($2,958) on ticker-only symbol",2026-09-30T23:05:02.918265+00:00,ticker_only,2026-09-30T07:05:03.288995+00:00,ticker_only,,,,,
exnight-strategy-v3,rSATA-2026-10-13-1,rSATA,RSATAUSDT,2026-10-13,2026-09-30T23:30:05+00:00,0.9656110633409246,0.18323952822276032,127,0.599132006895404,E1_DOCUMENTED_PRECEDENT,0.3,0.3,"dividends_89_2026_09_23: rSATA ex 2026-08-24 0.0516 at 30%, available 2026-09-23T12:34:33+00:00 (primary)",0.0516000000000000,1000,100.0,HOLD,,2026-09-30T23:05:02.918265+00:00,ticker_only,2026-09-30T07:05:03.288995+00:00,ticker_only,1.1895707026449835,-1.1947754910891808,-1.1947754910891808,5.159999999999999,
exnight-strategy-v3,rSATA-2026-10-13-1,rSATA,RSATAUSDT,2026-10-13,2026-09-30T23:30:05+00:00,0.9656110633409246,0.18323952822276032,127,0.599132006895404,E1_DOCUMENTED_PRECEDENT,0.3,0.3,"dividends_89_2026_09_23: rSATA ex 2026-08-24 0.0516 at 30%, available 2026-09-23T12:34:33+00:00 (primary)",0.0516000000000000,5000,100.0,NO_SIGNAL,"buy: $5,000 exceeds visible top-of-book ($2,958) on ticker-only symbol",2026-09-30T23:05:02.918265+00:00,ticker_only,2026-09-30T07:05:03.288995+00:00,ticker_only,,,,,
exnight-strategy-v3,rSATA-2026-10-13-1,rSATA,RSATAUSDT,2026-10-13,2026-09-30T23:30:05+00:00,0.9656110633409246,0.18323952822276032,127,0.599132006895404,E1_DOCUMENTED_PRECEDENT,0.3,0.3,"dividends_89_2026_09_23: rSATA ex 2026-08-24 0.0516 at 30%, available 2026-09-23T12:34:33+00:00 (primary)",0.0516000000000000,25000,100.0,NO_SIGNAL,"sell: $25,000 exceeds visible top-of-book ($14,300) on ticker-only symbol; buy: $25,000 exceeds visible top-of-book ($2,958) on ticker-only symbol",2026-09-30T23:05:02.918265+00:00,ticker_only,2026-09-30T07:05:03.288995+00:00,ticker_only,,,,,
exnight-strategy-v3,rSATA-2026-10-14-1,rSATA,RSATAUSDT,2026-10-14,2026-09-30T23:30:05+00:00,0.9656110633409246,0.18323952822276032,127,0.599132006895404,E1_DOCUMENTED_PRECEDENT,0.3,0.3,"dividends_89_2026_09_23: rSATA ex 2026-08-24 0.0516 at 30%, available 2026-09-23T12:34:33+00:00 (primary)",0.0516000000000000,1000,100.0,HOLD,,2026-09-30T23:05:02.918265+00:00,ticker_only,2026-09-30T07:05:03.288995+00:00,ticker_only,1.1895707026449835,-1.1947754910891808,-1.1947754910891808,5.159999999999999,
exnight-strategy-v3,rSATA-2026-10-14-1,rSATA,RSATAUSDT,2026-10-14,2026-09-30T23:30:05+00:00,0.9656110633409246,0.18323952822276032,127,0.599132006895404,E1_DOCUMENTED_PRECEDENT,0.3,0.3,"dividends_89_2026_09_23: rSATA ex 2026-08-24 0.0516 at 30%, available 2026-09-23T12:34:33+00:00 (primary)",0.0516000000000000,5000,100.0,NO_SIGNAL,"buy: $5,000 exceeds visible top-of-book ($2,958) on ticker-only symbol",2026-09-30T23:05:02.918265+00:00,ticker_only,2026-09-30T07:05:03.288995+00:00,ticker_only,,,,,
exnight-strategy-v3,rSATA-2026-10-14-1,rSATA,RSATAUSDT,2026-10-14,2026-09-30T23:30:05+00:00,0.9656110633409246,0.18323952822276032,127,0.599132006895404,E1_DOCUMENTED_PRECEDENT,0.3,0.3,"dividends_89_2026_09_23: rSATA ex 2026-08-24 0.0516 at 30%, available 2026-09-23T12:34:33+00:00 (primary)",0.0516000000000000,25000,100.0,NO_SIGNAL,"sell: $25,000 exceeds visible top-of-book ($14,300) on ticker-only symbol; buy: $25,000 exceeds visible top-of-book ($2,958) on ticker-only symbol",2026-09-30T23:05:02.918265+00:00,ticker_only,2026-09-30T07:05:03.288995+00:00,ticker_only,,,,,
exnight-strategy-v3,rSATA-2026-10-15-1,rSATA,RSATAUSDT,2026-10-15,2026-09-30T23:30:05+00:00,0.9656110633409246,0.18323952822276032,127,0.599132006895404,E1_DOCUMENTED_PRECEDENT,0.3,0.3,"dividends_89_2026_09_23: rSATA ex 2026-08-24 0.0516 at 30%, available 2026-09-23T12:34:33+00:00 (primary)",0.0516000000000000,1000,100.0,HOLD,,2026-09-30T23:05:02.918265+00:00,ticker_only,2026-09-30T07:05:03.288995+00:00,ticker_only,1.1895707026449835,-1.1947754910891808,-1.1947754910891808,5.159999999999999,
exnight-strategy-v3,rSATA-2026-10-15-1,rSATA,RSATAUSDT,2026-10-15,2026-09-30T23:30:05+00:00,0.9656110633409246,0.18323952822276032,127,0.599132006895404,E1_DOCUMENTED_PRECEDENT,0.3,0.3,"dividends_89_2026_09_23: rSATA ex 2026-08-24 0.0516 at 30%, available 2026-09-23T12:34:33+00:00 (primary)",0.0516000000000000,5000,100.0,NO_SIGNAL,"buy: $5,000 exceeds visible top-of-book ($2,958) on ticker-only symbol",2026-09-30T23:05:02.918265+00:00,ticker_only,2026-09-30T07:05:03.288995+00:00,ticker_only,,,,,
exnight-strategy-v3,rSATA-2026-10-15-1,rSATA,RSATAUSDT,2026-10-15,2026-09-30T23:30:05+00:00,0.9656110633409246,0.18323952822276032,127,0.599132006895404,E1_DOCUMENTED_PRECEDENT,0.3,0.3,"dividends_89_2026_09_23: rSATA ex 2026-08-24 0.0516 at 30%, available 2026-09-23T12:34:33+00:00 (primary)",0.0516000000000000,25000,100.0,NO_SIGNAL,"sell: $25,000 exceeds visible top-of-book ($14,300) on ticker-only symbol; buy: $25,000 exceeds visible top-of-book ($2,958) on ticker-only symbol",2026-09-30T23:05:02.918265+00:00,ticker_only,2026-09-30T07:05:03.288995+00:00,ticker_only,,,,,
exnight-strategy-v3,rSATA-2026-10-16-1,rSATA,RSATAUSDT,2026-10-16,2026-09-30T23:30:05+00:00,0.9656110633409246,0.18323952822276032,127,0.599132006895404,E1_DOCUMENTED_PRECEDENT,0.3,0.3,"dividends_89_2026_09_23: rSATA ex 2026-08-24 0.0516 at 30%, available 2026-09-23T12:34:33+00:00 (primary)",0.0516000000000000,1000,100.0,HOLD,,2026-09-30T23:05:02.918265+00:00,ticker_only,2026-09-30T07:05:03.288995+00:00,ticker_only,1.1895707026449835,-1.1947754910891808,-1.1947754910891808,5.159999999999999,
exnight-strategy-v3,rSATA-2026-10-16-1,rSATA,RSATAUSDT,2026-10-16,2026-09-30T23:30:05+00:00,0.9656110633409246,0.18323952822276032,127,0.599132006895404,E1_DOCUMENTED_PRECEDENT,0.3,0.3,"dividends_89_2026_09_23: rSATA ex 2026-08-24 0.0516 at 30%, available 2026-09-23T12:34:33+00:00 (primary)",0.0516000000000000,5000,100.0,NO_SIGNAL,"buy: $5,000 exceeds visible top-of-book ($2,958) on ticker-only symbol",2026-09-30T23:05:02.918265+00:00,ticker_only,2026-09-30T07:05:03.288995+00:00,ticker_only,,,,,
exnight-strategy-v3,rSATA-2026-10-16-1,rSATA,RSATAUSDT,2026-10-16,2026-09-30T23:30:05+00:00,0.9656110633409246,0.18323952822276032,127,0.599132006895404,E1_DOCUMENTED_PRECEDENT,0.3,0.3,"dividends_89_2026_09_23: rSATA ex 2026-08-24 0.0516 at 30%, available 2026-09-23T12:34:33+00:00 (primary)",0.0516000000000000,25000,100.0,NO_SIGNAL,"sell: $25,000 exceeds visible top-of-book ($14,300) on ticker-only symbol; buy: $25,000 exceeds visible top-of-book ($2,958) on ticker-only symbol",2026-09-30T23:05:02.918265+00:00,ticker_only,2026-09-30T07:05:03.288995+00:00,ticker_only,,,,,
exnight-strategy-v3,rSATA-2026-10-19-1,rSATA,RSATAUSDT,2026-10-19,2026-09-30T23:30:05+00:00,0.9656110633409246,0.18323952822276032,127,0.599132006895404,E1_DOCUMENTED_PRECEDENT,0.3,0.3,"dividends_89_2026_09_23: rSATA ex 2026-08-24 0.0516 at 30%, available 2026-09-23T12:34:33+00:00 (primary)",0.0516000000000000,1000,100.0,HOLD,,2026-09-30T23:05:02.918265+00:00,ticker_only,2026-09-30T07:05:03.288995+00:00,ticker_only,1.1895707026449835,-1.1947754910891808,-1.1947754910891808,5.159999999999999,
exnight-strategy-v3,rSATA-2026-10-19-1,rSATA,RSATAUSDT,2026-10-19,2026-09-30T23:30:05+00:00,0.9656110633409246,0.18323952822276032,127,0.599132006895404,E1_DOCUMENTED_PRECEDENT,0.3,0.3,"dividends_89_2026_09_23: rSATA ex 2026-08-24 0.0516 at 30%, available 2026-09-23T12:34:33+00:00 (primary)",0.0516000000000000,5000,100.0,NO_SIGNAL,"buy: $5,000 exceeds visible top-of-book ($2,958) on ticker-only symbol",2026-09-30T23:05:02.918265+00:00,ticker_only,2026-09-30T07:05:03.288995+00:00,ticker_only,,,,,
exnight-strategy-v3,rSATA-2026-10-19-1,rSATA,RSATAUSDT,2026-10-19,2026-09-30T23:30:05+00:00,0.9656110633409246,0.18323952822276032,127,0.599132006895404,E1_DOCUMENTED_PRECEDENT,0.3,0.3,"dividends_89_2026_09_23: rSATA ex 2026-08-24 0.0516 at 30%, available 2026-09-23T12:34:33+00:00 (primary)",0.0516000000000000,25000,100.0,NO_SIGNAL,"sell: $25,000 exceeds visible top-of-book ($14,300) on ticker-only symbol; buy: $25,000 exceeds visible top-of-book ($2,958) on ticker-only symbol",2026-09-30T23:05:02.918265+00:00,ticker_only,2026-09-30T07:05:03.288995+00:00,ticker_only,,,,,
exnight-strategy-v3,rSATA-2026-10-20-1,rSATA,RSATAUSDT,2026-10-20,2026-09-30T23:30:05+00:00,0.9656110633409246,0.18323952822276032,127,0.599132006895404,E1_DOCUMENTED_PRECEDENT,0.3,0.3,"dividends_89_2026_09_23: rSATA ex 2026-08-24 0.0516 at 30%, available 2026-09-23T12:34:33+00:00 (primary)",0.0516000000000000,1000,100.0,HOLD,,2026-09-30T23:05:02.918265+00:00,ticker_only,2026-09-30T07:05:03.288995+00:00,ticker_only,1.1895707026449835,-1.1947754910891808,-1.1947754910891808,5.159999999999999,
exnight-strategy-v3,rSATA-2026-10-20-1,rSATA,RSATAUSDT,2026-10-20,2026-09-30T23:30:05+00:00,0.9656110633409246,0.18323952822276032,127,0.599132006895404,E1_DOCUMENTED_PRECEDENT,0.3,0.3,"dividends_89_2026_09_23: rSATA ex 2026-08-24 0.0516 at 30%, available 2026-09-23T12:34:33+00:00 (primary)",0.0516000000000000,5000,100.0,NO_SIGNAL,"buy: $5,000 exceeds visible top-of-book ($2,958) on ticker-only symbol",2026-09-30T23:05:02.918265+00:00,ticker_only,2026-09-30T07:05:03.288995+00:00,ticker_only,,,,,
exnight-strategy-v3,rSATA-2026-10-20-1,rSATA,RSATAUSDT,2026-10-20,2026-09-30T23:30:05+00:00,0.9656110633409246,0.18323952822276032,127,0.599132006895404,E1_DOCUMENTED_PRECEDENT,0.3,0.3,"dividends_89_2026_09_23: rSATA ex 2026-08-24 0.0516 at 30%, available 2026-09-23T12:34:33+00:00 (primary)",0.0516000000000000,25000,100.0,NO_SIGNAL,"sell: $25,000 exceeds visible top-of-book ($14,300) on ticker-only symbol; buy: $25,000 exceeds visible top-of-book ($2,958) on ticker-only symbol",2026-09-30T23:05:02.918265+00:00,ticker_only,2026-09-30T07:05:03.288995+00:00,ticker_only,,,,,
exnight-strategy-v3,rSATA-2026-10-21-1,rSATA,RSATAUSDT,2026-10-21,2026-09-30T23:30:05+00:00,0.9656110633409246,0.18323952822276032,127,0.599132006895404,E1_DOCUMENTED_PRECEDENT,0.3,0.3,"dividends_89_2026_09_23: rSATA ex 2026-08-24 0.0516 at 30%, available 2026-09-23T12:34:33+00:00 (primary)",0.0516000000000000,1000,100.0,HOLD,,2026-09-30T23:05:02.918265+00:00,ticker_only,2026-09-30T07:05:03.288995+00:00,ticker_only,1.1895707026449835,-1.1947754910891808,-1.1947754910891808,5.159999999999999,
exnight-strategy-v3,rSATA-2026-10-21-1,rSATA,RSATAUSDT,2026-10-21,2026-09-30T23:30:05+00:00,0.9656110633409246,0.18323952822276032,127,0.599132006895404,E1_DOCUMENTED_PRECEDENT,0.3,0.3,"dividends_89_2026_09_23: rSATA ex 2026-08-24 0.0516 at 30%, available 2026-09-23T12:34:33+00:00 (primary)",0.0516000000000000,5000,100.0,NO_SIGNAL,"buy: $5,000 exceeds visible top-of-book ($2,958) on ticker-only symbol",2026-09-30T23:05:02.918265+00:00,ticker_only,2026-09-30T07:05:03.288995+00:00,ticker_only,,,,,
exnight-strategy-v3,rSATA-2026-10-21-1,rSATA,RSATAUSDT,2026-10-21,2026-09-30T23:30:05+00:00,0.9656110633409246,0.18323952822276032,127,0.599132006895404,E1_DOCUMENTED_PRECEDENT,0.3,0.3,"dividends_89_2026_09_23: rSATA ex 2026-08-24 0.0516 at 30%, available 2026-09-23T12:34:33+00:00 (primary)",0.0516000000000000,25000,100.0,NO_SIGNAL,"sell: $25,000 exceeds visible top-of-book ($14,300) on ticker-only symbol; buy: $25,000 exceeds visible top-of-book ($2,958) on ticker-only symbol",2026-09-30T23:05:02.918265+00:00,ticker_only,2026-09-30T07:05:03.288995+00:00,ticker_only,,,,,
exnight-strategy-v3,rSATA-2026-10-22-1,rSATA,RSATAUSDT,2026-10-22,2026-09-30T23:30:05+00:00,0.9656110633409246,0.18323952822276032,127,0.599132006895404,E1_DOCUMENTED_PRECEDENT,0.3,0.3,"dividends_89_2026_09_23: rSATA ex 2026-08-24 0.0516 at 30%, available 2026-09-23T12:34:33+00:00 (primary)",0.0516000000000000,1000,100.0,HOLD,,2026-09-30T23:05:02.918265+00:00,ticker_only,2026-09-30T07:05:03.288995+00:00,ticker_only,1.1895707026449835,-1.1947754910891808,-1.1947754910891808,5.159999999999999,
exnight-strategy-v3,rSATA-2026-10-22-1,rSATA,RSATAUSDT,2026-10-22,2026-09-30T23:30:05+00:00,0.9656110633409246,0.18323952822276032,127,0.599132006895404,E1_DOCUMENTED_PRECEDENT,0.3,0.3,"dividends_89_2026_09_23: rSATA ex 2026-08-24 0.0516 at 30%, available 2026-09-23T12:34:33+00:00 (primary)",0.0516000000000000,5000,100.0,NO_SIGNAL,"buy: $5,000 exceeds visible top-of-book ($2,958) on ticker-only symbol",2026-09-30T23:05:02.918265+00:00,ticker_only,2026-09-30T07:05:03.288995+00:00,ticker_only,,,,,
exnight-strategy-v3,rSATA-2026-10-22-1,rSATA,RSATAUSDT,2026-10-22,2026-09-30T23:30:05+00:00,0.9656110633409246,0.18323952822276032,127,0.599132006895404,E1_DOCUMENTED_PRECEDENT,0.3,0.3,"dividends_89_2026_09_23: rSATA ex 2026-08-24 0.0516 at 30%, available 2026-09-23T12:34:33+00:00 (primary)",0.0516000000000000,25000,100.0,NO_SIGNAL,"sell: $25,000 exceeds visible top-of-book ($14,300) on ticker-only symbol; buy: $25,000 exceeds visible top-of-book ($2,958) on ticker-only symbol",2026-09-30T23:05:02.918265+00:00,ticker_only,2026-09-30T07:05:03.288995+00:00,ticker_only,,,,,
exnight-strategy-v3,rSATA-2026-10-23-1,rSATA,RSATAUSDT,2026-10-23,2026-09-30T23:30:05+00:00,0.9656110633409246,0.18323952822276032,127,0.599132006895404,E1_DOCUMENTED_PRECEDENT,0.3,0.3,"dividends_89_2026_09_23: rSATA ex 2026-08-24 0.0516 at 30%, available 2026-09-23T12:34:33+00:00 (primary)",0.0516000000000000,1000,100.0,HOLD,,2026-09-30T23:05:02.918265+00:00,ticker_only,2026-09-30T07:05:03.288995+00:00,ticker_only,1.1895707026449835,-1.1947754910891808,-1.1947754910891808,5.159999999999999,
exnight-strategy-v3,rSATA-2026-10-23-1,rSATA,RSATAUSDT,2026-10-23,2026-09-30T23:30:05+00:00,0.9656110633409246,0.18323952822276032,127,0.599132006895404,E1_DOCUMENTED_PRECEDENT,0.3,0.3,"dividends_89_2026_09_23: rSATA ex 2026-08-24 0.0516 at 30%, available 2026-09-23T12:34:33+00:00 (primary)",0.0516000000000000,5000,100.0,NO_SIGNAL,"buy: $5,000 exceeds visible top-of-book ($2,958) on ticker-only symbol",2026-09-30T23:05:02.918265+00:00,ticker_only,2026-09-30T07:05:03.288995+00:00,ticker_only,,,,,
exnight-strategy-v3,rSATA-2026-10-23-1,rSATA,RSATAUSDT,2026-10-23,2026-09-30T23:30:05+00:00,0.9656110633409246,0.18323952822276032,127,0.599132006895404,E1_DOCUMENTED_PRECEDENT,0.3,0.3,"dividends_89_2026_09_23: rSATA ex 2026-08-24 0.0516 at 30%, available 2026-09-23T12:34:33+00:00 (primary)",0.0516000000000000,25000,100.0,NO_SIGNAL,"sell: $25,000 exceeds visible top-of-book ($14,300) on ticker-only symbol; buy: $25,000 exceeds visible top-of-book ($2,958) on ticker-only symbol",2026-09-30T23:05:02.918265+00:00,ticker_only,2026-09-30T07:05:03.288995+00:00,ticker_only,,,,,
exnight-strategy-v3,rSATA-2026-10-26-1,rSATA,RSATAUSDT,2026-10-26,2026-09-30T23:30:05+00:00,0.9656110633409246,0.18323952822276032,127,0.599132006895404,E1_DOCUMENTED_PRECEDENT,0.3,0.3,"dividends_89_2026_09_23: rSATA ex 2026-08-24 0.0516 at 30%, available 2026-09-23T12:34:33+00:00 (primary)",0.0516000000000000,1000,100.0,HOLD,,2026-09-30T23:05:02.918265+00:00,ticker_only,2026-09-30T07:05:03.288995+00:00,ticker_only,1.1895707026449835,-1.1947754910891808,-1.1947754910891808,5.159999999999999,
exnight-strategy-v3,rSATA-2026-10-26-1,rSATA,RSATAUSDT,2026-10-26,2026-09-30T23:30:05+00:00,0.9656110633409246,0.18323952822276032,127,0.599132006895404,E1_DOCUMENTED_PRECEDENT,0.3,0.3,"dividends_89_2026_09_23: rSATA ex 2026-08-24 0.0516 at 30%, available 2026-09-23T12:34:33+00:00 (primary)",0.0516000000000000,5000,100.0,NO_SIGNAL,"buy: $5,000 exceeds visible top-of-book ($2,958) on ticker-only symbol",2026-09-30T23:05:02.918265+00:00,ticker_only,2026-09-30T07:05:03.288995+00:00,ticker_only,,,,,
exnight-strategy-v3,rSATA-2026-10-26-1,rSATA,RSATAUSDT,2026-10-26,2026-09-30T23:30:05+00:00,0.9656110633409246,0.18323952822276032,127,0.599132006895404,E1_DOCUMENTED_PRECEDENT,0.3,0.3,"dividends_89_2026_09_23: rSATA ex 2026-08-24 0.0516 at 30%, available 2026-09-23T12:34:33+00:00 (primary)",0.0516000000000000,25000,100.0,NO_SIGNAL,"sell: $25,000 exceeds visible top-of-book ($14,300) on ticker-only symbol; buy: $25,000 exceeds visible top-of-book ($2,958) on ticker-only symbol",2026-09-30T23:05:02.918265+00:00,ticker_only,2026-09-30T07:05:03.288995+00:00,ticker_only,,,,,
exnight-strategy-v3,rSATA-2026-10-27-1,rSATA,RSATAUSDT,2026-10-27,2026-09-30T23:30:05+00:00,0.9656110633409246,0.18323952822276032,127,0.599132006895404,E1_DOCUMENTED_PRECEDENT,0.3,0.3,"dividends_89_2026_09_23: rSATA ex 2026-08-24 0.0516 at 30%, available 2026-09-23T12:34:33+00:00 (primary)",0.0516000000000000,1000,100.0,HOLD,,2026-09-30T23:05:02.918265+00:00,ticker_only,2026-09-30T07:05:03.288995+00:00,ticker_only,1.1895707026449835,-1.1947754910891808,-1.1947754910891808,5.159999999999999,
exnight-strategy-v3,rSATA-2026-10-27-1,rSATA,RSATAUSDT,2026-10-27,2026-09-30T23:30:05+00:00,0.9656110633409246,0.18323952822276032,127,0.599132006895404,E1_DOCUMENTED_PRECEDENT,0.3,0.3,"dividends_89_2026_09_23: rSATA ex 2026-08-24 0.0516 at 30%, available 2026-09-23T12:34:33+00:00 (primary)",0.0516000000000000,5000,100.0,NO_SIGNAL,"buy: $5,000 exceeds visible top-of-book ($2,958) on ticker-only symbol",2026-09-30T23:05:02.918265+00:00,ticker_only,2026-09-30T07:05:03.288995+00:00,ticker_only,,,,,
exnight-strategy-v3,rSATA-2026-10-27-1,rSATA,RSATAUSDT,2026-10-27,2026-09-30T23:30:05+00:00,0.9656110633409246,0.18323952822276032,127,0.599132006895404,E1_DOCUMENTED_PRECEDENT,0.3,0.3,"dividends_89_2026_09_23: rSATA ex 2026-08-24 0.0516 at 30%, available 2026-09-23T12:34:33+00:00 (primary)",0.0516000000000000,25000,100.0,NO_SIGNAL,"sell: $25,000 exceeds visible top-of-book ($14,300) on ticker-only symbol; buy: $25,000 exceeds visible top-of-book ($2,958) on ticker-only symbol",2026-09-30T23:05:02.918265+00:00,ticker_only,2026-09-30T07:05:03.288995+00:00,ticker_only,,,,,
exnight-strategy-v3,rSATA-2026-10-28-1,rSATA,RSATAUSDT,2026-10-28,2026-09-30T23:30:05+00:00,0.9656110633409246,0.18323952822276032,127,0.599132006895404,E1_DOCUMENTED_PRECEDENT,0.3,0.3,"dividends_89_2026_09_23: rSATA ex 2026-08-24 0.0516 at 30%, available 2026-09-23T12:34:33+00:00 (primary)",0.0516000000000000,1000,100.0,HOLD,,2026-09-30T23:05:02.918265+00:00,ticker_only,2026-09-30T07:05:03.288995+00:00,ticker_only,1.1895707026449835,-1.1947754910891808,-1.1947754910891808,5.159999999999999,
exnight-strategy-v3,rSATA-2026-10-28-1,rSATA,RSATAUSDT,2026-10-28,2026-09-30T23:30:05+00:00,0.9656110633409246,0.18323952822276032,127,0.599132006895404,E1_DOCUMENTED_PRECEDENT,0.3,0.3,"dividends_89_2026_09_23: rSATA ex 2026-08-24 0.0516 at 30%, available 2026-09-23T12:34:33+00:00 (primary)",0.0516000000000000,5000,100.0,NO_SIGNAL,"buy: $5,000 exceeds visible top-of-book ($2,958) on ticker-only symbol",2026-09-30T23:05:02.918265+00:00,ticker_only,2026-09-30T07:05:03.288995+00:00,ticker_only,,,,,
exnight-strategy-v3,rSATA-2026-10-28-1,rSATA,RSATAUSDT,2026-10-28,2026-09-30T23:30:05+00:00,0.9656110633409246,0.18323952822276032,127,0.599132006895404,E1_DOCUMENTED_PRECEDENT,0.3,0.3,"dividends_89_2026_09_23: rSATA ex 2026-08-24 0.0516 at 30%, available 2026-09-23T12:34:33+00:00 (primary)",0.0516000000000000,25000,100.0,NO_SIGNAL,"sell: $25,000 exceeds visible top-of-book ($14,300) on ticker-only symbol; buy: $25,000 exceeds visible top-of-book ($2,958) on ticker-only symbol",2026-09-30T23:05:02.918265+00:00,ticker_only,2026-09-30T07:05:03.288995+00:00,ticker_only,,,,,
exnight-strategy-v3,rSATA-2026-10-29-1,rSATA,RSATAUSDT,2026-10-29,2026-09-30T23:30:05+00:00,0.9656110633409246,0.18323952822276032,127,0.599132006895404,E1_DOCUMENTED_PRECEDENT,0.3,0.3,"dividends_89_2026_09_23: rSATA ex 2026-08-24 0.0516 at 30%, available 2026-09-23T12:34:33+00:00 (primary)",0.0516000000000000,1000,100.0,HOLD,,2026-09-30T23:05:02.918265+00:00,ticker_only,2026-09-30T07:05:03.288995+00:00,ticker_only,1.1895707026449835,-1.1947754910891808,-1.1947754910891808,5.159999999999999,
exnight-strategy-v3,rSATA-2026-10-29-1,rSATA,RSATAUSDT,2026-10-29,2026-09-30T23:30:05+00:00,0.9656110633409246,0.18323952822276032,127,0.599132006895404,E1_DOCUMENTED_PRECEDENT,0.3,0.3,"dividends_89_2026_09_23: rSATA ex 2026-08-24 0.0516 at 30%, available 2026-09-23T12:34:33+00:00 (primary)",0.0516000000000000,5000,100.0,NO_SIGNAL,"buy: $5,000 exceeds visible top-of-book ($2,958) on ticker-only symbol",2026-09-30T23:05:02.918265+00:00,ticker_only,2026-09-30T07:05:03.288995+00:00,ticker_only,,,,,
exnight-strategy-v3,rSATA-2026-10-29-1,rSATA,RSATAUSDT,2026-10-29,2026-09-30T23:30:05+00:00,0.9656110633409246,0.18323952822276032,127,0.599132006895404,E1_DOCUMENTED_PRECEDENT,0.3,0.3,"dividends_89_2026_09_23: rSATA ex 2026-08-24 0.0516 at 30%, available 2026-09-23T12:34:33+00:00 (primary)",0.0516000000000000,25000,100.0,NO_SIGNAL,"sell: $25,000 exceeds visible top-of-book ($14,300) on ticker-only symbol; buy: $25,000 exceeds visible top-of-book ($2,958) on ticker-only symbol",2026-09-30T23:05:02.918265+00:00,ticker_only,2026-09-30T07:05:03.288995+00:00,ticker_only,,,,,
exnight-strategy-v3,rSFBS-2026-10-01-1,rSFBS,RSFBSUSDT,2026-10-01,2026-09-30T23:30:05+00:00,0.9656110633409246,0.18323952822276032,127,0.599132006895404,E0_RANGE,0.0,0.3,no pre-decision precedent,,1000,39.98,NO_SIGNAL,cash basis UNRESOLVED; gross basis required,,,,,,,,,
exnight-strategy-v3,rSFBS-2026-10-01-1,rSFBS,RSFBSUSDT,2026-10-01,2026-09-30T23:30:05+00:00,0.9656110633409246,0.18323952822276032,127,0.599132006895404,E0_RANGE,0.0,0.3,no pre-decision precedent,,5000,39.98,NO_SIGNAL,cash basis UNRESOLVED; gross basis required,,,,,,,,,
exnight-strategy-v3,rSFBS-2026-10-01-1,rSFBS,RSFBSUSDT,2026-10-01,2026-09-30T23:30:05+00:00,0.9656110633409246,0.18323952822276032,127,0.599132006895404,E0_RANGE,0.0,0.3,no pre-decision precedent,,25000,39.98,NO_SIGNAL,cash basis UNRESOLVED; gross basis required,,,,,,,,,
exnight-strategy-v3,rSIG-2026-10-23-1,rSIG,RSIGUSDT,2026-10-23,2026-09-30T23:30:05+00:00,0.9656110633409246,0.18323952822276032,127,0.599132006895404,E0_RANGE,0.0,0.3,no pre-decision precedent,,1000,102.9,NO_SIGNAL,cash basis UNRESOLVED; gross basis required,,,,,,,,,
exnight-strategy-v3,rSIG-2026-10-23-1,rSIG,RSIGUSDT,2026-10-23,2026-09-30T23:30:05+00:00,0.9656110633409246,0.18323952822276032,127,0.599132006895404,E0_RANGE,0.0,0.3,no pre-decision precedent,,5000,102.9,NO_SIGNAL,cash basis UNRESOLVED; gross basis required,,,,,,,,,
exnight-strategy-v3,rSIG-2026-10-23-1,rSIG,RSIGUSDT,2026-10-23,2026-09-30T23:30:05+00:00,0.9656110633409246,0.18323952822276032,127,0.599132006895404,E0_RANGE,0.0,0.3,no pre-decision precedent,,25000,102.9,NO_SIGNAL,cash basis UNRESOLVED; gross basis required,,,,,,,,,
exnight-strategy-v3,rSNN-2026-10-02-1,rSNN,RSNNUSDT,2026-10-02,2026-09-30T23:30:05+00:00,0.9656110633409246,0.18323952822276032,127,0.599132006895404,E0_RANGE,0.0,0.3,no pre-decision precedent,,1000,27.0,NO_SIGNAL,cash basis UNRESOLVED; gross basis required,,,,,,,,,
exnight-strategy-v3,rSNN-2026-10-02-1,rSNN,RSNNUSDT,2026-10-02,2026-09-30T23:30:05+00:00,0.9656110633409246,0.18323952822276032,127,0.599132006895404,E0_RANGE,0.0,0.3,no pre-decision precedent,,5000,27.0,NO_SIGNAL,cash basis UNRESOLVED; gross basis required,,,,,,,,,
exnight-strategy-v3,rSNN-2026-10-02-1,rSNN,RSNNUSDT,2026-10-02,2026-09-30T23:30:05+00:00,0.9656110633409246,0.18323952822276032,127,0.599132006895404,E0_RANGE,0.0,0.3,no pre-decision precedent,,25000,27.0,NO_SIGNAL,cash basis UNRESOLVED; gross basis required,,,,,,,,,
exnight-strategy-v3,rSSD-2026-10-01-1,rSSD,RSSDUSDT,2026-10-01,2026-09-30T23:30:05+00:00,0.9656110633409246,0.18323952822276032,127,0.599132006895404,E0_RANGE,0.0,0.3,no pre-decision precedent,,1000,171.0,NO_SIGNAL,cash basis UNRESOLVED; gross basis required,,,,,,,,,
exnight-strategy-v3,rSSD-2026-10-01-1,rSSD,RSSDUSDT,2026-10-01,2026-09-30T23:30:05+00:00,0.9656110633409246,0.18323952822276032,127,0.599132006895404,E0_RANGE,0.0,0.3,no pre-decision precedent,,5000,171.0,NO_SIGNAL,cash basis UNRESOLVED; gross basis required,,,,,,,,,
exnight-strategy-v3,rSSD-2026-10-01-1,rSSD,RSSDUSDT,2026-10-01,2026-09-30T23:30:05+00:00,0.9656110633409246,0.18323952822276032,127,0.599132006895404,E0_RANGE,0.0,0.3,no pre-decision precedent,,25000,171.0,NO_SIGNAL,cash basis UNRESOLVED; gross basis required,,,,,,,,,
exnight-strategy-v3,rSTT-2026-10-01-1,rSTT,RSTTUSDT,2026-10-01,2026-09-30T23:30:05+00:00,0.9656110633409246,0.18323952822276032,127,0.599132006895404,E0_RANGE,0.0,0.3,no pre-decision precedent,,1000,174.61,NO_SIGNAL,cash basis UNRESOLVED; gross basis required,,,,,,,,,
exnight-strategy-v3,rSTT-2026-10-01-1,rSTT,RSTTUSDT,2026-10-01,2026-09-30T23:30:05+00:00,0.9656110633409246,0.18323952822276032,127,0.599132006895404,E0_RANGE,0.0,0.3,no pre-decision precedent,,5000,174.61,NO_SIGNAL,cash basis UNRESOLVED; gross basis required,,,,,,,,,
exnight-strategy-v3,rSTT-2026-10-01-1,rSTT,RSTTUSDT,2026-10-01,2026-09-30T23:30:05+00:00,0.9656110633409246,0.18323952822276032,127,0.599132006895404,E0_RANGE,0.0,0.3,no pre-decision precedent,,25000,174.61,NO_SIGNAL,cash basis UNRESOLVED; gross basis required,,,,,,,,,
exnight-strategy-v3,rSTM-2026-12-15-1,rSTM,RSTMUSDT,2026-12-15,2026-09-30T23:30:05+00:00,0.9656110633409246,0.18323952822276032,127,0.599132006895404,E1_DOCUMENTED_PRECEDENT,0.3,0.3,"dividends_2026_07_24: rSTM ex 2026-06-23 0.0765 at 30%, available 2026-09-16T11:09:53+00:00 (primary)",,1000,53.75,NO_SIGNAL,cash basis UNRESOLVED; gross basis required,,,,,,,,,
exnight-strategy-v3,rSTM-2026-12-15-1,rSTM,RSTMUSDT,2026-12-15,2026-09-30T23:30:05+00:00,0.9656110633409246,0.18323952822276032,127,0.599132006895404,E1_DOCUMENTED_PRECEDENT,0.3,0.3,"dividends_2026_07_24: rSTM ex 2026-06-23 0.0765 at 30%, available 2026-09-16T11:09:53+00:00 (primary)",,5000,53.75,NO_SIGNAL,cash basis UNRESOLVED; gross basis required,,,,,,,,,
exnight-strategy-v3,rSTM-2026-12-15-1,rSTM,RSTMUSDT,2026-12-15,2026-09-30T23:30:05+00:00,0.9656110633409246,0.18323952822276032,127,0.599132006895404,E1_DOCUMENTED_PRECEDENT,0.3,0.3,"dividends_2026_07_24: rSTM ex 2026-06-23 0.0765 at 30%, available 2026-09-16T11:09:53+00:00 (primary)",,25000,53.75,NO_SIGNAL,cash basis UNRESOLVED; gross basis required,,,,,,,,,
exnight-strategy-v3,rSTM-2027-03-16-1,rSTM,RSTMUSDT,2027-03-16,2026-09-30T23:30:05+00:00,0.9656110633409246,0.18323952822276032,127,0.599132006895404,E1_DOCUMENTED_PRECEDENT,0.3,0.3,"dividends_2026_07_24: rSTM ex 2026-06-23 0.0765 at 30%, available 2026-09-16T11:09:53+00:00 (primary)",,1000,53.75,NO_SIGNAL,cash basis UNRESOLVED; gross basis required,,,,,,,,,
exnight-strategy-v3,rSTM-2027-03-16-1,rSTM,RSTMUSDT,2027-03-16,2026-09-30T23:30:05+00:00,0.9656110633409246,0.18323952822276032,127,0.599132006895404,E1_DOCUMENTED_PRECEDENT,0.3,0.3,"dividends_2026_07_24: rSTM ex 2026-06-23 0.0765 at 30%, available 2026-09-16T11:09:53+00:00 (primary)",,5000,53.75,NO_SIGNAL,cash basis UNRESOLVED; gross basis required,,,,,,,,,
exnight-strategy-v3,rSTM-2027-03-16-1,rSTM,RSTMUSDT,2027-03-16,2026-09-30T23:30:05+00:00,0.9656110633409246,0.18323952822276032,127,0.599132006895404,E1_DOCUMENTED_PRECEDENT,0.3,0.3,"dividends_2026_07_24: rSTM ex 2026-06-23 0.0765 at 30%, available 2026-09-16T11:09:53+00:00 (primary)",,25000,53.75,NO_SIGNAL,cash basis UNRESOLVED; gross basis required,,,,,,,,,
exnight-strategy-v3,rSYY-2026-10-02-1,rSYY,RSYYUSDT,2026-10-02,2026-09-30T23:30:05+00:00,0.9656110633409246,0.18323952822276032,127,0.599132006895404,E0_RANGE,0.0,0.3,no pre-decision precedent,,1000,77.92,NO_SIGNAL,cash basis UNRESOLVED; gross basis required,,,,,,,,,
exnight-strategy-v3,rSYY-2026-10-02-1,rSYY,RSYYUSDT,2026-10-02,2026-09-30T23:30:05+00:00,0.9656110633409246,0.18323952822276032,127,0.599132006895404,E0_RANGE,0.0,0.3,no pre-decision precedent,,5000,77.92,NO_SIGNAL,cash basis UNRESOLVED; gross basis required,,,,,,,,,
exnight-strategy-v3,rSYY-2026-10-02-1,rSYY,RSYYUSDT,2026-10-02,2026-09-30T23:30:05+00:00,0.9656110633409246,0.18323952822276032,127,0.599132006895404,E0_RANGE,0.0,0.3,no pre-decision precedent,,25000,77.92,NO_SIGNAL,cash basis UNRESOLVED; gross basis required,,,,,,,,,
exnight-strategy-v3,rTD-2026-10-09-1,rTD,RTDUSDT,2026-10-09,2026-09-30T23:30:05+00:00,0.9656110633409246,0.18323952822276032,127,0.599132006895404,E0_RANGE,0.0,0.3,no pre-decision precedent,,1000,117.97,NO_SIGNAL,cash basis UNRESOLVED; gross basis required,,,,,,,,,
exnight-strategy-v3,rTD-2026-10-09-1,rTD,RTDUSDT,2026-10-09,2026-09-30T23:30:05+00:00,0.9656110633409246,0.18323952822276032,127,0.599132006895404,E0_RANGE,0.0,0.3,no pre-decision precedent,,5000,117.97,NO_SIGNAL,cash basis UNRESOLVED; gross basis required,,,,,,,,,
exnight-strategy-v3,rTD-2026-10-09-1,rTD,RTDUSDT,2026-10-09,2026-09-30T23:30:05+00:00,0.9656110633409246,0.18323952822276032,127,0.599132006895404,E0_RANGE,0.0,0.3,no pre-decision precedent,,25000,117.97,NO_SIGNAL,cash basis UNRESOLVED; gross basis required,,,,,,,,,
exnight-strategy-v3,rTEL-2026-11-20-1,rTEL,RTELUSDT,2026-11-20,2026-09-30T23:30:05+00:00,0.9656110633409246,0.18323952822276032,127,0.599132006895404,E0_RANGE,0.0,0.3,no pre-decision precedent,,1000,212.47,NO_SIGNAL,cash basis UNRESOLVED; gross basis required,,,,,,,,,
exnight-strategy-v3,rTEL-2026-11-20-1,rTEL,RTELUSDT,2026-11-20,2026-09-30T23:30:05+00:00,0.9656110633409246,0.18323952822276032,127,0.599132006895404,E0_RANGE,0.0,0.3,no pre-decision precedent,,5000,212.47,NO_SIGNAL,cash basis UNRESOLVED; gross basis required,,,,,,,,,
exnight-strategy-v3,rTEL-2026-11-20-1,rTEL,RTELUSDT,2026-11-20,2026-09-30T23:30:05+00:00,0.9656110633409246,0.18323952822276032,127,0.599132006895404,E0_RANGE,0.0,0.3,no pre-decision precedent,,25000,212.47,NO_SIGNAL,cash basis UNRESOLVED; gross basis required,,,,,,,,,
exnight-strategy-v3,rTIGO-2026-10-08-1,rTIGO,RTIGOUSDT,2026-10-08,2026-09-30T23:30:05+00:00,0.9656110633409246,0.18323952822276032,127,0.599132006895404,E0_RANGE,0.0,0.3,no pre-decision precedent,0.7500000000000000,1000,87.2,NO_SIGNAL,"sell: $1,000 exceeds visible top-of-book ($258) on ticker-only symbol; buy: $1,000 exceeds visible top-of-book ($681) on ticker-only symbol",2026-09-30T23:05:02.918265+00:00,ticker_only,2026-09-30T07:05:03.288995+00:00,ticker_only,,,,,
exnight-strategy-v3,rTIGO-2026-10-08-1,rTIGO,RTIGOUSDT,2026-10-08,2026-09-30T23:30:05+00:00,0.9656110633409246,0.18323952822276032,127,0.599132006895404,E0_RANGE,0.0,0.3,no pre-decision precedent,0.7500000000000000,5000,87.2,NO_SIGNAL,"sell: $5,000 exceeds visible top-of-book ($258) on ticker-only symbol; buy: $5,000 exceeds visible top-of-book ($681) on ticker-only symbol",2026-09-30T23:05:02.918265+00:00,ticker_only,2026-09-30T07:05:03.288995+00:00,ticker_only,,,,,
exnight-strategy-v3,rTIGO-2026-10-08-1,rTIGO,RTIGOUSDT,2026-10-08,2026-09-30T23:30:05+00:00,0.9656110633409246,0.18323952822276032,127,0.599132006895404,E0_RANGE,0.0,0.3,no pre-decision precedent,0.7500000000000000,25000,87.2,NO_SIGNAL,"sell: $25,000 exceeds visible top-of-book ($258) on ticker-only symbol; buy: $25,000 exceeds visible top-of-book ($681) on ticker-only symbol",2026-09-30T23:05:02.918265+00:00,ticker_only,2026-09-30T07:05:03.288995+00:00,ticker_only,,,,,
exnight-strategy-v3,rTIGO-2027-01-08-1,rTIGO,RTIGOUSDT,2027-01-08,2026-09-30T23:30:05+00:00,0.9656110633409246,0.18323952822276032,127,0.599132006895404,E0_RANGE,0.0,0.3,no pre-decision precedent,,1000,87.2,NO_SIGNAL,cash basis UNRESOLVED; gross basis required,,,,,,,,,
exnight-strategy-v3,rTIGO-2027-01-08-1,rTIGO,RTIGOUSDT,2027-01-08,2026-09-30T23:30:05+00:00,0.9656110633409246,0.18323952822276032,127,0.599132006895404,E0_RANGE,0.0,0.3,no pre-decision precedent,,5000,87.2,NO_SIGNAL,cash basis UNRESOLVED; gross basis required,,,,,,,,,
exnight-strategy-v3,rTIGO-2027-01-08-1,rTIGO,RTIGOUSDT,2027-01-08,2026-09-30T23:30:05+00:00,0.9656110633409246,0.18323952822276032,127,0.599132006895404,E0_RANGE,0.0,0.3,no pre-decision precedent,,25000,87.2,NO_SIGNAL,cash basis UNRESOLVED; gross basis required,,,,,,,,,
exnight-strategy-v3,rTIGO-2027-04-08-1,rTIGO,RTIGOUSDT,2027-04-08,2026-09-30T23:30:05+00:00,0.9656110633409246,0.18323952822276032,127,0.599132006895404,E0_RANGE,0.0,0.3,no pre-decision precedent,,1000,87.2,NO_SIGNAL,cash basis UNRESOLVED; gross basis required,,,,,,,,,
exnight-strategy-v3,rTIGO-2027-04-08-1,rTIGO,RTIGOUSDT,2027-04-08,2026-09-30T23:30:05+00:00,0.9656110633409246,0.18323952822276032,127,0.599132006895404,E0_RANGE,0.0,0.3,no pre-decision precedent,,5000,87.2,NO_SIGNAL,cash basis UNRESOLVED; gross basis required,,,,,,,,,
exnight-strategy-v3,rTIGO-2027-04-08-1,rTIGO,RTIGOUSDT,2027-04-08,2026-09-30T23:30:05+00:00,0.9656110633409246,0.18323952822276032,127,0.599132006895404,E0_RANGE,0.0,0.3,no pre-decision precedent,,25000,87.2,NO_SIGNAL,cash basis UNRESOLVED; gross basis required,,,,,,,,,
exnight-strategy-v3,rTNET-2026-10-01-1,rTNET,RTNETUSDT,2026-10-01,2026-09-30T23:30:05+00:00,0.9656110633409246,0.18323952822276032,127,0.599132006895404,E0_RANGE,0.0,0.3,no pre-decision precedent,,1000,62.54,NO_SIGNAL,cash basis UNRESOLVED; gross basis required,,,,,,,,,
exnight-strategy-v3,rTNET-2026-10-01-1,rTNET,RTNETUSDT,2026-10-01,2026-09-30T23:30:05+00:00,0.9656110633409246,0.18323952822276032,127,0.599132006895404,E0_RANGE,0.0,0.3,no pre-decision precedent,,5000,62.54,NO_SIGNAL,cash basis UNRESOLVED; gross basis required,,,,,,,,,
exnight-strategy-v3,rTNET-2026-10-01-1,rTNET,RTNETUSDT,2026-10-01,2026-09-30T23:30:05+00:00,0.9656110633409246,0.18323952822276032,127,0.599132006895404,E0_RANGE,0.0,0.3,no pre-decision precedent,,25000,62.54,NO_SIGNAL,cash basis UNRESOLVED; gross basis required,,,,,,,,,
exnight-strategy-v3,rTOL-2026-10-09-1,rTOL,RTOLUSDT,2026-10-09,2026-09-30T23:30:05+00:00,0.9656110633409246,0.18323952822276032,127,0.599132006895404,E0_RANGE,0.0,0.3,no pre-decision precedent,,1000,134.85,NO_SIGNAL,cash basis UNRESOLVED; gross basis required,,,,,,,,,
exnight-strategy-v3,rTOL-2026-10-09-1,rTOL,RTOLUSDT,2026-10-09,2026-09-30T23:30:05+00:00,0.9656110633409246,0.18323952822276032,127,0.599132006895404,E0_RANGE,0.0,0.3,no pre-decision precedent,,5000,134.85,NO_SIGNAL,cash basis UNRESOLVED; gross basis required,,,,,,,,,
exnight-strategy-v3,rTOL-2026-10-09-1,rTOL,RTOLUSDT,2026-10-09,2026-09-30T23:30:05+00:00,0.9656110633409246,0.18323952822276032,127,0.599132006895404,E0_RANGE,0.0,0.3,no pre-decision precedent,,25000,134.85,NO_SIGNAL,cash basis UNRESOLVED; gross basis required,,,,,,,,,
exnight-strategy-v3,rTJX-2026-11-12-1,rTJX,RTJXUSDT,2026-11-12,2026-09-30T23:30:05+00:00,0.9656110633409246,0.18323952822276032,127,0.599132006895404,E0_RANGE,0.0,0.3,no pre-decision precedent,,1000,132.5,NO_SIGNAL,cash basis UNRESOLVED; gross basis required,,,,,,,,,
exnight-strategy-v3,rTJX-2026-11-12-1,rTJX,RTJXUSDT,2026-11-12,2026-09-30T23:30:05+00:00,0.9656110633409246,0.18323952822276032,127,0.599132006895404,E0_RANGE,0.0,0.3,no pre-decision precedent,,5000,132.5,NO_SIGNAL,cash basis UNRESOLVED; gross basis required,,,,,,,,,
exnight-strategy-v3,rTJX-2026-11-12-1,rTJX,RTJXUSDT,2026-11-12,2026-09-30T23:30:05+00:00,0.9656110633409246,0.18323952822276032,127,0.599132006895404,E0_RANGE,0.0,0.3,no pre-decision precedent,,25000,132.5,NO_SIGNAL,cash basis UNRESOLVED; gross basis required,,,,,,,,,
exnight-strategy-v3,rTKC-2026-12-10-1,rTKC,RTKCUSDT,2026-12-10,2026-09-30T23:30:05+00:00,0.9656110633409246,0.18323952822276032,127,0.599132006895404,E0_RANGE,0.0,0.3,no pre-decision precedent,,1000,4.93,NO_SIGNAL,cash basis UNRESOLVED; gross basis required,,,,,,,,,
exnight-strategy-v3,rTKC-2026-12-10-1,rTKC,RTKCUSDT,2026-12-10,2026-09-30T23:30:05+00:00,0.9656110633409246,0.18323952822276032,127,0.599132006895404,E0_RANGE,0.0,0.3,no pre-decision precedent,,5000,4.93,NO_SIGNAL,cash basis UNRESOLVED; gross basis required,,,,,,,,,
exnight-strategy-v3,rTKC-2026-12-10-1,rTKC,RTKCUSDT,2026-12-10,2026-09-30T23:30:05+00:00,0.9656110633409246,0.18323952822276032,127,0.599132006895404,E0_RANGE,0.0,0.3,no pre-decision precedent,,25000,4.93,NO_SIGNAL,cash basis UNRESOLVED; gross basis required,,,,,,,,,
exnight-strategy-v3,rTR-2026-10-07-1,rTR,RTRUSDT,2026-10-07,2026-09-30T23:30:05+00:00,0.9656110633409246,0.18323952822276032,127,0.599132006895404,E0_RANGE,0.0,0.3,no pre-decision precedent,,1000,37.75,NO_SIGNAL,cash basis UNRESOLVED; gross basis required,,,,,,,,,
exnight-strategy-v3,rTR-2026-10-07-1,rTR,RTRUSDT,2026-10-07,2026-09-30T23:30:05+00:00,0.9656110633409246,0.18323952822276032,127,0.599132006895404,E0_RANGE,0.0,0.3,no pre-decision precedent,,5000,37.75,NO_SIGNAL,cash basis UNRESOLVED; gross basis required,,,,,,,,,
exnight-strategy-v3,rTR-2026-10-07-1,rTR,RTRUSDT,2026-10-07,2026-09-30T23:30:05+00:00,0.9656110633409246,0.18323952822276032,127,0.599132006895404,E0_RANGE,0.0,0.3,no pre-decision precedent,,25000,37.75,NO_SIGNAL,cash basis UNRESOLVED; gross basis required,,,,,,,,,
exnight-strategy-v3,rTS-2026-11-24-1,rTS,RTSUSDT,2026-11-24,2026-09-30T23:30:05+00:00,0.9656110633409246,0.18323952822276032,127,0.599132006895404,E0_RANGE,0.0,0.3,no pre-decision precedent,,1000,55.18,NO_SIGNAL,cash basis UNRESOLVED; gross basis required,,,,,,,,,
exnight-strategy-v3,rTS-2026-11-24-1,rTS,RTSUSDT,2026-11-24,2026-09-30T23:30:05+00:00,0.9656110633409246,0.18323952822276032,127,0.599132006895404,E0_RANGE,0.0,0.3,no pre-decision precedent,,5000,55.18,NO_SIGNAL,cash basis UNRESOLVED; gross basis required,,,,,,,,,
exnight-strategy-v3,rTS-2026-11-24-1,rTS,RTSUSDT,2026-11-24,2026-09-30T23:30:05+00:00,0.9656110633409246,0.18323952822276032,127,0.599132006895404,E0_RANGE,0.0,0.3,no pre-decision precedent,,25000,55.18,NO_SIGNAL,cash basis UNRESOLVED; gross basis required,,,,,,,,,
exnight-strategy-v3,rTSN-2026-12-01-1,rTSN,RTSNUSDT,2026-12-01,2026-09-30T23:30:05+00:00,0.9656110633409246,0.18323952822276032,127,0.599132006895404,E0_RANGE,0.0,0.3,no pre-decision precedent,,1000,51.02,NO_SIGNAL,cash basis UNRESOLVED; gross basis required,,,,,,,,,
exnight-strategy-v3,rTSN-2026-12-01-1,rTSN,RTSNUSDT,2026-12-01,2026-09-30T23:30:05+00:00,0.9656110633409246,0.18323952822276032,127,0.599132006895404,E0_RANGE,0.0,0.3,no pre-decision precedent,,5000,51.02,NO_SIGNAL,cash basis UNRESOLVED; gross basis required,,,,,,,,,
exnight-strategy-v3,rTSN-2026-12-01-1,rTSN,RTSNUSDT,2026-12-01,2026-09-30T23:30:05+00:00,0.9656110633409246,0.18323952822276032,127,0.599132006895404,E0_RANGE,0.0,0.3,no pre-decision precedent,,25000,51.02,NO_SIGNAL,cash basis UNRESOLVED; gross basis required,,,,,,,,,
exnight-strategy-v3,rTSM-2026-12-10-1,rTSM,RTSMUSDT,2026-12-10,2026-09-30T23:30:05+00:00,0.9656110633409246,0.18323952822276032,127,0.599132006895404,E1_DOCUMENTED_PRECEDENT,0.3,0.3,"dividends_2026_07_24: rTSM ex 2026-06-11 0.742067 at 30%, available 2026-09-16T11:09:53+00:00 (primary)",,1000,457.4,NO_SIGNAL,cash basis UNRESOLVED; gross basis required,,,,,,,,,
exnight-strategy-v3,rTSM-2026-12-10-1,rTSM,RTSMUSDT,2026-12-10,2026-09-30T23:30:05+00:00,0.9656110633409246,0.18323952822276032,127,0.599132006895404,E1_DOCUMENTED_PRECEDENT,0.3,0.3,"dividends_2026_07_24: rTSM ex 2026-06-11 0.742067 at 30%, available 2026-09-16T11:09:53+00:00 (primary)",,5000,457.4,NO_SIGNAL,cash basis UNRESOLVED; gross basis required,,,,,,,,,
exnight-strategy-v3,rTSM-2026-12-10-1,rTSM,RTSMUSDT,2026-12-10,2026-09-30T23:30:05+00:00,0.9656110633409246,0.18323952822276032,127,0.599132006895404,E1_DOCUMENTED_PRECEDENT,0.3,0.3,"dividends_2026_07_24: rTSM ex 2026-06-11 0.742067 at 30%, available 2026-09-16T11:09:53+00:00 (primary)",,25000,457.4,NO_SIGNAL,cash basis UNRESOLVED; gross basis required,,,,,,,,,
exnight-strategy-v3,rTXN-2026-10-30-1,rTXN,RTXNUSDT,2026-10-30,2026-09-30T23:30:05+00:00,0.9656110633409246,0.18323952822276032,127,0.599132006895404,E0_RANGE,0.0,0.3,no pre-decision precedent,,1000,280.61,NO_SIGNAL,cash basis UNRESOLVED; gross basis required,,,,,,,,,
exnight-strategy-v3,rTXN-2026-10-30-1,rTXN,RTXNUSDT,2026-10-30,2026-09-30T23:30:05+00:00,0.9656110633409246,0.18323952822276032,127,0.599132006895404,E0_RANGE,0.0,0.3,no pre-decision precedent,,5000,280.61,NO_SIGNAL,cash basis UNRESOLVED; gross basis required,,,,,,,,,
exnight-strategy-v3,rTXN-2026-10-30-1,rTXN,RTXNUSDT,2026-10-30,2026-09-30T23:30:05+00:00,0.9656110633409246,0.18323952822276032,127,0.599132006895404,E0_RANGE,0.0,0.3,no pre-decision precedent,,25000,280.61,NO_SIGNAL,cash basis UNRESOLVED; gross basis required,,,,,,,,,
exnight-strategy-v3,rVSNT-2026-10-01-1,rVSNT,RVSNTUSDT,2026-10-01,2026-09-30T23:30:05+00:00,0.9656110633409246,0.18323952822276032,127,0.599132006895404,E0_RANGE,0.0,0.3,no pre-decision precedent,0.3750000000000000,1000,31.9,NO_SIGNAL,"buy: $1,000 exceeds visible top-of-book ($518) on ticker-only symbol",2026-09-30T23:05:02.918265+00:00,ticker_only,2026-09-30T07:05:03.288995+00:00,ticker_only,,,,,
exnight-strategy-v3,rVSNT-2026-10-01-1,rVSNT,RVSNTUSDT,2026-10-01,2026-09-30T23:30:05+00:00,0.9656110633409246,0.18323952822276032,127,0.599132006895404,E0_RANGE,0.0,0.3,no pre-decision precedent,0.3750000000000000,5000,31.9,NO_SIGNAL,"sell: $5,000 exceeds visible top-of-book ($2,370) on ticker-only symbol; buy: $5,000 exceeds visible top-of-book ($518) on ticker-only symbol",2026-09-30T23:05:02.918265+00:00,ticker_only,2026-09-30T07:05:03.288995+00:00,ticker_only,,,,,
exnight-strategy-v3,rVSNT-2026-10-01-1,rVSNT,RVSNTUSDT,2026-10-01,2026-09-30T23:30:05+00:00,0.9656110633409246,0.18323952822276032,127,0.599132006895404,E0_RANGE,0.0,0.3,no pre-decision precedent,0.3750000000000000,25000,31.9,NO_SIGNAL,"sell: $25,000 exceeds visible top-of-book ($2,370) on ticker-only symbol; buy: $25,000 exceeds visible top-of-book ($518) on ticker-only symbol",2026-09-30T23:05:02.918265+00:00,ticker_only,2026-09-30T07:05:03.288995+00:00,ticker_only,,,,,
exnight-strategy-v3,rVSEC-2026-10-15-1,rVSEC,RVSECUSDT,2026-10-15,2026-09-30T23:30:05+00:00,0.9656110633409246,0.18323952822276032,127,0.599132006895404,E0_RANGE,0.0,0.3,no pre-decision precedent,0.1000000000000000,1000,164.7,NO_SIGNAL,sell: no depth sample for this symbol/session; buy: no depth sample for this symbol/session,,,,,,,,,
exnight-strategy-v3,rVSEC-2026-10-15-1,rVSEC,RVSECUSDT,2026-10-15,2026-09-30T23:30:05+00:00,0.9656110633409246,0.18323952822276032,127,0.599132006895404,E0_RANGE,0.0,0.3,no pre-decision precedent,0.1000000000000000,5000,164.7,NO_SIGNAL,sell: no depth sample for this symbol/session; buy: no depth sample for this symbol/session,,,,,,,,,
exnight-strategy-v3,rVSEC-2026-10-15-1,rVSEC,RVSECUSDT,2026-10-15,2026-09-30T23:30:05+00:00,0.9656110633409246,0.18323952822276032,127,0.599132006895404,E0_RANGE,0.0,0.3,no pre-decision precedent,0.1000000000000000,25000,164.7,NO_SIGNAL,sell: no depth sample for this symbol/session; buy: no depth sample for this symbol/session,,,,,,,,,
exnight-strategy-v3,rVZ-2026-10-09-1,rVZ,RVZUSDT,2026-10-09,2026-09-30T23:30:05+00:00,0.9656110633409246,0.18323952822276032,127,0.599132006895404,E0_RANGE,0.0,0.3,no pre-decision precedent,,1000,46.0,NO_SIGNAL,cash basis UNRESOLVED; gross basis required,,,,,,,,,
exnight-strategy-v3,rVZ-2026-10-09-1,rVZ,RVZUSDT,2026-10-09,2026-09-30T23:30:05+00:00,0.9656110633409246,0.18323952822276032,127,0.599132006895404,E0_RANGE,0.0,0.3,no pre-decision precedent,,5000,46.0,NO_SIGNAL,cash basis UNRESOLVED; gross basis required,,,,,,,,,
exnight-strategy-v3,rVZ-2026-10-09-1,rVZ,RVZUSDT,2026-10-09,2026-09-30T23:30:05+00:00,0.9656110633409246,0.18323952822276032,127,0.599132006895404,E0_RANGE,0.0,0.3,no pre-decision precedent,,25000,46.0,NO_SIGNAL,cash basis UNRESOLVED; gross basis required,,,,,,,,,
exnight-strategy-v3,rWSM-2026-10-16-1,rWSM,RWSMUSDT,2026-10-16,2026-09-30T23:30:05+00:00,0.9656110633409246,0.18323952822276032,127,0.599132006895404,E0_RANGE,0.0,0.3,no pre-decision precedent,,1000,229.01,NO_SIGNAL,cash basis UNRESOLVED; gross basis required,,,,,,,,,
exnight-strategy-v3,rWSM-2026-10-16-1,rWSM,RWSMUSDT,2026-10-16,2026-09-30T23:30:05+00:00,0.9656110633409246,0.18323952822276032,127,0.599132006895404,E0_RANGE,0.0,0.3,no pre-decision precedent,,5000,229.01,NO_SIGNAL,cash basis UNRESOLVED; gross basis required,,,,,,,,,
exnight-strategy-v3,rWSM-2026-10-16-1,rWSM,RWSMUSDT,2026-10-16,2026-09-30T23:30:05+00:00,0.9656110633409246,0.18323952822276032,127,0.599132006895404,E0_RANGE,0.0,0.3,no pre-decision precedent,,25000,229.01,NO_SIGNAL,cash basis UNRESOLVED; gross basis required,,,,,,,,,
exnight-strategy-v3,rWMT-2026-12-11-1,rWMT,RWMTUSDT,2026-12-11,2026-09-30T23:30:05+00:00,0.9656110633409246,0.18323952822276032,127,0.599132006895404,E0_RANGE,0.0,0.3,no pre-decision precedent,0.2475000000000000,1000,104.84,NO_SIGNAL,sell: no depth sample for this symbol/session; buy: no depth sample for this symbol/session,,,,,,,,,
exnight-strategy-v3,rWMT-2026-12-11-1,rWMT,RWMTUSDT,2026-12-11,2026-09-30T23:30:05+00:00,0.9656110633409246,0.18323952822276032,127,0.599132006895404,E0_RANGE,0.0,0.3,no pre-decision precedent,0.2475000000000000,5000,104.84,NO_SIGNAL,sell: no depth sample for this symbol/session; buy: no depth sample for this symbol/session,,,,,,,,,
exnight-strategy-v3,rWMT-2026-12-11-1,rWMT,RWMTUSDT,2026-12-11,2026-09-30T23:30:05+00:00,0.9656110633409246,0.18323952822276032,127,0.599132006895404,E0_RANGE,0.0,0.3,no pre-decision precedent,0.2475000000000000,25000,104.84,NO_SIGNAL,sell: no depth sample for this symbol/session; buy: no depth sample for this symbol/session,,,,,,,,,
exnight-strategy-v3,rWWD-2026-11-19-1,rWWD,RWWDUSDT,2026-11-19,2026-09-30T23:30:05+00:00,0.9656110633409246,0.18323952822276032,127,0.599132006895404,E0_RANGE,0.0,0.3,no pre-decision precedent,0.3199999900000000,1000,328.0,NO_SIGNAL,sell: no depth sample for this symbol/session; buy: no depth sample for this symbol/session,,,,,,,,,
exnight-strategy-v3,rWWD-2026-11-19-1,rWWD,RWWDUSDT,2026-11-19,2026-09-30T23:30:05+00:00,0.9656110633409246,0.18323952822276032,127,0.599132006895404,E0_RANGE,0.0,0.3,no pre-decision precedent,0.3199999900000000,5000,328.0,NO_SIGNAL,sell: no depth sample for this symbol/session; buy: no depth sample for this symbol/session,,,,,,,,,
exnight-strategy-v3,rWWD-2026-11-19-1,rWWD,RWWDUSDT,2026-11-19,2026-09-30T23:30:05+00:00,0.9656110633409246,0.18323952822276032,127,0.599132006895404,E0_RANGE,0.0,0.3,no pre-decision precedent,0.3199999900000000,25000,328.0,NO_SIGNAL,sell: no depth sample for this symbol/session; buy: no depth sample for this symbol/session,,,,,,,,,
exnight-strategy-v3,rYMM-2026-10-14-1,rYMM,RYMMUSDT,2026-10-14,2026-09-30T23:30:05+00:00,0.9656110633409246,0.18323952822276032,127,0.599132006895404,E0_RANGE,0.0,0.3,no pre-decision precedent,,1000,8.3,NO_SIGNAL,cash basis UNRESOLVED; gross basis required,,,,,,,,,
exnight-strategy-v3,rYMM-2026-10-14-1,rYMM,RYMMUSDT,2026-10-14,2026-09-30T23:30:05+00:00,0.9656110633409246,0.18323952822276032,127,0.599132006895404,E0_RANGE,0.0,0.3,no pre-decision precedent,,5000,8.3,NO_SIGNAL,cash basis UNRESOLVED; gross basis required,,,,,,,,,
exnight-strategy-v3,rYMM-2026-10-14-1,rYMM,RYMMUSDT,2026-10-14,2026-09-30T23:30:05+00:00,0.9656110633409246,0.18323952822276032,127,0.599132006895404,E0_RANGE,0.0,0.3,no pre-decision precedent,,25000,8.3,NO_SIGNAL,cash basis UNRESOLVED; gross basis required,,,,,,,,,
