event_id,symbol,spot_symbol,ex_date,notional_usd,gross_dividend,net_dividend,net_low,net_high,net_verified,basis,basis_tier,price,buy_price,price_label,fee_rate,fee_label,drop_ratio,drop_se,drop_label,cost_per_share,exit_edge_lower,exit_edge_point,exit_edge_lower_net_low,exit_edge_lower_net_high,exit_edge_lower_zero_net,buy_edge_point,verdict,buy,reason,sell_book_ts,sell_book_source,buy_book_ts,buy_book_source,rule
rAVGO-2026-06-22-1,rAVGO,RAVGOUSDT,2026-06-22,1000,0.65,0.455,0.455,0.455,True,GROSS,1,411.256,411.251,OBSERVED p_pre,0.0005,DOCUMENTED promotional 0.05% through 2026-08-31,0.007692307692300696,0.0,REALISED overnight_2000 PDR,1.1339780236982977,-1.5839780236983023,-1.5839780236983023,-1.5839780236983023,-1.5839780236983023,-1.1289780236983022,-0.6839780236982931,HOLD,SUPPRESSED: eligibility snapshot time unpublished,,2026-09-18T23:05:03.291954+00:00,public_book,2026-09-19T03:05:03.356996+00:00,public_book,
rAVGO-2026-06-22-1,rAVGO,RAVGOUSDT,2026-06-22,5000,0.65,0.455,0.455,0.455,True,GROSS,1,411.256,411.251,OBSERVED p_pre,0.0005,DOCUMENTED promotional 0.05% through 2026-08-31,0.007692307692300696,0.0,REALISED overnight_2000 PDR,2.1957389546425037,-2.6457389546425083,-2.6457389546425083,-2.6457389546425083,-2.6457389546425083,-2.1907389546425082,-1.745738954642499,HOLD,SUPPRESSED: eligibility snapshot time unpublished,,2026-09-18T23:05:03.291954+00:00,public_book,2026-09-19T03:05:03.356996+00:00,public_book,
rAVGO-2026-06-22-1,rAVGO,RAVGOUSDT,2026-06-22,25000,0.65,0.455,0.455,0.455,True,GROSS,1,411.256,411.251,OBSERVED p_pre,0.0005,DOCUMENTED promotional 0.05% through 2026-08-31,0.007692307692300696,0.0,REALISED overnight_2000 PDR,4.023189145595863,-4.4731891455958674,-4.4731891455958674,-4.4731891455958674,-4.4731891455958674,-4.018189145595867,-3.573189145595858,HOLD,SUPPRESSED: eligibility snapshot time unpublished,,2026-09-18T23:05:03.291954+00:00,public_book,2026-09-19T03:05:03.356996+00:00,public_book,
rAVL-2026-06-23-1,rAVL,RAVLUSDT,2026-06-23,1000,0.20039,0.140273,0.140273,0.140273,True,GROSS,1,48.23,48.21,OBSERVED p_pre,0.0005,DOCUMENTED promotional 0.05% through 2026-08-31,0.09980537950993572,0.0,REALISED overnight_2000 PDR,,,,,,,,NO_SIGNAL,SUPPRESSED: eligibility snapshot time unpublished,"sell: $1,000 exceeds visible top-of-book ($372) on ticker-only symbol; buy: $1,000 exceeds visible top-of-book ($38) on ticker-only symbol",2026-09-18T23:05:03.291954+00:00,ticker_only,2026-09-19T03:05:03.356996+00:00,ticker_only,
rAVL-2026-06-23-1,rAVL,RAVLUSDT,2026-06-23,5000,0.20039,0.140273,0.140273,0.140273,True,GROSS,1,48.23,48.21,OBSERVED p_pre,0.0005,DOCUMENTED promotional 0.05% through 2026-08-31,0.09980537950993572,0.0,REALISED overnight_2000 PDR,,,,,,,,NO_SIGNAL,SUPPRESSED: eligibility snapshot time unpublished,"sell: $5,000 exceeds visible top-of-book ($372) on ticker-only symbol; buy: $5,000 exceeds visible top-of-book ($38) on ticker-only symbol",2026-09-18T23:05:03.291954+00:00,ticker_only,2026-09-19T03:05:03.356996+00:00,ticker_only,
rAVL-2026-06-23-1,rAVL,RAVLUSDT,2026-06-23,25000,0.20039,0.140273,0.140273,0.140273,True,GROSS,1,48.23,48.21,OBSERVED p_pre,0.0005,DOCUMENTED promotional 0.05% through 2026-08-31,0.09980537950993572,0.0,REALISED overnight_2000 PDR,,,,,,,,NO_SIGNAL,SUPPRESSED: eligibility snapshot time unpublished,"sell: $25,000 exceeds visible top-of-book ($372) on ticker-only symbol; buy: $25,000 exceeds visible top-of-book ($38) on ticker-only symbol",2026-09-18T23:05:03.291954+00:00,ticker_only,2026-09-19T03:05:03.356996+00:00,ticker_only,
rBABA-2026-06-11-1,rBABA,RBABAUSDT,2026-06-11,1000,1.03,0.721,0.721,0.721,True,GROSS,1,114.98,114.63,OBSERVED p_pre,0.0005,DOCUMENTED promotional 0.05% through 2026-08-31,0.33980582524272673,0.0,REALISED overnight_2000 PDR,0.38667545836675915,-0.7576754583667507,-0.7576754583667507,-0.7576754583667507,-0.7576754583667507,-0.036675458366750624,-0.015675458366767703,HOLD,SUPPRESSED: eligibility snapshot time unpublished,,2026-09-18T23:05:03.291954+00:00,public_book,2026-09-19T03:05:03.356996+00:00,public_book,
rBABA-2026-06-11-1,rBABA,RBABAUSDT,2026-06-11,5000,1.03,0.721,0.721,0.721,True,GROSS,1,114.98,114.63,OBSERVED p_pre,0.0005,DOCUMENTED promotional 0.05% through 2026-08-31,0.33980582524272673,0.0,REALISED overnight_2000 PDR,0.5248228192606543,-0.8958228192606458,-0.8958228192606458,-0.8958228192606458,-0.8958228192606458,-0.1748228192606458,-0.15382281926066288,HOLD,SUPPRESSED: eligibility snapshot time unpublished,,2026-09-18T23:05:03.291954+00:00,public_book,2026-09-19T03:05:03.356996+00:00,public_book,
rBABA-2026-06-11-1,rBABA,RBABAUSDT,2026-06-11,25000,1.03,0.721,0.721,0.721,True,GROSS,1,114.98,114.63,OBSERVED p_pre,0.0005,DOCUMENTED promotional 0.05% through 2026-08-31,0.33980582524272673,0.0,REALISED overnight_2000 PDR,1.0003567904022352,-1.3713567904022268,-1.3713567904022268,-1.3713567904022268,-1.3713567904022268,-0.6503567904022267,-0.6293567904022438,HOLD,SUPPRESSED: eligibility snapshot time unpublished,,2026-09-18T23:05:03.291954+00:00,public_book,2026-09-19T03:05:03.356996+00:00,public_book,
rBITI-2026-07-01-1,rBITI,RBITIUSDT,2026-07-01,1000,1.448766,1.0141362,1.0141362,1.0141362,True,GROSS,1,29.16,27.73,OBSERVED p_pre,0.0005,DOCUMENTED promotional 0.05% through 2026-08-31,0.9870469075061119,0.0,REALISED overnight_2000 PDR,,,,,,,,NO_SIGNAL,SUPPRESSED: eligibility snapshot time unpublished,"sell: $1,000 exceeds visible top-of-book ($18) on ticker-only symbol",2026-09-18T23:05:03.291954+00:00,ticker_only,2026-09-19T03:05:03.356996+00:00,ticker_only,
rBITI-2026-07-01-1,rBITI,RBITIUSDT,2026-07-01,5000,1.448766,1.0141362,1.0141362,1.0141362,True,GROSS,1,29.16,27.73,OBSERVED p_pre,0.0005,DOCUMENTED promotional 0.05% through 2026-08-31,0.9870469075061119,0.0,REALISED overnight_2000 PDR,,,,,,,,NO_SIGNAL,SUPPRESSED: eligibility snapshot time unpublished,"sell: $5,000 exceeds visible top-of-book ($18) on ticker-only symbol; buy: $5,000 exceeds visible top-of-book ($1,977) on ticker-only symbol",2026-09-18T23:05:03.291954+00:00,ticker_only,2026-09-19T03:05:03.356996+00:00,ticker_only,
rBITI-2026-07-01-1,rBITI,RBITIUSDT,2026-07-01,25000,1.448766,1.0141362,1.0141362,1.0141362,True,GROSS,1,29.16,27.73,OBSERVED p_pre,0.0005,DOCUMENTED promotional 0.05% through 2026-08-31,0.9870469075061119,0.0,REALISED overnight_2000 PDR,,,,,,,,NO_SIGNAL,SUPPRESSED: eligibility snapshot time unpublished,"sell: $25,000 exceeds visible top-of-book ($18) on ticker-only symbol; buy: $25,000 exceeds visible top-of-book ($1,977) on ticker-only symbol",2026-09-18T23:05:03.291954+00:00,ticker_only,2026-09-19T03:05:03.356996+00:00,ticker_only,
rBITO-2026-07-01-1,rBITO,RBITOUSDT,2026-07-01,1000,0.010375,0.0072625,0.0072625,0.0072625,True,GROSS,1,7.945,7.94,OBSERVED p_pre,0.0005,DOCUMENTED promotional 0.05% through 2026-08-31,0.4819277108433632,0.0,REALISED overnight_2000 PDR,0.015235899105124687,-0.017498399105124796,-0.017498399105124796,-0.017498399105124796,-0.017498399105124796,-0.010235899105124794,-0.012973399105124581,HOLD,SUPPRESSED: eligibility snapshot time unpublished,,2026-09-18T23:05:03.291954+00:00,ticker_only,2026-09-19T03:05:03.356996+00:00,ticker_only,
rBITO-2026-07-01-1,rBITO,RBITOUSDT,2026-07-01,5000,0.010375,0.0072625,0.0072625,0.0072625,True,GROSS,1,7.945,7.94,OBSERVED p_pre,0.0005,DOCUMENTED promotional 0.05% through 2026-08-31,0.4819277108433632,0.0,REALISED overnight_2000 PDR,0.015235899105124687,-0.017498399105124796,-0.017498399105124796,-0.017498399105124796,-0.017498399105124796,-0.010235899105124794,-0.012973399105124581,HOLD,SUPPRESSED: eligibility snapshot time unpublished,,2026-09-18T23:05:03.291954+00:00,ticker_only,2026-09-19T03:05:03.356996+00:00,ticker_only,
rBITO-2026-07-01-1,rBITO,RBITOUSDT,2026-07-01,25000,0.010375,0.0072625,0.0072625,0.0072625,True,GROSS,1,7.945,7.94,OBSERVED p_pre,0.0005,DOCUMENTED promotional 0.05% through 2026-08-31,0.4819277108433632,0.0,REALISED overnight_2000 PDR,0.015235899105124687,-0.017498399105124796,-0.017498399105124796,-0.017498399105124796,-0.017498399105124796,-0.010235899105124794,-0.012973399105124581,HOLD,SUPPRESSED: eligibility snapshot time unpublished,,2026-09-18T23:05:03.291954+00:00,ticker_only,2026-09-19T03:05:03.356996+00:00,ticker_only,
rBITI-2026-08-03-1,rBITI,RBITIUSDT,2026-08-03,1000,1.32930505,0.930513535,0.930513535,1.32930505,False,GROSS,2,25.68,25.626,OBSERVED p_pre,0.0005,DOCUMENTED promotional 0.05% through 2026-08-31,0.04062272989935492,0.0,REALISED overnight_2000 PDR,,,,,,,,NO_SIGNAL,SUPPRESSED: eligibility snapshot time unpublished,"sell: $1,000 exceeds visible top-of-book ($18) on ticker-only symbol",2026-09-18T23:05:03.291954+00:00,ticker_only,2026-09-19T03:05:03.356996+00:00,ticker_only,
rBITI-2026-08-03-1,rBITI,RBITIUSDT,2026-08-03,5000,1.32930505,0.930513535,0.930513535,1.32930505,False,GROSS,2,25.68,25.626,OBSERVED p_pre,0.0005,DOCUMENTED promotional 0.05% through 2026-08-31,0.04062272989935492,0.0,REALISED overnight_2000 PDR,,,,,,,,NO_SIGNAL,SUPPRESSED: eligibility snapshot time unpublished,"sell: $5,000 exceeds visible top-of-book ($18) on ticker-only symbol; buy: $5,000 exceeds visible top-of-book ($1,977) on ticker-only symbol",2026-09-18T23:05:03.291954+00:00,ticker_only,2026-09-19T03:05:03.356996+00:00,ticker_only,
rBITI-2026-08-03-1,rBITI,RBITIUSDT,2026-08-03,25000,1.32930505,0.930513535,0.930513535,1.32930505,False,GROSS,2,25.68,25.626,OBSERVED p_pre,0.0005,DOCUMENTED promotional 0.05% through 2026-08-31,0.04062272989935492,0.0,REALISED overnight_2000 PDR,,,,,,,,NO_SIGNAL,SUPPRESSED: eligibility snapshot time unpublished,"sell: $25,000 exceeds visible top-of-book ($18) on ticker-only symbol; buy: $25,000 exceeds visible top-of-book ($1,977) on ticker-only symbol",2026-09-18T23:05:03.291954+00:00,ticker_only,2026-09-19T03:05:03.356996+00:00,ticker_only,
rBITO-2026-08-03-1,rBITO,RBITOUSDT,2026-08-03,1000,0.013749,0.0096243,0.0096243,0.013749,False,GROSS,2,8.51,8.51,OBSERVED p_pre,0.0005,DOCUMENTED promotional 0.05% through 2026-08-31,0.0,0.0,REALISED overnight_2000 PDR,0.016324523549779972,-0.025948823549779974,-0.025948823549779974,-0.025948823549779974,-0.030073523549779973,-0.016324523549779972,-0.0067002235497799715,HOLD,SUPPRESSED: eligibility snapshot time unpublished,,2026-09-18T23:05:03.291954+00:00,ticker_only,2026-09-19T03:05:03.356996+00:00,ticker_only,
rBITO-2026-08-03-1,rBITO,RBITOUSDT,2026-08-03,5000,0.013749,0.0096243,0.0096243,0.013749,False,GROSS,2,8.51,8.51,OBSERVED p_pre,0.0005,DOCUMENTED promotional 0.05% through 2026-08-31,0.0,0.0,REALISED overnight_2000 PDR,0.016324523549779972,-0.025948823549779974,-0.025948823549779974,-0.025948823549779974,-0.030073523549779973,-0.016324523549779972,-0.0067002235497799715,HOLD,SUPPRESSED: eligibility snapshot time unpublished,,2026-09-18T23:05:03.291954+00:00,ticker_only,2026-09-19T03:05:03.356996+00:00,ticker_only,
rBITO-2026-08-03-1,rBITO,RBITOUSDT,2026-08-03,25000,0.013749,0.0096243,0.0096243,0.013749,False,GROSS,2,8.51,8.51,OBSERVED p_pre,0.0005,DOCUMENTED promotional 0.05% through 2026-08-31,0.0,0.0,REALISED overnight_2000 PDR,0.016324523549779972,-0.025948823549779974,-0.025948823549779974,-0.025948823549779974,-0.030073523549779973,-0.016324523549779972,-0.0067002235497799715,HOLD,SUPPRESSED: eligibility snapshot time unpublished,,2026-09-18T23:05:03.291954+00:00,ticker_only,2026-09-19T03:05:03.356996+00:00,ticker_only,
rBITI-2026-09-01-1,rBITI,RBITIUSDT,2026-09-01,1000,0.376238,0.2633666,0.2633666,0.376238,False,GROSS,2,19.33,19.02,OBSERVED p_pre,0.001,OBSERVED live symbol takerFeeRate,0.8239465444745048,0.0,REALISED overnight_2000 PDR,,,,,,,,NO_SIGNAL,SUPPRESSED: eligibility snapshot time unpublished,"sell: $1,000 exceeds visible top-of-book ($18) on ticker-only symbol",2026-09-18T23:05:03.291954+00:00,ticker_only,2026-09-19T03:05:03.356996+00:00,ticker_only,
rBITI-2026-09-01-1,rBITI,RBITIUSDT,2026-09-01,5000,0.376238,0.2633666,0.2633666,0.376238,False,GROSS,2,19.33,19.02,OBSERVED p_pre,0.001,OBSERVED live symbol takerFeeRate,0.8239465444745048,0.0,REALISED overnight_2000 PDR,,,,,,,,NO_SIGNAL,SUPPRESSED: eligibility snapshot time unpublished,"sell: $5,000 exceeds visible top-of-book ($18) on ticker-only symbol; buy: $5,000 exceeds visible top-of-book ($1,977) on ticker-only symbol",2026-09-18T23:05:03.291954+00:00,ticker_only,2026-09-19T03:05:03.356996+00:00,ticker_only,
rBITI-2026-09-01-1,rBITI,RBITIUSDT,2026-09-01,25000,0.376238,0.2633666,0.2633666,0.376238,False,GROSS,2,19.33,19.02,OBSERVED p_pre,0.001,OBSERVED live symbol takerFeeRate,0.8239465444745048,0.0,REALISED overnight_2000 PDR,,,,,,,,NO_SIGNAL,SUPPRESSED: eligibility snapshot time unpublished,"sell: $25,000 exceeds visible top-of-book ($18) on ticker-only symbol; buy: $25,000 exceeds visible top-of-book ($1,977) on ticker-only symbol",2026-09-18T23:05:03.291954+00:00,ticker_only,2026-09-19T03:05:03.356996+00:00,ticker_only,
rBITO-2026-09-01-1,rBITO,RBITOUSDT,2026-09-01,1000,0.01081,0.007567,0.007567,0.01081,False,GROSS,2,10.585,10.57,OBSERVED p_pre,0.001,OBSERVED live symbol takerFeeRate,1.3876040703053254,0.0,REALISED overnight_2000 PDR,0.03086804842764378,-0.023435048427643212,-0.023435048427643212,-0.023435048427643212,-0.026678048427643212,-0.01586804842764321,-0.03830104842764435,HOLD,SUPPRESSED: eligibility snapshot time unpublished,,2026-09-18T23:05:03.291954+00:00,ticker_only,2026-09-19T03:05:03.356996+00:00,ticker_only,
rBITO-2026-09-01-1,rBITO,RBITOUSDT,2026-09-01,5000,0.01081,0.007567,0.007567,0.01081,False,GROSS,2,10.585,10.57,OBSERVED p_pre,0.001,OBSERVED live symbol takerFeeRate,1.3876040703053254,0.0,REALISED overnight_2000 PDR,0.03086804842764378,-0.023435048427643212,-0.023435048427643212,-0.023435048427643212,-0.026678048427643212,-0.01586804842764321,-0.03830104842764435,HOLD,SUPPRESSED: eligibility snapshot time unpublished,,2026-09-18T23:05:03.291954+00:00,ticker_only,2026-09-19T03:05:03.356996+00:00,ticker_only,
rBITO-2026-09-01-1,rBITO,RBITOUSDT,2026-09-01,25000,0.01081,0.007567,0.007567,0.01081,False,GROSS,2,10.585,10.57,OBSERVED p_pre,0.001,OBSERVED live symbol takerFeeRate,1.3876040703053254,0.0,REALISED overnight_2000 PDR,0.03086804842764378,-0.023435048427643212,-0.023435048427643212,-0.023435048427643212,-0.026678048427643212,-0.01586804842764321,-0.03830104842764435,HOLD,SUPPRESSED: eligibility snapshot time unpublished,,2026-09-18T23:05:03.291954+00:00,ticker_only,2026-09-19T03:05:03.356996+00:00,ticker_only,
rBOTZ-2026-06-29-1,rBOTZ,RBOTZUSDT,2026-06-29,1000,0.017986,0.0125902,0.0125902,0.0125902,True,GROSS,1,36.49,36.49,OBSERVED p_pre,0.0005,DOCUMENTED promotional 0.05% through 2026-08-31,0.0,0.0,REALISED overnight_2000 PDR,,,,,,,,NO_SIGNAL,SUPPRESSED: eligibility snapshot time unpublished,"sell: $1,000 exceeds visible top-of-book ($70) on ticker-only symbol",2026-09-18T23:05:03.291954+00:00,ticker_only,2026-09-19T03:05:03.356996+00:00,ticker_only,
rBOTZ-2026-06-29-1,rBOTZ,RBOTZUSDT,2026-06-29,5000,0.017986,0.0125902,0.0125902,0.0125902,True,GROSS,1,36.49,36.49,OBSERVED p_pre,0.0005,DOCUMENTED promotional 0.05% through 2026-08-31,0.0,0.0,REALISED overnight_2000 PDR,,,,,,,,NO_SIGNAL,SUPPRESSED: eligibility snapshot time unpublished,"sell: $5,000 exceeds visible top-of-book ($70) on ticker-only symbol; buy: $5,000 exceeds visible top-of-book ($3,517) on ticker-only symbol",2026-09-18T23:05:03.291954+00:00,ticker_only,2026-09-19T03:05:03.356996+00:00,ticker_only,
rBOTZ-2026-06-29-1,rBOTZ,RBOTZUSDT,2026-06-29,25000,0.017986,0.0125902,0.0125902,0.0125902,True,GROSS,1,36.49,36.49,OBSERVED p_pre,0.0005,DOCUMENTED promotional 0.05% through 2026-08-31,0.0,0.0,REALISED overnight_2000 PDR,,,,,,,,NO_SIGNAL,SUPPRESSED: eligibility snapshot time unpublished,"sell: $25,000 exceeds visible top-of-book ($70) on ticker-only symbol; buy: $25,000 exceeds visible top-of-book ($3,517) on ticker-only symbol",2026-09-18T23:05:03.291954+00:00,ticker_only,2026-09-19T03:05:03.356996+00:00,ticker_only,
rCLOI-2026-07-01-1,rCLOI,RCLOIUSDT,2026-07-01,1000,0.2051,0.14357,0.14357,0.14357,True,GROSS,1,52.95,52.757,OBSERVED p_pre,0.0005,DOCUMENTED promotional 0.05% through 2026-08-31,0.9410043881033883,0.0,REALISED overnight_2000 PDR,,,,,,,,NO_SIGNAL,SUPPRESSED: eligibility snapshot time unpublished,"sell: $1,000 exceeds visible top-of-book ($529) on ticker-only symbol",2026-09-18T23:05:03.291954+00:00,ticker_only,2026-09-19T03:05:03.356996+00:00,ticker_only,
rCLOI-2026-07-01-1,rCLOI,RCLOIUSDT,2026-07-01,5000,0.2051,0.14357,0.14357,0.14357,True,GROSS,1,52.95,52.757,OBSERVED p_pre,0.0005,DOCUMENTED promotional 0.05% through 2026-08-31,0.9410043881033883,0.0,REALISED overnight_2000 PDR,,,,,,,,NO_SIGNAL,SUPPRESSED: eligibility snapshot time unpublished,"sell: $5,000 exceeds visible top-of-book ($529) on ticker-only symbol",2026-09-18T23:05:03.291954+00:00,ticker_only,2026-09-19T03:05:03.356996+00:00,ticker_only,
rCLOI-2026-07-01-1,rCLOI,RCLOIUSDT,2026-07-01,25000,0.2051,0.14357,0.14357,0.14357,True,GROSS,1,52.95,52.757,OBSERVED p_pre,0.0005,DOCUMENTED promotional 0.05% through 2026-08-31,0.9410043881033883,0.0,REALISED overnight_2000 PDR,,,,,,,,NO_SIGNAL,SUPPRESSED: eligibility snapshot time unpublished,"sell: $25,000 exceeds visible top-of-book ($529) on ticker-only symbol; buy: $25,000 exceeds visible top-of-book ($5,749) on ticker-only symbol",2026-09-18T23:05:03.291954+00:00,ticker_only,2026-09-19T03:05:03.356996+00:00,ticker_only,
rCMCSA-2026-07-01-1,rCMCSA,RCMCSAUSDT,2026-07-01,1000,0.33,0.231,0.231,0.231,True,GROSS,1,24.585,24.51,OBSERVED p_pre,0.0005,DOCUMENTED promotional 0.05% through 2026-08-31,0.2272727272727251,0.0,REALISED overnight_2000 PDR,,,,,,,,NO_SIGNAL,SUPPRESSED: eligibility snapshot time unpublished,"sell: $1,000 exceeds visible top-of-book ($410) on ticker-only symbol",2026-09-18T23:05:03.291954+00:00,ticker_only,2026-09-19T03:05:03.356996+00:00,ticker_only,
rCMCSA-2026-07-01-1,rCMCSA,RCMCSAUSDT,2026-07-01,5000,0.33,0.231,0.231,0.231,True,GROSS,1,24.585,24.51,OBSERVED p_pre,0.0005,DOCUMENTED promotional 0.05% through 2026-08-31,0.2272727272727251,0.0,REALISED overnight_2000 PDR,,,,,,,,NO_SIGNAL,SUPPRESSED: eligibility snapshot time unpublished,"sell: $5,000 exceeds visible top-of-book ($410) on ticker-only symbol; buy: $5,000 exceeds visible top-of-book ($2,295) on ticker-only symbol",2026-09-18T23:05:03.291954+00:00,ticker_only,2026-09-19T03:05:03.356996+00:00,ticker_only,
rCMCSA-2026-07-01-1,rCMCSA,RCMCSAUSDT,2026-07-01,25000,0.33,0.231,0.231,0.231,True,GROSS,1,24.585,24.51,OBSERVED p_pre,0.0005,DOCUMENTED promotional 0.05% through 2026-08-31,0.2272727272727251,0.0,REALISED overnight_2000 PDR,,,,,,,,NO_SIGNAL,SUPPRESSED: eligibility snapshot time unpublished,"sell: $25,000 exceeds visible top-of-book ($410) on ticker-only symbol; buy: $25,000 exceeds visible top-of-book ($2,295) on ticker-only symbol",2026-09-18T23:05:03.291954+00:00,ticker_only,2026-09-19T03:05:03.356996+00:00,ticker_only,
rCLOI-2026-08-03-1,rCLOI,RCLOIUSDT,2026-08-03,1000,0.21529999,0.150709993,0.150709993,0.21529999,False,GROSS,2,52.9,52.949,OBSERVED p_pre,0.0005,DOCUMENTED promotional 0.05% through 2026-08-31,-0.22758942069620852,0.0,REALISED overnight_2000 PDR,,,,,,,,NO_SIGNAL,SUPPRESSED: eligibility snapshot time unpublished,"sell: $1,000 exceeds visible top-of-book ($529) on ticker-only symbol",2026-09-18T23:05:03.291954+00:00,ticker_only,2026-09-19T03:05:03.356996+00:00,ticker_only,
rCLOI-2026-08-03-1,rCLOI,RCLOIUSDT,2026-08-03,5000,0.21529999,0.150709993,0.150709993,0.21529999,False,GROSS,2,52.9,52.949,OBSERVED p_pre,0.0005,DOCUMENTED promotional 0.05% through 2026-08-31,-0.22758942069620852,0.0,REALISED overnight_2000 PDR,,,,,,,,NO_SIGNAL,SUPPRESSED: eligibility snapshot time unpublished,"sell: $5,000 exceeds visible top-of-book ($529) on ticker-only symbol",2026-09-18T23:05:03.291954+00:00,ticker_only,2026-09-19T03:05:03.356996+00:00,ticker_only,
rCLOI-2026-08-03-1,rCLOI,RCLOIUSDT,2026-08-03,25000,0.21529999,0.150709993,0.150709993,0.21529999,False,GROSS,2,52.9,52.949,OBSERVED p_pre,0.0005,DOCUMENTED promotional 0.05% through 2026-08-31,-0.22758942069620852,0.0,REALISED overnight_2000 PDR,,,,,,,,NO_SIGNAL,SUPPRESSED: eligibility snapshot time unpublished,"sell: $25,000 exceeds visible top-of-book ($529) on ticker-only symbol; buy: $25,000 exceeds visible top-of-book ($5,749) on ticker-only symbol",2026-09-18T23:05:03.291954+00:00,ticker_only,2026-09-19T03:05:03.356996+00:00,ticker_only,
rCLOI-2026-09-01-1,rCLOI,RCLOIUSDT,2026-09-01,1000,0.2247,0.15729,0.15728999999999999,0.2247,False,GROSS,2,52.98,52.98,OBSERVED p_pre,0.001,OBSERVED live symbol takerFeeRate,0.0,0.0,REALISED overnight_2000 PDR,,,,,,,,NO_SIGNAL,SUPPRESSED: eligibility snapshot time unpublished,"sell: $1,000 exceeds visible top-of-book ($529) on ticker-only symbol",2026-09-18T23:05:03.291954+00:00,ticker_only,2026-09-19T03:05:03.356996+00:00,ticker_only,
rCLOI-2026-09-01-1,rCLOI,RCLOIUSDT,2026-09-01,5000,0.2247,0.15729,0.15728999999999999,0.2247,False,GROSS,2,52.98,52.98,OBSERVED p_pre,0.001,OBSERVED live symbol takerFeeRate,0.0,0.0,REALISED overnight_2000 PDR,,,,,,,,NO_SIGNAL,SUPPRESSED: eligibility snapshot time unpublished,"sell: $5,000 exceeds visible top-of-book ($529) on ticker-only symbol",2026-09-18T23:05:03.291954+00:00,ticker_only,2026-09-19T03:05:03.356996+00:00,ticker_only,
rCLOI-2026-09-01-1,rCLOI,RCLOIUSDT,2026-09-01,25000,0.2247,0.15729,0.15728999999999999,0.2247,False,GROSS,2,52.98,52.98,OBSERVED p_pre,0.001,OBSERVED live symbol takerFeeRate,0.0,0.0,REALISED overnight_2000 PDR,,,,,,,,NO_SIGNAL,SUPPRESSED: eligibility snapshot time unpublished,"sell: $25,000 exceeds visible top-of-book ($529) on ticker-only symbol; buy: $25,000 exceeds visible top-of-book ($5,749) on ticker-only symbol",2026-09-18T23:05:03.291954+00:00,ticker_only,2026-09-19T03:05:03.356996+00:00,ticker_only,
rCOPX-2026-06-29-1,rCOPX,RCOPXUSDT,2026-06-29,1000,0.257976,0.1805832,0.1805832,0.1805832,True,GROSS,1,76.525,76.29,OBSERVED p_pre,0.0005,DOCUMENTED promotional 0.05% through 2026-08-31,0.9109374515458781,0.0,REALISED overnight_2000 PDR,,,,,,,,NO_SIGNAL,SUPPRESSED: eligibility snapshot time unpublished,"sell: $1,000 exceeds visible top-of-book ($862) on ticker-only symbol",2026-09-18T23:05:03.291954+00:00,ticker_only,2026-09-19T03:05:03.356996+00:00,ticker_only,
rCOPX-2026-06-29-1,rCOPX,RCOPXUSDT,2026-06-29,5000,0.257976,0.1805832,0.1805832,0.1805832,True,GROSS,1,76.525,76.29,OBSERVED p_pre,0.0005,DOCUMENTED promotional 0.05% through 2026-08-31,0.9109374515458781,0.0,REALISED overnight_2000 PDR,,,,,,,,NO_SIGNAL,SUPPRESSED: eligibility snapshot time unpublished,"sell: $5,000 exceeds visible top-of-book ($862) on ticker-only symbol",2026-09-18T23:05:03.291954+00:00,ticker_only,2026-09-19T03:05:03.356996+00:00,ticker_only,
rCOPX-2026-06-29-1,rCOPX,RCOPXUSDT,2026-06-29,25000,0.257976,0.1805832,0.1805832,0.1805832,True,GROSS,1,76.525,76.29,OBSERVED p_pre,0.0005,DOCUMENTED promotional 0.05% through 2026-08-31,0.9109374515458781,0.0,REALISED overnight_2000 PDR,,,,,,,,NO_SIGNAL,SUPPRESSED: eligibility snapshot time unpublished,"sell: $25,000 exceeds visible top-of-book ($862) on ticker-only symbol",2026-09-18T23:05:03.291954+00:00,ticker_only,2026-09-19T03:05:03.356996+00:00,ticker_only,
rCRM-2026-06-11-1,rCRM,RCRMUSDT,2026-06-11,1000,0.44,0.308,0.308,0.308,True,GROSS,1,170.125,171.02,OBSERVED p_pre,0.0005,DOCUMENTED promotional 0.05% through 2026-08-31,-2.0340909090909323,0.0,REALISED overnight_2000 PDR,0.32454868193121933,-1.5275486819312296,-1.5275486819312296,-1.5275486819312296,-1.5275486819312296,-1.2195486819312296,0.878451318068791,HOLD,SUPPRESSED: eligibility snapshot time unpublished,,2026-09-18T23:05:03.291954+00:00,ticker_only,2026-09-19T03:05:03.356996+00:00,ticker_only,
rCRM-2026-06-11-1,rCRM,RCRMUSDT,2026-06-11,5000,0.44,0.308,0.308,0.308,True,GROSS,1,170.125,171.02,OBSERVED p_pre,0.0005,DOCUMENTED promotional 0.05% through 2026-08-31,-2.0340909090909323,0.0,REALISED overnight_2000 PDR,0.32454868193121933,-1.5275486819312296,-1.5275486819312296,-1.5275486819312296,-1.5275486819312296,-1.2195486819312296,0.878451318068791,HOLD,SUPPRESSED: eligibility snapshot time unpublished,,2026-09-18T23:05:03.291954+00:00,ticker_only,2026-09-19T03:05:03.356996+00:00,ticker_only,
rCRM-2026-06-11-1,rCRM,RCRMUSDT,2026-06-11,25000,0.44,0.308,0.308,0.308,True,GROSS,1,170.125,171.02,OBSERVED p_pre,0.0005,DOCUMENTED promotional 0.05% through 2026-08-31,-2.0340909090909323,0.0,REALISED overnight_2000 PDR,0.32454868193121933,-1.5275486819312296,-1.5275486819312296,-1.5275486819312296,-1.5275486819312296,-1.2195486819312296,0.878451318068791,HOLD,SUPPRESSED: eligibility snapshot time unpublished,,2026-09-18T23:05:03.291954+00:00,ticker_only,2026-09-19T03:05:03.356996+00:00,ticker_only,
rCRCA-2026-06-24-1,rCRCA,RCRCAUSDT,2026-06-24,1000,0.181138,0.1267966,0.1267966,0.1267966,True,GROSS,1,20.24,20.36,OBSERVED p_pre,0.0005,DOCUMENTED promotional 0.05% through 2026-08-31,-0.6624783314379147,0.0,REALISED overnight_2000 PDR,,,,,,,,NO_SIGNAL,SUPPRESSED: eligibility snapshot time unpublished,"sell: $1,000 exceeds visible top-of-book ($22) on ticker-only symbol",2026-09-18T23:05:03.291954+00:00,ticker_only,2026-09-19T03:05:03.356996+00:00,ticker_only,
rCRCA-2026-06-24-1,rCRCA,RCRCAUSDT,2026-06-24,5000,0.181138,0.1267966,0.1267966,0.1267966,True,GROSS,1,20.24,20.36,OBSERVED p_pre,0.0005,DOCUMENTED promotional 0.05% through 2026-08-31,-0.6624783314379147,0.0,REALISED overnight_2000 PDR,,,,,,,,NO_SIGNAL,SUPPRESSED: eligibility snapshot time unpublished,"sell: $5,000 exceeds visible top-of-book ($22) on ticker-only symbol; buy: $5,000 exceeds visible top-of-book ($2,223) on ticker-only symbol",2026-09-18T23:05:03.291954+00:00,ticker_only,2026-09-19T03:05:03.356996+00:00,ticker_only,
rCRCA-2026-06-24-1,rCRCA,RCRCAUSDT,2026-06-24,25000,0.181138,0.1267966,0.1267966,0.1267966,True,GROSS,1,20.24,20.36,OBSERVED p_pre,0.0005,DOCUMENTED promotional 0.05% through 2026-08-31,-0.6624783314379147,0.0,REALISED overnight_2000 PDR,,,,,,,,NO_SIGNAL,SUPPRESSED: eligibility snapshot time unpublished,"sell: $25,000 exceeds visible top-of-book ($22) on ticker-only symbol; buy: $25,000 exceeds visible top-of-book ($2,223) on ticker-only symbol",2026-09-18T23:05:03.291954+00:00,ticker_only,2026-09-19T03:05:03.356996+00:00,ticker_only,
rCSCO-2026-07-06-1,rCSCO,RCSCOUSDT,2026-07-06,1000,0.42,0.294,0.294,0.294,True,GROSS,1,112.465,113.59,OBSERVED p_pre,0.0005,DOCUMENTED promotional 0.05% through 2026-08-31,-2.678571428571429,0.0,REALISED overnight_2000 PDR,0.2917407586400232,-1.7107407586400232,-1.7107407586400232,-1.7107407586400232,-1.7107407586400232,-1.4167407586400231,1.127259241359977,HOLD,SUPPRESSED: eligibility snapshot time unpublished,,2026-09-18T23:05:03.291954+00:00,public_book,2026-09-19T03:05:03.356996+00:00,public_book,
rCSCO-2026-07-06-1,rCSCO,RCSCOUSDT,2026-07-06,5000,0.42,0.294,0.294,0.294,True,GROSS,1,112.465,113.59,OBSERVED p_pre,0.0005,DOCUMENTED promotional 0.05% through 2026-08-31,-2.678571428571429,0.0,REALISED overnight_2000 PDR,0.5702889810953781,-1.989288981095378,-1.989288981095378,-1.989288981095378,-1.989288981095378,-1.695288981095378,0.848711018904622,HOLD,SUPPRESSED: eligibility snapshot time unpublished,,2026-09-18T23:05:03.291954+00:00,public_book,2026-09-19T03:05:03.356996+00:00,public_book,
rCSCO-2026-07-06-1,rCSCO,RCSCOUSDT,2026-07-06,25000,0.42,0.294,0.294,0.294,True,GROSS,1,112.465,113.59,OBSERVED p_pre,0.0005,DOCUMENTED promotional 0.05% through 2026-08-31,-2.678571428571429,0.0,REALISED overnight_2000 PDR,1.0873962211732797,-2.5063962211732798,-2.5063962211732798,-2.5063962211732798,-2.5063962211732798,-2.2123962211732797,0.3316037788267203,HOLD,SUPPRESSED: eligibility snapshot time unpublished,,2026-09-18T23:05:03.291954+00:00,public_book,2026-09-19T03:05:03.356996+00:00,public_book,
rDGRW-2026-06-25-1,rDGRW,RDGRWUSDT,2026-06-25,1000,0.16,0.112,0.112,0.112,True,GROSS,1,94.859,94.67,OBSERVED p_pre,0.0005,DOCUMENTED promotional 0.05% through 2026-08-31,1.181249999999956,0.0,REALISED overnight_2000 PDR,0.6502532324788838,-0.5732532324788908,-0.5732532324788908,-0.5732532324788908,-0.5732532324788908,-0.46125323247889083,-0.7272532324788767,HOLD,SUPPRESSED: eligibility snapshot time unpublished,,2026-09-18T23:05:03.291954+00:00,ticker_only,2026-09-19T03:05:03.356996+00:00,ticker_only,
rDGRW-2026-06-25-1,rDGRW,RDGRWUSDT,2026-06-25,5000,0.16,0.112,0.112,0.112,True,GROSS,1,94.859,94.67,OBSERVED p_pre,0.0005,DOCUMENTED promotional 0.05% through 2026-08-31,1.181249999999956,0.0,REALISED overnight_2000 PDR,0.6502532324788838,-0.5732532324788908,-0.5732532324788908,-0.5732532324788908,-0.5732532324788908,-0.46125323247889083,-0.7272532324788767,HOLD,SUPPRESSED: eligibility snapshot time unpublished,,2026-09-18T23:05:03.291954+00:00,ticker_only,2026-09-19T03:05:03.356996+00:00,ticker_only,
rDGRW-2026-06-25-1,rDGRW,RDGRWUSDT,2026-06-25,25000,0.16,0.112,0.112,0.112,True,GROSS,1,94.859,94.67,OBSERVED p_pre,0.0005,DOCUMENTED promotional 0.05% through 2026-08-31,1.181249999999956,0.0,REALISED overnight_2000 PDR,0.6502532324788838,-0.5732532324788908,-0.5732532324788908,-0.5732532324788908,-0.5732532324788908,-0.46125323247889083,-0.7272532324788767,HOLD,SUPPRESSED: eligibility snapshot time unpublished,,2026-09-18T23:05:03.291954+00:00,ticker_only,2026-09-19T03:05:03.356996+00:00,ticker_only,
rDIS-2026-06-30-1,rDIS,RDISUSDT,2026-06-30,1000,0.75,0.525,0.525,0.525,True,GROSS,1,98.705,98.02,OBSERVED p_pre,0.0005,DOCUMENTED promotional 0.05% through 2026-08-31,0.9133333333333363,0.0,REALISED overnight_2000 PDR,0.24154292466303895,-0.0815429246630367,-0.0815429246630367,-0.0815429246630367,-0.0815429246630367,0.4434570753369633,-0.4015429246630412,HOLD,SUPPRESSED: eligibility snapshot time unpublished,,2026-09-18T23:05:03.291954+00:00,ticker_only,2026-09-19T03:05:03.356996+00:00,ticker_only,
rDIS-2026-06-30-1,rDIS,RDISUSDT,2026-06-30,5000,0.75,0.525,0.525,0.525,True,GROSS,1,98.705,98.02,OBSERVED p_pre,0.0005,DOCUMENTED promotional 0.05% through 2026-08-31,0.9133333333333363,0.0,REALISED overnight_2000 PDR,0.24154292466303895,-0.0815429246630367,-0.0815429246630367,-0.0815429246630367,-0.0815429246630367,0.4434570753369633,-0.4015429246630412,HOLD,SUPPRESSED: eligibility snapshot time unpublished,,2026-09-18T23:05:03.291954+00:00,ticker_only,2026-09-19T03:05:03.356996+00:00,ticker_only,
rDIS-2026-06-30-1,rDIS,RDISUSDT,2026-06-30,25000,0.75,0.525,0.525,0.525,True,GROSS,1,98.705,98.02,OBSERVED p_pre,0.0005,DOCUMENTED promotional 0.05% through 2026-08-31,0.9133333333333363,0.0,REALISED overnight_2000 PDR,,,,,,,,NO_SIGNAL,SUPPRESSED: eligibility snapshot time unpublished,"sell: $25,000 exceeds visible top-of-book ($10,475) on ticker-only symbol; buy: $25,000 exceeds visible top-of-book ($24,399) on ticker-only symbol",2026-09-18T23:05:03.291954+00:00,ticker_only,2026-09-19T03:05:03.356996+00:00,ticker_only,
rDGRW-2026-07-28-1,rDGRW,RDGRWUSDT,2026-07-28,1000,0.065,0.0455,0.0455,0.065,False,GROSS,2,95.656,95.5,OBSERVED p_pre,0.0005,DOCUMENTED promotional 0.05% through 2026-08-31,2.400000000000091,0.0,REALISED overnight_2000 PDR,0.6558273272098197,-0.5453273272098138,-0.5453273272098138,-0.5453273272098138,-0.5648273272098139,-0.4998273272098138,-0.7663273272098257,HOLD,SUPPRESSED: eligibility snapshot time unpublished,,2026-09-18T23:05:03.291954+00:00,ticker_only,2026-09-19T03:05:03.356996+00:00,ticker_only,
rDGRW-2026-07-28-1,rDGRW,RDGRWUSDT,2026-07-28,5000,0.065,0.0455,0.0455,0.065,False,GROSS,2,95.656,95.5,OBSERVED p_pre,0.0005,DOCUMENTED promotional 0.05% through 2026-08-31,2.400000000000091,0.0,REALISED overnight_2000 PDR,0.6558273272098197,-0.5453273272098138,-0.5453273272098138,-0.5453273272098138,-0.5648273272098139,-0.4998273272098138,-0.7663273272098257,HOLD,SUPPRESSED: eligibility snapshot time unpublished,,2026-09-18T23:05:03.291954+00:00,ticker_only,2026-09-19T03:05:03.356996+00:00,ticker_only,
rDGRW-2026-07-28-1,rDGRW,RDGRWUSDT,2026-07-28,25000,0.065,0.0455,0.0455,0.065,False,GROSS,2,95.656,95.5,OBSERVED p_pre,0.0005,DOCUMENTED promotional 0.05% through 2026-08-31,2.400000000000091,0.0,REALISED overnight_2000 PDR,0.6558273272098197,-0.5453273272098138,-0.5453273272098138,-0.5453273272098138,-0.5648273272098139,-0.4998273272098138,-0.7663273272098257,HOLD,SUPPRESSED: eligibility snapshot time unpublished,,2026-09-18T23:05:03.291954+00:00,ticker_only,2026-09-19T03:05:03.356996+00:00,ticker_only,
rDGRW-2026-08-26-1,rDGRW,RDGRWUSDT,2026-08-26,1000,0.055,0.0385,0.0385,0.055,False,GROSS,2,100.989,99.41,OBSERVED p_pre,0.0005,DOCUMENTED promotional 0.05% through 2026-08-31,28.70909090909105,0.0,REALISED overnight_2000 PDR,0.6878642515871642,0.8526357484128435,0.8526357484128435,0.8526357484128435,0.8361357484128435,0.8911357484128435,-2.228364251587172,EXIT,SUPPRESSED: eligibility snapshot time unpublished,,2026-09-18T23:05:03.291954+00:00,ticker_only,2026-09-19T03:05:03.356996+00:00,ticker_only,
rDGRW-2026-08-26-1,rDGRW,RDGRWUSDT,2026-08-26,5000,0.055,0.0385,0.0385,0.055,False,GROSS,2,100.989,99.41,OBSERVED p_pre,0.0005,DOCUMENTED promotional 0.05% through 2026-08-31,28.70909090909105,0.0,REALISED overnight_2000 PDR,0.6878642515871642,0.8526357484128435,0.8526357484128435,0.8526357484128435,0.8361357484128435,0.8911357484128435,-2.228364251587172,EXIT,SUPPRESSED: eligibility snapshot time unpublished,,2026-09-18T23:05:03.291954+00:00,ticker_only,2026-09-19T03:05:03.356996+00:00,ticker_only,
rDGRW-2026-08-26-1,rDGRW,RDGRWUSDT,2026-08-26,25000,0.055,0.0385,0.0385,0.055,False,GROSS,2,100.989,99.41,OBSERVED p_pre,0.0005,DOCUMENTED promotional 0.05% through 2026-08-31,28.70909090909105,0.0,REALISED overnight_2000 PDR,0.6878642515871642,0.8526357484128435,0.8526357484128435,0.8526357484128435,0.8361357484128435,0.8911357484128435,-2.228364251587172,EXIT,SUPPRESSED: eligibility snapshot time unpublished,,2026-09-18T23:05:03.291954+00:00,ticker_only,2026-09-19T03:05:03.356996+00:00,ticker_only,
rFLQL-2026-06-26-1,rFLQL,RFLQLUSDT,2026-06-26,1000,0.2235,0.15645,0.15645,0.15645,True,GROSS,1,76.911,76.91,OBSERVED p_pre,0.0005,DOCUMENTED promotional 0.05% through 2026-08-31,0.0044742729306701335,0.0,REALISED overnight_2000 PDR,21.729850707365934,-21.88530070736593,-21.88530070736593,-21.88530070736593,-21.88530070736593,-21.72885070736593,-21.57440070736594,HOLD,SUPPRESSED: eligibility snapshot time unpublished,,2026-09-18T23:05:03.291954+00:00,ticker_only,2026-09-19T03:05:03.356996+00:00,ticker_only,
rFLQL-2026-06-26-1,rFLQL,RFLQLUSDT,2026-06-26,5000,0.2235,0.15645,0.15645,0.15645,True,GROSS,1,76.911,76.91,OBSERVED p_pre,0.0005,DOCUMENTED promotional 0.05% through 2026-08-31,0.0044742729306701335,0.0,REALISED overnight_2000 PDR,21.729850707365934,-21.88530070736593,-21.88530070736593,-21.88530070736593,-21.88530070736593,-21.72885070736593,-21.57440070736594,HOLD,SUPPRESSED: eligibility snapshot time unpublished,,2026-09-18T23:05:03.291954+00:00,ticker_only,2026-09-19T03:05:03.356996+00:00,ticker_only,
rFLQL-2026-06-26-1,rFLQL,RFLQLUSDT,2026-06-26,25000,0.2235,0.15645,0.15645,0.15645,True,GROSS,1,76.911,76.91,OBSERVED p_pre,0.0005,DOCUMENTED promotional 0.05% through 2026-08-31,0.0044742729306701335,0.0,REALISED overnight_2000 PDR,,,,,,,,NO_SIGNAL,SUPPRESSED: eligibility snapshot time unpublished,"sell: $25,000 exceeds visible top-of-book ($6,754) on ticker-only symbol; buy: $25,000 exceeds visible top-of-book ($8,967) on ticker-only symbol",2026-09-18T23:05:03.291954+00:00,ticker_only,2026-09-19T03:05:03.356996+00:00,ticker_only,
rFTGC-2026-06-25-1,rFTGC,RFTGCUSDT,2026-06-25,1000,0.1691,0.11837,0.11837,0.11837,True,GROSS,1,26.966,26.965,OBSERVED p_pre,0.0005,DOCUMENTED promotional 0.05% through 2026-08-31,0.005913660555891319,0.0,REALISED overnight_2000 PDR,,,,,,,,NO_SIGNAL,SUPPRESSED: eligibility snapshot time unpublished,"sell: $1,000 exceeds visible top-of-book ($31) on ticker-only symbol",2026-09-18T23:05:03.291954+00:00,ticker_only,2026-09-19T03:05:03.356996+00:00,ticker_only,
rFTGC-2026-06-25-1,rFTGC,RFTGCUSDT,2026-06-25,5000,0.1691,0.11837,0.11837,0.11837,True,GROSS,1,26.966,26.965,OBSERVED p_pre,0.0005,DOCUMENTED promotional 0.05% through 2026-08-31,0.005913660555891319,0.0,REALISED overnight_2000 PDR,,,,,,,,NO_SIGNAL,SUPPRESSED: eligibility snapshot time unpublished,"sell: $5,000 exceeds visible top-of-book ($31) on ticker-only symbol; buy: $5,000 exceeds visible top-of-book ($3,526) on ticker-only symbol",2026-09-18T23:05:03.291954+00:00,ticker_only,2026-09-19T03:05:03.356996+00:00,ticker_only,
rFTGC-2026-06-25-1,rFTGC,RFTGCUSDT,2026-06-25,25000,0.1691,0.11837,0.11837,0.11837,True,GROSS,1,26.966,26.965,OBSERVED p_pre,0.0005,DOCUMENTED promotional 0.05% through 2026-08-31,0.005913660555891319,0.0,REALISED overnight_2000 PDR,,,,,,,,NO_SIGNAL,SUPPRESSED: eligibility snapshot time unpublished,"sell: $25,000 exceeds visible top-of-book ($31) on ticker-only symbol; buy: $25,000 exceeds visible top-of-book ($3,526) on ticker-only symbol",2026-09-18T23:05:03.291954+00:00,ticker_only,2026-09-19T03:05:03.356996+00:00,ticker_only,
rGEV-2026-06-16-1,rGEV,RGEVUSDT,2026-06-16,1000,0.5,0.35,0.35,0.35,True,GROSS,1,980.625,979.51,OBSERVED p_pre,0.0005,DOCUMENTED promotional 0.05% through 2026-08-31,2.230000000000018,0.0,REALISED overnight_2000 PDR,,,,,,,,NO_SIGNAL,SUPPRESSED: eligibility snapshot time unpublished,"sell: $1,000 exceeds visible top-of-book ($938) on ticker-only symbol",2026-09-18T23:05:03.291954+00:00,ticker_only,2026-09-19T03:05:03.356996+00:00,ticker_only,
rGEV-2026-06-16-1,rGEV,RGEVUSDT,2026-06-16,5000,0.5,0.35,0.35,0.35,True,GROSS,1,980.625,979.51,OBSERVED p_pre,0.0005,DOCUMENTED promotional 0.05% through 2026-08-31,2.230000000000018,0.0,REALISED overnight_2000 PDR,,,,,,,,NO_SIGNAL,SUPPRESSED: eligibility snapshot time unpublished,"sell: $5,000 exceeds visible top-of-book ($938) on ticker-only symbol",2026-09-18T23:05:03.291954+00:00,ticker_only,2026-09-19T03:05:03.356996+00:00,ticker_only,
rGEV-2026-06-16-1,rGEV,RGEVUSDT,2026-06-16,25000,0.5,0.35,0.35,0.35,True,GROSS,1,980.625,979.51,OBSERVED p_pre,0.0005,DOCUMENTED promotional 0.05% through 2026-08-31,2.230000000000018,0.0,REALISED overnight_2000 PDR,,,,,,,,NO_SIGNAL,SUPPRESSED: eligibility snapshot time unpublished,"sell: $25,000 exceeds visible top-of-book ($938) on ticker-only symbol",2026-09-18T23:05:03.291954+00:00,ticker_only,2026-09-19T03:05:03.356996+00:00,ticker_only,
rGFS-2026-06-24-1,rGFS,RGFSUSDT,2026-06-24,1000,0.12,0.084,0.084,0.084,True,GROSS,1,82.727,83.51,OBSERVED p_pre,0.0005,DOCUMENTED promotional 0.05% through 2026-08-31,-6.525000000000011,0.0,REALISED overnight_2000 PDR,,,,,,,,NO_SIGNAL,SUPPRESSED: eligibility snapshot time unpublished,"buy: $1,000 exceeds visible top-of-book ($49) on ticker-only symbol",2026-09-18T23:05:03.291954+00:00,ticker_only,2026-09-19T03:05:03.356996+00:00,ticker_only,
rGFS-2026-06-24-1,rGFS,RGFSUSDT,2026-06-24,5000,0.12,0.084,0.084,0.084,True,GROSS,1,82.727,83.51,OBSERVED p_pre,0.0005,DOCUMENTED promotional 0.05% through 2026-08-31,-6.525000000000011,0.0,REALISED overnight_2000 PDR,,,,,,,,NO_SIGNAL,SUPPRESSED: eligibility snapshot time unpublished,"sell: $5,000 exceeds visible top-of-book ($1,195) on ticker-only symbol; buy: $5,000 exceeds visible top-of-book ($49) on ticker-only symbol",2026-09-18T23:05:03.291954+00:00,ticker_only,2026-09-19T03:05:03.356996+00:00,ticker_only,
rGFS-2026-06-24-1,rGFS,RGFSUSDT,2026-06-24,25000,0.12,0.084,0.084,0.084,True,GROSS,1,82.727,83.51,OBSERVED p_pre,0.0005,DOCUMENTED promotional 0.05% through 2026-08-31,-6.525000000000011,0.0,REALISED overnight_2000 PDR,,,,,,,,NO_SIGNAL,SUPPRESSED: eligibility snapshot time unpublished,"sell: $25,000 exceeds visible top-of-book ($1,195) on ticker-only symbol; buy: $25,000 exceeds visible top-of-book ($49) on ticker-only symbol",2026-09-18T23:05:03.291954+00:00,ticker_only,2026-09-19T03:05:03.356996+00:00,ticker_only,
rHEI-2026-07-01-1,rHEI,RHEIUSDT,2026-07-01,1000,0.13,0.091,0.091,0.091,True,GROSS,1,354.6,354.6,OBSERVED p_pre,0.0005,DOCUMENTED promotional 0.05% through 2026-08-31,0.0,0.0,REALISED overnight_2000 PDR,,,,,,,,NO_SIGNAL,SUPPRESSED: eligibility snapshot time unpublished,"sell: $1,000 exceeds visible top-of-book ($298) on ticker-only symbol",2026-09-18T23:05:03.291954+00:00,ticker_only,2026-09-19T03:05:03.356996+00:00,ticker_only,
rHEI-2026-07-01-1,rHEI,RHEIUSDT,2026-07-01,5000,0.13,0.091,0.091,0.091,True,GROSS,1,354.6,354.6,OBSERVED p_pre,0.0005,DOCUMENTED promotional 0.05% through 2026-08-31,0.0,0.0,REALISED overnight_2000 PDR,,,,,,,,NO_SIGNAL,SUPPRESSED: eligibility snapshot time unpublished,"sell: $5,000 exceeds visible top-of-book ($298) on ticker-only symbol",2026-09-18T23:05:03.291954+00:00,ticker_only,2026-09-19T03:05:03.356996+00:00,ticker_only,
rHEI-2026-07-01-1,rHEI,RHEIUSDT,2026-07-01,25000,0.13,0.091,0.091,0.091,True,GROSS,1,354.6,354.6,OBSERVED p_pre,0.0005,DOCUMENTED promotional 0.05% through 2026-08-31,0.0,0.0,REALISED overnight_2000 PDR,,,,,,,,NO_SIGNAL,SUPPRESSED: eligibility snapshot time unpublished,"sell: $25,000 exceeds visible top-of-book ($298) on ticker-only symbol",2026-09-18T23:05:03.291954+00:00,ticker_only,2026-09-19T03:05:03.356996+00:00,ticker_only,
rHPE-2026-06-16-1,rHPE,RHPEUSDT,2026-06-16,1000,0.1425,0.09975,0.09975,0.09975,True,GROSS,1,48.804,48.49,OBSERVED p_pre,0.0005,DOCUMENTED promotional 0.05% through 2026-08-31,2.203508771929825,0.0,REALISED overnight_2000 PDR,0.1564462627106911,0.05780373728930896,0.05780373728930896,0.05780373728930896,0.05780373728930896,0.15755373728930896,-0.3706962627106911,EXIT,SUPPRESSED: eligibility snapshot time unpublished,,2026-09-18T23:05:03.291954+00:00,ticker_only,2026-09-19T03:05:03.356996+00:00,ticker_only,
rHPE-2026-06-16-1,rHPE,RHPEUSDT,2026-06-16,5000,0.1425,0.09975,0.09975,0.09975,True,GROSS,1,48.804,48.49,OBSERVED p_pre,0.0005,DOCUMENTED promotional 0.05% through 2026-08-31,2.203508771929825,0.0,REALISED overnight_2000 PDR,0.1564462627106911,0.05780373728930896,0.05780373728930896,0.05780373728930896,0.05780373728930896,0.15755373728930896,-0.3706962627106911,EXIT,SUPPRESSED: eligibility snapshot time unpublished,,2026-09-18T23:05:03.291954+00:00,ticker_only,2026-09-19T03:05:03.356996+00:00,ticker_only,
rHPE-2026-06-16-1,rHPE,RHPEUSDT,2026-06-16,25000,0.1425,0.09975,0.09975,0.09975,True,GROSS,1,48.804,48.49,OBSERVED p_pre,0.0005,DOCUMENTED promotional 0.05% through 2026-08-31,2.203508771929825,0.0,REALISED overnight_2000 PDR,,,,,,,,NO_SIGNAL,SUPPRESSED: eligibility snapshot time unpublished,"sell: $25,000 exceeds visible top-of-book ($12,174) on ticker-only symbol",2026-09-18T23:05:03.291954+00:00,ticker_only,2026-09-19T03:05:03.356996+00:00,ticker_only,
rHIMX-2026-06-30-1,rHIMX,RHIMXUSDT,2026-06-30,1000,0.242,0.1694,0.1694,0.1694,True,GROSS,1,14.722,14.31,OBSERVED p_pre,0.0005,DOCUMENTED promotional 0.05% through 2026-08-31,1.7024793388429713,0.0,REALISED overnight_2000 PDR,,,,,,,,NO_SIGNAL,SUPPRESSED: eligibility snapshot time unpublished,"sell: $1,000 exceeds visible top-of-book ($140) on ticker-only symbol",2026-09-18T23:05:03.291954+00:00,ticker_only,2026-09-19T03:05:03.356996+00:00,ticker_only,
rHIMX-2026-06-30-1,rHIMX,RHIMXUSDT,2026-06-30,5000,0.242,0.1694,0.1694,0.1694,True,GROSS,1,14.722,14.31,OBSERVED p_pre,0.0005,DOCUMENTED promotional 0.05% through 2026-08-31,1.7024793388429713,0.0,REALISED overnight_2000 PDR,,,,,,,,NO_SIGNAL,SUPPRESSED: eligibility snapshot time unpublished,"sell: $5,000 exceeds visible top-of-book ($140) on ticker-only symbol; buy: $5,000 exceeds visible top-of-book ($2,860) on ticker-only symbol",2026-09-18T23:05:03.291954+00:00,ticker_only,2026-09-19T03:05:03.356996+00:00,ticker_only,
rHIMX-2026-06-30-1,rHIMX,RHIMXUSDT,2026-06-30,25000,0.242,0.1694,0.1694,0.1694,True,GROSS,1,14.722,14.31,OBSERVED p_pre,0.0005,DOCUMENTED promotional 0.05% through 2026-08-31,1.7024793388429713,0.0,REALISED overnight_2000 PDR,,,,,,,,NO_SIGNAL,SUPPRESSED: eligibility snapshot time unpublished,"sell: $25,000 exceeds visible top-of-book ($140) on ticker-only symbol; buy: $25,000 exceeds visible top-of-book ($2,860) on ticker-only symbol",2026-09-18T23:05:03.291954+00:00,ticker_only,2026-09-19T03:05:03.356996+00:00,ticker_only,
rHYS-2026-07-01-1,rHYS,RHYSUSDT,2026-07-01,1000,0.57,0.399,0.399,0.399,True,GROSS,1,93.51,93.51,OBSERVED p_pre,0.0005,DOCUMENTED promotional 0.05% through 2026-08-31,0.0,0.0,REALISED overnight_2000 PDR,,,,,,,,NO_SIGNAL,SUPPRESSED: eligibility snapshot time unpublished,"sell: $1,000 exceeds visible top-of-book ($92) on ticker-only symbol",2026-09-18T23:05:03.291954+00:00,ticker_only,2026-09-19T03:05:03.356996+00:00,ticker_only,
rHYS-2026-07-01-1,rHYS,RHYSUSDT,2026-07-01,5000,0.57,0.399,0.399,0.399,True,GROSS,1,93.51,93.51,OBSERVED p_pre,0.0005,DOCUMENTED promotional 0.05% through 2026-08-31,0.0,0.0,REALISED overnight_2000 PDR,,,,,,,,NO_SIGNAL,SUPPRESSED: eligibility snapshot time unpublished,"sell: $5,000 exceeds visible top-of-book ($92) on ticker-only symbol",2026-09-18T23:05:03.291954+00:00,ticker_only,2026-09-19T03:05:03.356996+00:00,ticker_only,
rHYS-2026-07-01-1,rHYS,RHYSUSDT,2026-07-01,25000,0.57,0.399,0.399,0.399,True,GROSS,1,93.51,93.51,OBSERVED p_pre,0.0005,DOCUMENTED promotional 0.05% through 2026-08-31,0.0,0.0,REALISED overnight_2000 PDR,,,,,,,,NO_SIGNAL,SUPPRESSED: eligibility snapshot time unpublished,"sell: $25,000 exceeds visible top-of-book ($92) on ticker-only symbol; buy: $25,000 exceeds visible top-of-book ($10,094) on ticker-only symbol",2026-09-18T23:05:03.291954+00:00,ticker_only,2026-09-19T03:05:03.356996+00:00,ticker_only,
rHYS-2026-08-03-1,rHYS,RHYSUSDT,2026-08-03,1000,0.55000001,0.385000007,0.385000007,0.55000001,False,GROSS,2,92.785,92.757,OBSERVED p_pre,0.0005,DOCUMENTED promotional 0.05% through 2026-08-31,0.050909089983455794,0.0,REALISED overnight_2000 PDR,,,,,,,,NO_SIGNAL,SUPPRESSED: eligibility snapshot time unpublished,"sell: $1,000 exceeds visible top-of-book ($92) on ticker-only symbol",2026-09-18T23:05:03.291954+00:00,ticker_only,2026-09-19T03:05:03.356996+00:00,ticker_only,
rHYS-2026-08-03-1,rHYS,RHYSUSDT,2026-08-03,5000,0.55000001,0.385000007,0.385000007,0.55000001,False,GROSS,2,92.785,92.757,OBSERVED p_pre,0.0005,DOCUMENTED promotional 0.05% through 2026-08-31,0.050909089983455794,0.0,REALISED overnight_2000 PDR,,,,,,,,NO_SIGNAL,SUPPRESSED: eligibility snapshot time unpublished,"sell: $5,000 exceeds visible top-of-book ($92) on ticker-only symbol",2026-09-18T23:05:03.291954+00:00,ticker_only,2026-09-19T03:05:03.356996+00:00,ticker_only,
rHYS-2026-08-03-1,rHYS,RHYSUSDT,2026-08-03,25000,0.55000001,0.385000007,0.385000007,0.55000001,False,GROSS,2,92.785,92.757,OBSERVED p_pre,0.0005,DOCUMENTED promotional 0.05% through 2026-08-31,0.050909089983455794,0.0,REALISED overnight_2000 PDR,,,,,,,,NO_SIGNAL,SUPPRESSED: eligibility snapshot time unpublished,"sell: $25,000 exceeds visible top-of-book ($92) on ticker-only symbol; buy: $25,000 exceeds visible top-of-book ($10,094) on ticker-only symbol",2026-09-18T23:05:03.291954+00:00,ticker_only,2026-09-19T03:05:03.356996+00:00,ticker_only,
rHYS-2026-09-01-1,rHYS,RHYSUSDT,2026-09-01,1000,0.49,0.343,0.34299999999999997,0.49,False,GROSS,2,93.005,93.005,OBSERVED p_pre,0.001,OBSERVED live symbol takerFeeRate,0.0,0.0,REALISED overnight_2000 PDR,,,,,,,,NO_SIGNAL,SUPPRESSED: eligibility snapshot time unpublished,"sell: $1,000 exceeds visible top-of-book ($92) on ticker-only symbol",2026-09-18T23:05:03.291954+00:00,ticker_only,2026-09-19T03:05:03.356996+00:00,ticker_only,
rHYS-2026-09-01-1,rHYS,RHYSUSDT,2026-09-01,5000,0.49,0.343,0.34299999999999997,0.49,False,GROSS,2,93.005,93.005,OBSERVED p_pre,0.001,OBSERVED live symbol takerFeeRate,0.0,0.0,REALISED overnight_2000 PDR,,,,,,,,NO_SIGNAL,SUPPRESSED: eligibility snapshot time unpublished,"sell: $5,000 exceeds visible top-of-book ($92) on ticker-only symbol",2026-09-18T23:05:03.291954+00:00,ticker_only,2026-09-19T03:05:03.356996+00:00,ticker_only,
rHYS-2026-09-01-1,rHYS,RHYSUSDT,2026-09-01,25000,0.49,0.343,0.34299999999999997,0.49,False,GROSS,2,93.005,93.005,OBSERVED p_pre,0.001,OBSERVED live symbol takerFeeRate,0.0,0.0,REALISED overnight_2000 PDR,,,,,,,,NO_SIGNAL,SUPPRESSED: eligibility snapshot time unpublished,"sell: $25,000 exceeds visible top-of-book ($92) on ticker-only symbol; buy: $25,000 exceeds visible top-of-book ($10,094) on ticker-only symbol",2026-09-18T23:05:03.291954+00:00,ticker_only,2026-09-19T03:05:03.356996+00:00,ticker_only,
rINTU-2026-07-09-1,rINTU,RINTUUSDT,2026-07-09,1000,1.2,0.84,0.84,0.84,True,GROSS,1,273.055,271.61,OBSERVED p_pre,0.0005,DOCUMENTED promotional 0.05% through 2026-08-31,1.204166666666661,0.0,REALISED overnight_2000 PDR,1.6885437628399567,-1.0835437628399633,-1.0835437628399633,-1.0835437628399633,-1.0835437628399633,-0.24354376283996348,-2.29354376283995,HOLD,SUPPRESSED: eligibility snapshot time unpublished,,2026-09-18T23:05:03.291954+00:00,ticker_only,2026-09-19T03:05:03.356996+00:00,ticker_only,
rINTU-2026-07-09-1,rINTU,RINTUUSDT,2026-07-09,5000,1.2,0.84,0.84,0.84,True,GROSS,1,273.055,271.61,OBSERVED p_pre,0.0005,DOCUMENTED promotional 0.05% through 2026-08-31,1.204166666666661,0.0,REALISED overnight_2000 PDR,1.6885437628399567,-1.0835437628399633,-1.0835437628399633,-1.0835437628399633,-1.0835437628399633,-0.24354376283996348,-2.29354376283995,HOLD,SUPPRESSED: eligibility snapshot time unpublished,,2026-09-18T23:05:03.291954+00:00,ticker_only,2026-09-19T03:05:03.356996+00:00,ticker_only,
rINTU-2026-07-09-1,rINTU,RINTUUSDT,2026-07-09,25000,1.2,0.84,0.84,0.84,True,GROSS,1,273.055,271.61,OBSERVED p_pre,0.0005,DOCUMENTED promotional 0.05% through 2026-08-31,1.204166666666661,0.0,REALISED overnight_2000 PDR,1.6885437628399567,-1.0835437628399633,-1.0835437628399633,-1.0835437628399633,-1.0835437628399633,-0.24354376283996348,-2.29354376283995,HOLD,SUPPRESSED: eligibility snapshot time unpublished,,2026-09-18T23:05:03.291954+00:00,ticker_only,2026-09-19T03:05:03.356996+00:00,ticker_only,
rKO-2026-06-15-1,rKO,RKOUSDT,2026-06-15,1000,0.53,0.371,0.371,0.371,True,GROSS,1,82.66,82.66,OBSERVED p_pre,0.0005,DOCUMENTED promotional 0.05% through 2026-08-31,0.0,0.0,REALISED overnight_2000 PDR,0.276491817124227,-0.647491817124227,-0.647491817124227,-0.647491817124227,-0.647491817124227,-0.276491817124227,0.094508182875773,HOLD,SUPPRESSED: eligibility snapshot time unpublished,,2026-09-18T23:05:03.291954+00:00,public_book,2026-09-19T03:05:03.356996+00:00,public_book,
rKO-2026-06-15-1,rKO,RKOUSDT,2026-06-15,5000,0.53,0.371,0.371,0.371,True,GROSS,1,82.66,82.66,OBSERVED p_pre,0.0005,DOCUMENTED promotional 0.05% through 2026-08-31,0.0,0.0,REALISED overnight_2000 PDR,0.42604122262426847,-0.7970412226242685,-0.7970412226242685,-0.7970412226242685,-0.7970412226242685,-0.42604122262426847,-0.05504122262426847,HOLD,SUPPRESSED: eligibility snapshot time unpublished,,2026-09-18T23:05:03.291954+00:00,public_book,2026-09-19T03:05:03.356996+00:00,public_book,
rKO-2026-06-15-1,rKO,RKOUSDT,2026-06-15,25000,0.53,0.371,0.371,0.371,True,GROSS,1,82.66,82.66,OBSERVED p_pre,0.0005,DOCUMENTED promotional 0.05% through 2026-08-31,0.0,0.0,REALISED overnight_2000 PDR,0.7284505299792282,-1.099450529979228,-1.099450529979228,-1.099450529979228,-1.099450529979228,-0.7284505299792282,-0.3574505299792282,HOLD,SUPPRESSED: eligibility snapshot time unpublished,,2026-09-18T23:05:03.291954+00:00,public_book,2026-09-19T03:05:03.356996+00:00,public_book,
rKO-2026-09-15-1,rKO,RKOUSDT,2026-09-15,1000,0.53,0.371,0.371,0.53,False,GROSS,2,89.41,89.25,OBSERVED p_pre,0.001,OBSERVED live symbol takerFeeRate,0.30188679245282374,0.0,REALISED overnight_2000 PDR,0.3881334761496194,-0.5991334761496228,-0.5991334761496228,-0.5991334761496228,-0.7581334761496228,-0.22813347614962282,-0.177133476149616,HOLD,SUPPRESSED: eligibility snapshot time unpublished,,2026-09-18T23:05:03.291954+00:00,public_book,2026-09-19T03:05:03.356996+00:00,public_book,
rKO-2026-09-15-1,rKO,RKOUSDT,2026-09-15,5000,0.53,0.371,0.371,0.53,False,GROSS,2,89.41,89.25,OBSERVED p_pre,0.001,OBSERVED live symbol takerFeeRate,0.30188679245282374,0.0,REALISED overnight_2000 PDR,0.5497351661274266,-0.76073516612743,-0.76073516612743,-0.76073516612743,-0.91973516612743,-0.38973516612743,-0.33873516612742316,HOLD,SUPPRESSED: eligibility snapshot time unpublished,,2026-09-18T23:05:03.291954+00:00,public_book,2026-09-19T03:05:03.356996+00:00,public_book,
rKO-2026-09-15-1,rKO,RKOUSDT,2026-09-15,25000,0.53,0.371,0.371,0.53,False,GROSS,2,89.41,89.25,OBSERVED p_pre,0.001,OBSERVED live symbol takerFeeRate,0.30188679245282374,0.0,REALISED overnight_2000 PDR,0.876598801395567,-1.0875988013955704,-1.0875988013955704,-1.0875988013955704,-1.2465988013955704,-0.7165988013955704,-0.6655988013955636,HOLD,SUPPRESSED: eligibility snapshot time unpublished,,2026-09-18T23:05:03.291954+00:00,public_book,2026-09-19T03:05:03.356996+00:00,public_book,
rLABD-2026-06-23-1,rLABD,RLABDUSDT,2026-06-23,1000,0.07523,0.052661,0.052661,0.052661,True,GROSS,1,10.015,9.8,OBSERVED p_pre,0.0005,DOCUMENTED promotional 0.05% through 2026-08-31,2.857902432540208,0.0,REALISED overnight_2000 PDR,,,,,,,,NO_SIGNAL,SUPPRESSED: eligibility snapshot time unpublished,"sell: $1,000 exceeds visible top-of-book ($73) on ticker-only symbol; buy: $1,000 exceeds visible top-of-book ($74) on ticker-only symbol",2026-09-18T23:05:03.291954+00:00,ticker_only,2026-09-19T03:05:03.356996+00:00,ticker_only,
rLABD-2026-06-23-1,rLABD,RLABDUSDT,2026-06-23,5000,0.07523,0.052661,0.052661,0.052661,True,GROSS,1,10.015,9.8,OBSERVED p_pre,0.0005,DOCUMENTED promotional 0.05% through 2026-08-31,2.857902432540208,0.0,REALISED overnight_2000 PDR,,,,,,,,NO_SIGNAL,SUPPRESSED: eligibility snapshot time unpublished,"sell: $5,000 exceeds visible top-of-book ($73) on ticker-only symbol; buy: $5,000 exceeds visible top-of-book ($74) on ticker-only symbol",2026-09-18T23:05:03.291954+00:00,ticker_only,2026-09-19T03:05:03.356996+00:00,ticker_only,
rLABD-2026-06-23-1,rLABD,RLABDUSDT,2026-06-23,25000,0.07523,0.052661,0.052661,0.052661,True,GROSS,1,10.015,9.8,OBSERVED p_pre,0.0005,DOCUMENTED promotional 0.05% through 2026-08-31,2.857902432540208,0.0,REALISED overnight_2000 PDR,,,,,,,,NO_SIGNAL,SUPPRESSED: eligibility snapshot time unpublished,"sell: $25,000 exceeds visible top-of-book ($73) on ticker-only symbol; buy: $25,000 exceeds visible top-of-book ($74) on ticker-only symbol",2026-09-18T23:05:03.291954+00:00,ticker_only,2026-09-19T03:05:03.356996+00:00,ticker_only,
rLIT-2026-06-29-1,rLIT,RLITUSDT,2026-06-29,1000,0.324862,0.2274034,0.2274034,0.2274034,True,GROSS,1,76.85,75.92,OBSERVED p_pre,0.0005,DOCUMENTED promotional 0.05% through 2026-08-31,2.8627540309423467,0.0,REALISED overnight_2000 PDR,,,,,,,,NO_SIGNAL,SUPPRESSED: eligibility snapshot time unpublished,"sell: $1,000 exceeds visible top-of-book ($70) on ticker-only symbol",2026-09-18T23:05:03.291954+00:00,ticker_only,2026-09-19T03:05:03.356996+00:00,ticker_only,
rLIT-2026-06-29-1,rLIT,RLITUSDT,2026-06-29,5000,0.324862,0.2274034,0.2274034,0.2274034,True,GROSS,1,76.85,75.92,OBSERVED p_pre,0.0005,DOCUMENTED promotional 0.05% through 2026-08-31,2.8627540309423467,0.0,REALISED overnight_2000 PDR,,,,,,,,NO_SIGNAL,SUPPRESSED: eligibility snapshot time unpublished,"sell: $5,000 exceeds visible top-of-book ($70) on ticker-only symbol",2026-09-18T23:05:03.291954+00:00,ticker_only,2026-09-19T03:05:03.356996+00:00,ticker_only,
rLIT-2026-06-29-1,rLIT,RLITUSDT,2026-06-29,25000,0.324862,0.2274034,0.2274034,0.2274034,True,GROSS,1,76.85,75.92,OBSERVED p_pre,0.0005,DOCUMENTED promotional 0.05% through 2026-08-31,2.8627540309423467,0.0,REALISED overnight_2000 PDR,,,,,,,,NO_SIGNAL,SUPPRESSED: eligibility snapshot time unpublished,"sell: $25,000 exceeds visible top-of-book ($70) on ticker-only symbol; buy: $25,000 exceeds visible top-of-book ($7,652) on ticker-only symbol",2026-09-18T23:05:03.291954+00:00,ticker_only,2026-09-19T03:05:03.356996+00:00,ticker_only,
rLRCX-2026-06-17-1,rLRCX,RLRCXUSDT,2026-06-17,1000,0.26,0.182,0.182,0.182,True,GROSS,1,369.884,370.52,OBSERVED p_pre,0.0005,DOCUMENTED promotional 0.05% through 2026-08-31,-2.4461538461537202,0.0,REALISED overnight_2000 PDR,1.823842062011262,-2.6418420620112295,-2.6418420620112295,-2.6418420620112295,-2.6418420620112295,-2.459842062011229,-1.005842062011295,HOLD,SUPPRESSED: eligibility snapshot time unpublished,,2026-09-18T23:05:03.291954+00:00,public_book,2026-09-19T03:05:03.356996+00:00,public_book,
rLRCX-2026-06-17-1,rLRCX,RLRCXUSDT,2026-06-17,5000,0.26,0.182,0.182,0.182,True,GROSS,1,369.884,370.52,OBSERVED p_pre,0.0005,DOCUMENTED promotional 0.05% through 2026-08-31,-2.4461538461537202,0.0,REALISED overnight_2000 PDR,2.5717427511146504,-3.3897427511146176,-3.3897427511146176,-3.3897427511146176,-3.3897427511146176,-3.2077427511146177,-1.7537427511146833,HOLD,SUPPRESSED: eligibility snapshot time unpublished,,2026-09-18T23:05:03.291954+00:00,public_book,2026-09-19T03:05:03.356996+00:00,public_book,
rLRCX-2026-06-17-1,rLRCX,RLRCXUSDT,2026-06-17,25000,0.26,0.182,0.182,0.182,True,GROSS,1,369.884,370.52,OBSERVED p_pre,0.0005,DOCUMENTED promotional 0.05% through 2026-08-31,-2.4461538461537202,0.0,REALISED overnight_2000 PDR,4.018105167356337,-4.836105167356305,-4.836105167356305,-4.836105167356305,-4.836105167356305,-4.654105167356304,-3.20010516735637,HOLD,SUPPRESSED: eligibility snapshot time unpublished,,2026-09-18T23:05:03.291954+00:00,public_book,2026-09-19T03:05:03.356996+00:00,public_book,
rMDT-2026-06-26-1,rMDT,RMDTUSDT,2026-06-26,1000,0.72,0.504,0.504,0.72,False,GROSS,2,80.696,80.03,OBSERVED p_pre,0.0005,DOCUMENTED promotional 0.05% through 2026-08-31,0.9249999999999956,0.0,REALISED overnight_2000 PDR,,,,,,,,NO_SIGNAL,SUPPRESSED: eligibility snapshot time unpublished,"sell: $1,000 exceeds visible top-of-book ($922) on ticker-only symbol",2026-09-18T23:05:03.291954+00:00,ticker_only,2026-09-19T03:05:03.356996+00:00,ticker_only,
rMDT-2026-06-26-1,rMDT,RMDTUSDT,2026-06-26,5000,0.72,0.504,0.504,0.72,False,GROSS,2,80.696,80.03,OBSERVED p_pre,0.0005,DOCUMENTED promotional 0.05% through 2026-08-31,0.9249999999999956,0.0,REALISED overnight_2000 PDR,,,,,,,,NO_SIGNAL,SUPPRESSED: eligibility snapshot time unpublished,"sell: $5,000 exceeds visible top-of-book ($922) on ticker-only symbol",2026-09-18T23:05:03.291954+00:00,ticker_only,2026-09-19T03:05:03.356996+00:00,ticker_only,
rMDT-2026-06-26-1,rMDT,RMDTUSDT,2026-06-26,25000,0.72,0.504,0.504,0.72,False,GROSS,2,80.696,80.03,OBSERVED p_pre,0.0005,DOCUMENTED promotional 0.05% through 2026-08-31,0.9249999999999956,0.0,REALISED overnight_2000 PDR,,,,,,,,NO_SIGNAL,SUPPRESSED: eligibility snapshot time unpublished,"sell: $25,000 exceeds visible top-of-book ($922) on ticker-only symbol; buy: $25,000 exceeds visible top-of-book ($13,971) on ticker-only symbol",2026-09-18T23:05:03.291954+00:00,ticker_only,2026-09-19T03:05:03.356996+00:00,ticker_only,
rMO-2026-06-15-1,rMO,RMOUSDT,2026-06-15,1000,1.06,0.742,0.742,0.742,True,GROSS,1,72.163,72.168,OBSERVED p_pre,0.0005,DOCUMENTED promotional 0.05% through 2026-08-31,-0.0047169811320845875,0.0,REALISED overnight_2000 PDR,,,,,,,,NO_SIGNAL,SUPPRESSED: eligibility snapshot time unpublished,"sell: $1,000 exceeds visible top-of-book ($347) on ticker-only symbol",2026-09-18T23:05:03.291954+00:00,ticker_only,2026-09-19T03:05:03.356996+00:00,ticker_only,
rMO-2026-06-15-1,rMO,RMOUSDT,2026-06-15,5000,1.06,0.742,0.742,0.742,True,GROSS,1,72.163,72.168,OBSERVED p_pre,0.0005,DOCUMENTED promotional 0.05% through 2026-08-31,-0.0047169811320845875,0.0,REALISED overnight_2000 PDR,,,,,,,,NO_SIGNAL,SUPPRESSED: eligibility snapshot time unpublished,"sell: $5,000 exceeds visible top-of-book ($347) on ticker-only symbol",2026-09-18T23:05:03.291954+00:00,ticker_only,2026-09-19T03:05:03.356996+00:00,ticker_only,
rMO-2026-06-15-1,rMO,RMOUSDT,2026-06-15,25000,1.06,0.742,0.742,0.742,True,GROSS,1,72.163,72.168,OBSERVED p_pre,0.0005,DOCUMENTED promotional 0.05% through 2026-08-31,-0.0047169811320845875,0.0,REALISED overnight_2000 PDR,,,,,,,,NO_SIGNAL,SUPPRESSED: eligibility snapshot time unpublished,"sell: $25,000 exceeds visible top-of-book ($347) on ticker-only symbol; buy: $25,000 exceeds visible top-of-book ($7,583) on ticker-only symbol",2026-09-18T23:05:03.291954+00:00,ticker_only,2026-09-19T03:05:03.356996+00:00,ticker_only,
rMPWR-2026-06-30-1,rMPWR,RMPWRUSDT,2026-06-30,1000,2.0,1.4,1.4,1.4,True,GROSS,1,1308.795,1309.99,OBSERVED p_pre,0.0005,DOCUMENTED promotional 0.05% through 2026-08-31,-0.5974999999999682,0.0,REALISED overnight_2000 PDR,5.4923514572207575,-8.087351457220693,-8.087351457220693,-8.087351457220693,-8.087351457220693,-6.687351457220694,-2.897351457220821,HOLD,SUPPRESSED: eligibility snapshot time unpublished,,2026-09-18T23:05:03.291954+00:00,ticker_only,2026-09-19T03:05:03.356996+00:00,ticker_only,
rMPWR-2026-06-30-1,rMPWR,RMPWRUSDT,2026-06-30,5000,2.0,1.4,1.4,1.4,True,GROSS,1,1308.795,1309.99,OBSERVED p_pre,0.0005,DOCUMENTED promotional 0.05% through 2026-08-31,-0.5974999999999682,0.0,REALISED overnight_2000 PDR,5.4923514572207575,-8.087351457220693,-8.087351457220693,-8.087351457220693,-8.087351457220693,-6.687351457220694,-2.897351457220821,HOLD,SUPPRESSED: eligibility snapshot time unpublished,,2026-09-18T23:05:03.291954+00:00,ticker_only,2026-09-19T03:05:03.356996+00:00,ticker_only,
rMPWR-2026-06-30-1,rMPWR,RMPWRUSDT,2026-06-30,25000,2.0,1.4,1.4,1.4,True,GROSS,1,1308.795,1309.99,OBSERVED p_pre,0.0005,DOCUMENTED promotional 0.05% through 2026-08-31,-0.5974999999999682,0.0,REALISED overnight_2000 PDR,,,,,,,,NO_SIGNAL,SUPPRESSED: eligibility snapshot time unpublished,"buy: $25,000 exceeds visible top-of-book ($6,099) on ticker-only symbol",2026-09-18T23:05:03.291954+00:00,ticker_only,2026-09-19T03:05:03.356996+00:00,ticker_only,
rMO-2026-09-15-1,rMO,RMOUSDT,2026-09-15,1000,1.11,0.777,0.777,1.11,False,GROSS,2,70.74,70.6,OBSERVED p_pre,0.001,OBSERVED live symbol takerFeeRate,0.12612612612612661,0.0,REALISED overnight_2000 PDR,,,,,,,,NO_SIGNAL,SUPPRESSED: eligibility snapshot time unpublished,"sell: $1,000 exceeds visible top-of-book ($347) on ticker-only symbol",2026-09-18T23:05:03.291954+00:00,ticker_only,2026-09-19T03:05:03.356996+00:00,ticker_only,
rMO-2026-09-15-1,rMO,RMOUSDT,2026-09-15,5000,1.11,0.777,0.777,1.11,False,GROSS,2,70.74,70.6,OBSERVED p_pre,0.001,OBSERVED live symbol takerFeeRate,0.12612612612612661,0.0,REALISED overnight_2000 PDR,,,,,,,,NO_SIGNAL,SUPPRESSED: eligibility snapshot time unpublished,"sell: $5,000 exceeds visible top-of-book ($347) on ticker-only symbol",2026-09-18T23:05:03.291954+00:00,ticker_only,2026-09-19T03:05:03.356996+00:00,ticker_only,
rMO-2026-09-15-1,rMO,RMOUSDT,2026-09-15,25000,1.11,0.777,0.777,1.11,False,GROSS,2,70.74,70.6,OBSERVED p_pre,0.001,OBSERVED live symbol takerFeeRate,0.12612612612612661,0.0,REALISED overnight_2000 PDR,,,,,,,,NO_SIGNAL,SUPPRESSED: eligibility snapshot time unpublished,"sell: $25,000 exceeds visible top-of-book ($347) on ticker-only symbol; buy: $25,000 exceeds visible top-of-book ($7,583) on ticker-only symbol",2026-09-18T23:05:03.291954+00:00,ticker_only,2026-09-19T03:05:03.356996+00:00,ticker_only,
rMU-2026-07-06-1,rMU,RMUUSDT,2026-07-06,1000,0.15,0.105,0.105,0.105,True,GROSS,1,977.5,976.994,OBSERVED p_pre,0.0005,DOCUMENTED promotional 0.05% through 2026-08-31,3.3733333333331457,0.0,REALISED overnight_2000 PDR,1.0303344734226276,-0.6293344734226558,-0.6293344734226558,-0.6293344734226558,-0.6293344734226558,-0.5243344734226558,-1.4313344734225995,HOLD,SUPPRESSED: eligibility snapshot time unpublished,,2026-09-18T23:05:03.291954+00:00,public_book,2026-09-19T03:05:03.356996+00:00,public_book,
rMU-2026-07-06-1,rMU,RMUUSDT,2026-07-06,5000,0.15,0.105,0.105,0.105,True,GROSS,1,977.5,976.994,OBSERVED p_pre,0.0005,DOCUMENTED promotional 0.05% through 2026-08-31,3.3733333333331457,0.0,REALISED overnight_2000 PDR,1.147867535390238,-0.7468675353902661,-0.7468675353902661,-0.7468675353902661,-0.7468675353902661,-0.6418675353902661,-1.5488675353902097,HOLD,SUPPRESSED: eligibility snapshot time unpublished,,2026-09-18T23:05:03.291954+00:00,public_book,2026-09-19T03:05:03.356996+00:00,public_book,
rMU-2026-07-06-1,rMU,RMUUSDT,2026-07-06,25000,0.15,0.105,0.105,0.105,True,GROSS,1,977.5,976.994,OBSERVED p_pre,0.0005,DOCUMENTED promotional 0.05% through 2026-08-31,3.3733333333331457,0.0,REALISED overnight_2000 PDR,4.084406150608796,-3.6834061506088243,-3.6834061506088243,-3.6834061506088243,-3.6834061506088243,-3.5784061506088243,-4.4854061506087675,HOLD,SUPPRESSED: eligibility snapshot time unpublished,,2026-09-18T23:05:03.291954+00:00,public_book,2026-09-19T03:05:03.356996+00:00,public_book,
rNXPI-2026-06-24-1,rNXPI,RNXPIUSDT,2026-06-24,1000,1.014,0.7098,0.7098,1.014,False,GROSS,2,298.795,300.01,OBSERVED p_pre,0.0005,DOCUMENTED promotional 0.05% through 2026-08-31,-1.1982248520709813,0.0,REALISED overnight_2000 PDR,5.616079655298061,-7.540879655298037,-7.540879655298037,-7.540879655298037,-7.845079655298036,-6.831079655298036,-3.691279655298086,HOLD,SUPPRESSED: eligibility snapshot time unpublished,,2026-09-18T23:05:03.291954+00:00,ticker_only,2026-09-19T03:05:03.356996+00:00,ticker_only,
rNXPI-2026-06-24-1,rNXPI,RNXPIUSDT,2026-06-24,5000,1.014,0.7098,0.7098,1.014,False,GROSS,2,298.795,300.01,OBSERVED p_pre,0.0005,DOCUMENTED promotional 0.05% through 2026-08-31,-1.1982248520709813,0.0,REALISED overnight_2000 PDR,,,,,,,,NO_SIGNAL,SUPPRESSED: eligibility snapshot time unpublished,"sell: $5,000 exceeds visible top-of-book ($3,405) on ticker-only symbol",2026-09-18T23:05:03.291954+00:00,ticker_only,2026-09-19T03:05:03.356996+00:00,ticker_only,
rNXPI-2026-06-24-1,rNXPI,RNXPIUSDT,2026-06-24,25000,1.014,0.7098,0.7098,1.014,False,GROSS,2,298.795,300.01,OBSERVED p_pre,0.0005,DOCUMENTED promotional 0.05% through 2026-08-31,-1.1982248520709813,0.0,REALISED overnight_2000 PDR,,,,,,,,NO_SIGNAL,SUPPRESSED: eligibility snapshot time unpublished,"sell: $25,000 exceeds visible top-of-book ($3,405) on ticker-only symbol; buy: $25,000 exceeds visible top-of-book ($5,023) on ticker-only symbol",2026-09-18T23:05:03.291954+00:00,ticker_only,2026-09-19T03:05:03.356996+00:00,ticker_only,
rNXPI-2026-09-16-1,rNXPI,RNXPIUSDT,2026-09-16,1000,1.014,0.7098,0.7098,1.014,False,GROSS,2,226.96,225.72,OBSERVED p_pre,0.001,OBSERVED live symbol takerFeeRate,1.2228796844181549,0.0,REALISED overnight_2000 PDR,4.466955487277357,-3.9367554872773476,-3.9367554872773476,-3.9367554872773476,-4.240955487277348,-3.2269554872773476,-4.997155487277366,HOLD,SUPPRESSED: eligibility snapshot time unpublished,,2026-09-18T23:05:03.291954+00:00,ticker_only,2026-09-19T03:05:03.356996+00:00,ticker_only,
rNXPI-2026-09-16-1,rNXPI,RNXPIUSDT,2026-09-16,5000,1.014,0.7098,0.7098,1.014,False,GROSS,2,226.96,225.72,OBSERVED p_pre,0.001,OBSERVED live symbol takerFeeRate,1.2228796844181549,0.0,REALISED overnight_2000 PDR,,,,,,,,NO_SIGNAL,SUPPRESSED: eligibility snapshot time unpublished,"sell: $5,000 exceeds visible top-of-book ($3,405) on ticker-only symbol",2026-09-18T23:05:03.291954+00:00,ticker_only,2026-09-19T03:05:03.356996+00:00,ticker_only,
rNXPI-2026-09-16-1,rNXPI,RNXPIUSDT,2026-09-16,25000,1.014,0.7098,0.7098,1.014,False,GROSS,2,226.96,225.72,OBSERVED p_pre,0.001,OBSERVED live symbol takerFeeRate,1.2228796844181549,0.0,REALISED overnight_2000 PDR,,,,,,,,NO_SIGNAL,SUPPRESSED: eligibility snapshot time unpublished,"sell: $25,000 exceeds visible top-of-book ($3,405) on ticker-only symbol; buy: $25,000 exceeds visible top-of-book ($5,023) on ticker-only symbol",2026-09-18T23:05:03.291954+00:00,ticker_only,2026-09-19T03:05:03.356996+00:00,ticker_only,
rOPRA-2026-07-07-1,rOPRA,ROPRAUSDT,2026-07-07,1000,0.39,0.273,0.273,0.273,True,GROSS,1,20.67,19.91,OBSERVED p_pre,0.0005,DOCUMENTED promotional 0.05% through 2026-08-31,1.9487179487179527,0.0,REALISED overnight_2000 PDR,,,,,,,,NO_SIGNAL,SUPPRESSED: eligibility snapshot time unpublished,"sell: $1,000 exceeds visible top-of-book ($18) on ticker-only symbol",2026-09-18T23:05:03.291954+00:00,ticker_only,2026-09-19T03:05:03.356996+00:00,ticker_only,
rOPRA-2026-07-07-1,rOPRA,ROPRAUSDT,2026-07-07,5000,0.39,0.273,0.273,0.273,True,GROSS,1,20.67,19.91,OBSERVED p_pre,0.0005,DOCUMENTED promotional 0.05% through 2026-08-31,1.9487179487179527,0.0,REALISED overnight_2000 PDR,,,,,,,,NO_SIGNAL,SUPPRESSED: eligibility snapshot time unpublished,"sell: $5,000 exceeds visible top-of-book ($18) on ticker-only symbol; buy: $5,000 exceeds visible top-of-book ($2,002) on ticker-only symbol",2026-09-18T23:05:03.291954+00:00,ticker_only,2026-09-19T03:05:03.356996+00:00,ticker_only,
rOPRA-2026-07-07-1,rOPRA,ROPRAUSDT,2026-07-07,25000,0.39,0.273,0.273,0.273,True,GROSS,1,20.67,19.91,OBSERVED p_pre,0.0005,DOCUMENTED promotional 0.05% through 2026-08-31,1.9487179487179527,0.0,REALISED overnight_2000 PDR,,,,,,,,NO_SIGNAL,SUPPRESSED: eligibility snapshot time unpublished,"sell: $25,000 exceeds visible top-of-book ($18) on ticker-only symbol; buy: $25,000 exceeds visible top-of-book ($2,002) on ticker-only symbol",2026-09-18T23:05:03.291954+00:00,ticker_only,2026-09-19T03:05:03.356996+00:00,ticker_only,
rPAVE-2026-06-29-1,rPAVE,RPAVEUSDT,2026-06-29,1000,0.1027,0.07189,0.07189,0.07189,True,GROSS,1,58.76,58.85,OBSERVED p_pre,0.0005,DOCUMENTED promotional 0.05% through 2026-08-31,-0.8763388510224286,0.0,REALISED overnight_2000 PDR,,,,,,,,NO_SIGNAL,SUPPRESSED: eligibility snapshot time unpublished,"sell: $1,000 exceeds visible top-of-book ($530) on ticker-only symbol; buy: $1,000 exceeds visible top-of-book ($535) on ticker-only symbol",2026-09-18T23:05:03.291954+00:00,ticker_only,2026-09-19T03:05:03.356996+00:00,ticker_only,
rPAVE-2026-06-29-1,rPAVE,RPAVEUSDT,2026-06-29,5000,0.1027,0.07189,0.07189,0.07189,True,GROSS,1,58.76,58.85,OBSERVED p_pre,0.0005,DOCUMENTED promotional 0.05% through 2026-08-31,-0.8763388510224286,0.0,REALISED overnight_2000 PDR,,,,,,,,NO_SIGNAL,SUPPRESSED: eligibility snapshot time unpublished,"sell: $5,000 exceeds visible top-of-book ($530) on ticker-only symbol; buy: $5,000 exceeds visible top-of-book ($535) on ticker-only symbol",2026-09-18T23:05:03.291954+00:00,ticker_only,2026-09-19T03:05:03.356996+00:00,ticker_only,
rPAVE-2026-06-29-1,rPAVE,RPAVEUSDT,2026-06-29,25000,0.1027,0.07189,0.07189,0.07189,True,GROSS,1,58.76,58.85,OBSERVED p_pre,0.0005,DOCUMENTED promotional 0.05% through 2026-08-31,-0.8763388510224286,0.0,REALISED overnight_2000 PDR,,,,,,,,NO_SIGNAL,SUPPRESSED: eligibility snapshot time unpublished,"sell: $25,000 exceeds visible top-of-book ($530) on ticker-only symbol; buy: $25,000 exceeds visible top-of-book ($535) on ticker-only symbol",2026-09-18T23:05:03.291954+00:00,ticker_only,2026-09-19T03:05:03.356996+00:00,ticker_only,
rPCG-2026-06-30-1,rPCG,RPCGUSDT,2026-06-30,1000,0.05,0.035,0.035,0.035,True,GROSS,1,17.195,17.195,OBSERVED p_pre,0.0005,DOCUMENTED promotional 0.05% through 2026-08-31,0.0,0.0,REALISED overnight_2000 PDR,0.09509844650279414,-0.13009844650279415,-0.13009844650279415,-0.13009844650279415,-0.13009844650279415,-0.09509844650279414,-0.06009844650279414,HOLD,SUPPRESSED: eligibility snapshot time unpublished,,2026-09-18T23:05:03.291954+00:00,ticker_only,2026-09-19T03:05:03.356996+00:00,ticker_only,
rPCG-2026-06-30-1,rPCG,RPCGUSDT,2026-06-30,5000,0.05,0.035,0.035,0.035,True,GROSS,1,17.195,17.195,OBSERVED p_pre,0.0005,DOCUMENTED promotional 0.05% through 2026-08-31,0.0,0.0,REALISED overnight_2000 PDR,,,,,,,,NO_SIGNAL,SUPPRESSED: eligibility snapshot time unpublished,"sell: $5,000 exceeds visible top-of-book ($1,584) on ticker-only symbol",2026-09-18T23:05:03.291954+00:00,ticker_only,2026-09-19T03:05:03.356996+00:00,ticker_only,
rPCG-2026-06-30-1,rPCG,RPCGUSDT,2026-06-30,25000,0.05,0.035,0.035,0.035,True,GROSS,1,17.195,17.195,OBSERVED p_pre,0.0005,DOCUMENTED promotional 0.05% through 2026-08-31,0.0,0.0,REALISED overnight_2000 PDR,,,,,,,,NO_SIGNAL,SUPPRESSED: eligibility snapshot time unpublished,"sell: $25,000 exceeds visible top-of-book ($1,584) on ticker-only symbol",2026-09-18T23:05:03.291954+00:00,ticker_only,2026-09-19T03:05:03.356996+00:00,ticker_only,
rPM-2026-06-25-1,rPM,RPMUSDT,2026-06-25,1000,1.47,1.029,1.029,1.029,True,GROSS,1,178.004,176.49,OBSERVED p_pre,0.0005,DOCUMENTED promotional 0.05% through 2026-08-31,1.0299319727891032,0.0,REALISED overnight_2000 PDR,1.0964330609532358,-0.6114330609532541,-0.6114330609532541,-0.6114330609532541,-0.6114330609532541,0.4175669390467458,-1.5814330609532175,HOLD,SUPPRESSED: eligibility snapshot time unpublished,,2026-09-18T23:05:03.291954+00:00,ticker_only,2026-09-19T03:05:03.356996+00:00,ticker_only,
rPM-2026-06-25-1,rPM,RPMUSDT,2026-06-25,5000,1.47,1.029,1.029,1.029,True,GROSS,1,178.004,176.49,OBSERVED p_pre,0.0005,DOCUMENTED promotional 0.05% through 2026-08-31,1.0299319727891032,0.0,REALISED overnight_2000 PDR,,,,,,,,NO_SIGNAL,SUPPRESSED: eligibility snapshot time unpublished,"sell: $5,000 exceeds visible top-of-book ($3,582) on ticker-only symbol; buy: $5,000 exceeds visible top-of-book ($1,326) on ticker-only symbol",2026-09-18T23:05:03.291954+00:00,ticker_only,2026-09-19T03:05:03.356996+00:00,ticker_only,
rPM-2026-06-25-1,rPM,RPMUSDT,2026-06-25,25000,1.47,1.029,1.029,1.029,True,GROSS,1,178.004,176.49,OBSERVED p_pre,0.0005,DOCUMENTED promotional 0.05% through 2026-08-31,1.0299319727891032,0.0,REALISED overnight_2000 PDR,,,,,,,,NO_SIGNAL,SUPPRESSED: eligibility snapshot time unpublished,"sell: $25,000 exceeds visible top-of-book ($3,582) on ticker-only symbol; buy: $25,000 exceeds visible top-of-book ($1,326) on ticker-only symbol",2026-09-18T23:05:03.291954+00:00,ticker_only,2026-09-19T03:05:03.356996+00:00,ticker_only,
rQQQ-2026-06-22-1,rQQQ,RQQQUSDT,2026-06-22,1000,0.81349,0.569443,0.569443,0.569443,True,GROSS,1,739.817,739.802,OBSERVED p_pre,0.0005,DOCUMENTED promotional 0.05% through 2026-08-31,0.0184390711625052,0.0,REALISED overnight_2000 PDR,1.4005992553742932,-1.9550422553743068,-1.9550422553743068,-1.9550422553743068,-1.9550422553743068,-1.3855992553743068,-0.8461562553742795,HOLD,SUPPRESSED: eligibility snapshot time unpublished,,2026-09-18T23:05:03.291954+00:00,public_book,2026-09-19T03:05:03.356996+00:00,public_book,
rQQQ-2026-06-22-1,rQQQ,RQQQUSDT,2026-06-22,5000,0.81349,0.569443,0.569443,0.569443,True,GROSS,1,739.817,739.802,OBSERVED p_pre,0.0005,DOCUMENTED promotional 0.05% through 2026-08-31,0.0184390711625052,0.0,REALISED overnight_2000 PDR,1.4662915647824404,-2.020734564782454,-2.020734564782454,-2.020734564782454,-2.020734564782454,-1.451291564782454,-0.9118485647824267,HOLD,SUPPRESSED: eligibility snapshot time unpublished,,2026-09-18T23:05:03.291954+00:00,public_book,2026-09-19T03:05:03.356996+00:00,public_book,
rQQQ-2026-06-22-1,rQQQ,RQQQUSDT,2026-06-22,25000,0.81349,0.569443,0.569443,0.569443,True,GROSS,1,739.817,739.802,OBSERVED p_pre,0.0005,DOCUMENTED promotional 0.05% through 2026-08-31,0.0184390711625052,0.0,REALISED overnight_2000 PDR,1.517451018426371,-2.0718940184263848,-2.0718940184263848,-2.0718940184263848,-2.0718940184263848,-1.5024510184263846,-0.9630080184263573,HOLD,SUPPRESSED: eligibility snapshot time unpublished,,2026-09-18T23:05:03.291954+00:00,public_book,2026-09-19T03:05:03.356996+00:00,public_book,
rPSQ-2026-06-24-1,rPSQ,RPSQUSDT,2026-06-24,1000,0.228579,0.1600053,0.1600053,0.1600053,True,GROSS,1,25.97,25.81,OBSERVED p_pre,0.0005,DOCUMENTED promotional 0.05% through 2026-08-31,0.699976813268061,0.0,REALISED overnight_2000 PDR,,,,,,,,NO_SIGNAL,SUPPRESSED: eligibility snapshot time unpublished,"sell: $1,000 exceeds visible top-of-book ($26) on ticker-only symbol; buy: $1,000 exceeds visible top-of-book ($257) on ticker-only symbol",2026-09-18T23:05:03.291954+00:00,ticker_only,2026-09-19T03:05:03.356996+00:00,ticker_only,
rPSQ-2026-06-24-1,rPSQ,RPSQUSDT,2026-06-24,5000,0.228579,0.1600053,0.1600053,0.1600053,True,GROSS,1,25.97,25.81,OBSERVED p_pre,0.0005,DOCUMENTED promotional 0.05% through 2026-08-31,0.699976813268061,0.0,REALISED overnight_2000 PDR,,,,,,,,NO_SIGNAL,SUPPRESSED: eligibility snapshot time unpublished,"sell: $5,000 exceeds visible top-of-book ($26) on ticker-only symbol; buy: $5,000 exceeds visible top-of-book ($257) on ticker-only symbol",2026-09-18T23:05:03.291954+00:00,ticker_only,2026-09-19T03:05:03.356996+00:00,ticker_only,
rPSQ-2026-06-24-1,rPSQ,RPSQUSDT,2026-06-24,25000,0.228579,0.1600053,0.1600053,0.1600053,True,GROSS,1,25.97,25.81,OBSERVED p_pre,0.0005,DOCUMENTED promotional 0.05% through 2026-08-31,0.699976813268061,0.0,REALISED overnight_2000 PDR,,,,,,,,NO_SIGNAL,SUPPRESSED: eligibility snapshot time unpublished,"sell: $25,000 exceeds visible top-of-book ($26) on ticker-only symbol; buy: $25,000 exceeds visible top-of-book ($257) on ticker-only symbol",2026-09-18T23:05:03.291954+00:00,ticker_only,2026-09-19T03:05:03.356996+00:00,ticker_only,
rPWR-2026-07-01-1,rPWR,RPWRUSDT,2026-07-01,1000,0.11,0.077,0.077,0.077,True,GROSS,1,719.275,718.85,OBSERVED p_pre,0.0005,DOCUMENTED promotional 0.05% through 2026-08-31,3.8636363636359503,0.0,REALISED overnight_2000 PDR,,,,,,,,NO_SIGNAL,SUPPRESSED: eligibility snapshot time unpublished,"buy: $1,000 exceeds visible top-of-book ($638) on ticker-only symbol",2026-09-18T23:05:03.291954+00:00,ticker_only,2026-09-19T03:05:03.356996+00:00,ticker_only,
rPWR-2026-07-01-1,rPWR,RPWRUSDT,2026-07-01,5000,0.11,0.077,0.077,0.077,True,GROSS,1,719.275,718.85,OBSERVED p_pre,0.0005,DOCUMENTED promotional 0.05% through 2026-08-31,3.8636363636359503,0.0,REALISED overnight_2000 PDR,,,,,,,,NO_SIGNAL,SUPPRESSED: eligibility snapshot time unpublished,"sell: $5,000 exceeds visible top-of-book ($1,270) on ticker-only symbol; buy: $5,000 exceeds visible top-of-book ($638) on ticker-only symbol",2026-09-18T23:05:03.291954+00:00,ticker_only,2026-09-19T03:05:03.356996+00:00,ticker_only,
rPWR-2026-07-01-1,rPWR,RPWRUSDT,2026-07-01,25000,0.11,0.077,0.077,0.077,True,GROSS,1,719.275,718.85,OBSERVED p_pre,0.0005,DOCUMENTED promotional 0.05% through 2026-08-31,3.8636363636359503,0.0,REALISED overnight_2000 PDR,,,,,,,,NO_SIGNAL,SUPPRESSED: eligibility snapshot time unpublished,"sell: $25,000 exceeds visible top-of-book ($1,270) on ticker-only symbol; buy: $25,000 exceeds visible top-of-book ($638) on ticker-only symbol",2026-09-18T23:05:03.291954+00:00,ticker_only,2026-09-19T03:05:03.356996+00:00,ticker_only,
rSCHD-2026-06-24-1,rSCHD,RSCHDUSDT,2026-06-24,1000,0.2525,0.17675,0.17675,0.17675,True,GROSS,1,32.04,31.84,OBSERVED p_pre,0.0005,DOCUMENTED promotional 0.05% through 2026-08-31,0.7920792079207892,0.0,REALISED overnight_2000 PDR,,,,,,,,NO_SIGNAL,SUPPRESSED: eligibility snapshot time unpublished,"sell: $1,000 exceeds visible top-of-book ($236) on ticker-only symbol; buy: $1,000 exceeds visible top-of-book ($69) on ticker-only symbol",2026-09-18T23:05:03.291954+00:00,ticker_only,2026-09-19T03:05:03.356996+00:00,ticker_only,
rSCHD-2026-06-24-1,rSCHD,RSCHDUSDT,2026-06-24,5000,0.2525,0.17675,0.17675,0.17675,True,GROSS,1,32.04,31.84,OBSERVED p_pre,0.0005,DOCUMENTED promotional 0.05% through 2026-08-31,0.7920792079207892,0.0,REALISED overnight_2000 PDR,,,,,,,,NO_SIGNAL,SUPPRESSED: eligibility snapshot time unpublished,"sell: $5,000 exceeds visible top-of-book ($236) on ticker-only symbol; buy: $5,000 exceeds visible top-of-book ($69) on ticker-only symbol",2026-09-18T23:05:03.291954+00:00,ticker_only,2026-09-19T03:05:03.356996+00:00,ticker_only,
rSCHD-2026-06-24-1,rSCHD,RSCHDUSDT,2026-06-24,25000,0.2525,0.17675,0.17675,0.17675,True,GROSS,1,32.04,31.84,OBSERVED p_pre,0.0005,DOCUMENTED promotional 0.05% through 2026-08-31,0.7920792079207892,0.0,REALISED overnight_2000 PDR,,,,,,,,NO_SIGNAL,SUPPRESSED: eligibility snapshot time unpublished,"sell: $25,000 exceeds visible top-of-book ($236) on ticker-only symbol; buy: $25,000 exceeds visible top-of-book ($69) on ticker-only symbol",2026-09-18T23:05:03.291954+00:00,ticker_only,2026-09-19T03:05:03.356996+00:00,ticker_only,
rSGOV-2026-07-01-1,rSGOV,RSGOVUSDT,2026-07-01,1000,0.295765,0.2070355,0.2070355,0.2070355,True,GROSS,1,100.665,100.39,OBSERVED p_pre,0.0005,DOCUMENTED promotional 0.05% through 2026-08-31,0.9297922336990708,0.0,REALISED overnight_2000 PDR,0.1955630312224353,-0.12759853122242962,-0.12759853122242962,-0.12759853122242962,-0.12759853122242962,0.0794369687775704,-0.263527531222441,HOLD,SUPPRESSED: eligibility snapshot time unpublished,,2026-09-18T23:05:03.291954+00:00,public_book,2026-09-19T03:05:03.356996+00:00,public_book,
rSGOV-2026-07-01-1,rSGOV,RSGOVUSDT,2026-07-01,5000,0.295765,0.2070355,0.2070355,0.2070355,True,GROSS,1,100.665,100.39,OBSERVED p_pre,0.0005,DOCUMENTED promotional 0.05% through 2026-08-31,0.9297922336990708,0.0,REALISED overnight_2000 PDR,0.43981112004169065,-0.371846620041685,-0.371846620041685,-0.371846620041685,-0.371846620041685,-0.16481112004168497,-0.5077756200416963,HOLD,SUPPRESSED: eligibility snapshot time unpublished,,2026-09-18T23:05:03.291954+00:00,public_book,2026-09-19T03:05:03.356996+00:00,public_book,
rSGOV-2026-07-01-1,rSGOV,RSGOVUSDT,2026-07-01,25000,0.295765,0.2070355,0.2070355,0.2070355,True,GROSS,1,100.665,100.39,OBSERVED p_pre,0.0005,DOCUMENTED promotional 0.05% through 2026-08-31,0.9297922336990708,0.0,REALISED overnight_2000 PDR,0.8565162551431751,-0.7885517551431694,-0.7885517551431694,-0.7885517551431694,-0.7885517551431694,-0.5815162551431694,-0.9244807551431807,HOLD,SUPPRESSED: eligibility snapshot time unpublished,,2026-09-18T23:05:03.291954+00:00,public_book,2026-09-19T03:05:03.356996+00:00,public_book,
rSATA-2026-07-08-1,rSATA,RSATAUSDT,2026-07-08,1000,0.0493,0.03451,0.03450999999999999,0.0493,False,GROSS,2,96.995,96.7,OBSERVED p_pre,0.0005,DOCUMENTED promotional 0.05% through 2026-08-31,5.983772819472652,0.0,REALISED overnight_2000 PDR,0.1259002973601331,0.1345897026398686,0.1345897026398686,0.1345897026398686,0.11979970263986858,0.1690997026398686,-0.38639029736013486,EXIT,SUPPRESSED: eligibility snapshot time unpublished,,2026-09-18T23:05:03.291954+00:00,ticker_only,2026-09-19T03:05:03.356996+00:00,ticker_only,
rSATA-2026-07-08-1,rSATA,RSATAUSDT,2026-07-08,5000,0.0493,0.03451,0.03450999999999999,0.0493,False,GROSS,2,96.995,96.7,OBSERVED p_pre,0.0005,DOCUMENTED promotional 0.05% through 2026-08-31,5.983772819472652,0.0,REALISED overnight_2000 PDR,,,,,,,,NO_SIGNAL,SUPPRESSED: eligibility snapshot time unpublished,"buy: $5,000 exceeds visible top-of-book ($2,500) on ticker-only symbol",2026-09-18T23:05:03.291954+00:00,ticker_only,2026-09-19T03:05:03.356996+00:00,ticker_only,
rSATA-2026-07-08-1,rSATA,RSATAUSDT,2026-07-08,25000,0.0493,0.03451,0.03450999999999999,0.0493,False,GROSS,2,96.995,96.7,OBSERVED p_pre,0.0005,DOCUMENTED promotional 0.05% through 2026-08-31,5.983772819472652,0.0,REALISED overnight_2000 PDR,,,,,,,,NO_SIGNAL,SUPPRESSED: eligibility snapshot time unpublished,"sell: $25,000 exceeds visible top-of-book ($5,499) on ticker-only symbol; buy: $25,000 exceeds visible top-of-book ($2,500) on ticker-only symbol",2026-09-18T23:05:03.291954+00:00,ticker_only,2026-09-19T03:05:03.356996+00:00,ticker_only,
rSATA-2026-07-09-1,rSATA,RSATAUSDT,2026-07-09,1000,0.0493,0.03451,0.03451,0.03451,True,GROSS,1,96.21,96.96,OBSERVED p_pre,0.0005,DOCUMENTED promotional 0.05% through 2026-08-31,-15.212981744421908,0.0,REALISED overnight_2000 PDR,0.12555905129743622,-0.9100690512974363,-0.9100690512974363,-0.9100690512974363,-0.9100690512974363,-0.8755590512974363,0.6589509487025638,HOLD,SUPPRESSED: eligibility snapshot time unpublished,,2026-09-18T23:05:03.291954+00:00,ticker_only,2026-09-19T03:05:03.356996+00:00,ticker_only,
rSATA-2026-07-09-1,rSATA,RSATAUSDT,2026-07-09,5000,0.0493,0.03451,0.03451,0.03451,True,GROSS,1,96.21,96.96,OBSERVED p_pre,0.0005,DOCUMENTED promotional 0.05% through 2026-08-31,-15.212981744421908,0.0,REALISED overnight_2000 PDR,,,,,,,,NO_SIGNAL,SUPPRESSED: eligibility snapshot time unpublished,"buy: $5,000 exceeds visible top-of-book ($2,500) on ticker-only symbol",2026-09-18T23:05:03.291954+00:00,ticker_only,2026-09-19T03:05:03.356996+00:00,ticker_only,
rSATA-2026-07-09-1,rSATA,RSATAUSDT,2026-07-09,25000,0.0493,0.03451,0.03451,0.03451,True,GROSS,1,96.21,96.96,OBSERVED p_pre,0.0005,DOCUMENTED promotional 0.05% through 2026-08-31,-15.212981744421908,0.0,REALISED overnight_2000 PDR,,,,,,,,NO_SIGNAL,SUPPRESSED: eligibility snapshot time unpublished,"sell: $25,000 exceeds visible top-of-book ($5,499) on ticker-only symbol; buy: $25,000 exceeds visible top-of-book ($2,500) on ticker-only symbol",2026-09-18T23:05:03.291954+00:00,ticker_only,2026-09-19T03:05:03.356996+00:00,ticker_only,
rSATA-2026-07-10-1,rSATA,RSATAUSDT,2026-07-10,1000,0.0493,0.03451,0.03451,0.03451,True,GROSS,1,97.195,99.98,OBSERVED p_pre,0.0005,DOCUMENTED promotional 0.05% through 2026-08-31,-56.49087221095357,0.0,REALISED overnight_2000 PDR,0.12816227126143806,-2.9476722712614487,-2.9476722712614487,-2.9476722712614487,-2.9476722712614487,-2.9131622712614487,2.691347728738573,HOLD,SUPPRESSED: eligibility snapshot time unpublished,,2026-09-18T23:05:03.291954+00:00,ticker_only,2026-09-19T03:05:03.356996+00:00,ticker_only,
rSATA-2026-07-10-1,rSATA,RSATAUSDT,2026-07-10,5000,0.0493,0.03451,0.03451,0.03451,True,GROSS,1,97.195,99.98,OBSERVED p_pre,0.0005,DOCUMENTED promotional 0.05% through 2026-08-31,-56.49087221095357,0.0,REALISED overnight_2000 PDR,,,,,,,,NO_SIGNAL,SUPPRESSED: eligibility snapshot time unpublished,"buy: $5,000 exceeds visible top-of-book ($2,500) on ticker-only symbol",2026-09-18T23:05:03.291954+00:00,ticker_only,2026-09-19T03:05:03.356996+00:00,ticker_only,
rSATA-2026-07-10-1,rSATA,RSATAUSDT,2026-07-10,25000,0.0493,0.03451,0.03451,0.03451,True,GROSS,1,97.195,99.98,OBSERVED p_pre,0.0005,DOCUMENTED promotional 0.05% through 2026-08-31,-56.49087221095357,0.0,REALISED overnight_2000 PDR,,,,,,,,NO_SIGNAL,SUPPRESSED: eligibility snapshot time unpublished,"sell: $25,000 exceeds visible top-of-book ($5,499) on ticker-only symbol; buy: $25,000 exceeds visible top-of-book ($2,500) on ticker-only symbol",2026-09-18T23:05:03.291954+00:00,ticker_only,2026-09-19T03:05:03.356996+00:00,ticker_only,
rSATA-2026-07-13-1,rSATA,RSATAUSDT,2026-07-13,1000,0.0493,0.03451,0.03451,0.03451,True,GROSS,1,97.54,97.543,OBSERVED p_pre,0.0005,DOCUMENTED promotional 0.05% through 2026-08-31,-0.06085192697768994,0.0,REALISED overnight_2000 PDR,0.1268024869506536,-0.1643124869506537,-0.1643124869506537,-0.1643124869506537,-0.1643124869506537,-0.12980248695065372,-0.08929248695065349,HOLD,SUPPRESSED: eligibility snapshot time unpublished,,2026-09-18T23:05:03.291954+00:00,ticker_only,2026-09-19T03:05:03.356996+00:00,ticker_only,
rSATA-2026-07-13-1,rSATA,RSATAUSDT,2026-07-13,5000,0.0493,0.03451,0.03451,0.03451,True,GROSS,1,97.54,97.543,OBSERVED p_pre,0.0005,DOCUMENTED promotional 0.05% through 2026-08-31,-0.06085192697768994,0.0,REALISED overnight_2000 PDR,,,,,,,,NO_SIGNAL,SUPPRESSED: eligibility snapshot time unpublished,"buy: $5,000 exceeds visible top-of-book ($2,500) on ticker-only symbol",2026-09-18T23:05:03.291954+00:00,ticker_only,2026-09-19T03:05:03.356996+00:00,ticker_only,
rSATA-2026-07-13-1,rSATA,RSATAUSDT,2026-07-13,25000,0.0493,0.03451,0.03451,0.03451,True,GROSS,1,97.54,97.543,OBSERVED p_pre,0.0005,DOCUMENTED promotional 0.05% through 2026-08-31,-0.06085192697768994,0.0,REALISED overnight_2000 PDR,,,,,,,,NO_SIGNAL,SUPPRESSED: eligibility snapshot time unpublished,"sell: $25,000 exceeds visible top-of-book ($5,499) on ticker-only symbol; buy: $25,000 exceeds visible top-of-book ($2,500) on ticker-only symbol",2026-09-18T23:05:03.291954+00:00,ticker_only,2026-09-19T03:05:03.356996+00:00,ticker_only,
rSATA-2026-07-14-1,rSATA,RSATAUSDT,2026-07-14,1000,0.0493,0.03451,0.03451,0.03451,True,GROSS,1,96.74,96.98,OBSERVED p_pre,0.0005,DOCUMENTED promotional 0.05% through 2026-08-31,-4.868154158215195,0.0,REALISED overnight_2000 PDR,0.12591654717264247,-0.4004265471726516,-0.4004265471726516,-0.4004265471726516,-0.4004265471726516,-0.3659165471726516,0.14859345282736666,HOLD,SUPPRESSED: eligibility snapshot time unpublished,,2026-09-18T23:05:03.291954+00:00,ticker_only,2026-09-19T03:05:03.356996+00:00,ticker_only,
rSATA-2026-07-14-1,rSATA,RSATAUSDT,2026-07-14,5000,0.0493,0.03451,0.03451,0.03451,True,GROSS,1,96.74,96.98,OBSERVED p_pre,0.0005,DOCUMENTED promotional 0.05% through 2026-08-31,-4.868154158215195,0.0,REALISED overnight_2000 PDR,,,,,,,,NO_SIGNAL,SUPPRESSED: eligibility snapshot time unpublished,"buy: $5,000 exceeds visible top-of-book ($2,500) on ticker-only symbol",2026-09-18T23:05:03.291954+00:00,ticker_only,2026-09-19T03:05:03.356996+00:00,ticker_only,
rSATA-2026-07-14-1,rSATA,RSATAUSDT,2026-07-14,25000,0.0493,0.03451,0.03451,0.03451,True,GROSS,1,96.74,96.98,OBSERVED p_pre,0.0005,DOCUMENTED promotional 0.05% through 2026-08-31,-4.868154158215195,0.0,REALISED overnight_2000 PDR,,,,,,,,NO_SIGNAL,SUPPRESSED: eligibility snapshot time unpublished,"sell: $25,000 exceeds visible top-of-book ($5,499) on ticker-only symbol; buy: $25,000 exceeds visible top-of-book ($2,500) on ticker-only symbol",2026-09-18T23:05:03.291954+00:00,ticker_only,2026-09-19T03:05:03.356996+00:00,ticker_only,
rSATA-2026-07-15-1,rSATA,RSATAUSDT,2026-07-15,1000,0.0493,0.03451,0.03450999999999999,0.0493,False,GROSS,2,97.875,97.875,OBSERVED p_pre,0.0005,DOCUMENTED promotional 0.05% through 2026-08-31,0.0,0.0,REALISED overnight_2000 PDR,0.1272360319484037,-0.1617460319484037,-0.1617460319484037,-0.16174603194840367,-0.17653603194840367,-0.1272360319484037,-0.09272603194840369,HOLD,SUPPRESSED: eligibility snapshot time unpublished,,2026-09-18T23:05:03.291954+00:00,ticker_only,2026-09-19T03:05:03.356996+00:00,ticker_only,
rSATA-2026-07-15-1,rSATA,RSATAUSDT,2026-07-15,5000,0.0493,0.03451,0.03450999999999999,0.0493,False,GROSS,2,97.875,97.875,OBSERVED p_pre,0.0005,DOCUMENTED promotional 0.05% through 2026-08-31,0.0,0.0,REALISED overnight_2000 PDR,,,,,,,,NO_SIGNAL,SUPPRESSED: eligibility snapshot time unpublished,"buy: $5,000 exceeds visible top-of-book ($2,500) on ticker-only symbol",2026-09-18T23:05:03.291954+00:00,ticker_only,2026-09-19T03:05:03.356996+00:00,ticker_only,
rSATA-2026-07-15-1,rSATA,RSATAUSDT,2026-07-15,25000,0.0493,0.03451,0.03450999999999999,0.0493,False,GROSS,2,97.875,97.875,OBSERVED p_pre,0.0005,DOCUMENTED promotional 0.05% through 2026-08-31,0.0,0.0,REALISED overnight_2000 PDR,,,,,,,,NO_SIGNAL,SUPPRESSED: eligibility snapshot time unpublished,"sell: $25,000 exceeds visible top-of-book ($5,499) on ticker-only symbol; buy: $25,000 exceeds visible top-of-book ($2,500) on ticker-only symbol",2026-09-18T23:05:03.291954+00:00,ticker_only,2026-09-19T03:05:03.356996+00:00,ticker_only,
rSATA-2026-07-16-1,rSATA,RSATAUSDT,2026-07-16,1000,0.0493,0.03451,0.03450999999999999,0.0493,False,GROSS,2,98.401,98.76,OBSERVED p_pre,0.0005,DOCUMENTED promotional 0.05% through 2026-08-31,-7.281947261663467,0.0,REALISED overnight_2000 PDR,0.1281531713664328,-0.5216631713664417,-0.5216631713664417,-0.5216631713664417,-0.5364531713664417,-0.48715317136644165,0.265356828633576,HOLD,SUPPRESSED: eligibility snapshot time unpublished,,2026-09-18T23:05:03.291954+00:00,ticker_only,2026-09-19T03:05:03.356996+00:00,ticker_only,
rSATA-2026-07-16-1,rSATA,RSATAUSDT,2026-07-16,5000,0.0493,0.03451,0.03450999999999999,0.0493,False,GROSS,2,98.401,98.76,OBSERVED p_pre,0.0005,DOCUMENTED promotional 0.05% through 2026-08-31,-7.281947261663467,0.0,REALISED overnight_2000 PDR,,,,,,,,NO_SIGNAL,SUPPRESSED: eligibility snapshot time unpublished,"buy: $5,000 exceeds visible top-of-book ($2,500) on ticker-only symbol",2026-09-18T23:05:03.291954+00:00,ticker_only,2026-09-19T03:05:03.356996+00:00,ticker_only,
rSATA-2026-07-16-1,rSATA,RSATAUSDT,2026-07-16,25000,0.0493,0.03451,0.03450999999999999,0.0493,False,GROSS,2,98.401,98.76,OBSERVED p_pre,0.0005,DOCUMENTED promotional 0.05% through 2026-08-31,-7.281947261663467,0.0,REALISED overnight_2000 PDR,,,,,,,,NO_SIGNAL,SUPPRESSED: eligibility snapshot time unpublished,"sell: $25,000 exceeds visible top-of-book ($5,499) on ticker-only symbol; buy: $25,000 exceeds visible top-of-book ($2,500) on ticker-only symbol",2026-09-18T23:05:03.291954+00:00,ticker_only,2026-09-19T03:05:03.356996+00:00,ticker_only,
rSATA-2026-07-17-1,rSATA,RSATAUSDT,2026-07-17,1000,0.0493,0.03451,0.03450999999999999,0.0493,False,GROSS,2,97.073,95.05,OBSERVED p_pre,0.0005,DOCUMENTED promotional 0.05% through 2026-08-31,41.03448275862061,0.0,REALISED overnight_2000 PDR,0.12487850914954361,1.8636114908504524,1.8636114908504524,1.8636114908504524,1.8488214908504526,1.8981214908504525,-2.1133685091495398,EXIT,SUPPRESSED: eligibility snapshot time unpublished,,2026-09-18T23:05:03.291954+00:00,ticker_only,2026-09-19T03:05:03.356996+00:00,ticker_only,
rSATA-2026-07-17-1,rSATA,RSATAUSDT,2026-07-17,5000,0.0493,0.03451,0.03450999999999999,0.0493,False,GROSS,2,97.073,95.05,OBSERVED p_pre,0.0005,DOCUMENTED promotional 0.05% through 2026-08-31,41.03448275862061,0.0,REALISED overnight_2000 PDR,,,,,,,,NO_SIGNAL,SUPPRESSED: eligibility snapshot time unpublished,"buy: $5,000 exceeds visible top-of-book ($2,500) on ticker-only symbol",2026-09-18T23:05:03.291954+00:00,ticker_only,2026-09-19T03:05:03.356996+00:00,ticker_only,
rSATA-2026-07-17-1,rSATA,RSATAUSDT,2026-07-17,25000,0.0493,0.03451,0.03450999999999999,0.0493,False,GROSS,2,97.073,95.05,OBSERVED p_pre,0.0005,DOCUMENTED promotional 0.05% through 2026-08-31,41.03448275862061,0.0,REALISED overnight_2000 PDR,,,,,,,,NO_SIGNAL,SUPPRESSED: eligibility snapshot time unpublished,"sell: $25,000 exceeds visible top-of-book ($5,499) on ticker-only symbol; buy: $25,000 exceeds visible top-of-book ($2,500) on ticker-only symbol",2026-09-18T23:05:03.291954+00:00,ticker_only,2026-09-19T03:05:03.356996+00:00,ticker_only,
rSATA-2026-07-20-1,rSATA,RSATAUSDT,2026-07-20,1000,0.0493,0.03451,0.03450999999999999,0.0493,False,GROSS,2,98.19,97.77,OBSERVED p_pre,0.0005,DOCUMENTED promotional 0.05% through 2026-08-31,8.519269776876303,0.0,REALISED overnight_2000 PDR,0.12737253037348245,0.25811746962651927,0.25811746962651927,0.25811746962651927,0.24332746962651924,0.29262746962651925,-0.5128625303734842,EXIT,SUPPRESSED: eligibility snapshot time unpublished,,2026-09-18T23:05:03.291954+00:00,ticker_only,2026-09-19T03:05:03.356996+00:00,ticker_only,
rSATA-2026-07-20-1,rSATA,RSATAUSDT,2026-07-20,5000,0.0493,0.03451,0.03450999999999999,0.0493,False,GROSS,2,98.19,97.77,OBSERVED p_pre,0.0005,DOCUMENTED promotional 0.05% through 2026-08-31,8.519269776876303,0.0,REALISED overnight_2000 PDR,,,,,,,,NO_SIGNAL,SUPPRESSED: eligibility snapshot time unpublished,"buy: $5,000 exceeds visible top-of-book ($2,500) on ticker-only symbol",2026-09-18T23:05:03.291954+00:00,ticker_only,2026-09-19T03:05:03.356996+00:00,ticker_only,
rSATA-2026-07-20-1,rSATA,RSATAUSDT,2026-07-20,25000,0.0493,0.03451,0.03450999999999999,0.0493,False,GROSS,2,98.19,97.77,OBSERVED p_pre,0.0005,DOCUMENTED promotional 0.05% through 2026-08-31,8.519269776876303,0.0,REALISED overnight_2000 PDR,,,,,,,,NO_SIGNAL,SUPPRESSED: eligibility snapshot time unpublished,"sell: $25,000 exceeds visible top-of-book ($5,499) on ticker-only symbol; buy: $25,000 exceeds visible top-of-book ($2,500) on ticker-only symbol",2026-09-18T23:05:03.291954+00:00,ticker_only,2026-09-19T03:05:03.356996+00:00,ticker_only,
rSATA-2026-07-21-1,rSATA,RSATAUSDT,2026-07-21,1000,0.0493,0.03451,0.03451,0.03451,True,GROSS,1,97.91,97.78,OBSERVED p_pre,0.0005,DOCUMENTED promotional 0.05% through 2026-08-31,2.6369168356997053,0.0,REALISED overnight_2000 PDR,0.1271970323983812,-0.03170703239838575,-0.03170703239838575,-0.03170703239838575,-0.03170703239838575,0.002802967601614248,-0.22268703239837667,HOLD,SUPPRESSED: eligibility snapshot time unpublished,,2026-09-18T23:05:03.291954+00:00,ticker_only,2026-09-19T03:05:03.356996+00:00,ticker_only,
rSATA-2026-07-21-1,rSATA,RSATAUSDT,2026-07-21,5000,0.0493,0.03451,0.03451,0.03451,True,GROSS,1,97.91,97.78,OBSERVED p_pre,0.0005,DOCUMENTED promotional 0.05% through 2026-08-31,2.6369168356997053,0.0,REALISED overnight_2000 PDR,,,,,,,,NO_SIGNAL,SUPPRESSED: eligibility snapshot time unpublished,"buy: $5,000 exceeds visible top-of-book ($2,500) on ticker-only symbol",2026-09-18T23:05:03.291954+00:00,ticker_only,2026-09-19T03:05:03.356996+00:00,ticker_only,
rSATA-2026-07-21-1,rSATA,RSATAUSDT,2026-07-21,25000,0.0493,0.03451,0.03451,0.03451,True,GROSS,1,97.91,97.78,OBSERVED p_pre,0.0005,DOCUMENTED promotional 0.05% through 2026-08-31,2.6369168356997053,0.0,REALISED overnight_2000 PDR,,,,,,,,NO_SIGNAL,SUPPRESSED: eligibility snapshot time unpublished,"sell: $25,000 exceeds visible top-of-book ($5,499) on ticker-only symbol; buy: $25,000 exceeds visible top-of-book ($2,500) on ticker-only symbol",2026-09-18T23:05:03.291954+00:00,ticker_only,2026-09-19T03:05:03.356996+00:00,ticker_only,
rSATA-2026-07-22-1,rSATA,RSATAUSDT,2026-07-22,1000,0.0493,0.03451,0.03450999999999999,0.0493,False,GROSS,2,98.101,98.29,OBSERVED p_pre,0.0005,DOCUMENTED promotional 0.05% through 2026-08-31,-3.8336713995944662,0.0,REALISED overnight_2000 PDR,0.12765267714114406,-0.35116267714115124,-0.35116267714115124,-0.35116267714115124,-0.3659526771411512,-0.3166526771411512,0.09585732285886309,HOLD,SUPPRESSED: eligibility snapshot time unpublished,,2026-09-18T23:05:03.291954+00:00,ticker_only,2026-09-19T03:05:03.356996+00:00,ticker_only,
rSATA-2026-07-22-1,rSATA,RSATAUSDT,2026-07-22,5000,0.0493,0.03451,0.03450999999999999,0.0493,False,GROSS,2,98.101,98.29,OBSERVED p_pre,0.0005,DOCUMENTED promotional 0.05% through 2026-08-31,-3.8336713995944662,0.0,REALISED overnight_2000 PDR,,,,,,,,NO_SIGNAL,SUPPRESSED: eligibility snapshot time unpublished,"buy: $5,000 exceeds visible top-of-book ($2,500) on ticker-only symbol",2026-09-18T23:05:03.291954+00:00,ticker_only,2026-09-19T03:05:03.356996+00:00,ticker_only,
rSATA-2026-07-22-1,rSATA,RSATAUSDT,2026-07-22,25000,0.0493,0.03451,0.03450999999999999,0.0493,False,GROSS,2,98.101,98.29,OBSERVED p_pre,0.0005,DOCUMENTED promotional 0.05% through 2026-08-31,-3.8336713995944662,0.0,REALISED overnight_2000 PDR,,,,,,,,NO_SIGNAL,SUPPRESSED: eligibility snapshot time unpublished,"sell: $25,000 exceeds visible top-of-book ($5,499) on ticker-only symbol; buy: $25,000 exceeds visible top-of-book ($2,500) on ticker-only symbol",2026-09-18T23:05:03.291954+00:00,ticker_only,2026-09-19T03:05:03.356996+00:00,ticker_only,
rSATA-2026-07-23-1,rSATA,RSATAUSDT,2026-07-23,1000,0.0493,0.03451,0.03450999999999999,0.0493,False,GROSS,2,97.859,98.08,OBSERVED p_pre,0.0005,DOCUMENTED promotional 0.05% through 2026-08-31,-4.482758620689729,0.0,REALISED overnight_2000 PDR,0.12735888053097458,-0.38286888053097823,-0.38286888053097823,-0.38286888053097823,-0.3976588805309782,-0.3483588805309782,0.12815111946902905,HOLD,SUPPRESSED: eligibility snapshot time unpublished,,2026-09-18T23:05:03.291954+00:00,ticker_only,2026-09-19T03:05:03.356996+00:00,ticker_only,
rSATA-2026-07-23-1,rSATA,RSATAUSDT,2026-07-23,5000,0.0493,0.03451,0.03450999999999999,0.0493,False,GROSS,2,97.859,98.08,OBSERVED p_pre,0.0005,DOCUMENTED promotional 0.05% through 2026-08-31,-4.482758620689729,0.0,REALISED overnight_2000 PDR,,,,,,,,NO_SIGNAL,SUPPRESSED: eligibility snapshot time unpublished,"buy: $5,000 exceeds visible top-of-book ($2,500) on ticker-only symbol",2026-09-18T23:05:03.291954+00:00,ticker_only,2026-09-19T03:05:03.356996+00:00,ticker_only,
rSATA-2026-07-23-1,rSATA,RSATAUSDT,2026-07-23,25000,0.0493,0.03451,0.03450999999999999,0.0493,False,GROSS,2,97.859,98.08,OBSERVED p_pre,0.0005,DOCUMENTED promotional 0.05% through 2026-08-31,-4.482758620689729,0.0,REALISED overnight_2000 PDR,,,,,,,,NO_SIGNAL,SUPPRESSED: eligibility snapshot time unpublished,"sell: $25,000 exceeds visible top-of-book ($5,499) on ticker-only symbol; buy: $25,000 exceeds visible top-of-book ($2,500) on ticker-only symbol",2026-09-18T23:05:03.291954+00:00,ticker_only,2026-09-19T03:05:03.356996+00:00,ticker_only,
rSATA-2026-07-24-1,rSATA,RSATAUSDT,2026-07-24,1000,0.0493,0.03451,0.03450999999999999,0.0493,False,GROSS,2,96.747,96.898,OBSERVED p_pre,0.0005,DOCUMENTED promotional 0.05% through 2026-08-31,-3.0628803245435345,0.0,REALISED overnight_2000 PDR,0.12586779773511433,-0.31137779773511054,-0.31137779773511054,-0.31137779773511054,-0.3261677977351106,-0.2768677977351106,0.0596422022648819,HOLD,SUPPRESSED: eligibility snapshot time unpublished,,2026-09-18T23:05:03.291954+00:00,ticker_only,2026-09-19T03:05:03.356996+00:00,ticker_only,
rSATA-2026-07-24-1,rSATA,RSATAUSDT,2026-07-24,5000,0.0493,0.03451,0.03450999999999999,0.0493,False,GROSS,2,96.747,96.898,OBSERVED p_pre,0.0005,DOCUMENTED promotional 0.05% through 2026-08-31,-3.0628803245435345,0.0,REALISED overnight_2000 PDR,,,,,,,,NO_SIGNAL,SUPPRESSED: eligibility snapshot time unpublished,"buy: $5,000 exceeds visible top-of-book ($2,500) on ticker-only symbol",2026-09-18T23:05:03.291954+00:00,ticker_only,2026-09-19T03:05:03.356996+00:00,ticker_only,
rSATA-2026-07-24-1,rSATA,RSATAUSDT,2026-07-24,25000,0.0493,0.03451,0.03450999999999999,0.0493,False,GROSS,2,96.747,96.898,OBSERVED p_pre,0.0005,DOCUMENTED promotional 0.05% through 2026-08-31,-3.0628803245435345,0.0,REALISED overnight_2000 PDR,,,,,,,,NO_SIGNAL,SUPPRESSED: eligibility snapshot time unpublished,"sell: $25,000 exceeds visible top-of-book ($5,499) on ticker-only symbol; buy: $25,000 exceeds visible top-of-book ($2,500) on ticker-only symbol",2026-09-18T23:05:03.291954+00:00,ticker_only,2026-09-19T03:05:03.356996+00:00,ticker_only,
rSATA-2026-07-27-1,rSATA,RSATAUSDT,2026-07-27,1000,0.0493,0.03451,0.03450999999999999,0.0493,False,GROSS,2,97.002,96.72,OBSERVED p_pre,0.0005,DOCUMENTED promotional 0.05% through 2026-08-31,5.720081135902566,0.0,REALISED overnight_2000 PDR,0.1259178471576432,0.12157215284235329,0.12157215284235329,0.12157215284235329,0.10678215284235326,0.15608215284235327,-0.3734078471576397,EXIT,SUPPRESSED: eligibility snapshot time unpublished,,2026-09-18T23:05:03.291954+00:00,ticker_only,2026-09-19T03:05:03.356996+00:00,ticker_only,
rSATA-2026-07-27-1,rSATA,RSATAUSDT,2026-07-27,5000,0.0493,0.03451,0.03450999999999999,0.0493,False,GROSS,2,97.002,96.72,OBSERVED p_pre,0.0005,DOCUMENTED promotional 0.05% through 2026-08-31,5.720081135902566,0.0,REALISED overnight_2000 PDR,,,,,,,,NO_SIGNAL,SUPPRESSED: eligibility snapshot time unpublished,"buy: $5,000 exceeds visible top-of-book ($2,500) on ticker-only symbol",2026-09-18T23:05:03.291954+00:00,ticker_only,2026-09-19T03:05:03.356996+00:00,ticker_only,
rSATA-2026-07-27-1,rSATA,RSATAUSDT,2026-07-27,25000,0.0493,0.03451,0.03450999999999999,0.0493,False,GROSS,2,97.002,96.72,OBSERVED p_pre,0.0005,DOCUMENTED promotional 0.05% through 2026-08-31,5.720081135902566,0.0,REALISED overnight_2000 PDR,,,,,,,,NO_SIGNAL,SUPPRESSED: eligibility snapshot time unpublished,"sell: $25,000 exceeds visible top-of-book ($5,499) on ticker-only symbol; buy: $25,000 exceeds visible top-of-book ($2,500) on ticker-only symbol",2026-09-18T23:05:03.291954+00:00,ticker_only,2026-09-19T03:05:03.356996+00:00,ticker_only,
rSATA-2026-07-28-1,rSATA,RSATAUSDT,2026-07-28,1000,0.0493,0.03451,0.03450999999999999,0.0493,False,GROSS,2,96.75,97.5,OBSERVED p_pre,0.0005,DOCUMENTED promotional 0.05% through 2026-08-31,-15.212981744421908,0.0,REALISED overnight_2000 PDR,0.1262610431978412,-0.9107710431978413,-0.9107710431978413,-0.9107710431978413,-0.9255610431978412,-0.8762610431978413,0.6582489568021588,HOLD,SUPPRESSED: eligibility snapshot time unpublished,,2026-09-18T23:05:03.291954+00:00,ticker_only,2026-09-19T03:05:03.356996+00:00,ticker_only,
rSATA-2026-07-28-1,rSATA,RSATAUSDT,2026-07-28,5000,0.0493,0.03451,0.03450999999999999,0.0493,False,GROSS,2,96.75,97.5,OBSERVED p_pre,0.0005,DOCUMENTED promotional 0.05% through 2026-08-31,-15.212981744421908,0.0,REALISED overnight_2000 PDR,,,,,,,,NO_SIGNAL,SUPPRESSED: eligibility snapshot time unpublished,"buy: $5,000 exceeds visible top-of-book ($2,500) on ticker-only symbol",2026-09-18T23:05:03.291954+00:00,ticker_only,2026-09-19T03:05:03.356996+00:00,ticker_only,
rSATA-2026-07-28-1,rSATA,RSATAUSDT,2026-07-28,25000,0.0493,0.03451,0.03450999999999999,0.0493,False,GROSS,2,96.75,97.5,OBSERVED p_pre,0.0005,DOCUMENTED promotional 0.05% through 2026-08-31,-15.212981744421908,0.0,REALISED overnight_2000 PDR,,,,,,,,NO_SIGNAL,SUPPRESSED: eligibility snapshot time unpublished,"sell: $25,000 exceeds visible top-of-book ($5,499) on ticker-only symbol; buy: $25,000 exceeds visible top-of-book ($2,500) on ticker-only symbol",2026-09-18T23:05:03.291954+00:00,ticker_only,2026-09-19T03:05:03.356996+00:00,ticker_only,
rSATA-2026-07-29-1,rSATA,RSATAUSDT,2026-07-29,1000,0.0493,0.03451,0.03450999999999999,0.0493,False,GROSS,2,96.5,95.4,OBSERVED p_pre,0.0005,DOCUMENTED promotional 0.05% through 2026-08-31,22.312373225152015,0.0,REALISED overnight_2000 PDR,0.12473356082196,0.9407564391780343,0.9407564391780343,0.9407564391780343,0.9259664391780345,0.9752664391780344,-1.1902235608219542,EXIT,SUPPRESSED: eligibility snapshot time unpublished,,2026-09-18T23:05:03.291954+00:00,ticker_only,2026-09-19T03:05:03.356996+00:00,ticker_only,
rSATA-2026-07-29-1,rSATA,RSATAUSDT,2026-07-29,5000,0.0493,0.03451,0.03450999999999999,0.0493,False,GROSS,2,96.5,95.4,OBSERVED p_pre,0.0005,DOCUMENTED promotional 0.05% through 2026-08-31,22.312373225152015,0.0,REALISED overnight_2000 PDR,,,,,,,,NO_SIGNAL,SUPPRESSED: eligibility snapshot time unpublished,"buy: $5,000 exceeds visible top-of-book ($2,500) on ticker-only symbol",2026-09-18T23:05:03.291954+00:00,ticker_only,2026-09-19T03:05:03.356996+00:00,ticker_only,
rSATA-2026-07-29-1,rSATA,RSATAUSDT,2026-07-29,25000,0.0493,0.03451,0.03450999999999999,0.0493,False,GROSS,2,96.5,95.4,OBSERVED p_pre,0.0005,DOCUMENTED promotional 0.05% through 2026-08-31,22.312373225152015,0.0,REALISED overnight_2000 PDR,,,,,,,,NO_SIGNAL,SUPPRESSED: eligibility snapshot time unpublished,"sell: $25,000 exceeds visible top-of-book ($5,499) on ticker-only symbol; buy: $25,000 exceeds visible top-of-book ($2,500) on ticker-only symbol",2026-09-18T23:05:03.291954+00:00,ticker_only,2026-09-19T03:05:03.356996+00:00,ticker_only,
rSATA-2026-07-30-1,rSATA,RSATAUSDT,2026-07-30,1000,0.0493,0.03451,0.03450999999999999,0.0493,False,GROSS,2,95.775,97.5,OBSERVED p_pre,0.0005,DOCUMENTED promotional 0.05% through 2026-08-31,-34.989858012170274,0.0,REALISED overnight_2000 PDR,0.1256273005099756,-1.8851373005099699,-1.8851373005099699,-1.8851373005099699,-1.8999273005099697,-1.8506273005099698,1.6338826994900189,HOLD,SUPPRESSED: eligibility snapshot time unpublished,,2026-09-18T23:05:03.291954+00:00,ticker_only,2026-09-19T03:05:03.356996+00:00,ticker_only,
rSATA-2026-07-30-1,rSATA,RSATAUSDT,2026-07-30,5000,0.0493,0.03451,0.03450999999999999,0.0493,False,GROSS,2,95.775,97.5,OBSERVED p_pre,0.0005,DOCUMENTED promotional 0.05% through 2026-08-31,-34.989858012170274,0.0,REALISED overnight_2000 PDR,,,,,,,,NO_SIGNAL,SUPPRESSED: eligibility snapshot time unpublished,"buy: $5,000 exceeds visible top-of-book ($2,500) on ticker-only symbol",2026-09-18T23:05:03.291954+00:00,ticker_only,2026-09-19T03:05:03.356996+00:00,ticker_only,
rSATA-2026-07-30-1,rSATA,RSATAUSDT,2026-07-30,25000,0.0493,0.03451,0.03450999999999999,0.0493,False,GROSS,2,95.775,97.5,OBSERVED p_pre,0.0005,DOCUMENTED promotional 0.05% through 2026-08-31,-34.989858012170274,0.0,REALISED overnight_2000 PDR,,,,,,,,NO_SIGNAL,SUPPRESSED: eligibility snapshot time unpublished,"sell: $25,000 exceeds visible top-of-book ($5,499) on ticker-only symbol; buy: $25,000 exceeds visible top-of-book ($2,500) on ticker-only symbol",2026-09-18T23:05:03.291954+00:00,ticker_only,2026-09-19T03:05:03.356996+00:00,ticker_only,
rSATA-2026-07-31-1,rSATA,RSATAUSDT,2026-07-31,1000,0.0516,0.03612,0.03612,0.0516,False,GROSS,2,97.477,97.42,OBSERVED p_pre,0.0005,DOCUMENTED promotional 0.05% through 2026-08-31,1.1046511627907396,0.0,REALISED overnight_2000 PDR,0.12668158834558382,-0.10580158834558165,-0.10580158834558165,-0.10580158834558165,-0.12128158834558166,-0.06968158834558166,-0.147561588345586,HOLD,SUPPRESSED: eligibility snapshot time unpublished,,2026-09-18T23:05:03.291954+00:00,ticker_only,2026-09-19T03:05:03.356996+00:00,ticker_only,
rSATA-2026-07-31-1,rSATA,RSATAUSDT,2026-07-31,5000,0.0516,0.03612,0.03612,0.0516,False,GROSS,2,97.477,97.42,OBSERVED p_pre,0.0005,DOCUMENTED promotional 0.05% through 2026-08-31,1.1046511627907396,0.0,REALISED overnight_2000 PDR,,,,,,,,NO_SIGNAL,SUPPRESSED: eligibility snapshot time unpublished,"buy: $5,000 exceeds visible top-of-book ($2,500) on ticker-only symbol",2026-09-18T23:05:03.291954+00:00,ticker_only,2026-09-19T03:05:03.356996+00:00,ticker_only,
rSATA-2026-07-31-1,rSATA,RSATAUSDT,2026-07-31,25000,0.0516,0.03612,0.03612,0.0516,False,GROSS,2,97.477,97.42,OBSERVED p_pre,0.0005,DOCUMENTED promotional 0.05% through 2026-08-31,1.1046511627907396,0.0,REALISED overnight_2000 PDR,,,,,,,,NO_SIGNAL,SUPPRESSED: eligibility snapshot time unpublished,"sell: $25,000 exceeds visible top-of-book ($5,499) on ticker-only symbol; buy: $25,000 exceeds visible top-of-book ($2,500) on ticker-only symbol",2026-09-18T23:05:03.291954+00:00,ticker_only,2026-09-19T03:05:03.356996+00:00,ticker_only,
rSATA-2026-08-03-1,rSATA,RSATAUSDT,2026-08-03,1000,0.0516,0.03612,0.03612,0.0516,False,GROSS,2,96.975,98.24,OBSERVED p_pre,0.0005,DOCUMENTED promotional 0.05% through 2026-08-31,-24.515503875969003,0.0,REALISED overnight_2000 PDR,0.12688828596070306,-1.4280082859607035,-1.4280082859607035,-1.4280082859607035,-1.4434882859607037,-1.3918882859607036,1.1742317140392975,HOLD,SUPPRESSED: eligibility snapshot time unpublished,,2026-09-18T23:05:03.291954+00:00,ticker_only,2026-09-19T03:05:03.356996+00:00,ticker_only,
rSATA-2026-08-03-1,rSATA,RSATAUSDT,2026-08-03,5000,0.0516,0.03612,0.03612,0.0516,False,GROSS,2,96.975,98.24,OBSERVED p_pre,0.0005,DOCUMENTED promotional 0.05% through 2026-08-31,-24.515503875969003,0.0,REALISED overnight_2000 PDR,,,,,,,,NO_SIGNAL,SUPPRESSED: eligibility snapshot time unpublished,"buy: $5,000 exceeds visible top-of-book ($2,500) on ticker-only symbol",2026-09-18T23:05:03.291954+00:00,ticker_only,2026-09-19T03:05:03.356996+00:00,ticker_only,
rSATA-2026-08-03-1,rSATA,RSATAUSDT,2026-08-03,25000,0.0516,0.03612,0.03612,0.0516,False,GROSS,2,96.975,98.24,OBSERVED p_pre,0.0005,DOCUMENTED promotional 0.05% through 2026-08-31,-24.515503875969003,0.0,REALISED overnight_2000 PDR,,,,,,,,NO_SIGNAL,SUPPRESSED: eligibility snapshot time unpublished,"sell: $25,000 exceeds visible top-of-book ($5,499) on ticker-only symbol; buy: $25,000 exceeds visible top-of-book ($2,500) on ticker-only symbol",2026-09-18T23:05:03.291954+00:00,ticker_only,2026-09-19T03:05:03.356996+00:00,ticker_only,
rSGOV-2026-08-03-1,rSGOV,RSGOVUSDT,2026-08-03,1000,0.30681199,0.214768393,0.21476839299999997,0.30681199,False,GROSS,2,100.715,100.76,OBSERVED p_pre,0.0005,DOCUMENTED promotional 0.05% through 2026-08-31,-0.14666962656838056,0.0,REALISED overnight_2000 PDR,0.19599270529760426,-0.45576109829760597,-0.45576109829760597,-0.4557610982976059,-0.5478046952976059,-0.24099270529760597,0.06377568770239744,HOLD,SUPPRESSED: eligibility snapshot time unpublished,,2026-09-18T23:05:03.291954+00:00,public_book,2026-09-19T03:05:03.356996+00:00,public_book,
rSGOV-2026-08-03-1,rSGOV,RSGOVUSDT,2026-08-03,5000,0.30681199,0.214768393,0.21476839299999997,0.30681199,False,GROSS,2,100.715,100.76,OBSERVED p_pre,0.0005,DOCUMENTED promotional 0.05% through 2026-08-31,-0.14666962656838056,0.0,REALISED overnight_2000 PDR,0.44082018293906333,-0.7005885759390651,-0.7005885759390651,-0.700588575939065,-0.7926321729390651,-0.48582018293906504,-0.18105178993906162,HOLD,SUPPRESSED: eligibility snapshot time unpublished,,2026-09-18T23:05:03.291954+00:00,public_book,2026-09-19T03:05:03.356996+00:00,public_book,
rSGOV-2026-08-03-1,rSGOV,RSGOVUSDT,2026-08-03,25000,0.30681199,0.214768393,0.21476839299999997,0.30681199,False,GROSS,2,100.715,100.76,OBSERVED p_pre,0.0005,DOCUMENTED promotional 0.05% through 2026-08-31,-0.14666962656838056,0.0,REALISED overnight_2000 PDR,0.858367911688952,-1.1181363046889536,-1.1181363046889536,-1.1181363046889536,-1.2101799016889536,-0.9033679116889537,-0.5985995186889503,HOLD,SUPPRESSED: eligibility snapshot time unpublished,,2026-09-18T23:05:03.291954+00:00,public_book,2026-09-19T03:05:03.356996+00:00,public_book,
rSATA-2026-08-04-1,rSATA,RSATAUSDT,2026-08-04,1000,0.0516,0.03612,0.03612,0.0516,False,GROSS,2,97.399,98.9,OBSERVED p_pre,0.0005,DOCUMENTED promotional 0.05% through 2026-08-31,-29.0891472868218,0.0,REALISED overnight_2000 PDR,0.12759287783110956,-1.6647128778311142,-1.6647128778311142,-1.6647128778311142,-1.6801928778311144,-1.6285928778311143,1.4095271221688952,HOLD,SUPPRESSED: eligibility snapshot time unpublished,,2026-09-18T23:05:03.291954+00:00,ticker_only,2026-09-19T03:05:03.356996+00:00,ticker_only,
rSATA-2026-08-04-1,rSATA,RSATAUSDT,2026-08-04,5000,0.0516,0.03612,0.03612,0.0516,False,GROSS,2,97.399,98.9,OBSERVED p_pre,0.0005,DOCUMENTED promotional 0.05% through 2026-08-31,-29.0891472868218,0.0,REALISED overnight_2000 PDR,,,,,,,,NO_SIGNAL,SUPPRESSED: eligibility snapshot time unpublished,"buy: $5,000 exceeds visible top-of-book ($2,500) on ticker-only symbol",2026-09-18T23:05:03.291954+00:00,ticker_only,2026-09-19T03:05:03.356996+00:00,ticker_only,
rSATA-2026-08-04-1,rSATA,RSATAUSDT,2026-08-04,25000,0.0516,0.03612,0.03612,0.0516,False,GROSS,2,97.399,98.9,OBSERVED p_pre,0.0005,DOCUMENTED promotional 0.05% through 2026-08-31,-29.0891472868218,0.0,REALISED overnight_2000 PDR,,,,,,,,NO_SIGNAL,SUPPRESSED: eligibility snapshot time unpublished,"sell: $25,000 exceeds visible top-of-book ($5,499) on ticker-only symbol; buy: $25,000 exceeds visible top-of-book ($2,500) on ticker-only symbol",2026-09-18T23:05:03.291954+00:00,ticker_only,2026-09-19T03:05:03.356996+00:00,ticker_only,
rSATA-2026-08-05-1,rSATA,RSATAUSDT,2026-08-05,1000,0.0516,0.03612,0.03612,0.0516,False,GROSS,2,97.87,97.82,OBSERVED p_pre,0.0005,DOCUMENTED promotional 0.05% through 2026-08-31,0.9689922480622358,0.0,REALISED overnight_2000 PDR,0.1271970323983812,-0.11331703239836984,-0.11331703239836984,-0.11331703239836984,-0.12879703239836984,-0.07719703239836984,-0.1410770323983926,HOLD,SUPPRESSED: eligibility snapshot time unpublished,,2026-09-18T23:05:03.291954+00:00,ticker_only,2026-09-19T03:05:03.356996+00:00,ticker_only,
rSATA-2026-08-05-1,rSATA,RSATAUSDT,2026-08-05,5000,0.0516,0.03612,0.03612,0.0516,False,GROSS,2,97.87,97.82,OBSERVED p_pre,0.0005,DOCUMENTED promotional 0.05% through 2026-08-31,0.9689922480622358,0.0,REALISED overnight_2000 PDR,,,,,,,,NO_SIGNAL,SUPPRESSED: eligibility snapshot time unpublished,"buy: $5,000 exceeds visible top-of-book ($2,500) on ticker-only symbol",2026-09-18T23:05:03.291954+00:00,ticker_only,2026-09-19T03:05:03.356996+00:00,ticker_only,
rSATA-2026-08-05-1,rSATA,RSATAUSDT,2026-08-05,25000,0.0516,0.03612,0.03612,0.0516,False,GROSS,2,97.87,97.82,OBSERVED p_pre,0.0005,DOCUMENTED promotional 0.05% through 2026-08-31,0.9689922480622358,0.0,REALISED overnight_2000 PDR,,,,,,,,NO_SIGNAL,SUPPRESSED: eligibility snapshot time unpublished,"sell: $25,000 exceeds visible top-of-book ($5,499) on ticker-only symbol; buy: $25,000 exceeds visible top-of-book ($2,500) on ticker-only symbol",2026-09-18T23:05:03.291954+00:00,ticker_only,2026-09-19T03:05:03.356996+00:00,ticker_only,
rSATA-2026-08-06-1,rSATA,RSATAUSDT,2026-08-06,1000,0.0516,0.03612,0.03612,0.0516,False,GROSS,2,98.225,98.05,OBSERVED p_pre,0.0005,DOCUMENTED promotional 0.05% through 2026-08-31,3.391472868216999,0.0,REALISED overnight_2000 PDR,0.12757727801110055,0.011302721988896619,0.011302721988896619,0.011302721988896619,-0.0041772780111034025,0.047422721988896605,-0.26645727801109775,NO_SIGNAL,SUPPRESSED: eligibility snapshot time unpublished,net entitlement unresolved: EXIT edge +0.0113/share at net=0.0361 but -0.0042 at net=0.0516,2026-09-18T23:05:03.291954+00:00,ticker_only,2026-09-19T03:05:03.356996+00:00,ticker_only,
rSATA-2026-08-06-1,rSATA,RSATAUSDT,2026-08-06,5000,0.0516,0.03612,0.03612,0.0516,False,GROSS,2,98.225,98.05,OBSERVED p_pre,0.0005,DOCUMENTED promotional 0.05% through 2026-08-31,3.391472868216999,0.0,REALISED overnight_2000 PDR,,,,,,,,NO_SIGNAL,SUPPRESSED: eligibility snapshot time unpublished,"buy: $5,000 exceeds visible top-of-book ($2,500) on ticker-only symbol",2026-09-18T23:05:03.291954+00:00,ticker_only,2026-09-19T03:05:03.356996+00:00,ticker_only,
rSATA-2026-08-06-1,rSATA,RSATAUSDT,2026-08-06,25000,0.0516,0.03612,0.03612,0.0516,False,GROSS,2,98.225,98.05,OBSERVED p_pre,0.0005,DOCUMENTED promotional 0.05% through 2026-08-31,3.391472868216999,0.0,REALISED overnight_2000 PDR,,,,,,,,NO_SIGNAL,SUPPRESSED: eligibility snapshot time unpublished,"sell: $25,000 exceeds visible top-of-book ($5,499) on ticker-only symbol; buy: $25,000 exceeds visible top-of-book ($2,500) on ticker-only symbol",2026-09-18T23:05:03.291954+00:00,ticker_only,2026-09-19T03:05:03.356996+00:00,ticker_only,
rSATA-2026-08-07-1,rSATA,RSATAUSDT,2026-08-07,1000,0.0516,0.03612,0.03612,0.0516,False,GROSS,2,98.67,98.81,OBSERVED p_pre,0.0005,DOCUMENTED promotional 0.05% through 2026-08-31,-2.7131782945736544,0.0,REALISED overnight_2000 PDR,0.12836051897405243,-0.304480518974053,-0.304480518974053,-0.304480518974053,-0.319960518974053,-0.268360518974053,0.047759481025948125,HOLD,SUPPRESSED: eligibility snapshot time unpublished,,2026-09-18T23:05:03.291954+00:00,ticker_only,2026-09-19T03:05:03.356996+00:00,ticker_only,
rSATA-2026-08-07-1,rSATA,RSATAUSDT,2026-08-07,5000,0.0516,0.03612,0.03612,0.0516,False,GROSS,2,98.67,98.81,OBSERVED p_pre,0.0005,DOCUMENTED promotional 0.05% through 2026-08-31,-2.7131782945736544,0.0,REALISED overnight_2000 PDR,,,,,,,,NO_SIGNAL,SUPPRESSED: eligibility snapshot time unpublished,"buy: $5,000 exceeds visible top-of-book ($2,500) on ticker-only symbol",2026-09-18T23:05:03.291954+00:00,ticker_only,2026-09-19T03:05:03.356996+00:00,ticker_only,
rSATA-2026-08-07-1,rSATA,RSATAUSDT,2026-08-07,25000,0.0516,0.03612,0.03612,0.0516,False,GROSS,2,98.67,98.81,OBSERVED p_pre,0.0005,DOCUMENTED promotional 0.05% through 2026-08-31,-2.7131782945736544,0.0,REALISED overnight_2000 PDR,,,,,,,,NO_SIGNAL,SUPPRESSED: eligibility snapshot time unpublished,"sell: $25,000 exceeds visible top-of-book ($5,499) on ticker-only symbol; buy: $25,000 exceeds visible top-of-book ($2,500) on ticker-only symbol",2026-09-18T23:05:03.291954+00:00,ticker_only,2026-09-19T03:05:03.356996+00:00,ticker_only,
rSATA-2026-08-10-1,rSATA,RSATAUSDT,2026-08-10,1000,0.0516,0.03612,0.03612,0.0516,False,GROSS,2,98.424,99.37,OBSERVED p_pre,0.0005,DOCUMENTED promotional 0.05% through 2026-08-31,-18.333333333333293,0.0,REALISED overnight_2000 PDR,0.12856461661917018,-1.1106846166191682,-1.1106846166191682,-1.1106846166191682,-1.1261646166191681,-1.0745646166191682,0.8535553833808278,HOLD,SUPPRESSED: eligibility snapshot time unpublished,,2026-09-18T23:05:03.291954+00:00,ticker_only,2026-09-19T03:05:03.356996+00:00,ticker_only,
rSATA-2026-08-10-1,rSATA,RSATAUSDT,2026-08-10,5000,0.0516,0.03612,0.03612,0.0516,False,GROSS,2,98.424,99.37,OBSERVED p_pre,0.0005,DOCUMENTED promotional 0.05% through 2026-08-31,-18.333333333333293,0.0,REALISED overnight_2000 PDR,,,,,,,,NO_SIGNAL,SUPPRESSED: eligibility snapshot time unpublished,"buy: $5,000 exceeds visible top-of-book ($2,500) on ticker-only symbol",2026-09-18T23:05:03.291954+00:00,ticker_only,2026-09-19T03:05:03.356996+00:00,ticker_only,
rSATA-2026-08-10-1,rSATA,RSATAUSDT,2026-08-10,25000,0.0516,0.03612,0.03612,0.0516,False,GROSS,2,98.424,99.37,OBSERVED p_pre,0.0005,DOCUMENTED promotional 0.05% through 2026-08-31,-18.333333333333293,0.0,REALISED overnight_2000 PDR,,,,,,,,NO_SIGNAL,SUPPRESSED: eligibility snapshot time unpublished,"sell: $25,000 exceeds visible top-of-book ($5,499) on ticker-only symbol; buy: $25,000 exceeds visible top-of-book ($2,500) on ticker-only symbol",2026-09-18T23:05:03.291954+00:00,ticker_only,2026-09-19T03:05:03.356996+00:00,ticker_only,
rSATA-2026-08-11-1,rSATA,RSATAUSDT,2026-08-11,1000,0.0516,0.03612,0.03612,0.0516,False,GROSS,2,98.605,99.46,OBSERVED p_pre,0.0005,DOCUMENTED promotional 0.05% through 2026-08-31,-16.569767441860268,0.0,REALISED overnight_2000 PDR,0.12874076458677178,-1.0198607645867617,-1.0198607645867617,-1.0198607645867617,-1.0353407645867616,-0.9837407645867616,0.7623792354132182,HOLD,SUPPRESSED: eligibility snapshot time unpublished,,2026-09-18T23:05:03.291954+00:00,ticker_only,2026-09-19T03:05:03.356996+00:00,ticker_only,
rSATA-2026-08-11-1,rSATA,RSATAUSDT,2026-08-11,5000,0.0516,0.03612,0.03612,0.0516,False,GROSS,2,98.605,99.46,OBSERVED p_pre,0.0005,DOCUMENTED promotional 0.05% through 2026-08-31,-16.569767441860268,0.0,REALISED overnight_2000 PDR,,,,,,,,NO_SIGNAL,SUPPRESSED: eligibility snapshot time unpublished,"buy: $5,000 exceeds visible top-of-book ($2,500) on ticker-only symbol",2026-09-18T23:05:03.291954+00:00,ticker_only,2026-09-19T03:05:03.356996+00:00,ticker_only,
rSATA-2026-08-11-1,rSATA,RSATAUSDT,2026-08-11,25000,0.0516,0.03612,0.03612,0.0516,False,GROSS,2,98.605,99.46,OBSERVED p_pre,0.0005,DOCUMENTED promotional 0.05% through 2026-08-31,-16.569767441860268,0.0,REALISED overnight_2000 PDR,,,,,,,,NO_SIGNAL,SUPPRESSED: eligibility snapshot time unpublished,"sell: $25,000 exceeds visible top-of-book ($5,499) on ticker-only symbol; buy: $25,000 exceeds visible top-of-book ($2,500) on ticker-only symbol",2026-09-18T23:05:03.291954+00:00,ticker_only,2026-09-19T03:05:03.356996+00:00,ticker_only,
rSATA-2026-08-12-1,rSATA,RSATAUSDT,2026-08-12,1000,0.0516,0.03612,0.03612,0.0516,False,GROSS,2,99.07,99.94,OBSERVED p_pre,0.0005,DOCUMENTED promotional 0.05% through 2026-08-31,-16.86046511627916,0.0,REALISED overnight_2000 PDR,0.12935500749962614,-1.0354750074996306,-1.0354750074996306,-1.0354750074996306,-1.0509550074996308,-0.9993550074996307,0.7767649925003784,HOLD,SUPPRESSED: eligibility snapshot time unpublished,,2026-09-18T23:05:03.291954+00:00,ticker_only,2026-09-19T03:05:03.356996+00:00,ticker_only,
rSATA-2026-08-12-1,rSATA,RSATAUSDT,2026-08-12,5000,0.0516,0.03612,0.03612,0.0516,False,GROSS,2,99.07,99.94,OBSERVED p_pre,0.0005,DOCUMENTED promotional 0.05% through 2026-08-31,-16.86046511627916,0.0,REALISED overnight_2000 PDR,,,,,,,,NO_SIGNAL,SUPPRESSED: eligibility snapshot time unpublished,"buy: $5,000 exceeds visible top-of-book ($2,500) on ticker-only symbol",2026-09-18T23:05:03.291954+00:00,ticker_only,2026-09-19T03:05:03.356996+00:00,ticker_only,
rSATA-2026-08-12-1,rSATA,RSATAUSDT,2026-08-12,25000,0.0516,0.03612,0.03612,0.0516,False,GROSS,2,99.07,99.94,OBSERVED p_pre,0.0005,DOCUMENTED promotional 0.05% through 2026-08-31,-16.86046511627916,0.0,REALISED overnight_2000 PDR,,,,,,,,NO_SIGNAL,SUPPRESSED: eligibility snapshot time unpublished,"sell: $25,000 exceeds visible top-of-book ($5,499) on ticker-only symbol; buy: $25,000 exceeds visible top-of-book ($2,500) on ticker-only symbol",2026-09-18T23:05:03.291954+00:00,ticker_only,2026-09-19T03:05:03.356996+00:00,ticker_only,
rSATA-2026-08-13-1,rSATA,RSATAUSDT,2026-08-13,1000,0.0516,0.03612,0.03612,0.0516,False,GROSS,2,99.225,99.39,OBSERVED p_pre,0.0005,DOCUMENTED promotional 0.05% through 2026-08-31,-3.1976744186047723,0.0,REALISED overnight_2000 PDR,0.12909826046197803,-0.33021826046198427,-0.33021826046198427,-0.33021826046198427,-0.34569826046198426,-0.2940982604619843,0.0720217395380282,HOLD,SUPPRESSED: eligibility snapshot time unpublished,,2026-09-18T23:05:03.291954+00:00,ticker_only,2026-09-19T03:05:03.356996+00:00,ticker_only,
rSATA-2026-08-13-1,rSATA,RSATAUSDT,2026-08-13,5000,0.0516,0.03612,0.03612,0.0516,False,GROSS,2,99.225,99.39,OBSERVED p_pre,0.0005,DOCUMENTED promotional 0.05% through 2026-08-31,-3.1976744186047723,0.0,REALISED overnight_2000 PDR,,,,,,,,NO_SIGNAL,SUPPRESSED: eligibility snapshot time unpublished,"buy: $5,000 exceeds visible top-of-book ($2,500) on ticker-only symbol",2026-09-18T23:05:03.291954+00:00,ticker_only,2026-09-19T03:05:03.356996+00:00,ticker_only,
rSATA-2026-08-13-1,rSATA,RSATAUSDT,2026-08-13,25000,0.0516,0.03612,0.03612,0.0516,False,GROSS,2,99.225,99.39,OBSERVED p_pre,0.0005,DOCUMENTED promotional 0.05% through 2026-08-31,-3.1976744186047723,0.0,REALISED overnight_2000 PDR,,,,,,,,NO_SIGNAL,SUPPRESSED: eligibility snapshot time unpublished,"sell: $25,000 exceeds visible top-of-book ($5,499) on ticker-only symbol; buy: $25,000 exceeds visible top-of-book ($2,500) on ticker-only symbol",2026-09-18T23:05:03.291954+00:00,ticker_only,2026-09-19T03:05:03.356996+00:00,ticker_only,
rSATA-2026-08-14-1,rSATA,RSATAUSDT,2026-08-14,1000,0.0516,0.03612,0.03612,0.0516,False,GROSS,2,99.47,99.95,OBSERVED p_pre,0.0005,DOCUMENTED promotional 0.05% through 2026-08-31,-9.302325581395426,0.0,REALISED overnight_2000 PDR,0.1296215044247799,-0.645741504424784,-0.645741504424784,-0.645741504424784,-0.6612215044247839,-0.6096215044247839,0.3864984955752241,HOLD,SUPPRESSED: eligibility snapshot time unpublished,,2026-09-18T23:05:03.291954+00:00,ticker_only,2026-09-19T03:05:03.356996+00:00,ticker_only,
rSATA-2026-08-14-1,rSATA,RSATAUSDT,2026-08-14,5000,0.0516,0.03612,0.03612,0.0516,False,GROSS,2,99.47,99.95,OBSERVED p_pre,0.0005,DOCUMENTED promotional 0.05% through 2026-08-31,-9.302325581395426,0.0,REALISED overnight_2000 PDR,,,,,,,,NO_SIGNAL,SUPPRESSED: eligibility snapshot time unpublished,"buy: $5,000 exceeds visible top-of-book ($2,500) on ticker-only symbol",2026-09-18T23:05:03.291954+00:00,ticker_only,2026-09-19T03:05:03.356996+00:00,ticker_only,
rSATA-2026-08-14-1,rSATA,RSATAUSDT,2026-08-14,25000,0.0516,0.03612,0.03612,0.0516,False,GROSS,2,99.47,99.95,OBSERVED p_pre,0.0005,DOCUMENTED promotional 0.05% through 2026-08-31,-9.302325581395426,0.0,REALISED overnight_2000 PDR,,,,,,,,NO_SIGNAL,SUPPRESSED: eligibility snapshot time unpublished,"sell: $25,000 exceeds visible top-of-book ($5,499) on ticker-only symbol; buy: $25,000 exceeds visible top-of-book ($2,500) on ticker-only symbol",2026-09-18T23:05:03.291954+00:00,ticker_only,2026-09-19T03:05:03.356996+00:00,ticker_only,
rSATA-2026-08-17-1,rSATA,RSATAUSDT,2026-08-17,1000,0.0516,0.03612,0.03612,0.0516,False,GROSS,2,99.445,99.93,OBSERVED p_pre,0.0005,DOCUMENTED promotional 0.05% through 2026-08-31,-9.399224806201815,0.0,REALISED overnight_2000 PDR,0.12959225476226302,-0.6507122547622767,-0.6507122547622767,-0.6507122547622767,-0.6661922547622766,-0.6145922547622766,0.3915277452377507,HOLD,SUPPRESSED: eligibility snapshot time unpublished,,2026-09-18T23:05:03.291954+00:00,ticker_only,2026-09-19T03:05:03.356996+00:00,ticker_only,
rSATA-2026-08-17-1,rSATA,RSATAUSDT,2026-08-17,5000,0.0516,0.03612,0.03612,0.0516,False,GROSS,2,99.445,99.93,OBSERVED p_pre,0.0005,DOCUMENTED promotional 0.05% through 2026-08-31,-9.399224806201815,0.0,REALISED overnight_2000 PDR,,,,,,,,NO_SIGNAL,SUPPRESSED: eligibility snapshot time unpublished,"buy: $5,000 exceeds visible top-of-book ($2,500) on ticker-only symbol",2026-09-18T23:05:03.291954+00:00,ticker_only,2026-09-19T03:05:03.356996+00:00,ticker_only,
rSATA-2026-08-17-1,rSATA,RSATAUSDT,2026-08-17,25000,0.0516,0.03612,0.03612,0.0516,False,GROSS,2,99.445,99.93,OBSERVED p_pre,0.0005,DOCUMENTED promotional 0.05% through 2026-08-31,-9.399224806201815,0.0,REALISED overnight_2000 PDR,,,,,,,,NO_SIGNAL,SUPPRESSED: eligibility snapshot time unpublished,"sell: $25,000 exceeds visible top-of-book ($5,499) on ticker-only symbol; buy: $25,000 exceeds visible top-of-book ($2,500) on ticker-only symbol",2026-09-18T23:05:03.291954+00:00,ticker_only,2026-09-19T03:05:03.356996+00:00,ticker_only,
rSATA-2026-08-18-1,rSATA,RSATAUSDT,2026-08-18,1000,0.0516,0.03612,0.03612,0.0516,False,GROSS,2,99.36,99.011,OBSERVED p_pre,0.0005,DOCUMENTED promotional 0.05% through 2026-08-31,6.763565891472941,0.0,REALISED overnight_2000 PDR,0.12893966229188653,0.18394033770811724,0.18394033770811724,0.18394033770811724,0.16846033770811725,0.22006033770811723,-0.4418196622918903,EXIT,SUPPRESSED: eligibility snapshot time unpublished,,2026-09-18T23:05:03.291954+00:00,ticker_only,2026-09-19T03:05:03.356996+00:00,ticker_only,
rSATA-2026-08-18-1,rSATA,RSATAUSDT,2026-08-18,5000,0.0516,0.03612,0.03612,0.0516,False,GROSS,2,99.36,99.011,OBSERVED p_pre,0.0005,DOCUMENTED promotional 0.05% through 2026-08-31,6.763565891472941,0.0,REALISED overnight_2000 PDR,,,,,,,,NO_SIGNAL,SUPPRESSED: eligibility snapshot time unpublished,"buy: $5,000 exceeds visible top-of-book ($2,500) on ticker-only symbol",2026-09-18T23:05:03.291954+00:00,ticker_only,2026-09-19T03:05:03.356996+00:00,ticker_only,
rSATA-2026-08-18-1,rSATA,RSATAUSDT,2026-08-18,25000,0.0516,0.03612,0.03612,0.0516,False,GROSS,2,99.36,99.011,OBSERVED p_pre,0.0005,DOCUMENTED promotional 0.05% through 2026-08-31,6.763565891472941,0.0,REALISED overnight_2000 PDR,,,,,,,,NO_SIGNAL,SUPPRESSED: eligibility snapshot time unpublished,"sell: $25,000 exceeds visible top-of-book ($5,499) on ticker-only symbol; buy: $25,000 exceeds visible top-of-book ($2,500) on ticker-only symbol",2026-09-18T23:05:03.291954+00:00,ticker_only,2026-09-19T03:05:03.356996+00:00,ticker_only,
rSATA-2026-08-19-1,rSATA,RSATAUSDT,2026-08-19,1000,0.0516,0.03612,0.03612,0.0516,False,GROSS,2,99.55,99.94,OBSERVED p_pre,0.0005,DOCUMENTED promotional 0.05% through 2026-08-31,-7.558139534883732,0.0,REALISED overnight_2000 PDR,0.12966700389980615,-0.5557870038998067,-0.5557870038998067,-0.5557870038998067,-0.5712670038998067,-0.5196670038998067,0.2964529961001944,HOLD,SUPPRESSED: eligibility snapshot time unpublished,,2026-09-18T23:05:03.291954+00:00,ticker_only,2026-09-19T03:05:03.356996+00:00,ticker_only,
rSATA-2026-08-19-1,rSATA,RSATAUSDT,2026-08-19,5000,0.0516,0.03612,0.03612,0.0516,False,GROSS,2,99.55,99.94,OBSERVED p_pre,0.0005,DOCUMENTED promotional 0.05% through 2026-08-31,-7.558139534883732,0.0,REALISED overnight_2000 PDR,,,,,,,,NO_SIGNAL,SUPPRESSED: eligibility snapshot time unpublished,"buy: $5,000 exceeds visible top-of-book ($2,500) on ticker-only symbol",2026-09-18T23:05:03.291954+00:00,ticker_only,2026-09-19T03:05:03.356996+00:00,ticker_only,
rSATA-2026-08-19-1,rSATA,RSATAUSDT,2026-08-19,25000,0.0516,0.03612,0.03612,0.0516,False,GROSS,2,99.55,99.94,OBSERVED p_pre,0.0005,DOCUMENTED promotional 0.05% through 2026-08-31,-7.558139534883732,0.0,REALISED overnight_2000 PDR,,,,,,,,NO_SIGNAL,SUPPRESSED: eligibility snapshot time unpublished,"sell: $25,000 exceeds visible top-of-book ($5,499) on ticker-only symbol; buy: $25,000 exceeds visible top-of-book ($2,500) on ticker-only symbol",2026-09-18T23:05:03.291954+00:00,ticker_only,2026-09-19T03:05:03.356996+00:00,ticker_only,
rSATA-2026-08-20-1,rSATA,RSATAUSDT,2026-08-20,1000,0.0516,0.03612,0.03612,0.0516,False,GROSS,2,99.785,99.4,OBSERVED p_pre,0.0005,DOCUMENTED promotional 0.05% through 2026-08-31,7.4612403100773435,0.0,REALISED overnight_2000 PDR,0.12946875618719178,0.21941124381279914,0.21941124381279914,0.21941124381279914,0.20393124381279915,0.2555312438127991,-0.4783487561871827,EXIT,SUPPRESSED: eligibility snapshot time unpublished,,2026-09-18T23:05:03.291954+00:00,ticker_only,2026-09-19T03:05:03.356996+00:00,ticker_only,
rSATA-2026-08-20-1,rSATA,RSATAUSDT,2026-08-20,5000,0.0516,0.03612,0.03612,0.0516,False,GROSS,2,99.785,99.4,OBSERVED p_pre,0.0005,DOCUMENTED promotional 0.05% through 2026-08-31,7.4612403100773435,0.0,REALISED overnight_2000 PDR,,,,,,,,NO_SIGNAL,SUPPRESSED: eligibility snapshot time unpublished,"buy: $5,000 exceeds visible top-of-book ($2,500) on ticker-only symbol",2026-09-18T23:05:03.291954+00:00,ticker_only,2026-09-19T03:05:03.356996+00:00,ticker_only,
rSATA-2026-08-20-1,rSATA,RSATAUSDT,2026-08-20,25000,0.0516,0.03612,0.03612,0.0516,False,GROSS,2,99.785,99.4,OBSERVED p_pre,0.0005,DOCUMENTED promotional 0.05% through 2026-08-31,7.4612403100773435,0.0,REALISED overnight_2000 PDR,,,,,,,,NO_SIGNAL,SUPPRESSED: eligibility snapshot time unpublished,"sell: $25,000 exceeds visible top-of-book ($5,499) on ticker-only symbol; buy: $25,000 exceeds visible top-of-book ($2,500) on ticker-only symbol",2026-09-18T23:05:03.291954+00:00,ticker_only,2026-09-19T03:05:03.356996+00:00,ticker_only,
rSATA-2026-08-21-1,rSATA,RSATAUSDT,2026-08-21,1000,0.0516,0.03612,0.03612,0.0516,False,GROSS,2,99.9,100.53,OBSERVED p_pre,0.0005,DOCUMENTED promotional 0.05% through 2026-08-31,-12.209302325581307,0.0,REALISED overnight_2000 PDR,0.13027799685015864,-0.7963979968501541,-0.7963979968501541,-0.7963979968501541,-0.811877996850154,-0.7602779968501541,0.5358420031498369,HOLD,SUPPRESSED: eligibility snapshot time unpublished,,2026-09-18T23:05:03.291954+00:00,ticker_only,2026-09-19T03:05:03.356996+00:00,ticker_only,
rSATA-2026-08-21-1,rSATA,RSATAUSDT,2026-08-21,5000,0.0516,0.03612,0.03612,0.0516,False,GROSS,2,99.9,100.53,OBSERVED p_pre,0.0005,DOCUMENTED promotional 0.05% through 2026-08-31,-12.209302325581307,0.0,REALISED overnight_2000 PDR,,,,,,,,NO_SIGNAL,SUPPRESSED: eligibility snapshot time unpublished,"buy: $5,000 exceeds visible top-of-book ($2,500) on ticker-only symbol",2026-09-18T23:05:03.291954+00:00,ticker_only,2026-09-19T03:05:03.356996+00:00,ticker_only,
rSATA-2026-08-21-1,rSATA,RSATAUSDT,2026-08-21,25000,0.0516,0.03612,0.03612,0.0516,False,GROSS,2,99.9,100.53,OBSERVED p_pre,0.0005,DOCUMENTED promotional 0.05% through 2026-08-31,-12.209302325581307,0.0,REALISED overnight_2000 PDR,,,,,,,,NO_SIGNAL,SUPPRESSED: eligibility snapshot time unpublished,"sell: $25,000 exceeds visible top-of-book ($5,499) on ticker-only symbol; buy: $25,000 exceeds visible top-of-book ($2,500) on ticker-only symbol",2026-09-18T23:05:03.291954+00:00,ticker_only,2026-09-19T03:05:03.356996+00:00,ticker_only,
rSATA-2026-08-24-1,rSATA,RSATAUSDT,2026-08-24,1000,0.0516,0.03612,0.03612,0.0516,False,GROSS,2,100.005,99.91,OBSERVED p_pre,0.0005,DOCUMENTED promotional 0.05% through 2026-08-31,1.8410852713178074,0.0,REALISED overnight_2000 PDR,0.1299432507124655,-0.07106325071246665,-0.07106325071246665,-0.07106325071246665,-0.08654325071246666,-0.03494325071246665,-0.18882325071246436,HOLD,SUPPRESSED: eligibility snapshot time unpublished,,2026-09-18T23:05:03.291954+00:00,ticker_only,2026-09-19T03:05:03.356996+00:00,ticker_only,
rSATA-2026-08-24-1,rSATA,RSATAUSDT,2026-08-24,5000,0.0516,0.03612,0.03612,0.0516,False,GROSS,2,100.005,99.91,OBSERVED p_pre,0.0005,DOCUMENTED promotional 0.05% through 2026-08-31,1.8410852713178074,0.0,REALISED overnight_2000 PDR,,,,,,,,NO_SIGNAL,SUPPRESSED: eligibility snapshot time unpublished,"buy: $5,000 exceeds visible top-of-book ($2,500) on ticker-only symbol",2026-09-18T23:05:03.291954+00:00,ticker_only,2026-09-19T03:05:03.356996+00:00,ticker_only,
rSATA-2026-08-24-1,rSATA,RSATAUSDT,2026-08-24,25000,0.0516,0.03612,0.03612,0.0516,False,GROSS,2,100.005,99.91,OBSERVED p_pre,0.0005,DOCUMENTED promotional 0.05% through 2026-08-31,1.8410852713178074,0.0,REALISED overnight_2000 PDR,,,,,,,,NO_SIGNAL,SUPPRESSED: eligibility snapshot time unpublished,"sell: $25,000 exceeds visible top-of-book ($5,499) on ticker-only symbol; buy: $25,000 exceeds visible top-of-book ($2,500) on ticker-only symbol",2026-09-18T23:05:03.291954+00:00,ticker_only,2026-09-19T03:05:03.356996+00:00,ticker_only,
rSATA-2026-08-25-1,rSATA,RSATAUSDT,2026-08-25,1000,0.0516,0.03612,0.03612,0.0516,False,GROSS,2,100.005,99.99,OBSERVED p_pre,0.0005,DOCUMENTED promotional 0.05% through 2026-08-31,0.29069767441861566,0.0,REALISED overnight_2000 PDR,0.12999525011249552,-0.15111525011249494,-0.15111525011249494,-0.15111525011249494,-0.16659525011249496,-0.11499525011249495,-0.10887525011249609,HOLD,SUPPRESSED: eligibility snapshot time unpublished,,2026-09-18T23:05:03.291954+00:00,ticker_only,2026-09-19T03:05:03.356996+00:00,ticker_only,
rSATA-2026-08-25-1,rSATA,RSATAUSDT,2026-08-25,5000,0.0516,0.03612,0.03612,0.0516,False,GROSS,2,100.005,99.99,OBSERVED p_pre,0.0005,DOCUMENTED promotional 0.05% through 2026-08-31,0.29069767441861566,0.0,REALISED overnight_2000 PDR,,,,,,,,NO_SIGNAL,SUPPRESSED: eligibility snapshot time unpublished,"buy: $5,000 exceeds visible top-of-book ($2,500) on ticker-only symbol",2026-09-18T23:05:03.291954+00:00,ticker_only,2026-09-19T03:05:03.356996+00:00,ticker_only,
rSATA-2026-08-25-1,rSATA,RSATAUSDT,2026-08-25,25000,0.0516,0.03612,0.03612,0.0516,False,GROSS,2,100.005,99.99,OBSERVED p_pre,0.0005,DOCUMENTED promotional 0.05% through 2026-08-31,0.29069767441861566,0.0,REALISED overnight_2000 PDR,,,,,,,,NO_SIGNAL,SUPPRESSED: eligibility snapshot time unpublished,"sell: $25,000 exceeds visible top-of-book ($5,499) on ticker-only symbol; buy: $25,000 exceeds visible top-of-book ($2,500) on ticker-only symbol",2026-09-18T23:05:03.291954+00:00,ticker_only,2026-09-19T03:05:03.356996+00:00,ticker_only,
rSATA-2026-08-26-1,rSATA,RSATAUSDT,2026-08-26,1000,0.0516,0.03612,0.03612,0.0516,False,GROSS,2,100.005,99.98,OBSERVED p_pre,0.0005,DOCUMENTED promotional 0.05% through 2026-08-31,0.4844961240308425,0.0,REALISED overnight_2000 PDR,0.12998875018749179,-0.1411087501875003,-0.1411087501875003,-0.1411087501875003,-0.15658875018750032,-0.10498875018750031,-0.11886875018748326,HOLD,SUPPRESSED: eligibility snapshot time unpublished,,2026-09-18T23:05:03.291954+00:00,ticker_only,2026-09-19T03:05:03.356996+00:00,ticker_only,
rSATA-2026-08-26-1,rSATA,RSATAUSDT,2026-08-26,5000,0.0516,0.03612,0.03612,0.0516,False,GROSS,2,100.005,99.98,OBSERVED p_pre,0.0005,DOCUMENTED promotional 0.05% through 2026-08-31,0.4844961240308425,0.0,REALISED overnight_2000 PDR,,,,,,,,NO_SIGNAL,SUPPRESSED: eligibility snapshot time unpublished,"buy: $5,000 exceeds visible top-of-book ($2,500) on ticker-only symbol",2026-09-18T23:05:03.291954+00:00,ticker_only,2026-09-19T03:05:03.356996+00:00,ticker_only,
rSATA-2026-08-26-1,rSATA,RSATAUSDT,2026-08-26,25000,0.0516,0.03612,0.03612,0.0516,False,GROSS,2,100.005,99.98,OBSERVED p_pre,0.0005,DOCUMENTED promotional 0.05% through 2026-08-31,0.4844961240308425,0.0,REALISED overnight_2000 PDR,,,,,,,,NO_SIGNAL,SUPPRESSED: eligibility snapshot time unpublished,"sell: $25,000 exceeds visible top-of-book ($5,499) on ticker-only symbol; buy: $25,000 exceeds visible top-of-book ($2,500) on ticker-only symbol",2026-09-18T23:05:03.291954+00:00,ticker_only,2026-09-19T03:05:03.356996+00:00,ticker_only,
rSATA-2026-08-27-1,rSATA,RSATAUSDT,2026-08-27,1000,0.0516,0.03612,0.03612,0.0516,False,GROSS,2,100.005,99.99,OBSERVED p_pre,0.0005,DOCUMENTED promotional 0.05% through 2026-08-31,0.29069767441861566,0.0,REALISED overnight_2000 PDR,0.12999525011249552,-0.15111525011249494,-0.15111525011249494,-0.15111525011249494,-0.16659525011249496,-0.11499525011249495,-0.10887525011249609,HOLD,SUPPRESSED: eligibility snapshot time unpublished,,2026-09-18T23:05:03.291954+00:00,ticker_only,2026-09-19T03:05:03.356996+00:00,ticker_only,
rSATA-2026-08-27-1,rSATA,RSATAUSDT,2026-08-27,5000,0.0516,0.03612,0.03612,0.0516,False,GROSS,2,100.005,99.99,OBSERVED p_pre,0.0005,DOCUMENTED promotional 0.05% through 2026-08-31,0.29069767441861566,0.0,REALISED overnight_2000 PDR,,,,,,,,NO_SIGNAL,SUPPRESSED: eligibility snapshot time unpublished,"buy: $5,000 exceeds visible top-of-book ($2,500) on ticker-only symbol",2026-09-18T23:05:03.291954+00:00,ticker_only,2026-09-19T03:05:03.356996+00:00,ticker_only,
rSATA-2026-08-27-1,rSATA,RSATAUSDT,2026-08-27,25000,0.0516,0.03612,0.03612,0.0516,False,GROSS,2,100.005,99.99,OBSERVED p_pre,0.0005,DOCUMENTED promotional 0.05% through 2026-08-31,0.29069767441861566,0.0,REALISED overnight_2000 PDR,,,,,,,,NO_SIGNAL,SUPPRESSED: eligibility snapshot time unpublished,"sell: $25,000 exceeds visible top-of-book ($5,499) on ticker-only symbol; buy: $25,000 exceeds visible top-of-book ($2,500) on ticker-only symbol",2026-09-18T23:05:03.291954+00:00,ticker_only,2026-09-19T03:05:03.356996+00:00,ticker_only,
rSATA-2026-08-28-1,rSATA,RSATAUSDT,2026-08-28,1000,0.0516,0.03612,0.03612,0.0516,False,GROSS,2,100.005,100.02,OBSERVED p_pre,0.0005,DOCUMENTED promotional 0.05% through 2026-08-31,-0.29069767441861566,0.0,REALISED overnight_2000 PDR,0.13001474988750675,-0.18113474988750733,-0.18113474988750733,-0.18113474988750733,-0.19661474988750732,-0.14501474988750732,-0.07889474988750618,HOLD,SUPPRESSED: eligibility snapshot time unpublished,,2026-09-18T23:05:03.291954+00:00,ticker_only,2026-09-19T03:05:03.356996+00:00,ticker_only,
rSATA-2026-08-28-1,rSATA,RSATAUSDT,2026-08-28,5000,0.0516,0.03612,0.03612,0.0516,False,GROSS,2,100.005,100.02,OBSERVED p_pre,0.0005,DOCUMENTED promotional 0.05% through 2026-08-31,-0.29069767441861566,0.0,REALISED overnight_2000 PDR,,,,,,,,NO_SIGNAL,SUPPRESSED: eligibility snapshot time unpublished,"buy: $5,000 exceeds visible top-of-book ($2,500) on ticker-only symbol",2026-09-18T23:05:03.291954+00:00,ticker_only,2026-09-19T03:05:03.356996+00:00,ticker_only,
rSATA-2026-08-28-1,rSATA,RSATAUSDT,2026-08-28,25000,0.0516,0.03612,0.03612,0.0516,False,GROSS,2,100.005,100.02,OBSERVED p_pre,0.0005,DOCUMENTED promotional 0.05% through 2026-08-31,-0.29069767441861566,0.0,REALISED overnight_2000 PDR,,,,,,,,NO_SIGNAL,SUPPRESSED: eligibility snapshot time unpublished,"sell: $25,000 exceeds visible top-of-book ($5,499) on ticker-only symbol; buy: $25,000 exceeds visible top-of-book ($2,500) on ticker-only symbol",2026-09-18T23:05:03.291954+00:00,ticker_only,2026-09-19T03:05:03.356996+00:00,ticker_only,
rSATA-2026-08-31-1,rSATA,RSATAUSDT,2026-08-31,1000,0.0516,0.03612,0.03612,0.0516,False,GROSS,2,99.7,99.74,OBSERVED p_pre,0.0005,DOCUMENTED promotional 0.05% through 2026-08-31,-0.7751937984494581,0.0,REALISED overnight_2000 PDR,0.1296345042747874,-0.20575450427477943,-0.20575450427477943,-0.20575450427477943,-0.22123450427477945,-0.16963450427477944,-0.05351450427479536,HOLD,SUPPRESSED: eligibility snapshot time unpublished,,2026-09-18T23:05:03.291954+00:00,ticker_only,2026-09-19T03:05:03.356996+00:00,ticker_only,
rSATA-2026-08-31-1,rSATA,RSATAUSDT,2026-08-31,5000,0.0516,0.03612,0.03612,0.0516,False,GROSS,2,99.7,99.74,OBSERVED p_pre,0.0005,DOCUMENTED promotional 0.05% through 2026-08-31,-0.7751937984494581,0.0,REALISED overnight_2000 PDR,,,,,,,,NO_SIGNAL,SUPPRESSED: eligibility snapshot time unpublished,"buy: $5,000 exceeds visible top-of-book ($2,500) on ticker-only symbol",2026-09-18T23:05:03.291954+00:00,ticker_only,2026-09-19T03:05:03.356996+00:00,ticker_only,
rSATA-2026-08-31-1,rSATA,RSATAUSDT,2026-08-31,25000,0.0516,0.03612,0.03612,0.0516,False,GROSS,2,99.7,99.74,OBSERVED p_pre,0.0005,DOCUMENTED promotional 0.05% through 2026-08-31,-0.7751937984494581,0.0,REALISED overnight_2000 PDR,,,,,,,,NO_SIGNAL,SUPPRESSED: eligibility snapshot time unpublished,"sell: $25,000 exceeds visible top-of-book ($5,499) on ticker-only symbol; buy: $25,000 exceeds visible top-of-book ($2,500) on ticker-only symbol",2026-09-18T23:05:03.291954+00:00,ticker_only,2026-09-19T03:05:03.356996+00:00,ticker_only,
rSATA-2026-09-01-1,rSATA,RSATAUSDT,2026-09-01,1000,0.0516,0.03612,0.03612,0.0516,False,GROSS,2,100.005,99.0,OBSERVED p_pre,0.001,OBSERVED live symbol takerFeeRate,19.476744186046425,0.0,REALISED overnight_2000 PDR,0.22885425753712427,0.7400257424628711,0.7400257424628711,0.7400257424628711,0.7245457424628712,0.7761457424628712,-1.1977342575371197,EXIT,SUPPRESSED: eligibility snapshot time unpublished,,2026-09-18T23:05:03.291954+00:00,ticker_only,2026-09-19T03:05:03.356996+00:00,ticker_only,
rSATA-2026-09-01-1,rSATA,RSATAUSDT,2026-09-01,5000,0.0516,0.03612,0.03612,0.0516,False,GROSS,2,100.005,99.0,OBSERVED p_pre,0.001,OBSERVED live symbol takerFeeRate,19.476744186046425,0.0,REALISED overnight_2000 PDR,,,,,,,,NO_SIGNAL,SUPPRESSED: eligibility snapshot time unpublished,"buy: $5,000 exceeds visible top-of-book ($2,500) on ticker-only symbol",2026-09-18T23:05:03.291954+00:00,ticker_only,2026-09-19T03:05:03.356996+00:00,ticker_only,
rSATA-2026-09-01-1,rSATA,RSATAUSDT,2026-09-01,25000,0.0516,0.03612,0.03612,0.0516,False,GROSS,2,100.005,99.0,OBSERVED p_pre,0.001,OBSERVED live symbol takerFeeRate,19.476744186046425,0.0,REALISED overnight_2000 PDR,,,,,,,,NO_SIGNAL,SUPPRESSED: eligibility snapshot time unpublished,"sell: $25,000 exceeds visible top-of-book ($5,499) on ticker-only symbol; buy: $25,000 exceeds visible top-of-book ($2,500) on ticker-only symbol",2026-09-18T23:05:03.291954+00:00,ticker_only,2026-09-19T03:05:03.356996+00:00,ticker_only,
rSGOV-2026-09-01-1,rSGOV,RSGOVUSDT,2026-09-01,1000,0.307098,0.2149686,0.21496859999999998,0.307098,False,GROSS,2,100.68,100.43,OBSERVED p_pre,0.001,OBSERVED live symbol takerFeeRate,0.8140723808035221,0.0,REALISED overnight_2000 PDR,0.2961731829431693,-0.2611417829431693,-0.2611417829431693,-0.26114178294316925,-0.3532711829431693,-0.0461731829431693,-0.3312045829431693,HOLD,SUPPRESSED: eligibility snapshot time unpublished,,2026-09-18T23:05:03.291954+00:00,public_book,2026-09-19T03:05:03.356996+00:00,public_book,
rSGOV-2026-09-01-1,rSGOV,RSGOVUSDT,2026-09-01,5000,0.307098,0.2149686,0.21496859999999998,0.307098,False,GROSS,2,100.68,100.43,OBSERVED p_pre,0.001,OBSERVED live symbol takerFeeRate,0.8140723808035221,0.0,REALISED overnight_2000 PDR,0.5404934971507731,-0.5054620971507731,-0.5054620971507731,-0.5054620971507731,-0.5975914971507731,-0.2904934971507731,-0.5755248971507732,HOLD,SUPPRESSED: eligibility snapshot time unpublished,,2026-09-18T23:05:03.291954+00:00,public_book,2026-09-19T03:05:03.356996+00:00,public_book,
rSGOV-2026-09-01-1,rSGOV,RSGOVUSDT,2026-09-01,25000,0.307098,0.2149686,0.21496859999999998,0.307098,False,GROSS,2,100.68,100.43,OBSERVED p_pre,0.001,OBSERVED live symbol takerFeeRate,0.8140723808035221,0.0,REALISED overnight_2000 PDR,0.9573104428918955,-0.9222790428918954,-0.9222790428918954,-0.9222790428918954,-1.0144084428918956,-0.7073104428918955,-0.9923418428918955,HOLD,SUPPRESSED: eligibility snapshot time unpublished,,2026-09-18T23:05:03.291954+00:00,public_book,2026-09-19T03:05:03.356996+00:00,public_book,
rSATA-2026-09-02-1,rSATA,RSATAUSDT,2026-09-02,1000,0.0516,0.03612,0.03612,0.0516,False,GROSS,2,100.004,100.01,OBSERVED p_pre,0.001,OBSERVED live symbol takerFeeRate,-0.11627906976744627,0.0,REALISED overnight_2000 PDR,0.23001459997000268,-0.2721345999700029,-0.2721345999700029,-0.2721345999700029,-0.2876145999700029,-0.2360145999700029,-0.18789459997000246,HOLD,SUPPRESSED: eligibility snapshot time unpublished,,2026-09-18T23:05:03.291954+00:00,ticker_only,2026-09-19T03:05:03.356996+00:00,ticker_only,
rSATA-2026-09-02-1,rSATA,RSATAUSDT,2026-09-02,5000,0.0516,0.03612,0.03612,0.0516,False,GROSS,2,100.004,100.01,OBSERVED p_pre,0.001,OBSERVED live symbol takerFeeRate,-0.11627906976744627,0.0,REALISED overnight_2000 PDR,,,,,,,,NO_SIGNAL,SUPPRESSED: eligibility snapshot time unpublished,"buy: $5,000 exceeds visible top-of-book ($2,500) on ticker-only symbol",2026-09-18T23:05:03.291954+00:00,ticker_only,2026-09-19T03:05:03.356996+00:00,ticker_only,
rSATA-2026-09-02-1,rSATA,RSATAUSDT,2026-09-02,25000,0.0516,0.03612,0.03612,0.0516,False,GROSS,2,100.004,100.01,OBSERVED p_pre,0.001,OBSERVED live symbol takerFeeRate,-0.11627906976744627,0.0,REALISED overnight_2000 PDR,,,,,,,,NO_SIGNAL,SUPPRESSED: eligibility snapshot time unpublished,"sell: $25,000 exceeds visible top-of-book ($5,499) on ticker-only symbol; buy: $25,000 exceeds visible top-of-book ($2,500) on ticker-only symbol",2026-09-18T23:05:03.291954+00:00,ticker_only,2026-09-19T03:05:03.356996+00:00,ticker_only,
rSATA-2026-09-03-1,rSATA,RSATAUSDT,2026-09-03,1000,0.0516,0.03612,0.03612,0.0516,False,GROSS,2,100.005,100.01,OBSERVED p_pre,0.001,OBSERVED live symbol takerFeeRate,-0.09689922480638882,0.0,REALISED overnight_2000 PDR,0.230015749962503,-0.27113574996251266,-0.27113574996251266,-0.27113574996251266,-0.28661574996251266,-0.23501574996251268,-0.18889574996249336,HOLD,SUPPRESSED: eligibility snapshot time unpublished,,2026-09-18T23:05:03.291954+00:00,ticker_only,2026-09-19T03:05:03.356996+00:00,ticker_only,
rSATA-2026-09-03-1,rSATA,RSATAUSDT,2026-09-03,5000,0.0516,0.03612,0.03612,0.0516,False,GROSS,2,100.005,100.01,OBSERVED p_pre,0.001,OBSERVED live symbol takerFeeRate,-0.09689922480638882,0.0,REALISED overnight_2000 PDR,,,,,,,,NO_SIGNAL,SUPPRESSED: eligibility snapshot time unpublished,"buy: $5,000 exceeds visible top-of-book ($2,500) on ticker-only symbol",2026-09-18T23:05:03.291954+00:00,ticker_only,2026-09-19T03:05:03.356996+00:00,ticker_only,
rSATA-2026-09-03-1,rSATA,RSATAUSDT,2026-09-03,25000,0.0516,0.03612,0.03612,0.0516,False,GROSS,2,100.005,100.01,OBSERVED p_pre,0.001,OBSERVED live symbol takerFeeRate,-0.09689922480638882,0.0,REALISED overnight_2000 PDR,,,,,,,,NO_SIGNAL,SUPPRESSED: eligibility snapshot time unpublished,"sell: $25,000 exceeds visible top-of-book ($5,499) on ticker-only symbol; buy: $25,000 exceeds visible top-of-book ($2,500) on ticker-only symbol",2026-09-18T23:05:03.291954+00:00,ticker_only,2026-09-19T03:05:03.356996+00:00,ticker_only,
rSATA-2026-09-04-1,rSATA,RSATAUSDT,2026-09-04,1000,0.0516,0.03612,0.03612,0.0516,False,GROSS,2,100.0,100.01,OBSERVED p_pre,0.001,OBSERVED live symbol takerFeeRate,-0.19379844961250225,0.0,REALISED overnight_2000 PDR,0.23001000000000113,-0.27613000000000626,-0.27613000000000626,-0.27613000000000626,-0.29161000000000625,-0.24001000000000625,-0.183889999999996,HOLD,SUPPRESSED: eligibility snapshot time unpublished,,2026-09-18T23:05:03.291954+00:00,ticker_only,2026-09-19T03:05:03.356996+00:00,ticker_only,
rSATA-2026-09-04-1,rSATA,RSATAUSDT,2026-09-04,5000,0.0516,0.03612,0.03612,0.0516,False,GROSS,2,100.0,100.01,OBSERVED p_pre,0.001,OBSERVED live symbol takerFeeRate,-0.19379844961250225,0.0,REALISED overnight_2000 PDR,,,,,,,,NO_SIGNAL,SUPPRESSED: eligibility snapshot time unpublished,"buy: $5,000 exceeds visible top-of-book ($2,500) on ticker-only symbol",2026-09-18T23:05:03.291954+00:00,ticker_only,2026-09-19T03:05:03.356996+00:00,ticker_only,
rSATA-2026-09-04-1,rSATA,RSATAUSDT,2026-09-04,25000,0.0516,0.03612,0.03612,0.0516,False,GROSS,2,100.0,100.01,OBSERVED p_pre,0.001,OBSERVED live symbol takerFeeRate,-0.19379844961250225,0.0,REALISED overnight_2000 PDR,,,,,,,,NO_SIGNAL,SUPPRESSED: eligibility snapshot time unpublished,"sell: $25,000 exceeds visible top-of-book ($5,499) on ticker-only symbol; buy: $25,000 exceeds visible top-of-book ($2,500) on ticker-only symbol",2026-09-18T23:05:03.291954+00:00,ticker_only,2026-09-19T03:05:03.356996+00:00,ticker_only,
rSATA-2026-09-08-1,rSATA,RSATAUSDT,2026-09-08,1000,0.0516,0.03612,0.03612,0.0516,False,GROSS,2,100.0002,100.01,OBSERVED p_pre,0.001,OBSERVED live symbol takerFeeRate,-0.1899224806201255,0.0,REALISED overnight_2000 PDR,0.2300102299985012,-0.2759302299984997,-0.2759302299984997,-0.2759302299984997,-0.2914102299984997,-0.23981022999849969,-0.18409022999850272,HOLD,SUPPRESSED: eligibility snapshot time unpublished,,2026-09-18T23:05:03.291954+00:00,ticker_only,2026-09-19T03:05:03.356996+00:00,ticker_only,
rSATA-2026-09-08-1,rSATA,RSATAUSDT,2026-09-08,5000,0.0516,0.03612,0.03612,0.0516,False,GROSS,2,100.0002,100.01,OBSERVED p_pre,0.001,OBSERVED live symbol takerFeeRate,-0.1899224806201255,0.0,REALISED overnight_2000 PDR,,,,,,,,NO_SIGNAL,SUPPRESSED: eligibility snapshot time unpublished,"buy: $5,000 exceeds visible top-of-book ($2,500) on ticker-only symbol",2026-09-18T23:05:03.291954+00:00,ticker_only,2026-09-19T03:05:03.356996+00:00,ticker_only,
rSATA-2026-09-08-1,rSATA,RSATAUSDT,2026-09-08,25000,0.0516,0.03612,0.03612,0.0516,False,GROSS,2,100.0002,100.01,OBSERVED p_pre,0.001,OBSERVED live symbol takerFeeRate,-0.1899224806201255,0.0,REALISED overnight_2000 PDR,,,,,,,,NO_SIGNAL,SUPPRESSED: eligibility snapshot time unpublished,"sell: $25,000 exceeds visible top-of-book ($5,499) on ticker-only symbol; buy: $25,000 exceeds visible top-of-book ($2,500) on ticker-only symbol",2026-09-18T23:05:03.291954+00:00,ticker_only,2026-09-19T03:05:03.356996+00:00,ticker_only,
rSATA-2026-09-09-1,rSATA,RSATAUSDT,2026-09-09,1000,0.0516,0.03612,0.03612,0.0516,False,GROSS,2,99.97,100.0,OBSERVED p_pre,0.001,OBSERVED live symbol takerFeeRate,-0.5813953488372313,0.0,REALISED overnight_2000 PDR,0.22996400029998615,-0.29608400029998727,-0.29608400029998727,-0.29608400029998727,-0.3115640002999873,-0.2599640002999873,-0.16384400029998503,HOLD,SUPPRESSED: eligibility snapshot time unpublished,,2026-09-18T23:05:03.291954+00:00,ticker_only,2026-09-19T03:05:03.356996+00:00,ticker_only,
rSATA-2026-09-09-1,rSATA,RSATAUSDT,2026-09-09,5000,0.0516,0.03612,0.03612,0.0516,False,GROSS,2,99.97,100.0,OBSERVED p_pre,0.001,OBSERVED live symbol takerFeeRate,-0.5813953488372313,0.0,REALISED overnight_2000 PDR,,,,,,,,NO_SIGNAL,SUPPRESSED: eligibility snapshot time unpublished,"buy: $5,000 exceeds visible top-of-book ($2,500) on ticker-only symbol",2026-09-18T23:05:03.291954+00:00,ticker_only,2026-09-19T03:05:03.356996+00:00,ticker_only,
rSATA-2026-09-09-1,rSATA,RSATAUSDT,2026-09-09,25000,0.0516,0.03612,0.03612,0.0516,False,GROSS,2,99.97,100.0,OBSERVED p_pre,0.001,OBSERVED live symbol takerFeeRate,-0.5813953488372313,0.0,REALISED overnight_2000 PDR,,,,,,,,NO_SIGNAL,SUPPRESSED: eligibility snapshot time unpublished,"sell: $25,000 exceeds visible top-of-book ($5,499) on ticker-only symbol; buy: $25,000 exceeds visible top-of-book ($2,500) on ticker-only symbol",2026-09-18T23:05:03.291954+00:00,ticker_only,2026-09-19T03:05:03.356996+00:00,ticker_only,
rSATA-2026-09-10-1,rSATA,RSATAUSDT,2026-09-10,1000,0.0516,0.03612,0.03612,0.0516,False,GROSS,2,100.0023,100.01,OBSERVED p_pre,0.001,OBSERVED live symbol takerFeeRate,-0.14922480620154685,0.0,REALISED overnight_2000 PDR,0.230012644982752,-0.27383264498275184,-0.27383264498275184,-0.27383264498275184,-0.28931264498275183,-0.23771264498275183,-0.18619264498275218,HOLD,SUPPRESSED: eligibility snapshot time unpublished,,2026-09-18T23:05:03.291954+00:00,ticker_only,2026-09-19T03:05:03.356996+00:00,ticker_only,
rSATA-2026-09-10-1,rSATA,RSATAUSDT,2026-09-10,5000,0.0516,0.03612,0.03612,0.0516,False,GROSS,2,100.0023,100.01,OBSERVED p_pre,0.001,OBSERVED live symbol takerFeeRate,-0.14922480620154685,0.0,REALISED overnight_2000 PDR,,,,,,,,NO_SIGNAL,SUPPRESSED: eligibility snapshot time unpublished,"buy: $5,000 exceeds visible top-of-book ($2,500) on ticker-only symbol",2026-09-18T23:05:03.291954+00:00,ticker_only,2026-09-19T03:05:03.356996+00:00,ticker_only,
rSATA-2026-09-10-1,rSATA,RSATAUSDT,2026-09-10,25000,0.0516,0.03612,0.03612,0.0516,False,GROSS,2,100.0023,100.01,OBSERVED p_pre,0.001,OBSERVED live symbol takerFeeRate,-0.14922480620154685,0.0,REALISED overnight_2000 PDR,,,,,,,,NO_SIGNAL,SUPPRESSED: eligibility snapshot time unpublished,"sell: $25,000 exceeds visible top-of-book ($5,499) on ticker-only symbol; buy: $25,000 exceeds visible top-of-book ($2,500) on ticker-only symbol",2026-09-18T23:05:03.291954+00:00,ticker_only,2026-09-19T03:05:03.356996+00:00,ticker_only,
rSATA-2026-09-11-1,rSATA,RSATAUSDT,2026-09-11,1000,0.0516,0.03612,0.03612,0.0516,False,GROSS,2,100.0007,101.7,OBSERVED p_pre,0.001,OBSERVED live symbol takerFeeRate,-32.932170542635816,0.0,REALISED overnight_2000 PDR,0.2319542923203851,-1.9673742923203932,-1.9673742923203932,-1.9673742923203932,-1.9828542923203933,-1.9312542923203933,1.5034657076796227,HOLD,SUPPRESSED: eligibility snapshot time unpublished,,2026-09-18T23:05:03.291954+00:00,ticker_only,2026-09-19T03:05:03.356996+00:00,ticker_only,
rSATA-2026-09-11-1,rSATA,RSATAUSDT,2026-09-11,5000,0.0516,0.03612,0.03612,0.0516,False,GROSS,2,100.0007,101.7,OBSERVED p_pre,0.001,OBSERVED live symbol takerFeeRate,-32.932170542635816,0.0,REALISED overnight_2000 PDR,,,,,,,,NO_SIGNAL,SUPPRESSED: eligibility snapshot time unpublished,"buy: $5,000 exceeds visible top-of-book ($2,500) on ticker-only symbol",2026-09-18T23:05:03.291954+00:00,ticker_only,2026-09-19T03:05:03.356996+00:00,ticker_only,
rSATA-2026-09-11-1,rSATA,RSATAUSDT,2026-09-11,25000,0.0516,0.03612,0.03612,0.0516,False,GROSS,2,100.0007,101.7,OBSERVED p_pre,0.001,OBSERVED live symbol takerFeeRate,-32.932170542635816,0.0,REALISED overnight_2000 PDR,,,,,,,,NO_SIGNAL,SUPPRESSED: eligibility snapshot time unpublished,"sell: $25,000 exceeds visible top-of-book ($5,499) on ticker-only symbol; buy: $25,000 exceeds visible top-of-book ($2,500) on ticker-only symbol",2026-09-18T23:05:03.291954+00:00,ticker_only,2026-09-19T03:05:03.356996+00:00,ticker_only,
rSATA-2026-09-14-1,rSATA,RSATAUSDT,2026-09-14,1000,0.0516,0.03612,0.03612,0.0516,False,GROSS,2,99.9,99.97,OBSERVED p_pre,0.001,OBSERVED live symbol takerFeeRate,-1.3565891472866896,0.0,REALISED overnight_2000 PDR,0.22984900104994865,-0.3359690010499418,-0.3359690010499418,-0.3359690010499418,-0.3514490010499418,-0.29984900104994183,-0.12372900104995548,HOLD,SUPPRESSED: eligibility snapshot time unpublished,,2026-09-18T23:05:03.291954+00:00,ticker_only,2026-09-19T03:05:03.356996+00:00,ticker_only,
rSATA-2026-09-14-1,rSATA,RSATAUSDT,2026-09-14,5000,0.0516,0.03612,0.03612,0.0516,False,GROSS,2,99.9,99.97,OBSERVED p_pre,0.001,OBSERVED live symbol takerFeeRate,-1.3565891472866896,0.0,REALISED overnight_2000 PDR,,,,,,,,NO_SIGNAL,SUPPRESSED: eligibility snapshot time unpublished,"buy: $5,000 exceeds visible top-of-book ($2,500) on ticker-only symbol",2026-09-18T23:05:03.291954+00:00,ticker_only,2026-09-19T03:05:03.356996+00:00,ticker_only,
rSATA-2026-09-14-1,rSATA,RSATAUSDT,2026-09-14,25000,0.0516,0.03612,0.03612,0.0516,False,GROSS,2,99.9,99.97,OBSERVED p_pre,0.001,OBSERVED live symbol takerFeeRate,-1.3565891472866896,0.0,REALISED overnight_2000 PDR,,,,,,,,NO_SIGNAL,SUPPRESSED: eligibility snapshot time unpublished,"sell: $25,000 exceeds visible top-of-book ($5,499) on ticker-only symbol; buy: $25,000 exceeds visible top-of-book ($2,500) on ticker-only symbol",2026-09-18T23:05:03.291954+00:00,ticker_only,2026-09-19T03:05:03.356996+00:00,ticker_only,
rSATA-2026-09-15-1,rSATA,RSATAUSDT,2026-09-15,1000,0.0516,0.03612,0.03612,0.0516,False,GROSS,2,100.0001,100.04,OBSERVED p_pre,0.001,OBSERVED live symbol takerFeeRate,-0.7732558139535453,0.0,REALISED overnight_2000 PDR,0.2300446147742624,-0.30606461477426533,-0.30606461477426533,-0.30606461477426533,-0.3215446147742653,-0.26994461477426535,-0.1540246147742595,HOLD,SUPPRESSED: eligibility snapshot time unpublished,,2026-09-18T23:05:03.291954+00:00,ticker_only,2026-09-19T03:05:03.356996+00:00,ticker_only,
rSATA-2026-09-15-1,rSATA,RSATAUSDT,2026-09-15,5000,0.0516,0.03612,0.03612,0.0516,False,GROSS,2,100.0001,100.04,OBSERVED p_pre,0.001,OBSERVED live symbol takerFeeRate,-0.7732558139535453,0.0,REALISED overnight_2000 PDR,,,,,,,,NO_SIGNAL,SUPPRESSED: eligibility snapshot time unpublished,"buy: $5,000 exceeds visible top-of-book ($2,500) on ticker-only symbol",2026-09-18T23:05:03.291954+00:00,ticker_only,2026-09-19T03:05:03.356996+00:00,ticker_only,
rSATA-2026-09-15-1,rSATA,RSATAUSDT,2026-09-15,25000,0.0516,0.03612,0.03612,0.0516,False,GROSS,2,100.0001,100.04,OBSERVED p_pre,0.001,OBSERVED live symbol takerFeeRate,-0.7732558139535453,0.0,REALISED overnight_2000 PDR,,,,,,,,NO_SIGNAL,SUPPRESSED: eligibility snapshot time unpublished,"sell: $25,000 exceeds visible top-of-book ($5,499) on ticker-only symbol; buy: $25,000 exceeds visible top-of-book ($2,500) on ticker-only symbol",2026-09-18T23:05:03.291954+00:00,ticker_only,2026-09-19T03:05:03.356996+00:00,ticker_only,
rSATA-2026-09-16-1,rSATA,RSATAUSDT,2026-09-16,1000,0.0516,0.03612,0.03612,0.0516,False,GROSS,2,99.99,99.98,OBSERVED p_pre,0.001,OBSERVED live symbol takerFeeRate,0.19379844961222684,0.0,REALISED overnight_2000 PDR,0.22996400029998615,-0.25608400029999523,-0.25608400029999523,-0.25608400029999523,-0.2715640002999952,-0.21996400029999524,-0.20384400029997707,HOLD,SUPPRESSED: eligibility snapshot time unpublished,,2026-09-18T23:05:03.291954+00:00,ticker_only,2026-09-19T03:05:03.356996+00:00,ticker_only,
rSATA-2026-09-16-1,rSATA,RSATAUSDT,2026-09-16,5000,0.0516,0.03612,0.03612,0.0516,False,GROSS,2,99.99,99.98,OBSERVED p_pre,0.001,OBSERVED live symbol takerFeeRate,0.19379844961222684,0.0,REALISED overnight_2000 PDR,,,,,,,,NO_SIGNAL,SUPPRESSED: eligibility snapshot time unpublished,"buy: $5,000 exceeds visible top-of-book ($2,500) on ticker-only symbol",2026-09-18T23:05:03.291954+00:00,ticker_only,2026-09-19T03:05:03.356996+00:00,ticker_only,
rSATA-2026-09-16-1,rSATA,RSATAUSDT,2026-09-16,25000,0.0516,0.03612,0.03612,0.0516,False,GROSS,2,99.99,99.98,OBSERVED p_pre,0.001,OBSERVED live symbol takerFeeRate,0.19379844961222684,0.0,REALISED overnight_2000 PDR,,,,,,,,NO_SIGNAL,SUPPRESSED: eligibility snapshot time unpublished,"sell: $25,000 exceeds visible top-of-book ($5,499) on ticker-only symbol; buy: $25,000 exceeds visible top-of-book ($2,500) on ticker-only symbol",2026-09-18T23:05:03.291954+00:00,ticker_only,2026-09-19T03:05:03.356996+00:00,ticker_only,
rSPXU-2026-06-24-1,rSPXU,RSPXUUSDT,2026-06-24,1000,0.391445,0.2740115,0.2740115,0.2740115,True,GROSS,1,39.2,38.78,OBSERVED p_pre,0.0005,DOCUMENTED promotional 0.05% through 2026-08-31,1.0729476682548038,0.0,REALISED overnight_2000 PDR,,,,,,,,NO_SIGNAL,SUPPRESSED: eligibility snapshot time unpublished,"sell: $1,000 exceeds visible top-of-book ($351) on ticker-only symbol; buy: $1,000 exceeds visible top-of-book ($352) on ticker-only symbol",2026-09-18T23:05:03.291954+00:00,ticker_only,2026-09-19T03:05:03.356996+00:00,ticker_only,
rSPXU-2026-06-24-1,rSPXU,RSPXUUSDT,2026-06-24,5000,0.391445,0.2740115,0.2740115,0.2740115,True,GROSS,1,39.2,38.78,OBSERVED p_pre,0.0005,DOCUMENTED promotional 0.05% through 2026-08-31,1.0729476682548038,0.0,REALISED overnight_2000 PDR,,,,,,,,NO_SIGNAL,SUPPRESSED: eligibility snapshot time unpublished,"sell: $5,000 exceeds visible top-of-book ($351) on ticker-only symbol; buy: $5,000 exceeds visible top-of-book ($352) on ticker-only symbol",2026-09-18T23:05:03.291954+00:00,ticker_only,2026-09-19T03:05:03.356996+00:00,ticker_only,
rSPXU-2026-06-24-1,rSPXU,RSPXUUSDT,2026-06-24,25000,0.391445,0.2740115,0.2740115,0.2740115,True,GROSS,1,39.2,38.78,OBSERVED p_pre,0.0005,DOCUMENTED promotional 0.05% through 2026-08-31,1.0729476682548038,0.0,REALISED overnight_2000 PDR,,,,,,,,NO_SIGNAL,SUPPRESSED: eligibility snapshot time unpublished,"sell: $25,000 exceeds visible top-of-book ($351) on ticker-only symbol; buy: $25,000 exceeds visible top-of-book ($352) on ticker-only symbol",2026-09-18T23:05:03.291954+00:00,ticker_only,2026-09-19T03:05:03.356996+00:00,ticker_only,
rSQQQ-2026-06-24-1,rSQQQ,RSQQQUSDT,2026-06-24,1000,0.637637,0.4463459,0.4463459,0.4463459,True,GROSS,1,40.177,39.66,OBSERVED p_pre,0.0005,DOCUMENTED promotional 0.05% through 2026-08-31,0.8108061483257762,0.0,REALISED overnight_2000 PDR,0.12360197470294682,-0.05294787470294382,-0.05294787470294382,-0.05294787470294382,-0.05294787470294382,0.3933980252970562,-0.1942560747029498,HOLD,SUPPRESSED: eligibility snapshot time unpublished,,2026-09-18T23:05:03.291954+00:00,public_book,2026-09-19T03:05:03.356996+00:00,public_book,
rSQQQ-2026-06-24-1,rSQQQ,RSQQQUSDT,2026-06-24,5000,0.637637,0.4463459,0.4463459,0.4463459,True,GROSS,1,40.177,39.66,OBSERVED p_pre,0.0005,DOCUMENTED promotional 0.05% through 2026-08-31,0.8108061483257762,0.0,REALISED overnight_2000 PDR,0.24295945128268542,-0.17230535128268243,-0.17230535128268243,-0.17230535128268243,-0.17230535128268243,0.2740405487173176,-0.3136135512826884,HOLD,SUPPRESSED: eligibility snapshot time unpublished,,2026-09-18T23:05:03.291954+00:00,public_book,2026-09-19T03:05:03.356996+00:00,public_book,
rSQQQ-2026-06-24-1,rSQQQ,RSQQQUSDT,2026-06-24,25000,0.637637,0.4463459,0.4463459,0.4463459,True,GROSS,1,40.177,39.66,OBSERVED p_pre,0.0005,DOCUMENTED promotional 0.05% through 2026-08-31,0.8108061483257762,0.0,REALISED overnight_2000 PDR,0.39514450752451613,-0.32449040752451314,-0.32449040752451314,-0.32449040752451314,-0.32449040752451314,0.12185549247548688,-0.4657986075245191,HOLD,SUPPRESSED: eligibility snapshot time unpublished,,2026-09-18T23:05:03.291954+00:00,public_book,2026-09-19T03:05:03.356996+00:00,public_book,
rSTM-2026-06-23-1,rSTM,RSTMUSDT,2026-06-23,1000,0.0765,0.05355,0.05355,0.05355,True,GROSS,1,79.565,79.25,OBSERVED p_pre,0.0005,DOCUMENTED promotional 0.05% through 2026-08-31,4.1176470588235,0.0,REALISED overnight_2000 PDR,,,,,,,,NO_SIGNAL,SUPPRESSED: eligibility snapshot time unpublished,"sell: $1,000 exceeds visible top-of-book ($100) on ticker-only symbol; buy: $1,000 exceeds visible top-of-book ($152) on ticker-only symbol",2026-09-18T23:05:03.291954+00:00,ticker_only,2026-09-19T03:05:03.356996+00:00,ticker_only,
rSTM-2026-06-23-1,rSTM,RSTMUSDT,2026-06-23,5000,0.0765,0.05355,0.05355,0.05355,True,GROSS,1,79.565,79.25,OBSERVED p_pre,0.0005,DOCUMENTED promotional 0.05% through 2026-08-31,4.1176470588235,0.0,REALISED overnight_2000 PDR,,,,,,,,NO_SIGNAL,SUPPRESSED: eligibility snapshot time unpublished,"sell: $5,000 exceeds visible top-of-book ($100) on ticker-only symbol; buy: $5,000 exceeds visible top-of-book ($152) on ticker-only symbol",2026-09-18T23:05:03.291954+00:00,ticker_only,2026-09-19T03:05:03.356996+00:00,ticker_only,
rSTM-2026-06-23-1,rSTM,RSTMUSDT,2026-06-23,25000,0.0765,0.05355,0.05355,0.05355,True,GROSS,1,79.565,79.25,OBSERVED p_pre,0.0005,DOCUMENTED promotional 0.05% through 2026-08-31,4.1176470588235,0.0,REALISED overnight_2000 PDR,,,,,,,,NO_SIGNAL,SUPPRESSED: eligibility snapshot time unpublished,"sell: $25,000 exceeds visible top-of-book ($100) on ticker-only symbol; buy: $25,000 exceeds visible top-of-book ($152) on ticker-only symbol",2026-09-18T23:05:03.291954+00:00,ticker_only,2026-09-19T03:05:03.356996+00:00,ticker_only,
rSTX-2026-06-24-1,rSTX,RSTXUSDT,2026-06-24,1000,0.74,0.518,0.518,0.518,True,GROSS,1,1041.504,1038.3,OBSERVED p_pre,0.0005,DOCUMENTED promotional 0.05% through 2026-08-31,4.329729729729664,0.0,REALISED overnight_2000 PDR,1.8310420650299164,0.8549579349700347,0.8549579349700347,0.8549579349700347,0.8549579349700347,1.372957934970035,-4.517042065029868,EXIT,SUPPRESSED: eligibility snapshot time unpublished,,2026-09-18T23:05:03.291954+00:00,public_book,2026-09-19T03:05:03.356996+00:00,public_book,
rSTX-2026-06-24-1,rSTX,RSTXUSDT,2026-06-24,5000,0.74,0.518,0.518,0.518,True,GROSS,1,1041.504,1038.3,OBSERVED p_pre,0.0005,DOCUMENTED promotional 0.05% through 2026-08-31,4.329729729729664,0.0,REALISED overnight_2000 PDR,1.8310420650299164,0.8549579349700347,0.8549579349700347,0.8549579349700347,0.8549579349700347,1.372957934970035,-4.517042065029868,EXIT,SUPPRESSED: eligibility snapshot time unpublished,,2026-09-18T23:05:03.291954+00:00,public_book,2026-09-19T03:05:03.356996+00:00,public_book,
rSTX-2026-06-24-1,rSTX,RSTXUSDT,2026-06-24,25000,0.74,0.518,0.518,0.518,True,GROSS,1,1041.504,1038.3,OBSERVED p_pre,0.0005,DOCUMENTED promotional 0.05% through 2026-08-31,4.329729729729664,0.0,REALISED overnight_2000 PDR,2.225501815971815,0.46049818402813614,0.46049818402813614,0.46049818402813614,0.46049818402813614,0.9784981840281364,-4.911501815971766,EXIT,SUPPRESSED: eligibility snapshot time unpublished,,2026-09-18T23:05:03.291954+00:00,public_book,2026-09-19T03:05:03.356996+00:00,public_book,
rSTRC-2026-06-30-1,rSTRC,RSTRCUSDT,2026-06-30,1000,0.47916667,0.335416669,0.335416669,0.335416669,True,GROSS,1,83.88,83.32,OBSERVED p_pre,0.0005,DOCUMENTED promotional 0.05% through 2026-08-31,1.1686956440438612,0.0,REALISED overnight_2000 PDR,0.27342580335756356,-0.048842472357561284,-0.048842472357561284,-0.048842472357561284,-0.048842472357561284,0.2865741966424387,-0.49800913435756583,HOLD,SUPPRESSED: eligibility snapshot time unpublished,,2026-09-18T23:05:03.291954+00:00,public_book,2026-09-19T03:05:03.356996+00:00,public_book,
rSTRC-2026-06-30-1,rSTRC,RSTRCUSDT,2026-06-30,5000,0.47916667,0.335416669,0.335416669,0.335416669,True,GROSS,1,83.88,83.32,OBSERVED p_pre,0.0005,DOCUMENTED promotional 0.05% through 2026-08-31,1.1686956440438612,0.0,REALISED overnight_2000 PDR,0.43925590848085994,-0.21467257748085766,-0.21467257748085766,-0.21467257748085766,-0.21467257748085766,0.12074409151914234,-0.6638392394808622,HOLD,SUPPRESSED: eligibility snapshot time unpublished,,2026-09-18T23:05:03.291954+00:00,public_book,2026-09-19T03:05:03.356996+00:00,public_book,
rSTRC-2026-06-30-1,rSTRC,RSTRCUSDT,2026-06-30,25000,0.47916667,0.335416669,0.335416669,0.335416669,True,GROSS,1,83.88,83.32,OBSERVED p_pre,0.0005,DOCUMENTED promotional 0.05% through 2026-08-31,1.1686956440438612,0.0,REALISED overnight_2000 PDR,0.7349068618784323,-0.5103235308784301,-0.5103235308784301,-0.5103235308784301,-0.5103235308784301,-0.17490686187843008,-0.9594901928784346,HOLD,SUPPRESSED: eligibility snapshot time unpublished,,2026-09-18T23:05:03.291954+00:00,public_book,2026-09-19T03:05:03.356996+00:00,public_book,
rSTRC-2026-07-15-1,rSTRC,RSTRCUSDT,2026-07-15,1000,0.5,0.35,0.35,0.5,False,GROSS,2,88.64,88.27,OBSERVED p_pre,0.0005,DOCUMENTED promotional 0.05% through 2026-08-31,0.7400000000000091,0.0,REALISED overnight_2000 PDR,0.2893222532400624,-0.2693222532400578,-0.2693222532400578,-0.2693222532400578,-0.41932225324005784,0.08067774675994216,-0.30932225324006696,HOLD,SUPPRESSED: eligibility snapshot time unpublished,,2026-09-18T23:05:03.291954+00:00,public_book,2026-09-19T03:05:03.356996+00:00,public_book,
rSTRC-2026-07-15-1,rSTRC,RSTRCUSDT,2026-07-15,5000,0.5,0.35,0.35,0.5,False,GROSS,2,88.64,88.27,OBSERVED p_pre,0.0005,DOCUMENTED promotional 0.05% through 2026-08-31,0.7400000000000091,0.0,REALISED overnight_2000 PDR,0.46479784040190253,-0.44479784040189796,-0.44479784040189796,-0.44479784040189796,-0.594797840401898,-0.09479784040189798,-0.4847978404019071,HOLD,SUPPRESSED: eligibility snapshot time unpublished,,2026-09-18T23:05:03.291954+00:00,public_book,2026-09-19T03:05:03.356996+00:00,public_book,
rSTRC-2026-07-15-1,rSTRC,RSTRCUSDT,2026-07-15,25000,0.5,0.35,0.35,0.5,False,GROSS,2,88.64,88.27,OBSERVED p_pre,0.0005,DOCUMENTED promotional 0.05% through 2026-08-31,0.7400000000000091,0.0,REALISED overnight_2000 PDR,0.7775892727038429,-0.7575892727038384,-0.7575892727038384,-0.7575892727038384,-0.9075892727038384,-0.4075892727038384,-0.7975892727038475,HOLD,SUPPRESSED: eligibility snapshot time unpublished,,2026-09-18T23:05:03.291954+00:00,public_book,2026-09-19T03:05:03.356996+00:00,public_book,
rSTRC-2026-07-31-1,rSTRC,RSTRCUSDT,2026-07-31,1000,0.5,0.35,0.35,0.5,False,GROSS,2,89.75,90.42,OBSERVED p_pre,0.0005,DOCUMENTED promotional 0.05% through 2026-08-31,-1.3400000000000034,0.0,REALISED overnight_2000 PDR,0.2947359341388277,-1.3147359341388296,-1.3147359341388296,-1.3147359341388296,-1.4647359341388295,-0.9647359341388294,0.7252640658611741,HOLD,SUPPRESSED: eligibility snapshot time unpublished,,2026-09-18T23:05:03.291954+00:00,public_book,2026-09-19T03:05:03.356996+00:00,public_book,
rSTRC-2026-07-31-1,rSTRC,RSTRCUSDT,2026-07-31,5000,0.5,0.35,0.35,0.5,False,GROSS,2,89.75,90.42,OBSERVED p_pre,0.0005,DOCUMENTED promotional 0.05% through 2026-08-31,-1.3400000000000034,0.0,REALISED overnight_2000 PDR,0.47351583049778123,-1.493515830497783,-1.493515830497783,-1.493515830497783,-1.6435158304977828,-1.1435158304977828,0.5464841695022206,HOLD,SUPPRESSED: eligibility snapshot time unpublished,,2026-09-18T23:05:03.291954+00:00,public_book,2026-09-19T03:05:03.356996+00:00,public_book,
rSTRC-2026-07-31-1,rSTRC,RSTRCUSDT,2026-07-31,25000,0.5,0.35,0.35,0.5,False,GROSS,2,89.75,90.42,OBSERVED p_pre,0.0005,DOCUMENTED promotional 0.05% through 2026-08-31,-1.3400000000000034,0.0,REALISED overnight_2000 PDR,0.7919338315623528,-1.8119338315623545,-1.8119338315623545,-1.8119338315623545,-1.9619338315623545,-1.4619338315623545,0.22806616843764904,HOLD,SUPPRESSED: eligibility snapshot time unpublished,,2026-09-18T23:05:03.291954+00:00,public_book,2026-09-19T03:05:03.356996+00:00,public_book,
rSTRC-2026-08-14-1,rSTRC,RSTRCUSDT,2026-08-14,1000,0.5,0.35,0.35,0.5,False,GROSS,2,95.88,96.01,OBSERVED p_pre,0.0005,DOCUMENTED promotional 0.05% through 2026-08-31,-0.2600000000000193,0.0,REALISED overnight_2000 PDR,0.3138625803727127,-0.7938625803727224,-0.7938625803727224,-0.7938625803727224,-0.9438625803727223,-0.44386258037272236,0.16613741962729695,HOLD,SUPPRESSED: eligibility snapshot time unpublished,,2026-09-18T23:05:03.291954+00:00,public_book,2026-09-19T03:05:03.356996+00:00,public_book,
rSTRC-2026-08-14-1,rSTRC,RSTRCUSDT,2026-08-14,5000,0.5,0.35,0.35,0.5,False,GROSS,2,95.88,96.01,OBSERVED p_pre,0.0005,DOCUMENTED promotional 0.05% through 2026-08-31,-0.2600000000000193,0.0,REALISED overnight_2000 PDR,0.5042326136119044,-0.984232613611914,-0.984232613611914,-0.984232613611914,-1.134232613611914,-0.6342326136119141,-0.02423261361189477,HOLD,SUPPRESSED: eligibility snapshot time unpublished,,2026-09-18T23:05:03.291954+00:00,public_book,2026-09-19T03:05:03.356996+00:00,public_book,
rSTRC-2026-08-14-1,rSTRC,RSTRCUSDT,2026-08-14,25000,0.5,0.35,0.35,0.5,False,GROSS,2,95.88,96.01,OBSERVED p_pre,0.0005,DOCUMENTED promotional 0.05% through 2026-08-31,-0.2600000000000193,0.0,REALISED overnight_2000 PDR,0.8434401889313763,-1.3234401889313858,-1.3234401889313858,-1.3234401889313858,-1.473440188931386,-0.973440188931386,-0.36344018893136665,HOLD,SUPPRESSED: eligibility snapshot time unpublished,,2026-09-18T23:05:03.291954+00:00,public_book,2026-09-19T03:05:03.356996+00:00,public_book,
rSTRC-2026-08-31-1,rSTRC,RSTRCUSDT,2026-08-31,1000,0.5,0.35,0.35,0.5,False,GROSS,2,97.635,97.63,OBSERVED p_pre,0.0005,DOCUMENTED promotional 0.05% through 2026-08-31,0.010000000000019327,0.0,REALISED overnight_2000 PDR,0.319372077176002,-0.6643720771759923,-0.6643720771759923,-0.6643720771759923,-0.8143720771759924,-0.31437207717599236,0.02562792282398829,HOLD,SUPPRESSED: eligibility snapshot time unpublished,,2026-09-18T23:05:03.291954+00:00,public_book,2026-09-19T03:05:03.356996+00:00,public_book,
rSTRC-2026-08-31-1,rSTRC,RSTRCUSDT,2026-08-31,5000,0.5,0.35,0.35,0.5,False,GROSS,2,97.635,97.63,OBSERVED p_pre,0.0005,DOCUMENTED promotional 0.05% through 2026-08-31,0.010000000000019327,0.0,REALISED overnight_2000 PDR,0.5130810994031424,-0.8580810994031327,-0.8580810994031327,-0.8580810994031327,-1.0080810994031326,-0.5080810994031327,-0.16808109940315208,HOLD,SUPPRESSED: eligibility snapshot time unpublished,,2026-09-18T23:05:03.291954+00:00,public_book,2026-09-19T03:05:03.356996+00:00,public_book,
rSTRC-2026-08-31-1,rSTRC,RSTRCUSDT,2026-08-31,25000,0.5,0.35,0.35,0.5,False,GROSS,2,97.635,97.63,OBSERVED p_pre,0.0005,DOCUMENTED promotional 0.05% through 2026-08-31,0.010000000000019327,0.0,REALISED overnight_2000 PDR,0.8582727427507408,-1.2032727427507313,-1.2032727427507313,-1.2032727427507313,-1.3532727427507312,-0.8532727427507312,-0.5132727427507505,HOLD,SUPPRESSED: eligibility snapshot time unpublished,,2026-09-18T23:05:03.291954+00:00,public_book,2026-09-19T03:05:03.356996+00:00,public_book,
rSTRC-2026-09-15-1,rSTRC,RSTRCUSDT,2026-09-15,1000,0.5,0.35,0.35,0.5,False,GROSS,2,98.94,99.08,OBSERVED p_pre,0.001,OBSERVED live symbol takerFeeRate,-0.28000000000000114,0.0,REALISED overnight_2000 PDR,0.4228995006488194,-0.91289950064882,-0.91289950064882,-0.91289950064882,-1.06289950064882,-0.56289950064882,0.06710049935118112,HOLD,SUPPRESSED: eligibility snapshot time unpublished,,2026-09-18T23:05:03.291954+00:00,public_book,2026-09-19T03:05:03.356996+00:00,public_book,
rSTRC-2026-09-15-1,rSTRC,RSTRCUSDT,2026-09-15,5000,0.5,0.35,0.35,0.5,False,GROSS,2,98.94,99.08,OBSERVED p_pre,0.001,OBSERVED live symbol takerFeeRate,-0.28000000000000114,0.0,REALISED overnight_2000 PDR,0.6193513730987747,-1.1093513730987752,-1.1093513730987752,-1.1093513730987752,-1.2593513730987753,-0.7593513730987753,-0.1293513730987742,HOLD,SUPPRESSED: eligibility snapshot time unpublished,,2026-09-18T23:05:03.291954+00:00,public_book,2026-09-19T03:05:03.356996+00:00,public_book,
rSTRC-2026-09-15-1,rSTRC,RSTRCUSDT,2026-09-15,25000,0.5,0.35,0.35,0.5,False,GROSS,2,98.94,99.08,OBSERVED p_pre,0.001,OBSERVED live symbol takerFeeRate,-0.28000000000000114,0.0,REALISED overnight_2000 PDR,0.9693942977892624,-1.459394297789263,-1.459394297789263,-1.459394297789263,-1.609394297789263,-1.109394297789263,-0.4793942977892619,HOLD,SUPPRESSED: eligibility snapshot time unpublished,,2026-09-18T23:05:03.291954+00:00,public_book,2026-09-19T03:05:03.356996+00:00,public_book,
rTLT-2026-07-01-1,rTLT,RTLTUSDT,2026-07-01,1000,0.31803,0.222621,0.222621,0.222621,True,GROSS,1,86.265,85.88,OBSERVED p_pre,0.0005,DOCUMENTED promotional 0.05% through 2026-08-31,1.2105776184636832,0.0,REALISED overnight_2000 PDR,0.22890660640031352,-0.06652760640030841,-0.06652760640030841,-0.06652760640030841,-0.06652760640030841,0.1560933935996916,-0.3912856064003186,HOLD,SUPPRESSED: eligibility snapshot time unpublished,,2026-09-18T23:05:03.291954+00:00,public_book,2026-09-19T03:05:03.356996+00:00,public_book,
rTLT-2026-07-01-1,rTLT,RTLTUSDT,2026-07-01,5000,0.31803,0.222621,0.222621,0.222621,True,GROSS,1,86.265,85.88,OBSERVED p_pre,0.0005,DOCUMENTED promotional 0.05% through 2026-08-31,1.2105776184636832,0.0,REALISED overnight_2000 PDR,0.3974742403488324,-0.23509524034882728,-0.23509524034882728,-0.23509524034882728,-0.23509524034882728,-0.01247424034882727,-0.5598532403488374,HOLD,SUPPRESSED: eligibility snapshot time unpublished,,2026-09-18T23:05:03.291954+00:00,public_book,2026-09-19T03:05:03.356996+00:00,public_book,
rTLT-2026-07-01-1,rTLT,RTLTUSDT,2026-07-01,25000,0.31803,0.222621,0.222621,0.222621,True,GROSS,1,86.265,85.88,OBSERVED p_pre,0.0005,DOCUMENTED promotional 0.05% through 2026-08-31,1.2105776184636832,0.0,REALISED overnight_2000 PDR,0.75021427552911,-0.587835275529105,-0.587835275529105,-0.587835275529105,-0.587835275529105,-0.3652142755291049,-0.9125932755291151,HOLD,SUPPRESSED: eligibility snapshot time unpublished,,2026-09-18T23:05:03.291954+00:00,public_book,2026-09-19T03:05:03.356996+00:00,public_book,
rTLT-2026-08-03-1,rTLT,RTLTUSDT,2026-08-03,1000,0.33045399,0.231317793,0.23131779299999997,0.33045399,False,GROSS,2,82.035,82.01,OBSERVED p_pre,0.0005,DOCUMENTED promotional 0.05% through 2026-08-31,0.07565349717820467,0.0,REALISED overnight_2000 PDR,0.21822092817172278,-0.4245387211717313,-0.4245387211717313,-0.4245387211717313,-0.5236749181717313,-0.1932209281717313,-0.011903135171714263,HOLD,SUPPRESSED: eligibility snapshot time unpublished,,2026-09-18T23:05:03.291954+00:00,public_book,2026-09-19T03:05:03.356996+00:00,public_book,
rTLT-2026-08-03-1,rTLT,RTLTUSDT,2026-08-03,5000,0.33045399,0.231317793,0.23131779299999997,0.33045399,False,GROSS,2,82.035,82.01,OBSERVED p_pre,0.0005,DOCUMENTED promotional 0.05% through 2026-08-31,0.07565349717820467,0.0,REALISED overnight_2000 PDR,0.37874482920008024,-0.5850626222000888,-0.5850626222000888,-0.5850626222000888,-0.6841988192000887,-0.35374482920008876,-0.17242703620007171,HOLD,SUPPRESSED: eligibility snapshot time unpublished,,2026-09-18T23:05:03.291954+00:00,public_book,2026-09-19T03:05:03.356996+00:00,public_book,
rTLT-2026-08-03-1,rTLT,RTLTUSDT,2026-08-03,25000,0.33045399,0.231317793,0.23131779299999997,0.33045399,False,GROSS,2,82.035,82.01,OBSERVED p_pre,0.0005,DOCUMENTED promotional 0.05% through 2026-08-31,0.07565349717820467,0.0,REALISED overnight_2000 PDR,0.7147586230937979,-0.9210764160938064,-0.9210764160938064,-0.9210764160938064,-1.0202126130938063,-0.6897586230938064,-0.5084408300937894,HOLD,SUPPRESSED: eligibility snapshot time unpublished,,2026-09-18T23:05:03.291954+00:00,public_book,2026-09-19T03:05:03.356996+00:00,public_book,
rTLT-2026-09-01-1,rTLT,RTLTUSDT,2026-09-01,1000,0.314686,0.2202802,0.2202802,0.314686,False,GROSS,2,82.38,82.23,OBSERVED p_pre,0.001,OBSERVED live symbol takerFeeRate,0.47666562859482614,0.0,REALISED overnight_2000 PDR,0.30124641001802005,-0.37152661001802856,-0.37152661001802856,-0.37152661001802856,-0.4659324100180286,-0.15124641001802858,-0.23096621001801151,HOLD,SUPPRESSED: eligibility snapshot time unpublished,,2026-09-18T23:05:03.291954+00:00,public_book,2026-09-19T03:05:03.356996+00:00,public_book,
rTLT-2026-09-01-1,rTLT,RTLTUSDT,2026-09-01,5000,0.314686,0.2202802,0.2202802,0.314686,False,GROSS,2,82.38,82.23,OBSERVED p_pre,0.001,OBSERVED live symbol takerFeeRate,0.47666562859482614,0.0,REALISED overnight_2000 PDR,0.4623641269799797,-0.5326443269799882,-0.5326443269799882,-0.5326443269799882,-0.6270501269799882,-0.3123641269799882,-0.3920839269799712,HOLD,SUPPRESSED: eligibility snapshot time unpublished,,2026-09-18T23:05:03.291954+00:00,public_book,2026-09-19T03:05:03.356996+00:00,public_book,
rTLT-2026-09-01-1,rTLT,RTLTUSDT,2026-09-01,25000,0.314686,0.2202802,0.2202802,0.314686,False,GROSS,2,82.38,82.23,OBSERVED p_pre,0.001,OBSERVED live symbol takerFeeRate,0.47666562859482614,0.0,REALISED overnight_2000 PDR,0.7995822124081997,-0.8698624124082083,-0.8698624124082083,-0.8698624124082083,-0.9642682124082083,-0.6495822124082082,-0.7293020124081911,HOLD,SUPPRESSED: eligibility snapshot time unpublished,,2026-09-18T23:05:03.291954+00:00,public_book,2026-09-19T03:05:03.356996+00:00,public_book,
rTSM-2026-06-11-1,rTSM,RTSMUSDT,2026-06-11,1000,0.742067,0.5194469,0.5194469,0.5194469,True,GROSS,1,407.055,408.01,OBSERVED p_pre,0.0005,DOCUMENTED promotional 0.05% through 2026-08-31,-1.2869457879140078,0.0,REALISED overnight_2000 PDR,1.5977267940835418,-3.072173694083526,-3.072173694083526,-3.072173694083526,-3.072173694083526,-2.552726794083526,-0.12327989408355755,HOLD,SUPPRESSED: eligibility snapshot time unpublished,,2026-09-18T23:05:03.291954+00:00,public_book,2026-09-19T03:05:03.356996+00:00,public_book,
rTSM-2026-06-11-1,rTSM,RTSMUSDT,2026-06-11,5000,0.742067,0.5194469,0.5194469,0.5194469,True,GROSS,1,407.055,408.01,OBSERVED p_pre,0.0005,DOCUMENTED promotional 0.05% through 2026-08-31,-1.2869457879140078,0.0,REALISED overnight_2000 PDR,2.3705774798661365,-3.845024379866121,-3.845024379866121,-3.845024379866121,-3.845024379866121,-3.3255774798661206,-0.8961305798661523,HOLD,SUPPRESSED: eligibility snapshot time unpublished,,2026-09-18T23:05:03.291954+00:00,public_book,2026-09-19T03:05:03.356996+00:00,public_book,
rTSM-2026-06-11-1,rTSM,RTSMUSDT,2026-06-11,25000,0.742067,0.5194469,0.5194469,0.5194469,True,GROSS,1,407.055,408.01,OBSERVED p_pre,0.0005,DOCUMENTED promotional 0.05% through 2026-08-31,-1.2869457879140078,0.0,REALISED overnight_2000 PDR,4.346875786769755,-5.821322686769739,-5.821322686769739,-5.821322686769739,-5.821322686769739,-5.301875786769739,-2.8724288867697707,HOLD,SUPPRESSED: eligibility snapshot time unpublished,,2026-09-18T23:05:03.291954+00:00,public_book,2026-09-19T03:05:03.356996+00:00,public_book,
rTQQQ-2026-06-24-1,rTQQQ,RTQQQUSDT,2026-06-24,1000,0.171229,0.1198603,0.1198603,0.1198603,True,GROSS,1,75.149,75.28,OBSERVED p_pre,0.0005,DOCUMENTED promotional 0.05% through 2026-08-31,-0.7650573208977465,0.0,REALISED overnight_2000 PDR,0.31461202916754777,-0.5654723291675481,-0.5654723291675481,-0.5654723291675481,-0.5654723291675481,-0.445612029167548,-0.06375172916754751,HOLD,SUPPRESSED: eligibility snapshot time unpublished,,2026-09-18T23:05:03.291954+00:00,public_book,2026-09-19T03:05:03.356996+00:00,public_book,
rTQQQ-2026-06-24-1,rTQQQ,RTQQQUSDT,2026-06-24,5000,0.171229,0.1198603,0.1198603,0.1198603,True,GROSS,1,75.149,75.28,OBSERVED p_pre,0.0005,DOCUMENTED promotional 0.05% through 2026-08-31,-0.7650573208977465,0.0,REALISED overnight_2000 PDR,0.4404470360642992,-0.6913073360642994,-0.6913073360642994,-0.6913073360642994,-0.6913073360642994,-0.5714470360642994,-0.18958673606429893,HOLD,SUPPRESSED: eligibility snapshot time unpublished,,2026-09-18T23:05:03.291954+00:00,public_book,2026-09-19T03:05:03.356996+00:00,public_book,
rTQQQ-2026-06-24-1,rTQQQ,RTQQQUSDT,2026-06-24,25000,0.171229,0.1198603,0.1198603,0.1198603,True,GROSS,1,75.149,75.28,OBSERVED p_pre,0.0005,DOCUMENTED promotional 0.05% through 2026-08-31,-0.7650573208977465,0.0,REALISED overnight_2000 PDR,0.7693128099461006,-1.0201731099461009,-1.0201731099461009,-1.0201731099461009,-1.0201731099461009,-0.9003128099461009,-0.5184525099461004,HOLD,SUPPRESSED: eligibility snapshot time unpublished,,2026-09-18T23:05:03.291954+00:00,public_book,2026-09-19T03:05:03.356996+00:00,public_book,
rUPRO-2026-06-24-1,rUPRO,RUPROUSDT,2026-06-24,1000,0.299,0.2093,0.2093,0.2093,True,GROSS,1,136.007,136.15,OBSERVED p_pre,0.0005,DOCUMENTED promotional 0.05% through 2026-08-31,-0.4782608695652197,0.0,REALISED overnight_2000 PDR,,,,,,,,NO_SIGNAL,SUPPRESSED: eligibility snapshot time unpublished,"sell: $1,000 exceeds visible top-of-book ($295) on ticker-only symbol; buy: $1,000 exceeds visible top-of-book ($444) on ticker-only symbol",2026-09-18T23:05:03.291954+00:00,ticker_only,2026-09-19T03:05:03.356996+00:00,ticker_only,
rUPRO-2026-06-24-1,rUPRO,RUPROUSDT,2026-06-24,5000,0.299,0.2093,0.2093,0.2093,True,GROSS,1,136.007,136.15,OBSERVED p_pre,0.0005,DOCUMENTED promotional 0.05% through 2026-08-31,-0.4782608695652197,0.0,REALISED overnight_2000 PDR,,,,,,,,NO_SIGNAL,SUPPRESSED: eligibility snapshot time unpublished,"sell: $5,000 exceeds visible top-of-book ($295) on ticker-only symbol; buy: $5,000 exceeds visible top-of-book ($444) on ticker-only symbol",2026-09-18T23:05:03.291954+00:00,ticker_only,2026-09-19T03:05:03.356996+00:00,ticker_only,
rUPRO-2026-06-24-1,rUPRO,RUPROUSDT,2026-06-24,25000,0.299,0.2093,0.2093,0.2093,True,GROSS,1,136.007,136.15,OBSERVED p_pre,0.0005,DOCUMENTED promotional 0.05% through 2026-08-31,-0.4782608695652197,0.0,REALISED overnight_2000 PDR,,,,,,,,NO_SIGNAL,SUPPRESSED: eligibility snapshot time unpublished,"sell: $25,000 exceeds visible top-of-book ($295) on ticker-only symbol; buy: $25,000 exceeds visible top-of-book ($444) on ticker-only symbol",2026-09-18T23:05:03.291954+00:00,ticker_only,2026-09-19T03:05:03.356996+00:00,ticker_only,
rVST-2026-06-22-1,rVST,RVSTUSDT,2026-06-22,1000,0.229,0.1603,0.1603,0.1603,True,GROSS,1,163.6,163.6,OBSERVED p_pre,0.0005,DOCUMENTED promotional 0.05% through 2026-08-31,0.0,0.0,REALISED overnight_2000 PDR,0.3546749683452469,-0.5149749683452469,-0.5149749683452469,-0.5149749683452469,-0.5149749683452469,-0.3546749683452469,-0.19437496834524692,HOLD,SUPPRESSED: eligibility snapshot time unpublished,,2026-09-18T23:05:03.291954+00:00,ticker_only,2026-09-19T03:05:03.356996+00:00,ticker_only,
rVST-2026-06-22-1,rVST,RVSTUSDT,2026-06-22,5000,0.229,0.1603,0.1603,0.1603,True,GROSS,1,163.6,163.6,OBSERVED p_pre,0.0005,DOCUMENTED promotional 0.05% through 2026-08-31,0.0,0.0,REALISED overnight_2000 PDR,0.3546749683452469,-0.5149749683452469,-0.5149749683452469,-0.5149749683452469,-0.5149749683452469,-0.3546749683452469,-0.19437496834524692,HOLD,SUPPRESSED: eligibility snapshot time unpublished,,2026-09-18T23:05:03.291954+00:00,ticker_only,2026-09-19T03:05:03.356996+00:00,ticker_only,
rVST-2026-06-22-1,rVST,RVSTUSDT,2026-06-22,25000,0.229,0.1603,0.1603,0.1603,True,GROSS,1,163.6,163.6,OBSERVED p_pre,0.0005,DOCUMENTED promotional 0.05% through 2026-08-31,0.0,0.0,REALISED overnight_2000 PDR,,,,,,,,NO_SIGNAL,SUPPRESSED: eligibility snapshot time unpublished,"sell: $25,000 exceeds visible top-of-book ($23,298) on ticker-only symbol",2026-09-18T23:05:03.291954+00:00,ticker_only,2026-09-19T03:05:03.356996+00:00,ticker_only,
rVOO-2026-06-26-1,rVOO,RVOOUSDT,2026-06-26,1000,1.9622,1.37354,1.37354,1.37354,True,GROSS,1,675.493,674.41,OBSERVED p_pre,0.0005,DOCUMENTED promotional 0.05% through 2026-08-31,0.5519315054531055,0.0,REALISED overnight_2000 PDR,1.3674910149530888,-1.658031014953005,-1.658031014953005,-1.658031014953005,-1.658031014953005,-0.2844910149530051,-1.0769510149531725,HOLD,SUPPRESSED: eligibility snapshot time unpublished,,2026-09-18T23:05:03.291954+00:00,public_book,2026-09-19T03:05:03.356996+00:00,public_book,
rVOO-2026-06-26-1,rVOO,RVOOUSDT,2026-06-26,5000,1.9622,1.37354,1.37354,1.37354,True,GROSS,1,675.493,674.41,OBSERVED p_pre,0.0005,DOCUMENTED promotional 0.05% through 2026-08-31,0.5519315054531055,0.0,REALISED overnight_2000 PDR,1.9107709477586754,-2.201310947758592,-2.201310947758592,-2.201310947758592,-2.201310947758592,-0.8277709477585917,-1.620230947758759,HOLD,SUPPRESSED: eligibility snapshot time unpublished,,2026-09-18T23:05:03.291954+00:00,public_book,2026-09-19T03:05:03.356996+00:00,public_book,
rVOO-2026-06-26-1,rVOO,RVOOUSDT,2026-06-26,25000,1.9622,1.37354,1.37354,1.37354,True,GROSS,1,675.493,674.41,OBSERVED p_pre,0.0005,DOCUMENTED promotional 0.05% through 2026-08-31,0.5519315054531055,0.0,REALISED overnight_2000 PDR,4.04858117739305,-4.3391211773929665,-4.3391211773929665,-4.3391211773929665,-4.3391211773929665,-2.9655811773929663,-3.7580411773931335,HOLD,SUPPRESSED: eligibility snapshot time unpublished,,2026-09-18T23:05:03.291954+00:00,public_book,2026-09-19T03:05:03.356996+00:00,public_book,
rVTV-2026-06-26-1,rVTV,RVTVUSDT,2026-06-26,1000,1.0818,0.75726,0.75726,0.75726,True,GROSS,1,220.985,220.48,OBSERVED p_pre,0.0005,DOCUMENTED promotional 0.05% through 2026-08-31,0.4668145683120945,0.0,REALISED overnight_2000 PDR,,,,,,,,NO_SIGNAL,SUPPRESSED: eligibility snapshot time unpublished,"sell: $1,000 exceeds visible top-of-book ($221) on ticker-only symbol",2026-09-18T23:05:03.291954+00:00,ticker_only,2026-09-19T03:05:03.356996+00:00,ticker_only,
rVTV-2026-06-26-1,rVTV,RVTVUSDT,2026-06-26,5000,1.0818,0.75726,0.75726,0.75726,True,GROSS,1,220.985,220.48,OBSERVED p_pre,0.0005,DOCUMENTED promotional 0.05% through 2026-08-31,0.4668145683120945,0.0,REALISED overnight_2000 PDR,,,,,,,,NO_SIGNAL,SUPPRESSED: eligibility snapshot time unpublished,"sell: $5,000 exceeds visible top-of-book ($221) on ticker-only symbol",2026-09-18T23:05:03.291954+00:00,ticker_only,2026-09-19T03:05:03.356996+00:00,ticker_only,
rVTV-2026-06-26-1,rVTV,RVTVUSDT,2026-06-26,25000,1.0818,0.75726,0.75726,0.75726,True,GROSS,1,220.985,220.48,OBSERVED p_pre,0.0005,DOCUMENTED promotional 0.05% through 2026-08-31,0.4668145683120945,0.0,REALISED overnight_2000 PDR,,,,,,,,NO_SIGNAL,SUPPRESSED: eligibility snapshot time unpublished,"sell: $25,000 exceeds visible top-of-book ($221) on ticker-only symbol",2026-09-18T23:05:03.291954+00:00,ticker_only,2026-09-19T03:05:03.356996+00:00,ticker_only,
rYANG-2026-06-23-1,rYANG,RYANGUSDT,2026-06-23,1000,0.16314,0.114198,0.114198,0.114198,True,GROSS,1,34.66,34.6,OBSERVED p_pre,0.0005,DOCUMENTED promotional 0.05% through 2026-08-31,0.36778227289441684,0.0,REALISED overnight_2000 PDR,,,,,,,,NO_SIGNAL,SUPPRESSED: eligibility snapshot time unpublished,"sell: $1,000 exceeds visible top-of-book ($931) on ticker-only symbol; buy: $1,000 exceeds visible top-of-book ($314) on ticker-only symbol",2026-09-18T23:05:03.291954+00:00,ticker_only,2026-09-19T03:05:03.356996+00:00,ticker_only,
rYANG-2026-06-23-1,rYANG,RYANGUSDT,2026-06-23,5000,0.16314,0.114198,0.114198,0.114198,True,GROSS,1,34.66,34.6,OBSERVED p_pre,0.0005,DOCUMENTED promotional 0.05% through 2026-08-31,0.36778227289441684,0.0,REALISED overnight_2000 PDR,,,,,,,,NO_SIGNAL,SUPPRESSED: eligibility snapshot time unpublished,"sell: $5,000 exceeds visible top-of-book ($931) on ticker-only symbol; buy: $5,000 exceeds visible top-of-book ($314) on ticker-only symbol",2026-09-18T23:05:03.291954+00:00,ticker_only,2026-09-19T03:05:03.356996+00:00,ticker_only,
rYANG-2026-06-23-1,rYANG,RYANGUSDT,2026-06-23,25000,0.16314,0.114198,0.114198,0.114198,True,GROSS,1,34.66,34.6,OBSERVED p_pre,0.0005,DOCUMENTED promotional 0.05% through 2026-08-31,0.36778227289441684,0.0,REALISED overnight_2000 PDR,,,,,,,,NO_SIGNAL,SUPPRESSED: eligibility snapshot time unpublished,"sell: $25,000 exceeds visible top-of-book ($931) on ticker-only symbol; buy: $25,000 exceeds visible top-of-book ($314) on ticker-only symbol",2026-09-18T23:05:03.291954+00:00,ticker_only,2026-09-19T03:05:03.356996+00:00,ticker_only,
rYINN-2026-06-23-1,rYINN,RYINNUSDT,2026-06-23,1000,0.20943,0.146601,0.146601,0.146601,True,GROSS,1,25.856,25.842,OBSERVED p_pre,0.0005,DOCUMENTED promotional 0.05% through 2026-08-31,0.06684811154086281,0.0,REALISED overnight_2000 PDR,,,,,,,,NO_SIGNAL,SUPPRESSED: eligibility snapshot time unpublished,"sell: $1,000 exceeds visible top-of-book ($264) on ticker-only symbol; buy: $1,000 exceeds visible top-of-book ($265) on ticker-only symbol",2026-09-18T23:05:03.291954+00:00,ticker_only,2026-09-19T03:05:03.356996+00:00,ticker_only,
rYINN-2026-06-23-1,rYINN,RYINNUSDT,2026-06-23,5000,0.20943,0.146601,0.146601,0.146601,True,GROSS,1,25.856,25.842,OBSERVED p_pre,0.0005,DOCUMENTED promotional 0.05% through 2026-08-31,0.06684811154086281,0.0,REALISED overnight_2000 PDR,,,,,,,,NO_SIGNAL,SUPPRESSED: eligibility snapshot time unpublished,"sell: $5,000 exceeds visible top-of-book ($264) on ticker-only symbol; buy: $5,000 exceeds visible top-of-book ($265) on ticker-only symbol",2026-09-18T23:05:03.291954+00:00,ticker_only,2026-09-19T03:05:03.356996+00:00,ticker_only,
rYINN-2026-06-23-1,rYINN,RYINNUSDT,2026-06-23,25000,0.20943,0.146601,0.146601,0.146601,True,GROSS,1,25.856,25.842,OBSERVED p_pre,0.0005,DOCUMENTED promotional 0.05% through 2026-08-31,0.06684811154086281,0.0,REALISED overnight_2000 PDR,,,,,,,,NO_SIGNAL,SUPPRESSED: eligibility snapshot time unpublished,"sell: $25,000 exceeds visible top-of-book ($264) on ticker-only symbol; buy: $25,000 exceeds visible top-of-book ($265) on ticker-only symbol",2026-09-18T23:05:03.291954+00:00,ticker_only,2026-09-19T03:05:03.356996+00:00,ticker_only,
