event_id,symbol,spot_symbol,ex_date,notional_usd,gross_dividend,net_dividend,net_low,net_high,net_verified,basis,basis_tier,price,buy_price,price_label,fee_rate,fee_label,drop_ratio,drop_se,drop_label,cost_per_share,exit_edge_lower,exit_edge_point,exit_edge_lower_net_low,exit_edge_lower_net_high,exit_edge_lower_zero_net,buy_edge_point,verdict,buy,reason,sell_book_ts,sell_book_source,buy_book_ts,buy_book_source,rule
rABEV-2026-09-23-1,rABEV,RABEVUSDT,2026-09-23,1000,,,,,False,UNRESOLVED,,2.96,,OBSERVED ticker lastPrice at run time,0.001,OBSERVED live symbol takerFeeRate,0.6218454620148052,0.07134513985685184,"ESTIMATED floor_None overnight_2000 slope, n=568",,,,,,,,NO_SIGNAL,SUPPRESSED: eligibility snapshot time unpublished,cash basis UNRESOLVED; gross basis required,,,,,
rABEV-2026-09-23-1,rABEV,RABEVUSDT,2026-09-23,5000,,,,,False,UNRESOLVED,,2.96,,OBSERVED ticker lastPrice at run time,0.001,OBSERVED live symbol takerFeeRate,0.6218454620148052,0.07134513985685184,"ESTIMATED floor_None overnight_2000 slope, n=568",,,,,,,,NO_SIGNAL,SUPPRESSED: eligibility snapshot time unpublished,cash basis UNRESOLVED; gross basis required,,,,,
rABEV-2026-09-23-1,rABEV,RABEVUSDT,2026-09-23,25000,,,,,False,UNRESOLVED,,2.96,,OBSERVED ticker lastPrice at run time,0.001,OBSERVED live symbol takerFeeRate,0.6218454620148052,0.07134513985685184,"ESTIMATED floor_None overnight_2000 slope, n=568",,,,,,,,NO_SIGNAL,SUPPRESSED: eligibility snapshot time unpublished,cash basis UNRESOLVED; gross basis required,,,,,
rABCB-2026-09-30-1,rABCB,RABCBUSDT,2026-09-30,1000,,,,,False,UNRESOLVED,,83.51,,OBSERVED ticker lastPrice at run time,0.001,OBSERVED live symbol takerFeeRate,0.6218454620148052,0.07134513985685184,"ESTIMATED floor_None overnight_2000 slope, n=568",,,,,,,,NO_SIGNAL,SUPPRESSED: eligibility snapshot time unpublished,cash basis UNRESOLVED; gross basis required,,,,,
rABCB-2026-09-30-1,rABCB,RABCBUSDT,2026-09-30,5000,,,,,False,UNRESOLVED,,83.51,,OBSERVED ticker lastPrice at run time,0.001,OBSERVED live symbol takerFeeRate,0.6218454620148052,0.07134513985685184,"ESTIMATED floor_None overnight_2000 slope, n=568",,,,,,,,NO_SIGNAL,SUPPRESSED: eligibility snapshot time unpublished,cash basis UNRESOLVED; gross basis required,,,,,
rABCB-2026-09-30-1,rABCB,RABCBUSDT,2026-09-30,25000,,,,,False,UNRESOLVED,,83.51,,OBSERVED ticker lastPrice at run time,0.001,OBSERVED live symbol takerFeeRate,0.6218454620148052,0.07134513985685184,"ESTIMATED floor_None overnight_2000 slope, n=568",,,,,,,,NO_SIGNAL,SUPPRESSED: eligibility snapshot time unpublished,cash basis UNRESOLVED; gross basis required,,,,,
rADC-2026-09-30-1,rADC,RADCUSDT,2026-09-30,1000,,,,,False,UNRESOLVED,,68.05,,OBSERVED ticker lastPrice at run time,0.001,OBSERVED live symbol takerFeeRate,0.6218454620148052,0.07134513985685184,"ESTIMATED floor_None overnight_2000 slope, n=568",,,,,,,,NO_SIGNAL,SUPPRESSED: eligibility snapshot time unpublished,cash basis UNRESOLVED; gross basis required,,,,,
rADC-2026-09-30-1,rADC,RADCUSDT,2026-09-30,5000,,,,,False,UNRESOLVED,,68.05,,OBSERVED ticker lastPrice at run time,0.001,OBSERVED live symbol takerFeeRate,0.6218454620148052,0.07134513985685184,"ESTIMATED floor_None overnight_2000 slope, n=568",,,,,,,,NO_SIGNAL,SUPPRESSED: eligibility snapshot time unpublished,cash basis UNRESOLVED; gross basis required,,,,,
rADC-2026-09-30-1,rADC,RADCUSDT,2026-09-30,25000,,,,,False,UNRESOLVED,,68.05,,OBSERVED ticker lastPrice at run time,0.001,OBSERVED live symbol takerFeeRate,0.6218454620148052,0.07134513985685184,"ESTIMATED floor_None overnight_2000 slope, n=568",,,,,,,,NO_SIGNAL,SUPPRESSED: eligibility snapshot time unpublished,cash basis UNRESOLVED; gross basis required,,,,,
rA-2026-10-06-1,rA,RAUSDT,2026-10-06,1000,,,,,False,UNRESOLVED,,156.0,,OBSERVED ticker lastPrice at run time,0.001,OBSERVED live symbol takerFeeRate,0.6218454620148052,0.07134513985685184,"ESTIMATED floor_None overnight_2000 slope, n=568",,,,,,,,NO_SIGNAL,SUPPRESSED: eligibility snapshot time unpublished,cash basis UNRESOLVED; gross basis required,,,,,
rA-2026-10-06-1,rA,RAUSDT,2026-10-06,5000,,,,,False,UNRESOLVED,,156.0,,OBSERVED ticker lastPrice at run time,0.001,OBSERVED live symbol takerFeeRate,0.6218454620148052,0.07134513985685184,"ESTIMATED floor_None overnight_2000 slope, n=568",,,,,,,,NO_SIGNAL,SUPPRESSED: eligibility snapshot time unpublished,cash basis UNRESOLVED; gross basis required,,,,,
rA-2026-10-06-1,rA,RAUSDT,2026-10-06,25000,,,,,False,UNRESOLVED,,156.0,,OBSERVED ticker lastPrice at run time,0.001,OBSERVED live symbol takerFeeRate,0.6218454620148052,0.07134513985685184,"ESTIMATED floor_None overnight_2000 slope, n=568",,,,,,,,NO_SIGNAL,SUPPRESSED: eligibility snapshot time unpublished,cash basis UNRESOLVED; gross basis required,,,,,
rABBV-2026-10-15-1,rABBV,RABBVUSDT,2026-10-15,1000,,,,,False,UNRESOLVED,,263.9,,OBSERVED ticker lastPrice at run time,0.001,OBSERVED live symbol takerFeeRate,0.6218454620148052,0.07134513985685184,"ESTIMATED floor_None overnight_2000 slope, n=568",,,,,,,,NO_SIGNAL,SUPPRESSED: eligibility snapshot time unpublished,cash basis UNRESOLVED; gross basis required,,,,,
rABBV-2026-10-15-1,rABBV,RABBVUSDT,2026-10-15,5000,,,,,False,UNRESOLVED,,263.9,,OBSERVED ticker lastPrice at run time,0.001,OBSERVED live symbol takerFeeRate,0.6218454620148052,0.07134513985685184,"ESTIMATED floor_None overnight_2000 slope, n=568",,,,,,,,NO_SIGNAL,SUPPRESSED: eligibility snapshot time unpublished,cash basis UNRESOLVED; gross basis required,,,,,
rABBV-2026-10-15-1,rABBV,RABBVUSDT,2026-10-15,25000,,,,,False,UNRESOLVED,,263.9,,OBSERVED ticker lastPrice at run time,0.001,OBSERVED live symbol takerFeeRate,0.6218454620148052,0.07134513985685184,"ESTIMATED floor_None overnight_2000 slope, n=568",,,,,,,,NO_SIGNAL,SUPPRESSED: eligibility snapshot time unpublished,cash basis UNRESOLVED; gross basis required,,,,,
rAGNC-2026-09-30-1,rAGNC,RAGNCUSDT,2026-09-30,1000,0.12,0.084,0.08399999999999999,0.12,False,GROSS,2.0,9.91,9.835378544558223,OBSERVED ticker lastPrice at run time,0.001,OBSERVED live symbol takerFeeRate,0.6218454620148052,0.07134513985685184,"ESTIMATED floor_None overnight_2000 slope, n=568",,,,,,,,NO_SIGNAL,SUPPRESSED: eligibility snapshot time unpublished,sell: no depth sample for this symbol/session; buy: no depth sample for this symbol/session,,,,,
rAGNC-2026-09-30-1,rAGNC,RAGNCUSDT,2026-09-30,5000,0.12,0.084,0.08399999999999999,0.12,False,GROSS,2.0,9.91,9.835378544558223,OBSERVED ticker lastPrice at run time,0.001,OBSERVED live symbol takerFeeRate,0.6218454620148052,0.07134513985685184,"ESTIMATED floor_None overnight_2000 slope, n=568",,,,,,,,NO_SIGNAL,SUPPRESSED: eligibility snapshot time unpublished,sell: no depth sample for this symbol/session; buy: no depth sample for this symbol/session,,,,,
rAGNC-2026-09-30-1,rAGNC,RAGNCUSDT,2026-09-30,25000,0.12,0.084,0.08399999999999999,0.12,False,GROSS,2.0,9.91,9.835378544558223,OBSERVED ticker lastPrice at run time,0.001,OBSERVED live symbol takerFeeRate,0.6218454620148052,0.07134513985685184,"ESTIMATED floor_None overnight_2000 slope, n=568",,,,,,,,NO_SIGNAL,SUPPRESSED: eligibility snapshot time unpublished,sell: no depth sample for this symbol/session; buy: no depth sample for this symbol/session,,,,,
rAGX-2026-10-22-1,rAGX,RAGXUSDT,2026-10-22,1000,,,,,False,UNRESOLVED,,390.5,,OBSERVED ticker lastPrice at run time,0.001,OBSERVED live symbol takerFeeRate,0.6218454620148052,0.07134513985685184,"ESTIMATED floor_None overnight_2000 slope, n=568",,,,,,,,NO_SIGNAL,SUPPRESSED: eligibility snapshot time unpublished,cash basis UNRESOLVED; gross basis required,,,,,
rAGX-2026-10-22-1,rAGX,RAGXUSDT,2026-10-22,5000,,,,,False,UNRESOLVED,,390.5,,OBSERVED ticker lastPrice at run time,0.001,OBSERVED live symbol takerFeeRate,0.6218454620148052,0.07134513985685184,"ESTIMATED floor_None overnight_2000 slope, n=568",,,,,,,,NO_SIGNAL,SUPPRESSED: eligibility snapshot time unpublished,cash basis UNRESOLVED; gross basis required,,,,,
rAGX-2026-10-22-1,rAGX,RAGXUSDT,2026-10-22,25000,,,,,False,UNRESOLVED,,390.5,,OBSERVED ticker lastPrice at run time,0.001,OBSERVED live symbol takerFeeRate,0.6218454620148052,0.07134513985685184,"ESTIMATED floor_None overnight_2000 slope, n=568",,,,,,,,NO_SIGNAL,SUPPRESSED: eligibility snapshot time unpublished,cash basis UNRESOLVED; gross basis required,,,,,
rAMAT-2026-11-19-1,rAMAT,RAMATUSDT,2026-11-19,1000,0.53,0.371,0.371,0.53,False,GROSS,2.0,443.17,442.8404219051322,OBSERVED ticker lastPrice at run time,0.001,OBSERVED live symbol takerFeeRate,0.6218454620148052,0.07134513985685184,"ESTIMATED floor_None overnight_2000 slope, n=568",,,,,,,,NO_SIGNAL,SUPPRESSED: eligibility snapshot time unpublished,sell: no depth sample for this symbol/session; buy: no depth sample for this symbol/session,,,,,
rAMAT-2026-11-19-1,rAMAT,RAMATUSDT,2026-11-19,5000,0.53,0.371,0.371,0.53,False,GROSS,2.0,443.17,442.8404219051322,OBSERVED ticker lastPrice at run time,0.001,OBSERVED live symbol takerFeeRate,0.6218454620148052,0.07134513985685184,"ESTIMATED floor_None overnight_2000 slope, n=568",,,,,,,,NO_SIGNAL,SUPPRESSED: eligibility snapshot time unpublished,sell: no depth sample for this symbol/session; buy: no depth sample for this symbol/session,,,,,
rAMAT-2026-11-19-1,rAMAT,RAMATUSDT,2026-11-19,25000,0.53,0.371,0.371,0.53,False,GROSS,2.0,443.17,442.8404219051322,OBSERVED ticker lastPrice at run time,0.001,OBSERVED live symbol takerFeeRate,0.6218454620148052,0.07134513985685184,"ESTIMATED floor_None overnight_2000 slope, n=568",,,,,,,,NO_SIGNAL,SUPPRESSED: eligibility snapshot time unpublished,sell: no depth sample for this symbol/session; buy: no depth sample for this symbol/session,,,,,
rAPH-2026-09-22-1,rAPH,RAPHUSDT,2026-09-22,1000,,,,,False,UNRESOLVED,,77.99,,OBSERVED ticker lastPrice at run time,0.001,OBSERVED live symbol takerFeeRate,0.6218454620148052,0.07134513985685184,"ESTIMATED floor_None overnight_2000 slope, n=568",,,,,,,,NO_SIGNAL,SUPPRESSED: eligibility snapshot time unpublished,cash basis UNRESOLVED; gross basis required,,,,,
rAPH-2026-09-22-1,rAPH,RAPHUSDT,2026-09-22,5000,,,,,False,UNRESOLVED,,77.99,,OBSERVED ticker lastPrice at run time,0.001,OBSERVED live symbol takerFeeRate,0.6218454620148052,0.07134513985685184,"ESTIMATED floor_None overnight_2000 slope, n=568",,,,,,,,NO_SIGNAL,SUPPRESSED: eligibility snapshot time unpublished,cash basis UNRESOLVED; gross basis required,,,,,
rAPH-2026-09-22-1,rAPH,RAPHUSDT,2026-09-22,25000,,,,,False,UNRESOLVED,,77.99,,OBSERVED ticker lastPrice at run time,0.001,OBSERVED live symbol takerFeeRate,0.6218454620148052,0.07134513985685184,"ESTIMATED floor_None overnight_2000 slope, n=568",,,,,,,,NO_SIGNAL,SUPPRESSED: eligibility snapshot time unpublished,cash basis UNRESOLVED; gross basis required,,,,,
rAPD-2026-10-01-1,rAPD,RAPDUSDT,2026-10-01,1000,,,,,False,UNRESOLVED,,285.55,,OBSERVED ticker lastPrice at run time,0.001,OBSERVED live symbol takerFeeRate,0.6218454620148052,0.07134513985685184,"ESTIMATED floor_None overnight_2000 slope, n=568",,,,,,,,NO_SIGNAL,SUPPRESSED: eligibility snapshot time unpublished,cash basis UNRESOLVED; gross basis required,,,,,
rAPD-2026-10-01-1,rAPD,RAPDUSDT,2026-10-01,5000,,,,,False,UNRESOLVED,,285.55,,OBSERVED ticker lastPrice at run time,0.001,OBSERVED live symbol takerFeeRate,0.6218454620148052,0.07134513985685184,"ESTIMATED floor_None overnight_2000 slope, n=568",,,,,,,,NO_SIGNAL,SUPPRESSED: eligibility snapshot time unpublished,cash basis UNRESOLVED; gross basis required,,,,,
rAPD-2026-10-01-1,rAPD,RAPDUSDT,2026-10-01,25000,,,,,False,UNRESOLVED,,285.55,,OBSERVED ticker lastPrice at run time,0.001,OBSERVED live symbol takerFeeRate,0.6218454620148052,0.07134513985685184,"ESTIMATED floor_None overnight_2000 slope, n=568",,,,,,,,NO_SIGNAL,SUPPRESSED: eligibility snapshot time unpublished,cash basis UNRESOLVED; gross basis required,,,,,
rAQN-2026-09-29-1,rAQN,RAQNUSDT,2026-09-29,1000,,,,,False,UNRESOLVED,,5.35,,OBSERVED ticker lastPrice at run time,0.001,OBSERVED live symbol takerFeeRate,0.6218454620148052,0.07134513985685184,"ESTIMATED floor_None overnight_2000 slope, n=568",,,,,,,,NO_SIGNAL,SUPPRESSED: eligibility snapshot time unpublished,cash basis UNRESOLVED; gross basis required,,,,,
rAQN-2026-09-29-1,rAQN,RAQNUSDT,2026-09-29,5000,,,,,False,UNRESOLVED,,5.35,,OBSERVED ticker lastPrice at run time,0.001,OBSERVED live symbol takerFeeRate,0.6218454620148052,0.07134513985685184,"ESTIMATED floor_None overnight_2000 slope, n=568",,,,,,,,NO_SIGNAL,SUPPRESSED: eligibility snapshot time unpublished,cash basis UNRESOLVED; gross basis required,,,,,
rAQN-2026-09-29-1,rAQN,RAQNUSDT,2026-09-29,25000,,,,,False,UNRESOLVED,,5.35,,OBSERVED ticker lastPrice at run time,0.001,OBSERVED live symbol takerFeeRate,0.6218454620148052,0.07134513985685184,"ESTIMATED floor_None overnight_2000 slope, n=568",,,,,,,,NO_SIGNAL,SUPPRESSED: eligibility snapshot time unpublished,cash basis UNRESOLVED; gross basis required,,,,,
rAVGO-2026-09-21-1,rAVGO,RAVGOUSDT,2026-09-21,1000,0.65,0.455,0.45499999999999996,0.65,False,GROSS,2.0,356.97,356.5658004496904,OBSERVED ticker lastPrice at run time,0.001,OBSERVED live symbol takerFeeRate,0.6218454620148052,0.07134513985685184,"ESTIMATED floor_None overnight_2000 slope, n=568",1.3403508514833076,-1.4838999829875916,-1.3911513011736842,-1.4838999829875916,-1.6788999829875917,-1.0288999829875916,-1.289550401792931,HOLD,SUPPRESSED: eligibility snapshot time unpublished,,2026-09-18T23:05:03.291954+00:00,public_book,2026-09-19T03:05:03.356996+00:00,public_book,
rAVGO-2026-09-21-1,rAVGO,RAVGOUSDT,2026-09-21,5000,0.65,0.455,0.45499999999999996,0.65,False,GROSS,2.0,356.97,356.5658004496904,OBSERVED ticker lastPrice at run time,0.001,OBSERVED live symbol takerFeeRate,0.6218454620148052,0.07134513985685184,"ESTIMATED floor_None overnight_2000 slope, n=568",2.261443197649933,-2.4049923291542172,-2.31224364734031,-2.4049923291542172,-2.599992329154217,-1.9499923291542172,-2.2106427479595565,HOLD,SUPPRESSED: eligibility snapshot time unpublished,,2026-09-18T23:05:03.291954+00:00,public_book,2026-09-19T03:05:03.356996+00:00,public_book,
rAVGO-2026-09-21-1,rAVGO,RAVGOUSDT,2026-09-21,25000,0.65,0.455,0.45499999999999996,0.65,False,GROSS,2.0,356.97,356.5658004496904,OBSERVED ticker lastPrice at run time,0.001,OBSERVED live symbol takerFeeRate,0.6218454620148052,0.07134513985685184,"ESTIMATED floor_None overnight_2000 slope, n=568",3.846745307898048,-3.990294439402332,-3.8975457575884245,-3.990294439402332,-4.185294439402332,-3.535294439402332,-3.795944858207671,HOLD,SUPPRESSED: eligibility snapshot time unpublished,,2026-09-18T23:05:03.291954+00:00,public_book,2026-09-19T03:05:03.356996+00:00,public_book,
rAVAL-2026-09-30-1,rAVAL,RAVALUSDT,2026-09-30,1000,,,,,False,UNRESOLVED,,5.07,,OBSERVED ticker lastPrice at run time,0.001,OBSERVED live symbol takerFeeRate,0.6218454620148052,0.07134513985685184,"ESTIMATED floor_None overnight_2000 slope, n=568",,,,,,,,NO_SIGNAL,SUPPRESSED: eligibility snapshot time unpublished,cash basis UNRESOLVED; gross basis required,,,,,
rAVAL-2026-09-30-1,rAVAL,RAVALUSDT,2026-09-30,5000,,,,,False,UNRESOLVED,,5.07,,OBSERVED ticker lastPrice at run time,0.001,OBSERVED live symbol takerFeeRate,0.6218454620148052,0.07134513985685184,"ESTIMATED floor_None overnight_2000 slope, n=568",,,,,,,,NO_SIGNAL,SUPPRESSED: eligibility snapshot time unpublished,cash basis UNRESOLVED; gross basis required,,,,,
rAVAL-2026-09-30-1,rAVAL,RAVALUSDT,2026-09-30,25000,,,,,False,UNRESOLVED,,5.07,,OBSERVED ticker lastPrice at run time,0.001,OBSERVED live symbol takerFeeRate,0.6218454620148052,0.07134513985685184,"ESTIMATED floor_None overnight_2000 slope, n=568",,,,,,,,NO_SIGNAL,SUPPRESSED: eligibility snapshot time unpublished,cash basis UNRESOLVED; gross basis required,,,,,
rAVAL-2026-11-02-1,rAVAL,RAVALUSDT,2026-11-02,1000,,,,,False,UNRESOLVED,,5.07,,OBSERVED ticker lastPrice at run time,0.001,OBSERVED live symbol takerFeeRate,0.6218454620148052,0.07134513985685184,"ESTIMATED floor_None overnight_2000 slope, n=568",,,,,,,,NO_SIGNAL,SUPPRESSED: eligibility snapshot time unpublished,cash basis UNRESOLVED; gross basis required,,,,,
rAVAL-2026-11-02-1,rAVAL,RAVALUSDT,2026-11-02,5000,,,,,False,UNRESOLVED,,5.07,,OBSERVED ticker lastPrice at run time,0.001,OBSERVED live symbol takerFeeRate,0.6218454620148052,0.07134513985685184,"ESTIMATED floor_None overnight_2000 slope, n=568",,,,,,,,NO_SIGNAL,SUPPRESSED: eligibility snapshot time unpublished,cash basis UNRESOLVED; gross basis required,,,,,
rAVAL-2026-11-02-1,rAVAL,RAVALUSDT,2026-11-02,25000,,,,,False,UNRESOLVED,,5.07,,OBSERVED ticker lastPrice at run time,0.001,OBSERVED live symbol takerFeeRate,0.6218454620148052,0.07134513985685184,"ESTIMATED floor_None overnight_2000 slope, n=568",,,,,,,,NO_SIGNAL,SUPPRESSED: eligibility snapshot time unpublished,cash basis UNRESOLVED; gross basis required,,,,,
rAVAL-2026-12-31-1,rAVAL,RAVALUSDT,2026-12-31,1000,,,,,False,UNRESOLVED,,5.07,,OBSERVED ticker lastPrice at run time,0.001,OBSERVED live symbol takerFeeRate,0.6218454620148052,0.07134513985685184,"ESTIMATED floor_None overnight_2000 slope, n=568",,,,,,,,NO_SIGNAL,SUPPRESSED: eligibility snapshot time unpublished,cash basis UNRESOLVED; gross basis required,,,,,
rAVAL-2026-12-31-1,rAVAL,RAVALUSDT,2026-12-31,5000,,,,,False,UNRESOLVED,,5.07,,OBSERVED ticker lastPrice at run time,0.001,OBSERVED live symbol takerFeeRate,0.6218454620148052,0.07134513985685184,"ESTIMATED floor_None overnight_2000 slope, n=568",,,,,,,,NO_SIGNAL,SUPPRESSED: eligibility snapshot time unpublished,cash basis UNRESOLVED; gross basis required,,,,,
rAVAL-2026-12-31-1,rAVAL,RAVALUSDT,2026-12-31,25000,,,,,False,UNRESOLVED,,5.07,,OBSERVED ticker lastPrice at run time,0.001,OBSERVED live symbol takerFeeRate,0.6218454620148052,0.07134513985685184,"ESTIMATED floor_None overnight_2000 slope, n=568",,,,,,,,NO_SIGNAL,SUPPRESSED: eligibility snapshot time unpublished,cash basis UNRESOLVED; gross basis required,,,,,
rAVAL-2027-01-29-1,rAVAL,RAVALUSDT,2027-01-29,1000,,,,,False,UNRESOLVED,,5.07,,OBSERVED ticker lastPrice at run time,0.001,OBSERVED live symbol takerFeeRate,0.6218454620148052,0.07134513985685184,"ESTIMATED floor_None overnight_2000 slope, n=568",,,,,,,,NO_SIGNAL,SUPPRESSED: eligibility snapshot time unpublished,cash basis UNRESOLVED; gross basis required,,,,,
rAVAL-2027-01-29-1,rAVAL,RAVALUSDT,2027-01-29,5000,,,,,False,UNRESOLVED,,5.07,,OBSERVED ticker lastPrice at run time,0.001,OBSERVED live symbol takerFeeRate,0.6218454620148052,0.07134513985685184,"ESTIMATED floor_None overnight_2000 slope, n=568",,,,,,,,NO_SIGNAL,SUPPRESSED: eligibility snapshot time unpublished,cash basis UNRESOLVED; gross basis required,,,,,
rAVAL-2027-01-29-1,rAVAL,RAVALUSDT,2027-01-29,25000,,,,,False,UNRESOLVED,,5.07,,OBSERVED ticker lastPrice at run time,0.001,OBSERVED live symbol takerFeeRate,0.6218454620148052,0.07134513985685184,"ESTIMATED floor_None overnight_2000 slope, n=568",,,,,,,,NO_SIGNAL,SUPPRESSED: eligibility snapshot time unpublished,cash basis UNRESOLVED; gross basis required,,,,,
rAVAL-2027-02-26-1,rAVAL,RAVALUSDT,2027-02-26,1000,,,,,False,UNRESOLVED,,5.07,,OBSERVED ticker lastPrice at run time,0.001,OBSERVED live symbol takerFeeRate,0.6218454620148052,0.07134513985685184,"ESTIMATED floor_None overnight_2000 slope, n=568",,,,,,,,NO_SIGNAL,SUPPRESSED: eligibility snapshot time unpublished,cash basis UNRESOLVED; gross basis required,,,,,
rAVAL-2027-02-26-1,rAVAL,RAVALUSDT,2027-02-26,5000,,,,,False,UNRESOLVED,,5.07,,OBSERVED ticker lastPrice at run time,0.001,OBSERVED live symbol takerFeeRate,0.6218454620148052,0.07134513985685184,"ESTIMATED floor_None overnight_2000 slope, n=568",,,,,,,,NO_SIGNAL,SUPPRESSED: eligibility snapshot time unpublished,cash basis UNRESOLVED; gross basis required,,,,,
rAVAL-2027-02-26-1,rAVAL,RAVALUSDT,2027-02-26,25000,,,,,False,UNRESOLVED,,5.07,,OBSERVED ticker lastPrice at run time,0.001,OBSERVED live symbol takerFeeRate,0.6218454620148052,0.07134513985685184,"ESTIMATED floor_None overnight_2000 slope, n=568",,,,,,,,NO_SIGNAL,SUPPRESSED: eligibility snapshot time unpublished,cash basis UNRESOLVED; gross basis required,,,,,
rBBD-2026-09-21-1,rBBD,RBBDUSDT,2026-09-21,1000,,,,,False,UNRESOLVED,,3.45,,OBSERVED ticker lastPrice at run time,0.001,OBSERVED live symbol takerFeeRate,0.6218454620148052,0.07134513985685184,"ESTIMATED floor_None overnight_2000 slope, n=568",,,,,,,,NO_SIGNAL,SUPPRESSED: eligibility snapshot time unpublished,cash basis UNRESOLVED; gross basis required,,,,,
rBBD-2026-09-21-1,rBBD,RBBDUSDT,2026-09-21,5000,,,,,False,UNRESOLVED,,3.45,,OBSERVED ticker lastPrice at run time,0.001,OBSERVED live symbol takerFeeRate,0.6218454620148052,0.07134513985685184,"ESTIMATED floor_None overnight_2000 slope, n=568",,,,,,,,NO_SIGNAL,SUPPRESSED: eligibility snapshot time unpublished,cash basis UNRESOLVED; gross basis required,,,,,
rBBD-2026-09-21-1,rBBD,RBBDUSDT,2026-09-21,25000,,,,,False,UNRESOLVED,,3.45,,OBSERVED ticker lastPrice at run time,0.001,OBSERVED live symbol takerFeeRate,0.6218454620148052,0.07134513985685184,"ESTIMATED floor_None overnight_2000 slope, n=568",,,,,,,,NO_SIGNAL,SUPPRESSED: eligibility snapshot time unpublished,cash basis UNRESOLVED; gross basis required,,,,,
rBBDO-2026-09-21-1,rBBDO,RBBDOUSDT,2026-09-21,1000,,,,,False,UNRESOLVED,,3.15,,OBSERVED ticker lastPrice at run time,0.001,OBSERVED live symbol takerFeeRate,0.6218454620148052,0.07134513985685184,"ESTIMATED floor_None overnight_2000 slope, n=568",,,,,,,,NO_SIGNAL,SUPPRESSED: eligibility snapshot time unpublished,cash basis UNRESOLVED; gross basis required,,,,,
rBBDO-2026-09-21-1,rBBDO,RBBDOUSDT,2026-09-21,5000,,,,,False,UNRESOLVED,,3.15,,OBSERVED ticker lastPrice at run time,0.001,OBSERVED live symbol takerFeeRate,0.6218454620148052,0.07134513985685184,"ESTIMATED floor_None overnight_2000 slope, n=568",,,,,,,,NO_SIGNAL,SUPPRESSED: eligibility snapshot time unpublished,cash basis UNRESOLVED; gross basis required,,,,,
rBBDO-2026-09-21-1,rBBDO,RBBDOUSDT,2026-09-21,25000,,,,,False,UNRESOLVED,,3.15,,OBSERVED ticker lastPrice at run time,0.001,OBSERVED live symbol takerFeeRate,0.6218454620148052,0.07134513985685184,"ESTIMATED floor_None overnight_2000 slope, n=568",,,,,,,,NO_SIGNAL,SUPPRESSED: eligibility snapshot time unpublished,cash basis UNRESOLVED; gross basis required,,,,,
rBEN-2026-09-30-1,rBEN,RBENUSDT,2026-09-30,1000,,,,,False,UNRESOLVED,,33.01,,OBSERVED ticker lastPrice at run time,0.001,OBSERVED live symbol takerFeeRate,0.6218454620148052,0.07134513985685184,"ESTIMATED floor_None overnight_2000 slope, n=568",,,,,,,,NO_SIGNAL,SUPPRESSED: eligibility snapshot time unpublished,cash basis UNRESOLVED; gross basis required,,,,,
rBEN-2026-09-30-1,rBEN,RBENUSDT,2026-09-30,5000,,,,,False,UNRESOLVED,,33.01,,OBSERVED ticker lastPrice at run time,0.001,OBSERVED live symbol takerFeeRate,0.6218454620148052,0.07134513985685184,"ESTIMATED floor_None overnight_2000 slope, n=568",,,,,,,,NO_SIGNAL,SUPPRESSED: eligibility snapshot time unpublished,cash basis UNRESOLVED; gross basis required,,,,,
rBEN-2026-09-30-1,rBEN,RBENUSDT,2026-09-30,25000,,,,,False,UNRESOLVED,,33.01,,OBSERVED ticker lastPrice at run time,0.001,OBSERVED live symbol takerFeeRate,0.6218454620148052,0.07134513985685184,"ESTIMATED floor_None overnight_2000 slope, n=568",,,,,,,,NO_SIGNAL,SUPPRESSED: eligibility snapshot time unpublished,cash basis UNRESOLVED; gross basis required,,,,,
rBBD-2026-10-05-1,rBBD,RBBDUSDT,2026-10-05,1000,,,,,False,UNRESOLVED,,3.45,,OBSERVED ticker lastPrice at run time,0.001,OBSERVED live symbol takerFeeRate,0.6218454620148052,0.07134513985685184,"ESTIMATED floor_None overnight_2000 slope, n=568",,,,,,,,NO_SIGNAL,SUPPRESSED: eligibility snapshot time unpublished,cash basis UNRESOLVED; gross basis required,,,,,
rBBD-2026-10-05-1,rBBD,RBBDUSDT,2026-10-05,5000,,,,,False,UNRESOLVED,,3.45,,OBSERVED ticker lastPrice at run time,0.001,OBSERVED live symbol takerFeeRate,0.6218454620148052,0.07134513985685184,"ESTIMATED floor_None overnight_2000 slope, n=568",,,,,,,,NO_SIGNAL,SUPPRESSED: eligibility snapshot time unpublished,cash basis UNRESOLVED; gross basis required,,,,,
rBBD-2026-10-05-1,rBBD,RBBDUSDT,2026-10-05,25000,,,,,False,UNRESOLVED,,3.45,,OBSERVED ticker lastPrice at run time,0.001,OBSERVED live symbol takerFeeRate,0.6218454620148052,0.07134513985685184,"ESTIMATED floor_None overnight_2000 slope, n=568",,,,,,,,NO_SIGNAL,SUPPRESSED: eligibility snapshot time unpublished,cash basis UNRESOLVED; gross basis required,,,,,
rBBDO-2026-10-05-1,rBBDO,RBBDOUSDT,2026-10-05,1000,,,,,False,UNRESOLVED,,3.15,,OBSERVED ticker lastPrice at run time,0.001,OBSERVED live symbol takerFeeRate,0.6218454620148052,0.07134513985685184,"ESTIMATED floor_None overnight_2000 slope, n=568",,,,,,,,NO_SIGNAL,SUPPRESSED: eligibility snapshot time unpublished,cash basis UNRESOLVED; gross basis required,,,,,
rBBDO-2026-10-05-1,rBBDO,RBBDOUSDT,2026-10-05,5000,,,,,False,UNRESOLVED,,3.15,,OBSERVED ticker lastPrice at run time,0.001,OBSERVED live symbol takerFeeRate,0.6218454620148052,0.07134513985685184,"ESTIMATED floor_None overnight_2000 slope, n=568",,,,,,,,NO_SIGNAL,SUPPRESSED: eligibility snapshot time unpublished,cash basis UNRESOLVED; gross basis required,,,,,
rBBDO-2026-10-05-1,rBBDO,RBBDOUSDT,2026-10-05,25000,,,,,False,UNRESOLVED,,3.15,,OBSERVED ticker lastPrice at run time,0.001,OBSERVED live symbol takerFeeRate,0.6218454620148052,0.07134513985685184,"ESTIMATED floor_None overnight_2000 slope, n=568",,,,,,,,NO_SIGNAL,SUPPRESSED: eligibility snapshot time unpublished,cash basis UNRESOLVED; gross basis required,,,,,
rBG-2026-11-17-1,rBG,RBGUSDT,2026-11-17,1000,,,,,False,UNRESOLVED,,115.58,,OBSERVED ticker lastPrice at run time,0.001,OBSERVED live symbol takerFeeRate,0.6218454620148052,0.07134513985685184,"ESTIMATED floor_None overnight_2000 slope, n=568",,,,,,,,NO_SIGNAL,SUPPRESSED: eligibility snapshot time unpublished,cash basis UNRESOLVED; gross basis required,,,,,
rBG-2026-11-17-1,rBG,RBGUSDT,2026-11-17,5000,,,,,False,UNRESOLVED,,115.58,,OBSERVED ticker lastPrice at run time,0.001,OBSERVED live symbol takerFeeRate,0.6218454620148052,0.07134513985685184,"ESTIMATED floor_None overnight_2000 slope, n=568",,,,,,,,NO_SIGNAL,SUPPRESSED: eligibility snapshot time unpublished,cash basis UNRESOLVED; gross basis required,,,,,
rBG-2026-11-17-1,rBG,RBGUSDT,2026-11-17,25000,,,,,False,UNRESOLVED,,115.58,,OBSERVED ticker lastPrice at run time,0.001,OBSERVED live symbol takerFeeRate,0.6218454620148052,0.07134513985685184,"ESTIMATED floor_None overnight_2000 slope, n=568",,,,,,,,NO_SIGNAL,SUPPRESSED: eligibility snapshot time unpublished,cash basis UNRESOLVED; gross basis required,,,,,
rBG-2027-02-16-1,rBG,RBGUSDT,2027-02-16,1000,,,,,False,UNRESOLVED,,115.58,,OBSERVED ticker lastPrice at run time,0.001,OBSERVED live symbol takerFeeRate,0.6218454620148052,0.07134513985685184,"ESTIMATED floor_None overnight_2000 slope, n=568",,,,,,,,NO_SIGNAL,SUPPRESSED: eligibility snapshot time unpublished,cash basis UNRESOLVED; gross basis required,,,,,
rBG-2027-02-16-1,rBG,RBGUSDT,2027-02-16,5000,,,,,False,UNRESOLVED,,115.58,,OBSERVED ticker lastPrice at run time,0.001,OBSERVED live symbol takerFeeRate,0.6218454620148052,0.07134513985685184,"ESTIMATED floor_None overnight_2000 slope, n=568",,,,,,,,NO_SIGNAL,SUPPRESSED: eligibility snapshot time unpublished,cash basis UNRESOLVED; gross basis required,,,,,
rBG-2027-02-16-1,rBG,RBGUSDT,2027-02-16,25000,,,,,False,UNRESOLVED,,115.58,,OBSERVED ticker lastPrice at run time,0.001,OBSERVED live symbol takerFeeRate,0.6218454620148052,0.07134513985685184,"ESTIMATED floor_None overnight_2000 slope, n=568",,,,,,,,NO_SIGNAL,SUPPRESSED: eligibility snapshot time unpublished,cash basis UNRESOLVED; gross basis required,,,,,
rBRKR-2026-09-21-1,rBRKR,RBRKRUSDT,2026-09-21,1000,0.05,0.035,0.034999999999999996,0.05,False,GROSS,2.0,62.0,61.96890772689926,OBSERVED ticker lastPrice at run time,0.001,OBSERVED live symbol takerFeeRate,0.6218454620148052,0.07134513985685184,"ESTIMATED floor_None overnight_2000 slope, n=568",,,,,,,,NO_SIGNAL,SUPPRESSED: eligibility snapshot time unpublished,sell: no depth sample for this symbol/session; buy: no depth sample for this symbol/session,,,,,
rBRKR-2026-09-21-1,rBRKR,RBRKRUSDT,2026-09-21,5000,0.05,0.035,0.034999999999999996,0.05,False,GROSS,2.0,62.0,61.96890772689926,OBSERVED ticker lastPrice at run time,0.001,OBSERVED live symbol takerFeeRate,0.6218454620148052,0.07134513985685184,"ESTIMATED floor_None overnight_2000 slope, n=568",,,,,,,,NO_SIGNAL,SUPPRESSED: eligibility snapshot time unpublished,sell: no depth sample for this symbol/session; buy: no depth sample for this symbol/session,,,,,
rBRKR-2026-09-21-1,rBRKR,RBRKRUSDT,2026-09-21,25000,0.05,0.035,0.034999999999999996,0.05,False,GROSS,2.0,62.0,61.96890772689926,OBSERVED ticker lastPrice at run time,0.001,OBSERVED live symbol takerFeeRate,0.6218454620148052,0.07134513985685184,"ESTIMATED floor_None overnight_2000 slope, n=568",,,,,,,,NO_SIGNAL,SUPPRESSED: eligibility snapshot time unpublished,sell: no depth sample for this symbol/session; buy: no depth sample for this symbol/session,,,,,
rBSY-2026-09-22-1,rBSY,RBSYUSDT,2026-09-22,1000,0.07,0.049,0.049,0.07,False,GROSS,2.0,32.58,32.53647081765896,OBSERVED ticker lastPrice at run time,0.001,OBSERVED live symbol takerFeeRate,0.6218454620148052,0.07134513985685184,"ESTIMATED floor_None overnight_2000 slope, n=568",,,,,,,,NO_SIGNAL,SUPPRESSED: eligibility snapshot time unpublished,sell: no depth sample for this symbol/session; buy: no depth sample for this symbol/session,,,,,
rBSY-2026-09-22-1,rBSY,RBSYUSDT,2026-09-22,5000,0.07,0.049,0.049,0.07,False,GROSS,2.0,32.58,32.53647081765896,OBSERVED ticker lastPrice at run time,0.001,OBSERVED live symbol takerFeeRate,0.6218454620148052,0.07134513985685184,"ESTIMATED floor_None overnight_2000 slope, n=568",,,,,,,,NO_SIGNAL,SUPPRESSED: eligibility snapshot time unpublished,sell: no depth sample for this symbol/session; buy: no depth sample for this symbol/session,,,,,
rBSY-2026-09-22-1,rBSY,RBSYUSDT,2026-09-22,25000,0.07,0.049,0.049,0.07,False,GROSS,2.0,32.58,32.53647081765896,OBSERVED ticker lastPrice at run time,0.001,OBSERVED live symbol takerFeeRate,0.6218454620148052,0.07134513985685184,"ESTIMATED floor_None overnight_2000 slope, n=568",,,,,,,,NO_SIGNAL,SUPPRESSED: eligibility snapshot time unpublished,sell: no depth sample for this symbol/session; buy: no depth sample for this symbol/session,,,,,
rBMY-2026-10-02-1,rBMY,RBMYUSDT,2026-10-02,1000,,,,,False,UNRESOLVED,,63.04,,OBSERVED ticker lastPrice at run time,0.001,OBSERVED live symbol takerFeeRate,0.6218454620148052,0.07134513985685184,"ESTIMATED floor_None overnight_2000 slope, n=568",,,,,,,,NO_SIGNAL,SUPPRESSED: eligibility snapshot time unpublished,cash basis UNRESOLVED; gross basis required,,,,,
rBMY-2026-10-02-1,rBMY,RBMYUSDT,2026-10-02,5000,,,,,False,UNRESOLVED,,63.04,,OBSERVED ticker lastPrice at run time,0.001,OBSERVED live symbol takerFeeRate,0.6218454620148052,0.07134513985685184,"ESTIMATED floor_None overnight_2000 slope, n=568",,,,,,,,NO_SIGNAL,SUPPRESSED: eligibility snapshot time unpublished,cash basis UNRESOLVED; gross basis required,,,,,
rBMY-2026-10-02-1,rBMY,RBMYUSDT,2026-10-02,25000,,,,,False,UNRESOLVED,,63.04,,OBSERVED ticker lastPrice at run time,0.001,OBSERVED live symbol takerFeeRate,0.6218454620148052,0.07134513985685184,"ESTIMATED floor_None overnight_2000 slope, n=568",,,,,,,,NO_SIGNAL,SUPPRESSED: eligibility snapshot time unpublished,cash basis UNRESOLVED; gross basis required,,,,,
rBRX-2026-10-02-1,rBRX,RBRXUSDT,2026-10-02,1000,,,,,False,UNRESOLVED,,28.03,,OBSERVED ticker lastPrice at run time,0.001,OBSERVED live symbol takerFeeRate,0.6218454620148052,0.07134513985685184,"ESTIMATED floor_None overnight_2000 slope, n=568",,,,,,,,NO_SIGNAL,SUPPRESSED: eligibility snapshot time unpublished,cash basis UNRESOLVED; gross basis required,,,,,
rBRX-2026-10-02-1,rBRX,RBRXUSDT,2026-10-02,5000,,,,,False,UNRESOLVED,,28.03,,OBSERVED ticker lastPrice at run time,0.001,OBSERVED live symbol takerFeeRate,0.6218454620148052,0.07134513985685184,"ESTIMATED floor_None overnight_2000 slope, n=568",,,,,,,,NO_SIGNAL,SUPPRESSED: eligibility snapshot time unpublished,cash basis UNRESOLVED; gross basis required,,,,,
rBRX-2026-10-02-1,rBRX,RBRXUSDT,2026-10-02,25000,,,,,False,UNRESOLVED,,28.03,,OBSERVED ticker lastPrice at run time,0.001,OBSERVED live symbol takerFeeRate,0.6218454620148052,0.07134513985685184,"ESTIMATED floor_None overnight_2000 slope, n=568",,,,,,,,NO_SIGNAL,SUPPRESSED: eligibility snapshot time unpublished,cash basis UNRESOLVED; gross basis required,,,,,
rBRC-2026-10-09-1,rBRC,RBRCUSDT,2026-10-09,1000,,,,,False,UNRESOLVED,,84.11,,OBSERVED ticker lastPrice at run time,0.001,OBSERVED live symbol takerFeeRate,0.6218454620148052,0.07134513985685184,"ESTIMATED floor_None overnight_2000 slope, n=568",,,,,,,,NO_SIGNAL,SUPPRESSED: eligibility snapshot time unpublished,cash basis UNRESOLVED; gross basis required,,,,,
rBRC-2026-10-09-1,rBRC,RBRCUSDT,2026-10-09,5000,,,,,False,UNRESOLVED,,84.11,,OBSERVED ticker lastPrice at run time,0.001,OBSERVED live symbol takerFeeRate,0.6218454620148052,0.07134513985685184,"ESTIMATED floor_None overnight_2000 slope, n=568",,,,,,,,NO_SIGNAL,SUPPRESSED: eligibility snapshot time unpublished,cash basis UNRESOLVED; gross basis required,,,,,
rBRC-2026-10-09-1,rBRC,RBRCUSDT,2026-10-09,25000,,,,,False,UNRESOLVED,,84.11,,OBSERVED ticker lastPrice at run time,0.001,OBSERVED live symbol takerFeeRate,0.6218454620148052,0.07134513985685184,"ESTIMATED floor_None overnight_2000 slope, n=568",,,,,,,,NO_SIGNAL,SUPPRESSED: eligibility snapshot time unpublished,cash basis UNRESOLVED; gross basis required,,,,,
rBZ-2026-09-28-1,rBZ,RBZUSDT,2026-09-28,1000,0.51,0.357,0.357,0.51,False,GROSS,2.0,14.8,14.48285881437245,OBSERVED ticker lastPrice at run time,0.001,OBSERVED live symbol takerFeeRate,0.6218454620148052,0.07134513985685184,"ESTIMATED floor_None overnight_2000 slope, n=568",,,,,,,,NO_SIGNAL,SUPPRESSED: eligibility snapshot time unpublished,sell: no depth sample for this symbol/session; buy: no depth sample for this symbol/session,,,,,
rBZ-2026-09-28-1,rBZ,RBZUSDT,2026-09-28,5000,0.51,0.357,0.357,0.51,False,GROSS,2.0,14.8,14.48285881437245,OBSERVED ticker lastPrice at run time,0.001,OBSERVED live symbol takerFeeRate,0.6218454620148052,0.07134513985685184,"ESTIMATED floor_None overnight_2000 slope, n=568",,,,,,,,NO_SIGNAL,SUPPRESSED: eligibility snapshot time unpublished,sell: no depth sample for this symbol/session; buy: no depth sample for this symbol/session,,,,,
rBZ-2026-09-28-1,rBZ,RBZUSDT,2026-09-28,25000,0.51,0.357,0.357,0.51,False,GROSS,2.0,14.8,14.48285881437245,OBSERVED ticker lastPrice at run time,0.001,OBSERVED live symbol takerFeeRate,0.6218454620148052,0.07134513985685184,"ESTIMATED floor_None overnight_2000 slope, n=568",,,,,,,,NO_SIGNAL,SUPPRESSED: eligibility snapshot time unpublished,sell: no depth sample for this symbol/session; buy: no depth sample for this symbol/session,,,,,
rBXSL-2026-09-30-1,rBXSL,RBXSLUSDT,2026-09-30,1000,,,,,False,UNRESOLVED,,25.0,,OBSERVED ticker lastPrice at run time,0.001,OBSERVED live symbol takerFeeRate,0.6218454620148052,0.07134513985685184,"ESTIMATED floor_None overnight_2000 slope, n=568",,,,,,,,NO_SIGNAL,SUPPRESSED: eligibility snapshot time unpublished,cash basis UNRESOLVED; gross basis required,,,,,
rBXSL-2026-09-30-1,rBXSL,RBXSLUSDT,2026-09-30,5000,,,,,False,UNRESOLVED,,25.0,,OBSERVED ticker lastPrice at run time,0.001,OBSERVED live symbol takerFeeRate,0.6218454620148052,0.07134513985685184,"ESTIMATED floor_None overnight_2000 slope, n=568",,,,,,,,NO_SIGNAL,SUPPRESSED: eligibility snapshot time unpublished,cash basis UNRESOLVED; gross basis required,,,,,
rBXSL-2026-09-30-1,rBXSL,RBXSLUSDT,2026-09-30,25000,,,,,False,UNRESOLVED,,25.0,,OBSERVED ticker lastPrice at run time,0.001,OBSERVED live symbol takerFeeRate,0.6218454620148052,0.07134513985685184,"ESTIMATED floor_None overnight_2000 slope, n=568",,,,,,,,NO_SIGNAL,SUPPRESSED: eligibility snapshot time unpublished,cash basis UNRESOLVED; gross basis required,,,,,
rCAH-2026-10-01-1,rCAH,RCAHUSDT,2026-10-01,1000,,,,,False,UNRESOLVED,,225.0,,OBSERVED ticker lastPrice at run time,0.001,OBSERVED live symbol takerFeeRate,0.6218454620148052,0.07134513985685184,"ESTIMATED floor_None overnight_2000 slope, n=568",,,,,,,,NO_SIGNAL,SUPPRESSED: eligibility snapshot time unpublished,cash basis UNRESOLVED; gross basis required,,,,,
rCAH-2026-10-01-1,rCAH,RCAHUSDT,2026-10-01,5000,,,,,False,UNRESOLVED,,225.0,,OBSERVED ticker lastPrice at run time,0.001,OBSERVED live symbol takerFeeRate,0.6218454620148052,0.07134513985685184,"ESTIMATED floor_None overnight_2000 slope, n=568",,,,,,,,NO_SIGNAL,SUPPRESSED: eligibility snapshot time unpublished,cash basis UNRESOLVED; gross basis required,,,,,
rCAH-2026-10-01-1,rCAH,RCAHUSDT,2026-10-01,25000,,,,,False,UNRESOLVED,,225.0,,OBSERVED ticker lastPrice at run time,0.001,OBSERVED live symbol takerFeeRate,0.6218454620148052,0.07134513985685184,"ESTIMATED floor_None overnight_2000 slope, n=568",,,,,,,,NO_SIGNAL,SUPPRESSED: eligibility snapshot time unpublished,cash basis UNRESOLVED; gross basis required,,,,,
rBTI-2026-10-02-1,rBTI,RBTIUSDT,2026-10-02,1000,,,,,False,UNRESOLVED,,55.88,,OBSERVED ticker lastPrice at run time,0.001,OBSERVED live symbol takerFeeRate,0.6218454620148052,0.07134513985685184,"ESTIMATED floor_None overnight_2000 slope, n=568",,,,,,,,NO_SIGNAL,SUPPRESSED: eligibility snapshot time unpublished,cash basis UNRESOLVED; gross basis required,,,,,
rBTI-2026-10-02-1,rBTI,RBTIUSDT,2026-10-02,5000,,,,,False,UNRESOLVED,,55.88,,OBSERVED ticker lastPrice at run time,0.001,OBSERVED live symbol takerFeeRate,0.6218454620148052,0.07134513985685184,"ESTIMATED floor_None overnight_2000 slope, n=568",,,,,,,,NO_SIGNAL,SUPPRESSED: eligibility snapshot time unpublished,cash basis UNRESOLVED; gross basis required,,,,,
rBTI-2026-10-02-1,rBTI,RBTIUSDT,2026-10-02,25000,,,,,False,UNRESOLVED,,55.88,,OBSERVED ticker lastPrice at run time,0.001,OBSERVED live symbol takerFeeRate,0.6218454620148052,0.07134513985685184,"ESTIMATED floor_None overnight_2000 slope, n=568",,,,,,,,NO_SIGNAL,SUPPRESSED: eligibility snapshot time unpublished,cash basis UNRESOLVED; gross basis required,,,,,
rBTI-2026-12-29-1,rBTI,RBTIUSDT,2026-12-29,1000,,,,,False,UNRESOLVED,,55.88,,OBSERVED ticker lastPrice at run time,0.001,OBSERVED live symbol takerFeeRate,0.6218454620148052,0.07134513985685184,"ESTIMATED floor_None overnight_2000 slope, n=568",,,,,,,,NO_SIGNAL,SUPPRESSED: eligibility snapshot time unpublished,cash basis UNRESOLVED; gross basis required,,,,,
rBTI-2026-12-29-1,rBTI,RBTIUSDT,2026-12-29,5000,,,,,False,UNRESOLVED,,55.88,,OBSERVED ticker lastPrice at run time,0.001,OBSERVED live symbol takerFeeRate,0.6218454620148052,0.07134513985685184,"ESTIMATED floor_None overnight_2000 slope, n=568",,,,,,,,NO_SIGNAL,SUPPRESSED: eligibility snapshot time unpublished,cash basis UNRESOLVED; gross basis required,,,,,
rBTI-2026-12-29-1,rBTI,RBTIUSDT,2026-12-29,25000,,,,,False,UNRESOLVED,,55.88,,OBSERVED ticker lastPrice at run time,0.001,OBSERVED live symbol takerFeeRate,0.6218454620148052,0.07134513985685184,"ESTIMATED floor_None overnight_2000 slope, n=568",,,,,,,,NO_SIGNAL,SUPPRESSED: eligibility snapshot time unpublished,cash basis UNRESOLVED; gross basis required,,,,,
rCASY-2026-10-30-1,rCASY,RCASYUSDT,2026-10-30,1000,0.65,0.455,0.45499999999999996,0.65,False,GROSS,2.0,598.38,597.9758004496904,OBSERVED ticker lastPrice at run time,0.001,OBSERVED live symbol takerFeeRate,0.6218454620148052,0.07134513985685184,"ESTIMATED floor_None overnight_2000 slope, n=568",,,,,,,,NO_SIGNAL,SUPPRESSED: eligibility snapshot time unpublished,sell: no depth sample for this symbol/session; buy: no depth sample for this symbol/session,,,,,
rCASY-2026-10-30-1,rCASY,RCASYUSDT,2026-10-30,5000,0.65,0.455,0.45499999999999996,0.65,False,GROSS,2.0,598.38,597.9758004496904,OBSERVED ticker lastPrice at run time,0.001,OBSERVED live symbol takerFeeRate,0.6218454620148052,0.07134513985685184,"ESTIMATED floor_None overnight_2000 slope, n=568",,,,,,,,NO_SIGNAL,SUPPRESSED: eligibility snapshot time unpublished,sell: no depth sample for this symbol/session; buy: no depth sample for this symbol/session,,,,,
rCASY-2026-10-30-1,rCASY,RCASYUSDT,2026-10-30,25000,0.65,0.455,0.45499999999999996,0.65,False,GROSS,2.0,598.38,597.9758004496904,OBSERVED ticker lastPrice at run time,0.001,OBSERVED live symbol takerFeeRate,0.6218454620148052,0.07134513985685184,"ESTIMATED floor_None overnight_2000 slope, n=568",,,,,,,,NO_SIGNAL,SUPPRESSED: eligibility snapshot time unpublished,sell: no depth sample for this symbol/session; buy: no depth sample for this symbol/session,,,,,
rCINF-2026-09-23-1,rCINF,RCINFUSDT,2026-09-23,1000,0.94,0.658,0.6579999999999999,0.94,False,GROSS,2.0,169.0,168.41546526570608,OBSERVED ticker lastPrice at run time,0.001,OBSERVED live symbol takerFeeRate,0.6218454620148052,0.07134513985685184,"ESTIMATED floor_None overnight_2000 slope, n=568",,,,,,,,NO_SIGNAL,SUPPRESSED: eligibility snapshot time unpublished,sell: no depth sample for this symbol/session; buy: no depth sample for this symbol/session,,,,,
rCINF-2026-09-23-1,rCINF,RCINFUSDT,2026-09-23,5000,0.94,0.658,0.6579999999999999,0.94,False,GROSS,2.0,169.0,168.41546526570608,OBSERVED ticker lastPrice at run time,0.001,OBSERVED live symbol takerFeeRate,0.6218454620148052,0.07134513985685184,"ESTIMATED floor_None overnight_2000 slope, n=568",,,,,,,,NO_SIGNAL,SUPPRESSED: eligibility snapshot time unpublished,sell: no depth sample for this symbol/session; buy: no depth sample for this symbol/session,,,,,
rCINF-2026-09-23-1,rCINF,RCINFUSDT,2026-09-23,25000,0.94,0.658,0.6579999999999999,0.94,False,GROSS,2.0,169.0,168.41546526570608,OBSERVED ticker lastPrice at run time,0.001,OBSERVED live symbol takerFeeRate,0.6218454620148052,0.07134513985685184,"ESTIMATED floor_None overnight_2000 slope, n=568",,,,,,,,NO_SIGNAL,SUPPRESSED: eligibility snapshot time unpublished,sell: no depth sample for this symbol/session; buy: no depth sample for this symbol/session,,,,,
rCIB-2026-09-30-1,rCIB,RCIBUSDT,2026-09-30,1000,,,,,False,UNRESOLVED,,96.63,,OBSERVED ticker lastPrice at run time,0.001,OBSERVED live symbol takerFeeRate,0.6218454620148052,0.07134513985685184,"ESTIMATED floor_None overnight_2000 slope, n=568",,,,,,,,NO_SIGNAL,SUPPRESSED: eligibility snapshot time unpublished,cash basis UNRESOLVED; gross basis required,,,,,
rCIB-2026-09-30-1,rCIB,RCIBUSDT,2026-09-30,5000,,,,,False,UNRESOLVED,,96.63,,OBSERVED ticker lastPrice at run time,0.001,OBSERVED live symbol takerFeeRate,0.6218454620148052,0.07134513985685184,"ESTIMATED floor_None overnight_2000 slope, n=568",,,,,,,,NO_SIGNAL,SUPPRESSED: eligibility snapshot time unpublished,cash basis UNRESOLVED; gross basis required,,,,,
rCIB-2026-09-30-1,rCIB,RCIBUSDT,2026-09-30,25000,,,,,False,UNRESOLVED,,96.63,,OBSERVED ticker lastPrice at run time,0.001,OBSERVED live symbol takerFeeRate,0.6218454620148052,0.07134513985685184,"ESTIMATED floor_None overnight_2000 slope, n=568",,,,,,,,NO_SIGNAL,SUPPRESSED: eligibility snapshot time unpublished,cash basis UNRESOLVED; gross basis required,,,,,
rCMCSA-2026-10-07-1,rCMCSA,RCMCSAUSDT,2026-10-07,1000,0.33,0.231,0.23099999999999998,0.33,False,GROSS,2.0,22.79,22.584790997535112,OBSERVED ticker lastPrice at run time,0.001,OBSERVED live symbol takerFeeRate,0.6218454620148052,0.07134513985685184,"ESTIMATED floor_None overnight_2000 slope, n=568",,,,,,,,NO_SIGNAL,SUPPRESSED: eligibility snapshot time unpublished,"sell: $1,000 exceeds visible top-of-book ($410) on ticker-only symbol",2026-09-18T23:05:03.291954+00:00,ticker_only,2026-09-19T03:05:03.356996+00:00,ticker_only,
rCMCSA-2026-10-07-1,rCMCSA,RCMCSAUSDT,2026-10-07,5000,0.33,0.231,0.23099999999999998,0.33,False,GROSS,2.0,22.79,22.584790997535112,OBSERVED ticker lastPrice at run time,0.001,OBSERVED live symbol takerFeeRate,0.6218454620148052,0.07134513985685184,"ESTIMATED floor_None overnight_2000 slope, n=568",,,,,,,,NO_SIGNAL,SUPPRESSED: eligibility snapshot time unpublished,"sell: $5,000 exceeds visible top-of-book ($410) on ticker-only symbol; buy: $5,000 exceeds visible top-of-book ($2,295) on ticker-only symbol",2026-09-18T23:05:03.291954+00:00,ticker_only,2026-09-19T03:05:03.356996+00:00,ticker_only,
rCMCSA-2026-10-07-1,rCMCSA,RCMCSAUSDT,2026-10-07,25000,0.33,0.231,0.23099999999999998,0.33,False,GROSS,2.0,22.79,22.584790997535112,OBSERVED ticker lastPrice at run time,0.001,OBSERVED live symbol takerFeeRate,0.6218454620148052,0.07134513985685184,"ESTIMATED floor_None overnight_2000 slope, n=568",,,,,,,,NO_SIGNAL,SUPPRESSED: eligibility snapshot time unpublished,"sell: $25,000 exceeds visible top-of-book ($410) on ticker-only symbol; buy: $25,000 exceeds visible top-of-book ($2,295) on ticker-only symbol",2026-09-18T23:05:03.291954+00:00,ticker_only,2026-09-19T03:05:03.356996+00:00,ticker_only,
rCOLD-2026-09-30-1,rCOLD,RCOLDUSDT,2026-09-30,1000,,,,,False,UNRESOLVED,,14.41,,OBSERVED ticker lastPrice at run time,0.001,OBSERVED live symbol takerFeeRate,0.6218454620148052,0.07134513985685184,"ESTIMATED floor_None overnight_2000 slope, n=568",,,,,,,,NO_SIGNAL,SUPPRESSED: eligibility snapshot time unpublished,cash basis UNRESOLVED; gross basis required,,,,,
rCOLD-2026-09-30-1,rCOLD,RCOLDUSDT,2026-09-30,5000,,,,,False,UNRESOLVED,,14.41,,OBSERVED ticker lastPrice at run time,0.001,OBSERVED live symbol takerFeeRate,0.6218454620148052,0.07134513985685184,"ESTIMATED floor_None overnight_2000 slope, n=568",,,,,,,,NO_SIGNAL,SUPPRESSED: eligibility snapshot time unpublished,cash basis UNRESOLVED; gross basis required,,,,,
rCOLD-2026-09-30-1,rCOLD,RCOLDUSDT,2026-09-30,25000,,,,,False,UNRESOLVED,,14.41,,OBSERVED ticker lastPrice at run time,0.001,OBSERVED live symbol takerFeeRate,0.6218454620148052,0.07134513985685184,"ESTIMATED floor_None overnight_2000 slope, n=568",,,,,,,,NO_SIGNAL,SUPPRESSED: eligibility snapshot time unpublished,cash basis UNRESOLVED; gross basis required,,,,,
rCPT-2026-09-30-1,rCPT,RCPTUSDT,2026-09-30,1000,,,,,False,UNRESOLVED,,99.12,,OBSERVED ticker lastPrice at run time,0.001,OBSERVED live symbol takerFeeRate,0.6218454620148052,0.07134513985685184,"ESTIMATED floor_None overnight_2000 slope, n=568",,,,,,,,NO_SIGNAL,SUPPRESSED: eligibility snapshot time unpublished,cash basis UNRESOLVED; gross basis required,,,,,
rCPT-2026-09-30-1,rCPT,RCPTUSDT,2026-09-30,5000,,,,,False,UNRESOLVED,,99.12,,OBSERVED ticker lastPrice at run time,0.001,OBSERVED live symbol takerFeeRate,0.6218454620148052,0.07134513985685184,"ESTIMATED floor_None overnight_2000 slope, n=568",,,,,,,,NO_SIGNAL,SUPPRESSED: eligibility snapshot time unpublished,cash basis UNRESOLVED; gross basis required,,,,,
rCPT-2026-09-30-1,rCPT,RCPTUSDT,2026-09-30,25000,,,,,False,UNRESOLVED,,99.12,,OBSERVED ticker lastPrice at run time,0.001,OBSERVED live symbol takerFeeRate,0.6218454620148052,0.07134513985685184,"ESTIMATED floor_None overnight_2000 slope, n=568",,,,,,,,NO_SIGNAL,SUPPRESSED: eligibility snapshot time unpublished,cash basis UNRESOLVED; gross basis required,,,,,
rCPB-2026-10-01-1,rCPB,RCPBUSDT,2026-10-01,1000,0.25,0.175,0.175,0.25,False,GROSS,2.0,20.8,20.6445386344963,OBSERVED ticker lastPrice at run time,0.001,OBSERVED live symbol takerFeeRate,0.6218454620148052,0.07134513985685184,"ESTIMATED floor_None overnight_2000 slope, n=568",,,,,,,,NO_SIGNAL,SUPPRESSED: eligibility snapshot time unpublished,sell: no depth sample for this symbol/session; buy: no depth sample for this symbol/session,,,,,
rCPB-2026-10-01-1,rCPB,RCPBUSDT,2026-10-01,5000,0.25,0.175,0.175,0.25,False,GROSS,2.0,20.8,20.6445386344963,OBSERVED ticker lastPrice at run time,0.001,OBSERVED live symbol takerFeeRate,0.6218454620148052,0.07134513985685184,"ESTIMATED floor_None overnight_2000 slope, n=568",,,,,,,,NO_SIGNAL,SUPPRESSED: eligibility snapshot time unpublished,sell: no depth sample for this symbol/session; buy: no depth sample for this symbol/session,,,,,
rCPB-2026-10-01-1,rCPB,RCPBUSDT,2026-10-01,25000,0.25,0.175,0.175,0.25,False,GROSS,2.0,20.8,20.6445386344963,OBSERVED ticker lastPrice at run time,0.001,OBSERVED live symbol takerFeeRate,0.6218454620148052,0.07134513985685184,"ESTIMATED floor_None overnight_2000 slope, n=568",,,,,,,,NO_SIGNAL,SUPPRESSED: eligibility snapshot time unpublished,sell: no depth sample for this symbol/session; buy: no depth sample for this symbol/session,,,,,
rCTRE-2026-09-30-1,rCTRE,RCTREUSDT,2026-09-30,1000,,,,,False,UNRESOLVED,,37.75,,OBSERVED ticker lastPrice at run time,0.001,OBSERVED live symbol takerFeeRate,0.6218454620148052,0.07134513985685184,"ESTIMATED floor_None overnight_2000 slope, n=568",,,,,,,,NO_SIGNAL,SUPPRESSED: eligibility snapshot time unpublished,cash basis UNRESOLVED; gross basis required,,,,,
rCTRE-2026-09-30-1,rCTRE,RCTREUSDT,2026-09-30,5000,,,,,False,UNRESOLVED,,37.75,,OBSERVED ticker lastPrice at run time,0.001,OBSERVED live symbol takerFeeRate,0.6218454620148052,0.07134513985685184,"ESTIMATED floor_None overnight_2000 slope, n=568",,,,,,,,NO_SIGNAL,SUPPRESSED: eligibility snapshot time unpublished,cash basis UNRESOLVED; gross basis required,,,,,
rCTRE-2026-09-30-1,rCTRE,RCTREUSDT,2026-09-30,25000,,,,,False,UNRESOLVED,,37.75,,OBSERVED ticker lastPrice at run time,0.001,OBSERVED live symbol takerFeeRate,0.6218454620148052,0.07134513985685184,"ESTIMATED floor_None overnight_2000 slope, n=568",,,,,,,,NO_SIGNAL,SUPPRESSED: eligibility snapshot time unpublished,cash basis UNRESOLVED; gross basis required,,,,,
rCUBE-2026-10-01-1,rCUBE,RCUBEUSDT,2026-10-01,1000,,,,,False,UNRESOLVED,,39.56,,OBSERVED ticker lastPrice at run time,0.001,OBSERVED live symbol takerFeeRate,0.6218454620148052,0.07134513985685184,"ESTIMATED floor_None overnight_2000 slope, n=568",,,,,,,,NO_SIGNAL,SUPPRESSED: eligibility snapshot time unpublished,cash basis UNRESOLVED; gross basis required,,,,,
rCUBE-2026-10-01-1,rCUBE,RCUBEUSDT,2026-10-01,5000,,,,,False,UNRESOLVED,,39.56,,OBSERVED ticker lastPrice at run time,0.001,OBSERVED live symbol takerFeeRate,0.6218454620148052,0.07134513985685184,"ESTIMATED floor_None overnight_2000 slope, n=568",,,,,,,,NO_SIGNAL,SUPPRESSED: eligibility snapshot time unpublished,cash basis UNRESOLVED; gross basis required,,,,,
rCUBE-2026-10-01-1,rCUBE,RCUBEUSDT,2026-10-01,25000,,,,,False,UNRESOLVED,,39.56,,OBSERVED ticker lastPrice at run time,0.001,OBSERVED live symbol takerFeeRate,0.6218454620148052,0.07134513985685184,"ESTIMATED floor_None overnight_2000 slope, n=568",,,,,,,,NO_SIGNAL,SUPPRESSED: eligibility snapshot time unpublished,cash basis UNRESOLVED; gross basis required,,,,,
rCSCO-2026-10-02-1,rCSCO,RCSCOUSDT,2026-10-02,1000,0.42,0.294,0.294,0.42,False,GROSS,2.0,109.51,109.24882490595378,OBSERVED ticker lastPrice at run time,0.001,OBSERVED live symbol takerFeeRate,0.6218454620148052,0.07134513985685184,"ESTIMATED floor_None overnight_2000 slope, n=568",0.3915489532152107,-0.4843037766487481,-0.42437385916899256,-0.4843037766487481,-0.610303776648748,-0.1903037766487481,-0.35872404726142887,HOLD,SUPPRESSED: eligibility snapshot time unpublished,,2026-09-18T23:05:03.291954+00:00,public_book,2026-09-19T03:05:03.356996+00:00,public_book,
rCSCO-2026-10-02-1,rCSCO,RCSCOUSDT,2026-10-02,5000,0.42,0.294,0.294,0.42,False,GROSS,2.0,109.51,109.24882490595378,OBSERVED ticker lastPrice at run time,0.001,OBSERVED live symbol takerFeeRate,0.6218454620148052,0.07134513985685184,"ESTIMATED floor_None overnight_2000 slope, n=568",0.6607042138936927,-0.7534590373272301,-0.6935291198474746,-0.7534590373272301,-0.8794590373272301,-0.4594590373272301,-0.6278793079399109,HOLD,SUPPRESSED: eligibility snapshot time unpublished,,2026-09-18T23:05:03.291954+00:00,public_book,2026-09-19T03:05:03.356996+00:00,public_book,
rCSCO-2026-10-02-1,rCSCO,RCSCOUSDT,2026-10-02,25000,0.42,0.294,0.294,0.42,False,GROSS,2.0,109.51,109.24882490595378,OBSERVED ticker lastPrice at run time,0.001,OBSERVED live symbol takerFeeRate,0.6218454620148052,0.07134513985685184,"ESTIMATED floor_None overnight_2000 slope, n=568",1.161067578120564,-1.2538224015541013,-1.193892484074346,-1.2538224015541013,-1.3798224015541014,-0.9598224015541013,-1.128242672166782,HOLD,SUPPRESSED: eligibility snapshot time unpublished,,2026-09-18T23:05:03.291954+00:00,public_book,2026-09-19T03:05:03.356996+00:00,public_book,
rCW-2026-09-25-1,rCW,RCWUSDT,2026-09-25,1000,,,,,False,UNRESOLVED,,568.27,,OBSERVED ticker lastPrice at run time,0.001,OBSERVED live symbol takerFeeRate,0.6218454620148052,0.07134513985685184,"ESTIMATED floor_None overnight_2000 slope, n=568",,,,,,,,NO_SIGNAL,SUPPRESSED: eligibility snapshot time unpublished,cash basis UNRESOLVED; gross basis required,,,,,
rCW-2026-09-25-1,rCW,RCWUSDT,2026-09-25,5000,,,,,False,UNRESOLVED,,568.27,,OBSERVED ticker lastPrice at run time,0.001,OBSERVED live symbol takerFeeRate,0.6218454620148052,0.07134513985685184,"ESTIMATED floor_None overnight_2000 slope, n=568",,,,,,,,NO_SIGNAL,SUPPRESSED: eligibility snapshot time unpublished,cash basis UNRESOLVED; gross basis required,,,,,
rCW-2026-09-25-1,rCW,RCWUSDT,2026-09-25,25000,,,,,False,UNRESOLVED,,568.27,,OBSERVED ticker lastPrice at run time,0.001,OBSERVED live symbol takerFeeRate,0.6218454620148052,0.07134513985685184,"ESTIMATED floor_None overnight_2000 slope, n=568",,,,,,,,NO_SIGNAL,SUPPRESSED: eligibility snapshot time unpublished,cash basis UNRESOLVED; gross basis required,,,,,
rDDS-2026-09-30-1,rDDS,RDDSUSDT,2026-09-30,1000,,,,,False,UNRESOLVED,,636.26,,OBSERVED ticker lastPrice at run time,0.001,OBSERVED live symbol takerFeeRate,0.6218454620148052,0.07134513985685184,"ESTIMATED floor_None overnight_2000 slope, n=568",,,,,,,,NO_SIGNAL,SUPPRESSED: eligibility snapshot time unpublished,cash basis UNRESOLVED; gross basis required,,,,,
rDDS-2026-09-30-1,rDDS,RDDSUSDT,2026-09-30,5000,,,,,False,UNRESOLVED,,636.26,,OBSERVED ticker lastPrice at run time,0.001,OBSERVED live symbol takerFeeRate,0.6218454620148052,0.07134513985685184,"ESTIMATED floor_None overnight_2000 slope, n=568",,,,,,,,NO_SIGNAL,SUPPRESSED: eligibility snapshot time unpublished,cash basis UNRESOLVED; gross basis required,,,,,
rDDS-2026-09-30-1,rDDS,RDDSUSDT,2026-09-30,25000,,,,,False,UNRESOLVED,,636.26,,OBSERVED ticker lastPrice at run time,0.001,OBSERVED live symbol takerFeeRate,0.6218454620148052,0.07134513985685184,"ESTIMATED floor_None overnight_2000 slope, n=568",,,,,,,,NO_SIGNAL,SUPPRESSED: eligibility snapshot time unpublished,cash basis UNRESOLVED; gross basis required,,,,,
rDE-2026-09-30-1,rDE,RDEUSDT,2026-09-30,1000,,,,,False,UNRESOLVED,,687.23,,OBSERVED ticker lastPrice at run time,0.001,OBSERVED live symbol takerFeeRate,0.6218454620148052,0.07134513985685184,"ESTIMATED floor_None overnight_2000 slope, n=568",,,,,,,,NO_SIGNAL,SUPPRESSED: eligibility snapshot time unpublished,cash basis UNRESOLVED; gross basis required,,,,,
rDE-2026-09-30-1,rDE,RDEUSDT,2026-09-30,5000,,,,,False,UNRESOLVED,,687.23,,OBSERVED ticker lastPrice at run time,0.001,OBSERVED live symbol takerFeeRate,0.6218454620148052,0.07134513985685184,"ESTIMATED floor_None overnight_2000 slope, n=568",,,,,,,,NO_SIGNAL,SUPPRESSED: eligibility snapshot time unpublished,cash basis UNRESOLVED; gross basis required,,,,,
rDE-2026-09-30-1,rDE,RDEUSDT,2026-09-30,25000,,,,,False,UNRESOLVED,,687.23,,OBSERVED ticker lastPrice at run time,0.001,OBSERVED live symbol takerFeeRate,0.6218454620148052,0.07134513985685184,"ESTIMATED floor_None overnight_2000 slope, n=568",,,,,,,,NO_SIGNAL,SUPPRESSED: eligibility snapshot time unpublished,cash basis UNRESOLVED; gross basis required,,,,,
rDHR-2026-09-30-1,rDHR,RDHRUSDT,2026-09-30,1000,,,,,False,UNRESOLVED,,211.81,,OBSERVED ticker lastPrice at run time,0.001,OBSERVED live symbol takerFeeRate,0.6218454620148052,0.07134513985685184,"ESTIMATED floor_None overnight_2000 slope, n=568",,,,,,,,NO_SIGNAL,SUPPRESSED: eligibility snapshot time unpublished,cash basis UNRESOLVED; gross basis required,,,,,
rDHR-2026-09-30-1,rDHR,RDHRUSDT,2026-09-30,5000,,,,,False,UNRESOLVED,,211.81,,OBSERVED ticker lastPrice at run time,0.001,OBSERVED live symbol takerFeeRate,0.6218454620148052,0.07134513985685184,"ESTIMATED floor_None overnight_2000 slope, n=568",,,,,,,,NO_SIGNAL,SUPPRESSED: eligibility snapshot time unpublished,cash basis UNRESOLVED; gross basis required,,,,,
rDHR-2026-09-30-1,rDHR,RDHRUSDT,2026-09-30,25000,,,,,False,UNRESOLVED,,211.81,,OBSERVED ticker lastPrice at run time,0.001,OBSERVED live symbol takerFeeRate,0.6218454620148052,0.07134513985685184,"ESTIMATED floor_None overnight_2000 slope, n=568",,,,,,,,NO_SIGNAL,SUPPRESSED: eligibility snapshot time unpublished,cash basis UNRESOLVED; gross basis required,,,,,
rDG-2026-10-06-1,rDG,RDGUSDT,2026-10-06,1000,,,,,False,UNRESOLVED,,122.83,,OBSERVED ticker lastPrice at run time,0.001,OBSERVED live symbol takerFeeRate,0.6218454620148052,0.07134513985685184,"ESTIMATED floor_None overnight_2000 slope, n=568",,,,,,,,NO_SIGNAL,SUPPRESSED: eligibility snapshot time unpublished,cash basis UNRESOLVED; gross basis required,,,,,
rDG-2026-10-06-1,rDG,RDGUSDT,2026-10-06,5000,,,,,False,UNRESOLVED,,122.83,,OBSERVED ticker lastPrice at run time,0.001,OBSERVED live symbol takerFeeRate,0.6218454620148052,0.07134513985685184,"ESTIMATED floor_None overnight_2000 slope, n=568",,,,,,,,NO_SIGNAL,SUPPRESSED: eligibility snapshot time unpublished,cash basis UNRESOLVED; gross basis required,,,,,
rDG-2026-10-06-1,rDG,RDGUSDT,2026-10-06,25000,,,,,False,UNRESOLVED,,122.83,,OBSERVED ticker lastPrice at run time,0.001,OBSERVED live symbol takerFeeRate,0.6218454620148052,0.07134513985685184,"ESTIMATED floor_None overnight_2000 slope, n=568",,,,,,,,NO_SIGNAL,SUPPRESSED: eligibility snapshot time unpublished,cash basis UNRESOLVED; gross basis required,,,,,
rDGX-2026-10-06-1,rDGX,RDGXUSDT,2026-10-06,1000,,,,,False,UNRESOLVED,,246.45,,OBSERVED ticker lastPrice at run time,0.001,OBSERVED live symbol takerFeeRate,0.6218454620148052,0.07134513985685184,"ESTIMATED floor_None overnight_2000 slope, n=568",,,,,,,,NO_SIGNAL,SUPPRESSED: eligibility snapshot time unpublished,cash basis UNRESOLVED; gross basis required,,,,,
rDGX-2026-10-06-1,rDGX,RDGXUSDT,2026-10-06,5000,,,,,False,UNRESOLVED,,246.45,,OBSERVED ticker lastPrice at run time,0.001,OBSERVED live symbol takerFeeRate,0.6218454620148052,0.07134513985685184,"ESTIMATED floor_None overnight_2000 slope, n=568",,,,,,,,NO_SIGNAL,SUPPRESSED: eligibility snapshot time unpublished,cash basis UNRESOLVED; gross basis required,,,,,
rDGX-2026-10-06-1,rDGX,RDGXUSDT,2026-10-06,25000,,,,,False,UNRESOLVED,,246.45,,OBSERVED ticker lastPrice at run time,0.001,OBSERVED live symbol takerFeeRate,0.6218454620148052,0.07134513985685184,"ESTIMATED floor_None overnight_2000 slope, n=568",,,,,,,,NO_SIGNAL,SUPPRESSED: eligibility snapshot time unpublished,cash basis UNRESOLVED; gross basis required,,,,,
rDEO-2026-10-16-1,rDEO,RDEOUSDT,2026-10-16,1000,,,,,False,UNRESOLVED,,85.55,,OBSERVED ticker lastPrice at run time,0.001,OBSERVED live symbol takerFeeRate,0.6218454620148052,0.07134513985685184,"ESTIMATED floor_None overnight_2000 slope, n=568",,,,,,,,NO_SIGNAL,SUPPRESSED: eligibility snapshot time unpublished,cash basis UNRESOLVED; gross basis required,,,,,
rDEO-2026-10-16-1,rDEO,RDEOUSDT,2026-10-16,5000,,,,,False,UNRESOLVED,,85.55,,OBSERVED ticker lastPrice at run time,0.001,OBSERVED live symbol takerFeeRate,0.6218454620148052,0.07134513985685184,"ESTIMATED floor_None overnight_2000 slope, n=568",,,,,,,,NO_SIGNAL,SUPPRESSED: eligibility snapshot time unpublished,cash basis UNRESOLVED; gross basis required,,,,,
rDEO-2026-10-16-1,rDEO,RDEOUSDT,2026-10-16,25000,,,,,False,UNRESOLVED,,85.55,,OBSERVED ticker lastPrice at run time,0.001,OBSERVED live symbol takerFeeRate,0.6218454620148052,0.07134513985685184,"ESTIMATED floor_None overnight_2000 slope, n=568",,,,,,,,NO_SIGNAL,SUPPRESSED: eligibility snapshot time unpublished,cash basis UNRESOLVED; gross basis required,,,,,
rDELL-2026-10-20-1,rDELL,RDELLUSDT,2026-10-20,1000,,,,,False,UNRESOLVED,,571.38,,OBSERVED ticker lastPrice at run time,0.001,OBSERVED live symbol takerFeeRate,0.6218454620148052,0.07134513985685184,"ESTIMATED floor_None overnight_2000 slope, n=568",,,,,,,,NO_SIGNAL,SUPPRESSED: eligibility snapshot time unpublished,cash basis UNRESOLVED; gross basis required,,,,,
rDELL-2026-10-20-1,rDELL,RDELLUSDT,2026-10-20,5000,,,,,False,UNRESOLVED,,571.38,,OBSERVED ticker lastPrice at run time,0.001,OBSERVED live symbol takerFeeRate,0.6218454620148052,0.07134513985685184,"ESTIMATED floor_None overnight_2000 slope, n=568",,,,,,,,NO_SIGNAL,SUPPRESSED: eligibility snapshot time unpublished,cash basis UNRESOLVED; gross basis required,,,,,
rDELL-2026-10-20-1,rDELL,RDELLUSDT,2026-10-20,25000,,,,,False,UNRESOLVED,,571.38,,OBSERVED ticker lastPrice at run time,0.001,OBSERVED live symbol takerFeeRate,0.6218454620148052,0.07134513985685184,"ESTIMATED floor_None overnight_2000 slope, n=568",,,,,,,,NO_SIGNAL,SUPPRESSED: eligibility snapshot time unpublished,cash basis UNRESOLVED; gross basis required,,,,,
rDTE-2026-09-21-1,rDTE,RDTEUSDT,2026-09-21,1000,,,,,False,UNRESOLVED,,129.0,,OBSERVED ticker lastPrice at run time,0.001,OBSERVED live symbol takerFeeRate,0.6218454620148052,0.07134513985685184,"ESTIMATED floor_None overnight_2000 slope, n=568",,,,,,,,NO_SIGNAL,SUPPRESSED: eligibility snapshot time unpublished,cash basis UNRESOLVED; gross basis required,,,,,
rDTE-2026-09-21-1,rDTE,RDTEUSDT,2026-09-21,5000,,,,,False,UNRESOLVED,,129.0,,OBSERVED ticker lastPrice at run time,0.001,OBSERVED live symbol takerFeeRate,0.6218454620148052,0.07134513985685184,"ESTIMATED floor_None overnight_2000 slope, n=568",,,,,,,,NO_SIGNAL,SUPPRESSED: eligibility snapshot time unpublished,cash basis UNRESOLVED; gross basis required,,,,,
rDTE-2026-09-21-1,rDTE,RDTEUSDT,2026-09-21,25000,,,,,False,UNRESOLVED,,129.0,,OBSERVED ticker lastPrice at run time,0.001,OBSERVED live symbol takerFeeRate,0.6218454620148052,0.07134513985685184,"ESTIMATED floor_None overnight_2000 slope, n=568",,,,,,,,NO_SIGNAL,SUPPRESSED: eligibility snapshot time unpublished,cash basis UNRESOLVED; gross basis required,,,,,
rDTM-2026-09-21-1,rDTM,RDTMUSDT,2026-09-21,1000,,,,,False,UNRESOLVED,,125.86,,OBSERVED ticker lastPrice at run time,0.001,OBSERVED live symbol takerFeeRate,0.6218454620148052,0.07134513985685184,"ESTIMATED floor_None overnight_2000 slope, n=568",,,,,,,,NO_SIGNAL,SUPPRESSED: eligibility snapshot time unpublished,cash basis UNRESOLVED; gross basis required,,,,,
rDTM-2026-09-21-1,rDTM,RDTMUSDT,2026-09-21,5000,,,,,False,UNRESOLVED,,125.86,,OBSERVED ticker lastPrice at run time,0.001,OBSERVED live symbol takerFeeRate,0.6218454620148052,0.07134513985685184,"ESTIMATED floor_None overnight_2000 slope, n=568",,,,,,,,NO_SIGNAL,SUPPRESSED: eligibility snapshot time unpublished,cash basis UNRESOLVED; gross basis required,,,,,
rDTM-2026-09-21-1,rDTM,RDTMUSDT,2026-09-21,25000,,,,,False,UNRESOLVED,,125.86,,OBSERVED ticker lastPrice at run time,0.001,OBSERVED live symbol takerFeeRate,0.6218454620148052,0.07134513985685184,"ESTIMATED floor_None overnight_2000 slope, n=568",,,,,,,,NO_SIGNAL,SUPPRESSED: eligibility snapshot time unpublished,cash basis UNRESOLVED; gross basis required,,,,,
rDOO-2026-09-29-1,rDOO,RDOOUSDT,2026-09-29,1000,,,,,False,UNRESOLVED,,58.01,,OBSERVED ticker lastPrice at run time,0.001,OBSERVED live symbol takerFeeRate,0.6218454620148052,0.07134513985685184,"ESTIMATED floor_None overnight_2000 slope, n=568",,,,,,,,NO_SIGNAL,SUPPRESSED: eligibility snapshot time unpublished,cash basis UNRESOLVED; gross basis required,,,,,
rDOO-2026-09-29-1,rDOO,RDOOUSDT,2026-09-29,5000,,,,,False,UNRESOLVED,,58.01,,OBSERVED ticker lastPrice at run time,0.001,OBSERVED live symbol takerFeeRate,0.6218454620148052,0.07134513985685184,"ESTIMATED floor_None overnight_2000 slope, n=568",,,,,,,,NO_SIGNAL,SUPPRESSED: eligibility snapshot time unpublished,cash basis UNRESOLVED; gross basis required,,,,,
rDOO-2026-09-29-1,rDOO,RDOOUSDT,2026-09-29,25000,,,,,False,UNRESOLVED,,58.01,,OBSERVED ticker lastPrice at run time,0.001,OBSERVED live symbol takerFeeRate,0.6218454620148052,0.07134513985685184,"ESTIMATED floor_None overnight_2000 slope, n=568",,,,,,,,NO_SIGNAL,SUPPRESSED: eligibility snapshot time unpublished,cash basis UNRESOLVED; gross basis required,,,,,
rDOX-2026-09-30-1,rDOX,RDOXUSDT,2026-09-30,1000,0.569,0.3983,0.39829999999999993,0.569,False,GROSS,2.0,59.3,58.94616993211357,OBSERVED ticker lastPrice at run time,0.001,OBSERVED live symbol takerFeeRate,0.6218454620148052,0.07134513985685184,"ESTIMATED floor_None overnight_2000 slope, n=568",,,,,,,,NO_SIGNAL,SUPPRESSED: eligibility snapshot time unpublished,sell: no depth sample for this symbol/session; buy: no depth sample for this symbol/session,,,,,
rDOX-2026-09-30-1,rDOX,RDOXUSDT,2026-09-30,5000,0.569,0.3983,0.39829999999999993,0.569,False,GROSS,2.0,59.3,58.94616993211357,OBSERVED ticker lastPrice at run time,0.001,OBSERVED live symbol takerFeeRate,0.6218454620148052,0.07134513985685184,"ESTIMATED floor_None overnight_2000 slope, n=568",,,,,,,,NO_SIGNAL,SUPPRESSED: eligibility snapshot time unpublished,sell: no depth sample for this symbol/session; buy: no depth sample for this symbol/session,,,,,
rDOX-2026-09-30-1,rDOX,RDOXUSDT,2026-09-30,25000,0.569,0.3983,0.39829999999999993,0.569,False,GROSS,2.0,59.3,58.94616993211357,OBSERVED ticker lastPrice at run time,0.001,OBSERVED live symbol takerFeeRate,0.6218454620148052,0.07134513985685184,"ESTIMATED floor_None overnight_2000 slope, n=568",,,,,,,,NO_SIGNAL,SUPPRESSED: eligibility snapshot time unpublished,sell: no depth sample for this symbol/session; buy: no depth sample for this symbol/session,,,,,
rEMBJ-2026-09-23-1,rEMBJ,REMBJUSDT,2026-09-23,1000,,,,,False,UNRESOLVED,,75.07,,OBSERVED ticker lastPrice at run time,0.001,OBSERVED live symbol takerFeeRate,0.6218454620148052,0.07134513985685184,"ESTIMATED floor_None overnight_2000 slope, n=568",,,,,,,,NO_SIGNAL,SUPPRESSED: eligibility snapshot time unpublished,cash basis UNRESOLVED; gross basis required,,,,,
rEMBJ-2026-09-23-1,rEMBJ,REMBJUSDT,2026-09-23,5000,,,,,False,UNRESOLVED,,75.07,,OBSERVED ticker lastPrice at run time,0.001,OBSERVED live symbol takerFeeRate,0.6218454620148052,0.07134513985685184,"ESTIMATED floor_None overnight_2000 slope, n=568",,,,,,,,NO_SIGNAL,SUPPRESSED: eligibility snapshot time unpublished,cash basis UNRESOLVED; gross basis required,,,,,
rEMBJ-2026-09-23-1,rEMBJ,REMBJUSDT,2026-09-23,25000,,,,,False,UNRESOLVED,,75.07,,OBSERVED ticker lastPrice at run time,0.001,OBSERVED live symbol takerFeeRate,0.6218454620148052,0.07134513985685184,"ESTIMATED floor_None overnight_2000 slope, n=568",,,,,,,,NO_SIGNAL,SUPPRESSED: eligibility snapshot time unpublished,cash basis UNRESOLVED; gross basis required,,,,,
rELS-2026-09-25-1,rELS,RELSUSDT,2026-09-25,1000,,,,,False,UNRESOLVED,,60.4,,OBSERVED ticker lastPrice at run time,0.001,OBSERVED live symbol takerFeeRate,0.6218454620148052,0.07134513985685184,"ESTIMATED floor_None overnight_2000 slope, n=568",,,,,,,,NO_SIGNAL,SUPPRESSED: eligibility snapshot time unpublished,cash basis UNRESOLVED; gross basis required,,,,,
rELS-2026-09-25-1,rELS,RELSUSDT,2026-09-25,5000,,,,,False,UNRESOLVED,,60.4,,OBSERVED ticker lastPrice at run time,0.001,OBSERVED live symbol takerFeeRate,0.6218454620148052,0.07134513985685184,"ESTIMATED floor_None overnight_2000 slope, n=568",,,,,,,,NO_SIGNAL,SUPPRESSED: eligibility snapshot time unpublished,cash basis UNRESOLVED; gross basis required,,,,,
rELS-2026-09-25-1,rELS,RELSUSDT,2026-09-25,25000,,,,,False,UNRESOLVED,,60.4,,OBSERVED ticker lastPrice at run time,0.001,OBSERVED live symbol takerFeeRate,0.6218454620148052,0.07134513985685184,"ESTIMATED floor_None overnight_2000 slope, n=568",,,,,,,,NO_SIGNAL,SUPPRESSED: eligibility snapshot time unpublished,cash basis UNRESOLVED; gross basis required,,,,,
rEGP-2026-09-30-1,rEGP,REGPUSDT,2026-09-30,1000,,,,,False,UNRESOLVED,,202.38,,OBSERVED ticker lastPrice at run time,0.001,OBSERVED live symbol takerFeeRate,0.6218454620148052,0.07134513985685184,"ESTIMATED floor_None overnight_2000 slope, n=568",,,,,,,,NO_SIGNAL,SUPPRESSED: eligibility snapshot time unpublished,cash basis UNRESOLVED; gross basis required,,,,,
rEGP-2026-09-30-1,rEGP,REGPUSDT,2026-09-30,5000,,,,,False,UNRESOLVED,,202.38,,OBSERVED ticker lastPrice at run time,0.001,OBSERVED live symbol takerFeeRate,0.6218454620148052,0.07134513985685184,"ESTIMATED floor_None overnight_2000 slope, n=568",,,,,,,,NO_SIGNAL,SUPPRESSED: eligibility snapshot time unpublished,cash basis UNRESOLVED; gross basis required,,,,,
rEGP-2026-09-30-1,rEGP,REGPUSDT,2026-09-30,25000,,,,,False,UNRESOLVED,,202.38,,OBSERVED ticker lastPrice at run time,0.001,OBSERVED live symbol takerFeeRate,0.6218454620148052,0.07134513985685184,"ESTIMATED floor_None overnight_2000 slope, n=568",,,,,,,,NO_SIGNAL,SUPPRESSED: eligibility snapshot time unpublished,cash basis UNRESOLVED; gross basis required,,,,,
rEHC-2026-10-01-1,rEHC,REHCUSDT,2026-10-01,1000,,,,,False,UNRESOLVED,,121.76,,OBSERVED ticker lastPrice at run time,0.001,OBSERVED live symbol takerFeeRate,0.6218454620148052,0.07134513985685184,"ESTIMATED floor_None overnight_2000 slope, n=568",,,,,,,,NO_SIGNAL,SUPPRESSED: eligibility snapshot time unpublished,cash basis UNRESOLVED; gross basis required,,,,,
rEHC-2026-10-01-1,rEHC,REHCUSDT,2026-10-01,5000,,,,,False,UNRESOLVED,,121.76,,OBSERVED ticker lastPrice at run time,0.001,OBSERVED live symbol takerFeeRate,0.6218454620148052,0.07134513985685184,"ESTIMATED floor_None overnight_2000 slope, n=568",,,,,,,,NO_SIGNAL,SUPPRESSED: eligibility snapshot time unpublished,cash basis UNRESOLVED; gross basis required,,,,,
rEHC-2026-10-01-1,rEHC,REHCUSDT,2026-10-01,25000,,,,,False,UNRESOLVED,,121.76,,OBSERVED ticker lastPrice at run time,0.001,OBSERVED live symbol takerFeeRate,0.6218454620148052,0.07134513985685184,"ESTIMATED floor_None overnight_2000 slope, n=568",,,,,,,,NO_SIGNAL,SUPPRESSED: eligibility snapshot time unpublished,cash basis UNRESOLVED; gross basis required,,,,,
rES-2026-09-21-1,rES,RESUSDT,2026-09-21,1000,,,,,False,UNRESOLVED,,68.3,,OBSERVED ticker lastPrice at run time,0.001,OBSERVED live symbol takerFeeRate,0.6218454620148052,0.07134513985685184,"ESTIMATED floor_None overnight_2000 slope, n=568",,,,,,,,NO_SIGNAL,SUPPRESSED: eligibility snapshot time unpublished,cash basis UNRESOLVED; gross basis required,,,,,
rES-2026-09-21-1,rES,RESUSDT,2026-09-21,5000,,,,,False,UNRESOLVED,,68.3,,OBSERVED ticker lastPrice at run time,0.001,OBSERVED live symbol takerFeeRate,0.6218454620148052,0.07134513985685184,"ESTIMATED floor_None overnight_2000 slope, n=568",,,,,,,,NO_SIGNAL,SUPPRESSED: eligibility snapshot time unpublished,cash basis UNRESOLVED; gross basis required,,,,,
rES-2026-09-21-1,rES,RESUSDT,2026-09-21,25000,,,,,False,UNRESOLVED,,68.3,,OBSERVED ticker lastPrice at run time,0.001,OBSERVED live symbol takerFeeRate,0.6218454620148052,0.07134513985685184,"ESTIMATED floor_None overnight_2000 slope, n=568",,,,,,,,NO_SIGNAL,SUPPRESSED: eligibility snapshot time unpublished,cash basis UNRESOLVED; gross basis required,,,,,
rERIC-2026-09-29-1,rERIC,RERICUSDT,2026-09-29,1000,0.15792,0.110544,0.11054399999999999,0.15792,False,GROSS,2.0,10.18,10.081798164638622,OBSERVED ticker lastPrice at run time,0.001,OBSERVED live symbol takerFeeRate,0.6218454620148052,0.07134513985685184,"ESTIMATED floor_None overnight_2000 slope, n=568",,,,,,,,NO_SIGNAL,SUPPRESSED: eligibility snapshot time unpublished,sell: no depth sample for this symbol/session; buy: no depth sample for this symbol/session,,,,,
rERIC-2026-09-29-1,rERIC,RERICUSDT,2026-09-29,5000,0.15792,0.110544,0.11054399999999999,0.15792,False,GROSS,2.0,10.18,10.081798164638622,OBSERVED ticker lastPrice at run time,0.001,OBSERVED live symbol takerFeeRate,0.6218454620148052,0.07134513985685184,"ESTIMATED floor_None overnight_2000 slope, n=568",,,,,,,,NO_SIGNAL,SUPPRESSED: eligibility snapshot time unpublished,sell: no depth sample for this symbol/session; buy: no depth sample for this symbol/session,,,,,
rERIC-2026-09-29-1,rERIC,RERICUSDT,2026-09-29,25000,0.15792,0.110544,0.11054399999999999,0.15792,False,GROSS,2.0,10.18,10.081798164638622,OBSERVED ticker lastPrice at run time,0.001,OBSERVED live symbol takerFeeRate,0.6218454620148052,0.07134513985685184,"ESTIMATED floor_None overnight_2000 slope, n=568",,,,,,,,NO_SIGNAL,SUPPRESSED: eligibility snapshot time unpublished,sell: no depth sample for this symbol/session; buy: no depth sample for this symbol/session,,,,,
rEPR-2026-09-30-1,rEPR,REPRUSDT,2026-09-30,1000,,,,,False,UNRESOLVED,,57.18,,OBSERVED ticker lastPrice at run time,0.001,OBSERVED live symbol takerFeeRate,0.6218454620148052,0.07134513985685184,"ESTIMATED floor_None overnight_2000 slope, n=568",,,,,,,,NO_SIGNAL,SUPPRESSED: eligibility snapshot time unpublished,cash basis UNRESOLVED; gross basis required,,,,,
rEPR-2026-09-30-1,rEPR,REPRUSDT,2026-09-30,5000,,,,,False,UNRESOLVED,,57.18,,OBSERVED ticker lastPrice at run time,0.001,OBSERVED live symbol takerFeeRate,0.6218454620148052,0.07134513985685184,"ESTIMATED floor_None overnight_2000 slope, n=568",,,,,,,,NO_SIGNAL,SUPPRESSED: eligibility snapshot time unpublished,cash basis UNRESOLVED; gross basis required,,,,,
rEPR-2026-09-30-1,rEPR,REPRUSDT,2026-09-30,25000,,,,,False,UNRESOLVED,,57.18,,OBSERVED ticker lastPrice at run time,0.001,OBSERVED live symbol takerFeeRate,0.6218454620148052,0.07134513985685184,"ESTIMATED floor_None overnight_2000 slope, n=568",,,,,,,,NO_SIGNAL,SUPPRESSED: eligibility snapshot time unpublished,cash basis UNRESOLVED; gross basis required,,,,,
rEPRT-2026-09-30-1,rEPRT,REPRTUSDT,2026-09-30,1000,,,,,False,UNRESOLVED,,26.76,,OBSERVED ticker lastPrice at run time,0.001,OBSERVED live symbol takerFeeRate,0.6218454620148052,0.07134513985685184,"ESTIMATED floor_None overnight_2000 slope, n=568",,,,,,,,NO_SIGNAL,SUPPRESSED: eligibility snapshot time unpublished,cash basis UNRESOLVED; gross basis required,,,,,
rEPRT-2026-09-30-1,rEPRT,REPRTUSDT,2026-09-30,5000,,,,,False,UNRESOLVED,,26.76,,OBSERVED ticker lastPrice at run time,0.001,OBSERVED live symbol takerFeeRate,0.6218454620148052,0.07134513985685184,"ESTIMATED floor_None overnight_2000 slope, n=568",,,,,,,,NO_SIGNAL,SUPPRESSED: eligibility snapshot time unpublished,cash basis UNRESOLVED; gross basis required,,,,,
rEPRT-2026-09-30-1,rEPRT,REPRTUSDT,2026-09-30,25000,,,,,False,UNRESOLVED,,26.76,,OBSERVED ticker lastPrice at run time,0.001,OBSERVED live symbol takerFeeRate,0.6218454620148052,0.07134513985685184,"ESTIMATED floor_None overnight_2000 slope, n=568",,,,,,,,NO_SIGNAL,SUPPRESSED: eligibility snapshot time unpublished,cash basis UNRESOLVED; gross basis required,,,,,
rESE-2026-10-01-1,rESE,RESEUSDT,2026-10-01,1000,,,,,False,UNRESOLVED,,265.85,,OBSERVED ticker lastPrice at run time,0.001,OBSERVED live symbol takerFeeRate,0.6218454620148052,0.07134513985685184,"ESTIMATED floor_None overnight_2000 slope, n=568",,,,,,,,NO_SIGNAL,SUPPRESSED: eligibility snapshot time unpublished,cash basis UNRESOLVED; gross basis required,,,,,
rESE-2026-10-01-1,rESE,RESEUSDT,2026-10-01,5000,,,,,False,UNRESOLVED,,265.85,,OBSERVED ticker lastPrice at run time,0.001,OBSERVED live symbol takerFeeRate,0.6218454620148052,0.07134513985685184,"ESTIMATED floor_None overnight_2000 slope, n=568",,,,,,,,NO_SIGNAL,SUPPRESSED: eligibility snapshot time unpublished,cash basis UNRESOLVED; gross basis required,,,,,
rESE-2026-10-01-1,rESE,RESEUSDT,2026-10-01,25000,,,,,False,UNRESOLVED,,265.85,,OBSERVED ticker lastPrice at run time,0.001,OBSERVED live symbol takerFeeRate,0.6218454620148052,0.07134513985685184,"ESTIMATED floor_None overnight_2000 slope, n=568",,,,,,,,NO_SIGNAL,SUPPRESSED: eligibility snapshot time unpublished,cash basis UNRESOLVED; gross basis required,,,,,
rESAB-2026-10-02-1,rESAB,RESABUSDT,2026-10-02,1000,,,,,False,UNRESOLVED,,64.75,,OBSERVED ticker lastPrice at run time,0.001,OBSERVED live symbol takerFeeRate,0.6218454620148052,0.07134513985685184,"ESTIMATED floor_None overnight_2000 slope, n=568",,,,,,,,NO_SIGNAL,SUPPRESSED: eligibility snapshot time unpublished,cash basis UNRESOLVED; gross basis required,,,,,
rESAB-2026-10-02-1,rESAB,RESABUSDT,2026-10-02,5000,,,,,False,UNRESOLVED,,64.75,,OBSERVED ticker lastPrice at run time,0.001,OBSERVED live symbol takerFeeRate,0.6218454620148052,0.07134513985685184,"ESTIMATED floor_None overnight_2000 slope, n=568",,,,,,,,NO_SIGNAL,SUPPRESSED: eligibility snapshot time unpublished,cash basis UNRESOLVED; gross basis required,,,,,
rESAB-2026-10-02-1,rESAB,RESABUSDT,2026-10-02,25000,,,,,False,UNRESOLVED,,64.75,,OBSERVED ticker lastPrice at run time,0.001,OBSERVED live symbol takerFeeRate,0.6218454620148052,0.07134513985685184,"ESTIMATED floor_None overnight_2000 slope, n=568",,,,,,,,NO_SIGNAL,SUPPRESSED: eligibility snapshot time unpublished,cash basis UNRESOLVED; gross basis required,,,,,
rERIE-2026-10-05-1,rERIE,RERIEUSDT,2026-10-05,1000,1.4625,1.02375,1.02375,1.4625,False,GROSS,2.0,240.1,239.19055101180334,OBSERVED ticker lastPrice at run time,0.001,OBSERVED live symbol takerFeeRate,0.6218454620148052,0.07134513985685184,"ESTIMATED floor_None overnight_2000 slope, n=568",,,,,,,,NO_SIGNAL,SUPPRESSED: eligibility snapshot time unpublished,sell: no depth sample for this symbol/session; buy: no depth sample for this symbol/session,,,,,
rERIE-2026-10-05-1,rERIE,RERIEUSDT,2026-10-05,5000,1.4625,1.02375,1.02375,1.4625,False,GROSS,2.0,240.1,239.19055101180334,OBSERVED ticker lastPrice at run time,0.001,OBSERVED live symbol takerFeeRate,0.6218454620148052,0.07134513985685184,"ESTIMATED floor_None overnight_2000 slope, n=568",,,,,,,,NO_SIGNAL,SUPPRESSED: eligibility snapshot time unpublished,sell: no depth sample for this symbol/session; buy: no depth sample for this symbol/session,,,,,
rERIE-2026-10-05-1,rERIE,RERIEUSDT,2026-10-05,25000,1.4625,1.02375,1.02375,1.4625,False,GROSS,2.0,240.1,239.19055101180334,OBSERVED ticker lastPrice at run time,0.001,OBSERVED live symbol takerFeeRate,0.6218454620148052,0.07134513985685184,"ESTIMATED floor_None overnight_2000 slope, n=568",,,,,,,,NO_SIGNAL,SUPPRESSED: eligibility snapshot time unpublished,sell: no depth sample for this symbol/session; buy: no depth sample for this symbol/session,,,,,
rEOG-2026-10-16-1,rEOG,REOGUSDT,2026-10-16,1000,,,,,False,UNRESOLVED,,143.7,,OBSERVED ticker lastPrice at run time,0.001,OBSERVED live symbol takerFeeRate,0.6218454620148052,0.07134513985685184,"ESTIMATED floor_None overnight_2000 slope, n=568",,,,,,,,NO_SIGNAL,SUPPRESSED: eligibility snapshot time unpublished,cash basis UNRESOLVED; gross basis required,,,,,
rEOG-2026-10-16-1,rEOG,REOGUSDT,2026-10-16,5000,,,,,False,UNRESOLVED,,143.7,,OBSERVED ticker lastPrice at run time,0.001,OBSERVED live symbol takerFeeRate,0.6218454620148052,0.07134513985685184,"ESTIMATED floor_None overnight_2000 slope, n=568",,,,,,,,NO_SIGNAL,SUPPRESSED: eligibility snapshot time unpublished,cash basis UNRESOLVED; gross basis required,,,,,
rEOG-2026-10-16-1,rEOG,REOGUSDT,2026-10-16,25000,,,,,False,UNRESOLVED,,143.7,,OBSERVED ticker lastPrice at run time,0.001,OBSERVED live symbol takerFeeRate,0.6218454620148052,0.07134513985685184,"ESTIMATED floor_None overnight_2000 slope, n=568",,,,,,,,NO_SIGNAL,SUPPRESSED: eligibility snapshot time unpublished,cash basis UNRESOLVED; gross basis required,,,,,
rESS-2026-09-30-1,rESS,RESSUSDT,2026-09-30,1000,,,,,False,UNRESOLVED,,270.05,,OBSERVED ticker lastPrice at run time,0.001,OBSERVED live symbol takerFeeRate,0.6218454620148052,0.07134513985685184,"ESTIMATED floor_None overnight_2000 slope, n=568",,,,,,,,NO_SIGNAL,SUPPRESSED: eligibility snapshot time unpublished,cash basis UNRESOLVED; gross basis required,,,,,
rESS-2026-09-30-1,rESS,RESSUSDT,2026-09-30,5000,,,,,False,UNRESOLVED,,270.05,,OBSERVED ticker lastPrice at run time,0.001,OBSERVED live symbol takerFeeRate,0.6218454620148052,0.07134513985685184,"ESTIMATED floor_None overnight_2000 slope, n=568",,,,,,,,NO_SIGNAL,SUPPRESSED: eligibility snapshot time unpublished,cash basis UNRESOLVED; gross basis required,,,,,
rESS-2026-09-30-1,rESS,RESSUSDT,2026-09-30,25000,,,,,False,UNRESOLVED,,270.05,,OBSERVED ticker lastPrice at run time,0.001,OBSERVED live symbol takerFeeRate,0.6218454620148052,0.07134513985685184,"ESTIMATED floor_None overnight_2000 slope, n=568",,,,,,,,NO_SIGNAL,SUPPRESSED: eligibility snapshot time unpublished,cash basis UNRESOLVED; gross basis required,,,,,
rESLT-2026-10-13-1,rESLT,RESLTUSDT,2026-10-13,1000,1.0,0.7,0.7,1.0,False,GROSS,2.0,749.52,748.8981545379852,OBSERVED ticker lastPrice at run time,0.001,OBSERVED live symbol takerFeeRate,0.6218454620148052,0.07134513985685184,"ESTIMATED floor_None overnight_2000 slope, n=568",,,,,,,,NO_SIGNAL,SUPPRESSED: eligibility snapshot time unpublished,sell: no depth sample for this symbol/session; buy: no depth sample for this symbol/session,,,,,
rESLT-2026-10-13-1,rESLT,RESLTUSDT,2026-10-13,5000,1.0,0.7,0.7,1.0,False,GROSS,2.0,749.52,748.8981545379852,OBSERVED ticker lastPrice at run time,0.001,OBSERVED live symbol takerFeeRate,0.6218454620148052,0.07134513985685184,"ESTIMATED floor_None overnight_2000 slope, n=568",,,,,,,,NO_SIGNAL,SUPPRESSED: eligibility snapshot time unpublished,sell: no depth sample for this symbol/session; buy: no depth sample for this symbol/session,,,,,
rESLT-2026-10-13-1,rESLT,RESLTUSDT,2026-10-13,25000,1.0,0.7,0.7,1.0,False,GROSS,2.0,749.52,748.8981545379852,OBSERVED ticker lastPrice at run time,0.001,OBSERVED live symbol takerFeeRate,0.6218454620148052,0.07134513985685184,"ESTIMATED floor_None overnight_2000 slope, n=568",,,,,,,,NO_SIGNAL,SUPPRESSED: eligibility snapshot time unpublished,sell: no depth sample for this symbol/session; buy: no depth sample for this symbol/session,,,,,
rFLS-2026-09-25-1,rFLS,RFLSUSDT,2026-09-25,1000,,,,,False,UNRESOLVED,,73.77,,OBSERVED ticker lastPrice at run time,0.001,OBSERVED live symbol takerFeeRate,0.6218454620148052,0.07134513985685184,"ESTIMATED floor_None overnight_2000 slope, n=568",,,,,,,,NO_SIGNAL,SUPPRESSED: eligibility snapshot time unpublished,cash basis UNRESOLVED; gross basis required,,,,,
rFLS-2026-09-25-1,rFLS,RFLSUSDT,2026-09-25,5000,,,,,False,UNRESOLVED,,73.77,,OBSERVED ticker lastPrice at run time,0.001,OBSERVED live symbol takerFeeRate,0.6218454620148052,0.07134513985685184,"ESTIMATED floor_None overnight_2000 slope, n=568",,,,,,,,NO_SIGNAL,SUPPRESSED: eligibility snapshot time unpublished,cash basis UNRESOLVED; gross basis required,,,,,
rFLS-2026-09-25-1,rFLS,RFLSUSDT,2026-09-25,25000,,,,,False,UNRESOLVED,,73.77,,OBSERVED ticker lastPrice at run time,0.001,OBSERVED live symbol takerFeeRate,0.6218454620148052,0.07134513985685184,"ESTIMATED floor_None overnight_2000 slope, n=568",,,,,,,,NO_SIGNAL,SUPPRESSED: eligibility snapshot time unpublished,cash basis UNRESOLVED; gross basis required,,,,,
rFR-2026-09-30-1,rFR,RFRUSDT,2026-09-30,1000,,,,,False,UNRESOLVED,,61.8,,OBSERVED ticker lastPrice at run time,0.001,OBSERVED live symbol takerFeeRate,0.6218454620148052,0.07134513985685184,"ESTIMATED floor_None overnight_2000 slope, n=568",,,,,,,,NO_SIGNAL,SUPPRESSED: eligibility snapshot time unpublished,cash basis UNRESOLVED; gross basis required,,,,,
rFR-2026-09-30-1,rFR,RFRUSDT,2026-09-30,5000,,,,,False,UNRESOLVED,,61.8,,OBSERVED ticker lastPrice at run time,0.001,OBSERVED live symbol takerFeeRate,0.6218454620148052,0.07134513985685184,"ESTIMATED floor_None overnight_2000 slope, n=568",,,,,,,,NO_SIGNAL,SUPPRESSED: eligibility snapshot time unpublished,cash basis UNRESOLVED; gross basis required,,,,,
rFR-2026-09-30-1,rFR,RFRUSDT,2026-09-30,25000,,,,,False,UNRESOLVED,,61.8,,OBSERVED ticker lastPrice at run time,0.001,OBSERVED live symbol takerFeeRate,0.6218454620148052,0.07134513985685184,"ESTIMATED floor_None overnight_2000 slope, n=568",,,,,,,,NO_SIGNAL,SUPPRESSED: eligibility snapshot time unpublished,cash basis UNRESOLVED; gross basis required,,,,,
rFRT-2026-10-01-1,rFRT,RFRTUSDT,2026-10-01,1000,,,,,False,UNRESOLVED,,110.91,,OBSERVED ticker lastPrice at run time,0.001,OBSERVED live symbol takerFeeRate,0.6218454620148052,0.07134513985685184,"ESTIMATED floor_None overnight_2000 slope, n=568",,,,,,,,NO_SIGNAL,SUPPRESSED: eligibility snapshot time unpublished,cash basis UNRESOLVED; gross basis required,,,,,
rFRT-2026-10-01-1,rFRT,RFRTUSDT,2026-10-01,5000,,,,,False,UNRESOLVED,,110.91,,OBSERVED ticker lastPrice at run time,0.001,OBSERVED live symbol takerFeeRate,0.6218454620148052,0.07134513985685184,"ESTIMATED floor_None overnight_2000 slope, n=568",,,,,,,,NO_SIGNAL,SUPPRESSED: eligibility snapshot time unpublished,cash basis UNRESOLVED; gross basis required,,,,,
rFRT-2026-10-01-1,rFRT,RFRTUSDT,2026-10-01,25000,,,,,False,UNRESOLVED,,110.91,,OBSERVED ticker lastPrice at run time,0.001,OBSERVED live symbol takerFeeRate,0.6218454620148052,0.07134513985685184,"ESTIMATED floor_None overnight_2000 slope, n=568",,,,,,,,NO_SIGNAL,SUPPRESSED: eligibility snapshot time unpublished,cash basis UNRESOLVED; gross basis required,,,,,
rFULT-2026-10-01-1,rFULT,RFULTUSDT,2026-10-01,1000,0.19,0.133,0.13299999999999998,0.19,False,GROSS,2.0,23.4,23.281849362217187,OBSERVED ticker lastPrice at run time,0.001,OBSERVED live symbol takerFeeRate,0.6218454620148052,0.07134513985685184,"ESTIMATED floor_None overnight_2000 slope, n=568",,,,,,,,NO_SIGNAL,SUPPRESSED: eligibility snapshot time unpublished,sell: no depth sample for this symbol/session; buy: no depth sample for this symbol/session,,,,,
rFULT-2026-10-01-1,rFULT,RFULTUSDT,2026-10-01,5000,0.19,0.133,0.13299999999999998,0.19,False,GROSS,2.0,23.4,23.281849362217187,OBSERVED ticker lastPrice at run time,0.001,OBSERVED live symbol takerFeeRate,0.6218454620148052,0.07134513985685184,"ESTIMATED floor_None overnight_2000 slope, n=568",,,,,,,,NO_SIGNAL,SUPPRESSED: eligibility snapshot time unpublished,sell: no depth sample for this symbol/session; buy: no depth sample for this symbol/session,,,,,
rFULT-2026-10-01-1,rFULT,RFULTUSDT,2026-10-01,25000,0.19,0.133,0.13299999999999998,0.19,False,GROSS,2.0,23.4,23.281849362217187,OBSERVED ticker lastPrice at run time,0.001,OBSERVED live symbol takerFeeRate,0.6218454620148052,0.07134513985685184,"ESTIMATED floor_None overnight_2000 slope, n=568",,,,,,,,NO_SIGNAL,SUPPRESSED: eligibility snapshot time unpublished,sell: no depth sample for this symbol/session; buy: no depth sample for this symbol/session,,,,,
rGFS-2026-09-23-1,rGFS,RGFSUSDT,2026-09-23,1000,0.12,0.084,0.08399999999999999,0.12,False,GROSS,2.0,47.96,47.88537854455822,OBSERVED ticker lastPrice at run time,0.001,OBSERVED live symbol takerFeeRate,0.6218454620148052,0.07134513985685184,"ESTIMATED floor_None overnight_2000 slope, n=568",,,,,,,,NO_SIGNAL,SUPPRESSED: eligibility snapshot time unpublished,"buy: $1,000 exceeds visible top-of-book ($49) on ticker-only symbol",2026-09-18T23:05:03.291954+00:00,ticker_only,2026-09-19T03:05:03.356996+00:00,ticker_only,
rGFS-2026-09-23-1,rGFS,RGFSUSDT,2026-09-23,5000,0.12,0.084,0.08399999999999999,0.12,False,GROSS,2.0,47.96,47.88537854455822,OBSERVED ticker lastPrice at run time,0.001,OBSERVED live symbol takerFeeRate,0.6218454620148052,0.07134513985685184,"ESTIMATED floor_None overnight_2000 slope, n=568",,,,,,,,NO_SIGNAL,SUPPRESSED: eligibility snapshot time unpublished,"sell: $5,000 exceeds visible top-of-book ($1,195) on ticker-only symbol; buy: $5,000 exceeds visible top-of-book ($49) on ticker-only symbol",2026-09-18T23:05:03.291954+00:00,ticker_only,2026-09-19T03:05:03.356996+00:00,ticker_only,
rGFS-2026-09-23-1,rGFS,RGFSUSDT,2026-09-23,25000,0.12,0.084,0.08399999999999999,0.12,False,GROSS,2.0,47.96,47.88537854455822,OBSERVED ticker lastPrice at run time,0.001,OBSERVED live symbol takerFeeRate,0.6218454620148052,0.07134513985685184,"ESTIMATED floor_None overnight_2000 slope, n=568",,,,,,,,NO_SIGNAL,SUPPRESSED: eligibility snapshot time unpublished,"sell: $25,000 exceeds visible top-of-book ($1,195) on ticker-only symbol; buy: $25,000 exceeds visible top-of-book ($49) on ticker-only symbol",2026-09-18T23:05:03.291954+00:00,ticker_only,2026-09-19T03:05:03.356996+00:00,ticker_only,
rGAP-2026-10-07-1,rGAP,RGAPUSDT,2026-10-07,1000,,,,,False,UNRESOLVED,,20.7,,OBSERVED ticker lastPrice at run time,0.001,OBSERVED live symbol takerFeeRate,0.6218454620148052,0.07134513985685184,"ESTIMATED floor_None overnight_2000 slope, n=568",,,,,,,,NO_SIGNAL,SUPPRESSED: eligibility snapshot time unpublished,cash basis UNRESOLVED; gross basis required,,,,,
rGAP-2026-10-07-1,rGAP,RGAPUSDT,2026-10-07,5000,,,,,False,UNRESOLVED,,20.7,,OBSERVED ticker lastPrice at run time,0.001,OBSERVED live symbol takerFeeRate,0.6218454620148052,0.07134513985685184,"ESTIMATED floor_None overnight_2000 slope, n=568",,,,,,,,NO_SIGNAL,SUPPRESSED: eligibility snapshot time unpublished,cash basis UNRESOLVED; gross basis required,,,,,
rGAP-2026-10-07-1,rGAP,RGAPUSDT,2026-10-07,25000,,,,,False,UNRESOLVED,,20.7,,OBSERVED ticker lastPrice at run time,0.001,OBSERVED live symbol takerFeeRate,0.6218454620148052,0.07134513985685184,"ESTIMATED floor_None overnight_2000 slope, n=568",,,,,,,,NO_SIGNAL,SUPPRESSED: eligibility snapshot time unpublished,cash basis UNRESOLVED; gross basis required,,,,,
rGD-2026-10-09-1,rGD,RGDUSDT,2026-10-09,1000,,,,,False,UNRESOLVED,,353.0,,OBSERVED ticker lastPrice at run time,0.001,OBSERVED live symbol takerFeeRate,0.6218454620148052,0.07134513985685184,"ESTIMATED floor_None overnight_2000 slope, n=568",,,,,,,,NO_SIGNAL,SUPPRESSED: eligibility snapshot time unpublished,cash basis UNRESOLVED; gross basis required,,,,,
rGD-2026-10-09-1,rGD,RGDUSDT,2026-10-09,5000,,,,,False,UNRESOLVED,,353.0,,OBSERVED ticker lastPrice at run time,0.001,OBSERVED live symbol takerFeeRate,0.6218454620148052,0.07134513985685184,"ESTIMATED floor_None overnight_2000 slope, n=568",,,,,,,,NO_SIGNAL,SUPPRESSED: eligibility snapshot time unpublished,cash basis UNRESOLVED; gross basis required,,,,,
rGD-2026-10-09-1,rGD,RGDUSDT,2026-10-09,25000,,,,,False,UNRESOLVED,,353.0,,OBSERVED ticker lastPrice at run time,0.001,OBSERVED live symbol takerFeeRate,0.6218454620148052,0.07134513985685184,"ESTIMATED floor_None overnight_2000 slope, n=568",,,,,,,,NO_SIGNAL,SUPPRESSED: eligibility snapshot time unpublished,cash basis UNRESOLVED; gross basis required,,,,,
rGHC-2026-10-15-1,rGHC,RGHCUSDT,2026-10-15,1000,,,,,False,UNRESOLVED,,1138.09,,OBSERVED ticker lastPrice at run time,0.001,OBSERVED live symbol takerFeeRate,0.6218454620148052,0.07134513985685184,"ESTIMATED floor_None overnight_2000 slope, n=568",,,,,,,,NO_SIGNAL,SUPPRESSED: eligibility snapshot time unpublished,cash basis UNRESOLVED; gross basis required,,,,,
rGHC-2026-10-15-1,rGHC,RGHCUSDT,2026-10-15,5000,,,,,False,UNRESOLVED,,1138.09,,OBSERVED ticker lastPrice at run time,0.001,OBSERVED live symbol takerFeeRate,0.6218454620148052,0.07134513985685184,"ESTIMATED floor_None overnight_2000 slope, n=568",,,,,,,,NO_SIGNAL,SUPPRESSED: eligibility snapshot time unpublished,cash basis UNRESOLVED; gross basis required,,,,,
rGHC-2026-10-15-1,rGHC,RGHCUSDT,2026-10-15,25000,,,,,False,UNRESOLVED,,1138.09,,OBSERVED ticker lastPrice at run time,0.001,OBSERVED live symbol takerFeeRate,0.6218454620148052,0.07134513985685184,"ESTIMATED floor_None overnight_2000 slope, n=568",,,,,,,,NO_SIGNAL,SUPPRESSED: eligibility snapshot time unpublished,cash basis UNRESOLVED; gross basis required,,,,,
rGGG-2026-10-19-1,rGGG,RGGGUSDT,2026-10-19,1000,,,,,False,UNRESOLVED,,76.27,,OBSERVED ticker lastPrice at run time,0.001,OBSERVED live symbol takerFeeRate,0.6218454620148052,0.07134513985685184,"ESTIMATED floor_None overnight_2000 slope, n=568",,,,,,,,NO_SIGNAL,SUPPRESSED: eligibility snapshot time unpublished,cash basis UNRESOLVED; gross basis required,,,,,
rGGG-2026-10-19-1,rGGG,RGGGUSDT,2026-10-19,5000,,,,,False,UNRESOLVED,,76.27,,OBSERVED ticker lastPrice at run time,0.001,OBSERVED live symbol takerFeeRate,0.6218454620148052,0.07134513985685184,"ESTIMATED floor_None overnight_2000 slope, n=568",,,,,,,,NO_SIGNAL,SUPPRESSED: eligibility snapshot time unpublished,cash basis UNRESOLVED; gross basis required,,,,,
rGGG-2026-10-19-1,rGGG,RGGGUSDT,2026-10-19,25000,,,,,False,UNRESOLVED,,76.27,,OBSERVED ticker lastPrice at run time,0.001,OBSERVED live symbol takerFeeRate,0.6218454620148052,0.07134513985685184,"ESTIMATED floor_None overnight_2000 slope, n=568",,,,,,,,NO_SIGNAL,SUPPRESSED: eligibility snapshot time unpublished,cash basis UNRESOLVED; gross basis required,,,,,
rGL-2026-10-05-1,rGL,RGLUSDT,2026-10-05,1000,,,,,False,UNRESOLVED,,173.42,,OBSERVED ticker lastPrice at run time,0.001,OBSERVED live symbol takerFeeRate,0.6218454620148052,0.07134513985685184,"ESTIMATED floor_None overnight_2000 slope, n=568",,,,,,,,NO_SIGNAL,SUPPRESSED: eligibility snapshot time unpublished,cash basis UNRESOLVED; gross basis required,,,,,
rGL-2026-10-05-1,rGL,RGLUSDT,2026-10-05,5000,,,,,False,UNRESOLVED,,173.42,,OBSERVED ticker lastPrice at run time,0.001,OBSERVED live symbol takerFeeRate,0.6218454620148052,0.07134513985685184,"ESTIMATED floor_None overnight_2000 slope, n=568",,,,,,,,NO_SIGNAL,SUPPRESSED: eligibility snapshot time unpublished,cash basis UNRESOLVED; gross basis required,,,,,
rGL-2026-10-05-1,rGL,RGLUSDT,2026-10-05,25000,,,,,False,UNRESOLVED,,173.42,,OBSERVED ticker lastPrice at run time,0.001,OBSERVED live symbol takerFeeRate,0.6218454620148052,0.07134513985685184,"ESTIMATED floor_None overnight_2000 slope, n=568",,,,,,,,NO_SIGNAL,SUPPRESSED: eligibility snapshot time unpublished,cash basis UNRESOLVED; gross basis required,,,,,
rGNTX-2026-10-07-1,rGNTX,RGNTXUSDT,2026-10-07,1000,0.12,0.084,0.08399999999999999,0.12,False,GROSS,2.0,22.25,22.175378544558225,OBSERVED ticker lastPrice at run time,0.001,OBSERVED live symbol takerFeeRate,0.6218454620148052,0.07134513985685184,"ESTIMATED floor_None overnight_2000 slope, n=568",,,,,,,,NO_SIGNAL,SUPPRESSED: eligibility snapshot time unpublished,sell: no depth sample for this symbol/session; buy: no depth sample for this symbol/session,,,,,
rGNTX-2026-10-07-1,rGNTX,RGNTXUSDT,2026-10-07,5000,0.12,0.084,0.08399999999999999,0.12,False,GROSS,2.0,22.25,22.175378544558225,OBSERVED ticker lastPrice at run time,0.001,OBSERVED live symbol takerFeeRate,0.6218454620148052,0.07134513985685184,"ESTIMATED floor_None overnight_2000 slope, n=568",,,,,,,,NO_SIGNAL,SUPPRESSED: eligibility snapshot time unpublished,sell: no depth sample for this symbol/session; buy: no depth sample for this symbol/session,,,,,
rGNTX-2026-10-07-1,rGNTX,RGNTXUSDT,2026-10-07,25000,0.12,0.084,0.08399999999999999,0.12,False,GROSS,2.0,22.25,22.175378544558225,OBSERVED ticker lastPrice at run time,0.001,OBSERVED live symbol takerFeeRate,0.6218454620148052,0.07134513985685184,"ESTIMATED floor_None overnight_2000 slope, n=568",,,,,,,,NO_SIGNAL,SUPPRESSED: eligibility snapshot time unpublished,sell: no depth sample for this symbol/session; buy: no depth sample for this symbol/session,,,,,
rGRMN-2026-12-11-1,rGRMN,RGRMNUSDT,2026-12-11,1000,,,,,False,UNRESOLVED,,274.06,,OBSERVED ticker lastPrice at run time,0.001,OBSERVED live symbol takerFeeRate,0.6218454620148052,0.07134513985685184,"ESTIMATED floor_None overnight_2000 slope, n=568",,,,,,,,NO_SIGNAL,SUPPRESSED: eligibility snapshot time unpublished,cash basis UNRESOLVED; gross basis required,,,,,
rGRMN-2026-12-11-1,rGRMN,RGRMNUSDT,2026-12-11,5000,,,,,False,UNRESOLVED,,274.06,,OBSERVED ticker lastPrice at run time,0.001,OBSERVED live symbol takerFeeRate,0.6218454620148052,0.07134513985685184,"ESTIMATED floor_None overnight_2000 slope, n=568",,,,,,,,NO_SIGNAL,SUPPRESSED: eligibility snapshot time unpublished,cash basis UNRESOLVED; gross basis required,,,,,
rGRMN-2026-12-11-1,rGRMN,RGRMNUSDT,2026-12-11,25000,,,,,False,UNRESOLVED,,274.06,,OBSERVED ticker lastPrice at run time,0.001,OBSERVED live symbol takerFeeRate,0.6218454620148052,0.07134513985685184,"ESTIMATED floor_None overnight_2000 slope, n=568",,,,,,,,NO_SIGNAL,SUPPRESSED: eligibility snapshot time unpublished,cash basis UNRESOLVED; gross basis required,,,,,
rGRMN-2027-03-12-1,rGRMN,RGRMNUSDT,2027-03-12,1000,,,,,False,UNRESOLVED,,274.06,,OBSERVED ticker lastPrice at run time,0.001,OBSERVED live symbol takerFeeRate,0.6218454620148052,0.07134513985685184,"ESTIMATED floor_None overnight_2000 slope, n=568",,,,,,,,NO_SIGNAL,SUPPRESSED: eligibility snapshot time unpublished,cash basis UNRESOLVED; gross basis required,,,,,
rGRMN-2027-03-12-1,rGRMN,RGRMNUSDT,2027-03-12,5000,,,,,False,UNRESOLVED,,274.06,,OBSERVED ticker lastPrice at run time,0.001,OBSERVED live symbol takerFeeRate,0.6218454620148052,0.07134513985685184,"ESTIMATED floor_None overnight_2000 slope, n=568",,,,,,,,NO_SIGNAL,SUPPRESSED: eligibility snapshot time unpublished,cash basis UNRESOLVED; gross basis required,,,,,
rGRMN-2027-03-12-1,rGRMN,RGRMNUSDT,2027-03-12,25000,,,,,False,UNRESOLVED,,274.06,,OBSERVED ticker lastPrice at run time,0.001,OBSERVED live symbol takerFeeRate,0.6218454620148052,0.07134513985685184,"ESTIMATED floor_None overnight_2000 slope, n=568",,,,,,,,NO_SIGNAL,SUPPRESSED: eligibility snapshot time unpublished,cash basis UNRESOLVED; gross basis required,,,,,
rGVA-2026-09-30-1,rGVA,RGVAUSDT,2026-09-30,1000,,,,,False,UNRESOLVED,,115.98,,OBSERVED ticker lastPrice at run time,0.001,OBSERVED live symbol takerFeeRate,0.6218454620148052,0.07134513985685184,"ESTIMATED floor_None overnight_2000 slope, n=568",,,,,,,,NO_SIGNAL,SUPPRESSED: eligibility snapshot time unpublished,cash basis UNRESOLVED; gross basis required,,,,,
rGVA-2026-09-30-1,rGVA,RGVAUSDT,2026-09-30,5000,,,,,False,UNRESOLVED,,115.98,,OBSERVED ticker lastPrice at run time,0.001,OBSERVED live symbol takerFeeRate,0.6218454620148052,0.07134513985685184,"ESTIMATED floor_None overnight_2000 slope, n=568",,,,,,,,NO_SIGNAL,SUPPRESSED: eligibility snapshot time unpublished,cash basis UNRESOLVED; gross basis required,,,,,
rGVA-2026-09-30-1,rGVA,RGVAUSDT,2026-09-30,25000,,,,,False,UNRESOLVED,,115.98,,OBSERVED ticker lastPrice at run time,0.001,OBSERVED live symbol takerFeeRate,0.6218454620148052,0.07134513985685184,"ESTIMATED floor_None overnight_2000 slope, n=568",,,,,,,,NO_SIGNAL,SUPPRESSED: eligibility snapshot time unpublished,cash basis UNRESOLVED; gross basis required,,,,,
rHASI-2026-10-02-1,rHASI,RHASIUSDT,2026-10-02,1000,,,,,False,UNRESOLVED,,36.9,,OBSERVED ticker lastPrice at run time,0.001,OBSERVED live symbol takerFeeRate,0.6218454620148052,0.07134513985685184,"ESTIMATED floor_None overnight_2000 slope, n=568",,,,,,,,NO_SIGNAL,SUPPRESSED: eligibility snapshot time unpublished,cash basis UNRESOLVED; gross basis required,,,,,
rHASI-2026-10-02-1,rHASI,RHASIUSDT,2026-10-02,5000,,,,,False,UNRESOLVED,,36.9,,OBSERVED ticker lastPrice at run time,0.001,OBSERVED live symbol takerFeeRate,0.6218454620148052,0.07134513985685184,"ESTIMATED floor_None overnight_2000 slope, n=568",,,,,,,,NO_SIGNAL,SUPPRESSED: eligibility snapshot time unpublished,cash basis UNRESOLVED; gross basis required,,,,,
rHASI-2026-10-02-1,rHASI,RHASIUSDT,2026-10-02,25000,,,,,False,UNRESOLVED,,36.9,,OBSERVED ticker lastPrice at run time,0.001,OBSERVED live symbol takerFeeRate,0.6218454620148052,0.07134513985685184,"ESTIMATED floor_None overnight_2000 slope, n=568",,,,,,,,NO_SIGNAL,SUPPRESSED: eligibility snapshot time unpublished,cash basis UNRESOLVED; gross basis required,,,,,
rHLNE-2026-09-21-1,rHLNE,RHLNEUSDT,2026-09-21,1000,0.6,0.42,0.42,0.6,False,GROSS,2.0,87.75,87.37689272279111,OBSERVED ticker lastPrice at run time,0.001,OBSERVED live symbol takerFeeRate,0.6218454620148052,0.07134513985685184,"ESTIMATED floor_None overnight_2000 slope, n=568",,,,,,,,NO_SIGNAL,SUPPRESSED: eligibility snapshot time unpublished,sell: no depth sample for this symbol/session; buy: no depth sample for this symbol/session,,,,,
rHLNE-2026-09-21-1,rHLNE,RHLNEUSDT,2026-09-21,5000,0.6,0.42,0.42,0.6,False,GROSS,2.0,87.75,87.37689272279111,OBSERVED ticker lastPrice at run time,0.001,OBSERVED live symbol takerFeeRate,0.6218454620148052,0.07134513985685184,"ESTIMATED floor_None overnight_2000 slope, n=568",,,,,,,,NO_SIGNAL,SUPPRESSED: eligibility snapshot time unpublished,sell: no depth sample for this symbol/session; buy: no depth sample for this symbol/session,,,,,
rHLNE-2026-09-21-1,rHLNE,RHLNEUSDT,2026-09-21,25000,0.6,0.42,0.42,0.6,False,GROSS,2.0,87.75,87.37689272279111,OBSERVED ticker lastPrice at run time,0.001,OBSERVED live symbol takerFeeRate,0.6218454620148052,0.07134513985685184,"ESTIMATED floor_None overnight_2000 slope, n=568",,,,,,,,NO_SIGNAL,SUPPRESSED: eligibility snapshot time unpublished,sell: no depth sample for this symbol/session; buy: no depth sample for this symbol/session,,,,,
rHST-2026-09-30-1,rHST,RHSTUSDT,2026-09-30,1000,0.2,0.14,0.13999999999999999,0.2,False,GROSS,2.0,21.8,21.67563090759704,OBSERVED ticker lastPrice at run time,0.001,OBSERVED live symbol takerFeeRate,0.6218454620148052,0.07134513985685184,"ESTIMATED floor_None overnight_2000 slope, n=568",,,,,,,,NO_SIGNAL,SUPPRESSED: eligibility snapshot time unpublished,sell: no depth sample for this symbol/session; buy: no depth sample for this symbol/session,,,,,
rHST-2026-09-30-1,rHST,RHSTUSDT,2026-09-30,5000,0.2,0.14,0.13999999999999999,0.2,False,GROSS,2.0,21.8,21.67563090759704,OBSERVED ticker lastPrice at run time,0.001,OBSERVED live symbol takerFeeRate,0.6218454620148052,0.07134513985685184,"ESTIMATED floor_None overnight_2000 slope, n=568",,,,,,,,NO_SIGNAL,SUPPRESSED: eligibility snapshot time unpublished,sell: no depth sample for this symbol/session; buy: no depth sample for this symbol/session,,,,,
rHST-2026-09-30-1,rHST,RHSTUSDT,2026-09-30,25000,0.2,0.14,0.13999999999999999,0.2,False,GROSS,2.0,21.8,21.67563090759704,OBSERVED ticker lastPrice at run time,0.001,OBSERVED live symbol takerFeeRate,0.6218454620148052,0.07134513985685184,"ESTIMATED floor_None overnight_2000 slope, n=568",,,,,,,,NO_SIGNAL,SUPPRESSED: eligibility snapshot time unpublished,sell: no depth sample for this symbol/session; buy: no depth sample for this symbol/session,,,,,
rHUM-2026-10-30-1,rHUM,RHUMUSDT,2026-10-30,1000,,,,,False,UNRESOLVED,,386.22,,OBSERVED ticker lastPrice at run time,0.001,OBSERVED live symbol takerFeeRate,0.6218454620148052,0.07134513985685184,"ESTIMATED floor_None overnight_2000 slope, n=568",,,,,,,,NO_SIGNAL,SUPPRESSED: eligibility snapshot time unpublished,cash basis UNRESOLVED; gross basis required,,,,,
rHUM-2026-10-30-1,rHUM,RHUMUSDT,2026-10-30,5000,,,,,False,UNRESOLVED,,386.22,,OBSERVED ticker lastPrice at run time,0.001,OBSERVED live symbol takerFeeRate,0.6218454620148052,0.07134513985685184,"ESTIMATED floor_None overnight_2000 slope, n=568",,,,,,,,NO_SIGNAL,SUPPRESSED: eligibility snapshot time unpublished,cash basis UNRESOLVED; gross basis required,,,,,
rHUM-2026-10-30-1,rHUM,RHUMUSDT,2026-10-30,25000,,,,,False,UNRESOLVED,,386.22,,OBSERVED ticker lastPrice at run time,0.001,OBSERVED live symbol takerFeeRate,0.6218454620148052,0.07134513985685184,"ESTIMATED floor_None overnight_2000 slope, n=568",,,,,,,,NO_SIGNAL,SUPPRESSED: eligibility snapshot time unpublished,cash basis UNRESOLVED; gross basis required,,,,,
rICE-2026-12-16-1,rICE,RICEUSDT,2026-12-16,1000,,,,,False,UNRESOLVED,,155.47,,OBSERVED ticker lastPrice at run time,0.001,OBSERVED live symbol takerFeeRate,0.6218454620148052,0.07134513985685184,"ESTIMATED floor_None overnight_2000 slope, n=568",,,,,,,,NO_SIGNAL,SUPPRESSED: eligibility snapshot time unpublished,cash basis UNRESOLVED; gross basis required,,,,,
rICE-2026-12-16-1,rICE,RICEUSDT,2026-12-16,5000,,,,,False,UNRESOLVED,,155.47,,OBSERVED ticker lastPrice at run time,0.001,OBSERVED live symbol takerFeeRate,0.6218454620148052,0.07134513985685184,"ESTIMATED floor_None overnight_2000 slope, n=568",,,,,,,,NO_SIGNAL,SUPPRESSED: eligibility snapshot time unpublished,cash basis UNRESOLVED; gross basis required,,,,,
rICE-2026-12-16-1,rICE,RICEUSDT,2026-12-16,25000,,,,,False,UNRESOLVED,,155.47,,OBSERVED ticker lastPrice at run time,0.001,OBSERVED live symbol takerFeeRate,0.6218454620148052,0.07134513985685184,"ESTIMATED floor_None overnight_2000 slope, n=568",,,,,,,,NO_SIGNAL,SUPPRESSED: eligibility snapshot time unpublished,cash basis UNRESOLVED; gross basis required,,,,,
rIEX-2026-10-02-1,rIEX,RIEXUSDT,2026-10-02,1000,,,,,False,UNRESOLVED,,223.72,,OBSERVED ticker lastPrice at run time,0.001,OBSERVED live symbol takerFeeRate,0.6218454620148052,0.07134513985685184,"ESTIMATED floor_None overnight_2000 slope, n=568",,,,,,,,NO_SIGNAL,SUPPRESSED: eligibility snapshot time unpublished,cash basis UNRESOLVED; gross basis required,,,,,
rIEX-2026-10-02-1,rIEX,RIEXUSDT,2026-10-02,5000,,,,,False,UNRESOLVED,,223.72,,OBSERVED ticker lastPrice at run time,0.001,OBSERVED live symbol takerFeeRate,0.6218454620148052,0.07134513985685184,"ESTIMATED floor_None overnight_2000 slope, n=568",,,,,,,,NO_SIGNAL,SUPPRESSED: eligibility snapshot time unpublished,cash basis UNRESOLVED; gross basis required,,,,,
rIEX-2026-10-02-1,rIEX,RIEXUSDT,2026-10-02,25000,,,,,False,UNRESOLVED,,223.72,,OBSERVED ticker lastPrice at run time,0.001,OBSERVED live symbol takerFeeRate,0.6218454620148052,0.07134513985685184,"ESTIMATED floor_None overnight_2000 slope, n=568",,,,,,,,NO_SIGNAL,SUPPRESSED: eligibility snapshot time unpublished,cash basis UNRESOLVED; gross basis required,,,,,
rIDCC-2026-10-14-1,rIDCC,RIDCCUSDT,2026-10-14,1000,0.75,0.525,0.5249999999999999,0.75,False,GROSS,2.0,323.05,322.5836159034889,OBSERVED ticker lastPrice at run time,0.001,OBSERVED live symbol takerFeeRate,0.6218454620148052,0.07134513985685184,"ESTIMATED floor_None overnight_2000 slope, n=568",,,,,,,,NO_SIGNAL,SUPPRESSED: eligibility snapshot time unpublished,sell: no depth sample for this symbol/session; buy: no depth sample for this symbol/session,,,,,
rIDCC-2026-10-14-1,rIDCC,RIDCCUSDT,2026-10-14,5000,0.75,0.525,0.5249999999999999,0.75,False,GROSS,2.0,323.05,322.5836159034889,OBSERVED ticker lastPrice at run time,0.001,OBSERVED live symbol takerFeeRate,0.6218454620148052,0.07134513985685184,"ESTIMATED floor_None overnight_2000 slope, n=568",,,,,,,,NO_SIGNAL,SUPPRESSED: eligibility snapshot time unpublished,sell: no depth sample for this symbol/session; buy: no depth sample for this symbol/session,,,,,
rIDCC-2026-10-14-1,rIDCC,RIDCCUSDT,2026-10-14,25000,0.75,0.525,0.5249999999999999,0.75,False,GROSS,2.0,323.05,322.5836159034889,OBSERVED ticker lastPrice at run time,0.001,OBSERVED live symbol takerFeeRate,0.6218454620148052,0.07134513985685184,"ESTIMATED floor_None overnight_2000 slope, n=568",,,,,,,,NO_SIGNAL,SUPPRESSED: eligibility snapshot time unpublished,sell: no depth sample for this symbol/session; buy: no depth sample for this symbol/session,,,,,
rINVH-2026-09-24-1,rINVH,RINVHUSDT,2026-09-24,1000,,,,,False,UNRESOLVED,,26.76,,OBSERVED ticker lastPrice at run time,0.001,OBSERVED live symbol takerFeeRate,0.6218454620148052,0.07134513985685184,"ESTIMATED floor_None overnight_2000 slope, n=568",,,,,,,,NO_SIGNAL,SUPPRESSED: eligibility snapshot time unpublished,cash basis UNRESOLVED; gross basis required,,,,,
rINVH-2026-09-24-1,rINVH,RINVHUSDT,2026-09-24,5000,,,,,False,UNRESOLVED,,26.76,,OBSERVED ticker lastPrice at run time,0.001,OBSERVED live symbol takerFeeRate,0.6218454620148052,0.07134513985685184,"ESTIMATED floor_None overnight_2000 slope, n=568",,,,,,,,NO_SIGNAL,SUPPRESSED: eligibility snapshot time unpublished,cash basis UNRESOLVED; gross basis required,,,,,
rINVH-2026-09-24-1,rINVH,RINVHUSDT,2026-09-24,25000,,,,,False,UNRESOLVED,,26.76,,OBSERVED ticker lastPrice at run time,0.001,OBSERVED live symbol takerFeeRate,0.6218454620148052,0.07134513985685184,"ESTIMATED floor_None overnight_2000 slope, n=568",,,,,,,,NO_SIGNAL,SUPPRESSED: eligibility snapshot time unpublished,cash basis UNRESOLVED; gross basis required,,,,,
rITW-2026-09-30-1,rITW,RITWUSDT,2026-09-30,1000,,,,,False,UNRESOLVED,,269.42,,OBSERVED ticker lastPrice at run time,0.001,OBSERVED live symbol takerFeeRate,0.6218454620148052,0.07134513985685184,"ESTIMATED floor_None overnight_2000 slope, n=568",,,,,,,,NO_SIGNAL,SUPPRESSED: eligibility snapshot time unpublished,cash basis UNRESOLVED; gross basis required,,,,,
rITW-2026-09-30-1,rITW,RITWUSDT,2026-09-30,5000,,,,,False,UNRESOLVED,,269.42,,OBSERVED ticker lastPrice at run time,0.001,OBSERVED live symbol takerFeeRate,0.6218454620148052,0.07134513985685184,"ESTIMATED floor_None overnight_2000 slope, n=568",,,,,,,,NO_SIGNAL,SUPPRESSED: eligibility snapshot time unpublished,cash basis UNRESOLVED; gross basis required,,,,,
rITW-2026-09-30-1,rITW,RITWUSDT,2026-09-30,25000,,,,,False,UNRESOLVED,,269.42,,OBSERVED ticker lastPrice at run time,0.001,OBSERVED live symbol takerFeeRate,0.6218454620148052,0.07134513985685184,"ESTIMATED floor_None overnight_2000 slope, n=568",,,,,,,,NO_SIGNAL,SUPPRESSED: eligibility snapshot time unpublished,cash basis UNRESOLVED; gross basis required,,,,,
rINTU-2026-10-08-1,rINTU,RINTUUSDT,2026-10-08,1000,1.38,0.966,0.9659999999999999,1.38,False,GROSS,2.0,304.0,303.14185326241954,OBSERVED ticker lastPrice at run time,0.001,OBSERVED live symbol takerFeeRate,0.6218454620148052,0.07134513985685184,"ESTIMATED floor_None overnight_2000 slope, n=568",2.1875533556516853,-2.492319204076165,-2.2954066180712545,-2.492319204076165,-2.906319204076165,-1.5263192040761653,-2.079700093232116,HOLD,SUPPRESSED: eligibility snapshot time unpublished,,2026-09-18T23:05:03.291954+00:00,ticker_only,2026-09-19T03:05:03.356996+00:00,ticker_only,
rINTU-2026-10-08-1,rINTU,RINTUUSDT,2026-10-08,5000,1.38,0.966,0.9659999999999999,1.38,False,GROSS,2.0,304.0,303.14185326241954,OBSERVED ticker lastPrice at run time,0.001,OBSERVED live symbol takerFeeRate,0.6218454620148052,0.07134513985685184,"ESTIMATED floor_None overnight_2000 slope, n=568",2.1875533556516853,-2.492319204076165,-2.2954066180712545,-2.492319204076165,-2.906319204076165,-1.5263192040761653,-2.079700093232116,HOLD,SUPPRESSED: eligibility snapshot time unpublished,,2026-09-18T23:05:03.291954+00:00,ticker_only,2026-09-19T03:05:03.356996+00:00,ticker_only,
rINTU-2026-10-08-1,rINTU,RINTUUSDT,2026-10-08,25000,1.38,0.966,0.9659999999999999,1.38,False,GROSS,2.0,304.0,303.14185326241954,OBSERVED ticker lastPrice at run time,0.001,OBSERVED live symbol takerFeeRate,0.6218454620148052,0.07134513985685184,"ESTIMATED floor_None overnight_2000 slope, n=568",2.1875533556516853,-2.492319204076165,-2.2954066180712545,-2.492319204076165,-2.906319204076165,-1.5263192040761653,-2.079700093232116,HOLD,SUPPRESSED: eligibility snapshot time unpublished,,2026-09-18T23:05:03.291954+00:00,ticker_only,2026-09-19T03:05:03.356996+00:00,ticker_only,
rJCI-2026-09-21-1,rJCI,RJCIUSDT,2026-09-21,1000,,,,,False,UNRESOLVED,,143.3,,OBSERVED ticker lastPrice at run time,0.001,OBSERVED live symbol takerFeeRate,0.6218454620148052,0.07134513985685184,"ESTIMATED floor_None overnight_2000 slope, n=568",,,,,,,,NO_SIGNAL,SUPPRESSED: eligibility snapshot time unpublished,cash basis UNRESOLVED; gross basis required,,,,,
rJCI-2026-09-21-1,rJCI,RJCIUSDT,2026-09-21,5000,,,,,False,UNRESOLVED,,143.3,,OBSERVED ticker lastPrice at run time,0.001,OBSERVED live symbol takerFeeRate,0.6218454620148052,0.07134513985685184,"ESTIMATED floor_None overnight_2000 slope, n=568",,,,,,,,NO_SIGNAL,SUPPRESSED: eligibility snapshot time unpublished,cash basis UNRESOLVED; gross basis required,,,,,
rJCI-2026-09-21-1,rJCI,RJCIUSDT,2026-09-21,25000,,,,,False,UNRESOLVED,,143.3,,OBSERVED ticker lastPrice at run time,0.001,OBSERVED live symbol takerFeeRate,0.6218454620148052,0.07134513985685184,"ESTIMATED floor_None overnight_2000 slope, n=568",,,,,,,,NO_SIGNAL,SUPPRESSED: eligibility snapshot time unpublished,cash basis UNRESOLVED; gross basis required,,,,,
rJPM-2026-10-06-1,rJPM,RJPMUSDT,2026-10-06,1000,,,,,False,UNRESOLVED,,349.36,,OBSERVED ticker lastPrice at run time,0.001,OBSERVED live symbol takerFeeRate,0.6218454620148052,0.07134513985685184,"ESTIMATED floor_None overnight_2000 slope, n=568",,,,,,,,NO_SIGNAL,SUPPRESSED: eligibility snapshot time unpublished,cash basis UNRESOLVED; gross basis required,,,,,
rJPM-2026-10-06-1,rJPM,RJPMUSDT,2026-10-06,5000,,,,,False,UNRESOLVED,,349.36,,OBSERVED ticker lastPrice at run time,0.001,OBSERVED live symbol takerFeeRate,0.6218454620148052,0.07134513985685184,"ESTIMATED floor_None overnight_2000 slope, n=568",,,,,,,,NO_SIGNAL,SUPPRESSED: eligibility snapshot time unpublished,cash basis UNRESOLVED; gross basis required,,,,,
rJPM-2026-10-06-1,rJPM,RJPMUSDT,2026-10-06,25000,,,,,False,UNRESOLVED,,349.36,,OBSERVED ticker lastPrice at run time,0.001,OBSERVED live symbol takerFeeRate,0.6218454620148052,0.07134513985685184,"ESTIMATED floor_None overnight_2000 slope, n=568",,,,,,,,NO_SIGNAL,SUPPRESSED: eligibility snapshot time unpublished,cash basis UNRESOLVED; gross basis required,,,,,
rJAN-2026-10-16-1,rJAN,RJANUSDT,2026-10-16,1000,,,,,False,UNRESOLVED,,30.34,,OBSERVED ticker lastPrice at run time,0.001,OBSERVED live symbol takerFeeRate,0.6218454620148052,0.07134513985685184,"ESTIMATED floor_None overnight_2000 slope, n=568",,,,,,,,NO_SIGNAL,SUPPRESSED: eligibility snapshot time unpublished,cash basis UNRESOLVED; gross basis required,,,,,
rJAN-2026-10-16-1,rJAN,RJANUSDT,2026-10-16,5000,,,,,False,UNRESOLVED,,30.34,,OBSERVED ticker lastPrice at run time,0.001,OBSERVED live symbol takerFeeRate,0.6218454620148052,0.07134513985685184,"ESTIMATED floor_None overnight_2000 slope, n=568",,,,,,,,NO_SIGNAL,SUPPRESSED: eligibility snapshot time unpublished,cash basis UNRESOLVED; gross basis required,,,,,
rJAN-2026-10-16-1,rJAN,RJANUSDT,2026-10-16,25000,,,,,False,UNRESOLVED,,30.34,,OBSERVED ticker lastPrice at run time,0.001,OBSERVED live symbol takerFeeRate,0.6218454620148052,0.07134513985685184,"ESTIMATED floor_None overnight_2000 slope, n=568",,,,,,,,NO_SIGNAL,SUPPRESSED: eligibility snapshot time unpublished,cash basis UNRESOLVED; gross basis required,,,,,
rJAN-2026-11-12-1,rJAN,RJANUSDT,2026-11-12,1000,,,,,False,UNRESOLVED,,30.34,,OBSERVED ticker lastPrice at run time,0.001,OBSERVED live symbol takerFeeRate,0.6218454620148052,0.07134513985685184,"ESTIMATED floor_None overnight_2000 slope, n=568",,,,,,,,NO_SIGNAL,SUPPRESSED: eligibility snapshot time unpublished,cash basis UNRESOLVED; gross basis required,,,,,
rJAN-2026-11-12-1,rJAN,RJANUSDT,2026-11-12,5000,,,,,False,UNRESOLVED,,30.34,,OBSERVED ticker lastPrice at run time,0.001,OBSERVED live symbol takerFeeRate,0.6218454620148052,0.07134513985685184,"ESTIMATED floor_None overnight_2000 slope, n=568",,,,,,,,NO_SIGNAL,SUPPRESSED: eligibility snapshot time unpublished,cash basis UNRESOLVED; gross basis required,,,,,
rJAN-2026-11-12-1,rJAN,RJANUSDT,2026-11-12,25000,,,,,False,UNRESOLVED,,30.34,,OBSERVED ticker lastPrice at run time,0.001,OBSERVED live symbol takerFeeRate,0.6218454620148052,0.07134513985685184,"ESTIMATED floor_None overnight_2000 slope, n=568",,,,,,,,NO_SIGNAL,SUPPRESSED: eligibility snapshot time unpublished,cash basis UNRESOLVED; gross basis required,,,,,
rJAN-2026-12-18-1,rJAN,RJANUSDT,2026-12-18,1000,,,,,False,UNRESOLVED,,30.34,,OBSERVED ticker lastPrice at run time,0.001,OBSERVED live symbol takerFeeRate,0.6218454620148052,0.07134513985685184,"ESTIMATED floor_None overnight_2000 slope, n=568",,,,,,,,NO_SIGNAL,SUPPRESSED: eligibility snapshot time unpublished,cash basis UNRESOLVED; gross basis required,,,,,
rJAN-2026-12-18-1,rJAN,RJANUSDT,2026-12-18,5000,,,,,False,UNRESOLVED,,30.34,,OBSERVED ticker lastPrice at run time,0.001,OBSERVED live symbol takerFeeRate,0.6218454620148052,0.07134513985685184,"ESTIMATED floor_None overnight_2000 slope, n=568",,,,,,,,NO_SIGNAL,SUPPRESSED: eligibility snapshot time unpublished,cash basis UNRESOLVED; gross basis required,,,,,
rJAN-2026-12-18-1,rJAN,RJANUSDT,2026-12-18,25000,,,,,False,UNRESOLVED,,30.34,,OBSERVED ticker lastPrice at run time,0.001,OBSERVED live symbol takerFeeRate,0.6218454620148052,0.07134513985685184,"ESTIMATED floor_None overnight_2000 slope, n=568",,,,,,,,NO_SIGNAL,SUPPRESSED: eligibility snapshot time unpublished,cash basis UNRESOLVED; gross basis required,,,,,
rKVUE-2026-09-21-1,rKVUE,RKVUEUSDT,2026-09-21,1000,,,,,False,UNRESOLVED,,17.87,,OBSERVED ticker lastPrice at run time,0.001,OBSERVED live symbol takerFeeRate,0.6218454620148052,0.07134513985685184,"ESTIMATED floor_None overnight_2000 slope, n=568",,,,,,,,NO_SIGNAL,SUPPRESSED: eligibility snapshot time unpublished,cash basis UNRESOLVED; gross basis required,,,,,
rKVUE-2026-09-21-1,rKVUE,RKVUEUSDT,2026-09-21,5000,,,,,False,UNRESOLVED,,17.87,,OBSERVED ticker lastPrice at run time,0.001,OBSERVED live symbol takerFeeRate,0.6218454620148052,0.07134513985685184,"ESTIMATED floor_None overnight_2000 slope, n=568",,,,,,,,NO_SIGNAL,SUPPRESSED: eligibility snapshot time unpublished,cash basis UNRESOLVED; gross basis required,,,,,
rKVUE-2026-09-21-1,rKVUE,RKVUEUSDT,2026-09-21,25000,,,,,False,UNRESOLVED,,17.87,,OBSERVED ticker lastPrice at run time,0.001,OBSERVED live symbol takerFeeRate,0.6218454620148052,0.07134513985685184,"ESTIMATED floor_None overnight_2000 slope, n=568",,,,,,,,NO_SIGNAL,SUPPRESSED: eligibility snapshot time unpublished,cash basis UNRESOLVED; gross basis required,,,,,
rLAMR-2026-09-21-1,rLAMR,RLAMRUSDT,2026-09-21,1000,1.65,1.155,1.1549999999999998,1.65,False,GROSS,2.0,146.82,145.79395498767556,OBSERVED ticker lastPrice at run time,0.001,OBSERVED live symbol takerFeeRate,0.6218454620148052,0.07134513985685184,"ESTIMATED floor_None overnight_2000 slope, n=568",,,,,,,,NO_SIGNAL,SUPPRESSED: eligibility snapshot time unpublished,sell: no depth sample for this symbol/session; buy: no depth sample for this symbol/session,,,,,
rLAMR-2026-09-21-1,rLAMR,RLAMRUSDT,2026-09-21,5000,1.65,1.155,1.1549999999999998,1.65,False,GROSS,2.0,146.82,145.79395498767556,OBSERVED ticker lastPrice at run time,0.001,OBSERVED live symbol takerFeeRate,0.6218454620148052,0.07134513985685184,"ESTIMATED floor_None overnight_2000 slope, n=568",,,,,,,,NO_SIGNAL,SUPPRESSED: eligibility snapshot time unpublished,sell: no depth sample for this symbol/session; buy: no depth sample for this symbol/session,,,,,
rLAMR-2026-09-21-1,rLAMR,RLAMRUSDT,2026-09-21,25000,1.65,1.155,1.1549999999999998,1.65,False,GROSS,2.0,146.82,145.79395498767556,OBSERVED ticker lastPrice at run time,0.001,OBSERVED live symbol takerFeeRate,0.6218454620148052,0.07134513985685184,"ESTIMATED floor_None overnight_2000 slope, n=568",,,,,,,,NO_SIGNAL,SUPPRESSED: eligibility snapshot time unpublished,sell: no depth sample for this symbol/session; buy: no depth sample for this symbol/session,,,,,
rKRC-2026-09-30-1,rKRC,RKRCUSDT,2026-09-30,1000,,,,,False,UNRESOLVED,,34.23,,OBSERVED ticker lastPrice at run time,0.001,OBSERVED live symbol takerFeeRate,0.6218454620148052,0.07134513985685184,"ESTIMATED floor_None overnight_2000 slope, n=568",,,,,,,,NO_SIGNAL,SUPPRESSED: eligibility snapshot time unpublished,cash basis UNRESOLVED; gross basis required,,,,,
rKRC-2026-09-30-1,rKRC,RKRCUSDT,2026-09-30,5000,,,,,False,UNRESOLVED,,34.23,,OBSERVED ticker lastPrice at run time,0.001,OBSERVED live symbol takerFeeRate,0.6218454620148052,0.07134513985685184,"ESTIMATED floor_None overnight_2000 slope, n=568",,,,,,,,NO_SIGNAL,SUPPRESSED: eligibility snapshot time unpublished,cash basis UNRESOLVED; gross basis required,,,,,
rKRC-2026-09-30-1,rKRC,RKRCUSDT,2026-09-30,25000,,,,,False,UNRESOLVED,,34.23,,OBSERVED ticker lastPrice at run time,0.001,OBSERVED live symbol takerFeeRate,0.6218454620148052,0.07134513985685184,"ESTIMATED floor_None overnight_2000 slope, n=568",,,,,,,,NO_SIGNAL,SUPPRESSED: eligibility snapshot time unpublished,cash basis UNRESOLVED; gross basis required,,,,,
rKRG-2026-10-09-1,rKRG,RKRGUSDT,2026-10-09,1000,,,,,False,UNRESOLVED,,25.44,,OBSERVED ticker lastPrice at run time,0.001,OBSERVED live symbol takerFeeRate,0.6218454620148052,0.07134513985685184,"ESTIMATED floor_None overnight_2000 slope, n=568",,,,,,,,NO_SIGNAL,SUPPRESSED: eligibility snapshot time unpublished,cash basis UNRESOLVED; gross basis required,,,,,
rKRG-2026-10-09-1,rKRG,RKRGUSDT,2026-10-09,5000,,,,,False,UNRESOLVED,,25.44,,OBSERVED ticker lastPrice at run time,0.001,OBSERVED live symbol takerFeeRate,0.6218454620148052,0.07134513985685184,"ESTIMATED floor_None overnight_2000 slope, n=568",,,,,,,,NO_SIGNAL,SUPPRESSED: eligibility snapshot time unpublished,cash basis UNRESOLVED; gross basis required,,,,,
rKRG-2026-10-09-1,rKRG,RKRGUSDT,2026-10-09,25000,,,,,False,UNRESOLVED,,25.44,,OBSERVED ticker lastPrice at run time,0.001,OBSERVED live symbol takerFeeRate,0.6218454620148052,0.07134513985685184,"ESTIMATED floor_None overnight_2000 slope, n=568",,,,,,,,NO_SIGNAL,SUPPRESSED: eligibility snapshot time unpublished,cash basis UNRESOLVED; gross basis required,,,,,
rLECO-2026-09-30-1,rLECO,RLECOUSDT,2026-09-30,1000,0.79,0.553,0.5529999999999999,0.79,False,GROSS,2.0,257.21,256.7187420850083,OBSERVED ticker lastPrice at run time,0.001,OBSERVED live symbol takerFeeRate,0.6218454620148052,0.07134513985685184,"ESTIMATED floor_None overnight_2000 slope, n=568",,,,,,,,NO_SIGNAL,SUPPRESSED: eligibility snapshot time unpublished,sell: no depth sample for this symbol/session; buy: no depth sample for this symbol/session,,,,,
rLECO-2026-09-30-1,rLECO,RLECOUSDT,2026-09-30,5000,0.79,0.553,0.5529999999999999,0.79,False,GROSS,2.0,257.21,256.7187420850083,OBSERVED ticker lastPrice at run time,0.001,OBSERVED live symbol takerFeeRate,0.6218454620148052,0.07134513985685184,"ESTIMATED floor_None overnight_2000 slope, n=568",,,,,,,,NO_SIGNAL,SUPPRESSED: eligibility snapshot time unpublished,sell: no depth sample for this symbol/session; buy: no depth sample for this symbol/session,,,,,
rLECO-2026-09-30-1,rLECO,RLECOUSDT,2026-09-30,25000,0.79,0.553,0.5529999999999999,0.79,False,GROSS,2.0,257.21,256.7187420850083,OBSERVED ticker lastPrice at run time,0.001,OBSERVED live symbol takerFeeRate,0.6218454620148052,0.07134513985685184,"ESTIMATED floor_None overnight_2000 slope, n=568",,,,,,,,NO_SIGNAL,SUPPRESSED: eligibility snapshot time unpublished,sell: no depth sample for this symbol/session; buy: no depth sample for this symbol/session,,,,,
rLNC-2026-10-09-1,rLNC,RLNCUSDT,2026-10-09,1000,,,,,False,UNRESOLVED,,42.21,,OBSERVED ticker lastPrice at run time,0.001,OBSERVED live symbol takerFeeRate,0.6218454620148052,0.07134513985685184,"ESTIMATED floor_None overnight_2000 slope, n=568",,,,,,,,NO_SIGNAL,SUPPRESSED: eligibility snapshot time unpublished,cash basis UNRESOLVED; gross basis required,,,,,
rLNC-2026-10-09-1,rLNC,RLNCUSDT,2026-10-09,5000,,,,,False,UNRESOLVED,,42.21,,OBSERVED ticker lastPrice at run time,0.001,OBSERVED live symbol takerFeeRate,0.6218454620148052,0.07134513985685184,"ESTIMATED floor_None overnight_2000 slope, n=568",,,,,,,,NO_SIGNAL,SUPPRESSED: eligibility snapshot time unpublished,cash basis UNRESOLVED; gross basis required,,,,,
rLNC-2026-10-09-1,rLNC,RLNCUSDT,2026-10-09,25000,,,,,False,UNRESOLVED,,42.21,,OBSERVED ticker lastPrice at run time,0.001,OBSERVED live symbol takerFeeRate,0.6218454620148052,0.07134513985685184,"ESTIMATED floor_None overnight_2000 slope, n=568",,,,,,,,NO_SIGNAL,SUPPRESSED: eligibility snapshot time unpublished,cash basis UNRESOLVED; gross basis required,,,,,
rLOGI-2026-09-21-1,rLOGI,RLOGIUSDT,2026-09-21,1000,,,,,False,UNRESOLVED,,101.2,,OBSERVED ticker lastPrice at run time,0.001,OBSERVED live symbol takerFeeRate,0.6218454620148052,0.07134513985685184,"ESTIMATED floor_None overnight_2000 slope, n=568",,,,,,,,NO_SIGNAL,SUPPRESSED: eligibility snapshot time unpublished,cash basis UNRESOLVED; gross basis required,,,,,
rLOGI-2026-09-21-1,rLOGI,RLOGIUSDT,2026-09-21,5000,,,,,False,UNRESOLVED,,101.2,,OBSERVED ticker lastPrice at run time,0.001,OBSERVED live symbol takerFeeRate,0.6218454620148052,0.07134513985685184,"ESTIMATED floor_None overnight_2000 slope, n=568",,,,,,,,NO_SIGNAL,SUPPRESSED: eligibility snapshot time unpublished,cash basis UNRESOLVED; gross basis required,,,,,
rLOGI-2026-09-21-1,rLOGI,RLOGIUSDT,2026-09-21,25000,,,,,False,UNRESOLVED,,101.2,,OBSERVED ticker lastPrice at run time,0.001,OBSERVED live symbol takerFeeRate,0.6218454620148052,0.07134513985685184,"ESTIMATED floor_None overnight_2000 slope, n=568",,,,,,,,NO_SIGNAL,SUPPRESSED: eligibility snapshot time unpublished,cash basis UNRESOLVED; gross basis required,,,,,
rLOGI-2026-09-22-1,rLOGI,RLOGIUSDT,2026-09-22,1000,,,,,False,UNRESOLVED,,101.2,,OBSERVED ticker lastPrice at run time,0.001,OBSERVED live symbol takerFeeRate,0.6218454620148052,0.07134513985685184,"ESTIMATED floor_None overnight_2000 slope, n=568",,,,,,,,NO_SIGNAL,SUPPRESSED: eligibility snapshot time unpublished,cash basis UNRESOLVED; gross basis required,,,,,
rLOGI-2026-09-22-1,rLOGI,RLOGIUSDT,2026-09-22,5000,,,,,False,UNRESOLVED,,101.2,,OBSERVED ticker lastPrice at run time,0.001,OBSERVED live symbol takerFeeRate,0.6218454620148052,0.07134513985685184,"ESTIMATED floor_None overnight_2000 slope, n=568",,,,,,,,NO_SIGNAL,SUPPRESSED: eligibility snapshot time unpublished,cash basis UNRESOLVED; gross basis required,,,,,
rLOGI-2026-09-22-1,rLOGI,RLOGIUSDT,2026-09-22,25000,,,,,False,UNRESOLVED,,101.2,,OBSERVED ticker lastPrice at run time,0.001,OBSERVED live symbol takerFeeRate,0.6218454620148052,0.07134513985685184,"ESTIMATED floor_None overnight_2000 slope, n=568",,,,,,,,NO_SIGNAL,SUPPRESSED: eligibility snapshot time unpublished,cash basis UNRESOLVED; gross basis required,,,,,
rLRCX-2026-09-23-1,rLRCX,RLRCXUSDT,2026-09-23,1000,0.33,0.231,0.23099999999999998,0.33,False,GROSS,2.0,288.34,288.1347909975351,OBSERVED ticker lastPrice at run time,0.001,OBSERVED live symbol takerFeeRate,0.6218454620148052,0.07134513985685184,"ESTIMATED floor_None overnight_2000 slope, n=568",1.7082036171135475,-1.781082406954184,-1.7339946146486618,-1.781082406954184,-1.880082406954184,-1.550082406954184,-1.6824126195784332,HOLD,SUPPRESSED: eligibility snapshot time unpublished,,2026-09-18T23:05:03.291954+00:00,public_book,2026-09-19T03:05:03.356996+00:00,public_book,
rLRCX-2026-09-23-1,rLRCX,RLRCXUSDT,2026-09-23,5000,0.33,0.231,0.23099999999999998,0.33,False,GROSS,2.0,288.34,288.1347909975351,OBSERVED ticker lastPrice at run time,0.001,OBSERVED live symbol takerFeeRate,0.6218454620148052,0.07134513985685184,"ESTIMATED floor_None overnight_2000 slope, n=568",2.290419185680151,-2.3632979755207875,-2.316210183215265,-2.3632979755207875,-2.462297975520787,-2.132297975520787,-2.2646281881450365,HOLD,SUPPRESSED: eligibility snapshot time unpublished,,2026-09-18T23:05:03.291954+00:00,public_book,2026-09-19T03:05:03.356996+00:00,public_book,
rLRCX-2026-09-23-1,rLRCX,RLRCXUSDT,2026-09-23,25000,0.33,0.231,0.23099999999999998,0.33,False,GROSS,2.0,288.34,288.1347909975351,OBSERVED ticker lastPrice at run time,0.001,OBSERVED live symbol takerFeeRate,0.6218454620148052,0.07134513985685184,"ESTIMATED floor_None overnight_2000 slope, n=568",3.4165310358452077,-3.4894098256858443,-3.442322033380322,-3.4894098256858443,-3.588409825685844,-3.258409825685844,-3.3907400383100934,HOLD,SUPPRESSED: eligibility snapshot time unpublished,,2026-09-18T23:05:03.291954+00:00,public_book,2026-09-19T03:05:03.356996+00:00,public_book,
rLOW-2026-10-21-1,rLOW,RLOWUSDT,2026-10-21,1000,,,,,False,UNRESOLVED,,192.7,,OBSERVED ticker lastPrice at run time,0.001,OBSERVED live symbol takerFeeRate,0.6218454620148052,0.07134513985685184,"ESTIMATED floor_None overnight_2000 slope, n=568",,,,,,,,NO_SIGNAL,SUPPRESSED: eligibility snapshot time unpublished,cash basis UNRESOLVED; gross basis required,,,,,
rLOW-2026-10-21-1,rLOW,RLOWUSDT,2026-10-21,5000,,,,,False,UNRESOLVED,,192.7,,OBSERVED ticker lastPrice at run time,0.001,OBSERVED live symbol takerFeeRate,0.6218454620148052,0.07134513985685184,"ESTIMATED floor_None overnight_2000 slope, n=568",,,,,,,,NO_SIGNAL,SUPPRESSED: eligibility snapshot time unpublished,cash basis UNRESOLVED; gross basis required,,,,,
rLOW-2026-10-21-1,rLOW,RLOWUSDT,2026-10-21,25000,,,,,False,UNRESOLVED,,192.7,,OBSERVED ticker lastPrice at run time,0.001,OBSERVED live symbol takerFeeRate,0.6218454620148052,0.07134513985685184,"ESTIMATED floor_None overnight_2000 slope, n=568",,,,,,,,NO_SIGNAL,SUPPRESSED: eligibility snapshot time unpublished,cash basis UNRESOLVED; gross basis required,,,,,
rMAIN-2026-09-21-1,rMAIN,RMAINUSDT,2026-09-21,1000,,,,,False,UNRESOLVED,,56.19,,OBSERVED ticker lastPrice at run time,0.001,OBSERVED live symbol takerFeeRate,0.6218454620148052,0.07134513985685184,"ESTIMATED floor_None overnight_2000 slope, n=568",,,,,,,,NO_SIGNAL,SUPPRESSED: eligibility snapshot time unpublished,cash basis UNRESOLVED; gross basis required,,,,,
rMAIN-2026-09-21-1,rMAIN,RMAINUSDT,2026-09-21,5000,,,,,False,UNRESOLVED,,56.19,,OBSERVED ticker lastPrice at run time,0.001,OBSERVED live symbol takerFeeRate,0.6218454620148052,0.07134513985685184,"ESTIMATED floor_None overnight_2000 slope, n=568",,,,,,,,NO_SIGNAL,SUPPRESSED: eligibility snapshot time unpublished,cash basis UNRESOLVED; gross basis required,,,,,
rMAIN-2026-09-21-1,rMAIN,RMAINUSDT,2026-09-21,25000,,,,,False,UNRESOLVED,,56.19,,OBSERVED ticker lastPrice at run time,0.001,OBSERVED live symbol takerFeeRate,0.6218454620148052,0.07134513985685184,"ESTIMATED floor_None overnight_2000 slope, n=568",,,,,,,,NO_SIGNAL,SUPPRESSED: eligibility snapshot time unpublished,cash basis UNRESOLVED; gross basis required,,,,,
rMAIN-2026-10-08-1,rMAIN,RMAINUSDT,2026-10-08,1000,,,,,False,UNRESOLVED,,56.19,,OBSERVED ticker lastPrice at run time,0.001,OBSERVED live symbol takerFeeRate,0.6218454620148052,0.07134513985685184,"ESTIMATED floor_None overnight_2000 slope, n=568",,,,,,,,NO_SIGNAL,SUPPRESSED: eligibility snapshot time unpublished,cash basis UNRESOLVED; gross basis required,,,,,
rMAIN-2026-10-08-1,rMAIN,RMAINUSDT,2026-10-08,5000,,,,,False,UNRESOLVED,,56.19,,OBSERVED ticker lastPrice at run time,0.001,OBSERVED live symbol takerFeeRate,0.6218454620148052,0.07134513985685184,"ESTIMATED floor_None overnight_2000 slope, n=568",,,,,,,,NO_SIGNAL,SUPPRESSED: eligibility snapshot time unpublished,cash basis UNRESOLVED; gross basis required,,,,,
rMAIN-2026-10-08-1,rMAIN,RMAINUSDT,2026-10-08,25000,,,,,False,UNRESOLVED,,56.19,,OBSERVED ticker lastPrice at run time,0.001,OBSERVED live symbol takerFeeRate,0.6218454620148052,0.07134513985685184,"ESTIMATED floor_None overnight_2000 slope, n=568",,,,,,,,NO_SIGNAL,SUPPRESSED: eligibility snapshot time unpublished,cash basis UNRESOLVED; gross basis required,,,,,
rMAIN-2026-11-06-1,rMAIN,RMAINUSDT,2026-11-06,1000,,,,,False,UNRESOLVED,,56.19,,OBSERVED ticker lastPrice at run time,0.001,OBSERVED live symbol takerFeeRate,0.6218454620148052,0.07134513985685184,"ESTIMATED floor_None overnight_2000 slope, n=568",,,,,,,,NO_SIGNAL,SUPPRESSED: eligibility snapshot time unpublished,cash basis UNRESOLVED; gross basis required,,,,,
rMAIN-2026-11-06-1,rMAIN,RMAINUSDT,2026-11-06,5000,,,,,False,UNRESOLVED,,56.19,,OBSERVED ticker lastPrice at run time,0.001,OBSERVED live symbol takerFeeRate,0.6218454620148052,0.07134513985685184,"ESTIMATED floor_None overnight_2000 slope, n=568",,,,,,,,NO_SIGNAL,SUPPRESSED: eligibility snapshot time unpublished,cash basis UNRESOLVED; gross basis required,,,,,
rMAIN-2026-11-06-1,rMAIN,RMAINUSDT,2026-11-06,25000,,,,,False,UNRESOLVED,,56.19,,OBSERVED ticker lastPrice at run time,0.001,OBSERVED live symbol takerFeeRate,0.6218454620148052,0.07134513985685184,"ESTIMATED floor_None overnight_2000 slope, n=568",,,,,,,,NO_SIGNAL,SUPPRESSED: eligibility snapshot time unpublished,cash basis UNRESOLVED; gross basis required,,,,,
rMAIN-2026-12-08-1,rMAIN,RMAINUSDT,2026-12-08,1000,,,,,False,UNRESOLVED,,56.19,,OBSERVED ticker lastPrice at run time,0.001,OBSERVED live symbol takerFeeRate,0.6218454620148052,0.07134513985685184,"ESTIMATED floor_None overnight_2000 slope, n=568",,,,,,,,NO_SIGNAL,SUPPRESSED: eligibility snapshot time unpublished,cash basis UNRESOLVED; gross basis required,,,,,
rMAIN-2026-12-08-1,rMAIN,RMAINUSDT,2026-12-08,5000,,,,,False,UNRESOLVED,,56.19,,OBSERVED ticker lastPrice at run time,0.001,OBSERVED live symbol takerFeeRate,0.6218454620148052,0.07134513985685184,"ESTIMATED floor_None overnight_2000 slope, n=568",,,,,,,,NO_SIGNAL,SUPPRESSED: eligibility snapshot time unpublished,cash basis UNRESOLVED; gross basis required,,,,,
rMAIN-2026-12-08-1,rMAIN,RMAINUSDT,2026-12-08,25000,,,,,False,UNRESOLVED,,56.19,,OBSERVED ticker lastPrice at run time,0.001,OBSERVED live symbol takerFeeRate,0.6218454620148052,0.07134513985685184,"ESTIMATED floor_None overnight_2000 slope, n=568",,,,,,,,NO_SIGNAL,SUPPRESSED: eligibility snapshot time unpublished,cash basis UNRESOLVED; gross basis required,,,,,
rMETA-2026-09-21-1,rMETA,RMETAUSDT,2026-09-21,1000,0.525,0.3675,0.3675,0.525,False,GROSS,2.0,669.97,669.6435311324423,OBSERVED ticker lastPrice at run time,0.001,OBSERVED live symbol takerFeeRate,0.6218454620148052,0.07134513985685184,"ESTIMATED floor_None overnight_2000 slope, n=568",,,,,,,,NO_SIGNAL,SUPPRESSED: eligibility snapshot time unpublished,sell: no depth sample for this symbol/session; buy: no depth sample for this symbol/session,,,,,
rMETA-2026-09-21-1,rMETA,RMETAUSDT,2026-09-21,5000,0.525,0.3675,0.3675,0.525,False,GROSS,2.0,669.97,669.6435311324423,OBSERVED ticker lastPrice at run time,0.001,OBSERVED live symbol takerFeeRate,0.6218454620148052,0.07134513985685184,"ESTIMATED floor_None overnight_2000 slope, n=568",,,,,,,,NO_SIGNAL,SUPPRESSED: eligibility snapshot time unpublished,sell: no depth sample for this symbol/session; buy: no depth sample for this symbol/session,,,,,
rMETA-2026-09-21-1,rMETA,RMETAUSDT,2026-09-21,25000,0.525,0.3675,0.3675,0.525,False,GROSS,2.0,669.97,669.6435311324423,OBSERVED ticker lastPrice at run time,0.001,OBSERVED live symbol takerFeeRate,0.6218454620148052,0.07134513985685184,"ESTIMATED floor_None overnight_2000 slope, n=568",,,,,,,,NO_SIGNAL,SUPPRESSED: eligibility snapshot time unpublished,sell: no depth sample for this symbol/session; buy: no depth sample for this symbol/session,,,,,
rMDT-2026-09-25-1,rMDT,RMDTUSDT,2026-09-25,1000,,,,,False,UNRESOLVED,,92.4,,OBSERVED ticker lastPrice at run time,0.001,OBSERVED live symbol takerFeeRate,0.6218454620148052,0.07134513985685184,"ESTIMATED floor_None overnight_2000 slope, n=568",,,,,,,,NO_SIGNAL,SUPPRESSED: eligibility snapshot time unpublished,cash basis UNRESOLVED; gross basis required,,,,,
rMDT-2026-09-25-1,rMDT,RMDTUSDT,2026-09-25,5000,,,,,False,UNRESOLVED,,92.4,,OBSERVED ticker lastPrice at run time,0.001,OBSERVED live symbol takerFeeRate,0.6218454620148052,0.07134513985685184,"ESTIMATED floor_None overnight_2000 slope, n=568",,,,,,,,NO_SIGNAL,SUPPRESSED: eligibility snapshot time unpublished,cash basis UNRESOLVED; gross basis required,,,,,
rMDT-2026-09-25-1,rMDT,RMDTUSDT,2026-09-25,25000,,,,,False,UNRESOLVED,,92.4,,OBSERVED ticker lastPrice at run time,0.001,OBSERVED live symbol takerFeeRate,0.6218454620148052,0.07134513985685184,"ESTIMATED floor_None overnight_2000 slope, n=568",,,,,,,,NO_SIGNAL,SUPPRESSED: eligibility snapshot time unpublished,cash basis UNRESOLVED; gross basis required,,,,,
rMDLZ-2026-09-30-1,rMDLZ,RMDLZUSDT,2026-09-30,1000,0.52,0.364,0.364,0.52,False,GROSS,2.0,60.83,60.506640359752296,OBSERVED ticker lastPrice at run time,0.001,OBSERVED live symbol takerFeeRate,0.6218454620148052,0.07134513985685184,"ESTIMATED floor_None overnight_2000 slope, n=568",,,,,,,,NO_SIGNAL,SUPPRESSED: eligibility snapshot time unpublished,sell: no depth sample for this symbol/session; buy: no depth sample for this symbol/session,,,,,
rMDLZ-2026-09-30-1,rMDLZ,RMDLZUSDT,2026-09-30,5000,0.52,0.364,0.364,0.52,False,GROSS,2.0,60.83,60.506640359752296,OBSERVED ticker lastPrice at run time,0.001,OBSERVED live symbol takerFeeRate,0.6218454620148052,0.07134513985685184,"ESTIMATED floor_None overnight_2000 slope, n=568",,,,,,,,NO_SIGNAL,SUPPRESSED: eligibility snapshot time unpublished,sell: no depth sample for this symbol/session; buy: no depth sample for this symbol/session,,,,,
rMDLZ-2026-09-30-1,rMDLZ,RMDLZUSDT,2026-09-30,25000,0.52,0.364,0.364,0.52,False,GROSS,2.0,60.83,60.506640359752296,OBSERVED ticker lastPrice at run time,0.001,OBSERVED live symbol takerFeeRate,0.6218454620148052,0.07134513985685184,"ESTIMATED floor_None overnight_2000 slope, n=568",,,,,,,,NO_SIGNAL,SUPPRESSED: eligibility snapshot time unpublished,sell: no depth sample for this symbol/session; buy: no depth sample for this symbol/session,,,,,
rMPWR-2026-09-30-1,rMPWR,RMPWRUSDT,2026-09-30,1000,2.0,1.4,1.4,2.0,False,GROSS,2.0,1219.0,1217.7563090759704,OBSERVED ticker lastPrice at run time,0.001,OBSERVED live symbol takerFeeRate,0.6218454620148052,0.07134513985685184,"ESTIMATED floor_None overnight_2000 slope, n=568",6.332011905145958,-6.773701540543755,-6.488320981116347,-6.773701540543755,-7.373701540543754,-5.373701540543755,-6.1757028291755685,HOLD,SUPPRESSED: eligibility snapshot time unpublished,,2026-09-18T23:05:03.291954+00:00,ticker_only,2026-09-19T03:05:03.356996+00:00,ticker_only,
rMPWR-2026-09-30-1,rMPWR,RMPWRUSDT,2026-09-30,5000,2.0,1.4,1.4,2.0,False,GROSS,2.0,1219.0,1217.7563090759704,OBSERVED ticker lastPrice at run time,0.001,OBSERVED live symbol takerFeeRate,0.6218454620148052,0.07134513985685184,"ESTIMATED floor_None overnight_2000 slope, n=568",6.332011905145958,-6.773701540543755,-6.488320981116347,-6.773701540543755,-7.373701540543754,-5.373701540543755,-6.1757028291755685,HOLD,SUPPRESSED: eligibility snapshot time unpublished,,2026-09-18T23:05:03.291954+00:00,ticker_only,2026-09-19T03:05:03.356996+00:00,ticker_only,
rMPWR-2026-09-30-1,rMPWR,RMPWRUSDT,2026-09-30,25000,2.0,1.4,1.4,2.0,False,GROSS,2.0,1219.0,1217.7563090759704,OBSERVED ticker lastPrice at run time,0.001,OBSERVED live symbol takerFeeRate,0.6218454620148052,0.07134513985685184,"ESTIMATED floor_None overnight_2000 slope, n=568",,,,,,,,NO_SIGNAL,SUPPRESSED: eligibility snapshot time unpublished,"buy: $25,000 exceeds visible top-of-book ($6,099) on ticker-only symbol",2026-09-18T23:05:03.291954+00:00,ticker_only,2026-09-19T03:05:03.356996+00:00,ticker_only,
rMORN-2026-10-02-1,rMORN,RMORNUSDT,2026-10-02,1000,,,,,False,UNRESOLVED,,203.84,,OBSERVED ticker lastPrice at run time,0.001,OBSERVED live symbol takerFeeRate,0.6218454620148052,0.07134513985685184,"ESTIMATED floor_None overnight_2000 slope, n=568",,,,,,,,NO_SIGNAL,SUPPRESSED: eligibility snapshot time unpublished,cash basis UNRESOLVED; gross basis required,,,,,
rMORN-2026-10-02-1,rMORN,RMORNUSDT,2026-10-02,5000,,,,,False,UNRESOLVED,,203.84,,OBSERVED ticker lastPrice at run time,0.001,OBSERVED live symbol takerFeeRate,0.6218454620148052,0.07134513985685184,"ESTIMATED floor_None overnight_2000 slope, n=568",,,,,,,,NO_SIGNAL,SUPPRESSED: eligibility snapshot time unpublished,cash basis UNRESOLVED; gross basis required,,,,,
rMORN-2026-10-02-1,rMORN,RMORNUSDT,2026-10-02,25000,,,,,False,UNRESOLVED,,203.84,,OBSERVED ticker lastPrice at run time,0.001,OBSERVED live symbol takerFeeRate,0.6218454620148052,0.07134513985685184,"ESTIMATED floor_None overnight_2000 slope, n=568",,,,,,,,NO_SIGNAL,SUPPRESSED: eligibility snapshot time unpublished,cash basis UNRESOLVED; gross basis required,,,,,
rMSFT-2026-11-19-1,rMSFT,RMSFTUSDT,2026-11-19,1000,0.98,0.686,0.6859999999999999,0.98,False,GROSS,2.0,494.19,493.5805914472255,OBSERVED ticker lastPrice at run time,0.001,OBSERVED live symbol takerFeeRate,0.6218454620148052,0.07134513985685184,"ESTIMATED floor_None overnight_2000 slope, n=568",,,,,,,,NO_SIGNAL,SUPPRESSED: eligibility snapshot time unpublished,sell: no depth sample for this symbol/session; buy: no depth sample for this symbol/session,,,,,
rMSFT-2026-11-19-1,rMSFT,RMSFTUSDT,2026-11-19,5000,0.98,0.686,0.6859999999999999,0.98,False,GROSS,2.0,494.19,493.5805914472255,OBSERVED ticker lastPrice at run time,0.001,OBSERVED live symbol takerFeeRate,0.6218454620148052,0.07134513985685184,"ESTIMATED floor_None overnight_2000 slope, n=568",,,,,,,,NO_SIGNAL,SUPPRESSED: eligibility snapshot time unpublished,sell: no depth sample for this symbol/session; buy: no depth sample for this symbol/session,,,,,
rMSFT-2026-11-19-1,rMSFT,RMSFTUSDT,2026-11-19,25000,0.98,0.686,0.6859999999999999,0.98,False,GROSS,2.0,494.19,493.5805914472255,OBSERVED ticker lastPrice at run time,0.001,OBSERVED live symbol takerFeeRate,0.6218454620148052,0.07134513985685184,"ESTIMATED floor_None overnight_2000 slope, n=568",,,,,,,,NO_SIGNAL,SUPPRESSED: eligibility snapshot time unpublished,sell: no depth sample for this symbol/session; buy: no depth sample for this symbol/session,,,,,
rMTCH-2026-10-05-1,rMTCH,RMTCHUSDT,2026-10-05,1000,0.2,0.14,0.13999999999999999,0.2,False,GROSS,2.0,43.12,42.99563090759704,OBSERVED ticker lastPrice at run time,0.001,OBSERVED live symbol takerFeeRate,0.6218454620148052,0.07134513985685184,"ESTIMATED floor_None overnight_2000 slope, n=568",,,,,,,,NO_SIGNAL,SUPPRESSED: eligibility snapshot time unpublished,sell: no depth sample for this symbol/session; buy: no depth sample for this symbol/session,,,,,
rMTCH-2026-10-05-1,rMTCH,RMTCHUSDT,2026-10-05,5000,0.2,0.14,0.13999999999999999,0.2,False,GROSS,2.0,43.12,42.99563090759704,OBSERVED ticker lastPrice at run time,0.001,OBSERVED live symbol takerFeeRate,0.6218454620148052,0.07134513985685184,"ESTIMATED floor_None overnight_2000 slope, n=568",,,,,,,,NO_SIGNAL,SUPPRESSED: eligibility snapshot time unpublished,sell: no depth sample for this symbol/session; buy: no depth sample for this symbol/session,,,,,
rMTCH-2026-10-05-1,rMTCH,RMTCHUSDT,2026-10-05,25000,0.2,0.14,0.13999999999999999,0.2,False,GROSS,2.0,43.12,42.99563090759704,OBSERVED ticker lastPrice at run time,0.001,OBSERVED live symbol takerFeeRate,0.6218454620148052,0.07134513985685184,"ESTIMATED floor_None overnight_2000 slope, n=568",,,,,,,,NO_SIGNAL,SUPPRESSED: eligibility snapshot time unpublished,sell: no depth sample for this symbol/session; buy: no depth sample for this symbol/session,,,,,
rMT-2026-11-13-1,rMT,RMTUSDT,2026-11-13,1000,,,,,False,UNRESOLVED,,72.53,,OBSERVED ticker lastPrice at run time,0.001,OBSERVED live symbol takerFeeRate,0.6218454620148052,0.07134513985685184,"ESTIMATED floor_None overnight_2000 slope, n=568",,,,,,,,NO_SIGNAL,SUPPRESSED: eligibility snapshot time unpublished,cash basis UNRESOLVED; gross basis required,,,,,
rMT-2026-11-13-1,rMT,RMTUSDT,2026-11-13,5000,,,,,False,UNRESOLVED,,72.53,,OBSERVED ticker lastPrice at run time,0.001,OBSERVED live symbol takerFeeRate,0.6218454620148052,0.07134513985685184,"ESTIMATED floor_None overnight_2000 slope, n=568",,,,,,,,NO_SIGNAL,SUPPRESSED: eligibility snapshot time unpublished,cash basis UNRESOLVED; gross basis required,,,,,
rMT-2026-11-13-1,rMT,RMTUSDT,2026-11-13,25000,,,,,False,UNRESOLVED,,72.53,,OBSERVED ticker lastPrice at run time,0.001,OBSERVED live symbol takerFeeRate,0.6218454620148052,0.07134513985685184,"ESTIMATED floor_None overnight_2000 slope, n=568",,,,,,,,NO_SIGNAL,SUPPRESSED: eligibility snapshot time unpublished,cash basis UNRESOLVED; gross basis required,,,,,
rNJR-2026-09-24-1,rNJR,RNJRUSDT,2026-09-24,1000,,,,,False,UNRESOLVED,,53.32,,OBSERVED ticker lastPrice at run time,0.001,OBSERVED live symbol takerFeeRate,0.6218454620148052,0.07134513985685184,"ESTIMATED floor_None overnight_2000 slope, n=568",,,,,,,,NO_SIGNAL,SUPPRESSED: eligibility snapshot time unpublished,cash basis UNRESOLVED; gross basis required,,,,,
rNJR-2026-09-24-1,rNJR,RNJRUSDT,2026-09-24,5000,,,,,False,UNRESOLVED,,53.32,,OBSERVED ticker lastPrice at run time,0.001,OBSERVED live symbol takerFeeRate,0.6218454620148052,0.07134513985685184,"ESTIMATED floor_None overnight_2000 slope, n=568",,,,,,,,NO_SIGNAL,SUPPRESSED: eligibility snapshot time unpublished,cash basis UNRESOLVED; gross basis required,,,,,
rNJR-2026-09-24-1,rNJR,RNJRUSDT,2026-09-24,25000,,,,,False,UNRESOLVED,,53.32,,OBSERVED ticker lastPrice at run time,0.001,OBSERVED live symbol takerFeeRate,0.6218454620148052,0.07134513985685184,"ESTIMATED floor_None overnight_2000 slope, n=568",,,,,,,,NO_SIGNAL,SUPPRESSED: eligibility snapshot time unpublished,cash basis UNRESOLVED; gross basis required,,,,,
rNLY-2026-09-30-1,rNLY,RNLYUSDT,2026-09-30,1000,,,,,False,UNRESOLVED,,21.16,,OBSERVED ticker lastPrice at run time,0.001,OBSERVED live symbol takerFeeRate,0.6218454620148052,0.07134513985685184,"ESTIMATED floor_None overnight_2000 slope, n=568",,,,,,,,NO_SIGNAL,SUPPRESSED: eligibility snapshot time unpublished,cash basis UNRESOLVED; gross basis required,,,,,
rNLY-2026-09-30-1,rNLY,RNLYUSDT,2026-09-30,5000,,,,,False,UNRESOLVED,,21.16,,OBSERVED ticker lastPrice at run time,0.001,OBSERVED live symbol takerFeeRate,0.6218454620148052,0.07134513985685184,"ESTIMATED floor_None overnight_2000 slope, n=568",,,,,,,,NO_SIGNAL,SUPPRESSED: eligibility snapshot time unpublished,cash basis UNRESOLVED; gross basis required,,,,,
rNLY-2026-09-30-1,rNLY,RNLYUSDT,2026-09-30,25000,,,,,False,UNRESOLVED,,21.16,,OBSERVED ticker lastPrice at run time,0.001,OBSERVED live symbol takerFeeRate,0.6218454620148052,0.07134513985685184,"ESTIMATED floor_None overnight_2000 slope, n=568",,,,,,,,NO_SIGNAL,SUPPRESSED: eligibility snapshot time unpublished,cash basis UNRESOLVED; gross basis required,,,,,
rNI-2026-10-30-1,rNI,RNIUSDT,2026-10-30,1000,,,,,False,UNRESOLVED,,40.5,,OBSERVED ticker lastPrice at run time,0.001,OBSERVED live symbol takerFeeRate,0.6218454620148052,0.07134513985685184,"ESTIMATED floor_None overnight_2000 slope, n=568",,,,,,,,NO_SIGNAL,SUPPRESSED: eligibility snapshot time unpublished,cash basis UNRESOLVED; gross basis required,,,,,
rNI-2026-10-30-1,rNI,RNIUSDT,2026-10-30,5000,,,,,False,UNRESOLVED,,40.5,,OBSERVED ticker lastPrice at run time,0.001,OBSERVED live symbol takerFeeRate,0.6218454620148052,0.07134513985685184,"ESTIMATED floor_None overnight_2000 slope, n=568",,,,,,,,NO_SIGNAL,SUPPRESSED: eligibility snapshot time unpublished,cash basis UNRESOLVED; gross basis required,,,,,
rNI-2026-10-30-1,rNI,RNIUSDT,2026-10-30,25000,,,,,False,UNRESOLVED,,40.5,,OBSERVED ticker lastPrice at run time,0.001,OBSERVED live symbol takerFeeRate,0.6218454620148052,0.07134513985685184,"ESTIMATED floor_None overnight_2000 slope, n=568",,,,,,,,NO_SIGNAL,SUPPRESSED: eligibility snapshot time unpublished,cash basis UNRESOLVED; gross basis required,,,,,
rNTAP-2026-10-09-1,rNTAP,RNTAPUSDT,2026-10-09,1000,0.52,0.364,0.364,0.52,False,GROSS,2.0,198.34,198.0166403597523,OBSERVED ticker lastPrice at run time,0.001,OBSERVED live symbol takerFeeRate,0.6218454620148052,0.07134513985685184,"ESTIMATED floor_None overnight_2000 slope, n=568",,,,,,,,NO_SIGNAL,SUPPRESSED: eligibility snapshot time unpublished,sell: no depth sample for this symbol/session; buy: no depth sample for this symbol/session,,,,,
rNTAP-2026-10-09-1,rNTAP,RNTAPUSDT,2026-10-09,5000,0.52,0.364,0.364,0.52,False,GROSS,2.0,198.34,198.0166403597523,OBSERVED ticker lastPrice at run time,0.001,OBSERVED live symbol takerFeeRate,0.6218454620148052,0.07134513985685184,"ESTIMATED floor_None overnight_2000 slope, n=568",,,,,,,,NO_SIGNAL,SUPPRESSED: eligibility snapshot time unpublished,sell: no depth sample for this symbol/session; buy: no depth sample for this symbol/session,,,,,
rNTAP-2026-10-09-1,rNTAP,RNTAPUSDT,2026-10-09,25000,0.52,0.364,0.364,0.52,False,GROSS,2.0,198.34,198.0166403597523,OBSERVED ticker lastPrice at run time,0.001,OBSERVED live symbol takerFeeRate,0.6218454620148052,0.07134513985685184,"ESTIMATED floor_None overnight_2000 slope, n=568",,,,,,,,NO_SIGNAL,SUPPRESSED: eligibility snapshot time unpublished,sell: no depth sample for this symbol/session; buy: no depth sample for this symbol/session,,,,,
rO-2026-09-30-1,rO,ROUSDT,2026-09-30,1000,,,,,False,UNRESOLVED,,56.91,,OBSERVED ticker lastPrice at run time,0.001,OBSERVED live symbol takerFeeRate,0.6218454620148052,0.07134513985685184,"ESTIMATED floor_None overnight_2000 slope, n=568",,,,,,,,NO_SIGNAL,SUPPRESSED: eligibility snapshot time unpublished,cash basis UNRESOLVED; gross basis required,,,,,
rO-2026-09-30-1,rO,ROUSDT,2026-09-30,5000,,,,,False,UNRESOLVED,,56.91,,OBSERVED ticker lastPrice at run time,0.001,OBSERVED live symbol takerFeeRate,0.6218454620148052,0.07134513985685184,"ESTIMATED floor_None overnight_2000 slope, n=568",,,,,,,,NO_SIGNAL,SUPPRESSED: eligibility snapshot time unpublished,cash basis UNRESOLVED; gross basis required,,,,,
rO-2026-09-30-1,rO,ROUSDT,2026-09-30,25000,,,,,False,UNRESOLVED,,56.91,,OBSERVED ticker lastPrice at run time,0.001,OBSERVED live symbol takerFeeRate,0.6218454620148052,0.07134513985685184,"ESTIMATED floor_None overnight_2000 slope, n=568",,,,,,,,NO_SIGNAL,SUPPRESSED: eligibility snapshot time unpublished,cash basis UNRESOLVED; gross basis required,,,,,
rOBDC-2026-09-30-1,rOBDC,ROBDCUSDT,2026-09-30,1000,,,,,False,UNRESOLVED,,11.17,,OBSERVED ticker lastPrice at run time,0.001,OBSERVED live symbol takerFeeRate,0.6218454620148052,0.07134513985685184,"ESTIMATED floor_None overnight_2000 slope, n=568",,,,,,,,NO_SIGNAL,SUPPRESSED: eligibility snapshot time unpublished,cash basis UNRESOLVED; gross basis required,,,,,
rOBDC-2026-09-30-1,rOBDC,ROBDCUSDT,2026-09-30,5000,,,,,False,UNRESOLVED,,11.17,,OBSERVED ticker lastPrice at run time,0.001,OBSERVED live symbol takerFeeRate,0.6218454620148052,0.07134513985685184,"ESTIMATED floor_None overnight_2000 slope, n=568",,,,,,,,NO_SIGNAL,SUPPRESSED: eligibility snapshot time unpublished,cash basis UNRESOLVED; gross basis required,,,,,
rOBDC-2026-09-30-1,rOBDC,ROBDCUSDT,2026-09-30,25000,,,,,False,UNRESOLVED,,11.17,,OBSERVED ticker lastPrice at run time,0.001,OBSERVED live symbol takerFeeRate,0.6218454620148052,0.07134513985685184,"ESTIMATED floor_None overnight_2000 slope, n=568",,,,,,,,NO_SIGNAL,SUPPRESSED: eligibility snapshot time unpublished,cash basis UNRESOLVED; gross basis required,,,,,
rOTF-2026-09-21-1,rOTF,ROTFUSDT,2026-09-21,1000,,,,,False,UNRESOLVED,,10.59,,OBSERVED ticker lastPrice at run time,0.001,OBSERVED live symbol takerFeeRate,0.6218454620148052,0.07134513985685184,"ESTIMATED floor_None overnight_2000 slope, n=568",,,,,,,,NO_SIGNAL,SUPPRESSED: eligibility snapshot time unpublished,cash basis UNRESOLVED; gross basis required,,,,,
rOTF-2026-09-21-1,rOTF,ROTFUSDT,2026-09-21,5000,,,,,False,UNRESOLVED,,10.59,,OBSERVED ticker lastPrice at run time,0.001,OBSERVED live symbol takerFeeRate,0.6218454620148052,0.07134513985685184,"ESTIMATED floor_None overnight_2000 slope, n=568",,,,,,,,NO_SIGNAL,SUPPRESSED: eligibility snapshot time unpublished,cash basis UNRESOLVED; gross basis required,,,,,
rOTF-2026-09-21-1,rOTF,ROTFUSDT,2026-09-21,25000,,,,,False,UNRESOLVED,,10.59,,OBSERVED ticker lastPrice at run time,0.001,OBSERVED live symbol takerFeeRate,0.6218454620148052,0.07134513985685184,"ESTIMATED floor_None overnight_2000 slope, n=568",,,,,,,,NO_SIGNAL,SUPPRESSED: eligibility snapshot time unpublished,cash basis UNRESOLVED; gross basis required,,,,,
rOR-2026-09-29-1,rOR,RORUSDT,2026-09-29,1000,,,,,False,UNRESOLVED,,36.88,,OBSERVED ticker lastPrice at run time,0.001,OBSERVED live symbol takerFeeRate,0.6218454620148052,0.07134513985685184,"ESTIMATED floor_None overnight_2000 slope, n=568",,,,,,,,NO_SIGNAL,SUPPRESSED: eligibility snapshot time unpublished,cash basis UNRESOLVED; gross basis required,,,,,
rOR-2026-09-29-1,rOR,RORUSDT,2026-09-29,5000,,,,,False,UNRESOLVED,,36.88,,OBSERVED ticker lastPrice at run time,0.001,OBSERVED live symbol takerFeeRate,0.6218454620148052,0.07134513985685184,"ESTIMATED floor_None overnight_2000 slope, n=568",,,,,,,,NO_SIGNAL,SUPPRESSED: eligibility snapshot time unpublished,cash basis UNRESOLVED; gross basis required,,,,,
rOR-2026-09-29-1,rOR,RORUSDT,2026-09-29,25000,,,,,False,UNRESOLVED,,36.88,,OBSERVED ticker lastPrice at run time,0.001,OBSERVED live symbol takerFeeRate,0.6218454620148052,0.07134513985685184,"ESTIMATED floor_None overnight_2000 slope, n=568",,,,,,,,NO_SIGNAL,SUPPRESSED: eligibility snapshot time unpublished,cash basis UNRESOLVED; gross basis required,,,,,
rOR-2026-09-30-1,rOR,RORUSDT,2026-09-30,1000,,,,,False,UNRESOLVED,,36.88,,OBSERVED ticker lastPrice at run time,0.001,OBSERVED live symbol takerFeeRate,0.6218454620148052,0.07134513985685184,"ESTIMATED floor_None overnight_2000 slope, n=568",,,,,,,,NO_SIGNAL,SUPPRESSED: eligibility snapshot time unpublished,cash basis UNRESOLVED; gross basis required,,,,,
rOR-2026-09-30-1,rOR,RORUSDT,2026-09-30,5000,,,,,False,UNRESOLVED,,36.88,,OBSERVED ticker lastPrice at run time,0.001,OBSERVED live symbol takerFeeRate,0.6218454620148052,0.07134513985685184,"ESTIMATED floor_None overnight_2000 slope, n=568",,,,,,,,NO_SIGNAL,SUPPRESSED: eligibility snapshot time unpublished,cash basis UNRESOLVED; gross basis required,,,,,
rOR-2026-09-30-1,rOR,RORUSDT,2026-09-30,25000,,,,,False,UNRESOLVED,,36.88,,OBSERVED ticker lastPrice at run time,0.001,OBSERVED live symbol takerFeeRate,0.6218454620148052,0.07134513985685184,"ESTIMATED floor_None overnight_2000 slope, n=568",,,,,,,,NO_SIGNAL,SUPPRESSED: eligibility snapshot time unpublished,cash basis UNRESOLVED; gross basis required,,,,,
rOTF-2026-09-30-1,rOTF,ROTFUSDT,2026-09-30,1000,,,,,False,UNRESOLVED,,10.59,,OBSERVED ticker lastPrice at run time,0.001,OBSERVED live symbol takerFeeRate,0.6218454620148052,0.07134513985685184,"ESTIMATED floor_None overnight_2000 slope, n=568",,,,,,,,NO_SIGNAL,SUPPRESSED: eligibility snapshot time unpublished,cash basis UNRESOLVED; gross basis required,,,,,
rOTF-2026-09-30-1,rOTF,ROTFUSDT,2026-09-30,5000,,,,,False,UNRESOLVED,,10.59,,OBSERVED ticker lastPrice at run time,0.001,OBSERVED live symbol takerFeeRate,0.6218454620148052,0.07134513985685184,"ESTIMATED floor_None overnight_2000 slope, n=568",,,,,,,,NO_SIGNAL,SUPPRESSED: eligibility snapshot time unpublished,cash basis UNRESOLVED; gross basis required,,,,,
rOTF-2026-09-30-1,rOTF,ROTFUSDT,2026-09-30,25000,,,,,False,UNRESOLVED,,10.59,,OBSERVED ticker lastPrice at run time,0.001,OBSERVED live symbol takerFeeRate,0.6218454620148052,0.07134513985685184,"ESTIMATED floor_None overnight_2000 slope, n=568",,,,,,,,NO_SIGNAL,SUPPRESSED: eligibility snapshot time unpublished,cash basis UNRESOLVED; gross basis required,,,,,
rORCL-2026-10-09-1,rORCL,RORCLUSDT,2026-10-09,1000,,,,,False,UNRESOLVED,,147.29,,OBSERVED ticker lastPrice at run time,0.001,OBSERVED live symbol takerFeeRate,0.6218454620148052,0.07134513985685184,"ESTIMATED floor_None overnight_2000 slope, n=568",,,,,,,,NO_SIGNAL,SUPPRESSED: eligibility snapshot time unpublished,cash basis UNRESOLVED; gross basis required,,,,,
rORCL-2026-10-09-1,rORCL,RORCLUSDT,2026-10-09,5000,,,,,False,UNRESOLVED,,147.29,,OBSERVED ticker lastPrice at run time,0.001,OBSERVED live symbol takerFeeRate,0.6218454620148052,0.07134513985685184,"ESTIMATED floor_None overnight_2000 slope, n=568",,,,,,,,NO_SIGNAL,SUPPRESSED: eligibility snapshot time unpublished,cash basis UNRESOLVED; gross basis required,,,,,
rORCL-2026-10-09-1,rORCL,RORCLUSDT,2026-10-09,25000,,,,,False,UNRESOLVED,,147.29,,OBSERVED ticker lastPrice at run time,0.001,OBSERVED live symbol takerFeeRate,0.6218454620148052,0.07134513985685184,"ESTIMATED floor_None overnight_2000 slope, n=568",,,,,,,,NO_SIGNAL,SUPPRESSED: eligibility snapshot time unpublished,cash basis UNRESOLVED; gross basis required,,,,,
rPEGA-2026-10-01-1,rPEGA,RPEGAUSDT,2026-10-01,1000,0.03,0.021,0.020999999999999998,0.03,False,GROSS,2.0,35.06,35.041344636139556,OBSERVED ticker lastPrice at run time,0.001,OBSERVED live symbol takerFeeRate,0.6218454620148052,0.07134513985685184,"ESTIMATED floor_None overnight_2000 slope, n=568",,,,,,,,NO_SIGNAL,SUPPRESSED: eligibility snapshot time unpublished,sell: no depth sample for this symbol/session; buy: no depth sample for this symbol/session,,,,,
rPEGA-2026-10-01-1,rPEGA,RPEGAUSDT,2026-10-01,5000,0.03,0.021,0.020999999999999998,0.03,False,GROSS,2.0,35.06,35.041344636139556,OBSERVED ticker lastPrice at run time,0.001,OBSERVED live symbol takerFeeRate,0.6218454620148052,0.07134513985685184,"ESTIMATED floor_None overnight_2000 slope, n=568",,,,,,,,NO_SIGNAL,SUPPRESSED: eligibility snapshot time unpublished,sell: no depth sample for this symbol/session; buy: no depth sample for this symbol/session,,,,,
rPEGA-2026-10-01-1,rPEGA,RPEGAUSDT,2026-10-01,25000,0.03,0.021,0.020999999999999998,0.03,False,GROSS,2.0,35.06,35.041344636139556,OBSERVED ticker lastPrice at run time,0.001,OBSERVED live symbol takerFeeRate,0.6218454620148052,0.07134513985685184,"ESTIMATED floor_None overnight_2000 slope, n=568",,,,,,,,NO_SIGNAL,SUPPRESSED: eligibility snapshot time unpublished,sell: no depth sample for this symbol/session; buy: no depth sample for this symbol/session,,,,,
rPGR-2026-10-01-1,rPGR,RPGRUSDT,2026-10-01,1000,,,,,False,UNRESOLVED,,212.74,,OBSERVED ticker lastPrice at run time,0.001,OBSERVED live symbol takerFeeRate,0.6218454620148052,0.07134513985685184,"ESTIMATED floor_None overnight_2000 slope, n=568",,,,,,,,NO_SIGNAL,SUPPRESSED: eligibility snapshot time unpublished,cash basis UNRESOLVED; gross basis required,,,,,
rPGR-2026-10-01-1,rPGR,RPGRUSDT,2026-10-01,5000,,,,,False,UNRESOLVED,,212.74,,OBSERVED ticker lastPrice at run time,0.001,OBSERVED live symbol takerFeeRate,0.6218454620148052,0.07134513985685184,"ESTIMATED floor_None overnight_2000 slope, n=568",,,,,,,,NO_SIGNAL,SUPPRESSED: eligibility snapshot time unpublished,cash basis UNRESOLVED; gross basis required,,,,,
rPGR-2026-10-01-1,rPGR,RPGRUSDT,2026-10-01,25000,,,,,False,UNRESOLVED,,212.74,,OBSERVED ticker lastPrice at run time,0.001,OBSERVED live symbol takerFeeRate,0.6218454620148052,0.07134513985685184,"ESTIMATED floor_None overnight_2000 slope, n=568",,,,,,,,NO_SIGNAL,SUPPRESSED: eligibility snapshot time unpublished,cash basis UNRESOLVED; gross basis required,,,,,
rPECO-2026-10-15-1,rPECO,RPECOUSDT,2026-10-15,1000,0.115,0.0805,0.0805,0.115,False,GROSS,2.0,37.16,37.088487771868294,OBSERVED ticker lastPrice at run time,0.001,OBSERVED live symbol takerFeeRate,0.6218454620148052,0.07134513985685184,"ESTIMATED floor_None overnight_2000 slope, n=568",,,,,,,,NO_SIGNAL,SUPPRESSED: eligibility snapshot time unpublished,sell: no depth sample for this symbol/session; buy: no depth sample for this symbol/session,,,,,
rPECO-2026-10-15-1,rPECO,RPECOUSDT,2026-10-15,5000,0.115,0.0805,0.0805,0.115,False,GROSS,2.0,37.16,37.088487771868294,OBSERVED ticker lastPrice at run time,0.001,OBSERVED live symbol takerFeeRate,0.6218454620148052,0.07134513985685184,"ESTIMATED floor_None overnight_2000 slope, n=568",,,,,,,,NO_SIGNAL,SUPPRESSED: eligibility snapshot time unpublished,sell: no depth sample for this symbol/session; buy: no depth sample for this symbol/session,,,,,
rPECO-2026-10-15-1,rPECO,RPECOUSDT,2026-10-15,25000,0.115,0.0805,0.0805,0.115,False,GROSS,2.0,37.16,37.088487771868294,OBSERVED ticker lastPrice at run time,0.001,OBSERVED live symbol takerFeeRate,0.6218454620148052,0.07134513985685184,"ESTIMATED floor_None overnight_2000 slope, n=568",,,,,,,,NO_SIGNAL,SUPPRESSED: eligibility snapshot time unpublished,sell: no depth sample for this symbol/session; buy: no depth sample for this symbol/session,,,,,
rPECO-2026-11-16-1,rPECO,RPECOUSDT,2026-11-16,1000,0.115,0.0805,0.0805,0.115,False,GROSS,2.0,37.16,37.088487771868294,OBSERVED ticker lastPrice at run time,0.001,OBSERVED live symbol takerFeeRate,0.6218454620148052,0.07134513985685184,"ESTIMATED floor_None overnight_2000 slope, n=568",,,,,,,,NO_SIGNAL,SUPPRESSED: eligibility snapshot time unpublished,sell: no depth sample for this symbol/session; buy: no depth sample for this symbol/session,,,,,
rPECO-2026-11-16-1,rPECO,RPECOUSDT,2026-11-16,5000,0.115,0.0805,0.0805,0.115,False,GROSS,2.0,37.16,37.088487771868294,OBSERVED ticker lastPrice at run time,0.001,OBSERVED live symbol takerFeeRate,0.6218454620148052,0.07134513985685184,"ESTIMATED floor_None overnight_2000 slope, n=568",,,,,,,,NO_SIGNAL,SUPPRESSED: eligibility snapshot time unpublished,sell: no depth sample for this symbol/session; buy: no depth sample for this symbol/session,,,,,
rPECO-2026-11-16-1,rPECO,RPECOUSDT,2026-11-16,25000,0.115,0.0805,0.0805,0.115,False,GROSS,2.0,37.16,37.088487771868294,OBSERVED ticker lastPrice at run time,0.001,OBSERVED live symbol takerFeeRate,0.6218454620148052,0.07134513985685184,"ESTIMATED floor_None overnight_2000 slope, n=568",,,,,,,,NO_SIGNAL,SUPPRESSED: eligibility snapshot time unpublished,sell: no depth sample for this symbol/session; buy: no depth sample for this symbol/session,,,,,
rPOR-2026-09-25-1,rPOR,RPORUSDT,2026-09-25,1000,,,,,False,UNRESOLVED,,47.24,,OBSERVED ticker lastPrice at run time,0.001,OBSERVED live symbol takerFeeRate,0.6218454620148052,0.07134513985685184,"ESTIMATED floor_None overnight_2000 slope, n=568",,,,,,,,NO_SIGNAL,SUPPRESSED: eligibility snapshot time unpublished,cash basis UNRESOLVED; gross basis required,,,,,
rPOR-2026-09-25-1,rPOR,RPORUSDT,2026-09-25,5000,,,,,False,UNRESOLVED,,47.24,,OBSERVED ticker lastPrice at run time,0.001,OBSERVED live symbol takerFeeRate,0.6218454620148052,0.07134513985685184,"ESTIMATED floor_None overnight_2000 slope, n=568",,,,,,,,NO_SIGNAL,SUPPRESSED: eligibility snapshot time unpublished,cash basis UNRESOLVED; gross basis required,,,,,
rPOR-2026-09-25-1,rPOR,RPORUSDT,2026-09-25,25000,,,,,False,UNRESOLVED,,47.24,,OBSERVED ticker lastPrice at run time,0.001,OBSERVED live symbol takerFeeRate,0.6218454620148052,0.07134513985685184,"ESTIMATED floor_None overnight_2000 slope, n=568",,,,,,,,NO_SIGNAL,SUPPRESSED: eligibility snapshot time unpublished,cash basis UNRESOLVED; gross basis required,,,,,
rPRIM-2026-09-30-1,rPRIM,RPRIMUSDT,2026-09-30,1000,,,,,False,UNRESOLVED,,77.14,,OBSERVED ticker lastPrice at run time,0.001,OBSERVED live symbol takerFeeRate,0.6218454620148052,0.07134513985685184,"ESTIMATED floor_None overnight_2000 slope, n=568",,,,,,,,NO_SIGNAL,SUPPRESSED: eligibility snapshot time unpublished,cash basis UNRESOLVED; gross basis required,,,,,
rPRIM-2026-09-30-1,rPRIM,RPRIMUSDT,2026-09-30,5000,,,,,False,UNRESOLVED,,77.14,,OBSERVED ticker lastPrice at run time,0.001,OBSERVED live symbol takerFeeRate,0.6218454620148052,0.07134513985685184,"ESTIMATED floor_None overnight_2000 slope, n=568",,,,,,,,NO_SIGNAL,SUPPRESSED: eligibility snapshot time unpublished,cash basis UNRESOLVED; gross basis required,,,,,
rPRIM-2026-09-30-1,rPRIM,RPRIMUSDT,2026-09-30,25000,,,,,False,UNRESOLVED,,77.14,,OBSERVED ticker lastPrice at run time,0.001,OBSERVED live symbol takerFeeRate,0.6218454620148052,0.07134513985685184,"ESTIMATED floor_None overnight_2000 slope, n=568",,,,,,,,NO_SIGNAL,SUPPRESSED: eligibility snapshot time unpublished,cash basis UNRESOLVED; gross basis required,,,,,
rPWR-2026-10-01-1,rPWR,RPWRUSDT,2026-10-01,1000,,,,,False,UNRESOLVED,,636.9,,OBSERVED ticker lastPrice at run time,0.001,OBSERVED live symbol takerFeeRate,0.6218454620148052,0.07134513985685184,"ESTIMATED floor_None overnight_2000 slope, n=568",,,,,,,,NO_SIGNAL,SUPPRESSED: eligibility snapshot time unpublished,cash basis UNRESOLVED; gross basis required,,,,,
rPWR-2026-10-01-1,rPWR,RPWRUSDT,2026-10-01,5000,,,,,False,UNRESOLVED,,636.9,,OBSERVED ticker lastPrice at run time,0.001,OBSERVED live symbol takerFeeRate,0.6218454620148052,0.07134513985685184,"ESTIMATED floor_None overnight_2000 slope, n=568",,,,,,,,NO_SIGNAL,SUPPRESSED: eligibility snapshot time unpublished,cash basis UNRESOLVED; gross basis required,,,,,
rPWR-2026-10-01-1,rPWR,RPWRUSDT,2026-10-01,25000,,,,,False,UNRESOLVED,,636.9,,OBSERVED ticker lastPrice at run time,0.001,OBSERVED live symbol takerFeeRate,0.6218454620148052,0.07134513985685184,"ESTIMATED floor_None overnight_2000 slope, n=568",,,,,,,,NO_SIGNAL,SUPPRESSED: eligibility snapshot time unpublished,cash basis UNRESOLVED; gross basis required,,,,,
rREXR-2026-09-30-1,rREXR,RREXRUSDT,2026-09-30,1000,,,,,False,UNRESOLVED,,38.4,,OBSERVED ticker lastPrice at run time,0.001,OBSERVED live symbol takerFeeRate,0.6218454620148052,0.07134513985685184,"ESTIMATED floor_None overnight_2000 slope, n=568",,,,,,,,NO_SIGNAL,SUPPRESSED: eligibility snapshot time unpublished,cash basis UNRESOLVED; gross basis required,,,,,
rREXR-2026-09-30-1,rREXR,RREXRUSDT,2026-09-30,5000,,,,,False,UNRESOLVED,,38.4,,OBSERVED ticker lastPrice at run time,0.001,OBSERVED live symbol takerFeeRate,0.6218454620148052,0.07134513985685184,"ESTIMATED floor_None overnight_2000 slope, n=568",,,,,,,,NO_SIGNAL,SUPPRESSED: eligibility snapshot time unpublished,cash basis UNRESOLVED; gross basis required,,,,,
rREXR-2026-09-30-1,rREXR,RREXRUSDT,2026-09-30,25000,,,,,False,UNRESOLVED,,38.4,,OBSERVED ticker lastPrice at run time,0.001,OBSERVED live symbol takerFeeRate,0.6218454620148052,0.07134513985685184,"ESTIMATED floor_None overnight_2000 slope, n=568",,,,,,,,NO_SIGNAL,SUPPRESSED: eligibility snapshot time unpublished,cash basis UNRESOLVED; gross basis required,,,,,
rRL-2026-09-25-1,rRL,RRLUSDT,2026-09-25,1000,,,,,False,UNRESOLVED,,335.1,,OBSERVED ticker lastPrice at run time,0.001,OBSERVED live symbol takerFeeRate,0.6218454620148052,0.07134513985685184,"ESTIMATED floor_None overnight_2000 slope, n=568",,,,,,,,NO_SIGNAL,SUPPRESSED: eligibility snapshot time unpublished,cash basis UNRESOLVED; gross basis required,,,,,
rRL-2026-09-25-1,rRL,RRLUSDT,2026-09-25,5000,,,,,False,UNRESOLVED,,335.1,,OBSERVED ticker lastPrice at run time,0.001,OBSERVED live symbol takerFeeRate,0.6218454620148052,0.07134513985685184,"ESTIMATED floor_None overnight_2000 slope, n=568",,,,,,,,NO_SIGNAL,SUPPRESSED: eligibility snapshot time unpublished,cash basis UNRESOLVED; gross basis required,,,,,
rRL-2026-09-25-1,rRL,RRLUSDT,2026-09-25,25000,,,,,False,UNRESOLVED,,335.1,,OBSERVED ticker lastPrice at run time,0.001,OBSERVED live symbol takerFeeRate,0.6218454620148052,0.07134513985685184,"ESTIMATED floor_None overnight_2000 slope, n=568",,,,,,,,NO_SIGNAL,SUPPRESSED: eligibility snapshot time unpublished,cash basis UNRESOLVED; gross basis required,,,,,
rRHP-2026-09-30-1,rRHP,RRHPUSDT,2026-09-30,1000,,,,,False,UNRESOLVED,,121.95,,OBSERVED ticker lastPrice at run time,0.001,OBSERVED live symbol takerFeeRate,0.6218454620148052,0.07134513985685184,"ESTIMATED floor_None overnight_2000 slope, n=568",,,,,,,,NO_SIGNAL,SUPPRESSED: eligibility snapshot time unpublished,cash basis UNRESOLVED; gross basis required,,,,,
rRHP-2026-09-30-1,rRHP,RRHPUSDT,2026-09-30,5000,,,,,False,UNRESOLVED,,121.95,,OBSERVED ticker lastPrice at run time,0.001,OBSERVED live symbol takerFeeRate,0.6218454620148052,0.07134513985685184,"ESTIMATED floor_None overnight_2000 slope, n=568",,,,,,,,NO_SIGNAL,SUPPRESSED: eligibility snapshot time unpublished,cash basis UNRESOLVED; gross basis required,,,,,
rRHP-2026-09-30-1,rRHP,RRHPUSDT,2026-09-30,25000,,,,,False,UNRESOLVED,,121.95,,OBSERVED ticker lastPrice at run time,0.001,OBSERVED live symbol takerFeeRate,0.6218454620148052,0.07134513985685184,"ESTIMATED floor_None overnight_2000 slope, n=568",,,,,,,,NO_SIGNAL,SUPPRESSED: eligibility snapshot time unpublished,cash basis UNRESOLVED; gross basis required,,,,,
rRJF-2026-10-01-1,rRJF,RRJFUSDT,2026-10-01,1000,,,,,False,UNRESOLVED,,164.59,,OBSERVED ticker lastPrice at run time,0.001,OBSERVED live symbol takerFeeRate,0.6218454620148052,0.07134513985685184,"ESTIMATED floor_None overnight_2000 slope, n=568",,,,,,,,NO_SIGNAL,SUPPRESSED: eligibility snapshot time unpublished,cash basis UNRESOLVED; gross basis required,,,,,
rRJF-2026-10-01-1,rRJF,RRJFUSDT,2026-10-01,5000,,,,,False,UNRESOLVED,,164.59,,OBSERVED ticker lastPrice at run time,0.001,OBSERVED live symbol takerFeeRate,0.6218454620148052,0.07134513985685184,"ESTIMATED floor_None overnight_2000 slope, n=568",,,,,,,,NO_SIGNAL,SUPPRESSED: eligibility snapshot time unpublished,cash basis UNRESOLVED; gross basis required,,,,,
rRJF-2026-10-01-1,rRJF,RRJFUSDT,2026-10-01,25000,,,,,False,UNRESOLVED,,164.59,,OBSERVED ticker lastPrice at run time,0.001,OBSERVED live symbol takerFeeRate,0.6218454620148052,0.07134513985685184,"ESTIMATED floor_None overnight_2000 slope, n=568",,,,,,,,NO_SIGNAL,SUPPRESSED: eligibility snapshot time unpublished,cash basis UNRESOLVED; gross basis required,,,,,
rROP-2026-10-02-1,rROP,RROPUSDT,2026-10-02,1000,0.91,0.637,0.637,0.91,False,GROSS,2.0,372.37,371.8041206295665,OBSERVED ticker lastPrice at run time,0.001,OBSERVED live symbol takerFeeRate,0.6218454620148052,0.07134513985685184,"ESTIMATED floor_None overnight_2000 slope, n=568",,,,,,,,NO_SIGNAL,SUPPRESSED: eligibility snapshot time unpublished,sell: no depth sample for this symbol/session; buy: no depth sample for this symbol/session,,,,,
rROP-2026-10-02-1,rROP,RROPUSDT,2026-10-02,5000,0.91,0.637,0.637,0.91,False,GROSS,2.0,372.37,371.8041206295665,OBSERVED ticker lastPrice at run time,0.001,OBSERVED live symbol takerFeeRate,0.6218454620148052,0.07134513985685184,"ESTIMATED floor_None overnight_2000 slope, n=568",,,,,,,,NO_SIGNAL,SUPPRESSED: eligibility snapshot time unpublished,sell: no depth sample for this symbol/session; buy: no depth sample for this symbol/session,,,,,
rROP-2026-10-02-1,rROP,RROPUSDT,2026-10-02,25000,0.91,0.637,0.637,0.91,False,GROSS,2.0,372.37,371.8041206295665,OBSERVED ticker lastPrice at run time,0.001,OBSERVED live symbol takerFeeRate,0.6218454620148052,0.07134513985685184,"ESTIMATED floor_None overnight_2000 slope, n=568",,,,,,,,NO_SIGNAL,SUPPRESSED: eligibility snapshot time unpublished,sell: no depth sample for this symbol/session; buy: no depth sample for this symbol/session,,,,,
rRRX-2026-09-30-1,rRRX,RRRXUSDT,2026-09-30,1000,,,,,False,UNRESOLVED,,148.05,,OBSERVED ticker lastPrice at run time,0.001,OBSERVED live symbol takerFeeRate,0.6218454620148052,0.07134513985685184,"ESTIMATED floor_None overnight_2000 slope, n=568",,,,,,,,NO_SIGNAL,SUPPRESSED: eligibility snapshot time unpublished,cash basis UNRESOLVED; gross basis required,,,,,
rRRX-2026-09-30-1,rRRX,RRRXUSDT,2026-09-30,5000,,,,,False,UNRESOLVED,,148.05,,OBSERVED ticker lastPrice at run time,0.001,OBSERVED live symbol takerFeeRate,0.6218454620148052,0.07134513985685184,"ESTIMATED floor_None overnight_2000 slope, n=568",,,,,,,,NO_SIGNAL,SUPPRESSED: eligibility snapshot time unpublished,cash basis UNRESOLVED; gross basis required,,,,,
rRRX-2026-09-30-1,rRRX,RRRXUSDT,2026-09-30,25000,,,,,False,UNRESOLVED,,148.05,,OBSERVED ticker lastPrice at run time,0.001,OBSERVED live symbol takerFeeRate,0.6218454620148052,0.07134513985685184,"ESTIMATED floor_None overnight_2000 slope, n=568",,,,,,,,NO_SIGNAL,SUPPRESSED: eligibility snapshot time unpublished,cash basis UNRESOLVED; gross basis required,,,,,
rRSG-2026-10-02-1,rRSG,RRSGUSDT,2026-10-02,1000,,,,,False,UNRESOLVED,,218.07,,OBSERVED ticker lastPrice at run time,0.001,OBSERVED live symbol takerFeeRate,0.6218454620148052,0.07134513985685184,"ESTIMATED floor_None overnight_2000 slope, n=568",,,,,,,,NO_SIGNAL,SUPPRESSED: eligibility snapshot time unpublished,cash basis UNRESOLVED; gross basis required,,,,,
rRSG-2026-10-02-1,rRSG,RRSGUSDT,2026-10-02,5000,,,,,False,UNRESOLVED,,218.07,,OBSERVED ticker lastPrice at run time,0.001,OBSERVED live symbol takerFeeRate,0.6218454620148052,0.07134513985685184,"ESTIMATED floor_None overnight_2000 slope, n=568",,,,,,,,NO_SIGNAL,SUPPRESSED: eligibility snapshot time unpublished,cash basis UNRESOLVED; gross basis required,,,,,
rRSG-2026-10-02-1,rRSG,RRSGUSDT,2026-10-02,25000,,,,,False,UNRESOLVED,,218.07,,OBSERVED ticker lastPrice at run time,0.001,OBSERVED live symbol takerFeeRate,0.6218454620148052,0.07134513985685184,"ESTIMATED floor_None overnight_2000 slope, n=568",,,,,,,,NO_SIGNAL,SUPPRESSED: eligibility snapshot time unpublished,cash basis UNRESOLVED; gross basis required,,,,,
rSAIC-2026-10-09-1,rSAIC,RSAICUSDT,2026-10-09,1000,0.37,0.259,0.259,0.37,False,GROSS,2.0,133.1,132.8699171790545,OBSERVED ticker lastPrice at run time,0.001,OBSERVED live symbol takerFeeRate,0.6218454620148052,0.07134513985685184,"ESTIMATED floor_None overnight_2000 slope, n=568",,,,,,,,NO_SIGNAL,SUPPRESSED: eligibility snapshot time unpublished,sell: no depth sample for this symbol/session; buy: no depth sample for this symbol/session,,,,,
rSAIC-2026-10-09-1,rSAIC,RSAICUSDT,2026-10-09,5000,0.37,0.259,0.259,0.37,False,GROSS,2.0,133.1,132.8699171790545,OBSERVED ticker lastPrice at run time,0.001,OBSERVED live symbol takerFeeRate,0.6218454620148052,0.07134513985685184,"ESTIMATED floor_None overnight_2000 slope, n=568",,,,,,,,NO_SIGNAL,SUPPRESSED: eligibility snapshot time unpublished,sell: no depth sample for this symbol/session; buy: no depth sample for this symbol/session,,,,,
rSAIC-2026-10-09-1,rSAIC,RSAICUSDT,2026-10-09,25000,0.37,0.259,0.259,0.37,False,GROSS,2.0,133.1,132.8699171790545,OBSERVED ticker lastPrice at run time,0.001,OBSERVED live symbol takerFeeRate,0.6218454620148052,0.07134513985685184,"ESTIMATED floor_None overnight_2000 slope, n=568",,,,,,,,NO_SIGNAL,SUPPRESSED: eligibility snapshot time unpublished,sell: no depth sample for this symbol/session; buy: no depth sample for this symbol/session,,,,,
rRVTY-2026-10-23-1,rRVTY,RRVTYUSDT,2026-10-23,1000,,,,,False,UNRESOLVED,,144.86,,OBSERVED ticker lastPrice at run time,0.001,OBSERVED live symbol takerFeeRate,0.6218454620148052,0.07134513985685184,"ESTIMATED floor_None overnight_2000 slope, n=568",,,,,,,,NO_SIGNAL,SUPPRESSED: eligibility snapshot time unpublished,cash basis UNRESOLVED; gross basis required,,,,,
rRVTY-2026-10-23-1,rRVTY,RRVTYUSDT,2026-10-23,5000,,,,,False,UNRESOLVED,,144.86,,OBSERVED ticker lastPrice at run time,0.001,OBSERVED live symbol takerFeeRate,0.6218454620148052,0.07134513985685184,"ESTIMATED floor_None overnight_2000 slope, n=568",,,,,,,,NO_SIGNAL,SUPPRESSED: eligibility snapshot time unpublished,cash basis UNRESOLVED; gross basis required,,,,,
rRVTY-2026-10-23-1,rRVTY,RRVTYUSDT,2026-10-23,25000,,,,,False,UNRESOLVED,,144.86,,OBSERVED ticker lastPrice at run time,0.001,OBSERVED live symbol takerFeeRate,0.6218454620148052,0.07134513985685184,"ESTIMATED floor_None overnight_2000 slope, n=568",,,,,,,,NO_SIGNAL,SUPPRESSED: eligibility snapshot time unpublished,cash basis UNRESOLVED; gross basis required,,,,,
rSATA-2026-09-21-1,rSATA,RSATAUSDT,2026-09-21,1000,0.0516,0.03612,0.03612,0.0516,False,GROSS,2.0,100.01,99.97791277416005,OBSERVED ticker lastPrice at run time,0.001,OBSERVED live symbol takerFeeRate,0.6218454620148052,0.07134513985685184,"ESTIMATED floor_None overnight_2000 slope, n=568",0.22998459985593112,-0.2413801924491943,-0.23401737401596717,-0.2413801924491943,-0.2568601924491943,-0.20526019244919427,-0.22595182569589506,HOLD,SUPPRESSED: eligibility snapshot time unpublished,,2026-09-18T23:05:03.291954+00:00,ticker_only,2026-09-19T03:05:03.356996+00:00,ticker_only,
rSATA-2026-09-21-1,rSATA,RSATAUSDT,2026-09-21,5000,0.0516,0.03612,0.03612,0.0516,False,GROSS,2.0,100.01,99.97791277416005,OBSERVED ticker lastPrice at run time,0.001,OBSERVED live symbol takerFeeRate,0.6218454620148052,0.07134513985685184,"ESTIMATED floor_None overnight_2000 slope, n=568",,,,,,,,NO_SIGNAL,SUPPRESSED: eligibility snapshot time unpublished,"buy: $5,000 exceeds visible top-of-book ($2,500) on ticker-only symbol",2026-09-18T23:05:03.291954+00:00,ticker_only,2026-09-19T03:05:03.356996+00:00,ticker_only,
rSATA-2026-09-21-1,rSATA,RSATAUSDT,2026-09-21,25000,0.0516,0.03612,0.03612,0.0516,False,GROSS,2.0,100.01,99.97791277416005,OBSERVED ticker lastPrice at run time,0.001,OBSERVED live symbol takerFeeRate,0.6218454620148052,0.07134513985685184,"ESTIMATED floor_None overnight_2000 slope, n=568",,,,,,,,NO_SIGNAL,SUPPRESSED: eligibility snapshot time unpublished,"sell: $25,000 exceeds visible top-of-book ($5,499) on ticker-only symbol; buy: $25,000 exceeds visible top-of-book ($2,500) on ticker-only symbol",2026-09-18T23:05:03.291954+00:00,ticker_only,2026-09-19T03:05:03.356996+00:00,ticker_only,
rSATA-2026-09-22-1,rSATA,RSATAUSDT,2026-09-22,1000,0.0516,0.03612,0.03612,0.0516,False,GROSS,2.0,100.01,99.97791277416005,OBSERVED ticker lastPrice at run time,0.001,OBSERVED live symbol takerFeeRate,0.6218454620148052,0.07134513985685184,"ESTIMATED floor_None overnight_2000 slope, n=568",0.22998459985593112,-0.2413801924491943,-0.23401737401596717,-0.2413801924491943,-0.2568601924491943,-0.20526019244919427,-0.22595182569589506,HOLD,SUPPRESSED: eligibility snapshot time unpublished,,2026-09-18T23:05:03.291954+00:00,ticker_only,2026-09-19T03:05:03.356996+00:00,ticker_only,
rSATA-2026-09-22-1,rSATA,RSATAUSDT,2026-09-22,5000,0.0516,0.03612,0.03612,0.0516,False,GROSS,2.0,100.01,99.97791277416005,OBSERVED ticker lastPrice at run time,0.001,OBSERVED live symbol takerFeeRate,0.6218454620148052,0.07134513985685184,"ESTIMATED floor_None overnight_2000 slope, n=568",,,,,,,,NO_SIGNAL,SUPPRESSED: eligibility snapshot time unpublished,"buy: $5,000 exceeds visible top-of-book ($2,500) on ticker-only symbol",2026-09-18T23:05:03.291954+00:00,ticker_only,2026-09-19T03:05:03.356996+00:00,ticker_only,
rSATA-2026-09-22-1,rSATA,RSATAUSDT,2026-09-22,25000,0.0516,0.03612,0.03612,0.0516,False,GROSS,2.0,100.01,99.97791277416005,OBSERVED ticker lastPrice at run time,0.001,OBSERVED live symbol takerFeeRate,0.6218454620148052,0.07134513985685184,"ESTIMATED floor_None overnight_2000 slope, n=568",,,,,,,,NO_SIGNAL,SUPPRESSED: eligibility snapshot time unpublished,"sell: $25,000 exceeds visible top-of-book ($5,499) on ticker-only symbol; buy: $25,000 exceeds visible top-of-book ($2,500) on ticker-only symbol",2026-09-18T23:05:03.291954+00:00,ticker_only,2026-09-19T03:05:03.356996+00:00,ticker_only,
rSGHC-2026-09-22-1,rSGHC,RSGHCUSDT,2026-09-22,1000,,,,,False,UNRESOLVED,,12.68,,OBSERVED ticker lastPrice at run time,0.001,OBSERVED live symbol takerFeeRate,0.6218454620148052,0.07134513985685184,"ESTIMATED floor_None overnight_2000 slope, n=568",,,,,,,,NO_SIGNAL,SUPPRESSED: eligibility snapshot time unpublished,cash basis UNRESOLVED; gross basis required,,,,,
rSGHC-2026-09-22-1,rSGHC,RSGHCUSDT,2026-09-22,5000,,,,,False,UNRESOLVED,,12.68,,OBSERVED ticker lastPrice at run time,0.001,OBSERVED live symbol takerFeeRate,0.6218454620148052,0.07134513985685184,"ESTIMATED floor_None overnight_2000 slope, n=568",,,,,,,,NO_SIGNAL,SUPPRESSED: eligibility snapshot time unpublished,cash basis UNRESOLVED; gross basis required,,,,,
rSGHC-2026-09-22-1,rSGHC,RSGHCUSDT,2026-09-22,25000,,,,,False,UNRESOLVED,,12.68,,OBSERVED ticker lastPrice at run time,0.001,OBSERVED live symbol takerFeeRate,0.6218454620148052,0.07134513985685184,"ESTIMATED floor_None overnight_2000 slope, n=568",,,,,,,,NO_SIGNAL,SUPPRESSED: eligibility snapshot time unpublished,cash basis UNRESOLVED; gross basis required,,,,,
rSATA-2026-09-23-1,rSATA,RSATAUSDT,2026-09-23,1000,0.0516,0.03612,0.03612,0.0516,False,GROSS,2.0,100.01,99.97791277416005,OBSERVED ticker lastPrice at run time,0.001,OBSERVED live symbol takerFeeRate,0.6218454620148052,0.07134513985685184,"ESTIMATED floor_None overnight_2000 slope, n=568",0.22998459985593112,-0.2413801924491943,-0.23401737401596717,-0.2413801924491943,-0.2568601924491943,-0.20526019244919427,-0.22595182569589506,HOLD,SUPPRESSED: eligibility snapshot time unpublished,,2026-09-18T23:05:03.291954+00:00,ticker_only,2026-09-19T03:05:03.356996+00:00,ticker_only,
rSATA-2026-09-23-1,rSATA,RSATAUSDT,2026-09-23,5000,0.0516,0.03612,0.03612,0.0516,False,GROSS,2.0,100.01,99.97791277416005,OBSERVED ticker lastPrice at run time,0.001,OBSERVED live symbol takerFeeRate,0.6218454620148052,0.07134513985685184,"ESTIMATED floor_None overnight_2000 slope, n=568",,,,,,,,NO_SIGNAL,SUPPRESSED: eligibility snapshot time unpublished,"buy: $5,000 exceeds visible top-of-book ($2,500) on ticker-only symbol",2026-09-18T23:05:03.291954+00:00,ticker_only,2026-09-19T03:05:03.356996+00:00,ticker_only,
rSATA-2026-09-23-1,rSATA,RSATAUSDT,2026-09-23,25000,0.0516,0.03612,0.03612,0.0516,False,GROSS,2.0,100.01,99.97791277416005,OBSERVED ticker lastPrice at run time,0.001,OBSERVED live symbol takerFeeRate,0.6218454620148052,0.07134513985685184,"ESTIMATED floor_None overnight_2000 slope, n=568",,,,,,,,NO_SIGNAL,SUPPRESSED: eligibility snapshot time unpublished,"sell: $25,000 exceeds visible top-of-book ($5,499) on ticker-only symbol; buy: $25,000 exceeds visible top-of-book ($2,500) on ticker-only symbol",2026-09-18T23:05:03.291954+00:00,ticker_only,2026-09-19T03:05:03.356996+00:00,ticker_only,
rSATA-2026-09-24-1,rSATA,RSATAUSDT,2026-09-24,1000,0.0516,0.03612,0.03612,0.0516,False,GROSS,2.0,100.01,99.97791277416005,OBSERVED ticker lastPrice at run time,0.001,OBSERVED live symbol takerFeeRate,0.6218454620148052,0.07134513985685184,"ESTIMATED floor_None overnight_2000 slope, n=568",0.22998459985593112,-0.2413801924491943,-0.23401737401596717,-0.2413801924491943,-0.2568601924491943,-0.20526019244919427,-0.22595182569589506,HOLD,SUPPRESSED: eligibility snapshot time unpublished,,2026-09-18T23:05:03.291954+00:00,ticker_only,2026-09-19T03:05:03.356996+00:00,ticker_only,
rSATA-2026-09-24-1,rSATA,RSATAUSDT,2026-09-24,5000,0.0516,0.03612,0.03612,0.0516,False,GROSS,2.0,100.01,99.97791277416005,OBSERVED ticker lastPrice at run time,0.001,OBSERVED live symbol takerFeeRate,0.6218454620148052,0.07134513985685184,"ESTIMATED floor_None overnight_2000 slope, n=568",,,,,,,,NO_SIGNAL,SUPPRESSED: eligibility snapshot time unpublished,"buy: $5,000 exceeds visible top-of-book ($2,500) on ticker-only symbol",2026-09-18T23:05:03.291954+00:00,ticker_only,2026-09-19T03:05:03.356996+00:00,ticker_only,
rSATA-2026-09-24-1,rSATA,RSATAUSDT,2026-09-24,25000,0.0516,0.03612,0.03612,0.0516,False,GROSS,2.0,100.01,99.97791277416005,OBSERVED ticker lastPrice at run time,0.001,OBSERVED live symbol takerFeeRate,0.6218454620148052,0.07134513985685184,"ESTIMATED floor_None overnight_2000 slope, n=568",,,,,,,,NO_SIGNAL,SUPPRESSED: eligibility snapshot time unpublished,"sell: $25,000 exceeds visible top-of-book ($5,499) on ticker-only symbol; buy: $25,000 exceeds visible top-of-book ($2,500) on ticker-only symbol",2026-09-18T23:05:03.291954+00:00,ticker_only,2026-09-19T03:05:03.356996+00:00,ticker_only,
rSATA-2026-09-25-1,rSATA,RSATAUSDT,2026-09-25,1000,0.0516,0.03612,0.03612,0.0516,False,GROSS,2.0,100.01,99.97791277416005,OBSERVED ticker lastPrice at run time,0.001,OBSERVED live symbol takerFeeRate,0.6218454620148052,0.07134513985685184,"ESTIMATED floor_None overnight_2000 slope, n=568",0.22998459985593112,-0.2413801924491943,-0.23401737401596717,-0.2413801924491943,-0.2568601924491943,-0.20526019244919427,-0.22595182569589506,HOLD,SUPPRESSED: eligibility snapshot time unpublished,,2026-09-18T23:05:03.291954+00:00,ticker_only,2026-09-19T03:05:03.356996+00:00,ticker_only,
rSATA-2026-09-25-1,rSATA,RSATAUSDT,2026-09-25,5000,0.0516,0.03612,0.03612,0.0516,False,GROSS,2.0,100.01,99.97791277416005,OBSERVED ticker lastPrice at run time,0.001,OBSERVED live symbol takerFeeRate,0.6218454620148052,0.07134513985685184,"ESTIMATED floor_None overnight_2000 slope, n=568",,,,,,,,NO_SIGNAL,SUPPRESSED: eligibility snapshot time unpublished,"buy: $5,000 exceeds visible top-of-book ($2,500) on ticker-only symbol",2026-09-18T23:05:03.291954+00:00,ticker_only,2026-09-19T03:05:03.356996+00:00,ticker_only,
rSATA-2026-09-25-1,rSATA,RSATAUSDT,2026-09-25,25000,0.0516,0.03612,0.03612,0.0516,False,GROSS,2.0,100.01,99.97791277416005,OBSERVED ticker lastPrice at run time,0.001,OBSERVED live symbol takerFeeRate,0.6218454620148052,0.07134513985685184,"ESTIMATED floor_None overnight_2000 slope, n=568",,,,,,,,NO_SIGNAL,SUPPRESSED: eligibility snapshot time unpublished,"sell: $25,000 exceeds visible top-of-book ($5,499) on ticker-only symbol; buy: $25,000 exceeds visible top-of-book ($2,500) on ticker-only symbol",2026-09-18T23:05:03.291954+00:00,ticker_only,2026-09-19T03:05:03.356996+00:00,ticker_only,
rSATA-2026-09-28-1,rSATA,RSATAUSDT,2026-09-28,1000,0.0516,0.03612,0.03612,0.0516,False,GROSS,2.0,100.01,99.97791277416005,OBSERVED ticker lastPrice at run time,0.001,OBSERVED live symbol takerFeeRate,0.6218454620148052,0.07134513985685184,"ESTIMATED floor_None overnight_2000 slope, n=568",0.22998459985593112,-0.2413801924491943,-0.23401737401596717,-0.2413801924491943,-0.2568601924491943,-0.20526019244919427,-0.22595182569589506,HOLD,SUPPRESSED: eligibility snapshot time unpublished,,2026-09-18T23:05:03.291954+00:00,ticker_only,2026-09-19T03:05:03.356996+00:00,ticker_only,
rSATA-2026-09-28-1,rSATA,RSATAUSDT,2026-09-28,5000,0.0516,0.03612,0.03612,0.0516,False,GROSS,2.0,100.01,99.97791277416005,OBSERVED ticker lastPrice at run time,0.001,OBSERVED live symbol takerFeeRate,0.6218454620148052,0.07134513985685184,"ESTIMATED floor_None overnight_2000 slope, n=568",,,,,,,,NO_SIGNAL,SUPPRESSED: eligibility snapshot time unpublished,"buy: $5,000 exceeds visible top-of-book ($2,500) on ticker-only symbol",2026-09-18T23:05:03.291954+00:00,ticker_only,2026-09-19T03:05:03.356996+00:00,ticker_only,
rSATA-2026-09-28-1,rSATA,RSATAUSDT,2026-09-28,25000,0.0516,0.03612,0.03612,0.0516,False,GROSS,2.0,100.01,99.97791277416005,OBSERVED ticker lastPrice at run time,0.001,OBSERVED live symbol takerFeeRate,0.6218454620148052,0.07134513985685184,"ESTIMATED floor_None overnight_2000 slope, n=568",,,,,,,,NO_SIGNAL,SUPPRESSED: eligibility snapshot time unpublished,"sell: $25,000 exceeds visible top-of-book ($5,499) on ticker-only symbol; buy: $25,000 exceeds visible top-of-book ($2,500) on ticker-only symbol",2026-09-18T23:05:03.291954+00:00,ticker_only,2026-09-19T03:05:03.356996+00:00,ticker_only,
rSATA-2026-09-29-1,rSATA,RSATAUSDT,2026-09-29,1000,0.0516,0.03612,0.03612,0.0516,False,GROSS,2.0,100.01,99.97791277416005,OBSERVED ticker lastPrice at run time,0.001,OBSERVED live symbol takerFeeRate,0.6218454620148052,0.07134513985685184,"ESTIMATED floor_None overnight_2000 slope, n=568",0.22998459985593112,-0.2413801924491943,-0.23401737401596717,-0.2413801924491943,-0.2568601924491943,-0.20526019244919427,-0.22595182569589506,HOLD,SUPPRESSED: eligibility snapshot time unpublished,,2026-09-18T23:05:03.291954+00:00,ticker_only,2026-09-19T03:05:03.356996+00:00,ticker_only,
rSATA-2026-09-29-1,rSATA,RSATAUSDT,2026-09-29,5000,0.0516,0.03612,0.03612,0.0516,False,GROSS,2.0,100.01,99.97791277416005,OBSERVED ticker lastPrice at run time,0.001,OBSERVED live symbol takerFeeRate,0.6218454620148052,0.07134513985685184,"ESTIMATED floor_None overnight_2000 slope, n=568",,,,,,,,NO_SIGNAL,SUPPRESSED: eligibility snapshot time unpublished,"buy: $5,000 exceeds visible top-of-book ($2,500) on ticker-only symbol",2026-09-18T23:05:03.291954+00:00,ticker_only,2026-09-19T03:05:03.356996+00:00,ticker_only,
rSATA-2026-09-29-1,rSATA,RSATAUSDT,2026-09-29,25000,0.0516,0.03612,0.03612,0.0516,False,GROSS,2.0,100.01,99.97791277416005,OBSERVED ticker lastPrice at run time,0.001,OBSERVED live symbol takerFeeRate,0.6218454620148052,0.07134513985685184,"ESTIMATED floor_None overnight_2000 slope, n=568",,,,,,,,NO_SIGNAL,SUPPRESSED: eligibility snapshot time unpublished,"sell: $25,000 exceeds visible top-of-book ($5,499) on ticker-only symbol; buy: $25,000 exceeds visible top-of-book ($2,500) on ticker-only symbol",2026-09-18T23:05:03.291954+00:00,ticker_only,2026-09-19T03:05:03.356996+00:00,ticker_only,
rSATA-2026-09-30-1,rSATA,RSATAUSDT,2026-09-30,1000,,,,,False,UNRESOLVED,,100.01,,OBSERVED ticker lastPrice at run time,0.001,OBSERVED live symbol takerFeeRate,0.6218454620148052,0.07134513985685184,"ESTIMATED floor_None overnight_2000 slope, n=568",,,,,,,,NO_SIGNAL,SUPPRESSED: eligibility snapshot time unpublished,cash basis UNRESOLVED; gross basis required,,,,,
rSATA-2026-09-30-1,rSATA,RSATAUSDT,2026-09-30,5000,,,,,False,UNRESOLVED,,100.01,,OBSERVED ticker lastPrice at run time,0.001,OBSERVED live symbol takerFeeRate,0.6218454620148052,0.07134513985685184,"ESTIMATED floor_None overnight_2000 slope, n=568",,,,,,,,NO_SIGNAL,SUPPRESSED: eligibility snapshot time unpublished,cash basis UNRESOLVED; gross basis required,,,,,
rSATA-2026-09-30-1,rSATA,RSATAUSDT,2026-09-30,25000,,,,,False,UNRESOLVED,,100.01,,OBSERVED ticker lastPrice at run time,0.001,OBSERVED live symbol takerFeeRate,0.6218454620148052,0.07134513985685184,"ESTIMATED floor_None overnight_2000 slope, n=568",,,,,,,,NO_SIGNAL,SUPPRESSED: eligibility snapshot time unpublished,cash basis UNRESOLVED; gross basis required,,,,,
rSATA-2026-10-01-1,rSATA,RSATAUSDT,2026-10-01,1000,,,,,False,UNRESOLVED,,100.01,,OBSERVED ticker lastPrice at run time,0.001,OBSERVED live symbol takerFeeRate,0.6218454620148052,0.07134513985685184,"ESTIMATED floor_None overnight_2000 slope, n=568",,,,,,,,NO_SIGNAL,SUPPRESSED: eligibility snapshot time unpublished,cash basis UNRESOLVED; gross basis required,,,,,
rSATA-2026-10-01-1,rSATA,RSATAUSDT,2026-10-01,5000,,,,,False,UNRESOLVED,,100.01,,OBSERVED ticker lastPrice at run time,0.001,OBSERVED live symbol takerFeeRate,0.6218454620148052,0.07134513985685184,"ESTIMATED floor_None overnight_2000 slope, n=568",,,,,,,,NO_SIGNAL,SUPPRESSED: eligibility snapshot time unpublished,cash basis UNRESOLVED; gross basis required,,,,,
rSATA-2026-10-01-1,rSATA,RSATAUSDT,2026-10-01,25000,,,,,False,UNRESOLVED,,100.01,,OBSERVED ticker lastPrice at run time,0.001,OBSERVED live symbol takerFeeRate,0.6218454620148052,0.07134513985685184,"ESTIMATED floor_None overnight_2000 slope, n=568",,,,,,,,NO_SIGNAL,SUPPRESSED: eligibility snapshot time unpublished,cash basis UNRESOLVED; gross basis required,,,,,
rSATA-2026-10-02-1,rSATA,RSATAUSDT,2026-10-02,1000,,,,,False,UNRESOLVED,,100.01,,OBSERVED ticker lastPrice at run time,0.001,OBSERVED live symbol takerFeeRate,0.6218454620148052,0.07134513985685184,"ESTIMATED floor_None overnight_2000 slope, n=568",,,,,,,,NO_SIGNAL,SUPPRESSED: eligibility snapshot time unpublished,cash basis UNRESOLVED; gross basis required,,,,,
rSATA-2026-10-02-1,rSATA,RSATAUSDT,2026-10-02,5000,,,,,False,UNRESOLVED,,100.01,,OBSERVED ticker lastPrice at run time,0.001,OBSERVED live symbol takerFeeRate,0.6218454620148052,0.07134513985685184,"ESTIMATED floor_None overnight_2000 slope, n=568",,,,,,,,NO_SIGNAL,SUPPRESSED: eligibility snapshot time unpublished,cash basis UNRESOLVED; gross basis required,,,,,
rSATA-2026-10-02-1,rSATA,RSATAUSDT,2026-10-02,25000,,,,,False,UNRESOLVED,,100.01,,OBSERVED ticker lastPrice at run time,0.001,OBSERVED live symbol takerFeeRate,0.6218454620148052,0.07134513985685184,"ESTIMATED floor_None overnight_2000 slope, n=568",,,,,,,,NO_SIGNAL,SUPPRESSED: eligibility snapshot time unpublished,cash basis UNRESOLVED; gross basis required,,,,,
rSATA-2026-10-05-1,rSATA,RSATAUSDT,2026-10-05,1000,,,,,False,UNRESOLVED,,100.01,,OBSERVED ticker lastPrice at run time,0.001,OBSERVED live symbol takerFeeRate,0.6218454620148052,0.07134513985685184,"ESTIMATED floor_None overnight_2000 slope, n=568",,,,,,,,NO_SIGNAL,SUPPRESSED: eligibility snapshot time unpublished,cash basis UNRESOLVED; gross basis required,,,,,
rSATA-2026-10-05-1,rSATA,RSATAUSDT,2026-10-05,5000,,,,,False,UNRESOLVED,,100.01,,OBSERVED ticker lastPrice at run time,0.001,OBSERVED live symbol takerFeeRate,0.6218454620148052,0.07134513985685184,"ESTIMATED floor_None overnight_2000 slope, n=568",,,,,,,,NO_SIGNAL,SUPPRESSED: eligibility snapshot time unpublished,cash basis UNRESOLVED; gross basis required,,,,,
rSATA-2026-10-05-1,rSATA,RSATAUSDT,2026-10-05,25000,,,,,False,UNRESOLVED,,100.01,,OBSERVED ticker lastPrice at run time,0.001,OBSERVED live symbol takerFeeRate,0.6218454620148052,0.07134513985685184,"ESTIMATED floor_None overnight_2000 slope, n=568",,,,,,,,NO_SIGNAL,SUPPRESSED: eligibility snapshot time unpublished,cash basis UNRESOLVED; gross basis required,,,,,
rSATA-2026-10-06-1,rSATA,RSATAUSDT,2026-10-06,1000,,,,,False,UNRESOLVED,,100.01,,OBSERVED ticker lastPrice at run time,0.001,OBSERVED live symbol takerFeeRate,0.6218454620148052,0.07134513985685184,"ESTIMATED floor_None overnight_2000 slope, n=568",,,,,,,,NO_SIGNAL,SUPPRESSED: eligibility snapshot time unpublished,cash basis UNRESOLVED; gross basis required,,,,,
rSATA-2026-10-06-1,rSATA,RSATAUSDT,2026-10-06,5000,,,,,False,UNRESOLVED,,100.01,,OBSERVED ticker lastPrice at run time,0.001,OBSERVED live symbol takerFeeRate,0.6218454620148052,0.07134513985685184,"ESTIMATED floor_None overnight_2000 slope, n=568",,,,,,,,NO_SIGNAL,SUPPRESSED: eligibility snapshot time unpublished,cash basis UNRESOLVED; gross basis required,,,,,
rSATA-2026-10-06-1,rSATA,RSATAUSDT,2026-10-06,25000,,,,,False,UNRESOLVED,,100.01,,OBSERVED ticker lastPrice at run time,0.001,OBSERVED live symbol takerFeeRate,0.6218454620148052,0.07134513985685184,"ESTIMATED floor_None overnight_2000 slope, n=568",,,,,,,,NO_SIGNAL,SUPPRESSED: eligibility snapshot time unpublished,cash basis UNRESOLVED; gross basis required,,,,,
rSATA-2026-10-07-1,rSATA,RSATAUSDT,2026-10-07,1000,,,,,False,UNRESOLVED,,100.01,,OBSERVED ticker lastPrice at run time,0.001,OBSERVED live symbol takerFeeRate,0.6218454620148052,0.07134513985685184,"ESTIMATED floor_None overnight_2000 slope, n=568",,,,,,,,NO_SIGNAL,SUPPRESSED: eligibility snapshot time unpublished,cash basis UNRESOLVED; gross basis required,,,,,
rSATA-2026-10-07-1,rSATA,RSATAUSDT,2026-10-07,5000,,,,,False,UNRESOLVED,,100.01,,OBSERVED ticker lastPrice at run time,0.001,OBSERVED live symbol takerFeeRate,0.6218454620148052,0.07134513985685184,"ESTIMATED floor_None overnight_2000 slope, n=568",,,,,,,,NO_SIGNAL,SUPPRESSED: eligibility snapshot time unpublished,cash basis UNRESOLVED; gross basis required,,,,,
rSATA-2026-10-07-1,rSATA,RSATAUSDT,2026-10-07,25000,,,,,False,UNRESOLVED,,100.01,,OBSERVED ticker lastPrice at run time,0.001,OBSERVED live symbol takerFeeRate,0.6218454620148052,0.07134513985685184,"ESTIMATED floor_None overnight_2000 slope, n=568",,,,,,,,NO_SIGNAL,SUPPRESSED: eligibility snapshot time unpublished,cash basis UNRESOLVED; gross basis required,,,,,
rSATA-2026-10-08-1,rSATA,RSATAUSDT,2026-10-08,1000,,,,,False,UNRESOLVED,,100.01,,OBSERVED ticker lastPrice at run time,0.001,OBSERVED live symbol takerFeeRate,0.6218454620148052,0.07134513985685184,"ESTIMATED floor_None overnight_2000 slope, n=568",,,,,,,,NO_SIGNAL,SUPPRESSED: eligibility snapshot time unpublished,cash basis UNRESOLVED; gross basis required,,,,,
rSATA-2026-10-08-1,rSATA,RSATAUSDT,2026-10-08,5000,,,,,False,UNRESOLVED,,100.01,,OBSERVED ticker lastPrice at run time,0.001,OBSERVED live symbol takerFeeRate,0.6218454620148052,0.07134513985685184,"ESTIMATED floor_None overnight_2000 slope, n=568",,,,,,,,NO_SIGNAL,SUPPRESSED: eligibility snapshot time unpublished,cash basis UNRESOLVED; gross basis required,,,,,
rSATA-2026-10-08-1,rSATA,RSATAUSDT,2026-10-08,25000,,,,,False,UNRESOLVED,,100.01,,OBSERVED ticker lastPrice at run time,0.001,OBSERVED live symbol takerFeeRate,0.6218454620148052,0.07134513985685184,"ESTIMATED floor_None overnight_2000 slope, n=568",,,,,,,,NO_SIGNAL,SUPPRESSED: eligibility snapshot time unpublished,cash basis UNRESOLVED; gross basis required,,,,,
rSATA-2026-10-09-1,rSATA,RSATAUSDT,2026-10-09,1000,,,,,False,UNRESOLVED,,100.01,,OBSERVED ticker lastPrice at run time,0.001,OBSERVED live symbol takerFeeRate,0.6218454620148052,0.07134513985685184,"ESTIMATED floor_None overnight_2000 slope, n=568",,,,,,,,NO_SIGNAL,SUPPRESSED: eligibility snapshot time unpublished,cash basis UNRESOLVED; gross basis required,,,,,
rSATA-2026-10-09-1,rSATA,RSATAUSDT,2026-10-09,5000,,,,,False,UNRESOLVED,,100.01,,OBSERVED ticker lastPrice at run time,0.001,OBSERVED live symbol takerFeeRate,0.6218454620148052,0.07134513985685184,"ESTIMATED floor_None overnight_2000 slope, n=568",,,,,,,,NO_SIGNAL,SUPPRESSED: eligibility snapshot time unpublished,cash basis UNRESOLVED; gross basis required,,,,,
rSATA-2026-10-09-1,rSATA,RSATAUSDT,2026-10-09,25000,,,,,False,UNRESOLVED,,100.01,,OBSERVED ticker lastPrice at run time,0.001,OBSERVED live symbol takerFeeRate,0.6218454620148052,0.07134513985685184,"ESTIMATED floor_None overnight_2000 slope, n=568",,,,,,,,NO_SIGNAL,SUPPRESSED: eligibility snapshot time unpublished,cash basis UNRESOLVED; gross basis required,,,,,
rSATA-2026-10-13-1,rSATA,RSATAUSDT,2026-10-13,1000,,,,,False,UNRESOLVED,,100.01,,OBSERVED ticker lastPrice at run time,0.001,OBSERVED live symbol takerFeeRate,0.6218454620148052,0.07134513985685184,"ESTIMATED floor_None overnight_2000 slope, n=568",,,,,,,,NO_SIGNAL,SUPPRESSED: eligibility snapshot time unpublished,cash basis UNRESOLVED; gross basis required,,,,,
rSATA-2026-10-13-1,rSATA,RSATAUSDT,2026-10-13,5000,,,,,False,UNRESOLVED,,100.01,,OBSERVED ticker lastPrice at run time,0.001,OBSERVED live symbol takerFeeRate,0.6218454620148052,0.07134513985685184,"ESTIMATED floor_None overnight_2000 slope, n=568",,,,,,,,NO_SIGNAL,SUPPRESSED: eligibility snapshot time unpublished,cash basis UNRESOLVED; gross basis required,,,,,
rSATA-2026-10-13-1,rSATA,RSATAUSDT,2026-10-13,25000,,,,,False,UNRESOLVED,,100.01,,OBSERVED ticker lastPrice at run time,0.001,OBSERVED live symbol takerFeeRate,0.6218454620148052,0.07134513985685184,"ESTIMATED floor_None overnight_2000 slope, n=568",,,,,,,,NO_SIGNAL,SUPPRESSED: eligibility snapshot time unpublished,cash basis UNRESOLVED; gross basis required,,,,,
rSATA-2026-10-14-1,rSATA,RSATAUSDT,2026-10-14,1000,,,,,False,UNRESOLVED,,100.01,,OBSERVED ticker lastPrice at run time,0.001,OBSERVED live symbol takerFeeRate,0.6218454620148052,0.07134513985685184,"ESTIMATED floor_None overnight_2000 slope, n=568",,,,,,,,NO_SIGNAL,SUPPRESSED: eligibility snapshot time unpublished,cash basis UNRESOLVED; gross basis required,,,,,
rSATA-2026-10-14-1,rSATA,RSATAUSDT,2026-10-14,5000,,,,,False,UNRESOLVED,,100.01,,OBSERVED ticker lastPrice at run time,0.001,OBSERVED live symbol takerFeeRate,0.6218454620148052,0.07134513985685184,"ESTIMATED floor_None overnight_2000 slope, n=568",,,,,,,,NO_SIGNAL,SUPPRESSED: eligibility snapshot time unpublished,cash basis UNRESOLVED; gross basis required,,,,,
rSATA-2026-10-14-1,rSATA,RSATAUSDT,2026-10-14,25000,,,,,False,UNRESOLVED,,100.01,,OBSERVED ticker lastPrice at run time,0.001,OBSERVED live symbol takerFeeRate,0.6218454620148052,0.07134513985685184,"ESTIMATED floor_None overnight_2000 slope, n=568",,,,,,,,NO_SIGNAL,SUPPRESSED: eligibility snapshot time unpublished,cash basis UNRESOLVED; gross basis required,,,,,
rSATA-2026-10-15-1,rSATA,RSATAUSDT,2026-10-15,1000,,,,,False,UNRESOLVED,,100.01,,OBSERVED ticker lastPrice at run time,0.001,OBSERVED live symbol takerFeeRate,0.6218454620148052,0.07134513985685184,"ESTIMATED floor_None overnight_2000 slope, n=568",,,,,,,,NO_SIGNAL,SUPPRESSED: eligibility snapshot time unpublished,cash basis UNRESOLVED; gross basis required,,,,,
rSATA-2026-10-15-1,rSATA,RSATAUSDT,2026-10-15,5000,,,,,False,UNRESOLVED,,100.01,,OBSERVED ticker lastPrice at run time,0.001,OBSERVED live symbol takerFeeRate,0.6218454620148052,0.07134513985685184,"ESTIMATED floor_None overnight_2000 slope, n=568",,,,,,,,NO_SIGNAL,SUPPRESSED: eligibility snapshot time unpublished,cash basis UNRESOLVED; gross basis required,,,,,
rSATA-2026-10-15-1,rSATA,RSATAUSDT,2026-10-15,25000,,,,,False,UNRESOLVED,,100.01,,OBSERVED ticker lastPrice at run time,0.001,OBSERVED live symbol takerFeeRate,0.6218454620148052,0.07134513985685184,"ESTIMATED floor_None overnight_2000 slope, n=568",,,,,,,,NO_SIGNAL,SUPPRESSED: eligibility snapshot time unpublished,cash basis UNRESOLVED; gross basis required,,,,,
rSATA-2026-10-16-1,rSATA,RSATAUSDT,2026-10-16,1000,,,,,False,UNRESOLVED,,100.01,,OBSERVED ticker lastPrice at run time,0.001,OBSERVED live symbol takerFeeRate,0.6218454620148052,0.07134513985685184,"ESTIMATED floor_None overnight_2000 slope, n=568",,,,,,,,NO_SIGNAL,SUPPRESSED: eligibility snapshot time unpublished,cash basis UNRESOLVED; gross basis required,,,,,
rSATA-2026-10-16-1,rSATA,RSATAUSDT,2026-10-16,5000,,,,,False,UNRESOLVED,,100.01,,OBSERVED ticker lastPrice at run time,0.001,OBSERVED live symbol takerFeeRate,0.6218454620148052,0.07134513985685184,"ESTIMATED floor_None overnight_2000 slope, n=568",,,,,,,,NO_SIGNAL,SUPPRESSED: eligibility snapshot time unpublished,cash basis UNRESOLVED; gross basis required,,,,,
rSATA-2026-10-16-1,rSATA,RSATAUSDT,2026-10-16,25000,,,,,False,UNRESOLVED,,100.01,,OBSERVED ticker lastPrice at run time,0.001,OBSERVED live symbol takerFeeRate,0.6218454620148052,0.07134513985685184,"ESTIMATED floor_None overnight_2000 slope, n=568",,,,,,,,NO_SIGNAL,SUPPRESSED: eligibility snapshot time unpublished,cash basis UNRESOLVED; gross basis required,,,,,
rSATA-2026-10-19-1,rSATA,RSATAUSDT,2026-10-19,1000,,,,,False,UNRESOLVED,,100.01,,OBSERVED ticker lastPrice at run time,0.001,OBSERVED live symbol takerFeeRate,0.6218454620148052,0.07134513985685184,"ESTIMATED floor_None overnight_2000 slope, n=568",,,,,,,,NO_SIGNAL,SUPPRESSED: eligibility snapshot time unpublished,cash basis UNRESOLVED; gross basis required,,,,,
rSATA-2026-10-19-1,rSATA,RSATAUSDT,2026-10-19,5000,,,,,False,UNRESOLVED,,100.01,,OBSERVED ticker lastPrice at run time,0.001,OBSERVED live symbol takerFeeRate,0.6218454620148052,0.07134513985685184,"ESTIMATED floor_None overnight_2000 slope, n=568",,,,,,,,NO_SIGNAL,SUPPRESSED: eligibility snapshot time unpublished,cash basis UNRESOLVED; gross basis required,,,,,
rSATA-2026-10-19-1,rSATA,RSATAUSDT,2026-10-19,25000,,,,,False,UNRESOLVED,,100.01,,OBSERVED ticker lastPrice at run time,0.001,OBSERVED live symbol takerFeeRate,0.6218454620148052,0.07134513985685184,"ESTIMATED floor_None overnight_2000 slope, n=568",,,,,,,,NO_SIGNAL,SUPPRESSED: eligibility snapshot time unpublished,cash basis UNRESOLVED; gross basis required,,,,,
rSATA-2026-10-20-1,rSATA,RSATAUSDT,2026-10-20,1000,,,,,False,UNRESOLVED,,100.01,,OBSERVED ticker lastPrice at run time,0.001,OBSERVED live symbol takerFeeRate,0.6218454620148052,0.07134513985685184,"ESTIMATED floor_None overnight_2000 slope, n=568",,,,,,,,NO_SIGNAL,SUPPRESSED: eligibility snapshot time unpublished,cash basis UNRESOLVED; gross basis required,,,,,
rSATA-2026-10-20-1,rSATA,RSATAUSDT,2026-10-20,5000,,,,,False,UNRESOLVED,,100.01,,OBSERVED ticker lastPrice at run time,0.001,OBSERVED live symbol takerFeeRate,0.6218454620148052,0.07134513985685184,"ESTIMATED floor_None overnight_2000 slope, n=568",,,,,,,,NO_SIGNAL,SUPPRESSED: eligibility snapshot time unpublished,cash basis UNRESOLVED; gross basis required,,,,,
rSATA-2026-10-20-1,rSATA,RSATAUSDT,2026-10-20,25000,,,,,False,UNRESOLVED,,100.01,,OBSERVED ticker lastPrice at run time,0.001,OBSERVED live symbol takerFeeRate,0.6218454620148052,0.07134513985685184,"ESTIMATED floor_None overnight_2000 slope, n=568",,,,,,,,NO_SIGNAL,SUPPRESSED: eligibility snapshot time unpublished,cash basis UNRESOLVED; gross basis required,,,,,
rSATA-2026-10-21-1,rSATA,RSATAUSDT,2026-10-21,1000,,,,,False,UNRESOLVED,,100.01,,OBSERVED ticker lastPrice at run time,0.001,OBSERVED live symbol takerFeeRate,0.6218454620148052,0.07134513985685184,"ESTIMATED floor_None overnight_2000 slope, n=568",,,,,,,,NO_SIGNAL,SUPPRESSED: eligibility snapshot time unpublished,cash basis UNRESOLVED; gross basis required,,,,,
rSATA-2026-10-21-1,rSATA,RSATAUSDT,2026-10-21,5000,,,,,False,UNRESOLVED,,100.01,,OBSERVED ticker lastPrice at run time,0.001,OBSERVED live symbol takerFeeRate,0.6218454620148052,0.07134513985685184,"ESTIMATED floor_None overnight_2000 slope, n=568",,,,,,,,NO_SIGNAL,SUPPRESSED: eligibility snapshot time unpublished,cash basis UNRESOLVED; gross basis required,,,,,
rSATA-2026-10-21-1,rSATA,RSATAUSDT,2026-10-21,25000,,,,,False,UNRESOLVED,,100.01,,OBSERVED ticker lastPrice at run time,0.001,OBSERVED live symbol takerFeeRate,0.6218454620148052,0.07134513985685184,"ESTIMATED floor_None overnight_2000 slope, n=568",,,,,,,,NO_SIGNAL,SUPPRESSED: eligibility snapshot time unpublished,cash basis UNRESOLVED; gross basis required,,,,,
rSATA-2026-10-22-1,rSATA,RSATAUSDT,2026-10-22,1000,,,,,False,UNRESOLVED,,100.01,,OBSERVED ticker lastPrice at run time,0.001,OBSERVED live symbol takerFeeRate,0.6218454620148052,0.07134513985685184,"ESTIMATED floor_None overnight_2000 slope, n=568",,,,,,,,NO_SIGNAL,SUPPRESSED: eligibility snapshot time unpublished,cash basis UNRESOLVED; gross basis required,,,,,
rSATA-2026-10-22-1,rSATA,RSATAUSDT,2026-10-22,5000,,,,,False,UNRESOLVED,,100.01,,OBSERVED ticker lastPrice at run time,0.001,OBSERVED live symbol takerFeeRate,0.6218454620148052,0.07134513985685184,"ESTIMATED floor_None overnight_2000 slope, n=568",,,,,,,,NO_SIGNAL,SUPPRESSED: eligibility snapshot time unpublished,cash basis UNRESOLVED; gross basis required,,,,,
rSATA-2026-10-22-1,rSATA,RSATAUSDT,2026-10-22,25000,,,,,False,UNRESOLVED,,100.01,,OBSERVED ticker lastPrice at run time,0.001,OBSERVED live symbol takerFeeRate,0.6218454620148052,0.07134513985685184,"ESTIMATED floor_None overnight_2000 slope, n=568",,,,,,,,NO_SIGNAL,SUPPRESSED: eligibility snapshot time unpublished,cash basis UNRESOLVED; gross basis required,,,,,
rSATA-2026-10-23-1,rSATA,RSATAUSDT,2026-10-23,1000,,,,,False,UNRESOLVED,,100.01,,OBSERVED ticker lastPrice at run time,0.001,OBSERVED live symbol takerFeeRate,0.6218454620148052,0.07134513985685184,"ESTIMATED floor_None overnight_2000 slope, n=568",,,,,,,,NO_SIGNAL,SUPPRESSED: eligibility snapshot time unpublished,cash basis UNRESOLVED; gross basis required,,,,,
rSATA-2026-10-23-1,rSATA,RSATAUSDT,2026-10-23,5000,,,,,False,UNRESOLVED,,100.01,,OBSERVED ticker lastPrice at run time,0.001,OBSERVED live symbol takerFeeRate,0.6218454620148052,0.07134513985685184,"ESTIMATED floor_None overnight_2000 slope, n=568",,,,,,,,NO_SIGNAL,SUPPRESSED: eligibility snapshot time unpublished,cash basis UNRESOLVED; gross basis required,,,,,
rSATA-2026-10-23-1,rSATA,RSATAUSDT,2026-10-23,25000,,,,,False,UNRESOLVED,,100.01,,OBSERVED ticker lastPrice at run time,0.001,OBSERVED live symbol takerFeeRate,0.6218454620148052,0.07134513985685184,"ESTIMATED floor_None overnight_2000 slope, n=568",,,,,,,,NO_SIGNAL,SUPPRESSED: eligibility snapshot time unpublished,cash basis UNRESOLVED; gross basis required,,,,,
rSATA-2026-10-26-1,rSATA,RSATAUSDT,2026-10-26,1000,,,,,False,UNRESOLVED,,100.01,,OBSERVED ticker lastPrice at run time,0.001,OBSERVED live symbol takerFeeRate,0.6218454620148052,0.07134513985685184,"ESTIMATED floor_None overnight_2000 slope, n=568",,,,,,,,NO_SIGNAL,SUPPRESSED: eligibility snapshot time unpublished,cash basis UNRESOLVED; gross basis required,,,,,
rSATA-2026-10-26-1,rSATA,RSATAUSDT,2026-10-26,5000,,,,,False,UNRESOLVED,,100.01,,OBSERVED ticker lastPrice at run time,0.001,OBSERVED live symbol takerFeeRate,0.6218454620148052,0.07134513985685184,"ESTIMATED floor_None overnight_2000 slope, n=568",,,,,,,,NO_SIGNAL,SUPPRESSED: eligibility snapshot time unpublished,cash basis UNRESOLVED; gross basis required,,,,,
rSATA-2026-10-26-1,rSATA,RSATAUSDT,2026-10-26,25000,,,,,False,UNRESOLVED,,100.01,,OBSERVED ticker lastPrice at run time,0.001,OBSERVED live symbol takerFeeRate,0.6218454620148052,0.07134513985685184,"ESTIMATED floor_None overnight_2000 slope, n=568",,,,,,,,NO_SIGNAL,SUPPRESSED: eligibility snapshot time unpublished,cash basis UNRESOLVED; gross basis required,,,,,
rSOBO-2026-09-29-1,rSOBO,RSOBOUSDT,2026-09-29,1000,,,,,False,UNRESOLVED,,35.88,,OBSERVED ticker lastPrice at run time,0.001,OBSERVED live symbol takerFeeRate,0.6218454620148052,0.07134513985685184,"ESTIMATED floor_None overnight_2000 slope, n=568",,,,,,,,NO_SIGNAL,SUPPRESSED: eligibility snapshot time unpublished,cash basis UNRESOLVED; gross basis required,,,,,
rSOBO-2026-09-29-1,rSOBO,RSOBOUSDT,2026-09-29,5000,,,,,False,UNRESOLVED,,35.88,,OBSERVED ticker lastPrice at run time,0.001,OBSERVED live symbol takerFeeRate,0.6218454620148052,0.07134513985685184,"ESTIMATED floor_None overnight_2000 slope, n=568",,,,,,,,NO_SIGNAL,SUPPRESSED: eligibility snapshot time unpublished,cash basis UNRESOLVED; gross basis required,,,,,
rSOBO-2026-09-29-1,rSOBO,RSOBOUSDT,2026-09-29,25000,,,,,False,UNRESOLVED,,35.88,,OBSERVED ticker lastPrice at run time,0.001,OBSERVED live symbol takerFeeRate,0.6218454620148052,0.07134513985685184,"ESTIMATED floor_None overnight_2000 slope, n=568",,,,,,,,NO_SIGNAL,SUPPRESSED: eligibility snapshot time unpublished,cash basis UNRESOLVED; gross basis required,,,,,
rSNN-2026-10-02-1,rSNN,RSNNUSDT,2026-10-02,1000,,,,,False,UNRESOLVED,,27.56,,OBSERVED ticker lastPrice at run time,0.001,OBSERVED live symbol takerFeeRate,0.6218454620148052,0.07134513985685184,"ESTIMATED floor_None overnight_2000 slope, n=568",,,,,,,,NO_SIGNAL,SUPPRESSED: eligibility snapshot time unpublished,cash basis UNRESOLVED; gross basis required,,,,,
rSNN-2026-10-02-1,rSNN,RSNNUSDT,2026-10-02,5000,,,,,False,UNRESOLVED,,27.56,,OBSERVED ticker lastPrice at run time,0.001,OBSERVED live symbol takerFeeRate,0.6218454620148052,0.07134513985685184,"ESTIMATED floor_None overnight_2000 slope, n=568",,,,,,,,NO_SIGNAL,SUPPRESSED: eligibility snapshot time unpublished,cash basis UNRESOLVED; gross basis required,,,,,
rSNN-2026-10-02-1,rSNN,RSNNUSDT,2026-10-02,25000,,,,,False,UNRESOLVED,,27.56,,OBSERVED ticker lastPrice at run time,0.001,OBSERVED live symbol takerFeeRate,0.6218454620148052,0.07134513985685184,"ESTIMATED floor_None overnight_2000 slope, n=568",,,,,,,,NO_SIGNAL,SUPPRESSED: eligibility snapshot time unpublished,cash basis UNRESOLVED; gross basis required,,,,,
rSRE-2026-09-24-1,rSRE,RSREUSDT,2026-09-24,1000,,,,,False,UNRESOLVED,,81.31,,OBSERVED ticker lastPrice at run time,0.001,OBSERVED live symbol takerFeeRate,0.6218454620148052,0.07134513985685184,"ESTIMATED floor_None overnight_2000 slope, n=568",,,,,,,,NO_SIGNAL,SUPPRESSED: eligibility snapshot time unpublished,cash basis UNRESOLVED; gross basis required,,,,,
rSRE-2026-09-24-1,rSRE,RSREUSDT,2026-09-24,5000,,,,,False,UNRESOLVED,,81.31,,OBSERVED ticker lastPrice at run time,0.001,OBSERVED live symbol takerFeeRate,0.6218454620148052,0.07134513985685184,"ESTIMATED floor_None overnight_2000 slope, n=568",,,,,,,,NO_SIGNAL,SUPPRESSED: eligibility snapshot time unpublished,cash basis UNRESOLVED; gross basis required,,,,,
rSRE-2026-09-24-1,rSRE,RSREUSDT,2026-09-24,25000,,,,,False,UNRESOLVED,,81.31,,OBSERVED ticker lastPrice at run time,0.001,OBSERVED live symbol takerFeeRate,0.6218454620148052,0.07134513985685184,"ESTIMATED floor_None overnight_2000 slope, n=568",,,,,,,,NO_SIGNAL,SUPPRESSED: eligibility snapshot time unpublished,cash basis UNRESOLVED; gross basis required,,,,,
rSTAG-2026-09-30-1,rSTAG,RSTAGUSDT,2026-09-30,1000,,,,,False,UNRESOLVED,,37.66,,OBSERVED ticker lastPrice at run time,0.001,OBSERVED live symbol takerFeeRate,0.6218454620148052,0.07134513985685184,"ESTIMATED floor_None overnight_2000 slope, n=568",,,,,,,,NO_SIGNAL,SUPPRESSED: eligibility snapshot time unpublished,cash basis UNRESOLVED; gross basis required,,,,,
rSTAG-2026-09-30-1,rSTAG,RSTAGUSDT,2026-09-30,5000,,,,,False,UNRESOLVED,,37.66,,OBSERVED ticker lastPrice at run time,0.001,OBSERVED live symbol takerFeeRate,0.6218454620148052,0.07134513985685184,"ESTIMATED floor_None overnight_2000 slope, n=568",,,,,,,,NO_SIGNAL,SUPPRESSED: eligibility snapshot time unpublished,cash basis UNRESOLVED; gross basis required,,,,,
rSTAG-2026-09-30-1,rSTAG,RSTAGUSDT,2026-09-30,25000,,,,,False,UNRESOLVED,,37.66,,OBSERVED ticker lastPrice at run time,0.001,OBSERVED live symbol takerFeeRate,0.6218454620148052,0.07134513985685184,"ESTIMATED floor_None overnight_2000 slope, n=568",,,,,,,,NO_SIGNAL,SUPPRESSED: eligibility snapshot time unpublished,cash basis UNRESOLVED; gross basis required,,,,,
rSSD-2026-10-01-1,rSSD,RSSDUSDT,2026-10-01,1000,,,,,False,UNRESOLVED,,171.23,,OBSERVED ticker lastPrice at run time,0.001,OBSERVED live symbol takerFeeRate,0.6218454620148052,0.07134513985685184,"ESTIMATED floor_None overnight_2000 slope, n=568",,,,,,,,NO_SIGNAL,SUPPRESSED: eligibility snapshot time unpublished,cash basis UNRESOLVED; gross basis required,,,,,
rSSD-2026-10-01-1,rSSD,RSSDUSDT,2026-10-01,5000,,,,,False,UNRESOLVED,,171.23,,OBSERVED ticker lastPrice at run time,0.001,OBSERVED live symbol takerFeeRate,0.6218454620148052,0.07134513985685184,"ESTIMATED floor_None overnight_2000 slope, n=568",,,,,,,,NO_SIGNAL,SUPPRESSED: eligibility snapshot time unpublished,cash basis UNRESOLVED; gross basis required,,,,,
rSSD-2026-10-01-1,rSSD,RSSDUSDT,2026-10-01,25000,,,,,False,UNRESOLVED,,171.23,,OBSERVED ticker lastPrice at run time,0.001,OBSERVED live symbol takerFeeRate,0.6218454620148052,0.07134513985685184,"ESTIMATED floor_None overnight_2000 slope, n=568",,,,,,,,NO_SIGNAL,SUPPRESSED: eligibility snapshot time unpublished,cash basis UNRESOLVED; gross basis required,,,,,
rSTM-2026-09-22-1,rSTM,RSTMUSDT,2026-09-22,1000,,,,,False,UNRESOLVED,,50.03,,OBSERVED ticker lastPrice at run time,0.001,OBSERVED live symbol takerFeeRate,0.6218454620148052,0.07134513985685184,"ESTIMATED floor_None overnight_2000 slope, n=568",,,,,,,,NO_SIGNAL,SUPPRESSED: eligibility snapshot time unpublished,cash basis UNRESOLVED; gross basis required,,,,,
rSTM-2026-09-22-1,rSTM,RSTMUSDT,2026-09-22,5000,,,,,False,UNRESOLVED,,50.03,,OBSERVED ticker lastPrice at run time,0.001,OBSERVED live symbol takerFeeRate,0.6218454620148052,0.07134513985685184,"ESTIMATED floor_None overnight_2000 slope, n=568",,,,,,,,NO_SIGNAL,SUPPRESSED: eligibility snapshot time unpublished,cash basis UNRESOLVED; gross basis required,,,,,
rSTM-2026-09-22-1,rSTM,RSTMUSDT,2026-09-22,25000,,,,,False,UNRESOLVED,,50.03,,OBSERVED ticker lastPrice at run time,0.001,OBSERVED live symbol takerFeeRate,0.6218454620148052,0.07134513985685184,"ESTIMATED floor_None overnight_2000 slope, n=568",,,,,,,,NO_SIGNAL,SUPPRESSED: eligibility snapshot time unpublished,cash basis UNRESOLVED; gross basis required,,,,,
rSTX-2026-09-24-1,rSTX,RSTXUSDT,2026-09-24,1000,0.74,0.518,0.518,0.74,False,GROSS,2.0,861.4,860.939834358109,OBSERVED ticker lastPrice at run time,0.001,OBSERVED live symbol takerFeeRate,0.6218454620148052,0.07134513985685184,"ESTIMATED floor_None overnight_2000 slope, n=568",2.3773695812147757,-2.5407947463119607,-2.43520393932382,-2.5407947463119607,-2.7627947463119606,-2.0227947463119604,-2.3195352231057313,HOLD,SUPPRESSED: eligibility snapshot time unpublished,,2026-09-18T23:05:03.291954+00:00,public_book,2026-09-19T03:05:03.356996+00:00,public_book,
rSTX-2026-09-24-1,rSTX,RSTXUSDT,2026-09-24,5000,0.74,0.518,0.518,0.74,False,GROSS,2.0,861.4,860.939834358109,OBSERVED ticker lastPrice at run time,0.001,OBSERVED live symbol takerFeeRate,0.6218454620148052,0.07134513985685184,"ESTIMATED floor_None overnight_2000 slope, n=568",2.3773695812147757,-2.5407947463119607,-2.43520393932382,-2.5407947463119607,-2.7627947463119606,-2.0227947463119604,-2.3195352231057313,HOLD,SUPPRESSED: eligibility snapshot time unpublished,,2026-09-18T23:05:03.291954+00:00,public_book,2026-09-19T03:05:03.356996+00:00,public_book,
rSTX-2026-09-24-1,rSTX,RSTXUSDT,2026-09-24,25000,0.74,0.518,0.518,0.74,False,GROSS,2.0,861.4,860.939834358109,OBSERVED ticker lastPrice at run time,0.001,OBSERVED live symbol takerFeeRate,0.6218454620148052,0.07134513985685184,"ESTIMATED floor_None overnight_2000 slope, n=568",2.704011568477934,-2.867436733575119,-2.7618459265869784,-2.867436733575119,-3.089436733575119,-2.3494367335751187,-2.6461772103688896,HOLD,SUPPRESSED: eligibility snapshot time unpublished,,2026-09-18T23:05:03.291954+00:00,public_book,2026-09-19T03:05:03.356996+00:00,public_book,
rSTN-2026-09-29-1,rSTN,RSTNUSDT,2026-09-29,1000,,,,,False,UNRESOLVED,,69.05,,OBSERVED ticker lastPrice at run time,0.001,OBSERVED live symbol takerFeeRate,0.6218454620148052,0.07134513985685184,"ESTIMATED floor_None overnight_2000 slope, n=568",,,,,,,,NO_SIGNAL,SUPPRESSED: eligibility snapshot time unpublished,cash basis UNRESOLVED; gross basis required,,,,,
rSTN-2026-09-29-1,rSTN,RSTNUSDT,2026-09-29,5000,,,,,False,UNRESOLVED,,69.05,,OBSERVED ticker lastPrice at run time,0.001,OBSERVED live symbol takerFeeRate,0.6218454620148052,0.07134513985685184,"ESTIMATED floor_None overnight_2000 slope, n=568",,,,,,,,NO_SIGNAL,SUPPRESSED: eligibility snapshot time unpublished,cash basis UNRESOLVED; gross basis required,,,,,
rSTN-2026-09-29-1,rSTN,RSTNUSDT,2026-09-29,25000,,,,,False,UNRESOLVED,,69.05,,OBSERVED ticker lastPrice at run time,0.001,OBSERVED live symbol takerFeeRate,0.6218454620148052,0.07134513985685184,"ESTIMATED floor_None overnight_2000 slope, n=568",,,,,,,,NO_SIGNAL,SUPPRESSED: eligibility snapshot time unpublished,cash basis UNRESOLVED; gross basis required,,,,,
rSTLD-2026-09-30-1,rSTLD,RSTLDUSDT,2026-09-30,1000,0.53,0.371,0.371,0.53,False,GROSS,2.0,235.26,234.93042190513214,OBSERVED ticker lastPrice at run time,0.001,OBSERVED live symbol takerFeeRate,0.6218454620148052,0.07134513985685184,"ESTIMATED floor_None overnight_2000 slope, n=568",,,,,,,,NO_SIGNAL,SUPPRESSED: eligibility snapshot time unpublished,sell: no depth sample for this symbol/session; buy: no depth sample for this symbol/session,,,,,
rSTLD-2026-09-30-1,rSTLD,RSTLDUSDT,2026-09-30,5000,0.53,0.371,0.371,0.53,False,GROSS,2.0,235.26,234.93042190513214,OBSERVED ticker lastPrice at run time,0.001,OBSERVED live symbol takerFeeRate,0.6218454620148052,0.07134513985685184,"ESTIMATED floor_None overnight_2000 slope, n=568",,,,,,,,NO_SIGNAL,SUPPRESSED: eligibility snapshot time unpublished,sell: no depth sample for this symbol/session; buy: no depth sample for this symbol/session,,,,,
rSTLD-2026-09-30-1,rSTLD,RSTLDUSDT,2026-09-30,25000,0.53,0.371,0.371,0.53,False,GROSS,2.0,235.26,234.93042190513214,OBSERVED ticker lastPrice at run time,0.001,OBSERVED live symbol takerFeeRate,0.6218454620148052,0.07134513985685184,"ESTIMATED floor_None overnight_2000 slope, n=568",,,,,,,,NO_SIGNAL,SUPPRESSED: eligibility snapshot time unpublished,sell: no depth sample for this symbol/session; buy: no depth sample for this symbol/session,,,,,
rSTRC-2026-09-30-1,rSTRC,RSTRCUSDT,2026-09-30,1000,0.5,0.35,0.35,0.5,False,GROSS,2.0,98.5,98.18907726899259,OBSERVED ticker lastPrice at run time,0.001,OBSERVED live symbol takerFeeRate,0.6218454620148052,0.07134513985685184,"ESTIMATED floor_None overnight_2000 slope, n=568",0.42002178992460987,-0.5304441987740591,-0.45909905891720726,-0.5304441987740591,-0.680444198774059,-0.18044419877405912,-0.3809445209320125,HOLD,SUPPRESSED: eligibility snapshot time unpublished,,2026-09-18T23:05:03.291954+00:00,public_book,2026-09-19T03:05:03.356996+00:00,public_book,
rSTRC-2026-09-30-1,rSTRC,RSTRCUSDT,2026-09-30,5000,0.5,0.35,0.35,0.5,False,GROSS,2.0,98.5,98.18907726899259,OBSERVED ticker lastPrice at run time,0.001,OBSERVED live symbol takerFeeRate,0.6218454620148052,0.07134513985685184,"ESTIMATED floor_None overnight_2000 slope, n=568",0.6151228704484772,-0.7255452792979264,-0.6542001394410746,-0.7255452792979264,-0.8755452792979265,-0.37554527929792647,-0.5760456014558799,HOLD,SUPPRESSED: eligibility snapshot time unpublished,,2026-09-18T23:05:03.291954+00:00,public_book,2026-09-19T03:05:03.356996+00:00,public_book,
rSTRC-2026-09-30-1,rSTRC,RSTRCUSDT,2026-09-30,25000,0.5,0.35,0.35,0.5,False,GROSS,2.0,98.5,98.18907726899259,OBSERVED ticker lastPrice at run time,0.001,OBSERVED live symbol takerFeeRate,0.6218454620148052,0.07134513985685184,"ESTIMATED floor_None overnight_2000 slope, n=568",0.962872156512331,-1.0732945653617803,-1.0019494255049284,-1.0732945653617803,-1.2232945653617802,-0.7232945653617803,-0.9237948875197337,HOLD,SUPPRESSED: eligibility snapshot time unpublished,,2026-09-18T23:05:03.291954+00:00,public_book,2026-09-19T03:05:03.356996+00:00,public_book,
rSUI-2026-09-30-1,rSUI,RSUIUSDT,2026-09-30,1000,,,,,False,UNRESOLVED,,113.75,,OBSERVED ticker lastPrice at run time,0.001,OBSERVED live symbol takerFeeRate,0.6218454620148052,0.07134513985685184,"ESTIMATED floor_None overnight_2000 slope, n=568",,,,,,,,NO_SIGNAL,SUPPRESSED: eligibility snapshot time unpublished,cash basis UNRESOLVED; gross basis required,,,,,
rSUI-2026-09-30-1,rSUI,RSUIUSDT,2026-09-30,5000,,,,,False,UNRESOLVED,,113.75,,OBSERVED ticker lastPrice at run time,0.001,OBSERVED live symbol takerFeeRate,0.6218454620148052,0.07134513985685184,"ESTIMATED floor_None overnight_2000 slope, n=568",,,,,,,,NO_SIGNAL,SUPPRESSED: eligibility snapshot time unpublished,cash basis UNRESOLVED; gross basis required,,,,,
rSUI-2026-09-30-1,rSUI,RSUIUSDT,2026-09-30,25000,,,,,False,UNRESOLVED,,113.75,,OBSERVED ticker lastPrice at run time,0.001,OBSERVED live symbol takerFeeRate,0.6218454620148052,0.07134513985685184,"ESTIMATED floor_None overnight_2000 slope, n=568",,,,,,,,NO_SIGNAL,SUPPRESSED: eligibility snapshot time unpublished,cash basis UNRESOLVED; gross basis required,,,,,
rSYK-2026-09-30-1,rSYK,RSYKUSDT,2026-09-30,1000,,,,,False,UNRESOLVED,,276.75,,OBSERVED ticker lastPrice at run time,0.001,OBSERVED live symbol takerFeeRate,0.6218454620148052,0.07134513985685184,"ESTIMATED floor_None overnight_2000 slope, n=568",,,,,,,,NO_SIGNAL,SUPPRESSED: eligibility snapshot time unpublished,cash basis UNRESOLVED; gross basis required,,,,,
rSYK-2026-09-30-1,rSYK,RSYKUSDT,2026-09-30,5000,,,,,False,UNRESOLVED,,276.75,,OBSERVED ticker lastPrice at run time,0.001,OBSERVED live symbol takerFeeRate,0.6218454620148052,0.07134513985685184,"ESTIMATED floor_None overnight_2000 slope, n=568",,,,,,,,NO_SIGNAL,SUPPRESSED: eligibility snapshot time unpublished,cash basis UNRESOLVED; gross basis required,,,,,
rSYK-2026-09-30-1,rSYK,RSYKUSDT,2026-09-30,25000,,,,,False,UNRESOLVED,,276.75,,OBSERVED ticker lastPrice at run time,0.001,OBSERVED live symbol takerFeeRate,0.6218454620148052,0.07134513985685184,"ESTIMATED floor_None overnight_2000 slope, n=568",,,,,,,,NO_SIGNAL,SUPPRESSED: eligibility snapshot time unpublished,cash basis UNRESOLVED; gross basis required,,,,,
rSTT-2026-10-01-1,rSTT,RSTTUSDT,2026-10-01,1000,,,,,False,UNRESOLVED,,182.87,,OBSERVED ticker lastPrice at run time,0.001,OBSERVED live symbol takerFeeRate,0.6218454620148052,0.07134513985685184,"ESTIMATED floor_None overnight_2000 slope, n=568",,,,,,,,NO_SIGNAL,SUPPRESSED: eligibility snapshot time unpublished,cash basis UNRESOLVED; gross basis required,,,,,
rSTT-2026-10-01-1,rSTT,RSTTUSDT,2026-10-01,5000,,,,,False,UNRESOLVED,,182.87,,OBSERVED ticker lastPrice at run time,0.001,OBSERVED live symbol takerFeeRate,0.6218454620148052,0.07134513985685184,"ESTIMATED floor_None overnight_2000 slope, n=568",,,,,,,,NO_SIGNAL,SUPPRESSED: eligibility snapshot time unpublished,cash basis UNRESOLVED; gross basis required,,,,,
rSTT-2026-10-01-1,rSTT,RSTTUSDT,2026-10-01,25000,,,,,False,UNRESOLVED,,182.87,,OBSERVED ticker lastPrice at run time,0.001,OBSERVED live symbol takerFeeRate,0.6218454620148052,0.07134513985685184,"ESTIMATED floor_None overnight_2000 slope, n=568",,,,,,,,NO_SIGNAL,SUPPRESSED: eligibility snapshot time unpublished,cash basis UNRESOLVED; gross basis required,,,,,
rSTM-2026-12-15-1,rSTM,RSTMUSDT,2026-12-15,1000,,,,,False,UNRESOLVED,,50.03,,OBSERVED ticker lastPrice at run time,0.001,OBSERVED live symbol takerFeeRate,0.6218454620148052,0.07134513985685184,"ESTIMATED floor_None overnight_2000 slope, n=568",,,,,,,,NO_SIGNAL,SUPPRESSED: eligibility snapshot time unpublished,cash basis UNRESOLVED; gross basis required,,,,,
rSTM-2026-12-15-1,rSTM,RSTMUSDT,2026-12-15,5000,,,,,False,UNRESOLVED,,50.03,,OBSERVED ticker lastPrice at run time,0.001,OBSERVED live symbol takerFeeRate,0.6218454620148052,0.07134513985685184,"ESTIMATED floor_None overnight_2000 slope, n=568",,,,,,,,NO_SIGNAL,SUPPRESSED: eligibility snapshot time unpublished,cash basis UNRESOLVED; gross basis required,,,,,
rSTM-2026-12-15-1,rSTM,RSTMUSDT,2026-12-15,25000,,,,,False,UNRESOLVED,,50.03,,OBSERVED ticker lastPrice at run time,0.001,OBSERVED live symbol takerFeeRate,0.6218454620148052,0.07134513985685184,"ESTIMATED floor_None overnight_2000 slope, n=568",,,,,,,,NO_SIGNAL,SUPPRESSED: eligibility snapshot time unpublished,cash basis UNRESOLVED; gross basis required,,,,,
rSTM-2027-03-16-1,rSTM,RSTMUSDT,2027-03-16,1000,,,,,False,UNRESOLVED,,50.03,,OBSERVED ticker lastPrice at run time,0.001,OBSERVED live symbol takerFeeRate,0.6218454620148052,0.07134513985685184,"ESTIMATED floor_None overnight_2000 slope, n=568",,,,,,,,NO_SIGNAL,SUPPRESSED: eligibility snapshot time unpublished,cash basis UNRESOLVED; gross basis required,,,,,
rSTM-2027-03-16-1,rSTM,RSTMUSDT,2027-03-16,5000,,,,,False,UNRESOLVED,,50.03,,OBSERVED ticker lastPrice at run time,0.001,OBSERVED live symbol takerFeeRate,0.6218454620148052,0.07134513985685184,"ESTIMATED floor_None overnight_2000 slope, n=568",,,,,,,,NO_SIGNAL,SUPPRESSED: eligibility snapshot time unpublished,cash basis UNRESOLVED; gross basis required,,,,,
rSTM-2027-03-16-1,rSTM,RSTMUSDT,2027-03-16,25000,,,,,False,UNRESOLVED,,50.03,,OBSERVED ticker lastPrice at run time,0.001,OBSERVED live symbol takerFeeRate,0.6218454620148052,0.07134513985685184,"ESTIMATED floor_None overnight_2000 slope, n=568",,,,,,,,NO_SIGNAL,SUPPRESSED: eligibility snapshot time unpublished,cash basis UNRESOLVED; gross basis required,,,,,
rSYY-2026-10-02-1,rSYY,RSYYUSDT,2026-10-02,1000,,,,,False,UNRESOLVED,,79.39,,OBSERVED ticker lastPrice at run time,0.001,OBSERVED live symbol takerFeeRate,0.6218454620148052,0.07134513985685184,"ESTIMATED floor_None overnight_2000 slope, n=568",,,,,,,,NO_SIGNAL,SUPPRESSED: eligibility snapshot time unpublished,cash basis UNRESOLVED; gross basis required,,,,,
rSYY-2026-10-02-1,rSYY,RSYYUSDT,2026-10-02,5000,,,,,False,UNRESOLVED,,79.39,,OBSERVED ticker lastPrice at run time,0.001,OBSERVED live symbol takerFeeRate,0.6218454620148052,0.07134513985685184,"ESTIMATED floor_None overnight_2000 slope, n=568",,,,,,,,NO_SIGNAL,SUPPRESSED: eligibility snapshot time unpublished,cash basis UNRESOLVED; gross basis required,,,,,
rSYY-2026-10-02-1,rSYY,RSYYUSDT,2026-10-02,25000,,,,,False,UNRESOLVED,,79.39,,OBSERVED ticker lastPrice at run time,0.001,OBSERVED live symbol takerFeeRate,0.6218454620148052,0.07134513985685184,"ESTIMATED floor_None overnight_2000 slope, n=568",,,,,,,,NO_SIGNAL,SUPPRESSED: eligibility snapshot time unpublished,cash basis UNRESOLVED; gross basis required,,,,,
rTD-2026-10-09-1,rTD,RTDUSDT,2026-10-09,1000,,,,,False,UNRESOLVED,,122.48,,OBSERVED ticker lastPrice at run time,0.001,OBSERVED live symbol takerFeeRate,0.6218454620148052,0.07134513985685184,"ESTIMATED floor_None overnight_2000 slope, n=568",,,,,,,,NO_SIGNAL,SUPPRESSED: eligibility snapshot time unpublished,cash basis UNRESOLVED; gross basis required,,,,,
rTD-2026-10-09-1,rTD,RTDUSDT,2026-10-09,5000,,,,,False,UNRESOLVED,,122.48,,OBSERVED ticker lastPrice at run time,0.001,OBSERVED live symbol takerFeeRate,0.6218454620148052,0.07134513985685184,"ESTIMATED floor_None overnight_2000 slope, n=568",,,,,,,,NO_SIGNAL,SUPPRESSED: eligibility snapshot time unpublished,cash basis UNRESOLVED; gross basis required,,,,,
rTD-2026-10-09-1,rTD,RTDUSDT,2026-10-09,25000,,,,,False,UNRESOLVED,,122.48,,OBSERVED ticker lastPrice at run time,0.001,OBSERVED live symbol takerFeeRate,0.6218454620148052,0.07134513985685184,"ESTIMATED floor_None overnight_2000 slope, n=568",,,,,,,,NO_SIGNAL,SUPPRESSED: eligibility snapshot time unpublished,cash basis UNRESOLVED; gross basis required,,,,,
rTFII-2026-09-30-1,rTFII,RTFIIUSDT,2026-09-30,1000,,,,,False,UNRESOLVED,,125.16,,OBSERVED ticker lastPrice at run time,0.001,OBSERVED live symbol takerFeeRate,0.6218454620148052,0.07134513985685184,"ESTIMATED floor_None overnight_2000 slope, n=568",,,,,,,,NO_SIGNAL,SUPPRESSED: eligibility snapshot time unpublished,cash basis UNRESOLVED; gross basis required,,,,,
rTFII-2026-09-30-1,rTFII,RTFIIUSDT,2026-09-30,5000,,,,,False,UNRESOLVED,,125.16,,OBSERVED ticker lastPrice at run time,0.001,OBSERVED live symbol takerFeeRate,0.6218454620148052,0.07134513985685184,"ESTIMATED floor_None overnight_2000 slope, n=568",,,,,,,,NO_SIGNAL,SUPPRESSED: eligibility snapshot time unpublished,cash basis UNRESOLVED; gross basis required,,,,,
rTFII-2026-09-30-1,rTFII,RTFIIUSDT,2026-09-30,25000,,,,,False,UNRESOLVED,,125.16,,OBSERVED ticker lastPrice at run time,0.001,OBSERVED live symbol takerFeeRate,0.6218454620148052,0.07134513985685184,"ESTIMATED floor_None overnight_2000 slope, n=568",,,,,,,,NO_SIGNAL,SUPPRESSED: eligibility snapshot time unpublished,cash basis UNRESOLVED; gross basis required,,,,,
rTIGO-2026-10-08-1,rTIGO,RTIGOUSDT,2026-10-08,1000,0.75,0.525,0.5249999999999999,0.75,False,GROSS,2.0,94.26,93.7936159034889,OBSERVED ticker lastPrice at run time,0.001,OBSERVED live symbol takerFeeRate,0.6218454620148052,0.07134513985685184,"ESTIMATED floor_None overnight_2000 slope, n=568",,,,,,,,NO_SIGNAL,SUPPRESSED: eligibility snapshot time unpublished,sell: no depth sample for this symbol/session; buy: no depth sample for this symbol/session,,,,,
rTIGO-2026-10-08-1,rTIGO,RTIGOUSDT,2026-10-08,5000,0.75,0.525,0.5249999999999999,0.75,False,GROSS,2.0,94.26,93.7936159034889,OBSERVED ticker lastPrice at run time,0.001,OBSERVED live symbol takerFeeRate,0.6218454620148052,0.07134513985685184,"ESTIMATED floor_None overnight_2000 slope, n=568",,,,,,,,NO_SIGNAL,SUPPRESSED: eligibility snapshot time unpublished,sell: no depth sample for this symbol/session; buy: no depth sample for this symbol/session,,,,,
rTIGO-2026-10-08-1,rTIGO,RTIGOUSDT,2026-10-08,25000,0.75,0.525,0.5249999999999999,0.75,False,GROSS,2.0,94.26,93.7936159034889,OBSERVED ticker lastPrice at run time,0.001,OBSERVED live symbol takerFeeRate,0.6218454620148052,0.07134513985685184,"ESTIMATED floor_None overnight_2000 slope, n=568",,,,,,,,NO_SIGNAL,SUPPRESSED: eligibility snapshot time unpublished,sell: no depth sample for this symbol/session; buy: no depth sample for this symbol/session,,,,,
rTJX-2026-11-12-1,rTJX,RTJXUSDT,2026-11-12,1000,,,,,False,UNRESOLVED,,127.75,,OBSERVED ticker lastPrice at run time,0.001,OBSERVED live symbol takerFeeRate,0.6218454620148052,0.07134513985685184,"ESTIMATED floor_None overnight_2000 slope, n=568",,,,,,,,NO_SIGNAL,SUPPRESSED: eligibility snapshot time unpublished,cash basis UNRESOLVED; gross basis required,,,,,
rTJX-2026-11-12-1,rTJX,RTJXUSDT,2026-11-12,5000,,,,,False,UNRESOLVED,,127.75,,OBSERVED ticker lastPrice at run time,0.001,OBSERVED live symbol takerFeeRate,0.6218454620148052,0.07134513985685184,"ESTIMATED floor_None overnight_2000 slope, n=568",,,,,,,,NO_SIGNAL,SUPPRESSED: eligibility snapshot time unpublished,cash basis UNRESOLVED; gross basis required,,,,,
rTJX-2026-11-12-1,rTJX,RTJXUSDT,2026-11-12,25000,,,,,False,UNRESOLVED,,127.75,,OBSERVED ticker lastPrice at run time,0.001,OBSERVED live symbol takerFeeRate,0.6218454620148052,0.07134513985685184,"ESTIMATED floor_None overnight_2000 slope, n=568",,,,,,,,NO_SIGNAL,SUPPRESSED: eligibility snapshot time unpublished,cash basis UNRESOLVED; gross basis required,,,,,
rTIGO-2027-01-08-1,rTIGO,RTIGOUSDT,2027-01-08,1000,,,,,False,UNRESOLVED,,94.26,,OBSERVED ticker lastPrice at run time,0.001,OBSERVED live symbol takerFeeRate,0.6218454620148052,0.07134513985685184,"ESTIMATED floor_None overnight_2000 slope, n=568",,,,,,,,NO_SIGNAL,SUPPRESSED: eligibility snapshot time unpublished,cash basis UNRESOLVED; gross basis required,,,,,
rTIGO-2027-01-08-1,rTIGO,RTIGOUSDT,2027-01-08,5000,,,,,False,UNRESOLVED,,94.26,,OBSERVED ticker lastPrice at run time,0.001,OBSERVED live symbol takerFeeRate,0.6218454620148052,0.07134513985685184,"ESTIMATED floor_None overnight_2000 slope, n=568",,,,,,,,NO_SIGNAL,SUPPRESSED: eligibility snapshot time unpublished,cash basis UNRESOLVED; gross basis required,,,,,
rTIGO-2027-01-08-1,rTIGO,RTIGOUSDT,2027-01-08,25000,,,,,False,UNRESOLVED,,94.26,,OBSERVED ticker lastPrice at run time,0.001,OBSERVED live symbol takerFeeRate,0.6218454620148052,0.07134513985685184,"ESTIMATED floor_None overnight_2000 slope, n=568",,,,,,,,NO_SIGNAL,SUPPRESSED: eligibility snapshot time unpublished,cash basis UNRESOLVED; gross basis required,,,,,
rTIGO-2027-04-08-1,rTIGO,RTIGOUSDT,2027-04-08,1000,,,,,False,UNRESOLVED,,94.26,,OBSERVED ticker lastPrice at run time,0.001,OBSERVED live symbol takerFeeRate,0.6218454620148052,0.07134513985685184,"ESTIMATED floor_None overnight_2000 slope, n=568",,,,,,,,NO_SIGNAL,SUPPRESSED: eligibility snapshot time unpublished,cash basis UNRESOLVED; gross basis required,,,,,
rTIGO-2027-04-08-1,rTIGO,RTIGOUSDT,2027-04-08,5000,,,,,False,UNRESOLVED,,94.26,,OBSERVED ticker lastPrice at run time,0.001,OBSERVED live symbol takerFeeRate,0.6218454620148052,0.07134513985685184,"ESTIMATED floor_None overnight_2000 slope, n=568",,,,,,,,NO_SIGNAL,SUPPRESSED: eligibility snapshot time unpublished,cash basis UNRESOLVED; gross basis required,,,,,
rTIGO-2027-04-08-1,rTIGO,RTIGOUSDT,2027-04-08,25000,,,,,False,UNRESOLVED,,94.26,,OBSERVED ticker lastPrice at run time,0.001,OBSERVED live symbol takerFeeRate,0.6218454620148052,0.07134513985685184,"ESTIMATED floor_None overnight_2000 slope, n=568",,,,,,,,NO_SIGNAL,SUPPRESSED: eligibility snapshot time unpublished,cash basis UNRESOLVED; gross basis required,,,,,
rTRP-2026-09-29-1,rTRP,RTRPUSDT,2026-09-29,1000,,,,,False,UNRESOLVED,,61.64,,OBSERVED ticker lastPrice at run time,0.001,OBSERVED live symbol takerFeeRate,0.6218454620148052,0.07134513985685184,"ESTIMATED floor_None overnight_2000 slope, n=568",,,,,,,,NO_SIGNAL,SUPPRESSED: eligibility snapshot time unpublished,cash basis UNRESOLVED; gross basis required,,,,,
rTRP-2026-09-29-1,rTRP,RTRPUSDT,2026-09-29,5000,,,,,False,UNRESOLVED,,61.64,,OBSERVED ticker lastPrice at run time,0.001,OBSERVED live symbol takerFeeRate,0.6218454620148052,0.07134513985685184,"ESTIMATED floor_None overnight_2000 slope, n=568",,,,,,,,NO_SIGNAL,SUPPRESSED: eligibility snapshot time unpublished,cash basis UNRESOLVED; gross basis required,,,,,
rTRP-2026-09-29-1,rTRP,RTRPUSDT,2026-09-29,25000,,,,,False,UNRESOLVED,,61.64,,OBSERVED ticker lastPrice at run time,0.001,OBSERVED live symbol takerFeeRate,0.6218454620148052,0.07134513985685184,"ESTIMATED floor_None overnight_2000 slope, n=568",,,,,,,,NO_SIGNAL,SUPPRESSED: eligibility snapshot time unpublished,cash basis UNRESOLVED; gross basis required,,,,,
rTRNO-2026-09-30-1,rTRNO,RTRNOUSDT,2026-09-30,1000,,,,,False,UNRESOLVED,,65.74,,OBSERVED ticker lastPrice at run time,0.001,OBSERVED live symbol takerFeeRate,0.6218454620148052,0.07134513985685184,"ESTIMATED floor_None overnight_2000 slope, n=568",,,,,,,,NO_SIGNAL,SUPPRESSED: eligibility snapshot time unpublished,cash basis UNRESOLVED; gross basis required,,,,,
rTRNO-2026-09-30-1,rTRNO,RTRNOUSDT,2026-09-30,5000,,,,,False,UNRESOLVED,,65.74,,OBSERVED ticker lastPrice at run time,0.001,OBSERVED live symbol takerFeeRate,0.6218454620148052,0.07134513985685184,"ESTIMATED floor_None overnight_2000 slope, n=568",,,,,,,,NO_SIGNAL,SUPPRESSED: eligibility snapshot time unpublished,cash basis UNRESOLVED; gross basis required,,,,,
rTRNO-2026-09-30-1,rTRNO,RTRNOUSDT,2026-09-30,25000,,,,,False,UNRESOLVED,,65.74,,OBSERVED ticker lastPrice at run time,0.001,OBSERVED live symbol takerFeeRate,0.6218454620148052,0.07134513985685184,"ESTIMATED floor_None overnight_2000 slope, n=568",,,,,,,,NO_SIGNAL,SUPPRESSED: eligibility snapshot time unpublished,cash basis UNRESOLVED; gross basis required,,,,,
rTS-2026-11-24-1,rTS,RTSUSDT,2026-11-24,1000,,,,,False,UNRESOLVED,,56.25,,OBSERVED ticker lastPrice at run time,0.001,OBSERVED live symbol takerFeeRate,0.6218454620148052,0.07134513985685184,"ESTIMATED floor_None overnight_2000 slope, n=568",,,,,,,,NO_SIGNAL,SUPPRESSED: eligibility snapshot time unpublished,cash basis UNRESOLVED; gross basis required,,,,,
rTS-2026-11-24-1,rTS,RTSUSDT,2026-11-24,5000,,,,,False,UNRESOLVED,,56.25,,OBSERVED ticker lastPrice at run time,0.001,OBSERVED live symbol takerFeeRate,0.6218454620148052,0.07134513985685184,"ESTIMATED floor_None overnight_2000 slope, n=568",,,,,,,,NO_SIGNAL,SUPPRESSED: eligibility snapshot time unpublished,cash basis UNRESOLVED; gross basis required,,,,,
rTS-2026-11-24-1,rTS,RTSUSDT,2026-11-24,25000,,,,,False,UNRESOLVED,,56.25,,OBSERVED ticker lastPrice at run time,0.001,OBSERVED live symbol takerFeeRate,0.6218454620148052,0.07134513985685184,"ESTIMATED floor_None overnight_2000 slope, n=568",,,,,,,,NO_SIGNAL,SUPPRESSED: eligibility snapshot time unpublished,cash basis UNRESOLVED; gross basis required,,,,,
rTSN-2026-12-01-1,rTSN,RTSNUSDT,2026-12-01,1000,,,,,False,UNRESOLVED,,52.78,,OBSERVED ticker lastPrice at run time,0.001,OBSERVED live symbol takerFeeRate,0.6218454620148052,0.07134513985685184,"ESTIMATED floor_None overnight_2000 slope, n=568",,,,,,,,NO_SIGNAL,SUPPRESSED: eligibility snapshot time unpublished,cash basis UNRESOLVED; gross basis required,,,,,
rTSN-2026-12-01-1,rTSN,RTSNUSDT,2026-12-01,5000,,,,,False,UNRESOLVED,,52.78,,OBSERVED ticker lastPrice at run time,0.001,OBSERVED live symbol takerFeeRate,0.6218454620148052,0.07134513985685184,"ESTIMATED floor_None overnight_2000 slope, n=568",,,,,,,,NO_SIGNAL,SUPPRESSED: eligibility snapshot time unpublished,cash basis UNRESOLVED; gross basis required,,,,,
rTSN-2026-12-01-1,rTSN,RTSNUSDT,2026-12-01,25000,,,,,False,UNRESOLVED,,52.78,,OBSERVED ticker lastPrice at run time,0.001,OBSERVED live symbol takerFeeRate,0.6218454620148052,0.07134513985685184,"ESTIMATED floor_None overnight_2000 slope, n=568",,,,,,,,NO_SIGNAL,SUPPRESSED: eligibility snapshot time unpublished,cash basis UNRESOLVED; gross basis required,,,,,
rTSM-2026-12-10-1,rTSM,RTSMUSDT,2026-12-10,1000,,,,,False,UNRESOLVED,,433.75,,OBSERVED ticker lastPrice at run time,0.001,OBSERVED live symbol takerFeeRate,0.6218454620148052,0.07134513985685184,"ESTIMATED floor_None overnight_2000 slope, n=568",,,,,,,,NO_SIGNAL,SUPPRESSED: eligibility snapshot time unpublished,cash basis UNRESOLVED; gross basis required,,,,,
rTSM-2026-12-10-1,rTSM,RTSMUSDT,2026-12-10,5000,,,,,False,UNRESOLVED,,433.75,,OBSERVED ticker lastPrice at run time,0.001,OBSERVED live symbol takerFeeRate,0.6218454620148052,0.07134513985685184,"ESTIMATED floor_None overnight_2000 slope, n=568",,,,,,,,NO_SIGNAL,SUPPRESSED: eligibility snapshot time unpublished,cash basis UNRESOLVED; gross basis required,,,,,
rTSM-2026-12-10-1,rTSM,RTSMUSDT,2026-12-10,25000,,,,,False,UNRESOLVED,,433.75,,OBSERVED ticker lastPrice at run time,0.001,OBSERVED live symbol takerFeeRate,0.6218454620148052,0.07134513985685184,"ESTIMATED floor_None overnight_2000 slope, n=568",,,,,,,,NO_SIGNAL,SUPPRESSED: eligibility snapshot time unpublished,cash basis UNRESOLVED; gross basis required,,,,,
rUSB-2026-09-30-1,rUSB,RUSBUSDT,2026-09-30,1000,,,,,False,UNRESOLVED,,60.14,,OBSERVED ticker lastPrice at run time,0.001,OBSERVED live symbol takerFeeRate,0.6218454620148052,0.07134513985685184,"ESTIMATED floor_None overnight_2000 slope, n=568",,,,,,,,NO_SIGNAL,SUPPRESSED: eligibility snapshot time unpublished,cash basis UNRESOLVED; gross basis required,,,,,
rUSB-2026-09-30-1,rUSB,RUSBUSDT,2026-09-30,5000,,,,,False,UNRESOLVED,,60.14,,OBSERVED ticker lastPrice at run time,0.001,OBSERVED live symbol takerFeeRate,0.6218454620148052,0.07134513985685184,"ESTIMATED floor_None overnight_2000 slope, n=568",,,,,,,,NO_SIGNAL,SUPPRESSED: eligibility snapshot time unpublished,cash basis UNRESOLVED; gross basis required,,,,,
rUSB-2026-09-30-1,rUSB,RUSBUSDT,2026-09-30,25000,,,,,False,UNRESOLVED,,60.14,,OBSERVED ticker lastPrice at run time,0.001,OBSERVED live symbol takerFeeRate,0.6218454620148052,0.07134513985685184,"ESTIMATED floor_None overnight_2000 slope, n=568",,,,,,,,NO_SIGNAL,SUPPRESSED: eligibility snapshot time unpublished,cash basis UNRESOLVED; gross basis required,,,,,
rVIV-2026-09-28-1,rVIV,RVIVUSDT,2026-09-28,1000,,,,,False,UNRESOLVED,,11.95,,OBSERVED ticker lastPrice at run time,0.001,OBSERVED live symbol takerFeeRate,0.6218454620148052,0.07134513985685184,"ESTIMATED floor_None overnight_2000 slope, n=568",,,,,,,,NO_SIGNAL,SUPPRESSED: eligibility snapshot time unpublished,cash basis UNRESOLVED; gross basis required,,,,,
rVIV-2026-09-28-1,rVIV,RVIVUSDT,2026-09-28,5000,,,,,False,UNRESOLVED,,11.95,,OBSERVED ticker lastPrice at run time,0.001,OBSERVED live symbol takerFeeRate,0.6218454620148052,0.07134513985685184,"ESTIMATED floor_None overnight_2000 slope, n=568",,,,,,,,NO_SIGNAL,SUPPRESSED: eligibility snapshot time unpublished,cash basis UNRESOLVED; gross basis required,,,,,
rVIV-2026-09-28-1,rVIV,RVIVUSDT,2026-09-28,25000,,,,,False,UNRESOLVED,,11.95,,OBSERVED ticker lastPrice at run time,0.001,OBSERVED live symbol takerFeeRate,0.6218454620148052,0.07134513985685184,"ESTIMATED floor_None overnight_2000 slope, n=568",,,,,,,,NO_SIGNAL,SUPPRESSED: eligibility snapshot time unpublished,cash basis UNRESOLVED; gross basis required,,,,,
rVST-2026-09-21-1,rVST,RVSTUSDT,2026-09-21,1000,0.23,0.161,0.161,0.23,False,GROSS,3.0,141.4,141.2569755437366,OBSERVED ticker lastPrice at run time,0.001,OBSERVED live symbol takerFeeRate,0.6218454620148052,0.07134513985685184,"ESTIMATED floor_None overnight_2000 slope, n=568",0.4476872621696324,-0.49848157024037903,-0.4656628059062272,-0.49848157024037903,-0.567481570240379,-0.33748157024037906,-0.42971171843303757,HOLD,SUPPRESSED: eligibility snapshot time unpublished,,2026-09-18T23:05:03.291954+00:00,ticker_only,2026-09-19T03:05:03.356996+00:00,ticker_only,
rVST-2026-09-21-1,rVST,RVSTUSDT,2026-09-21,5000,0.23,0.161,0.161,0.23,False,GROSS,3.0,141.4,141.2569755437366,OBSERVED ticker lastPrice at run time,0.001,OBSERVED live symbol takerFeeRate,0.6218454620148052,0.07134513985685184,"ESTIMATED floor_None overnight_2000 slope, n=568",0.4476872621696324,-0.49848157024037903,-0.4656628059062272,-0.49848157024037903,-0.567481570240379,-0.33748157024037906,-0.42971171843303757,HOLD,SUPPRESSED: eligibility snapshot time unpublished,,2026-09-18T23:05:03.291954+00:00,ticker_only,2026-09-19T03:05:03.356996+00:00,ticker_only,
rVST-2026-09-21-1,rVST,RVSTUSDT,2026-09-21,25000,0.23,0.161,0.161,0.23,False,GROSS,3.0,141.4,141.2569755437366,OBSERVED ticker lastPrice at run time,0.001,OBSERVED live symbol takerFeeRate,0.6218454620148052,0.07134513985685184,"ESTIMATED floor_None overnight_2000 slope, n=568",,,,,,,,NO_SIGNAL,SUPPRESSED: eligibility snapshot time unpublished,"sell: $25,000 exceeds visible top-of-book ($23,298) on ticker-only symbol",2026-09-18T23:05:03.291954+00:00,ticker_only,2026-09-19T03:05:03.356996+00:00,ticker_only,
rVMI-2026-09-25-1,rVMI,RVMIUSDT,2026-09-25,1000,,,,,False,UNRESOLVED,,474.65,,OBSERVED ticker lastPrice at run time,0.001,OBSERVED live symbol takerFeeRate,0.6218454620148052,0.07134513985685184,"ESTIMATED floor_None overnight_2000 slope, n=568",,,,,,,,NO_SIGNAL,SUPPRESSED: eligibility snapshot time unpublished,cash basis UNRESOLVED; gross basis required,,,,,
rVMI-2026-09-25-1,rVMI,RVMIUSDT,2026-09-25,5000,,,,,False,UNRESOLVED,,474.65,,OBSERVED ticker lastPrice at run time,0.001,OBSERVED live symbol takerFeeRate,0.6218454620148052,0.07134513985685184,"ESTIMATED floor_None overnight_2000 slope, n=568",,,,,,,,NO_SIGNAL,SUPPRESSED: eligibility snapshot time unpublished,cash basis UNRESOLVED; gross basis required,,,,,
rVMI-2026-09-25-1,rVMI,RVMIUSDT,2026-09-25,25000,,,,,False,UNRESOLVED,,474.65,,OBSERVED ticker lastPrice at run time,0.001,OBSERVED live symbol takerFeeRate,0.6218454620148052,0.07134513985685184,"ESTIMATED floor_None overnight_2000 slope, n=568",,,,,,,,NO_SIGNAL,SUPPRESSED: eligibility snapshot time unpublished,cash basis UNRESOLVED; gross basis required,,,,,
rVSNT-2026-10-01-1,rVSNT,RVSNTUSDT,2026-10-01,1000,0.375,0.2625,0.26249999999999996,0.375,False,GROSS,2.0,35.47,35.236807951744446,OBSERVED ticker lastPrice at run time,0.001,OBSERVED live symbol takerFeeRate,0.6218454620148052,0.07134513985685184,"ESTIMATED floor_None overnight_2000 slope, n=568",,,,,,,,NO_SIGNAL,SUPPRESSED: eligibility snapshot time unpublished,sell: no depth sample for this symbol/session; buy: no depth sample for this symbol/session,,,,,
rVSNT-2026-10-01-1,rVSNT,RVSNTUSDT,2026-10-01,5000,0.375,0.2625,0.26249999999999996,0.375,False,GROSS,2.0,35.47,35.236807951744446,OBSERVED ticker lastPrice at run time,0.001,OBSERVED live symbol takerFeeRate,0.6218454620148052,0.07134513985685184,"ESTIMATED floor_None overnight_2000 slope, n=568",,,,,,,,NO_SIGNAL,SUPPRESSED: eligibility snapshot time unpublished,sell: no depth sample for this symbol/session; buy: no depth sample for this symbol/session,,,,,
rVSNT-2026-10-01-1,rVSNT,RVSNTUSDT,2026-10-01,25000,0.375,0.2625,0.26249999999999996,0.375,False,GROSS,2.0,35.47,35.236807951744446,OBSERVED ticker lastPrice at run time,0.001,OBSERVED live symbol takerFeeRate,0.6218454620148052,0.07134513985685184,"ESTIMATED floor_None overnight_2000 slope, n=568",,,,,,,,NO_SIGNAL,SUPPRESSED: eligibility snapshot time unpublished,sell: no depth sample for this symbol/session; buy: no depth sample for this symbol/session,,,,,
rVZ-2026-10-09-1,rVZ,RVZUSDT,2026-10-09,1000,,,,,False,UNRESOLVED,,48.13,,OBSERVED ticker lastPrice at run time,0.001,OBSERVED live symbol takerFeeRate,0.6218454620148052,0.07134513985685184,"ESTIMATED floor_None overnight_2000 slope, n=568",,,,,,,,NO_SIGNAL,SUPPRESSED: eligibility snapshot time unpublished,cash basis UNRESOLVED; gross basis required,,,,,
rVZ-2026-10-09-1,rVZ,RVZUSDT,2026-10-09,5000,,,,,False,UNRESOLVED,,48.13,,OBSERVED ticker lastPrice at run time,0.001,OBSERVED live symbol takerFeeRate,0.6218454620148052,0.07134513985685184,"ESTIMATED floor_None overnight_2000 slope, n=568",,,,,,,,NO_SIGNAL,SUPPRESSED: eligibility snapshot time unpublished,cash basis UNRESOLVED; gross basis required,,,,,
rVZ-2026-10-09-1,rVZ,RVZUSDT,2026-10-09,25000,,,,,False,UNRESOLVED,,48.13,,OBSERVED ticker lastPrice at run time,0.001,OBSERVED live symbol takerFeeRate,0.6218454620148052,0.07134513985685184,"ESTIMATED floor_None overnight_2000 slope, n=568",,,,,,,,NO_SIGNAL,SUPPRESSED: eligibility snapshot time unpublished,cash basis UNRESOLVED; gross basis required,,,,,
rVSEC-2026-10-15-1,rVSEC,RVSECUSDT,2026-10-15,1000,0.1,0.07,0.06999999999999999,0.1,False,GROSS,2.0,174.84,174.77781545379852,OBSERVED ticker lastPrice at run time,0.001,OBSERVED live symbol takerFeeRate,0.6218454620148052,0.07134513985685184,"ESTIMATED floor_None overnight_2000 slope, n=568",,,,,,,,NO_SIGNAL,SUPPRESSED: eligibility snapshot time unpublished,sell: no depth sample for this symbol/session; buy: no depth sample for this symbol/session,,,,,
rVSEC-2026-10-15-1,rVSEC,RVSECUSDT,2026-10-15,5000,0.1,0.07,0.06999999999999999,0.1,False,GROSS,2.0,174.84,174.77781545379852,OBSERVED ticker lastPrice at run time,0.001,OBSERVED live symbol takerFeeRate,0.6218454620148052,0.07134513985685184,"ESTIMATED floor_None overnight_2000 slope, n=568",,,,,,,,NO_SIGNAL,SUPPRESSED: eligibility snapshot time unpublished,sell: no depth sample for this symbol/session; buy: no depth sample for this symbol/session,,,,,
rVSEC-2026-10-15-1,rVSEC,RVSECUSDT,2026-10-15,25000,0.1,0.07,0.06999999999999999,0.1,False,GROSS,2.0,174.84,174.77781545379852,OBSERVED ticker lastPrice at run time,0.001,OBSERVED live symbol takerFeeRate,0.6218454620148052,0.07134513985685184,"ESTIMATED floor_None overnight_2000 slope, n=568",,,,,,,,NO_SIGNAL,SUPPRESSED: eligibility snapshot time unpublished,sell: no depth sample for this symbol/session; buy: no depth sample for this symbol/session,,,,,
rWRB-2026-09-21-1,rWRB,RWRBUSDT,2026-09-21,1000,,,,,False,UNRESOLVED,,69.99,,OBSERVED ticker lastPrice at run time,0.001,OBSERVED live symbol takerFeeRate,0.6218454620148052,0.07134513985685184,"ESTIMATED floor_None overnight_2000 slope, n=568",,,,,,,,NO_SIGNAL,SUPPRESSED: eligibility snapshot time unpublished,cash basis UNRESOLVED; gross basis required,,,,,
rWRB-2026-09-21-1,rWRB,RWRBUSDT,2026-09-21,5000,,,,,False,UNRESOLVED,,69.99,,OBSERVED ticker lastPrice at run time,0.001,OBSERVED live symbol takerFeeRate,0.6218454620148052,0.07134513985685184,"ESTIMATED floor_None overnight_2000 slope, n=568",,,,,,,,NO_SIGNAL,SUPPRESSED: eligibility snapshot time unpublished,cash basis UNRESOLVED; gross basis required,,,,,
rWRB-2026-09-21-1,rWRB,RWRBUSDT,2026-09-21,25000,,,,,False,UNRESOLVED,,69.99,,OBSERVED ticker lastPrice at run time,0.001,OBSERVED live symbol takerFeeRate,0.6218454620148052,0.07134513985685184,"ESTIMATED floor_None overnight_2000 slope, n=568",,,,,,,,NO_SIGNAL,SUPPRESSED: eligibility snapshot time unpublished,cash basis UNRESOLVED; gross basis required,,,,,
rWTW-2026-09-30-1,rWTW,RWTWUSDT,2026-09-30,1000,0.96,0.672,0.6719999999999999,0.96,False,GROSS,2.0,309.98,309.3830283564658,OBSERVED ticker lastPrice at run time,0.001,OBSERVED live symbol takerFeeRate,0.6218454620148052,0.07134513985685184,"ESTIMATED floor_None overnight_2000 slope, n=568",,,,,,,,NO_SIGNAL,SUPPRESSED: eligibility snapshot time unpublished,sell: no depth sample for this symbol/session; buy: no depth sample for this symbol/session,,,,,
rWTW-2026-09-30-1,rWTW,RWTWUSDT,2026-09-30,5000,0.96,0.672,0.6719999999999999,0.96,False,GROSS,2.0,309.98,309.3830283564658,OBSERVED ticker lastPrice at run time,0.001,OBSERVED live symbol takerFeeRate,0.6218454620148052,0.07134513985685184,"ESTIMATED floor_None overnight_2000 slope, n=568",,,,,,,,NO_SIGNAL,SUPPRESSED: eligibility snapshot time unpublished,sell: no depth sample for this symbol/session; buy: no depth sample for this symbol/session,,,,,
rWTW-2026-09-30-1,rWTW,RWTWUSDT,2026-09-30,25000,0.96,0.672,0.6719999999999999,0.96,False,GROSS,2.0,309.98,309.3830283564658,OBSERVED ticker lastPrice at run time,0.001,OBSERVED live symbol takerFeeRate,0.6218454620148052,0.07134513985685184,"ESTIMATED floor_None overnight_2000 slope, n=568",,,,,,,,NO_SIGNAL,SUPPRESSED: eligibility snapshot time unpublished,sell: no depth sample for this symbol/session; buy: no depth sample for this symbol/session,,,,,
rWMT-2026-12-11-1,rWMT,RWMTUSDT,2026-12-11,1000,0.2475,0.17325,0.17325,0.2475,False,GROSS,2.0,106.83,106.67609324815133,OBSERVED ticker lastPrice at run time,0.001,OBSERVED live symbol takerFeeRate,0.6218454620148052,0.07134513985685184,"ESTIMATED floor_None overnight_2000 slope, n=568",,,,,,,,NO_SIGNAL,SUPPRESSED: eligibility snapshot time unpublished,sell: no depth sample for this symbol/session; buy: no depth sample for this symbol/session,,,,,
rWMT-2026-12-11-1,rWMT,RWMTUSDT,2026-12-11,5000,0.2475,0.17325,0.17325,0.2475,False,GROSS,2.0,106.83,106.67609324815133,OBSERVED ticker lastPrice at run time,0.001,OBSERVED live symbol takerFeeRate,0.6218454620148052,0.07134513985685184,"ESTIMATED floor_None overnight_2000 slope, n=568",,,,,,,,NO_SIGNAL,SUPPRESSED: eligibility snapshot time unpublished,sell: no depth sample for this symbol/session; buy: no depth sample for this symbol/session,,,,,
rWMT-2026-12-11-1,rWMT,RWMTUSDT,2026-12-11,25000,0.2475,0.17325,0.17325,0.2475,False,GROSS,2.0,106.83,106.67609324815133,OBSERVED ticker lastPrice at run time,0.001,OBSERVED live symbol takerFeeRate,0.6218454620148052,0.07134513985685184,"ESTIMATED floor_None overnight_2000 slope, n=568",,,,,,,,NO_SIGNAL,SUPPRESSED: eligibility snapshot time unpublished,sell: no depth sample for this symbol/session; buy: no depth sample for this symbol/session,,,,,
rZBH-2026-09-30-1,rZBH,RZBHUSDT,2026-09-30,1000,,,,,False,UNRESOLVED,,95.44,,OBSERVED ticker lastPrice at run time,0.001,OBSERVED live symbol takerFeeRate,0.6218454620148052,0.07134513985685184,"ESTIMATED floor_None overnight_2000 slope, n=568",,,,,,,,NO_SIGNAL,SUPPRESSED: eligibility snapshot time unpublished,cash basis UNRESOLVED; gross basis required,,,,,
rZBH-2026-09-30-1,rZBH,RZBHUSDT,2026-09-30,5000,,,,,False,UNRESOLVED,,95.44,,OBSERVED ticker lastPrice at run time,0.001,OBSERVED live symbol takerFeeRate,0.6218454620148052,0.07134513985685184,"ESTIMATED floor_None overnight_2000 slope, n=568",,,,,,,,NO_SIGNAL,SUPPRESSED: eligibility snapshot time unpublished,cash basis UNRESOLVED; gross basis required,,,,,
rZBH-2026-09-30-1,rZBH,RZBHUSDT,2026-09-30,25000,,,,,False,UNRESOLVED,,95.44,,OBSERVED ticker lastPrice at run time,0.001,OBSERVED live symbol takerFeeRate,0.6218454620148052,0.07134513985685184,"ESTIMATED floor_None overnight_2000 slope, n=568",,,,,,,,NO_SIGNAL,SUPPRESSED: eligibility snapshot time unpublished,cash basis UNRESOLVED; gross basis required,,,,,
rYMM-2026-10-14-1,rYMM,RYMMUSDT,2026-10-14,1000,,,,,False,UNRESOLVED,,8.13,,OBSERVED ticker lastPrice at run time,0.001,OBSERVED live symbol takerFeeRate,0.6218454620148052,0.07134513985685184,"ESTIMATED floor_None overnight_2000 slope, n=568",,,,,,,,NO_SIGNAL,SUPPRESSED: eligibility snapshot time unpublished,cash basis UNRESOLVED; gross basis required,,,,,
rYMM-2026-10-14-1,rYMM,RYMMUSDT,2026-10-14,5000,,,,,False,UNRESOLVED,,8.13,,OBSERVED ticker lastPrice at run time,0.001,OBSERVED live symbol takerFeeRate,0.6218454620148052,0.07134513985685184,"ESTIMATED floor_None overnight_2000 slope, n=568",,,,,,,,NO_SIGNAL,SUPPRESSED: eligibility snapshot time unpublished,cash basis UNRESOLVED; gross basis required,,,,,
rYMM-2026-10-14-1,rYMM,RYMMUSDT,2026-10-14,25000,,,,,False,UNRESOLVED,,8.13,,OBSERVED ticker lastPrice at run time,0.001,OBSERVED live symbol takerFeeRate,0.6218454620148052,0.07134513985685184,"ESTIMATED floor_None overnight_2000 slope, n=568",,,,,,,,NO_SIGNAL,SUPPRESSED: eligibility snapshot time unpublished,cash basis UNRESOLVED; gross basis required,,,,,
