event_id,symbol,spot_symbol,ex_date,notional_usd,gross_dividend,net_dividend,net_low,net_high,net_verified,basis,basis_tier,price,buy_price,price_label,fee_rate,fee_label,drop_ratio,drop_se,drop_label,cost_per_share,exit_edge_lower,exit_edge_point,exit_edge_lower_net_low,exit_edge_lower_net_high,exit_edge_lower_zero_net,buy_edge_point,verdict,buy,reason,sell_book_ts,sell_book_source,buy_book_ts,buy_book_source,rule
rBABA-2026-06-11-1,rBABA,RBABAUSDT,2026-06-11,1000,1.03,0.721,0.721,0.721,True,GROSS,1,114.98,109.804,OBSERVED p_pre,0.0005,DOCUMENTED promotional 0.05% through 2026-08-31,5.025242718446604,0.0,REALISED premarket_0400 PDR,0.3053777182133997,4.149622281786602,4.149622281786602,4.149622281786602,4.149622281786602,4.870622281786602,-4.760377718213402,EXIT,SUPPRESSED: eligibility snapshot time unpublished,,2026-09-16T23:27:40.187038+00:00,public_book,2026-09-17T04:27:30.024688+00:00,public_book,exnight-strategy-v1
rBABA-2026-06-11-1,rBABA,RBABAUSDT,2026-06-11,5000,1.03,0.721,0.721,0.721,True,GROSS,1,114.98,109.804,OBSERVED p_pre,0.0005,DOCUMENTED promotional 0.05% through 2026-08-31,5.025242718446604,0.0,REALISED premarket_0400 PDR,0.5866131151705486,3.8683868848294534,3.8683868848294534,3.8683868848294534,3.8683868848294534,4.5893868848294535,-5.04161311517055,EXIT,SUPPRESSED: eligibility snapshot time unpublished,,2026-09-16T23:27:40.187038+00:00,public_book,2026-09-17T04:27:30.024688+00:00,public_book,exnight-strategy-v1
rBABA-2026-06-11-1,rBABA,RBABAUSDT,2026-06-11,25000,1.03,0.721,0.721,0.721,True,GROSS,1,114.98,109.804,OBSERVED p_pre,0.0005,DOCUMENTED promotional 0.05% through 2026-08-31,5.025242718446604,0.0,REALISED premarket_0400 PDR,1.0967348696936279,3.358265130306374,3.358265130306374,3.358265130306374,3.358265130306374,4.079265130306374,-5.55173486969363,EXIT,SUPPRESSED: eligibility snapshot time unpublished,,2026-09-16T23:27:40.187038+00:00,public_book,2026-09-17T04:27:30.024688+00:00,public_book,exnight-strategy-v1
rCRM-2026-06-11-1,rCRM,RCRMUSDT,2026-06-11,1000,0.44,0.308,0.308,0.308,True,GROSS,1,170.125,170.154,OBSERVED p_pre,0.0005,DOCUMENTED promotional 0.05% through 2026-08-31,-0.06590909090908265,0.0,REALISED premarket_0400 PDR,,,,,,,,NO_SIGNAL,SUPPRESSED: eligibility snapshot time unpublished,"buy: $1,000 exceeds visible top-of-book ($252) on ticker-only symbol",2026-09-16T23:27:40.187038+00:00,ticker_only,2026-09-17T04:27:30.024688+00:00,ticker_only,exnight-strategy-v1
rCRM-2026-06-11-1,rCRM,RCRMUSDT,2026-06-11,5000,0.44,0.308,0.308,0.308,True,GROSS,1,170.125,170.154,OBSERVED p_pre,0.0005,DOCUMENTED promotional 0.05% through 2026-08-31,-0.06590909090908265,0.0,REALISED premarket_0400 PDR,,,,,,,,NO_SIGNAL,SUPPRESSED: eligibility snapshot time unpublished,"sell: $5,000 exceeds visible top-of-book ($1,003) on ticker-only symbol; buy: $5,000 exceeds visible top-of-book ($252) on ticker-only symbol",2026-09-16T23:27:40.187038+00:00,ticker_only,2026-09-17T04:27:30.024688+00:00,ticker_only,exnight-strategy-v1
rCRM-2026-06-11-1,rCRM,RCRMUSDT,2026-06-11,25000,0.44,0.308,0.308,0.308,True,GROSS,1,170.125,170.154,OBSERVED p_pre,0.0005,DOCUMENTED promotional 0.05% through 2026-08-31,-0.06590909090908265,0.0,REALISED premarket_0400 PDR,,,,,,,,NO_SIGNAL,SUPPRESSED: eligibility snapshot time unpublished,"sell: $25,000 exceeds visible top-of-book ($1,003) on ticker-only symbol; buy: $25,000 exceeds visible top-of-book ($252) on ticker-only symbol",2026-09-16T23:27:40.187038+00:00,ticker_only,2026-09-17T04:27:30.024688+00:00,ticker_only,exnight-strategy-v1
rTSM-2026-06-11-1,rTSM,RTSMUSDT,2026-06-11,1000,0.742067,0.5194469,0.5194469,0.5194469,True,GROSS,1,407.055,415.669,OBSERVED p_pre,0.0005,DOCUMENTED promotional 0.05% through 2026-08-31,-11.608116248263263,0.0,REALISED premarket_0400 PDR,0.9763130583801759,-10.109759958380153,-10.109759958380153,-10.109759958380153,-10.109759958380153,-9.590313058380152,8.1571338416198,HOLD,SUPPRESSED: eligibility snapshot time unpublished,,2026-09-16T23:27:40.187038+00:00,public_book,2026-09-17T04:27:30.024688+00:00,public_book,exnight-strategy-v1
rTSM-2026-06-11-1,rTSM,RTSMUSDT,2026-06-11,5000,0.742067,0.5194469,0.5194469,0.5194469,True,GROSS,1,407.055,415.669,OBSERVED p_pre,0.0005,DOCUMENTED promotional 0.05% through 2026-08-31,-11.608116248263263,0.0,REALISED premarket_0400 PDR,2.0890650290958583,-11.222511929095834,-11.222511929095834,-11.222511929095834,-11.222511929095834,-10.703065029095834,7.044381870904118,HOLD,SUPPRESSED: eligibility snapshot time unpublished,,2026-09-16T23:27:40.187038+00:00,public_book,2026-09-17T04:27:30.024688+00:00,public_book,exnight-strategy-v1
rTSM-2026-06-11-1,rTSM,RTSMUSDT,2026-06-11,25000,0.742067,0.5194469,0.5194469,0.5194469,True,GROSS,1,407.055,415.669,OBSERVED p_pre,0.0005,DOCUMENTED promotional 0.05% through 2026-08-31,-11.608116248263263,0.0,REALISED premarket_0400 PDR,4.002027573967898,-13.135474473967875,-13.135474473967875,-13.135474473967875,-13.135474473967875,-12.616027573967873,5.131419326032078,HOLD,SUPPRESSED: eligibility snapshot time unpublished,,2026-09-16T23:27:40.187038+00:00,public_book,2026-09-17T04:27:30.024688+00:00,public_book,exnight-strategy-v1
rKO-2026-06-15-1,rKO,RKOUSDT,2026-06-15,1000,0.53,0.371,0.371,0.371,True,GROSS,1,82.66,81.686,OBSERVED p_pre,0.0005,DOCUMENTED promotional 0.05% through 2026-08-31,1.837735849056584,0.0,REALISED premarket_0400 PDR,0.17349968294290727,0.42950031705708225,0.42950031705708225,0.42950031705708225,0.42950031705708225,0.8005003170570822,-0.7764996829428968,EXIT,SUPPRESSED: eligibility snapshot time unpublished,,2026-09-16T23:27:40.187038+00:00,public_book,2026-09-17T04:27:30.024688+00:00,public_book,exnight-strategy-v1
rKO-2026-06-15-1,rKO,RKOUSDT,2026-06-15,5000,0.53,0.371,0.371,0.371,True,GROSS,1,82.66,81.686,OBSERVED p_pre,0.0005,DOCUMENTED promotional 0.05% through 2026-08-31,1.837735849056584,0.0,REALISED premarket_0400 PDR,0.37382892811830715,0.2291710718816824,0.2291710718816824,0.2291710718816824,0.2291710718816824,0.6001710718816824,-0.9768289281182967,EXIT,SUPPRESSED: eligibility snapshot time unpublished,,2026-09-16T23:27:40.187038+00:00,public_book,2026-09-17T04:27:30.024688+00:00,public_book,exnight-strategy-v1
rKO-2026-06-15-1,rKO,RKOUSDT,2026-06-15,25000,0.53,0.371,0.371,0.371,True,GROSS,1,82.66,81.686,OBSERVED p_pre,0.0005,DOCUMENTED promotional 0.05% through 2026-08-31,1.837735849056584,0.0,REALISED premarket_0400 PDR,0.6698334524248031,-0.06683345242481353,-0.06683345242481353,-0.06683345242481353,-0.06683345242481353,0.30416654757518646,-1.2728334524247926,HOLD,SUPPRESSED: eligibility snapshot time unpublished,,2026-09-16T23:27:40.187038+00:00,public_book,2026-09-17T04:27:30.024688+00:00,public_book,exnight-strategy-v1
rMO-2026-06-15-1,rMO,RMOUSDT,2026-06-15,1000,1.06,0.742,0.742,0.742,True,GROSS,1,72.163,70.682,OBSERVED p_pre,0.0005,DOCUMENTED promotional 0.05% through 2026-08-31,1.3971698113207496,0.0,REALISED premarket_0400 PDR,,,,,,,,NO_SIGNAL,SUPPRESSED: eligibility snapshot time unpublished,"sell: $1,000 exceeds visible top-of-book ($629) on ticker-only symbol",2026-09-16T23:27:40.187038+00:00,ticker_only,2026-09-17T04:27:30.024688+00:00,ticker_only,exnight-strategy-v1
rMO-2026-06-15-1,rMO,RMOUSDT,2026-06-15,5000,1.06,0.742,0.742,0.742,True,GROSS,1,72.163,70.682,OBSERVED p_pre,0.0005,DOCUMENTED promotional 0.05% through 2026-08-31,1.3971698113207496,0.0,REALISED premarket_0400 PDR,,,,,,,,NO_SIGNAL,SUPPRESSED: eligibility snapshot time unpublished,"sell: $5,000 exceeds visible top-of-book ($629) on ticker-only symbol; buy: $5,000 exceeds visible top-of-book ($2,874) on ticker-only symbol",2026-09-16T23:27:40.187038+00:00,ticker_only,2026-09-17T04:27:30.024688+00:00,ticker_only,exnight-strategy-v1
rMO-2026-06-15-1,rMO,RMOUSDT,2026-06-15,25000,1.06,0.742,0.742,0.742,True,GROSS,1,72.163,70.682,OBSERVED p_pre,0.0005,DOCUMENTED promotional 0.05% through 2026-08-31,1.3971698113207496,0.0,REALISED premarket_0400 PDR,,,,,,,,NO_SIGNAL,SUPPRESSED: eligibility snapshot time unpublished,"sell: $25,000 exceeds visible top-of-book ($629) on ticker-only symbol; buy: $25,000 exceeds visible top-of-book ($2,874) on ticker-only symbol",2026-09-16T23:27:40.187038+00:00,ticker_only,2026-09-17T04:27:30.024688+00:00,ticker_only,exnight-strategy-v1
rGEV-2026-06-16-1,rGEV,RGEVUSDT,2026-06-16,1000,0.5,0.35,0.35,0.35,True,GROSS,1,980.625,980.63,OBSERVED p_pre,0.0005,DOCUMENTED promotional 0.05% through 2026-08-31,-0.009999999999990905,0.0,REALISED premarket_0400 PDR,3.613416036740892,-3.9684160367408876,-3.9684160367408876,-3.9684160367408876,-3.9684160367408876,-3.6184160367408875,-3.2584160367408965,HOLD,SUPPRESSED: eligibility snapshot time unpublished,,2026-09-16T23:27:40.187038+00:00,ticker_only,2026-09-17T04:27:30.024688+00:00,ticker_only,exnight-strategy-v1
rGEV-2026-06-16-1,rGEV,RGEVUSDT,2026-06-16,5000,0.5,0.35,0.35,0.35,True,GROSS,1,980.625,980.63,OBSERVED p_pre,0.0005,DOCUMENTED promotional 0.05% through 2026-08-31,-0.009999999999990905,0.0,REALISED premarket_0400 PDR,,,,,,,,NO_SIGNAL,SUPPRESSED: eligibility snapshot time unpublished,"sell: $5,000 exceeds visible top-of-book ($1,867) on ticker-only symbol; buy: $5,000 exceeds visible top-of-book ($3,760) on ticker-only symbol",2026-09-16T23:27:40.187038+00:00,ticker_only,2026-09-17T04:27:30.024688+00:00,ticker_only,exnight-strategy-v1
rGEV-2026-06-16-1,rGEV,RGEVUSDT,2026-06-16,25000,0.5,0.35,0.35,0.35,True,GROSS,1,980.625,980.63,OBSERVED p_pre,0.0005,DOCUMENTED promotional 0.05% through 2026-08-31,-0.009999999999990905,0.0,REALISED premarket_0400 PDR,,,,,,,,NO_SIGNAL,SUPPRESSED: eligibility snapshot time unpublished,"sell: $25,000 exceeds visible top-of-book ($1,867) on ticker-only symbol; buy: $25,000 exceeds visible top-of-book ($3,760) on ticker-only symbol",2026-09-16T23:27:40.187038+00:00,ticker_only,2026-09-17T04:27:30.024688+00:00,ticker_only,exnight-strategy-v1
rHPE-2026-06-16-1,rHPE,RHPEUSDT,2026-06-16,1000,0.1425,0.09975,0.09975,0.09975,True,GROSS,1,48.804,49.065,OBSERVED p_pre,0.0005,DOCUMENTED promotional 0.05% through 2026-08-31,-1.831578947368391,0.0,REALISED premarket_0400 PDR,,,,,,,,NO_SIGNAL,SUPPRESSED: eligibility snapshot time unpublished,"sell: $1,000 exceeds visible top-of-book ($287) on ticker-only symbol",2026-09-16T23:27:40.187038+00:00,ticker_only,2026-09-17T04:27:30.024688+00:00,ticker_only,exnight-strategy-v1
rHPE-2026-06-16-1,rHPE,RHPEUSDT,2026-06-16,5000,0.1425,0.09975,0.09975,0.09975,True,GROSS,1,48.804,49.065,OBSERVED p_pre,0.0005,DOCUMENTED promotional 0.05% through 2026-08-31,-1.831578947368391,0.0,REALISED premarket_0400 PDR,,,,,,,,NO_SIGNAL,SUPPRESSED: eligibility snapshot time unpublished,"sell: $5,000 exceeds visible top-of-book ($287) on ticker-only symbol; buy: $5,000 exceeds visible top-of-book ($1,724) on ticker-only symbol",2026-09-16T23:27:40.187038+00:00,ticker_only,2026-09-17T04:27:30.024688+00:00,ticker_only,exnight-strategy-v1
rHPE-2026-06-16-1,rHPE,RHPEUSDT,2026-06-16,25000,0.1425,0.09975,0.09975,0.09975,True,GROSS,1,48.804,49.065,OBSERVED p_pre,0.0005,DOCUMENTED promotional 0.05% through 2026-08-31,-1.831578947368391,0.0,REALISED premarket_0400 PDR,,,,,,,,NO_SIGNAL,SUPPRESSED: eligibility snapshot time unpublished,"sell: $25,000 exceeds visible top-of-book ($287) on ticker-only symbol; buy: $25,000 exceeds visible top-of-book ($1,724) on ticker-only symbol",2026-09-16T23:27:40.187038+00:00,ticker_only,2026-09-17T04:27:30.024688+00:00,ticker_only,exnight-strategy-v1
rLRCX-2026-06-17-1,rLRCX,RLRCXUSDT,2026-06-17,1000,0.26,0.182,0.182,0.182,True,GROSS,1,369.884,382.894,OBSERVED p_pre,0.0005,DOCUMENTED promotional 0.05% through 2026-08-31,-50.038461538461505,0.0,REALISED premarket_0400 PDR,3.3497008285725602,-16.54170082857255,-16.54170082857255,-16.54170082857255,-16.54170082857255,-16.35970082857255,9.842299171427431,HOLD,SUPPRESSED: eligibility snapshot time unpublished,,2026-09-16T23:27:40.187038+00:00,public_book,2026-09-17T04:27:30.024688+00:00,public_book,exnight-strategy-v1
rLRCX-2026-06-17-1,rLRCX,RLRCXUSDT,2026-06-17,5000,0.26,0.182,0.182,0.182,True,GROSS,1,369.884,382.894,OBSERVED p_pre,0.0005,DOCUMENTED promotional 0.05% through 2026-08-31,-50.038461538461505,0.0,REALISED premarket_0400 PDR,4.165956950153966,-17.357956950153955,-17.357956950153955,-17.357956950153955,-17.357956950153955,-17.175956950153957,9.026043049846026,HOLD,SUPPRESSED: eligibility snapshot time unpublished,,2026-09-16T23:27:40.187038+00:00,public_book,2026-09-17T04:27:30.024688+00:00,public_book,exnight-strategy-v1
rLRCX-2026-06-17-1,rLRCX,RLRCXUSDT,2026-06-17,25000,0.26,0.182,0.182,0.182,True,GROSS,1,369.884,382.894,OBSERVED p_pre,0.0005,DOCUMENTED promotional 0.05% through 2026-08-31,-50.038461538461505,0.0,REALISED premarket_0400 PDR,5.861688809772433,-19.053688809772424,-19.053688809772424,-19.053688809772424,-19.053688809772424,-18.871688809772422,7.330311190227558,HOLD,SUPPRESSED: eligibility snapshot time unpublished,,2026-09-16T23:27:40.187038+00:00,public_book,2026-09-17T04:27:30.024688+00:00,public_book,exnight-strategy-v1
rAVGO-2026-06-22-1,rAVGO,RAVGOUSDT,2026-06-22,1000,0.65,0.455,0.455,0.455,True,GROSS,1,411.256,406.8,OBSERVED p_pre,0.0005,DOCUMENTED promotional 0.05% through 2026-08-31,6.855384615384554,0.0,REALISED premarket_0400 PDR,0.9188255377845038,3.0821744622154563,3.0821744622154563,3.0821744622154563,3.0821744622154563,3.5371744622154564,-4.919825537784464,EXIT,SUPPRESSED: eligibility snapshot time unpublished,,2026-09-16T23:27:40.187038+00:00,public_book,2026-09-17T04:27:30.024688+00:00,public_book,exnight-strategy-v1
rAVGO-2026-06-22-1,rAVGO,RAVGOUSDT,2026-06-22,5000,0.65,0.455,0.455,0.455,True,GROSS,1,411.256,406.8,OBSERVED p_pre,0.0005,DOCUMENTED promotional 0.05% through 2026-08-31,6.855384615384554,0.0,REALISED premarket_0400 PDR,2.008608405756454,1.9923915942435064,1.9923915942435064,1.9923915942435064,1.9923915942435064,2.4473915942435065,-6.009608405756414,EXIT,SUPPRESSED: eligibility snapshot time unpublished,,2026-09-16T23:27:40.187038+00:00,public_book,2026-09-17T04:27:30.024688+00:00,public_book,exnight-strategy-v1
rAVGO-2026-06-22-1,rAVGO,RAVGOUSDT,2026-06-22,25000,0.65,0.455,0.455,0.455,True,GROSS,1,411.256,406.8,OBSERVED p_pre,0.0005,DOCUMENTED promotional 0.05% through 2026-08-31,6.855384615384554,0.0,REALISED premarket_0400 PDR,4.025423719010006,-0.024423719010045808,-0.024423719010045808,-0.024423719010045808,-0.024423719010045808,0.43057628098995426,-8.026423719009966,HOLD,SUPPRESSED: eligibility snapshot time unpublished,,2026-09-16T23:27:40.187038+00:00,public_book,2026-09-17T04:27:30.024688+00:00,public_book,exnight-strategy-v1
rQQQ-2026-06-22-1,rQQQ,RQQQUSDT,2026-06-22,1000,0.81349,0.569443,0.569443,0.569443,True,GROSS,1,739.817,740.566,OBSERVED p_pre,0.0005,DOCUMENTED promotional 0.05% through 2026-08-31,-0.9207242867152928,0.0,REALISED premarket_0400 PDR,1.3401541595973532,-2.658597159597377,-2.658597159597377,-2.658597159597377,-2.658597159597377,-2.089154159597377,-0.021711159597329388,HOLD,SUPPRESSED: eligibility snapshot time unpublished,,2026-09-16T23:27:40.187038+00:00,public_book,2026-09-17T04:27:30.024688+00:00,public_book,exnight-strategy-v1
rQQQ-2026-06-22-1,rQQQ,RQQQUSDT,2026-06-22,5000,0.81349,0.569443,0.569443,0.569443,True,GROSS,1,739.817,740.566,OBSERVED p_pre,0.0005,DOCUMENTED promotional 0.05% through 2026-08-31,-0.9207242867152928,0.0,REALISED premarket_0400 PDR,1.3401541595973532,-2.658597159597377,-2.658597159597377,-2.658597159597377,-2.658597159597377,-2.089154159597377,-0.021711159597329388,HOLD,SUPPRESSED: eligibility snapshot time unpublished,,2026-09-16T23:27:40.187038+00:00,public_book,2026-09-17T04:27:30.024688+00:00,public_book,exnight-strategy-v1
rQQQ-2026-06-22-1,rQQQ,RQQQUSDT,2026-06-22,25000,0.81349,0.569443,0.569443,0.569443,True,GROSS,1,739.817,740.566,OBSERVED p_pre,0.0005,DOCUMENTED promotional 0.05% through 2026-08-31,-0.9207242867152928,0.0,REALISED premarket_0400 PDR,1.4857632443732842,-2.804206244373308,-2.804206244373308,-2.804206244373308,-2.804206244373308,-2.234763244373308,-0.16732024437326043,HOLD,SUPPRESSED: eligibility snapshot time unpublished,,2026-09-16T23:27:40.187038+00:00,public_book,2026-09-17T04:27:30.024688+00:00,public_book,exnight-strategy-v1
rVST-2026-06-22-1,rVST,RVSTUSDT,2026-06-22,1000,0.229,0.1603,0.1603,0.1603,True,GROSS,1,163.6,163.6,OBSERVED p_pre,0.0005,DOCUMENTED promotional 0.05% through 2026-08-31,0.0,0.0,REALISED premarket_0400 PDR,0.26770541595266645,-0.42800541595266645,-0.42800541595266645,-0.42800541595266645,-0.42800541595266645,-0.26770541595266645,-0.10740541595266645,HOLD,SUPPRESSED: eligibility snapshot time unpublished,,2026-09-16T23:27:40.187038+00:00,ticker_only,2026-09-17T04:27:30.024688+00:00,ticker_only,exnight-strategy-v1
rVST-2026-06-22-1,rVST,RVSTUSDT,2026-06-22,5000,0.229,0.1603,0.1603,0.1603,True,GROSS,1,163.6,163.6,OBSERVED p_pre,0.0005,DOCUMENTED promotional 0.05% through 2026-08-31,0.0,0.0,REALISED premarket_0400 PDR,,,,,,,,NO_SIGNAL,SUPPRESSED: eligibility snapshot time unpublished,"sell: $5,000 exceeds visible top-of-book ($1,410) on ticker-only symbol",2026-09-16T23:27:40.187038+00:00,ticker_only,2026-09-17T04:27:30.024688+00:00,ticker_only,exnight-strategy-v1
rVST-2026-06-22-1,rVST,RVSTUSDT,2026-06-22,25000,0.229,0.1603,0.1603,0.1603,True,GROSS,1,163.6,163.6,OBSERVED p_pre,0.0005,DOCUMENTED promotional 0.05% through 2026-08-31,0.0,0.0,REALISED premarket_0400 PDR,,,,,,,,NO_SIGNAL,SUPPRESSED: eligibility snapshot time unpublished,"sell: $25,000 exceeds visible top-of-book ($1,410) on ticker-only symbol; buy: $25,000 exceeds visible top-of-book ($9,926) on ticker-only symbol",2026-09-16T23:27:40.187038+00:00,ticker_only,2026-09-17T04:27:30.024688+00:00,ticker_only,exnight-strategy-v1
rAVL-2026-06-23-1,rAVL,RAVLUSDT,2026-06-23,1000,0.20039,0.140273,0.140273,0.140273,True,GROSS,1,48.23,45.235,OBSERVED p_pre,0.0005,DOCUMENTED promotional 0.05% through 2026-08-31,14.945855581615836,0.0,REALISED premarket_0400 PDR,0.13657839882158632,2.718148601178411,2.718148601178411,2.718148601178411,2.718148601178411,2.858421601178411,-2.991305398821584,EXIT,SUPPRESSED: eligibility snapshot time unpublished,,2026-09-16T23:27:40.187038+00:00,ticker_only,2026-09-17T04:27:30.024688+00:00,ticker_only,exnight-strategy-v1
rAVL-2026-06-23-1,rAVL,RAVLUSDT,2026-06-23,5000,0.20039,0.140273,0.140273,0.140273,True,GROSS,1,48.23,45.235,OBSERVED p_pre,0.0005,DOCUMENTED promotional 0.05% through 2026-08-31,14.945855581615836,0.0,REALISED premarket_0400 PDR,0.13657839882158632,2.718148601178411,2.718148601178411,2.718148601178411,2.718148601178411,2.858421601178411,-2.991305398821584,EXIT,SUPPRESSED: eligibility snapshot time unpublished,,2026-09-16T23:27:40.187038+00:00,ticker_only,2026-09-17T04:27:30.024688+00:00,ticker_only,exnight-strategy-v1
rAVL-2026-06-23-1,rAVL,RAVLUSDT,2026-06-23,25000,0.20039,0.140273,0.140273,0.140273,True,GROSS,1,48.23,45.235,OBSERVED p_pre,0.0005,DOCUMENTED promotional 0.05% through 2026-08-31,14.945855581615836,0.0,REALISED premarket_0400 PDR,,,,,,,,NO_SIGNAL,SUPPRESSED: eligibility snapshot time unpublished,"sell: $25,000 exceeds visible top-of-book ($7,172) on ticker-only symbol; buy: $25,000 exceeds visible top-of-book ($12,321) on ticker-only symbol",2026-09-16T23:27:40.187038+00:00,ticker_only,2026-09-17T04:27:30.024688+00:00,ticker_only,exnight-strategy-v1
rLABD-2026-06-23-1,rLABD,RLABDUSDT,2026-06-23,1000,0.07523,0.052661,0.052661,0.052661,True,GROSS,1,10.015,10.151,OBSERVED p_pre,0.0005,DOCUMENTED promotional 0.05% through 2026-08-31,-1.8077894456998436,0.0,REALISED premarket_0400 PDR,0.06968424760485407,-0.25834524760485333,-0.25834524760485333,-0.25834524760485333,-0.25834524760485333,-0.20568424760485332,0.11897675239514517,HOLD,SUPPRESSED: eligibility snapshot time unpublished,,2026-09-16T23:27:40.187038+00:00,ticker_only,2026-09-17T04:27:30.024688+00:00,ticker_only,exnight-strategy-v1
rLABD-2026-06-23-1,rLABD,RLABDUSDT,2026-06-23,5000,0.07523,0.052661,0.052661,0.052661,True,GROSS,1,10.015,10.151,OBSERVED p_pre,0.0005,DOCUMENTED promotional 0.05% through 2026-08-31,-1.8077894456998436,0.0,REALISED premarket_0400 PDR,0.06968424760485407,-0.25834524760485333,-0.25834524760485333,-0.25834524760485333,-0.25834524760485333,-0.20568424760485332,0.11897675239514517,HOLD,SUPPRESSED: eligibility snapshot time unpublished,,2026-09-16T23:27:40.187038+00:00,ticker_only,2026-09-17T04:27:30.024688+00:00,ticker_only,exnight-strategy-v1
rLABD-2026-06-23-1,rLABD,RLABDUSDT,2026-06-23,25000,0.07523,0.052661,0.052661,0.052661,True,GROSS,1,10.015,10.151,OBSERVED p_pre,0.0005,DOCUMENTED promotional 0.05% through 2026-08-31,-1.8077894456998436,0.0,REALISED premarket_0400 PDR,,,,,,,,NO_SIGNAL,SUPPRESSED: eligibility snapshot time unpublished,"sell: $25,000 exceeds visible top-of-book ($11,712) on ticker-only symbol",2026-09-16T23:27:40.187038+00:00,ticker_only,2026-09-17T04:27:30.024688+00:00,ticker_only,exnight-strategy-v1
rSTM-2026-06-23-1,rSTM,RSTMUSDT,2026-06-23,1000,0.0765,0.05355,0.05355,0.05355,True,GROSS,1,79.565,73.758,OBSERVED p_pre,0.0005,DOCUMENTED promotional 0.05% through 2026-08-31,75.90849673202618,0.0,REALISED premarket_0400 PDR,,,,,,,,NO_SIGNAL,SUPPRESSED: eligibility snapshot time unpublished,"sell: $1,000 exceeds visible top-of-book ($483) on ticker-only symbol",2026-09-16T23:27:40.187038+00:00,ticker_only,2026-09-17T04:27:30.024688+00:00,ticker_only,exnight-strategy-v1
rSTM-2026-06-23-1,rSTM,RSTMUSDT,2026-06-23,5000,0.0765,0.05355,0.05355,0.05355,True,GROSS,1,79.565,73.758,OBSERVED p_pre,0.0005,DOCUMENTED promotional 0.05% through 2026-08-31,75.90849673202618,0.0,REALISED premarket_0400 PDR,,,,,,,,NO_SIGNAL,SUPPRESSED: eligibility snapshot time unpublished,"sell: $5,000 exceeds visible top-of-book ($483) on ticker-only symbol; buy: $5,000 exceeds visible top-of-book ($2,432) on ticker-only symbol",2026-09-16T23:27:40.187038+00:00,ticker_only,2026-09-17T04:27:30.024688+00:00,ticker_only,exnight-strategy-v1
rSTM-2026-06-23-1,rSTM,RSTMUSDT,2026-06-23,25000,0.0765,0.05355,0.05355,0.05355,True,GROSS,1,79.565,73.758,OBSERVED p_pre,0.0005,DOCUMENTED promotional 0.05% through 2026-08-31,75.90849673202618,0.0,REALISED premarket_0400 PDR,,,,,,,,NO_SIGNAL,SUPPRESSED: eligibility snapshot time unpublished,"sell: $25,000 exceeds visible top-of-book ($483) on ticker-only symbol; buy: $25,000 exceeds visible top-of-book ($2,432) on ticker-only symbol",2026-09-16T23:27:40.187038+00:00,ticker_only,2026-09-17T04:27:30.024688+00:00,ticker_only,exnight-strategy-v1
rYANG-2026-06-23-1,rYANG,RYANGUSDT,2026-06-23,1000,0.16314,0.114198,0.114198,0.114198,True,GROSS,1,34.66,37.035,OBSERVED p_pre,0.0005,DOCUMENTED promotional 0.05% through 2026-08-31,-14.558048302071839,0.0,REALISED premarket_0400 PDR,0.1316482092152742,-2.6208462092152742,-2.6208462092152742,-2.6208462092152742,-2.6208462092152742,-2.506648209215274,2.357549790784726,HOLD,SUPPRESSED: eligibility snapshot time unpublished,,2026-09-16T23:27:40.187038+00:00,ticker_only,2026-09-17T04:27:30.024688+00:00,ticker_only,exnight-strategy-v1
rYANG-2026-06-23-1,rYANG,RYANGUSDT,2026-06-23,5000,0.16314,0.114198,0.114198,0.114198,True,GROSS,1,34.66,37.035,OBSERVED p_pre,0.0005,DOCUMENTED promotional 0.05% through 2026-08-31,-14.558048302071839,0.0,REALISED premarket_0400 PDR,,,,,,,,NO_SIGNAL,SUPPRESSED: eligibility snapshot time unpublished,"buy: $5,000 exceeds visible top-of-book ($1,610) on ticker-only symbol",2026-09-16T23:27:40.187038+00:00,ticker_only,2026-09-17T04:27:30.024688+00:00,ticker_only,exnight-strategy-v1
rYANG-2026-06-23-1,rYANG,RYANGUSDT,2026-06-23,25000,0.16314,0.114198,0.114198,0.114198,True,GROSS,1,34.66,37.035,OBSERVED p_pre,0.0005,DOCUMENTED promotional 0.05% through 2026-08-31,-14.558048302071839,0.0,REALISED premarket_0400 PDR,,,,,,,,NO_SIGNAL,SUPPRESSED: eligibility snapshot time unpublished,"buy: $25,000 exceeds visible top-of-book ($1,610) on ticker-only symbol",2026-09-16T23:27:40.187038+00:00,ticker_only,2026-09-17T04:27:30.024688+00:00,ticker_only,exnight-strategy-v1
rYINN-2026-06-23-1,rYINN,RYINNUSDT,2026-06-23,1000,0.20943,0.146601,0.146601,0.146601,True,GROSS,1,25.856,23.774,OBSERVED p_pre,0.0005,DOCUMENTED promotional 0.05% through 2026-08-31,9.941269159146257,0.0,REALISED premarket_0400 PDR,0.07315074999424373,1.862248250005757,1.862248250005757,1.862248250005757,1.862248250005757,2.008849250005757,-2.0085497499942444,EXIT,SUPPRESSED: eligibility snapshot time unpublished,,2026-09-16T23:27:40.187038+00:00,ticker_only,2026-09-17T04:27:30.024688+00:00,ticker_only,exnight-strategy-v1
rYINN-2026-06-23-1,rYINN,RYINNUSDT,2026-06-23,5000,0.20943,0.146601,0.146601,0.146601,True,GROSS,1,25.856,23.774,OBSERVED p_pre,0.0005,DOCUMENTED promotional 0.05% through 2026-08-31,9.941269159146257,0.0,REALISED premarket_0400 PDR,,,,,,,,NO_SIGNAL,SUPPRESSED: eligibility snapshot time unpublished,"sell: $5,000 exceeds visible top-of-book ($1,174) on ticker-only symbol; buy: $5,000 exceeds visible top-of-book ($2,582) on ticker-only symbol",2026-09-16T23:27:40.187038+00:00,ticker_only,2026-09-17T04:27:30.024688+00:00,ticker_only,exnight-strategy-v1
rYINN-2026-06-23-1,rYINN,RYINNUSDT,2026-06-23,25000,0.20943,0.146601,0.146601,0.146601,True,GROSS,1,25.856,23.774,OBSERVED p_pre,0.0005,DOCUMENTED promotional 0.05% through 2026-08-31,9.941269159146257,0.0,REALISED premarket_0400 PDR,,,,,,,,NO_SIGNAL,SUPPRESSED: eligibility snapshot time unpublished,"sell: $25,000 exceeds visible top-of-book ($1,174) on ticker-only symbol; buy: $25,000 exceeds visible top-of-book ($2,582) on ticker-only symbol",2026-09-16T23:27:40.187038+00:00,ticker_only,2026-09-17T04:27:30.024688+00:00,ticker_only,exnight-strategy-v1
rCRCA-2026-06-24-1,rCRCA,RCRCAUSDT,2026-06-24,1000,0.181138,0.1267966,0.1267966,0.1267966,True,GROSS,1,20.24,20.035,OBSERVED p_pre,0.0005,DOCUMENTED promotional 0.05% through 2026-08-31,1.1317338162064188,0.0,REALISED premarket_0400 PDR,0.10709832004289366,-0.0288949200428954,-0.0288949200428954,-0.0288949200428954,-0.0288949200428954,0.09790167995710461,-0.18530172004289192,HOLD,SUPPRESSED: eligibility snapshot time unpublished,,2026-09-16T23:27:40.187038+00:00,ticker_only,2026-09-17T04:27:30.024688+00:00,ticker_only,exnight-strategy-v1
rCRCA-2026-06-24-1,rCRCA,RCRCAUSDT,2026-06-24,5000,0.181138,0.1267966,0.1267966,0.1267966,True,GROSS,1,20.24,20.035,OBSERVED p_pre,0.0005,DOCUMENTED promotional 0.05% through 2026-08-31,1.1317338162064188,0.0,REALISED premarket_0400 PDR,,,,,,,,NO_SIGNAL,SUPPRESSED: eligibility snapshot time unpublished,"sell: $5,000 exceeds visible top-of-book ($3,456) on ticker-only symbol",2026-09-16T23:27:40.187038+00:00,ticker_only,2026-09-17T04:27:30.024688+00:00,ticker_only,exnight-strategy-v1
rCRCA-2026-06-24-1,rCRCA,RCRCAUSDT,2026-06-24,25000,0.181138,0.1267966,0.1267966,0.1267966,True,GROSS,1,20.24,20.035,OBSERVED p_pre,0.0005,DOCUMENTED promotional 0.05% through 2026-08-31,1.1317338162064188,0.0,REALISED premarket_0400 PDR,,,,,,,,NO_SIGNAL,SUPPRESSED: eligibility snapshot time unpublished,"sell: $25,000 exceeds visible top-of-book ($3,456) on ticker-only symbol; buy: $25,000 exceeds visible top-of-book ($12,439) on ticker-only symbol",2026-09-16T23:27:40.187038+00:00,ticker_only,2026-09-17T04:27:30.024688+00:00,ticker_only,exnight-strategy-v1
rGFS-2026-06-24-1,rGFS,RGFSUSDT,2026-06-24,1000,0.12,0.084,0.084,0.084,True,GROSS,1,82.727,84.865,OBSERVED p_pre,0.0005,DOCUMENTED promotional 0.05% through 2026-08-31,-17.816666666666592,0.0,REALISED premarket_0400 PDR,,,,,,,,NO_SIGNAL,SUPPRESSED: eligibility snapshot time unpublished,"buy: $1,000 exceeds visible top-of-book ($44) on ticker-only symbol",2026-09-16T23:27:40.187038+00:00,ticker_only,2026-09-17T04:27:30.024688+00:00,ticker_only,exnight-strategy-v1
rGFS-2026-06-24-1,rGFS,RGFSUSDT,2026-06-24,5000,0.12,0.084,0.084,0.084,True,GROSS,1,82.727,84.865,OBSERVED p_pre,0.0005,DOCUMENTED promotional 0.05% through 2026-08-31,-17.816666666666592,0.0,REALISED premarket_0400 PDR,,,,,,,,NO_SIGNAL,SUPPRESSED: eligibility snapshot time unpublished,"buy: $5,000 exceeds visible top-of-book ($44) on ticker-only symbol",2026-09-16T23:27:40.187038+00:00,ticker_only,2026-09-17T04:27:30.024688+00:00,ticker_only,exnight-strategy-v1
rGFS-2026-06-24-1,rGFS,RGFSUSDT,2026-06-24,25000,0.12,0.084,0.084,0.084,True,GROSS,1,82.727,84.865,OBSERVED p_pre,0.0005,DOCUMENTED promotional 0.05% through 2026-08-31,-17.816666666666592,0.0,REALISED premarket_0400 PDR,,,,,,,,NO_SIGNAL,SUPPRESSED: eligibility snapshot time unpublished,"buy: $25,000 exceeds visible top-of-book ($44) on ticker-only symbol",2026-09-16T23:27:40.187038+00:00,ticker_only,2026-09-17T04:27:30.024688+00:00,ticker_only,exnight-strategy-v1
rNXPI-2026-06-24-1,rNXPI,RNXPIUSDT,2026-06-24,1000,1.014,0.7098,0.7098,1.014,False,GROSS,2,298.795,298.795,OBSERVED p_pre,0.0005,DOCUMENTED promotional 0.05% through 2026-08-31,0.0,0.0,REALISED premarket_0400 PDR,0.692563872487171,-1.402363872487171,-1.402363872487171,-1.402363872487171,-1.706563872487171,-0.692563872487171,0.01723612751282899,HOLD,SUPPRESSED: eligibility snapshot time unpublished,,2026-09-16T23:27:40.187038+00:00,ticker_only,2026-09-17T04:27:30.024688+00:00,ticker_only,exnight-strategy-v1
rNXPI-2026-06-24-1,rNXPI,RNXPIUSDT,2026-06-24,5000,1.014,0.7098,0.7098,1.014,False,GROSS,2,298.795,298.795,OBSERVED p_pre,0.0005,DOCUMENTED promotional 0.05% through 2026-08-31,0.0,0.0,REALISED premarket_0400 PDR,,,,,,,,NO_SIGNAL,SUPPRESSED: eligibility snapshot time unpublished,"sell: $5,000 exceeds visible top-of-book ($2,420) on ticker-only symbol; buy: $5,000 exceeds visible top-of-book ($1,315) on ticker-only symbol",2026-09-16T23:27:40.187038+00:00,ticker_only,2026-09-17T04:27:30.024688+00:00,ticker_only,exnight-strategy-v1
rNXPI-2026-06-24-1,rNXPI,RNXPIUSDT,2026-06-24,25000,1.014,0.7098,0.7098,1.014,False,GROSS,2,298.795,298.795,OBSERVED p_pre,0.0005,DOCUMENTED promotional 0.05% through 2026-08-31,0.0,0.0,REALISED premarket_0400 PDR,,,,,,,,NO_SIGNAL,SUPPRESSED: eligibility snapshot time unpublished,"sell: $25,000 exceeds visible top-of-book ($2,420) on ticker-only symbol; buy: $25,000 exceeds visible top-of-book ($1,315) on ticker-only symbol",2026-09-16T23:27:40.187038+00:00,ticker_only,2026-09-17T04:27:30.024688+00:00,ticker_only,exnight-strategy-v1
rPSQ-2026-06-24-1,rPSQ,RPSQUSDT,2026-06-24,1000,0.228579,0.1600053,0.1600053,0.1600053,True,GROSS,1,25.97,25.716,OBSERVED p_pre,0.0005,DOCUMENTED promotional 0.05% through 2026-08-31,1.1112131910630363,0.0,REALISED premarket_0400 PDR,0.06049071681697902,0.033503983183018775,0.033503983183018775,0.033503983183018775,0.033503983183018775,0.19350928318301877,-0.1544854168169768,EXIT,SUPPRESSED: eligibility snapshot time unpublished,,2026-09-16T23:27:40.187038+00:00,ticker_only,2026-09-17T04:27:30.024688+00:00,ticker_only,exnight-strategy-v1
rPSQ-2026-06-24-1,rPSQ,RPSQUSDT,2026-06-24,5000,0.228579,0.1600053,0.1600053,0.1600053,True,GROSS,1,25.97,25.716,OBSERVED p_pre,0.0005,DOCUMENTED promotional 0.05% through 2026-08-31,1.1112131910630363,0.0,REALISED premarket_0400 PDR,0.06049071681697902,0.033503983183018775,0.033503983183018775,0.033503983183018775,0.033503983183018775,0.19350928318301877,-0.1544854168169768,EXIT,SUPPRESSED: eligibility snapshot time unpublished,,2026-09-16T23:27:40.187038+00:00,ticker_only,2026-09-17T04:27:30.024688+00:00,ticker_only,exnight-strategy-v1
rPSQ-2026-06-24-1,rPSQ,RPSQUSDT,2026-06-24,25000,0.228579,0.1600053,0.1600053,0.1600053,True,GROSS,1,25.97,25.716,OBSERVED p_pre,0.0005,DOCUMENTED promotional 0.05% through 2026-08-31,1.1112131910630363,0.0,REALISED premarket_0400 PDR,0.06049071681697902,0.033503983183018775,0.033503983183018775,0.033503983183018775,0.033503983183018775,0.19350928318301877,-0.1544854168169768,EXIT,SUPPRESSED: eligibility snapshot time unpublished,,2026-09-16T23:27:40.187038+00:00,ticker_only,2026-09-17T04:27:30.024688+00:00,ticker_only,exnight-strategy-v1
rSCHD-2026-06-24-1,rSCHD,RSCHDUSDT,2026-06-24,1000,0.2525,0.17675,0.17675,0.17675,True,GROSS,1,32.04,31.795,OBSERVED p_pre,0.0005,DOCUMENTED promotional 0.05% through 2026-08-31,0.9702970297029602,0.0,REALISED premarket_0400 PDR,0.046057752359506245,0.022192247640491207,0.022192247640491207,0.022192247640491207,0.022192247640491207,0.1989422476404912,-0.11430775235950369,EXIT,SUPPRESSED: eligibility snapshot time unpublished,,2026-09-16T23:27:40.187038+00:00,ticker_only,2026-09-17T04:27:30.024688+00:00,ticker_only,exnight-strategy-v1
rSCHD-2026-06-24-1,rSCHD,RSCHDUSDT,2026-06-24,5000,0.2525,0.17675,0.17675,0.17675,True,GROSS,1,32.04,31.795,OBSERVED p_pre,0.0005,DOCUMENTED promotional 0.05% through 2026-08-31,0.9702970297029602,0.0,REALISED premarket_0400 PDR,,,,,,,,NO_SIGNAL,SUPPRESSED: eligibility snapshot time unpublished,"sell: $5,000 exceeds visible top-of-book ($3,521) on ticker-only symbol",2026-09-16T23:27:40.187038+00:00,ticker_only,2026-09-17T04:27:30.024688+00:00,ticker_only,exnight-strategy-v1
rSCHD-2026-06-24-1,rSCHD,RSCHDUSDT,2026-06-24,25000,0.2525,0.17675,0.17675,0.17675,True,GROSS,1,32.04,31.795,OBSERVED p_pre,0.0005,DOCUMENTED promotional 0.05% through 2026-08-31,0.9702970297029602,0.0,REALISED premarket_0400 PDR,,,,,,,,NO_SIGNAL,SUPPRESSED: eligibility snapshot time unpublished,"sell: $25,000 exceeds visible top-of-book ($3,521) on ticker-only symbol",2026-09-16T23:27:40.187038+00:00,ticker_only,2026-09-17T04:27:30.024688+00:00,ticker_only,exnight-strategy-v1
rSPXU-2026-06-24-1,rSPXU,RSPXUUSDT,2026-06-24,1000,0.391445,0.2740115,0.2740115,0.2740115,True,GROSS,1,39.2,38.834,OBSERVED p_pre,0.0005,DOCUMENTED promotional 0.05% through 2026-08-31,0.9349972537648958,0.0,REALISED premarket_0400 PDR,0.05522686774637434,0.0367616322536253,0.0367616322536253,0.0367616322536253,0.0367616322536253,0.3107731322536253,-0.14721536774637398,EXIT,SUPPRESSED: eligibility snapshot time unpublished,,2026-09-16T23:27:40.187038+00:00,ticker_only,2026-09-17T04:27:30.024688+00:00,ticker_only,exnight-strategy-v1
rSPXU-2026-06-24-1,rSPXU,RSPXUUSDT,2026-06-24,5000,0.391445,0.2740115,0.2740115,0.2740115,True,GROSS,1,39.2,38.834,OBSERVED p_pre,0.0005,DOCUMENTED promotional 0.05% through 2026-08-31,0.9349972537648958,0.0,REALISED premarket_0400 PDR,0.05522686774637434,0.0367616322536253,0.0367616322536253,0.0367616322536253,0.0367616322536253,0.3107731322536253,-0.14721536774637398,EXIT,SUPPRESSED: eligibility snapshot time unpublished,,2026-09-16T23:27:40.187038+00:00,ticker_only,2026-09-17T04:27:30.024688+00:00,ticker_only,exnight-strategy-v1
rSPXU-2026-06-24-1,rSPXU,RSPXUUSDT,2026-06-24,25000,0.391445,0.2740115,0.2740115,0.2740115,True,GROSS,1,39.2,38.834,OBSERVED p_pre,0.0005,DOCUMENTED promotional 0.05% through 2026-08-31,0.9349972537648958,0.0,REALISED premarket_0400 PDR,0.05522686774637434,0.0367616322536253,0.0367616322536253,0.0367616322536253,0.0367616322536253,0.3107731322536253,-0.14721536774637398,EXIT,SUPPRESSED: eligibility snapshot time unpublished,,2026-09-16T23:27:40.187038+00:00,ticker_only,2026-09-17T04:27:30.024688+00:00,ticker_only,exnight-strategy-v1
rSQQQ-2026-06-24-1,rSQQQ,RSQQQUSDT,2026-06-24,1000,0.637637,0.4463459,0.4463459,0.4463459,True,GROSS,1,40.177,39.448,OBSERVED p_pre,0.0005,DOCUMENTED promotional 0.05% through 2026-08-31,1.1432837178520054,0.0,REALISED premarket_0400 PDR,0.10792059552802791,0.17473350447197128,0.17473350447197128,0.17473350447197128,0.17473350447197128,0.6210794044719713,-0.3905746955280271,EXIT,SUPPRESSED: eligibility snapshot time unpublished,,2026-09-16T23:27:40.187038+00:00,public_book,2026-09-17T04:27:30.024688+00:00,public_book,exnight-strategy-v1
rSQQQ-2026-06-24-1,rSQQQ,RSQQQUSDT,2026-06-24,5000,0.637637,0.4463459,0.4463459,0.4463459,True,GROSS,1,40.177,39.448,OBSERVED p_pre,0.0005,DOCUMENTED promotional 0.05% through 2026-08-31,1.1432837178520054,0.0,REALISED premarket_0400 PDR,0.19136451252897846,0.09128958747102073,0.09128958747102073,0.09128958747102073,0.09128958747102073,0.5376354874710207,-0.47401861252897765,EXIT,SUPPRESSED: eligibility snapshot time unpublished,,2026-09-16T23:27:40.187038+00:00,public_book,2026-09-17T04:27:30.024688+00:00,public_book,exnight-strategy-v1
rSQQQ-2026-06-24-1,rSQQQ,RSQQQUSDT,2026-06-24,25000,0.637637,0.4463459,0.4463459,0.4463459,True,GROSS,1,40.177,39.448,OBSERVED p_pre,0.0005,DOCUMENTED promotional 0.05% through 2026-08-31,1.1432837178520054,0.0,REALISED premarket_0400 PDR,0.37705705577929216,-0.09440295577929297,-0.09440295577929297,-0.09440295577929297,-0.09440295577929297,0.35194294422070704,-0.6597111557792914,HOLD,SUPPRESSED: eligibility snapshot time unpublished,,2026-09-16T23:27:40.187038+00:00,public_book,2026-09-17T04:27:30.024688+00:00,public_book,exnight-strategy-v1
rSTX-2026-06-24-1,rSTX,RSTXUSDT,2026-06-24,1000,0.74,0.518,0.518,0.518,True,GROSS,1,1041.504,1051.488,OBSERVED p_pre,0.0005,DOCUMENTED promotional 0.05% through 2026-08-31,-13.491891891892097,0.0,REALISED premarket_0400 PDR,5.50667248513664,-16.008672485136792,-16.008672485136792,-16.008672485136792,-16.008672485136792,-15.490672485136791,4.9953275148635115,HOLD,SUPPRESSED: eligibility snapshot time unpublished,,2026-09-16T23:27:40.187038+00:00,public_book,2026-09-17T04:27:30.024688+00:00,public_book,exnight-strategy-v1
rSTX-2026-06-24-1,rSTX,RSTXUSDT,2026-06-24,5000,0.74,0.518,0.518,0.518,True,GROSS,1,1041.504,1051.488,OBSERVED p_pre,0.0005,DOCUMENTED promotional 0.05% through 2026-08-31,-13.491891891892097,0.0,REALISED premarket_0400 PDR,5.57471253821789,-16.07671253821804,-16.07671253821804,-16.07671253821804,-16.07671253821804,-15.55871253821804,4.927287461782262,HOLD,SUPPRESSED: eligibility snapshot time unpublished,,2026-09-16T23:27:40.187038+00:00,public_book,2026-09-17T04:27:30.024688+00:00,public_book,exnight-strategy-v1
rSTX-2026-06-24-1,rSTX,RSTXUSDT,2026-06-24,25000,0.74,0.518,0.518,0.518,True,GROSS,1,1041.504,1051.488,OBSERVED p_pre,0.0005,DOCUMENTED promotional 0.05% through 2026-08-31,-13.491891891892097,0.0,REALISED premarket_0400 PDR,7.036830620516174,-17.538830620516325,-17.538830620516325,-17.538830620516325,-17.538830620516325,-17.020830620516325,3.465169379483978,HOLD,SUPPRESSED: eligibility snapshot time unpublished,,2026-09-16T23:27:40.187038+00:00,public_book,2026-09-17T04:27:30.024688+00:00,public_book,exnight-strategy-v1
rTQQQ-2026-06-24-1,rTQQQ,RTQQQUSDT,2026-06-24,1000,0.171229,0.1198603,0.1198603,0.1198603,True,GROSS,1,75.149,75.166,OBSERVED p_pre,0.0005,DOCUMENTED promotional 0.05% through 2026-08-31,-0.09928224775006517,0.0,REALISED premarket_0400 PDR,0.18376587043171608,-0.320626170431712,-0.320626170431712,-0.320626170431712,-0.320626170431712,-0.20076587043171198,-0.04690557043172017,HOLD,SUPPRESSED: eligibility snapshot time unpublished,,2026-09-16T23:27:40.187038+00:00,public_book,2026-09-17T04:27:30.024688+00:00,public_book,exnight-strategy-v1
rTQQQ-2026-06-24-1,rTQQQ,RTQQQUSDT,2026-06-24,5000,0.171229,0.1198603,0.1198603,0.1198603,True,GROSS,1,75.149,75.166,OBSERVED p_pre,0.0005,DOCUMENTED promotional 0.05% through 2026-08-31,-0.09928224775006517,0.0,REALISED premarket_0400 PDR,0.4247918780413138,-0.5616521780413097,-0.5616521780413097,-0.5616521780413097,-0.5616521780413097,-0.4417918780413097,-0.28793157804131786,HOLD,SUPPRESSED: eligibility snapshot time unpublished,,2026-09-16T23:27:40.187038+00:00,public_book,2026-09-17T04:27:30.024688+00:00,public_book,exnight-strategy-v1
rTQQQ-2026-06-24-1,rTQQQ,RTQQQUSDT,2026-06-24,25000,0.171229,0.1198603,0.1198603,0.1198603,True,GROSS,1,75.149,75.166,OBSERVED p_pre,0.0005,DOCUMENTED promotional 0.05% through 2026-08-31,-0.09928224775006517,0.0,REALISED premarket_0400 PDR,0.7964315240710143,-0.9332918240710102,-0.9332918240710102,-0.9332918240710102,-0.9332918240710102,-0.8134315240710102,-0.6595712240710183,HOLD,SUPPRESSED: eligibility snapshot time unpublished,,2026-09-16T23:27:40.187038+00:00,public_book,2026-09-17T04:27:30.024688+00:00,public_book,exnight-strategy-v1
rUPRO-2026-06-24-1,rUPRO,RUPROUSDT,2026-06-24,1000,0.299,0.2093,0.2093,0.2093,True,GROSS,1,136.007,135.673,OBSERVED p_pre,0.0005,DOCUMENTED promotional 0.05% through 2026-08-31,1.1170568561873016,0.0,REALISED premarket_0400 PDR,0.17824740879812878,-0.05354740879812567,-0.05354740879812567,-0.05354740879812567,-0.05354740879812567,0.15575259120187435,-0.30294740879813187,HOLD,SUPPRESSED: eligibility snapshot time unpublished,,2026-09-16T23:27:40.187038+00:00,ticker_only,2026-09-17T04:27:30.024688+00:00,ticker_only,exnight-strategy-v1
rUPRO-2026-06-24-1,rUPRO,RUPROUSDT,2026-06-24,5000,0.299,0.2093,0.2093,0.2093,True,GROSS,1,136.007,135.673,OBSERVED p_pre,0.0005,DOCUMENTED promotional 0.05% through 2026-08-31,1.1170568561873016,0.0,REALISED premarket_0400 PDR,0.17824740879812878,-0.05354740879812567,-0.05354740879812567,-0.05354740879812567,-0.05354740879812567,0.15575259120187435,-0.30294740879813187,HOLD,SUPPRESSED: eligibility snapshot time unpublished,,2026-09-16T23:27:40.187038+00:00,ticker_only,2026-09-17T04:27:30.024688+00:00,ticker_only,exnight-strategy-v1
rUPRO-2026-06-24-1,rUPRO,RUPROUSDT,2026-06-24,25000,0.299,0.2093,0.2093,0.2093,True,GROSS,1,136.007,135.673,OBSERVED p_pre,0.0005,DOCUMENTED promotional 0.05% through 2026-08-31,1.1170568561873016,0.0,REALISED premarket_0400 PDR,0.17824740879812878,-0.05354740879812567,-0.05354740879812567,-0.05354740879812567,-0.05354740879812567,0.15575259120187435,-0.30294740879813187,HOLD,SUPPRESSED: eligibility snapshot time unpublished,,2026-09-16T23:27:40.187038+00:00,ticker_only,2026-09-17T04:27:30.024688+00:00,ticker_only,exnight-strategy-v1
rDGRW-2026-06-25-1,rDGRW,RDGRWUSDT,2026-06-25,1000,0.16,0.112,0.112,0.112,True,GROSS,1,94.859,94.86,OBSERVED p_pre,0.0005,DOCUMENTED promotional 0.05% through 2026-08-31,-0.006250000000029843,0.0,REALISED premarket_0400 PDR,1.0313876002324818,-1.1443876002324866,-1.1443876002324866,-1.1443876002324866,-1.1443876002324866,-1.0323876002324865,-0.918387600232477,HOLD,SUPPRESSED: eligibility snapshot time unpublished,,2026-09-16T23:27:40.187038+00:00,ticker_only,2026-09-17T04:27:30.024688+00:00,ticker_only,exnight-strategy-v1
rDGRW-2026-06-25-1,rDGRW,RDGRWUSDT,2026-06-25,5000,0.16,0.112,0.112,0.112,True,GROSS,1,94.859,94.86,OBSERVED p_pre,0.0005,DOCUMENTED promotional 0.05% through 2026-08-31,-0.006250000000029843,0.0,REALISED premarket_0400 PDR,1.0313876002324818,-1.1443876002324866,-1.1443876002324866,-1.1443876002324866,-1.1443876002324866,-1.0323876002324865,-0.918387600232477,HOLD,SUPPRESSED: eligibility snapshot time unpublished,,2026-09-16T23:27:40.187038+00:00,ticker_only,2026-09-17T04:27:30.024688+00:00,ticker_only,exnight-strategy-v1
rDGRW-2026-06-25-1,rDGRW,RDGRWUSDT,2026-06-25,25000,0.16,0.112,0.112,0.112,True,GROSS,1,94.859,94.86,OBSERVED p_pre,0.0005,DOCUMENTED promotional 0.05% through 2026-08-31,-0.006250000000029843,0.0,REALISED premarket_0400 PDR,1.0313876002324818,-1.1443876002324866,-1.1443876002324866,-1.1443876002324866,-1.1443876002324866,-1.0323876002324865,-0.918387600232477,HOLD,SUPPRESSED: eligibility snapshot time unpublished,,2026-09-16T23:27:40.187038+00:00,ticker_only,2026-09-17T04:27:30.024688+00:00,ticker_only,exnight-strategy-v1
rFTGC-2026-06-25-1,rFTGC,RFTGCUSDT,2026-06-25,1000,0.1691,0.11837,0.11837,0.11837,True,GROSS,1,26.966,26.965,OBSERVED p_pre,0.0005,DOCUMENTED promotional 0.05% through 2026-08-31,0.005913660555891319,0.0,REALISED premarket_0400 PDR,,,,,,,,NO_SIGNAL,SUPPRESSED: eligibility snapshot time unpublished,"sell: $1,000 exceeds visible top-of-book ($125) on ticker-only symbol",2026-09-16T23:27:40.187038+00:00,ticker_only,2026-09-17T04:27:30.024688+00:00,ticker_only,exnight-strategy-v1
rFTGC-2026-06-25-1,rFTGC,RFTGCUSDT,2026-06-25,5000,0.1691,0.11837,0.11837,0.11837,True,GROSS,1,26.966,26.965,OBSERVED p_pre,0.0005,DOCUMENTED promotional 0.05% through 2026-08-31,0.005913660555891319,0.0,REALISED premarket_0400 PDR,,,,,,,,NO_SIGNAL,SUPPRESSED: eligibility snapshot time unpublished,"sell: $5,000 exceeds visible top-of-book ($125) on ticker-only symbol; buy: $5,000 exceeds visible top-of-book ($1,098) on ticker-only symbol",2026-09-16T23:27:40.187038+00:00,ticker_only,2026-09-17T04:27:30.024688+00:00,ticker_only,exnight-strategy-v1
rFTGC-2026-06-25-1,rFTGC,RFTGCUSDT,2026-06-25,25000,0.1691,0.11837,0.11837,0.11837,True,GROSS,1,26.966,26.965,OBSERVED p_pre,0.0005,DOCUMENTED promotional 0.05% through 2026-08-31,0.005913660555891319,0.0,REALISED premarket_0400 PDR,,,,,,,,NO_SIGNAL,SUPPRESSED: eligibility snapshot time unpublished,"sell: $25,000 exceeds visible top-of-book ($125) on ticker-only symbol; buy: $25,000 exceeds visible top-of-book ($1,098) on ticker-only symbol",2026-09-16T23:27:40.187038+00:00,ticker_only,2026-09-17T04:27:30.024688+00:00,ticker_only,exnight-strategy-v1
rPM-2026-06-25-1,rPM,RPMUSDT,2026-06-25,1000,1.47,1.029,1.029,1.029,True,GROSS,1,178.004,176.331,OBSERVED p_pre,0.0005,DOCUMENTED promotional 0.05% through 2026-08-31,1.1380952380952394,0.0,REALISED premarket_0400 PDR,2.7118478657586227,-2.067847865758621,-2.067847865758621,-2.067847865758621,-2.067847865758621,-1.0388478657586209,-3.3558478657586246,HOLD,SUPPRESSED: eligibility snapshot time unpublished,,2026-09-16T23:27:40.187038+00:00,ticker_only,2026-09-17T04:27:30.024688+00:00,ticker_only,exnight-strategy-v1
rPM-2026-06-25-1,rPM,RPMUSDT,2026-06-25,5000,1.47,1.029,1.029,1.029,True,GROSS,1,178.004,176.331,OBSERVED p_pre,0.0005,DOCUMENTED promotional 0.05% through 2026-08-31,1.1380952380952394,0.0,REALISED premarket_0400 PDR,,,,,,,,NO_SIGNAL,SUPPRESSED: eligibility snapshot time unpublished,"buy: $5,000 exceeds visible top-of-book ($3,915) on ticker-only symbol",2026-09-16T23:27:40.187038+00:00,ticker_only,2026-09-17T04:27:30.024688+00:00,ticker_only,exnight-strategy-v1
rPM-2026-06-25-1,rPM,RPMUSDT,2026-06-25,25000,1.47,1.029,1.029,1.029,True,GROSS,1,178.004,176.331,OBSERVED p_pre,0.0005,DOCUMENTED promotional 0.05% through 2026-08-31,1.1380952380952394,0.0,REALISED premarket_0400 PDR,,,,,,,,NO_SIGNAL,SUPPRESSED: eligibility snapshot time unpublished,"sell: $25,000 exceeds visible top-of-book ($19,110) on ticker-only symbol; buy: $25,000 exceeds visible top-of-book ($3,915) on ticker-only symbol",2026-09-16T23:27:40.187038+00:00,ticker_only,2026-09-17T04:27:30.024688+00:00,ticker_only,exnight-strategy-v1
rFLQL-2026-06-26-1,rFLQL,RFLQLUSDT,2026-06-26,1000,0.2235,0.15645,0.15645,0.15645,True,GROSS,1,76.911,76.91,OBSERVED p_pre,0.0005,DOCUMENTED promotional 0.05% through 2026-08-31,0.0044742729306701335,0.0,REALISED premarket_0400 PDR,10.801792923494114,-10.957242923494109,-10.957242923494109,-10.957242923494109,-10.957242923494109,-10.80079292349411,-10.64634292349412,HOLD,SUPPRESSED: eligibility snapshot time unpublished,,2026-09-16T23:27:40.187038+00:00,ticker_only,2026-09-17T04:27:30.024688+00:00,ticker_only,exnight-strategy-v1
rFLQL-2026-06-26-1,rFLQL,RFLQLUSDT,2026-06-26,5000,0.2235,0.15645,0.15645,0.15645,True,GROSS,1,76.911,76.91,OBSERVED p_pre,0.0005,DOCUMENTED promotional 0.05% through 2026-08-31,0.0044742729306701335,0.0,REALISED premarket_0400 PDR,10.801792923494114,-10.957242923494109,-10.957242923494109,-10.957242923494109,-10.957242923494109,-10.80079292349411,-10.64634292349412,HOLD,SUPPRESSED: eligibility snapshot time unpublished,,2026-09-16T23:27:40.187038+00:00,ticker_only,2026-09-17T04:27:30.024688+00:00,ticker_only,exnight-strategy-v1
rFLQL-2026-06-26-1,rFLQL,RFLQLUSDT,2026-06-26,25000,0.2235,0.15645,0.15645,0.15645,True,GROSS,1,76.911,76.91,OBSERVED p_pre,0.0005,DOCUMENTED promotional 0.05% through 2026-08-31,0.0044742729306701335,0.0,REALISED premarket_0400 PDR,,,,,,,,NO_SIGNAL,SUPPRESSED: eligibility snapshot time unpublished,"sell: $25,000 exceeds visible top-of-book ($6,654) on ticker-only symbol",2026-09-16T23:27:40.187038+00:00,ticker_only,2026-09-17T04:27:30.024688+00:00,ticker_only,exnight-strategy-v1
rMDT-2026-06-26-1,rMDT,RMDTUSDT,2026-06-26,1000,0.72,0.504,0.504,0.72,False,GROSS,2,80.696,80.382,OBSERVED p_pre,0.0005,DOCUMENTED promotional 0.05% through 2026-08-31,0.43611111111110135,0.0,REALISED premarket_0400 PDR,,,,,,,,NO_SIGNAL,SUPPRESSED: eligibility snapshot time unpublished,"sell: $1,000 exceeds visible top-of-book ($274) on ticker-only symbol",2026-09-16T23:27:40.187038+00:00,ticker_only,2026-09-17T04:27:30.024688+00:00,ticker_only,exnight-strategy-v1
rMDT-2026-06-26-1,rMDT,RMDTUSDT,2026-06-26,5000,0.72,0.504,0.504,0.72,False,GROSS,2,80.696,80.382,OBSERVED p_pre,0.0005,DOCUMENTED promotional 0.05% through 2026-08-31,0.43611111111110135,0.0,REALISED premarket_0400 PDR,,,,,,,,NO_SIGNAL,SUPPRESSED: eligibility snapshot time unpublished,"sell: $5,000 exceeds visible top-of-book ($274) on ticker-only symbol; buy: $5,000 exceeds visible top-of-book ($4,820) on ticker-only symbol",2026-09-16T23:27:40.187038+00:00,ticker_only,2026-09-17T04:27:30.024688+00:00,ticker_only,exnight-strategy-v1
rMDT-2026-06-26-1,rMDT,RMDTUSDT,2026-06-26,25000,0.72,0.504,0.504,0.72,False,GROSS,2,80.696,80.382,OBSERVED p_pre,0.0005,DOCUMENTED promotional 0.05% through 2026-08-31,0.43611111111110135,0.0,REALISED premarket_0400 PDR,,,,,,,,NO_SIGNAL,SUPPRESSED: eligibility snapshot time unpublished,"sell: $25,000 exceeds visible top-of-book ($274) on ticker-only symbol; buy: $25,000 exceeds visible top-of-book ($4,820) on ticker-only symbol",2026-09-16T23:27:40.187038+00:00,ticker_only,2026-09-17T04:27:30.024688+00:00,ticker_only,exnight-strategy-v1
rVOO-2026-06-26-1,rVOO,RVOOUSDT,2026-06-26,1000,1.9622,1.37354,1.37354,1.37354,True,GROSS,1,675.493,672.788,OBSERVED p_pre,0.0005,DOCUMENTED promotional 0.05% through 2026-08-31,1.3785546835185205,0.0,REALISED premarket_0400 PDR,1.1380715755807982,0.19338842441924275,0.19338842441924275,0.19338842441924275,0.19338842441924275,1.5669284244192427,-2.469531575580839,EXIT,SUPPRESSED: eligibility snapshot time unpublished,,2026-09-16T23:27:40.187038+00:00,public_book,2026-09-17T04:27:30.024688+00:00,public_book,exnight-strategy-v1
rVOO-2026-06-26-1,rVOO,RVOOUSDT,2026-06-26,5000,1.9622,1.37354,1.37354,1.37354,True,GROSS,1,675.493,672.788,OBSERVED p_pre,0.0005,DOCUMENTED promotional 0.05% through 2026-08-31,1.3785546835185205,0.0,REALISED premarket_0400 PDR,2.071881012779819,-0.7404210127797779,-0.7404210127797779,-0.7404210127797779,-0.7404210127797779,0.6331189872202221,-3.40334101277986,HOLD,SUPPRESSED: eligibility snapshot time unpublished,,2026-09-16T23:27:40.187038+00:00,public_book,2026-09-17T04:27:30.024688+00:00,public_book,exnight-strategy-v1
rVOO-2026-06-26-1,rVOO,RVOOUSDT,2026-06-26,25000,1.9622,1.37354,1.37354,1.37354,True,GROSS,1,675.493,672.788,OBSERVED p_pre,0.0005,DOCUMENTED promotional 0.05% through 2026-08-31,1.3785546835185205,0.0,REALISED premarket_0400 PDR,4.091951767700352,-2.7604917677003113,-2.7604917677003113,-2.7604917677003113,-2.7604917677003113,-1.3869517677003111,-5.423411767700393,HOLD,SUPPRESSED: eligibility snapshot time unpublished,,2026-09-16T23:27:40.187038+00:00,public_book,2026-09-17T04:27:30.024688+00:00,public_book,exnight-strategy-v1
rVTV-2026-06-26-1,rVTV,RVTVUSDT,2026-06-26,1000,1.0818,0.75726,0.75726,0.75726,True,GROSS,1,220.985,221.888,OBSERVED p_pre,0.0005,DOCUMENTED promotional 0.05% through 2026-08-31,-0.8347199112590049,0.0,REALISED premarket_0400 PDR,1.9848188685988273,-3.645078868598819,-3.645078868598819,-3.645078868598819,-3.645078868598819,-2.887818868598819,-0.32455886859883565,HOLD,SUPPRESSED: eligibility snapshot time unpublished,,2026-09-16T23:27:40.187038+00:00,ticker_only,2026-09-17T04:27:30.024688+00:00,ticker_only,exnight-strategy-v1
rVTV-2026-06-26-1,rVTV,RVTVUSDT,2026-06-26,5000,1.0818,0.75726,0.75726,0.75726,True,GROSS,1,220.985,221.888,OBSERVED p_pre,0.0005,DOCUMENTED promotional 0.05% through 2026-08-31,-0.8347199112590049,0.0,REALISED premarket_0400 PDR,,,,,,,,NO_SIGNAL,SUPPRESSED: eligibility snapshot time unpublished,"sell: $5,000 exceeds visible top-of-book ($2,207) on ticker-only symbol",2026-09-16T23:27:40.187038+00:00,ticker_only,2026-09-17T04:27:30.024688+00:00,ticker_only,exnight-strategy-v1
rVTV-2026-06-26-1,rVTV,RVTVUSDT,2026-06-26,25000,1.0818,0.75726,0.75726,0.75726,True,GROSS,1,220.985,221.888,OBSERVED p_pre,0.0005,DOCUMENTED promotional 0.05% through 2026-08-31,-0.8347199112590049,0.0,REALISED premarket_0400 PDR,,,,,,,,NO_SIGNAL,SUPPRESSED: eligibility snapshot time unpublished,"sell: $25,000 exceeds visible top-of-book ($2,207) on ticker-only symbol; buy: $25,000 exceeds visible top-of-book ($16,092) on ticker-only symbol",2026-09-16T23:27:40.187038+00:00,ticker_only,2026-09-17T04:27:30.024688+00:00,ticker_only,exnight-strategy-v1
rBOTZ-2026-06-29-1,rBOTZ,RBOTZUSDT,2026-06-29,1000,0.017986,0.0125902,0.0125902,0.0125902,True,GROSS,1,36.49,36.674,OBSERVED p_pre,0.0005,DOCUMENTED promotional 0.05% through 2026-08-31,-10.230179028132854,0.0,REALISED premarket_0400 PDR,,,,,,,,NO_SIGNAL,SUPPRESSED: eligibility snapshot time unpublished,"sell: $1,000 exceeds visible top-of-book ($348) on ticker-only symbol; buy: $1,000 exceeds visible top-of-book ($140) on ticker-only symbol",2026-09-16T23:27:40.187038+00:00,ticker_only,2026-09-17T04:27:30.024688+00:00,ticker_only,exnight-strategy-v1
rBOTZ-2026-06-29-1,rBOTZ,RBOTZUSDT,2026-06-29,5000,0.017986,0.0125902,0.0125902,0.0125902,True,GROSS,1,36.49,36.674,OBSERVED p_pre,0.0005,DOCUMENTED promotional 0.05% through 2026-08-31,-10.230179028132854,0.0,REALISED premarket_0400 PDR,,,,,,,,NO_SIGNAL,SUPPRESSED: eligibility snapshot time unpublished,"sell: $5,000 exceeds visible top-of-book ($348) on ticker-only symbol; buy: $5,000 exceeds visible top-of-book ($140) on ticker-only symbol",2026-09-16T23:27:40.187038+00:00,ticker_only,2026-09-17T04:27:30.024688+00:00,ticker_only,exnight-strategy-v1
rBOTZ-2026-06-29-1,rBOTZ,RBOTZUSDT,2026-06-29,25000,0.017986,0.0125902,0.0125902,0.0125902,True,GROSS,1,36.49,36.674,OBSERVED p_pre,0.0005,DOCUMENTED promotional 0.05% through 2026-08-31,-10.230179028132854,0.0,REALISED premarket_0400 PDR,,,,,,,,NO_SIGNAL,SUPPRESSED: eligibility snapshot time unpublished,"sell: $25,000 exceeds visible top-of-book ($348) on ticker-only symbol; buy: $25,000 exceeds visible top-of-book ($140) on ticker-only symbol",2026-09-16T23:27:40.187038+00:00,ticker_only,2026-09-17T04:27:30.024688+00:00,ticker_only,exnight-strategy-v1
rCOPX-2026-06-29-1,rCOPX,RCOPXUSDT,2026-06-29,1000,0.257976,0.1805832,0.1805832,0.1805832,True,GROSS,1,76.525,76.449,OBSERVED p_pre,0.0005,DOCUMENTED promotional 0.05% through 2026-08-31,0.29460104815954824,0.0,REALISED premarket_0400 PDR,,,,,,,,NO_SIGNAL,SUPPRESSED: eligibility snapshot time unpublished,"sell: $1,000 exceeds visible top-of-book ($844) on ticker-only symbol; buy: $1,000 exceeds visible top-of-book ($256) on ticker-only symbol",2026-09-16T23:27:40.187038+00:00,ticker_only,2026-09-17T04:27:30.024688+00:00,ticker_only,exnight-strategy-v1
rCOPX-2026-06-29-1,rCOPX,RCOPXUSDT,2026-06-29,5000,0.257976,0.1805832,0.1805832,0.1805832,True,GROSS,1,76.525,76.449,OBSERVED p_pre,0.0005,DOCUMENTED promotional 0.05% through 2026-08-31,0.29460104815954824,0.0,REALISED premarket_0400 PDR,,,,,,,,NO_SIGNAL,SUPPRESSED: eligibility snapshot time unpublished,"sell: $5,000 exceeds visible top-of-book ($844) on ticker-only symbol; buy: $5,000 exceeds visible top-of-book ($256) on ticker-only symbol",2026-09-16T23:27:40.187038+00:00,ticker_only,2026-09-17T04:27:30.024688+00:00,ticker_only,exnight-strategy-v1
rCOPX-2026-06-29-1,rCOPX,RCOPXUSDT,2026-06-29,25000,0.257976,0.1805832,0.1805832,0.1805832,True,GROSS,1,76.525,76.449,OBSERVED p_pre,0.0005,DOCUMENTED promotional 0.05% through 2026-08-31,0.29460104815954824,0.0,REALISED premarket_0400 PDR,,,,,,,,NO_SIGNAL,SUPPRESSED: eligibility snapshot time unpublished,"sell: $25,000 exceeds visible top-of-book ($844) on ticker-only symbol; buy: $25,000 exceeds visible top-of-book ($256) on ticker-only symbol",2026-09-16T23:27:40.187038+00:00,ticker_only,2026-09-17T04:27:30.024688+00:00,ticker_only,exnight-strategy-v1
rLIT-2026-06-29-1,rLIT,RLITUSDT,2026-06-29,1000,0.324862,0.2274034,0.2274034,0.2274034,True,GROSS,1,76.85,77.049,OBSERVED p_pre,0.0005,DOCUMENTED promotional 0.05% through 2026-08-31,-0.6125677980188889,0.0,REALISED premarket_0400 PDR,,,,,,,,NO_SIGNAL,SUPPRESSED: eligibility snapshot time unpublished,"sell: $1,000 exceeds visible top-of-book ($680) on ticker-only symbol",2026-09-16T23:27:40.187038+00:00,ticker_only,2026-09-17T04:27:30.024688+00:00,ticker_only,exnight-strategy-v1
rLIT-2026-06-29-1,rLIT,RLITUSDT,2026-06-29,5000,0.324862,0.2274034,0.2274034,0.2274034,True,GROSS,1,76.85,77.049,OBSERVED p_pre,0.0005,DOCUMENTED promotional 0.05% through 2026-08-31,-0.6125677980188889,0.0,REALISED premarket_0400 PDR,,,,,,,,NO_SIGNAL,SUPPRESSED: eligibility snapshot time unpublished,"sell: $5,000 exceeds visible top-of-book ($680) on ticker-only symbol",2026-09-16T23:27:40.187038+00:00,ticker_only,2026-09-17T04:27:30.024688+00:00,ticker_only,exnight-strategy-v1
rLIT-2026-06-29-1,rLIT,RLITUSDT,2026-06-29,25000,0.324862,0.2274034,0.2274034,0.2274034,True,GROSS,1,76.85,77.049,OBSERVED p_pre,0.0005,DOCUMENTED promotional 0.05% through 2026-08-31,-0.6125677980188889,0.0,REALISED premarket_0400 PDR,,,,,,,,NO_SIGNAL,SUPPRESSED: eligibility snapshot time unpublished,"sell: $25,000 exceeds visible top-of-book ($680) on ticker-only symbol; buy: $25,000 exceeds visible top-of-book ($8,425) on ticker-only symbol",2026-09-16T23:27:40.187038+00:00,ticker_only,2026-09-17T04:27:30.024688+00:00,ticker_only,exnight-strategy-v1
rPAVE-2026-06-29-1,rPAVE,RPAVEUSDT,2026-06-29,1000,0.1027,0.07189,0.07189,0.07189,True,GROSS,1,58.76,58.267,OBSERVED p_pre,0.0005,DOCUMENTED promotional 0.05% through 2026-08-31,4.800389483933739,0.0,REALISED premarket_0400 PDR,,,,,,,,NO_SIGNAL,SUPPRESSED: eligibility snapshot time unpublished,"sell: $1,000 exceeds visible top-of-book ($527) on ticker-only symbol; buy: $1,000 exceeds visible top-of-book ($212) on ticker-only symbol",2026-09-16T23:27:40.187038+00:00,ticker_only,2026-09-17T04:27:30.024688+00:00,ticker_only,exnight-strategy-v1
rPAVE-2026-06-29-1,rPAVE,RPAVEUSDT,2026-06-29,5000,0.1027,0.07189,0.07189,0.07189,True,GROSS,1,58.76,58.267,OBSERVED p_pre,0.0005,DOCUMENTED promotional 0.05% through 2026-08-31,4.800389483933739,0.0,REALISED premarket_0400 PDR,,,,,,,,NO_SIGNAL,SUPPRESSED: eligibility snapshot time unpublished,"sell: $5,000 exceeds visible top-of-book ($527) on ticker-only symbol; buy: $5,000 exceeds visible top-of-book ($212) on ticker-only symbol",2026-09-16T23:27:40.187038+00:00,ticker_only,2026-09-17T04:27:30.024688+00:00,ticker_only,exnight-strategy-v1
rPAVE-2026-06-29-1,rPAVE,RPAVEUSDT,2026-06-29,25000,0.1027,0.07189,0.07189,0.07189,True,GROSS,1,58.76,58.267,OBSERVED p_pre,0.0005,DOCUMENTED promotional 0.05% through 2026-08-31,4.800389483933739,0.0,REALISED premarket_0400 PDR,,,,,,,,NO_SIGNAL,SUPPRESSED: eligibility snapshot time unpublished,"sell: $25,000 exceeds visible top-of-book ($527) on ticker-only symbol; buy: $25,000 exceeds visible top-of-book ($212) on ticker-only symbol",2026-09-16T23:27:40.187038+00:00,ticker_only,2026-09-17T04:27:30.024688+00:00,ticker_only,exnight-strategy-v1
rDIS-2026-06-30-1,rDIS,RDISUSDT,2026-06-30,1000,0.75,0.525,0.525,0.525,True,GROSS,1,98.705,98.525,OBSERVED p_pre,0.0005,DOCUMENTED promotional 0.05% through 2026-08-31,0.23999999999999014,0.0,REALISED premarket_0400 PDR,,,,,,,,NO_SIGNAL,SUPPRESSED: eligibility snapshot time unpublished,"sell: $1,000 exceeds visible top-of-book ($107) on ticker-only symbol; buy: $1,000 exceeds visible top-of-book ($107) on ticker-only symbol",2026-09-16T23:27:40.187038+00:00,ticker_only,2026-09-17T04:27:30.024688+00:00,ticker_only,exnight-strategy-v1
rDIS-2026-06-30-1,rDIS,RDISUSDT,2026-06-30,5000,0.75,0.525,0.525,0.525,True,GROSS,1,98.705,98.525,OBSERVED p_pre,0.0005,DOCUMENTED promotional 0.05% through 2026-08-31,0.23999999999999014,0.0,REALISED premarket_0400 PDR,,,,,,,,NO_SIGNAL,SUPPRESSED: eligibility snapshot time unpublished,"sell: $5,000 exceeds visible top-of-book ($107) on ticker-only symbol; buy: $5,000 exceeds visible top-of-book ($107) on ticker-only symbol",2026-09-16T23:27:40.187038+00:00,ticker_only,2026-09-17T04:27:30.024688+00:00,ticker_only,exnight-strategy-v1
rDIS-2026-06-30-1,rDIS,RDISUSDT,2026-06-30,25000,0.75,0.525,0.525,0.525,True,GROSS,1,98.705,98.525,OBSERVED p_pre,0.0005,DOCUMENTED promotional 0.05% through 2026-08-31,0.23999999999999014,0.0,REALISED premarket_0400 PDR,,,,,,,,NO_SIGNAL,SUPPRESSED: eligibility snapshot time unpublished,"sell: $25,000 exceeds visible top-of-book ($107) on ticker-only symbol; buy: $25,000 exceeds visible top-of-book ($107) on ticker-only symbol",2026-09-16T23:27:40.187038+00:00,ticker_only,2026-09-17T04:27:30.024688+00:00,ticker_only,exnight-strategy-v1
rHIMX-2026-06-30-1,rHIMX,RHIMXUSDT,2026-06-30,1000,0.242,0.1694,0.1694,0.1694,True,GROSS,1,14.722,14.72,OBSERVED p_pre,0.0005,DOCUMENTED promotional 0.05% through 2026-08-31,0.008264462809912776,0.0,REALISED premarket_0400 PDR,,,,,,,,NO_SIGNAL,SUPPRESSED: eligibility snapshot time unpublished,"sell: $1,000 exceeds visible top-of-book ($131) on ticker-only symbol; buy: $1,000 exceeds visible top-of-book ($40) on ticker-only symbol",2026-09-16T23:27:40.187038+00:00,ticker_only,2026-09-17T04:27:30.024688+00:00,ticker_only,exnight-strategy-v1
rHIMX-2026-06-30-1,rHIMX,RHIMXUSDT,2026-06-30,5000,0.242,0.1694,0.1694,0.1694,True,GROSS,1,14.722,14.72,OBSERVED p_pre,0.0005,DOCUMENTED promotional 0.05% through 2026-08-31,0.008264462809912776,0.0,REALISED premarket_0400 PDR,,,,,,,,NO_SIGNAL,SUPPRESSED: eligibility snapshot time unpublished,"sell: $5,000 exceeds visible top-of-book ($131) on ticker-only symbol; buy: $5,000 exceeds visible top-of-book ($40) on ticker-only symbol",2026-09-16T23:27:40.187038+00:00,ticker_only,2026-09-17T04:27:30.024688+00:00,ticker_only,exnight-strategy-v1
rHIMX-2026-06-30-1,rHIMX,RHIMXUSDT,2026-06-30,25000,0.242,0.1694,0.1694,0.1694,True,GROSS,1,14.722,14.72,OBSERVED p_pre,0.0005,DOCUMENTED promotional 0.05% through 2026-08-31,0.008264462809912776,0.0,REALISED premarket_0400 PDR,,,,,,,,NO_SIGNAL,SUPPRESSED: eligibility snapshot time unpublished,"sell: $25,000 exceeds visible top-of-book ($131) on ticker-only symbol; buy: $25,000 exceeds visible top-of-book ($40) on ticker-only symbol",2026-09-16T23:27:40.187038+00:00,ticker_only,2026-09-17T04:27:30.024688+00:00,ticker_only,exnight-strategy-v1
rMPWR-2026-06-30-1,rMPWR,RMPWRUSDT,2026-06-30,1000,2.0,1.4,1.4,1.4,True,GROSS,1,1308.795,1308.795,OBSERVED p_pre,0.0005,DOCUMENTED promotional 0.05% through 2026-08-31,0.0,0.0,REALISED premarket_0400 PDR,17.54146917165043,-18.94146917165043,-18.94146917165043,-18.94146917165043,-18.94146917165043,-17.54146917165043,-16.14146917165043,HOLD,SUPPRESSED: eligibility snapshot time unpublished,,2026-09-16T23:27:40.187038+00:00,ticker_only,2026-09-17T04:27:30.024688+00:00,ticker_only,exnight-strategy-v1
rMPWR-2026-06-30-1,rMPWR,RMPWRUSDT,2026-06-30,5000,2.0,1.4,1.4,1.4,True,GROSS,1,1308.795,1308.795,OBSERVED p_pre,0.0005,DOCUMENTED promotional 0.05% through 2026-08-31,0.0,0.0,REALISED premarket_0400 PDR,,,,,,,,NO_SIGNAL,SUPPRESSED: eligibility snapshot time unpublished,"buy: $5,000 exceeds visible top-of-book ($1,165) on ticker-only symbol",2026-09-16T23:27:40.187038+00:00,ticker_only,2026-09-17T04:27:30.024688+00:00,ticker_only,exnight-strategy-v1
rMPWR-2026-06-30-1,rMPWR,RMPWRUSDT,2026-06-30,25000,2.0,1.4,1.4,1.4,True,GROSS,1,1308.795,1308.795,OBSERVED p_pre,0.0005,DOCUMENTED promotional 0.05% through 2026-08-31,0.0,0.0,REALISED premarket_0400 PDR,,,,,,,,NO_SIGNAL,SUPPRESSED: eligibility snapshot time unpublished,"buy: $25,000 exceeds visible top-of-book ($1,165) on ticker-only symbol",2026-09-16T23:27:40.187038+00:00,ticker_only,2026-09-17T04:27:30.024688+00:00,ticker_only,exnight-strategy-v1
rPCG-2026-06-30-1,rPCG,RPCGUSDT,2026-06-30,1000,0.05,0.035,0.035,0.035,True,GROSS,1,17.195,17.195,OBSERVED p_pre,0.0005,DOCUMENTED promotional 0.05% through 2026-08-31,0.0,0.0,REALISED premarket_0400 PDR,,,,,,,,NO_SIGNAL,SUPPRESSED: eligibility snapshot time unpublished,"sell: $1,000 exceeds visible top-of-book ($13) on ticker-only symbol",2026-09-16T23:27:40.187038+00:00,ticker_only,2026-09-17T04:27:30.024688+00:00,ticker_only,exnight-strategy-v1
rPCG-2026-06-30-1,rPCG,RPCGUSDT,2026-06-30,5000,0.05,0.035,0.035,0.035,True,GROSS,1,17.195,17.195,OBSERVED p_pre,0.0005,DOCUMENTED promotional 0.05% through 2026-08-31,0.0,0.0,REALISED premarket_0400 PDR,,,,,,,,NO_SIGNAL,SUPPRESSED: eligibility snapshot time unpublished,"sell: $5,000 exceeds visible top-of-book ($13) on ticker-only symbol",2026-09-16T23:27:40.187038+00:00,ticker_only,2026-09-17T04:27:30.024688+00:00,ticker_only,exnight-strategy-v1
rPCG-2026-06-30-1,rPCG,RPCGUSDT,2026-06-30,25000,0.05,0.035,0.035,0.035,True,GROSS,1,17.195,17.195,OBSERVED p_pre,0.0005,DOCUMENTED promotional 0.05% through 2026-08-31,0.0,0.0,REALISED premarket_0400 PDR,,,,,,,,NO_SIGNAL,SUPPRESSED: eligibility snapshot time unpublished,"sell: $25,000 exceeds visible top-of-book ($13) on ticker-only symbol",2026-09-16T23:27:40.187038+00:00,ticker_only,2026-09-17T04:27:30.024688+00:00,ticker_only,exnight-strategy-v1
rSTRC-2026-06-30-1,rSTRC,RSTRCUSDT,2026-06-30,1000,0.47916667,0.335416669,0.335416669,0.335416669,True,GROSS,1,83.88,83.087,OBSERVED p_pre,0.0005,DOCUMENTED promotional 0.05% through 2026-08-31,1.654956510226373,0.0,REALISED premarket_0400 PDR,0.16933206273859,0.2882512682614021,0.2882512682614021,0.2882512682614021,0.2882512682614021,0.6236679372614021,-0.6269153937385822,EXIT,SUPPRESSED: eligibility snapshot time unpublished,,2026-09-16T23:27:40.187038+00:00,public_book,2026-09-17T04:27:30.024688+00:00,public_book,exnight-strategy-v1
rSTRC-2026-06-30-1,rSTRC,RSTRCUSDT,2026-06-30,5000,0.47916667,0.335416669,0.335416669,0.335416669,True,GROSS,1,83.88,83.087,OBSERVED p_pre,0.0005,DOCUMENTED promotional 0.05% through 2026-08-31,1.654956510226373,0.0,REALISED premarket_0400 PDR,0.3462596865551354,0.11132364444485676,0.11132364444485676,0.11132364444485676,0.11132364444485676,0.44674031344485676,-0.8038430175551275,EXIT,SUPPRESSED: eligibility snapshot time unpublished,,2026-09-16T23:27:40.187038+00:00,public_book,2026-09-17T04:27:30.024688+00:00,public_book,exnight-strategy-v1
rSTRC-2026-06-30-1,rSTRC,RSTRCUSDT,2026-06-30,25000,0.47916667,0.335416669,0.335416669,0.335416669,True,GROSS,1,83.88,83.087,OBSERVED p_pre,0.0005,DOCUMENTED promotional 0.05% through 2026-08-31,1.654956510226373,0.0,REALISED premarket_0400 PDR,0.6348977788668686,-0.17731444786687645,-0.17731444786687645,-0.17731444786687645,-0.17731444786687645,0.15810222113312355,-1.0924811098668608,HOLD,SUPPRESSED: eligibility snapshot time unpublished,,2026-09-16T23:27:40.187038+00:00,public_book,2026-09-17T04:27:30.024688+00:00,public_book,exnight-strategy-v1
rBITI-2026-07-01-1,rBITI,RBITIUSDT,2026-07-01,1000,1.448766,1.0141362,1.0141362,1.0141362,True,GROSS,1,29.16,27.631,OBSERVED p_pre,0.0005,DOCUMENTED promotional 0.05% through 2026-08-31,1.0553809241796122,0.0,REALISED premarket_0400 PDR,,,,,,,,NO_SIGNAL,SUPPRESSED: eligibility snapshot time unpublished,"sell: $1,000 exceeds visible top-of-book ($195) on ticker-only symbol",2026-09-16T23:27:40.187038+00:00,ticker_only,2026-09-17T04:27:30.024688+00:00,ticker_only,exnight-strategy-v1
rBITI-2026-07-01-1,rBITI,RBITIUSDT,2026-07-01,5000,1.448766,1.0141362,1.0141362,1.0141362,True,GROSS,1,29.16,27.631,OBSERVED p_pre,0.0005,DOCUMENTED promotional 0.05% through 2026-08-31,1.0553809241796122,0.0,REALISED premarket_0400 PDR,,,,,,,,NO_SIGNAL,SUPPRESSED: eligibility snapshot time unpublished,"sell: $5,000 exceeds visible top-of-book ($195) on ticker-only symbol",2026-09-16T23:27:40.187038+00:00,ticker_only,2026-09-17T04:27:30.024688+00:00,ticker_only,exnight-strategy-v1
rBITI-2026-07-01-1,rBITI,RBITIUSDT,2026-07-01,25000,1.448766,1.0141362,1.0141362,1.0141362,True,GROSS,1,29.16,27.631,OBSERVED p_pre,0.0005,DOCUMENTED promotional 0.05% through 2026-08-31,1.0553809241796122,0.0,REALISED premarket_0400 PDR,,,,,,,,NO_SIGNAL,SUPPRESSED: eligibility snapshot time unpublished,"sell: $25,000 exceeds visible top-of-book ($195) on ticker-only symbol",2026-09-16T23:27:40.187038+00:00,ticker_only,2026-09-17T04:27:30.024688+00:00,ticker_only,exnight-strategy-v1
rBITO-2026-07-01-1,rBITO,RBITOUSDT,2026-07-01,1000,0.010375,0.0072625,0.0072625,0.0072625,True,GROSS,1,7.945,7.955,OBSERVED p_pre,0.0005,DOCUMENTED promotional 0.05% through 2026-08-31,-0.9638554216867264,0.0,REALISED premarket_0400 PDR,0.01962645699558317,-0.03688895699558295,-0.03688895699558295,-0.03688895699558295,-0.03688895699558295,-0.029626456995582955,-0.0023639569955833835,HOLD,SUPPRESSED: eligibility snapshot time unpublished,,2026-09-16T23:27:40.187038+00:00,ticker_only,2026-09-17T04:27:30.024688+00:00,ticker_only,exnight-strategy-v1
rBITO-2026-07-01-1,rBITO,RBITOUSDT,2026-07-01,5000,0.010375,0.0072625,0.0072625,0.0072625,True,GROSS,1,7.945,7.955,OBSERVED p_pre,0.0005,DOCUMENTED promotional 0.05% through 2026-08-31,-0.9638554216867264,0.0,REALISED premarket_0400 PDR,0.01962645699558317,-0.03688895699558295,-0.03688895699558295,-0.03688895699558295,-0.03688895699558295,-0.029626456995582955,-0.0023639569955833835,HOLD,SUPPRESSED: eligibility snapshot time unpublished,,2026-09-16T23:27:40.187038+00:00,ticker_only,2026-09-17T04:27:30.024688+00:00,ticker_only,exnight-strategy-v1
rBITO-2026-07-01-1,rBITO,RBITOUSDT,2026-07-01,25000,0.010375,0.0072625,0.0072625,0.0072625,True,GROSS,1,7.945,7.955,OBSERVED p_pre,0.0005,DOCUMENTED promotional 0.05% through 2026-08-31,-0.9638554216867264,0.0,REALISED premarket_0400 PDR,0.01962645699558317,-0.03688895699558295,-0.03688895699558295,-0.03688895699558295,-0.03688895699558295,-0.029626456995582955,-0.0023639569955833835,HOLD,SUPPRESSED: eligibility snapshot time unpublished,,2026-09-16T23:27:40.187038+00:00,ticker_only,2026-09-17T04:27:30.024688+00:00,ticker_only,exnight-strategy-v1
rCLOI-2026-07-01-1,rCLOI,RCLOIUSDT,2026-07-01,1000,0.2051,0.14357,0.14357,0.14357,True,GROSS,1,52.95,52.757,OBSERVED p_pre,0.0005,DOCUMENTED promotional 0.05% through 2026-08-31,0.9410043881033883,0.0,REALISED premarket_0400 PDR,,,,,,,,NO_SIGNAL,SUPPRESSED: eligibility snapshot time unpublished,"sell: $1,000 exceeds visible top-of-book ($582) on ticker-only symbol",2026-09-16T23:27:40.187038+00:00,ticker_only,2026-09-17T04:27:30.024688+00:00,ticker_only,exnight-strategy-v1
rCLOI-2026-07-01-1,rCLOI,RCLOIUSDT,2026-07-01,5000,0.2051,0.14357,0.14357,0.14357,True,GROSS,1,52.95,52.757,OBSERVED p_pre,0.0005,DOCUMENTED promotional 0.05% through 2026-08-31,0.9410043881033883,0.0,REALISED premarket_0400 PDR,,,,,,,,NO_SIGNAL,SUPPRESSED: eligibility snapshot time unpublished,"sell: $5,000 exceeds visible top-of-book ($582) on ticker-only symbol",2026-09-16T23:27:40.187038+00:00,ticker_only,2026-09-17T04:27:30.024688+00:00,ticker_only,exnight-strategy-v1
rCLOI-2026-07-01-1,rCLOI,RCLOIUSDT,2026-07-01,25000,0.2051,0.14357,0.14357,0.14357,True,GROSS,1,52.95,52.757,OBSERVED p_pre,0.0005,DOCUMENTED promotional 0.05% through 2026-08-31,0.9410043881033883,0.0,REALISED premarket_0400 PDR,,,,,,,,NO_SIGNAL,SUPPRESSED: eligibility snapshot time unpublished,"sell: $25,000 exceeds visible top-of-book ($582) on ticker-only symbol; buy: $25,000 exceeds visible top-of-book ($5,750) on ticker-only symbol",2026-09-16T23:27:40.187038+00:00,ticker_only,2026-09-17T04:27:30.024688+00:00,ticker_only,exnight-strategy-v1
rCMCSA-2026-07-01-1,rCMCSA,RCMCSAUSDT,2026-07-01,1000,0.33,0.231,0.231,0.231,True,GROSS,1,24.585,24.429,OBSERVED p_pre,0.0005,DOCUMENTED promotional 0.05% through 2026-08-31,0.4727272727272799,0.0,REALISED premarket_0400 PDR,,,,,,,,NO_SIGNAL,SUPPRESSED: eligibility snapshot time unpublished,"sell: $1,000 exceeds visible top-of-book ($924) on ticker-only symbol; buy: $1,000 exceeds visible top-of-book ($760) on ticker-only symbol",2026-09-16T23:27:40.187038+00:00,ticker_only,2026-09-17T04:27:30.024688+00:00,ticker_only,exnight-strategy-v1
rCMCSA-2026-07-01-1,rCMCSA,RCMCSAUSDT,2026-07-01,5000,0.33,0.231,0.231,0.231,True,GROSS,1,24.585,24.429,OBSERVED p_pre,0.0005,DOCUMENTED promotional 0.05% through 2026-08-31,0.4727272727272799,0.0,REALISED premarket_0400 PDR,,,,,,,,NO_SIGNAL,SUPPRESSED: eligibility snapshot time unpublished,"sell: $5,000 exceeds visible top-of-book ($924) on ticker-only symbol; buy: $5,000 exceeds visible top-of-book ($760) on ticker-only symbol",2026-09-16T23:27:40.187038+00:00,ticker_only,2026-09-17T04:27:30.024688+00:00,ticker_only,exnight-strategy-v1
rCMCSA-2026-07-01-1,rCMCSA,RCMCSAUSDT,2026-07-01,25000,0.33,0.231,0.231,0.231,True,GROSS,1,24.585,24.429,OBSERVED p_pre,0.0005,DOCUMENTED promotional 0.05% through 2026-08-31,0.4727272727272799,0.0,REALISED premarket_0400 PDR,,,,,,,,NO_SIGNAL,SUPPRESSED: eligibility snapshot time unpublished,"sell: $25,000 exceeds visible top-of-book ($924) on ticker-only symbol; buy: $25,000 exceeds visible top-of-book ($760) on ticker-only symbol",2026-09-16T23:27:40.187038+00:00,ticker_only,2026-09-17T04:27:30.024688+00:00,ticker_only,exnight-strategy-v1
rHEI-2026-07-01-1,rHEI,RHEIUSDT,2026-07-01,1000,0.13,0.091,0.091,0.091,True,GROSS,1,354.6,354.6,OBSERVED p_pre,0.0005,DOCUMENTED promotional 0.05% through 2026-08-31,0.0,0.0,REALISED premarket_0400 PDR,,,,,,,,NO_SIGNAL,SUPPRESSED: eligibility snapshot time unpublished,"buy: $1,000 exceeds visible top-of-book ($918) on ticker-only symbol",2026-09-16T23:27:40.187038+00:00,ticker_only,2026-09-17T04:27:30.024688+00:00,ticker_only,exnight-strategy-v1
rHEI-2026-07-01-1,rHEI,RHEIUSDT,2026-07-01,5000,0.13,0.091,0.091,0.091,True,GROSS,1,354.6,354.6,OBSERVED p_pre,0.0005,DOCUMENTED promotional 0.05% through 2026-08-31,0.0,0.0,REALISED premarket_0400 PDR,,,,,,,,NO_SIGNAL,SUPPRESSED: eligibility snapshot time unpublished,"buy: $5,000 exceeds visible top-of-book ($918) on ticker-only symbol",2026-09-16T23:27:40.187038+00:00,ticker_only,2026-09-17T04:27:30.024688+00:00,ticker_only,exnight-strategy-v1
rHEI-2026-07-01-1,rHEI,RHEIUSDT,2026-07-01,25000,0.13,0.091,0.091,0.091,True,GROSS,1,354.6,354.6,OBSERVED p_pre,0.0005,DOCUMENTED promotional 0.05% through 2026-08-31,0.0,0.0,REALISED premarket_0400 PDR,,,,,,,,NO_SIGNAL,SUPPRESSED: eligibility snapshot time unpublished,"buy: $25,000 exceeds visible top-of-book ($918) on ticker-only symbol",2026-09-16T23:27:40.187038+00:00,ticker_only,2026-09-17T04:27:30.024688+00:00,ticker_only,exnight-strategy-v1
rHYS-2026-07-01-1,rHYS,RHYSUSDT,2026-07-01,1000,0.57,0.399,0.399,0.399,True,GROSS,1,93.51,93.51,OBSERVED p_pre,0.0005,DOCUMENTED promotional 0.05% through 2026-08-31,0.0,0.0,REALISED premarket_0400 PDR,,,,,,,,NO_SIGNAL,SUPPRESSED: eligibility snapshot time unpublished,"sell: $1,000 exceeds visible top-of-book ($91) on ticker-only symbol",2026-09-16T23:27:40.187038+00:00,ticker_only,2026-09-17T04:27:30.024688+00:00,ticker_only,exnight-strategy-v1
rHYS-2026-07-01-1,rHYS,RHYSUSDT,2026-07-01,5000,0.57,0.399,0.399,0.399,True,GROSS,1,93.51,93.51,OBSERVED p_pre,0.0005,DOCUMENTED promotional 0.05% through 2026-08-31,0.0,0.0,REALISED premarket_0400 PDR,,,,,,,,NO_SIGNAL,SUPPRESSED: eligibility snapshot time unpublished,"sell: $5,000 exceeds visible top-of-book ($91) on ticker-only symbol",2026-09-16T23:27:40.187038+00:00,ticker_only,2026-09-17T04:27:30.024688+00:00,ticker_only,exnight-strategy-v1
rHYS-2026-07-01-1,rHYS,RHYSUSDT,2026-07-01,25000,0.57,0.399,0.399,0.399,True,GROSS,1,93.51,93.51,OBSERVED p_pre,0.0005,DOCUMENTED promotional 0.05% through 2026-08-31,0.0,0.0,REALISED premarket_0400 PDR,,,,,,,,NO_SIGNAL,SUPPRESSED: eligibility snapshot time unpublished,"sell: $25,000 exceeds visible top-of-book ($91) on ticker-only symbol; buy: $25,000 exceeds visible top-of-book ($11,217) on ticker-only symbol",2026-09-16T23:27:40.187038+00:00,ticker_only,2026-09-17T04:27:30.024688+00:00,ticker_only,exnight-strategy-v1
rPWR-2026-07-01-1,rPWR,RPWRUSDT,2026-07-01,1000,0.11,0.077,0.077,0.077,True,GROSS,1,719.275,713.011,OBSERVED p_pre,0.0005,DOCUMENTED promotional 0.05% through 2026-08-31,56.94545454545464,0.0,REALISED premarket_0400 PDR,6.843394122475816,-0.6563941224758061,-0.6563941224758061,-0.6563941224758061,-0.6563941224758061,-0.5793941224758061,-13.030394122475826,HOLD,SUPPRESSED: eligibility snapshot time unpublished,,2026-09-16T23:27:40.187038+00:00,ticker_only,2026-09-17T04:27:30.024688+00:00,ticker_only,exnight-strategy-v1
rPWR-2026-07-01-1,rPWR,RPWRUSDT,2026-07-01,5000,0.11,0.077,0.077,0.077,True,GROSS,1,719.275,713.011,OBSERVED p_pre,0.0005,DOCUMENTED promotional 0.05% through 2026-08-31,56.94545454545464,0.0,REALISED premarket_0400 PDR,,,,,,,,NO_SIGNAL,SUPPRESSED: eligibility snapshot time unpublished,"sell: $5,000 exceeds visible top-of-book ($3,105) on ticker-only symbol; buy: $5,000 exceeds visible top-of-book ($1,890) on ticker-only symbol",2026-09-16T23:27:40.187038+00:00,ticker_only,2026-09-17T04:27:30.024688+00:00,ticker_only,exnight-strategy-v1
rPWR-2026-07-01-1,rPWR,RPWRUSDT,2026-07-01,25000,0.11,0.077,0.077,0.077,True,GROSS,1,719.275,713.011,OBSERVED p_pre,0.0005,DOCUMENTED promotional 0.05% through 2026-08-31,56.94545454545464,0.0,REALISED premarket_0400 PDR,,,,,,,,NO_SIGNAL,SUPPRESSED: eligibility snapshot time unpublished,"sell: $25,000 exceeds visible top-of-book ($3,105) on ticker-only symbol; buy: $25,000 exceeds visible top-of-book ($1,890) on ticker-only symbol",2026-09-16T23:27:40.187038+00:00,ticker_only,2026-09-17T04:27:30.024688+00:00,ticker_only,exnight-strategy-v1
rSGOV-2026-07-01-1,rSGOV,RSGOVUSDT,2026-07-01,1000,0.295765,0.2070355,0.2070355,0.2070355,True,GROSS,1,100.665,100.395,OBSERVED p_pre,0.0005,DOCUMENTED promotional 0.05% through 2026-08-31,0.9128869203591035,0.0,REALISED premarket_0400 PDR,0.21739410293443365,-0.15442960293442343,-0.15442960293442343,-0.15442960293442343,-0.15442960293442343,0.052605897065576585,-0.28035860293444387,HOLD,SUPPRESSED: eligibility snapshot time unpublished,,2026-09-16T23:27:40.187038+00:00,public_book,2026-09-17T04:27:30.024688+00:00,public_book,exnight-strategy-v1
rSGOV-2026-07-01-1,rSGOV,RSGOVUSDT,2026-07-01,5000,0.295765,0.2070355,0.2070355,0.2070355,True,GROSS,1,100.665,100.395,OBSERVED p_pre,0.0005,DOCUMENTED promotional 0.05% through 2026-08-31,0.9128869203591035,0.0,REALISED premarket_0400 PDR,0.36390394464872067,-0.3009394446487105,-0.3009394446487105,-0.3009394446487105,-0.3009394446487105,-0.09390394464871044,-0.42686844464873086,HOLD,SUPPRESSED: eligibility snapshot time unpublished,,2026-09-16T23:27:40.187038+00:00,public_book,2026-09-17T04:27:30.024688+00:00,public_book,exnight-strategy-v1
rSGOV-2026-07-01-1,rSGOV,RSGOVUSDT,2026-07-01,25000,0.295765,0.2070355,0.2070355,0.2070355,True,GROSS,1,100.665,100.395,OBSERVED p_pre,0.0005,DOCUMENTED promotional 0.05% through 2026-08-31,0.9128869203591035,0.0,REALISED premarket_0400 PDR,0.8471748131324238,-0.7842103131324136,-0.7842103131324136,-0.7842103131324136,-0.7842103131324136,-0.5771748131324136,-0.910139313132434,HOLD,SUPPRESSED: eligibility snapshot time unpublished,,2026-09-16T23:27:40.187038+00:00,public_book,2026-09-17T04:27:30.024688+00:00,public_book,exnight-strategy-v1
rTLT-2026-07-01-1,rTLT,RTLTUSDT,2026-07-01,1000,0.31803,0.222621,0.222621,0.222621,True,GROSS,1,86.265,85.77,OBSERVED p_pre,0.0005,DOCUMENTED promotional 0.05% through 2026-08-31,1.556456938024729,0.0,REALISED premarket_0400 PDR,0.22538984010056332,0.04698915989944122,0.04698915989944122,0.04698915989944122,0.04698915989944122,0.26961015989944126,-0.4977688401005679,EXIT,SUPPRESSED: eligibility snapshot time unpublished,,2026-09-16T23:27:40.187038+00:00,public_book,2026-09-17T04:27:30.024688+00:00,public_book,exnight-strategy-v1
rTLT-2026-07-01-1,rTLT,RTLTUSDT,2026-07-01,5000,0.31803,0.222621,0.222621,0.222621,True,GROSS,1,86.265,85.77,OBSERVED p_pre,0.0005,DOCUMENTED promotional 0.05% through 2026-08-31,1.556456938024729,0.0,REALISED premarket_0400 PDR,0.4507341199718309,-0.17835511997182635,-0.17835511997182635,-0.17835511997182635,-0.17835511997182635,0.044265880028173665,-0.7231131199718355,HOLD,SUPPRESSED: eligibility snapshot time unpublished,,2026-09-16T23:27:40.187038+00:00,public_book,2026-09-17T04:27:30.024688+00:00,public_book,exnight-strategy-v1
rTLT-2026-07-01-1,rTLT,RTLTUSDT,2026-07-01,25000,0.31803,0.222621,0.222621,0.222621,True,GROSS,1,86.265,85.77,OBSERVED p_pre,0.0005,DOCUMENTED promotional 0.05% through 2026-08-31,1.556456938024729,0.0,REALISED premarket_0400 PDR,0.848967397080012,-0.5765883970800074,-0.5765883970800074,-0.5765883970800074,-0.5765883970800074,-0.35396739708000746,-1.1213463970800166,HOLD,SUPPRESSED: eligibility snapshot time unpublished,,2026-09-16T23:27:40.187038+00:00,public_book,2026-09-17T04:27:30.024688+00:00,public_book,exnight-strategy-v1
rCSCO-2026-07-06-1,rCSCO,RCSCOUSDT,2026-07-06,1000,0.42,0.294,0.294,0.294,True,GROSS,1,112.465,112.47,OBSERVED p_pre,0.0005,DOCUMENTED promotional 0.05% through 2026-08-31,-0.011904761904751078,0.0,REALISED premarket_0400 PDR,0.5433339722464071,-0.8423339722464025,-0.8423339722464025,-0.8423339722464025,-0.8423339722464025,-0.5483339722464026,-0.24433397224641168,HOLD,SUPPRESSED: eligibility snapshot time unpublished,,2026-09-16T23:27:40.187038+00:00,public_book,2026-09-17T04:27:30.024688+00:00,public_book,exnight-strategy-v1
rCSCO-2026-07-06-1,rCSCO,RCSCOUSDT,2026-07-06,5000,0.42,0.294,0.294,0.294,True,GROSS,1,112.465,112.47,OBSERVED p_pre,0.0005,DOCUMENTED promotional 0.05% through 2026-08-31,-0.011904761904751078,0.0,REALISED premarket_0400 PDR,0.8224664786245688,-1.1214664786245643,-1.1214664786245643,-1.1214664786245643,-1.1214664786245643,-0.8274664786245642,-0.5234664786245733,HOLD,SUPPRESSED: eligibility snapshot time unpublished,,2026-09-16T23:27:40.187038+00:00,public_book,2026-09-17T04:27:30.024688+00:00,public_book,exnight-strategy-v1
rCSCO-2026-07-06-1,rCSCO,RCSCOUSDT,2026-07-06,25000,0.42,0.294,0.294,0.294,True,GROSS,1,112.465,112.47,OBSERVED p_pre,0.0005,DOCUMENTED promotional 0.05% through 2026-08-31,-0.011904761904751078,0.0,REALISED premarket_0400 PDR,1.3580158183919195,-1.657015818391915,-1.657015818391915,-1.657015818391915,-1.657015818391915,-1.363015818391915,-1.059015818391924,HOLD,SUPPRESSED: eligibility snapshot time unpublished,,2026-09-16T23:27:40.187038+00:00,public_book,2026-09-17T04:27:30.024688+00:00,public_book,exnight-strategy-v1
rMU-2026-07-06-1,rMU,RMUUSDT,2026-07-06,1000,0.15,0.105,0.105,0.105,True,GROSS,1,977.5,1011.0,OBSERVED p_pre,0.0005,DOCUMENTED promotional 0.05% through 2026-08-31,-223.33333333333334,0.0,REALISED premarket_0400 PDR,1.3923487817370597,-34.99734878173706,-34.99734878173706,-34.99734878173706,-34.99734878173706,-34.89234878173706,32.212651218262934,HOLD,SUPPRESSED: eligibility snapshot time unpublished,,2026-09-16T23:27:40.187038+00:00,public_book,2026-09-17T04:27:30.024688+00:00,public_book,exnight-strategy-v1
rMU-2026-07-06-1,rMU,RMUUSDT,2026-07-06,5000,0.15,0.105,0.105,0.105,True,GROSS,1,977.5,1011.0,OBSERVED p_pre,0.0005,DOCUMENTED promotional 0.05% through 2026-08-31,-223.33333333333334,0.0,REALISED premarket_0400 PDR,1.472303459791955,-35.07730345979195,-35.07730345979195,-35.07730345979195,-35.07730345979195,-34.97230345979195,32.132696540208045,HOLD,SUPPRESSED: eligibility snapshot time unpublished,,2026-09-16T23:27:40.187038+00:00,public_book,2026-09-17T04:27:30.024688+00:00,public_book,exnight-strategy-v1
rMU-2026-07-06-1,rMU,RMUUSDT,2026-07-06,25000,0.15,0.105,0.105,0.105,True,GROSS,1,977.5,1011.0,OBSERVED p_pre,0.0005,DOCUMENTED promotional 0.05% through 2026-08-31,-223.33333333333334,0.0,REALISED premarket_0400 PDR,1.488293840460572,-35.09329384046057,-35.09329384046057,-35.09329384046057,-35.09329384046057,-34.98829384046057,32.116706159539426,HOLD,SUPPRESSED: eligibility snapshot time unpublished,,2026-09-16T23:27:40.187038+00:00,public_book,2026-09-17T04:27:30.024688+00:00,public_book,exnight-strategy-v1
rOPRA-2026-07-07-1,rOPRA,ROPRAUSDT,2026-07-07,1000,0.39,0.273,0.273,0.273,True,GROSS,1,20.67,20.67,OBSERVED p_pre,0.0005,DOCUMENTED promotional 0.05% through 2026-08-31,0.0,0.0,REALISED premarket_0400 PDR,,,,,,,,NO_SIGNAL,SUPPRESSED: eligibility snapshot time unpublished,"sell: $1,000 exceeds visible top-of-book ($18) on ticker-only symbol; buy: $1,000 exceeds visible top-of-book ($572) on ticker-only symbol",2026-09-16T23:27:40.187038+00:00,ticker_only,2026-09-17T04:27:30.024688+00:00,ticker_only,exnight-strategy-v1
rOPRA-2026-07-07-1,rOPRA,ROPRAUSDT,2026-07-07,5000,0.39,0.273,0.273,0.273,True,GROSS,1,20.67,20.67,OBSERVED p_pre,0.0005,DOCUMENTED promotional 0.05% through 2026-08-31,0.0,0.0,REALISED premarket_0400 PDR,,,,,,,,NO_SIGNAL,SUPPRESSED: eligibility snapshot time unpublished,"sell: $5,000 exceeds visible top-of-book ($18) on ticker-only symbol; buy: $5,000 exceeds visible top-of-book ($572) on ticker-only symbol",2026-09-16T23:27:40.187038+00:00,ticker_only,2026-09-17T04:27:30.024688+00:00,ticker_only,exnight-strategy-v1
rOPRA-2026-07-07-1,rOPRA,ROPRAUSDT,2026-07-07,25000,0.39,0.273,0.273,0.273,True,GROSS,1,20.67,20.67,OBSERVED p_pre,0.0005,DOCUMENTED promotional 0.05% through 2026-08-31,0.0,0.0,REALISED premarket_0400 PDR,,,,,,,,NO_SIGNAL,SUPPRESSED: eligibility snapshot time unpublished,"sell: $25,000 exceeds visible top-of-book ($18) on ticker-only symbol; buy: $25,000 exceeds visible top-of-book ($572) on ticker-only symbol",2026-09-16T23:27:40.187038+00:00,ticker_only,2026-09-17T04:27:30.024688+00:00,ticker_only,exnight-strategy-v1
rSATA-2026-07-08-1,rSATA,RSATAUSDT,2026-07-08,1000,0.0493,0.03451,0.03450999999999999,0.0493,False,GROSS,2,96.995,96.501,OBSERVED p_pre,0.0005,DOCUMENTED promotional 0.05% through 2026-08-31,10.020283975659225,0.0,REALISED premarket_0400 PDR,0.10642376883619703,0.35306623116380276,0.35306623116380276,0.35306623116380276,0.33827623116380273,0.38757623116380274,-0.5659137688361968,EXIT,SUPPRESSED: eligibility snapshot time unpublished,,2026-09-16T23:27:40.187038+00:00,ticker_only,2026-09-17T04:27:30.024688+00:00,ticker_only,exnight-strategy-v1
rSATA-2026-07-08-1,rSATA,RSATAUSDT,2026-07-08,5000,0.0493,0.03451,0.03450999999999999,0.0493,False,GROSS,2,96.995,96.501,OBSERVED p_pre,0.0005,DOCUMENTED promotional 0.05% through 2026-08-31,10.020283975659225,0.0,REALISED premarket_0400 PDR,,,,,,,,NO_SIGNAL,SUPPRESSED: eligibility snapshot time unpublished,"buy: $5,000 exceeds visible top-of-book ($1,000) on ticker-only symbol",2026-09-16T23:27:40.187038+00:00,ticker_only,2026-09-17T04:27:30.024688+00:00,ticker_only,exnight-strategy-v1
rSATA-2026-07-08-1,rSATA,RSATAUSDT,2026-07-08,25000,0.0493,0.03451,0.03450999999999999,0.0493,False,GROSS,2,96.995,96.501,OBSERVED p_pre,0.0005,DOCUMENTED promotional 0.05% through 2026-08-31,10.020283975659225,0.0,REALISED premarket_0400 PDR,,,,,,,,NO_SIGNAL,SUPPRESSED: eligibility snapshot time unpublished,"sell: $25,000 exceeds visible top-of-book ($19,996) on ticker-only symbol; buy: $25,000 exceeds visible top-of-book ($1,000) on ticker-only symbol",2026-09-16T23:27:40.187038+00:00,ticker_only,2026-09-17T04:27:30.024688+00:00,ticker_only,exnight-strategy-v1
rINTU-2026-07-09-1,rINTU,RINTUUSDT,2026-07-09,1000,1.2,0.84,0.84,0.84,True,GROSS,1,273.055,271.381,OBSERVED p_pre,0.0005,DOCUMENTED promotional 0.05% through 2026-08-31,1.3950000000000293,0.0,REALISED premarket_0400 PDR,,,,,,,,NO_SIGNAL,SUPPRESSED: eligibility snapshot time unpublished,"buy: $1,000 exceeds visible top-of-book ($322) on ticker-only symbol",2026-09-16T23:27:40.187038+00:00,ticker_only,2026-09-17T04:27:30.024688+00:00,ticker_only,exnight-strategy-v1
rINTU-2026-07-09-1,rINTU,RINTUUSDT,2026-07-09,5000,1.2,0.84,0.84,0.84,True,GROSS,1,273.055,271.381,OBSERVED p_pre,0.0005,DOCUMENTED promotional 0.05% through 2026-08-31,1.3950000000000293,0.0,REALISED premarket_0400 PDR,,,,,,,,NO_SIGNAL,SUPPRESSED: eligibility snapshot time unpublished,"buy: $5,000 exceeds visible top-of-book ($322) on ticker-only symbol",2026-09-16T23:27:40.187038+00:00,ticker_only,2026-09-17T04:27:30.024688+00:00,ticker_only,exnight-strategy-v1
rINTU-2026-07-09-1,rINTU,RINTUUSDT,2026-07-09,25000,1.2,0.84,0.84,0.84,True,GROSS,1,273.055,271.381,OBSERVED p_pre,0.0005,DOCUMENTED promotional 0.05% through 2026-08-31,1.3950000000000293,0.0,REALISED premarket_0400 PDR,,,,,,,,NO_SIGNAL,SUPPRESSED: eligibility snapshot time unpublished,"buy: $25,000 exceeds visible top-of-book ($322) on ticker-only symbol",2026-09-16T23:27:40.187038+00:00,ticker_only,2026-09-17T04:27:30.024688+00:00,ticker_only,exnight-strategy-v1
rSATA-2026-07-09-1,rSATA,RSATAUSDT,2026-07-09,1000,0.0493,0.03451,0.03451,0.03451,True,GROSS,1,96.21,96.21,OBSERVED p_pre,0.0005,DOCUMENTED promotional 0.05% through 2026-08-31,0.0,0.0,REALISED premarket_0400 PDR,0.10583196222027742,-0.14034196222027742,-0.14034196222027742,-0.14034196222027742,-0.14034196222027742,-0.10583196222027742,-0.07132196222027742,HOLD,SUPPRESSED: eligibility snapshot time unpublished,,2026-09-16T23:27:40.187038+00:00,ticker_only,2026-09-17T04:27:30.024688+00:00,ticker_only,exnight-strategy-v1
rSATA-2026-07-09-1,rSATA,RSATAUSDT,2026-07-09,5000,0.0493,0.03451,0.03451,0.03451,True,GROSS,1,96.21,96.21,OBSERVED p_pre,0.0005,DOCUMENTED promotional 0.05% through 2026-08-31,0.0,0.0,REALISED premarket_0400 PDR,,,,,,,,NO_SIGNAL,SUPPRESSED: eligibility snapshot time unpublished,"buy: $5,000 exceeds visible top-of-book ($1,000) on ticker-only symbol",2026-09-16T23:27:40.187038+00:00,ticker_only,2026-09-17T04:27:30.024688+00:00,ticker_only,exnight-strategy-v1
rSATA-2026-07-09-1,rSATA,RSATAUSDT,2026-07-09,25000,0.0493,0.03451,0.03451,0.03451,True,GROSS,1,96.21,96.21,OBSERVED p_pre,0.0005,DOCUMENTED promotional 0.05% through 2026-08-31,0.0,0.0,REALISED premarket_0400 PDR,,,,,,,,NO_SIGNAL,SUPPRESSED: eligibility snapshot time unpublished,"sell: $25,000 exceeds visible top-of-book ($19,996) on ticker-only symbol; buy: $25,000 exceeds visible top-of-book ($1,000) on ticker-only symbol",2026-09-16T23:27:40.187038+00:00,ticker_only,2026-09-17T04:27:30.024688+00:00,ticker_only,exnight-strategy-v1
rSATA-2026-07-10-1,rSATA,RSATAUSDT,2026-07-10,1000,0.0493,0.03451,0.03451,0.03451,True,GROSS,1,97.195,97.195,OBSERVED p_pre,0.0005,DOCUMENTED promotional 0.05% through 2026-08-31,0.0,0.0,REALISED premarket_0400 PDR,0.10691547207150881,-0.1414254720715088,-0.1414254720715088,-0.1414254720715088,-0.1414254720715088,-0.10691547207150881,-0.07240547207150881,HOLD,SUPPRESSED: eligibility snapshot time unpublished,,2026-09-16T23:27:40.187038+00:00,ticker_only,2026-09-17T04:27:30.024688+00:00,ticker_only,exnight-strategy-v1
rSATA-2026-07-10-1,rSATA,RSATAUSDT,2026-07-10,5000,0.0493,0.03451,0.03451,0.03451,True,GROSS,1,97.195,97.195,OBSERVED p_pre,0.0005,DOCUMENTED promotional 0.05% through 2026-08-31,0.0,0.0,REALISED premarket_0400 PDR,,,,,,,,NO_SIGNAL,SUPPRESSED: eligibility snapshot time unpublished,"buy: $5,000 exceeds visible top-of-book ($1,000) on ticker-only symbol",2026-09-16T23:27:40.187038+00:00,ticker_only,2026-09-17T04:27:30.024688+00:00,ticker_only,exnight-strategy-v1
rSATA-2026-07-10-1,rSATA,RSATAUSDT,2026-07-10,25000,0.0493,0.03451,0.03451,0.03451,True,GROSS,1,97.195,97.195,OBSERVED p_pre,0.0005,DOCUMENTED promotional 0.05% through 2026-08-31,0.0,0.0,REALISED premarket_0400 PDR,,,,,,,,NO_SIGNAL,SUPPRESSED: eligibility snapshot time unpublished,"sell: $25,000 exceeds visible top-of-book ($19,996) on ticker-only symbol; buy: $25,000 exceeds visible top-of-book ($1,000) on ticker-only symbol",2026-09-16T23:27:40.187038+00:00,ticker_only,2026-09-17T04:27:30.024688+00:00,ticker_only,exnight-strategy-v1
rSATA-2026-07-13-1,rSATA,RSATAUSDT,2026-07-13,1000,0.0493,0.03451,0.03451,0.03451,True,GROSS,1,97.54,97.545,OBSERVED p_pre,0.0005,DOCUMENTED promotional 0.05% through 2026-08-31,-0.10141987829605381,0.0,REALISED premarket_0400 PDR,0.10729772553444077,-0.14680772553443622,-0.14680772553443622,-0.14680772553443622,-0.14680772553443622,-0.11229772553443622,-0.06778772553444531,HOLD,SUPPRESSED: eligibility snapshot time unpublished,,2026-09-16T23:27:40.187038+00:00,ticker_only,2026-09-17T04:27:30.024688+00:00,ticker_only,exnight-strategy-v1
rSATA-2026-07-13-1,rSATA,RSATAUSDT,2026-07-13,5000,0.0493,0.03451,0.03451,0.03451,True,GROSS,1,97.54,97.545,OBSERVED p_pre,0.0005,DOCUMENTED promotional 0.05% through 2026-08-31,-0.10141987829605381,0.0,REALISED premarket_0400 PDR,,,,,,,,NO_SIGNAL,SUPPRESSED: eligibility snapshot time unpublished,"buy: $5,000 exceeds visible top-of-book ($1,000) on ticker-only symbol",2026-09-16T23:27:40.187038+00:00,ticker_only,2026-09-17T04:27:30.024688+00:00,ticker_only,exnight-strategy-v1
rSATA-2026-07-13-1,rSATA,RSATAUSDT,2026-07-13,25000,0.0493,0.03451,0.03451,0.03451,True,GROSS,1,97.54,97.545,OBSERVED p_pre,0.0005,DOCUMENTED promotional 0.05% through 2026-08-31,-0.10141987829605381,0.0,REALISED premarket_0400 PDR,,,,,,,,NO_SIGNAL,SUPPRESSED: eligibility snapshot time unpublished,"sell: $25,000 exceeds visible top-of-book ($19,996) on ticker-only symbol; buy: $25,000 exceeds visible top-of-book ($1,000) on ticker-only symbol",2026-09-16T23:27:40.187038+00:00,ticker_only,2026-09-17T04:27:30.024688+00:00,ticker_only,exnight-strategy-v1
rSATA-2026-07-14-1,rSATA,RSATAUSDT,2026-07-14,1000,0.0493,0.03451,0.03451,0.03451,True,GROSS,1,96.74,96.75,OBSERVED p_pre,0.0005,DOCUMENTED promotional 0.05% through 2026-08-31,-0.20283975659239586,0.0,REALISED premarket_0400 PDR,0.10642046754594127,-0.15093046754594638,-0.15093046754594638,-0.15093046754594638,-0.15093046754594638,-0.11642046754594639,-0.061910467545936154,HOLD,SUPPRESSED: eligibility snapshot time unpublished,,2026-09-16T23:27:40.187038+00:00,ticker_only,2026-09-17T04:27:30.024688+00:00,ticker_only,exnight-strategy-v1
rSATA-2026-07-14-1,rSATA,RSATAUSDT,2026-07-14,5000,0.0493,0.03451,0.03451,0.03451,True,GROSS,1,96.74,96.75,OBSERVED p_pre,0.0005,DOCUMENTED promotional 0.05% through 2026-08-31,-0.20283975659239586,0.0,REALISED premarket_0400 PDR,,,,,,,,NO_SIGNAL,SUPPRESSED: eligibility snapshot time unpublished,"buy: $5,000 exceeds visible top-of-book ($1,000) on ticker-only symbol",2026-09-16T23:27:40.187038+00:00,ticker_only,2026-09-17T04:27:30.024688+00:00,ticker_only,exnight-strategy-v1
rSATA-2026-07-14-1,rSATA,RSATAUSDT,2026-07-14,25000,0.0493,0.03451,0.03451,0.03451,True,GROSS,1,96.74,96.75,OBSERVED p_pre,0.0005,DOCUMENTED promotional 0.05% through 2026-08-31,-0.20283975659239586,0.0,REALISED premarket_0400 PDR,,,,,,,,NO_SIGNAL,SUPPRESSED: eligibility snapshot time unpublished,"sell: $25,000 exceeds visible top-of-book ($19,996) on ticker-only symbol; buy: $25,000 exceeds visible top-of-book ($1,000) on ticker-only symbol",2026-09-16T23:27:40.187038+00:00,ticker_only,2026-09-17T04:27:30.024688+00:00,ticker_only,exnight-strategy-v1
rSATA-2026-07-15-1,rSATA,RSATAUSDT,2026-07-15,1000,0.0493,0.03451,0.03450999999999999,0.0493,False,GROSS,2,97.875,97.899,OBSERVED p_pre,0.0005,DOCUMENTED promotional 0.05% through 2026-08-31,-0.4868154158215195,0.0,REALISED premarket_0400 PDR,0.10767667893236194,-0.16618667893236283,-0.16618667893236283,-0.16618667893236283,-0.18097667893236286,-0.13167667893236285,-0.04916667893236103,HOLD,SUPPRESSED: eligibility snapshot time unpublished,,2026-09-16T23:27:40.187038+00:00,ticker_only,2026-09-17T04:27:30.024688+00:00,ticker_only,exnight-strategy-v1
rSATA-2026-07-15-1,rSATA,RSATAUSDT,2026-07-15,5000,0.0493,0.03451,0.03450999999999999,0.0493,False,GROSS,2,97.875,97.899,OBSERVED p_pre,0.0005,DOCUMENTED promotional 0.05% through 2026-08-31,-0.4868154158215195,0.0,REALISED premarket_0400 PDR,,,,,,,,NO_SIGNAL,SUPPRESSED: eligibility snapshot time unpublished,"buy: $5,000 exceeds visible top-of-book ($1,000) on ticker-only symbol",2026-09-16T23:27:40.187038+00:00,ticker_only,2026-09-17T04:27:30.024688+00:00,ticker_only,exnight-strategy-v1
rSATA-2026-07-15-1,rSATA,RSATAUSDT,2026-07-15,25000,0.0493,0.03451,0.03450999999999999,0.0493,False,GROSS,2,97.875,97.899,OBSERVED p_pre,0.0005,DOCUMENTED promotional 0.05% through 2026-08-31,-0.4868154158215195,0.0,REALISED premarket_0400 PDR,,,,,,,,NO_SIGNAL,SUPPRESSED: eligibility snapshot time unpublished,"sell: $25,000 exceeds visible top-of-book ($19,996) on ticker-only symbol; buy: $25,000 exceeds visible top-of-book ($1,000) on ticker-only symbol",2026-09-16T23:27:40.187038+00:00,ticker_only,2026-09-17T04:27:30.024688+00:00,ticker_only,exnight-strategy-v1
rSTRC-2026-07-15-1,rSTRC,RSTRCUSDT,2026-07-15,1000,0.5,0.35,0.35,0.5,False,GROSS,2,88.64,87.44,OBSERVED p_pre,0.0005,DOCUMENTED promotional 0.05% through 2026-08-31,2.4000000000000057,0.0,REALISED premarket_0400 PDR,0.17859076897917378,0.6714092310208291,0.6714092310208291,0.6714092310208291,0.521409231020829,1.0214092310208291,-1.0285907689791767,EXIT,SUPPRESSED: eligibility snapshot time unpublished,,2026-09-16T23:27:40.187038+00:00,public_book,2026-09-17T04:27:30.024688+00:00,public_book,exnight-strategy-v1
rSTRC-2026-07-15-1,rSTRC,RSTRCUSDT,2026-07-15,5000,0.5,0.35,0.35,0.5,False,GROSS,2,88.64,87.44,OBSERVED p_pre,0.0005,DOCUMENTED promotional 0.05% through 2026-08-31,2.4000000000000057,0.0,REALISED premarket_0400 PDR,0.3653025494756563,0.48469745052434654,0.48469745052434654,0.48469745052434654,0.3346974505243465,0.8346974505243465,-1.215302549475659,EXIT,SUPPRESSED: eligibility snapshot time unpublished,,2026-09-16T23:27:40.187038+00:00,public_book,2026-09-17T04:27:30.024688+00:00,public_book,exnight-strategy-v1
rSTRC-2026-07-15-1,rSTRC,RSTRCUSDT,2026-07-15,25000,0.5,0.35,0.35,0.5,False,GROSS,2,88.64,87.44,OBSERVED p_pre,0.0005,DOCUMENTED promotional 0.05% through 2026-08-31,2.4000000000000057,0.0,REALISED premarket_0400 PDR,0.6697018015028295,0.18029819849717332,0.18029819849717332,0.18029819849717332,0.0302981984971733,0.5302981984971733,-1.5197018015028325,EXIT,SUPPRESSED: eligibility snapshot time unpublished,,2026-09-16T23:27:40.187038+00:00,public_book,2026-09-17T04:27:30.024688+00:00,public_book,exnight-strategy-v1
rSATA-2026-07-16-1,rSATA,RSATAUSDT,2026-07-16,1000,0.0493,0.03451,0.03450999999999999,0.0493,False,GROSS,2,98.401,98.4,OBSERVED p_pre,0.0005,DOCUMENTED promotional 0.05% through 2026-08-31,0.02028397565903781,0.0,REALISED premarket_0400 PDR,0.10824153413051639,-0.14175153413052582,-0.14175153413052582,-0.14175153413052582,-0.15654153413052582,-0.10724153413052583,-0.07473153413050695,HOLD,SUPPRESSED: eligibility snapshot time unpublished,,2026-09-16T23:27:40.187038+00:00,ticker_only,2026-09-17T04:27:30.024688+00:00,ticker_only,exnight-strategy-v1
rSATA-2026-07-16-1,rSATA,RSATAUSDT,2026-07-16,5000,0.0493,0.03451,0.03450999999999999,0.0493,False,GROSS,2,98.401,98.4,OBSERVED p_pre,0.0005,DOCUMENTED promotional 0.05% through 2026-08-31,0.02028397565903781,0.0,REALISED premarket_0400 PDR,,,,,,,,NO_SIGNAL,SUPPRESSED: eligibility snapshot time unpublished,"buy: $5,000 exceeds visible top-of-book ($1,000) on ticker-only symbol",2026-09-16T23:27:40.187038+00:00,ticker_only,2026-09-17T04:27:30.024688+00:00,ticker_only,exnight-strategy-v1
rSATA-2026-07-16-1,rSATA,RSATAUSDT,2026-07-16,25000,0.0493,0.03451,0.03450999999999999,0.0493,False,GROSS,2,98.401,98.4,OBSERVED p_pre,0.0005,DOCUMENTED promotional 0.05% through 2026-08-31,0.02028397565903781,0.0,REALISED premarket_0400 PDR,,,,,,,,NO_SIGNAL,SUPPRESSED: eligibility snapshot time unpublished,"sell: $25,000 exceeds visible top-of-book ($19,996) on ticker-only symbol; buy: $25,000 exceeds visible top-of-book ($1,000) on ticker-only symbol",2026-09-16T23:27:40.187038+00:00,ticker_only,2026-09-17T04:27:30.024688+00:00,ticker_only,exnight-strategy-v1
rSATA-2026-07-17-1,rSATA,RSATAUSDT,2026-07-17,1000,0.0493,0.03451,0.03450999999999999,0.0493,False,GROSS,2,97.073,97.075,OBSERVED p_pre,0.0005,DOCUMENTED promotional 0.05% through 2026-08-31,-0.04056795131865212,0.0,REALISED premarket_0400 PDR,0.10678237085635654,-0.1432923708563661,-0.1432923708563661,-0.1432923708563661,-0.1580823708563661,-0.10878237085636609,-0.070272370856347,HOLD,SUPPRESSED: eligibility snapshot time unpublished,,2026-09-16T23:27:40.187038+00:00,ticker_only,2026-09-17T04:27:30.024688+00:00,ticker_only,exnight-strategy-v1
rSATA-2026-07-17-1,rSATA,RSATAUSDT,2026-07-17,5000,0.0493,0.03451,0.03450999999999999,0.0493,False,GROSS,2,97.073,97.075,OBSERVED p_pre,0.0005,DOCUMENTED promotional 0.05% through 2026-08-31,-0.04056795131865212,0.0,REALISED premarket_0400 PDR,,,,,,,,NO_SIGNAL,SUPPRESSED: eligibility snapshot time unpublished,"buy: $5,000 exceeds visible top-of-book ($1,000) on ticker-only symbol",2026-09-16T23:27:40.187038+00:00,ticker_only,2026-09-17T04:27:30.024688+00:00,ticker_only,exnight-strategy-v1
rSATA-2026-07-17-1,rSATA,RSATAUSDT,2026-07-17,25000,0.0493,0.03451,0.03450999999999999,0.0493,False,GROSS,2,97.073,97.075,OBSERVED p_pre,0.0005,DOCUMENTED promotional 0.05% through 2026-08-31,-0.04056795131865212,0.0,REALISED premarket_0400 PDR,,,,,,,,NO_SIGNAL,SUPPRESSED: eligibility snapshot time unpublished,"sell: $25,000 exceeds visible top-of-book ($19,996) on ticker-only symbol; buy: $25,000 exceeds visible top-of-book ($1,000) on ticker-only symbol",2026-09-16T23:27:40.187038+00:00,ticker_only,2026-09-17T04:27:30.024688+00:00,ticker_only,exnight-strategy-v1
rSATA-2026-07-20-1,rSATA,RSATAUSDT,2026-07-20,1000,0.0493,0.03451,0.03450999999999999,0.0493,False,GROSS,2,98.19,96.507,OBSERVED p_pre,0.0005,DOCUMENTED promotional 0.05% through 2026-08-31,34.13793103448261,0.0,REALISED premarket_0400 PDR,0.1070843278150423,1.5414056721849503,1.5414056721849503,1.5414056721849503,1.5266156721849504,1.5759156721849503,-1.755574327815035,EXIT,SUPPRESSED: eligibility snapshot time unpublished,,2026-09-16T23:27:40.187038+00:00,ticker_only,2026-09-17T04:27:30.024688+00:00,ticker_only,exnight-strategy-v1
rSATA-2026-07-20-1,rSATA,RSATAUSDT,2026-07-20,5000,0.0493,0.03451,0.03450999999999999,0.0493,False,GROSS,2,98.19,96.507,OBSERVED p_pre,0.0005,DOCUMENTED promotional 0.05% through 2026-08-31,34.13793103448261,0.0,REALISED premarket_0400 PDR,,,,,,,,NO_SIGNAL,SUPPRESSED: eligibility snapshot time unpublished,"buy: $5,000 exceeds visible top-of-book ($1,000) on ticker-only symbol",2026-09-16T23:27:40.187038+00:00,ticker_only,2026-09-17T04:27:30.024688+00:00,ticker_only,exnight-strategy-v1
rSATA-2026-07-20-1,rSATA,RSATAUSDT,2026-07-20,25000,0.0493,0.03451,0.03450999999999999,0.0493,False,GROSS,2,98.19,96.507,OBSERVED p_pre,0.0005,DOCUMENTED promotional 0.05% through 2026-08-31,34.13793103448261,0.0,REALISED premarket_0400 PDR,,,,,,,,NO_SIGNAL,SUPPRESSED: eligibility snapshot time unpublished,"sell: $25,000 exceeds visible top-of-book ($19,996) on ticker-only symbol; buy: $25,000 exceeds visible top-of-book ($1,000) on ticker-only symbol",2026-09-16T23:27:40.187038+00:00,ticker_only,2026-09-17T04:27:30.024688+00:00,ticker_only,exnight-strategy-v1
rSATA-2026-07-21-1,rSATA,RSATAUSDT,2026-07-21,1000,0.0493,0.03451,0.03451,0.03451,True,GROSS,1,97.91,97.999,OBSERVED p_pre,0.0005,DOCUMENTED promotional 0.05% through 2026-08-31,-1.805273833671372,0.0,REALISED premarket_0400 PDR,0.10775092944491382,-0.23126092944491244,-0.23126092944491244,-0.23126092944491244,-0.23126092944491244,-0.19675092944491246,0.01575907055508481,HOLD,SUPPRESSED: eligibility snapshot time unpublished,,2026-09-16T23:27:40.187038+00:00,ticker_only,2026-09-17T04:27:30.024688+00:00,ticker_only,exnight-strategy-v1
rSATA-2026-07-21-1,rSATA,RSATAUSDT,2026-07-21,5000,0.0493,0.03451,0.03451,0.03451,True,GROSS,1,97.91,97.999,OBSERVED p_pre,0.0005,DOCUMENTED promotional 0.05% through 2026-08-31,-1.805273833671372,0.0,REALISED premarket_0400 PDR,,,,,,,,NO_SIGNAL,SUPPRESSED: eligibility snapshot time unpublished,"buy: $5,000 exceeds visible top-of-book ($1,000) on ticker-only symbol",2026-09-16T23:27:40.187038+00:00,ticker_only,2026-09-17T04:27:30.024688+00:00,ticker_only,exnight-strategy-v1
rSATA-2026-07-21-1,rSATA,RSATAUSDT,2026-07-21,25000,0.0493,0.03451,0.03451,0.03451,True,GROSS,1,97.91,97.999,OBSERVED p_pre,0.0005,DOCUMENTED promotional 0.05% through 2026-08-31,-1.805273833671372,0.0,REALISED premarket_0400 PDR,,,,,,,,NO_SIGNAL,SUPPRESSED: eligibility snapshot time unpublished,"sell: $25,000 exceeds visible top-of-book ($19,996) on ticker-only symbol; buy: $25,000 exceeds visible top-of-book ($1,000) on ticker-only symbol",2026-09-16T23:27:40.187038+00:00,ticker_only,2026-09-17T04:27:30.024688+00:00,ticker_only,exnight-strategy-v1
rSATA-2026-07-22-1,rSATA,RSATAUSDT,2026-07-22,1000,0.0493,0.03451,0.03450999999999999,0.0493,False,GROSS,2,98.101,98.444,OBSERVED p_pre,0.0005,DOCUMENTED promotional 0.05% through 2026-08-31,-6.9574036511156905,0.0,REALISED premarket_0400 PDR,0.10810073199018437,-0.4856107319901879,-0.4856107319901879,-0.4856107319901879,-0.5004007319901879,-0.4511007319901879,0.2694092680098191,HOLD,SUPPRESSED: eligibility snapshot time unpublished,,2026-09-16T23:27:40.187038+00:00,ticker_only,2026-09-17T04:27:30.024688+00:00,ticker_only,exnight-strategy-v1
rSATA-2026-07-22-1,rSATA,RSATAUSDT,2026-07-22,5000,0.0493,0.03451,0.03450999999999999,0.0493,False,GROSS,2,98.101,98.444,OBSERVED p_pre,0.0005,DOCUMENTED promotional 0.05% through 2026-08-31,-6.9574036511156905,0.0,REALISED premarket_0400 PDR,,,,,,,,NO_SIGNAL,SUPPRESSED: eligibility snapshot time unpublished,"buy: $5,000 exceeds visible top-of-book ($1,000) on ticker-only symbol",2026-09-16T23:27:40.187038+00:00,ticker_only,2026-09-17T04:27:30.024688+00:00,ticker_only,exnight-strategy-v1
rSATA-2026-07-22-1,rSATA,RSATAUSDT,2026-07-22,25000,0.0493,0.03451,0.03450999999999999,0.0493,False,GROSS,2,98.101,98.444,OBSERVED p_pre,0.0005,DOCUMENTED promotional 0.05% through 2026-08-31,-6.9574036511156905,0.0,REALISED premarket_0400 PDR,,,,,,,,NO_SIGNAL,SUPPRESSED: eligibility snapshot time unpublished,"sell: $25,000 exceeds visible top-of-book ($19,996) on ticker-only symbol; buy: $25,000 exceeds visible top-of-book ($1,000) on ticker-only symbol",2026-09-16T23:27:40.187038+00:00,ticker_only,2026-09-17T04:27:30.024688+00:00,ticker_only,exnight-strategy-v1
rSATA-2026-07-23-1,rSATA,RSATAUSDT,2026-07-23,1000,0.0493,0.03451,0.03450999999999999,0.0493,False,GROSS,2,97.859,97.86,OBSERVED p_pre,0.0005,DOCUMENTED promotional 0.05% through 2026-08-31,-0.02028397565932606,0.0,REALISED premarket_0400 PDR,0.10764642871483907,-0.14315642871484385,-0.14315642871484385,-0.14315642871484383,-0.15794642871484382,-0.10864642871484384,-0.07213642871483429,HOLD,SUPPRESSED: eligibility snapshot time unpublished,,2026-09-16T23:27:40.187038+00:00,ticker_only,2026-09-17T04:27:30.024688+00:00,ticker_only,exnight-strategy-v1
rSATA-2026-07-23-1,rSATA,RSATAUSDT,2026-07-23,5000,0.0493,0.03451,0.03450999999999999,0.0493,False,GROSS,2,97.859,97.86,OBSERVED p_pre,0.0005,DOCUMENTED promotional 0.05% through 2026-08-31,-0.02028397565932606,0.0,REALISED premarket_0400 PDR,,,,,,,,NO_SIGNAL,SUPPRESSED: eligibility snapshot time unpublished,"buy: $5,000 exceeds visible top-of-book ($1,000) on ticker-only symbol",2026-09-16T23:27:40.187038+00:00,ticker_only,2026-09-17T04:27:30.024688+00:00,ticker_only,exnight-strategy-v1
rSATA-2026-07-23-1,rSATA,RSATAUSDT,2026-07-23,25000,0.0493,0.03451,0.03450999999999999,0.0493,False,GROSS,2,97.859,97.86,OBSERVED p_pre,0.0005,DOCUMENTED promotional 0.05% through 2026-08-31,-0.02028397565932606,0.0,REALISED premarket_0400 PDR,,,,,,,,NO_SIGNAL,SUPPRESSED: eligibility snapshot time unpublished,"sell: $25,000 exceeds visible top-of-book ($19,996) on ticker-only symbol; buy: $25,000 exceeds visible top-of-book ($1,000) on ticker-only symbol",2026-09-16T23:27:40.187038+00:00,ticker_only,2026-09-17T04:27:30.024688+00:00,ticker_only,exnight-strategy-v1
rSATA-2026-07-24-1,rSATA,RSATAUSDT,2026-07-24,1000,0.0493,0.03451,0.03450999999999999,0.0493,False,GROSS,2,96.747,96.898,OBSERVED p_pre,0.0005,DOCUMENTED promotional 0.05% through 2026-08-31,-3.0628803245435345,0.0,REALISED premarket_0400 PDR,0.10650571796846764,-0.2920157179684639,-0.2920157179684639,-0.2920157179684639,-0.3068057179684639,-0.2575057179684639,0.0790042820315286,HOLD,SUPPRESSED: eligibility snapshot time unpublished,,2026-09-16T23:27:40.187038+00:00,ticker_only,2026-09-17T04:27:30.024688+00:00,ticker_only,exnight-strategy-v1
rSATA-2026-07-24-1,rSATA,RSATAUSDT,2026-07-24,5000,0.0493,0.03451,0.03450999999999999,0.0493,False,GROSS,2,96.747,96.898,OBSERVED p_pre,0.0005,DOCUMENTED promotional 0.05% through 2026-08-31,-3.0628803245435345,0.0,REALISED premarket_0400 PDR,,,,,,,,NO_SIGNAL,SUPPRESSED: eligibility snapshot time unpublished,"buy: $5,000 exceeds visible top-of-book ($1,000) on ticker-only symbol",2026-09-16T23:27:40.187038+00:00,ticker_only,2026-09-17T04:27:30.024688+00:00,ticker_only,exnight-strategy-v1
rSATA-2026-07-24-1,rSATA,RSATAUSDT,2026-07-24,25000,0.0493,0.03451,0.03450999999999999,0.0493,False,GROSS,2,96.747,96.898,OBSERVED p_pre,0.0005,DOCUMENTED promotional 0.05% through 2026-08-31,-3.0628803245435345,0.0,REALISED premarket_0400 PDR,,,,,,,,NO_SIGNAL,SUPPRESSED: eligibility snapshot time unpublished,"sell: $25,000 exceeds visible top-of-book ($19,996) on ticker-only symbol; buy: $25,000 exceeds visible top-of-book ($1,000) on ticker-only symbol",2026-09-16T23:27:40.187038+00:00,ticker_only,2026-09-17T04:27:30.024688+00:00,ticker_only,exnight-strategy-v1
rSATA-2026-07-27-1,rSATA,RSATAUSDT,2026-07-27,1000,0.0493,0.03451,0.03450999999999999,0.0493,False,GROSS,2,97.002,96.761,OBSERVED p_pre,0.0005,DOCUMENTED promotional 0.05% through 2026-08-31,4.888438133874232,0.0,REALISED premarket_0400 PDR,0.10657061953873742,0.0999193804612622,0.0999193804612622,0.09991938046126222,0.08512938046126223,0.1344293804612622,-0.31306061953873704,EXIT,SUPPRESSED: eligibility snapshot time unpublished,,2026-09-16T23:27:40.187038+00:00,ticker_only,2026-09-17T04:27:30.024688+00:00,ticker_only,exnight-strategy-v1
rSATA-2026-07-27-1,rSATA,RSATAUSDT,2026-07-27,5000,0.0493,0.03451,0.03450999999999999,0.0493,False,GROSS,2,97.002,96.761,OBSERVED p_pre,0.0005,DOCUMENTED promotional 0.05% through 2026-08-31,4.888438133874232,0.0,REALISED premarket_0400 PDR,,,,,,,,NO_SIGNAL,SUPPRESSED: eligibility snapshot time unpublished,"buy: $5,000 exceeds visible top-of-book ($1,000) on ticker-only symbol",2026-09-16T23:27:40.187038+00:00,ticker_only,2026-09-17T04:27:30.024688+00:00,ticker_only,exnight-strategy-v1
rSATA-2026-07-27-1,rSATA,RSATAUSDT,2026-07-27,25000,0.0493,0.03451,0.03450999999999999,0.0493,False,GROSS,2,97.002,96.761,OBSERVED p_pre,0.0005,DOCUMENTED promotional 0.05% through 2026-08-31,4.888438133874232,0.0,REALISED premarket_0400 PDR,,,,,,,,NO_SIGNAL,SUPPRESSED: eligibility snapshot time unpublished,"sell: $25,000 exceeds visible top-of-book ($19,996) on ticker-only symbol; buy: $25,000 exceeds visible top-of-book ($1,000) on ticker-only symbol",2026-09-16T23:27:40.187038+00:00,ticker_only,2026-09-17T04:27:30.024688+00:00,ticker_only,exnight-strategy-v1
rDGRW-2026-07-28-1,rDGRW,RDGRWUSDT,2026-07-28,1000,0.065,0.0455,0.0455,0.065,False,GROSS,2,95.656,95.582,OBSERVED p_pre,0.0005,DOCUMENTED promotional 0.05% through 2026-08-31,1.1384615384617274,0.0,REALISED premarket_0400 PDR,1.0395374557962511,-1.011037455796239,-1.011037455796239,-1.011037455796239,-1.0305374557962388,-0.9655374557962388,-1.0680374557962633,HOLD,SUPPRESSED: eligibility snapshot time unpublished,,2026-09-16T23:27:40.187038+00:00,ticker_only,2026-09-17T04:27:30.024688+00:00,ticker_only,exnight-strategy-v1
rDGRW-2026-07-28-1,rDGRW,RDGRWUSDT,2026-07-28,5000,0.065,0.0455,0.0455,0.065,False,GROSS,2,95.656,95.582,OBSERVED p_pre,0.0005,DOCUMENTED promotional 0.05% through 2026-08-31,1.1384615384617274,0.0,REALISED premarket_0400 PDR,1.0395374557962511,-1.011037455796239,-1.011037455796239,-1.011037455796239,-1.0305374557962388,-0.9655374557962388,-1.0680374557962633,HOLD,SUPPRESSED: eligibility snapshot time unpublished,,2026-09-16T23:27:40.187038+00:00,ticker_only,2026-09-17T04:27:30.024688+00:00,ticker_only,exnight-strategy-v1
rDGRW-2026-07-28-1,rDGRW,RDGRWUSDT,2026-07-28,25000,0.065,0.0455,0.0455,0.065,False,GROSS,2,95.656,95.582,OBSERVED p_pre,0.0005,DOCUMENTED promotional 0.05% through 2026-08-31,1.1384615384617274,0.0,REALISED premarket_0400 PDR,1.0395374557962511,-1.011037455796239,-1.011037455796239,-1.011037455796239,-1.0305374557962388,-0.9655374557962388,-1.0680374557962633,HOLD,SUPPRESSED: eligibility snapshot time unpublished,,2026-09-16T23:27:40.187038+00:00,ticker_only,2026-09-17T04:27:30.024688+00:00,ticker_only,exnight-strategy-v1
rSATA-2026-07-28-1,rSATA,RSATAUSDT,2026-07-28,1000,0.0493,0.03451,0.03450999999999999,0.0493,False,GROSS,2,96.75,96.949,OBSERVED p_pre,0.0005,DOCUMENTED promotional 0.05% through 2026-08-31,-4.036511156186574,0.0,REALISED premarket_0400 PDR,0.10653541811847739,-0.34004541811847544,-0.34004541811847544,-0.34004541811847544,-0.35483541811847547,-0.30553541811847545,0.12697458188152067,HOLD,SUPPRESSED: eligibility snapshot time unpublished,,2026-09-16T23:27:40.187038+00:00,ticker_only,2026-09-17T04:27:30.024688+00:00,ticker_only,exnight-strategy-v1
rSATA-2026-07-28-1,rSATA,RSATAUSDT,2026-07-28,5000,0.0493,0.03451,0.03450999999999999,0.0493,False,GROSS,2,96.75,96.949,OBSERVED p_pre,0.0005,DOCUMENTED promotional 0.05% through 2026-08-31,-4.036511156186574,0.0,REALISED premarket_0400 PDR,,,,,,,,NO_SIGNAL,SUPPRESSED: eligibility snapshot time unpublished,"buy: $5,000 exceeds visible top-of-book ($1,000) on ticker-only symbol",2026-09-16T23:27:40.187038+00:00,ticker_only,2026-09-17T04:27:30.024688+00:00,ticker_only,exnight-strategy-v1
rSATA-2026-07-28-1,rSATA,RSATAUSDT,2026-07-28,25000,0.0493,0.03451,0.03450999999999999,0.0493,False,GROSS,2,96.75,96.949,OBSERVED p_pre,0.0005,DOCUMENTED promotional 0.05% through 2026-08-31,-4.036511156186574,0.0,REALISED premarket_0400 PDR,,,,,,,,NO_SIGNAL,SUPPRESSED: eligibility snapshot time unpublished,"sell: $25,000 exceeds visible top-of-book ($19,996) on ticker-only symbol; buy: $25,000 exceeds visible top-of-book ($1,000) on ticker-only symbol",2026-09-16T23:27:40.187038+00:00,ticker_only,2026-09-17T04:27:30.024688+00:00,ticker_only,exnight-strategy-v1
rSATA-2026-07-29-1,rSATA,RSATAUSDT,2026-07-29,1000,0.0493,0.03451,0.03450999999999999,0.0493,False,GROSS,2,96.5,96.301,OBSERVED p_pre,0.0005,DOCUMENTED promotional 0.05% through 2026-08-31,4.036511156186574,0.0,REALISED premarket_0400 PDR,0.10604151462311509,0.05844848537688299,0.05844848537688299,0.05844848537688299,0.043658485376882966,0.09295848537688298,-0.2705315146231132,EXIT,SUPPRESSED: eligibility snapshot time unpublished,,2026-09-16T23:27:40.187038+00:00,ticker_only,2026-09-17T04:27:30.024688+00:00,ticker_only,exnight-strategy-v1
rSATA-2026-07-29-1,rSATA,RSATAUSDT,2026-07-29,5000,0.0493,0.03451,0.03450999999999999,0.0493,False,GROSS,2,96.5,96.301,OBSERVED p_pre,0.0005,DOCUMENTED promotional 0.05% through 2026-08-31,4.036511156186574,0.0,REALISED premarket_0400 PDR,,,,,,,,NO_SIGNAL,SUPPRESSED: eligibility snapshot time unpublished,"buy: $5,000 exceeds visible top-of-book ($1,000) on ticker-only symbol",2026-09-16T23:27:40.187038+00:00,ticker_only,2026-09-17T04:27:30.024688+00:00,ticker_only,exnight-strategy-v1
rSATA-2026-07-29-1,rSATA,RSATAUSDT,2026-07-29,25000,0.0493,0.03451,0.03450999999999999,0.0493,False,GROSS,2,96.5,96.301,OBSERVED p_pre,0.0005,DOCUMENTED promotional 0.05% through 2026-08-31,4.036511156186574,0.0,REALISED premarket_0400 PDR,,,,,,,,NO_SIGNAL,SUPPRESSED: eligibility snapshot time unpublished,"sell: $25,000 exceeds visible top-of-book ($19,996) on ticker-only symbol; buy: $25,000 exceeds visible top-of-book ($1,000) on ticker-only symbol",2026-09-16T23:27:40.187038+00:00,ticker_only,2026-09-17T04:27:30.024688+00:00,ticker_only,exnight-strategy-v1
rSATA-2026-07-30-1,rSATA,RSATAUSDT,2026-07-30,1000,0.0493,0.03451,0.03450999999999999,0.0493,False,GROSS,2,95.775,96.824,OBSERVED p_pre,0.0005,DOCUMENTED promotional 0.05% through 2026-08-31,-21.277890466531286,0.0,REALISED premarket_0400 PDR,0.10593041049236476,-1.1894404104923573,-1.1894404104923573,-1.1894404104923573,-1.2042304104923571,-1.1549304104923572,0.9775795895076277,HOLD,SUPPRESSED: eligibility snapshot time unpublished,,2026-09-16T23:27:40.187038+00:00,ticker_only,2026-09-17T04:27:30.024688+00:00,ticker_only,exnight-strategy-v1
rSATA-2026-07-30-1,rSATA,RSATAUSDT,2026-07-30,5000,0.0493,0.03451,0.03450999999999999,0.0493,False,GROSS,2,95.775,96.824,OBSERVED p_pre,0.0005,DOCUMENTED promotional 0.05% through 2026-08-31,-21.277890466531286,0.0,REALISED premarket_0400 PDR,,,,,,,,NO_SIGNAL,SUPPRESSED: eligibility snapshot time unpublished,"buy: $5,000 exceeds visible top-of-book ($1,000) on ticker-only symbol",2026-09-16T23:27:40.187038+00:00,ticker_only,2026-09-17T04:27:30.024688+00:00,ticker_only,exnight-strategy-v1
rSATA-2026-07-30-1,rSATA,RSATAUSDT,2026-07-30,25000,0.0493,0.03451,0.03450999999999999,0.0493,False,GROSS,2,95.775,96.824,OBSERVED p_pre,0.0005,DOCUMENTED promotional 0.05% through 2026-08-31,-21.277890466531286,0.0,REALISED premarket_0400 PDR,,,,,,,,NO_SIGNAL,SUPPRESSED: eligibility snapshot time unpublished,"sell: $25,000 exceeds visible top-of-book ($19,996) on ticker-only symbol; buy: $25,000 exceeds visible top-of-book ($1,000) on ticker-only symbol",2026-09-16T23:27:40.187038+00:00,ticker_only,2026-09-17T04:27:30.024688+00:00,ticker_only,exnight-strategy-v1
rSATA-2026-07-31-1,rSATA,RSATAUSDT,2026-07-31,1000,0.0516,0.03612,0.03612,0.0516,False,GROSS,2,97.477,97.476,OBSERVED p_pre,0.0005,DOCUMENTED promotional 0.05% through 2026-08-31,0.019379844961332847,0.0,REALISED premarket_0400 PDR,0.10722512488936126,-0.14234512488935647,-0.14234512488935647,-0.14234512488935647,-0.1578251248893565,-0.10622512488935648,-0.07210512488936603,HOLD,SUPPRESSED: eligibility snapshot time unpublished,,2026-09-16T23:27:40.187038+00:00,ticker_only,2026-09-17T04:27:30.024688+00:00,ticker_only,exnight-strategy-v1
rSATA-2026-07-31-1,rSATA,RSATAUSDT,2026-07-31,5000,0.0516,0.03612,0.03612,0.0516,False,GROSS,2,97.477,97.476,OBSERVED p_pre,0.0005,DOCUMENTED promotional 0.05% through 2026-08-31,0.019379844961332847,0.0,REALISED premarket_0400 PDR,,,,,,,,NO_SIGNAL,SUPPRESSED: eligibility snapshot time unpublished,"buy: $5,000 exceeds visible top-of-book ($1,000) on ticker-only symbol",2026-09-16T23:27:40.187038+00:00,ticker_only,2026-09-17T04:27:30.024688+00:00,ticker_only,exnight-strategy-v1
rSATA-2026-07-31-1,rSATA,RSATAUSDT,2026-07-31,25000,0.0516,0.03612,0.03612,0.0516,False,GROSS,2,97.477,97.476,OBSERVED p_pre,0.0005,DOCUMENTED promotional 0.05% through 2026-08-31,0.019379844961332847,0.0,REALISED premarket_0400 PDR,,,,,,,,NO_SIGNAL,SUPPRESSED: eligibility snapshot time unpublished,"sell: $25,000 exceeds visible top-of-book ($19,996) on ticker-only symbol; buy: $25,000 exceeds visible top-of-book ($1,000) on ticker-only symbol",2026-09-16T23:27:40.187038+00:00,ticker_only,2026-09-17T04:27:30.024688+00:00,ticker_only,exnight-strategy-v1
rSTRC-2026-07-31-1,rSTRC,RSTRCUSDT,2026-07-31,1000,0.5,0.35,0.35,0.5,False,GROSS,2,89.75,89.75,OBSERVED p_pre,0.0005,DOCUMENTED promotional 0.05% through 2026-08-31,0.0,0.0,REALISED premarket_0400 PDR,0.18200363038829026,-0.5320036303882902,-0.5320036303882902,-0.5320036303882902,-0.6820036303882903,-0.18200363038829026,0.16799636961170972,HOLD,SUPPRESSED: eligibility snapshot time unpublished,,2026-09-16T23:27:40.187038+00:00,public_book,2026-09-17T04:27:30.024688+00:00,public_book,exnight-strategy-v1
rSTRC-2026-07-31-1,rSTRC,RSTRCUSDT,2026-07-31,5000,0.5,0.35,0.35,0.5,False,GROSS,2,89.75,89.75,OBSERVED p_pre,0.0005,DOCUMENTED promotional 0.05% through 2026-08-31,0.0,0.0,REALISED premarket_0400 PDR,0.3719130548701654,-0.7219130548701653,-0.7219130548701653,-0.7219130548701653,-0.8719130548701655,-0.3719130548701654,-0.021913054870165427,HOLD,SUPPRESSED: eligibility snapshot time unpublished,,2026-09-16T23:27:40.187038+00:00,public_book,2026-09-17T04:27:30.024688+00:00,public_book,exnight-strategy-v1
rSTRC-2026-07-31-1,rSTRC,RSTRCUSDT,2026-07-31,25000,0.5,0.35,0.35,0.5,False,GROSS,2,89.75,89.75,OBSERVED p_pre,0.0005,DOCUMENTED promotional 0.05% through 2026-08-31,0.0,0.0,REALISED premarket_0400 PDR,0.6821997805611272,-1.0321997805611272,-1.0321997805611272,-1.0321997805611272,-1.182199780561127,-0.6821997805611272,-0.3321997805611272,HOLD,SUPPRESSED: eligibility snapshot time unpublished,,2026-09-16T23:27:40.187038+00:00,public_book,2026-09-17T04:27:30.024688+00:00,public_book,exnight-strategy-v1
rBITI-2026-08-03-1,rBITI,RBITIUSDT,2026-08-03,1000,1.32930505,0.930513535,0.930513535,1.32930505,False,GROSS,2,25.68,24.502,OBSERVED p_pre,0.0005,DOCUMENTED promotional 0.05% through 2026-08-31,0.8861773300266939,0.0,REALISED premarket_0400 PDR,,,,,,,,NO_SIGNAL,SUPPRESSED: eligibility snapshot time unpublished,"sell: $1,000 exceeds visible top-of-book ($195) on ticker-only symbol",2026-09-16T23:27:40.187038+00:00,ticker_only,2026-09-17T04:27:30.024688+00:00,ticker_only,exnight-strategy-v1
rBITI-2026-08-03-1,rBITI,RBITIUSDT,2026-08-03,5000,1.32930505,0.930513535,0.930513535,1.32930505,False,GROSS,2,25.68,24.502,OBSERVED p_pre,0.0005,DOCUMENTED promotional 0.05% through 2026-08-31,0.8861773300266939,0.0,REALISED premarket_0400 PDR,,,,,,,,NO_SIGNAL,SUPPRESSED: eligibility snapshot time unpublished,"sell: $5,000 exceeds visible top-of-book ($195) on ticker-only symbol",2026-09-16T23:27:40.187038+00:00,ticker_only,2026-09-17T04:27:30.024688+00:00,ticker_only,exnight-strategy-v1
rBITI-2026-08-03-1,rBITI,RBITIUSDT,2026-08-03,25000,1.32930505,0.930513535,0.930513535,1.32930505,False,GROSS,2,25.68,24.502,OBSERVED p_pre,0.0005,DOCUMENTED promotional 0.05% through 2026-08-31,0.8861773300266939,0.0,REALISED premarket_0400 PDR,,,,,,,,NO_SIGNAL,SUPPRESSED: eligibility snapshot time unpublished,"sell: $25,000 exceeds visible top-of-book ($195) on ticker-only symbol",2026-09-16T23:27:40.187038+00:00,ticker_only,2026-09-17T04:27:30.024688+00:00,ticker_only,exnight-strategy-v1
rBITO-2026-08-03-1,rBITO,RBITOUSDT,2026-08-03,1000,0.013749,0.0096243,0.0096243,0.013749,False,GROSS,2,8.51,8.45,OBSERVED p_pre,0.0005,DOCUMENTED promotional 0.05% through 2026-08-31,4.36395374209037,0.0,REALISED premarket_0400 PDR,0.020917626504026073,0.029458073495974423,0.029458073495974423,0.029458073495974423,0.025333373495974428,0.039082373495974425,-0.07129332650402656,EXIT,SUPPRESSED: eligibility snapshot time unpublished,,2026-09-16T23:27:40.187038+00:00,ticker_only,2026-09-17T04:27:30.024688+00:00,ticker_only,exnight-strategy-v1
rBITO-2026-08-03-1,rBITO,RBITOUSDT,2026-08-03,5000,0.013749,0.0096243,0.0096243,0.013749,False,GROSS,2,8.51,8.45,OBSERVED p_pre,0.0005,DOCUMENTED promotional 0.05% through 2026-08-31,4.36395374209037,0.0,REALISED premarket_0400 PDR,0.020917626504026073,0.029458073495974423,0.029458073495974423,0.029458073495974423,0.025333373495974428,0.039082373495974425,-0.07129332650402656,EXIT,SUPPRESSED: eligibility snapshot time unpublished,,2026-09-16T23:27:40.187038+00:00,ticker_only,2026-09-17T04:27:30.024688+00:00,ticker_only,exnight-strategy-v1
rBITO-2026-08-03-1,rBITO,RBITOUSDT,2026-08-03,25000,0.013749,0.0096243,0.0096243,0.013749,False,GROSS,2,8.51,8.45,OBSERVED p_pre,0.0005,DOCUMENTED promotional 0.05% through 2026-08-31,4.36395374209037,0.0,REALISED premarket_0400 PDR,0.020917626504026073,0.029458073495974423,0.029458073495974423,0.029458073495974423,0.025333373495974428,0.039082373495974425,-0.07129332650402656,EXIT,SUPPRESSED: eligibility snapshot time unpublished,,2026-09-16T23:27:40.187038+00:00,ticker_only,2026-09-17T04:27:30.024688+00:00,ticker_only,exnight-strategy-v1
rCLOI-2026-08-03-1,rCLOI,RCLOIUSDT,2026-08-03,1000,0.21529999,0.150709993,0.150709993,0.21529999,False,GROSS,2,52.9,52.949,OBSERVED p_pre,0.0005,DOCUMENTED promotional 0.05% through 2026-08-31,-0.22758942069620852,0.0,REALISED premarket_0400 PDR,,,,,,,,NO_SIGNAL,SUPPRESSED: eligibility snapshot time unpublished,"sell: $1,000 exceeds visible top-of-book ($582) on ticker-only symbol",2026-09-16T23:27:40.187038+00:00,ticker_only,2026-09-17T04:27:30.024688+00:00,ticker_only,exnight-strategy-v1
rCLOI-2026-08-03-1,rCLOI,RCLOIUSDT,2026-08-03,5000,0.21529999,0.150709993,0.150709993,0.21529999,False,GROSS,2,52.9,52.949,OBSERVED p_pre,0.0005,DOCUMENTED promotional 0.05% through 2026-08-31,-0.22758942069620852,0.0,REALISED premarket_0400 PDR,,,,,,,,NO_SIGNAL,SUPPRESSED: eligibility snapshot time unpublished,"sell: $5,000 exceeds visible top-of-book ($582) on ticker-only symbol",2026-09-16T23:27:40.187038+00:00,ticker_only,2026-09-17T04:27:30.024688+00:00,ticker_only,exnight-strategy-v1
rCLOI-2026-08-03-1,rCLOI,RCLOIUSDT,2026-08-03,25000,0.21529999,0.150709993,0.150709993,0.21529999,False,GROSS,2,52.9,52.949,OBSERVED p_pre,0.0005,DOCUMENTED promotional 0.05% through 2026-08-31,-0.22758942069620852,0.0,REALISED premarket_0400 PDR,,,,,,,,NO_SIGNAL,SUPPRESSED: eligibility snapshot time unpublished,"sell: $25,000 exceeds visible top-of-book ($582) on ticker-only symbol; buy: $25,000 exceeds visible top-of-book ($5,750) on ticker-only symbol",2026-09-16T23:27:40.187038+00:00,ticker_only,2026-09-17T04:27:30.024688+00:00,ticker_only,exnight-strategy-v1
rHYS-2026-08-03-1,rHYS,RHYSUSDT,2026-08-03,1000,0.55000001,0.385000007,0.385000007,0.55000001,False,GROSS,2,92.785,92.757,OBSERVED p_pre,0.0005,DOCUMENTED promotional 0.05% through 2026-08-31,0.050909089983455794,0.0,REALISED premarket_0400 PDR,,,,,,,,NO_SIGNAL,SUPPRESSED: eligibility snapshot time unpublished,"sell: $1,000 exceeds visible top-of-book ($91) on ticker-only symbol",2026-09-16T23:27:40.187038+00:00,ticker_only,2026-09-17T04:27:30.024688+00:00,ticker_only,exnight-strategy-v1
rHYS-2026-08-03-1,rHYS,RHYSUSDT,2026-08-03,5000,0.55000001,0.385000007,0.385000007,0.55000001,False,GROSS,2,92.785,92.757,OBSERVED p_pre,0.0005,DOCUMENTED promotional 0.05% through 2026-08-31,0.050909089983455794,0.0,REALISED premarket_0400 PDR,,,,,,,,NO_SIGNAL,SUPPRESSED: eligibility snapshot time unpublished,"sell: $5,000 exceeds visible top-of-book ($91) on ticker-only symbol",2026-09-16T23:27:40.187038+00:00,ticker_only,2026-09-17T04:27:30.024688+00:00,ticker_only,exnight-strategy-v1
rHYS-2026-08-03-1,rHYS,RHYSUSDT,2026-08-03,25000,0.55000001,0.385000007,0.385000007,0.55000001,False,GROSS,2,92.785,92.757,OBSERVED p_pre,0.0005,DOCUMENTED promotional 0.05% through 2026-08-31,0.050909089983455794,0.0,REALISED premarket_0400 PDR,,,,,,,,NO_SIGNAL,SUPPRESSED: eligibility snapshot time unpublished,"sell: $25,000 exceeds visible top-of-book ($91) on ticker-only symbol; buy: $25,000 exceeds visible top-of-book ($11,217) on ticker-only symbol",2026-09-16T23:27:40.187038+00:00,ticker_only,2026-09-17T04:27:30.024688+00:00,ticker_only,exnight-strategy-v1
rSATA-2026-08-03-1,rSATA,RSATAUSDT,2026-08-03,1000,0.0516,0.03612,0.03612,0.0516,False,GROSS,2,96.975,96.462,OBSERVED p_pre,0.0005,DOCUMENTED promotional 0.05% through 2026-08-31,9.941860465116106,0.0,REALISED premarket_0400 PDR,0.10639131858866967,0.37048868141132135,0.37048868141132135,0.37048868141132135,0.35500868141132136,0.40660868141132134,-0.5832713185886607,EXIT,SUPPRESSED: eligibility snapshot time unpublished,,2026-09-16T23:27:40.187038+00:00,ticker_only,2026-09-17T04:27:30.024688+00:00,ticker_only,exnight-strategy-v1
rSATA-2026-08-03-1,rSATA,RSATAUSDT,2026-08-03,5000,0.0516,0.03612,0.03612,0.0516,False,GROSS,2,96.975,96.462,OBSERVED p_pre,0.0005,DOCUMENTED promotional 0.05% through 2026-08-31,9.941860465116106,0.0,REALISED premarket_0400 PDR,,,,,,,,NO_SIGNAL,SUPPRESSED: eligibility snapshot time unpublished,"buy: $5,000 exceeds visible top-of-book ($1,000) on ticker-only symbol",2026-09-16T23:27:40.187038+00:00,ticker_only,2026-09-17T04:27:30.024688+00:00,ticker_only,exnight-strategy-v1
rSATA-2026-08-03-1,rSATA,RSATAUSDT,2026-08-03,25000,0.0516,0.03612,0.03612,0.0516,False,GROSS,2,96.975,96.462,OBSERVED p_pre,0.0005,DOCUMENTED promotional 0.05% through 2026-08-31,9.941860465116106,0.0,REALISED premarket_0400 PDR,,,,,,,,NO_SIGNAL,SUPPRESSED: eligibility snapshot time unpublished,"sell: $25,000 exceeds visible top-of-book ($19,996) on ticker-only symbol; buy: $25,000 exceeds visible top-of-book ($1,000) on ticker-only symbol",2026-09-16T23:27:40.187038+00:00,ticker_only,2026-09-17T04:27:30.024688+00:00,ticker_only,exnight-strategy-v1
rSGOV-2026-08-03-1,rSGOV,RSGOVUSDT,2026-08-03,1000,0.30681199,0.214768393,0.21476839299999997,0.30681199,False,GROSS,2,100.715,100.44,OBSERVED p_pre,0.0005,DOCUMENTED promotional 0.05% through 2026-08-31,0.8963143845845324,0.0,REALISED premarket_0400 PDR,0.21749686136449836,-0.15726525436449268,-0.15726525436449268,-0.15726525436449265,-0.24930885136449266,0.05750313863550732,-0.27772846836450404,HOLD,SUPPRESSED: eligibility snapshot time unpublished,,2026-09-16T23:27:40.187038+00:00,public_book,2026-09-17T04:27:30.024688+00:00,public_book,exnight-strategy-v1
rSGOV-2026-08-03-1,rSGOV,RSGOVUSDT,2026-08-03,5000,0.30681199,0.214768393,0.21476839299999997,0.30681199,False,GROSS,2,100.715,100.44,OBSERVED p_pre,0.0005,DOCUMENTED promotional 0.05% through 2026-08-31,0.8963143845845324,0.0,REALISED premarket_0400 PDR,0.36407577073946584,-0.30384416373946016,-0.30384416373946016,-0.3038441637394601,-0.39588776073946014,-0.08907577073946016,-0.4243073777394715,HOLD,SUPPRESSED: eligibility snapshot time unpublished,,2026-09-16T23:27:40.187038+00:00,public_book,2026-09-17T04:27:30.024688+00:00,public_book,exnight-strategy-v1
rSGOV-2026-08-03-1,rSGOV,RSGOVUSDT,2026-08-03,25000,0.30681199,0.214768393,0.21476839299999997,0.30681199,False,GROSS,2,100.715,100.44,OBSERVED p_pre,0.0005,DOCUMENTED promotional 0.05% through 2026-08-31,0.8963143845845324,0.0,REALISED premarket_0400 PDR,0.8475763838979082,-0.7873447768979025,-0.7873447768979025,-0.7873447768979025,-0.8793883738979025,-0.5725763838979026,-0.907807990897914,HOLD,SUPPRESSED: eligibility snapshot time unpublished,,2026-09-16T23:27:40.187038+00:00,public_book,2026-09-17T04:27:30.024688+00:00,public_book,exnight-strategy-v1
rTLT-2026-08-03-1,rTLT,RTLTUSDT,2026-08-03,1000,0.33045399,0.231317793,0.23131779299999997,0.33045399,False,GROSS,2,82.035,82.18,OBSERVED p_pre,0.0005,DOCUMENTED promotional 0.05% through 2026-08-31,-0.4387902836337677,0.0,REALISED premarket_0400 PDR,0.21518637641065,-0.5915041694106602,-0.5915041694106602,-0.5915041694106602,-0.6906403664106602,-0.3601863764106602,0.16113141658936023,HOLD,SUPPRESSED: eligibility snapshot time unpublished,,2026-09-16T23:27:40.187038+00:00,public_book,2026-09-17T04:27:30.024688+00:00,public_book,exnight-strategy-v1
rTLT-2026-08-03-1,rTLT,RTLTUSDT,2026-08-03,5000,0.33045399,0.231317793,0.23131779299999997,0.33045399,False,GROSS,2,82.035,82.18,OBSERVED p_pre,0.0005,DOCUMENTED promotional 0.05% through 2026-08-31,-0.4387902836337677,0.0,REALISED premarket_0400 PDR,0.43035503500195404,-0.8066728280019643,-0.8066728280019643,-0.8066728280019643,-0.9058090250019643,-0.5753550350019643,-0.05403724200194382,HOLD,SUPPRESSED: eligibility snapshot time unpublished,,2026-09-16T23:27:40.187038+00:00,public_book,2026-09-17T04:27:30.024688+00:00,public_book,exnight-strategy-v1
rTLT-2026-08-03-1,rTLT,RTLTUSDT,2026-08-03,25000,0.33045399,0.231317793,0.23131779299999997,0.33045399,False,GROSS,2,82.035,82.18,OBSERVED p_pre,0.0005,DOCUMENTED promotional 0.05% through 2026-08-31,-0.4387902836337677,0.0,REALISED premarket_0400 PDR,0.8106120443602484,-1.1869298373602586,-1.1869298373602586,-1.1869298373602586,-1.2860660343602586,-0.9556120443602586,-0.43429425136023814,HOLD,SUPPRESSED: eligibility snapshot time unpublished,,2026-09-16T23:27:40.187038+00:00,public_book,2026-09-17T04:27:30.024688+00:00,public_book,exnight-strategy-v1
rSATA-2026-08-04-1,rSATA,RSATAUSDT,2026-08-04,1000,0.0516,0.03612,0.03612,0.0516,False,GROSS,2,97.399,97.4,OBSERVED p_pre,0.0005,DOCUMENTED promotional 0.05% through 2026-08-31,-0.019379844961332847,0.0,REALISED premarket_0400 PDR,0.10714042411426399,-0.14426042411426876,-0.14426042411426876,-0.14426042411426876,-0.15974042411426875,-0.10814042411426876,-0.07002042411425921,HOLD,SUPPRESSED: eligibility snapshot time unpublished,,2026-09-16T23:27:40.187038+00:00,ticker_only,2026-09-17T04:27:30.024688+00:00,ticker_only,exnight-strategy-v1
rSATA-2026-08-04-1,rSATA,RSATAUSDT,2026-08-04,5000,0.0516,0.03612,0.03612,0.0516,False,GROSS,2,97.399,97.4,OBSERVED p_pre,0.0005,DOCUMENTED promotional 0.05% through 2026-08-31,-0.019379844961332847,0.0,REALISED premarket_0400 PDR,,,,,,,,NO_SIGNAL,SUPPRESSED: eligibility snapshot time unpublished,"buy: $5,000 exceeds visible top-of-book ($1,000) on ticker-only symbol",2026-09-16T23:27:40.187038+00:00,ticker_only,2026-09-17T04:27:30.024688+00:00,ticker_only,exnight-strategy-v1
rSATA-2026-08-04-1,rSATA,RSATAUSDT,2026-08-04,25000,0.0516,0.03612,0.03612,0.0516,False,GROSS,2,97.399,97.4,OBSERVED p_pre,0.0005,DOCUMENTED promotional 0.05% through 2026-08-31,-0.019379844961332847,0.0,REALISED premarket_0400 PDR,,,,,,,,NO_SIGNAL,SUPPRESSED: eligibility snapshot time unpublished,"sell: $25,000 exceeds visible top-of-book ($19,996) on ticker-only symbol; buy: $25,000 exceeds visible top-of-book ($1,000) on ticker-only symbol",2026-09-16T23:27:40.187038+00:00,ticker_only,2026-09-17T04:27:30.024688+00:00,ticker_only,exnight-strategy-v1
rSATA-2026-08-05-1,rSATA,RSATAUSDT,2026-08-05,1000,0.0516,0.03612,0.03612,0.0516,False,GROSS,2,97.87,97.87,OBSERVED p_pre,0.0005,DOCUMENTED promotional 0.05% through 2026-08-31,0.0,0.0,REALISED premarket_0400 PDR,0.1076579788223527,-0.14377797882235271,-0.14377797882235271,-0.14377797882235271,-0.1592579788223527,-0.1076579788223527,-0.0715379788223527,HOLD,SUPPRESSED: eligibility snapshot time unpublished,,2026-09-16T23:27:40.187038+00:00,ticker_only,2026-09-17T04:27:30.024688+00:00,ticker_only,exnight-strategy-v1
rSATA-2026-08-05-1,rSATA,RSATAUSDT,2026-08-05,5000,0.0516,0.03612,0.03612,0.0516,False,GROSS,2,97.87,97.87,OBSERVED p_pre,0.0005,DOCUMENTED promotional 0.05% through 2026-08-31,0.0,0.0,REALISED premarket_0400 PDR,,,,,,,,NO_SIGNAL,SUPPRESSED: eligibility snapshot time unpublished,"buy: $5,000 exceeds visible top-of-book ($1,000) on ticker-only symbol",2026-09-16T23:27:40.187038+00:00,ticker_only,2026-09-17T04:27:30.024688+00:00,ticker_only,exnight-strategy-v1
rSATA-2026-08-05-1,rSATA,RSATAUSDT,2026-08-05,25000,0.0516,0.03612,0.03612,0.0516,False,GROSS,2,97.87,97.87,OBSERVED p_pre,0.0005,DOCUMENTED promotional 0.05% through 2026-08-31,0.0,0.0,REALISED premarket_0400 PDR,,,,,,,,NO_SIGNAL,SUPPRESSED: eligibility snapshot time unpublished,"sell: $25,000 exceeds visible top-of-book ($19,996) on ticker-only symbol; buy: $25,000 exceeds visible top-of-book ($1,000) on ticker-only symbol",2026-09-16T23:27:40.187038+00:00,ticker_only,2026-09-17T04:27:30.024688+00:00,ticker_only,exnight-strategy-v1
rSATA-2026-08-06-1,rSATA,RSATAUSDT,2026-08-06,1000,0.0516,0.03612,0.03612,0.0516,False,GROSS,2,98.225,98.225,OBSERVED p_pre,0.0005,DOCUMENTED promotional 0.05% through 2026-08-31,0.0,0.0,REALISED premarket_0400 PDR,0.10804848237279648,-0.14416848237279647,-0.14416848237279647,-0.14416848237279647,-0.15964848237279647,-0.10804848237279648,-0.07192848237279648,HOLD,SUPPRESSED: eligibility snapshot time unpublished,,2026-09-16T23:27:40.187038+00:00,ticker_only,2026-09-17T04:27:30.024688+00:00,ticker_only,exnight-strategy-v1
rSATA-2026-08-06-1,rSATA,RSATAUSDT,2026-08-06,5000,0.0516,0.03612,0.03612,0.0516,False,GROSS,2,98.225,98.225,OBSERVED p_pre,0.0005,DOCUMENTED promotional 0.05% through 2026-08-31,0.0,0.0,REALISED premarket_0400 PDR,,,,,,,,NO_SIGNAL,SUPPRESSED: eligibility snapshot time unpublished,"buy: $5,000 exceeds visible top-of-book ($1,000) on ticker-only symbol",2026-09-16T23:27:40.187038+00:00,ticker_only,2026-09-17T04:27:30.024688+00:00,ticker_only,exnight-strategy-v1
rSATA-2026-08-06-1,rSATA,RSATAUSDT,2026-08-06,25000,0.0516,0.03612,0.03612,0.0516,False,GROSS,2,98.225,98.225,OBSERVED p_pre,0.0005,DOCUMENTED promotional 0.05% through 2026-08-31,0.0,0.0,REALISED premarket_0400 PDR,,,,,,,,NO_SIGNAL,SUPPRESSED: eligibility snapshot time unpublished,"sell: $25,000 exceeds visible top-of-book ($19,996) on ticker-only symbol; buy: $25,000 exceeds visible top-of-book ($1,000) on ticker-only symbol",2026-09-16T23:27:40.187038+00:00,ticker_only,2026-09-17T04:27:30.024688+00:00,ticker_only,exnight-strategy-v1
rSATA-2026-08-07-1,rSATA,RSATAUSDT,2026-08-07,1000,0.0516,0.03612,0.03612,0.0516,False,GROSS,2,98.67,98.67,OBSERVED p_pre,0.0005,DOCUMENTED promotional 0.05% through 2026-08-31,0.0,0.0,REALISED premarket_0400 PDR,0.1085379868233528,-0.1446579868233528,-0.1446579868233528,-0.1446579868233528,-0.1601379868233528,-0.1085379868233528,-0.0724179868233528,HOLD,SUPPRESSED: eligibility snapshot time unpublished,,2026-09-16T23:27:40.187038+00:00,ticker_only,2026-09-17T04:27:30.024688+00:00,ticker_only,exnight-strategy-v1
rSATA-2026-08-07-1,rSATA,RSATAUSDT,2026-08-07,5000,0.0516,0.03612,0.03612,0.0516,False,GROSS,2,98.67,98.67,OBSERVED p_pre,0.0005,DOCUMENTED promotional 0.05% through 2026-08-31,0.0,0.0,REALISED premarket_0400 PDR,,,,,,,,NO_SIGNAL,SUPPRESSED: eligibility snapshot time unpublished,"buy: $5,000 exceeds visible top-of-book ($1,000) on ticker-only symbol",2026-09-16T23:27:40.187038+00:00,ticker_only,2026-09-17T04:27:30.024688+00:00,ticker_only,exnight-strategy-v1
rSATA-2026-08-07-1,rSATA,RSATAUSDT,2026-08-07,25000,0.0516,0.03612,0.03612,0.0516,False,GROSS,2,98.67,98.67,OBSERVED p_pre,0.0005,DOCUMENTED promotional 0.05% through 2026-08-31,0.0,0.0,REALISED premarket_0400 PDR,,,,,,,,NO_SIGNAL,SUPPRESSED: eligibility snapshot time unpublished,"sell: $25,000 exceeds visible top-of-book ($19,996) on ticker-only symbol; buy: $25,000 exceeds visible top-of-book ($1,000) on ticker-only symbol",2026-09-16T23:27:40.187038+00:00,ticker_only,2026-09-17T04:27:30.024688+00:00,ticker_only,exnight-strategy-v1
rSATA-2026-08-10-1,rSATA,RSATAUSDT,2026-08-10,1000,0.0516,0.03612,0.03612,0.0516,False,GROSS,2,98.424,98.425,OBSERVED p_pre,0.0005,DOCUMENTED promotional 0.05% through 2026-08-31,-0.019379844961057442,0.0,REALISED premarket_0400 PDR,0.1082679343655454,-0.14538793436553596,-0.14538793436553596,-0.14538793436553596,-0.16086793436553595,-0.10926793436553596,-0.07114793436555483,HOLD,SUPPRESSED: eligibility snapshot time unpublished,,2026-09-16T23:27:40.187038+00:00,ticker_only,2026-09-17T04:27:30.024688+00:00,ticker_only,exnight-strategy-v1
rSATA-2026-08-10-1,rSATA,RSATAUSDT,2026-08-10,5000,0.0516,0.03612,0.03612,0.0516,False,GROSS,2,98.424,98.425,OBSERVED p_pre,0.0005,DOCUMENTED promotional 0.05% through 2026-08-31,-0.019379844961057442,0.0,REALISED premarket_0400 PDR,,,,,,,,NO_SIGNAL,SUPPRESSED: eligibility snapshot time unpublished,"buy: $5,000 exceeds visible top-of-book ($1,000) on ticker-only symbol",2026-09-16T23:27:40.187038+00:00,ticker_only,2026-09-17T04:27:30.024688+00:00,ticker_only,exnight-strategy-v1
rSATA-2026-08-10-1,rSATA,RSATAUSDT,2026-08-10,25000,0.0516,0.03612,0.03612,0.0516,False,GROSS,2,98.424,98.425,OBSERVED p_pre,0.0005,DOCUMENTED promotional 0.05% through 2026-08-31,-0.019379844961057442,0.0,REALISED premarket_0400 PDR,,,,,,,,NO_SIGNAL,SUPPRESSED: eligibility snapshot time unpublished,"sell: $25,000 exceeds visible top-of-book ($19,996) on ticker-only symbol; buy: $25,000 exceeds visible top-of-book ($1,000) on ticker-only symbol",2026-09-16T23:27:40.187038+00:00,ticker_only,2026-09-17T04:27:30.024688+00:00,ticker_only,exnight-strategy-v1
rSATA-2026-08-11-1,rSATA,RSATAUSDT,2026-08-11,1000,0.0516,0.03612,0.03612,0.0516,False,GROSS,2,98.605,98.605,OBSERVED p_pre,0.0005,DOCUMENTED promotional 0.05% through 2026-08-31,0.0,0.0,REALISED premarket_0400 PDR,0.10846648617327156,-0.14458648617327158,-0.14458648617327158,-0.14458648617327158,-0.16006648617327157,-0.10846648617327156,-0.07234648617327157,HOLD,SUPPRESSED: eligibility snapshot time unpublished,,2026-09-16T23:27:40.187038+00:00,ticker_only,2026-09-17T04:27:30.024688+00:00,ticker_only,exnight-strategy-v1
rSATA-2026-08-11-1,rSATA,RSATAUSDT,2026-08-11,5000,0.0516,0.03612,0.03612,0.0516,False,GROSS,2,98.605,98.605,OBSERVED p_pre,0.0005,DOCUMENTED promotional 0.05% through 2026-08-31,0.0,0.0,REALISED premarket_0400 PDR,,,,,,,,NO_SIGNAL,SUPPRESSED: eligibility snapshot time unpublished,"buy: $5,000 exceeds visible top-of-book ($1,000) on ticker-only symbol",2026-09-16T23:27:40.187038+00:00,ticker_only,2026-09-17T04:27:30.024688+00:00,ticker_only,exnight-strategy-v1
rSATA-2026-08-11-1,rSATA,RSATAUSDT,2026-08-11,25000,0.0516,0.03612,0.03612,0.0516,False,GROSS,2,98.605,98.605,OBSERVED p_pre,0.0005,DOCUMENTED promotional 0.05% through 2026-08-31,0.0,0.0,REALISED premarket_0400 PDR,,,,,,,,NO_SIGNAL,SUPPRESSED: eligibility snapshot time unpublished,"sell: $25,000 exceeds visible top-of-book ($19,996) on ticker-only symbol; buy: $25,000 exceeds visible top-of-book ($1,000) on ticker-only symbol",2026-09-16T23:27:40.187038+00:00,ticker_only,2026-09-17T04:27:30.024688+00:00,ticker_only,exnight-strategy-v1
rSATA-2026-08-12-1,rSATA,RSATAUSDT,2026-08-12,1000,0.0516,0.03612,0.03612,0.0516,False,GROSS,2,99.07,99.079,OBSERVED p_pre,0.0005,DOCUMENTED promotional 0.05% through 2026-08-31,-0.1744186046511694,0.0,REALISED premarket_0400 PDR,0.10898294084635399,-0.15410294084635434,-0.15410294084635434,-0.15410294084635434,-0.16958294084635434,-0.11798294084635433,-0.06386294084635365,HOLD,SUPPRESSED: eligibility snapshot time unpublished,,2026-09-16T23:27:40.187038+00:00,ticker_only,2026-09-17T04:27:30.024688+00:00,ticker_only,exnight-strategy-v1
rSATA-2026-08-12-1,rSATA,RSATAUSDT,2026-08-12,5000,0.0516,0.03612,0.03612,0.0516,False,GROSS,2,99.07,99.079,OBSERVED p_pre,0.0005,DOCUMENTED promotional 0.05% through 2026-08-31,-0.1744186046511694,0.0,REALISED premarket_0400 PDR,,,,,,,,NO_SIGNAL,SUPPRESSED: eligibility snapshot time unpublished,"buy: $5,000 exceeds visible top-of-book ($1,000) on ticker-only symbol",2026-09-16T23:27:40.187038+00:00,ticker_only,2026-09-17T04:27:30.024688+00:00,ticker_only,exnight-strategy-v1
rSATA-2026-08-12-1,rSATA,RSATAUSDT,2026-08-12,25000,0.0516,0.03612,0.03612,0.0516,False,GROSS,2,99.07,99.079,OBSERVED p_pre,0.0005,DOCUMENTED promotional 0.05% through 2026-08-31,-0.1744186046511694,0.0,REALISED premarket_0400 PDR,,,,,,,,NO_SIGNAL,SUPPRESSED: eligibility snapshot time unpublished,"sell: $25,000 exceeds visible top-of-book ($19,996) on ticker-only symbol; buy: $25,000 exceeds visible top-of-book ($1,000) on ticker-only symbol",2026-09-16T23:27:40.187038+00:00,ticker_only,2026-09-17T04:27:30.024688+00:00,ticker_only,exnight-strategy-v1
rSATA-2026-08-13-1,rSATA,RSATAUSDT,2026-08-13,1000,0.0516,0.03612,0.03612,0.0516,False,GROSS,2,99.225,99.225,OBSERVED p_pre,0.0005,DOCUMENTED promotional 0.05% through 2026-08-31,0.0,0.0,REALISED premarket_0400 PDR,0.10914849237404664,-0.14526849237404665,-0.14526849237404665,-0.14526849237404665,-0.16074849237404665,-0.10914849237404664,-0.07302849237404664,HOLD,SUPPRESSED: eligibility snapshot time unpublished,,2026-09-16T23:27:40.187038+00:00,ticker_only,2026-09-17T04:27:30.024688+00:00,ticker_only,exnight-strategy-v1
rSATA-2026-08-13-1,rSATA,RSATAUSDT,2026-08-13,5000,0.0516,0.03612,0.03612,0.0516,False,GROSS,2,99.225,99.225,OBSERVED p_pre,0.0005,DOCUMENTED promotional 0.05% through 2026-08-31,0.0,0.0,REALISED premarket_0400 PDR,,,,,,,,NO_SIGNAL,SUPPRESSED: eligibility snapshot time unpublished,"buy: $5,000 exceeds visible top-of-book ($1,000) on ticker-only symbol",2026-09-16T23:27:40.187038+00:00,ticker_only,2026-09-17T04:27:30.024688+00:00,ticker_only,exnight-strategy-v1
rSATA-2026-08-13-1,rSATA,RSATAUSDT,2026-08-13,25000,0.0516,0.03612,0.03612,0.0516,False,GROSS,2,99.225,99.225,OBSERVED p_pre,0.0005,DOCUMENTED promotional 0.05% through 2026-08-31,0.0,0.0,REALISED premarket_0400 PDR,,,,,,,,NO_SIGNAL,SUPPRESSED: eligibility snapshot time unpublished,"sell: $25,000 exceeds visible top-of-book ($19,996) on ticker-only symbol; buy: $25,000 exceeds visible top-of-book ($1,000) on ticker-only symbol",2026-09-16T23:27:40.187038+00:00,ticker_only,2026-09-17T04:27:30.024688+00:00,ticker_only,exnight-strategy-v1
rSATA-2026-08-14-1,rSATA,RSATAUSDT,2026-08-14,1000,0.0516,0.03612,0.03612,0.0516,False,GROSS,2,99.47,99.47,OBSERVED p_pre,0.0005,DOCUMENTED promotional 0.05% through 2026-08-31,0.0,0.0,REALISED premarket_0400 PDR,0.10941799482435294,-0.14553799482435292,-0.14553799482435292,-0.14553799482435292,-0.16101799482435294,-0.10941799482435294,-0.07329799482435294,HOLD,SUPPRESSED: eligibility snapshot time unpublished,,2026-09-16T23:27:40.187038+00:00,ticker_only,2026-09-17T04:27:30.024688+00:00,ticker_only,exnight-strategy-v1
rSATA-2026-08-14-1,rSATA,RSATAUSDT,2026-08-14,5000,0.0516,0.03612,0.03612,0.0516,False,GROSS,2,99.47,99.47,OBSERVED p_pre,0.0005,DOCUMENTED promotional 0.05% through 2026-08-31,0.0,0.0,REALISED premarket_0400 PDR,,,,,,,,NO_SIGNAL,SUPPRESSED: eligibility snapshot time unpublished,"buy: $5,000 exceeds visible top-of-book ($1,000) on ticker-only symbol",2026-09-16T23:27:40.187038+00:00,ticker_only,2026-09-17T04:27:30.024688+00:00,ticker_only,exnight-strategy-v1
rSATA-2026-08-14-1,rSATA,RSATAUSDT,2026-08-14,25000,0.0516,0.03612,0.03612,0.0516,False,GROSS,2,99.47,99.47,OBSERVED p_pre,0.0005,DOCUMENTED promotional 0.05% through 2026-08-31,0.0,0.0,REALISED premarket_0400 PDR,,,,,,,,NO_SIGNAL,SUPPRESSED: eligibility snapshot time unpublished,"sell: $25,000 exceeds visible top-of-book ($19,996) on ticker-only symbol; buy: $25,000 exceeds visible top-of-book ($1,000) on ticker-only symbol",2026-09-16T23:27:40.187038+00:00,ticker_only,2026-09-17T04:27:30.024688+00:00,ticker_only,exnight-strategy-v1
rSTRC-2026-08-14-1,rSTRC,RSTRCUSDT,2026-08-14,1000,0.5,0.35,0.35,0.5,False,GROSS,2,95.88,95.605,OBSERVED p_pre,0.0005,DOCUMENTED promotional 0.05% through 2026-08-31,0.549999999999983,0.0,REALISED premarket_0400 PDR,0.1941683623071253,-0.2691683623071338,-0.2691683623071338,-0.2691683623071338,-0.41916836230713383,0.08083163769286617,-0.1191683623071168,HOLD,SUPPRESSED: eligibility snapshot time unpublished,,2026-09-16T23:27:40.187038+00:00,public_book,2026-09-17T04:27:30.024688+00:00,public_book,exnight-strategy-v1
rSTRC-2026-08-14-1,rSTRC,RSTRCUSDT,2026-08-14,5000,0.5,0.35,0.35,0.5,False,GROSS,2,95.88,95.605,OBSERVED p_pre,0.0005,DOCUMENTED promotional 0.05% through 2026-08-31,0.549999999999983,0.0,REALISED premarket_0400 PDR,0.3968542188010459,-0.4718542188010544,-0.4718542188010544,-0.4718542188010544,-0.6218542188010544,-0.1218542188010544,-0.3218542188010374,HOLD,SUPPRESSED: eligibility snapshot time unpublished,,2026-09-16T23:27:40.187038+00:00,public_book,2026-09-17T04:27:30.024688+00:00,public_book,exnight-strategy-v1
rSTRC-2026-08-14-1,rSTRC,RSTRCUSDT,2026-08-14,25000,0.5,0.35,0.35,0.5,False,GROSS,2,95.88,95.605,OBSERVED p_pre,0.0005,DOCUMENTED promotional 0.05% through 2026-08-31,0.549999999999983,0.0,REALISED premarket_0400 PDR,0.727864008260211,-0.8028640082602195,-0.8028640082602195,-0.8028640082602195,-0.9528640082602196,-0.45286400826021955,-0.6528640082602025,HOLD,SUPPRESSED: eligibility snapshot time unpublished,,2026-09-16T23:27:40.187038+00:00,public_book,2026-09-17T04:27:30.024688+00:00,public_book,exnight-strategy-v1
rSATA-2026-08-17-1,rSATA,RSATAUSDT,2026-08-17,1000,0.0516,0.03612,0.03612,0.0516,False,GROSS,2,99.445,99.25,OBSERVED p_pre,0.0005,DOCUMENTED promotional 0.05% through 2026-08-31,3.779069767441728,0.0,REALISED premarket_0400 PDR,0.1092832440867973,0.0495967559131959,0.0495967559131959,0.0495967559131959,0.03411675591319588,0.08571675591319589,-0.2681632440867905,EXIT,SUPPRESSED: eligibility snapshot time unpublished,,2026-09-16T23:27:40.187038+00:00,ticker_only,2026-09-17T04:27:30.024688+00:00,ticker_only,exnight-strategy-v1
rSATA-2026-08-17-1,rSATA,RSATAUSDT,2026-08-17,5000,0.0516,0.03612,0.03612,0.0516,False,GROSS,2,99.445,99.25,OBSERVED p_pre,0.0005,DOCUMENTED promotional 0.05% through 2026-08-31,3.779069767441728,0.0,REALISED premarket_0400 PDR,,,,,,,,NO_SIGNAL,SUPPRESSED: eligibility snapshot time unpublished,"buy: $5,000 exceeds visible top-of-book ($1,000) on ticker-only symbol",2026-09-16T23:27:40.187038+00:00,ticker_only,2026-09-17T04:27:30.024688+00:00,ticker_only,exnight-strategy-v1
rSATA-2026-08-17-1,rSATA,RSATAUSDT,2026-08-17,25000,0.0516,0.03612,0.03612,0.0516,False,GROSS,2,99.445,99.25,OBSERVED p_pre,0.0005,DOCUMENTED promotional 0.05% through 2026-08-31,3.779069767441728,0.0,REALISED premarket_0400 PDR,,,,,,,,NO_SIGNAL,SUPPRESSED: eligibility snapshot time unpublished,"sell: $25,000 exceeds visible top-of-book ($19,996) on ticker-only symbol; buy: $25,000 exceeds visible top-of-book ($1,000) on ticker-only symbol",2026-09-16T23:27:40.187038+00:00,ticker_only,2026-09-17T04:27:30.024688+00:00,ticker_only,exnight-strategy-v1
rSATA-2026-08-18-1,rSATA,RSATAUSDT,2026-08-18,1000,0.0516,0.03612,0.03612,0.0516,False,GROSS,2,99.36,99.011,OBSERVED p_pre,0.0005,DOCUMENTED promotional 0.05% through 2026-08-31,6.763565891472941,0.0,REALISED premarket_0400 PDR,0.10910504285167177,0.203774957148332,0.203774957148332,0.203774957148332,0.188294957148332,0.23989495714833198,-0.42198504285167554,EXIT,SUPPRESSED: eligibility snapshot time unpublished,,2026-09-16T23:27:40.187038+00:00,ticker_only,2026-09-17T04:27:30.024688+00:00,ticker_only,exnight-strategy-v1
rSATA-2026-08-18-1,rSATA,RSATAUSDT,2026-08-18,5000,0.0516,0.03612,0.03612,0.0516,False,GROSS,2,99.36,99.011,OBSERVED p_pre,0.0005,DOCUMENTED promotional 0.05% through 2026-08-31,6.763565891472941,0.0,REALISED premarket_0400 PDR,,,,,,,,NO_SIGNAL,SUPPRESSED: eligibility snapshot time unpublished,"buy: $5,000 exceeds visible top-of-book ($1,000) on ticker-only symbol",2026-09-16T23:27:40.187038+00:00,ticker_only,2026-09-17T04:27:30.024688+00:00,ticker_only,exnight-strategy-v1
rSATA-2026-08-18-1,rSATA,RSATAUSDT,2026-08-18,25000,0.0516,0.03612,0.03612,0.0516,False,GROSS,2,99.36,99.011,OBSERVED p_pre,0.0005,DOCUMENTED promotional 0.05% through 2026-08-31,6.763565891472941,0.0,REALISED premarket_0400 PDR,,,,,,,,NO_SIGNAL,SUPPRESSED: eligibility snapshot time unpublished,"sell: $25,000 exceeds visible top-of-book ($19,996) on ticker-only symbol; buy: $25,000 exceeds visible top-of-book ($1,000) on ticker-only symbol",2026-09-16T23:27:40.187038+00:00,ticker_only,2026-09-17T04:27:30.024688+00:00,ticker_only,exnight-strategy-v1
rSATA-2026-08-19-1,rSATA,RSATAUSDT,2026-08-19,1000,0.0516,0.03612,0.03612,0.0516,False,GROSS,2,99.55,99.55,OBSERVED p_pre,0.0005,DOCUMENTED promotional 0.05% through 2026-08-31,0.0,0.0,REALISED premarket_0400 PDR,0.10950599562445294,-0.14562599562445294,-0.14562599562445294,-0.14562599562445294,-0.16110599562445294,-0.10950599562445294,-0.07338599562445294,HOLD,SUPPRESSED: eligibility snapshot time unpublished,,2026-09-16T23:27:40.187038+00:00,ticker_only,2026-09-17T04:27:30.024688+00:00,ticker_only,exnight-strategy-v1
rSATA-2026-08-19-1,rSATA,RSATAUSDT,2026-08-19,5000,0.0516,0.03612,0.03612,0.0516,False,GROSS,2,99.55,99.55,OBSERVED p_pre,0.0005,DOCUMENTED promotional 0.05% through 2026-08-31,0.0,0.0,REALISED premarket_0400 PDR,,,,,,,,NO_SIGNAL,SUPPRESSED: eligibility snapshot time unpublished,"buy: $5,000 exceeds visible top-of-book ($1,000) on ticker-only symbol",2026-09-16T23:27:40.187038+00:00,ticker_only,2026-09-17T04:27:30.024688+00:00,ticker_only,exnight-strategy-v1
rSATA-2026-08-19-1,rSATA,RSATAUSDT,2026-08-19,25000,0.0516,0.03612,0.03612,0.0516,False,GROSS,2,99.55,99.55,OBSERVED p_pre,0.0005,DOCUMENTED promotional 0.05% through 2026-08-31,0.0,0.0,REALISED premarket_0400 PDR,,,,,,,,NO_SIGNAL,SUPPRESSED: eligibility snapshot time unpublished,"sell: $25,000 exceeds visible top-of-book ($19,996) on ticker-only symbol; buy: $25,000 exceeds visible top-of-book ($1,000) on ticker-only symbol",2026-09-16T23:27:40.187038+00:00,ticker_only,2026-09-17T04:27:30.024688+00:00,ticker_only,exnight-strategy-v1
rSATA-2026-08-20-1,rSATA,RSATAUSDT,2026-08-20,1000,0.0516,0.03612,0.03612,0.0516,False,GROSS,2,99.785,99.506,OBSERVED p_pre,0.0005,DOCUMENTED promotional 0.05% through 2026-08-31,5.406976744185976,0.0,REALISED premarket_0400 PDR,0.10961104727721184,0.13326895272278455,0.13326895272278455,0.13326895272278455,0.11778895272278452,0.16938895272278454,-0.3524910472772082,EXIT,SUPPRESSED: eligibility snapshot time unpublished,,2026-09-16T23:27:40.187038+00:00,ticker_only,2026-09-17T04:27:30.024688+00:00,ticker_only,exnight-strategy-v1
rSATA-2026-08-20-1,rSATA,RSATAUSDT,2026-08-20,5000,0.0516,0.03612,0.03612,0.0516,False,GROSS,2,99.785,99.506,OBSERVED p_pre,0.0005,DOCUMENTED promotional 0.05% through 2026-08-31,5.406976744185976,0.0,REALISED premarket_0400 PDR,,,,,,,,NO_SIGNAL,SUPPRESSED: eligibility snapshot time unpublished,"buy: $5,000 exceeds visible top-of-book ($1,000) on ticker-only symbol",2026-09-16T23:27:40.187038+00:00,ticker_only,2026-09-17T04:27:30.024688+00:00,ticker_only,exnight-strategy-v1
rSATA-2026-08-20-1,rSATA,RSATAUSDT,2026-08-20,25000,0.0516,0.03612,0.03612,0.0516,False,GROSS,2,99.785,99.506,OBSERVED p_pre,0.0005,DOCUMENTED promotional 0.05% through 2026-08-31,5.406976744185976,0.0,REALISED premarket_0400 PDR,,,,,,,,NO_SIGNAL,SUPPRESSED: eligibility snapshot time unpublished,"sell: $25,000 exceeds visible top-of-book ($19,996) on ticker-only symbol; buy: $25,000 exceeds visible top-of-book ($1,000) on ticker-only symbol",2026-09-16T23:27:40.187038+00:00,ticker_only,2026-09-17T04:27:30.024688+00:00,ticker_only,exnight-strategy-v1
rSATA-2026-08-21-1,rSATA,RSATAUSDT,2026-08-21,1000,0.0516,0.03612,0.03612,0.0516,False,GROSS,2,99.9,99.9,OBSERVED p_pre,0.0005,DOCUMENTED promotional 0.05% through 2026-08-31,0.0,0.0,REALISED premarket_0400 PDR,0.10989099912489049,-0.1460109991248905,-0.1460109991248905,-0.1460109991248905,-0.16149099912489048,-0.10989099912489049,-0.07377099912489049,HOLD,SUPPRESSED: eligibility snapshot time unpublished,,2026-09-16T23:27:40.187038+00:00,ticker_only,2026-09-17T04:27:30.024688+00:00,ticker_only,exnight-strategy-v1
rSATA-2026-08-21-1,rSATA,RSATAUSDT,2026-08-21,5000,0.0516,0.03612,0.03612,0.0516,False,GROSS,2,99.9,99.9,OBSERVED p_pre,0.0005,DOCUMENTED promotional 0.05% through 2026-08-31,0.0,0.0,REALISED premarket_0400 PDR,,,,,,,,NO_SIGNAL,SUPPRESSED: eligibility snapshot time unpublished,"buy: $5,000 exceeds visible top-of-book ($1,000) on ticker-only symbol",2026-09-16T23:27:40.187038+00:00,ticker_only,2026-09-17T04:27:30.024688+00:00,ticker_only,exnight-strategy-v1
rSATA-2026-08-21-1,rSATA,RSATAUSDT,2026-08-21,25000,0.0516,0.03612,0.03612,0.0516,False,GROSS,2,99.9,99.9,OBSERVED p_pre,0.0005,DOCUMENTED promotional 0.05% through 2026-08-31,0.0,0.0,REALISED premarket_0400 PDR,,,,,,,,NO_SIGNAL,SUPPRESSED: eligibility snapshot time unpublished,"sell: $25,000 exceeds visible top-of-book ($19,996) on ticker-only symbol; buy: $25,000 exceeds visible top-of-book ($1,000) on ticker-only symbol",2026-09-16T23:27:40.187038+00:00,ticker_only,2026-09-17T04:27:30.024688+00:00,ticker_only,exnight-strategy-v1
rSATA-2026-08-24-1,rSATA,RSATAUSDT,2026-08-24,1000,0.0516,0.03612,0.03612,0.0516,False,GROSS,2,100.005,99.977,OBSERVED p_pre,0.0005,DOCUMENTED promotional 0.05% through 2026-08-31,0.5426356589145657,0.0,REALISED premarket_0400 PDR,0.10999110010501827,-0.11811110010502668,-0.11811110010502668,-0.11811110010502668,-0.13359110010502667,-0.08199110010502668,-0.10187110010500985,HOLD,SUPPRESSED: eligibility snapshot time unpublished,,2026-09-16T23:27:40.187038+00:00,ticker_only,2026-09-17T04:27:30.024688+00:00,ticker_only,exnight-strategy-v1
rSATA-2026-08-24-1,rSATA,RSATAUSDT,2026-08-24,5000,0.0516,0.03612,0.03612,0.0516,False,GROSS,2,100.005,99.977,OBSERVED p_pre,0.0005,DOCUMENTED promotional 0.05% through 2026-08-31,0.5426356589145657,0.0,REALISED premarket_0400 PDR,,,,,,,,NO_SIGNAL,SUPPRESSED: eligibility snapshot time unpublished,"buy: $5,000 exceeds visible top-of-book ($1,000) on ticker-only symbol",2026-09-16T23:27:40.187038+00:00,ticker_only,2026-09-17T04:27:30.024688+00:00,ticker_only,exnight-strategy-v1
rSATA-2026-08-24-1,rSATA,RSATAUSDT,2026-08-24,25000,0.0516,0.03612,0.03612,0.0516,False,GROSS,2,100.005,99.977,OBSERVED p_pre,0.0005,DOCUMENTED promotional 0.05% through 2026-08-31,0.5426356589145657,0.0,REALISED premarket_0400 PDR,,,,,,,,NO_SIGNAL,SUPPRESSED: eligibility snapshot time unpublished,"sell: $25,000 exceeds visible top-of-book ($19,996) on ticker-only symbol; buy: $25,000 exceeds visible top-of-book ($1,000) on ticker-only symbol",2026-09-16T23:27:40.187038+00:00,ticker_only,2026-09-17T04:27:30.024688+00:00,ticker_only,exnight-strategy-v1
rSATA-2026-08-25-1,rSATA,RSATAUSDT,2026-08-25,1000,0.0516,0.03612,0.03612,0.0516,False,GROSS,2,100.005,100.005,OBSERVED p_pre,0.0005,DOCUMENTED promotional 0.05% through 2026-08-31,0.0,0.0,REALISED premarket_0400 PDR,0.11000650017502177,-0.14612650017502177,-0.14612650017502177,-0.14612650017502177,-0.16160650017502176,-0.11000650017502177,-0.07388650017502177,HOLD,SUPPRESSED: eligibility snapshot time unpublished,,2026-09-16T23:27:40.187038+00:00,ticker_only,2026-09-17T04:27:30.024688+00:00,ticker_only,exnight-strategy-v1
rSATA-2026-08-25-1,rSATA,RSATAUSDT,2026-08-25,5000,0.0516,0.03612,0.03612,0.0516,False,GROSS,2,100.005,100.005,OBSERVED p_pre,0.0005,DOCUMENTED promotional 0.05% through 2026-08-31,0.0,0.0,REALISED premarket_0400 PDR,,,,,,,,NO_SIGNAL,SUPPRESSED: eligibility snapshot time unpublished,"buy: $5,000 exceeds visible top-of-book ($1,000) on ticker-only symbol",2026-09-16T23:27:40.187038+00:00,ticker_only,2026-09-17T04:27:30.024688+00:00,ticker_only,exnight-strategy-v1
rSATA-2026-08-25-1,rSATA,RSATAUSDT,2026-08-25,25000,0.0516,0.03612,0.03612,0.0516,False,GROSS,2,100.005,100.005,OBSERVED p_pre,0.0005,DOCUMENTED promotional 0.05% through 2026-08-31,0.0,0.0,REALISED premarket_0400 PDR,,,,,,,,NO_SIGNAL,SUPPRESSED: eligibility snapshot time unpublished,"sell: $25,000 exceeds visible top-of-book ($19,996) on ticker-only symbol; buy: $25,000 exceeds visible top-of-book ($1,000) on ticker-only symbol",2026-09-16T23:27:40.187038+00:00,ticker_only,2026-09-17T04:27:30.024688+00:00,ticker_only,exnight-strategy-v1
rDGRW-2026-08-26-1,rDGRW,RDGRWUSDT,2026-08-26,1000,0.055,0.0385,0.0385,0.055,False,GROSS,2,100.989,99.446,OBSERVED p_pre,0.0005,DOCUMENTED promotional 0.05% through 2026-08-31,28.054545454545572,0.0,REALISED premarket_0400 PDR,1.0874202003841906,0.41707979961581576,0.41707979961581576,0.41707979961581576,0.4005797996158158,0.45557979961581574,-2.5919202003841972,EXIT,SUPPRESSED: eligibility snapshot time unpublished,,2026-09-16T23:27:40.187038+00:00,ticker_only,2026-09-17T04:27:30.024688+00:00,ticker_only,exnight-strategy-v1
rDGRW-2026-08-26-1,rDGRW,RDGRWUSDT,2026-08-26,5000,0.055,0.0385,0.0385,0.055,False,GROSS,2,100.989,99.446,OBSERVED p_pre,0.0005,DOCUMENTED promotional 0.05% through 2026-08-31,28.054545454545572,0.0,REALISED premarket_0400 PDR,1.0874202003841906,0.41707979961581576,0.41707979961581576,0.41707979961581576,0.4005797996158158,0.45557979961581574,-2.5919202003841972,EXIT,SUPPRESSED: eligibility snapshot time unpublished,,2026-09-16T23:27:40.187038+00:00,ticker_only,2026-09-17T04:27:30.024688+00:00,ticker_only,exnight-strategy-v1
rDGRW-2026-08-26-1,rDGRW,RDGRWUSDT,2026-08-26,25000,0.055,0.0385,0.0385,0.055,False,GROSS,2,100.989,99.446,OBSERVED p_pre,0.0005,DOCUMENTED promotional 0.05% through 2026-08-31,28.054545454545572,0.0,REALISED premarket_0400 PDR,1.0874202003841906,0.41707979961581576,0.41707979961581576,0.41707979961581576,0.4005797996158158,0.45557979961581574,-2.5919202003841972,EXIT,SUPPRESSED: eligibility snapshot time unpublished,,2026-09-16T23:27:40.187038+00:00,ticker_only,2026-09-17T04:27:30.024688+00:00,ticker_only,exnight-strategy-v1
rSATA-2026-08-26-1,rSATA,RSATAUSDT,2026-08-26,1000,0.0516,0.03612,0.03612,0.0516,False,GROSS,2,100.005,99.351,OBSERVED p_pre,0.0005,DOCUMENTED promotional 0.05% through 2026-08-31,12.674418604651093,0.0,REALISED premarket_0400 PDR,0.10964679853994,0.5082332014600563,0.5082332014600563,0.5082332014600563,0.4927532014600564,0.5443532014600564,-0.7275267985399363,EXIT,SUPPRESSED: eligibility snapshot time unpublished,,2026-09-16T23:27:40.187038+00:00,ticker_only,2026-09-17T04:27:30.024688+00:00,ticker_only,exnight-strategy-v1
rSATA-2026-08-26-1,rSATA,RSATAUSDT,2026-08-26,5000,0.0516,0.03612,0.03612,0.0516,False,GROSS,2,100.005,99.351,OBSERVED p_pre,0.0005,DOCUMENTED promotional 0.05% through 2026-08-31,12.674418604651093,0.0,REALISED premarket_0400 PDR,,,,,,,,NO_SIGNAL,SUPPRESSED: eligibility snapshot time unpublished,"buy: $5,000 exceeds visible top-of-book ($1,000) on ticker-only symbol",2026-09-16T23:27:40.187038+00:00,ticker_only,2026-09-17T04:27:30.024688+00:00,ticker_only,exnight-strategy-v1
rSATA-2026-08-26-1,rSATA,RSATAUSDT,2026-08-26,25000,0.0516,0.03612,0.03612,0.0516,False,GROSS,2,100.005,99.351,OBSERVED p_pre,0.0005,DOCUMENTED promotional 0.05% through 2026-08-31,12.674418604651093,0.0,REALISED premarket_0400 PDR,,,,,,,,NO_SIGNAL,SUPPRESSED: eligibility snapshot time unpublished,"sell: $25,000 exceeds visible top-of-book ($19,996) on ticker-only symbol; buy: $25,000 exceeds visible top-of-book ($1,000) on ticker-only symbol",2026-09-16T23:27:40.187038+00:00,ticker_only,2026-09-17T04:27:30.024688+00:00,ticker_only,exnight-strategy-v1
rSATA-2026-08-27-1,rSATA,RSATAUSDT,2026-08-27,1000,0.0516,0.03612,0.03612,0.0516,False,GROSS,2,100.005,100.005,OBSERVED p_pre,0.0005,DOCUMENTED promotional 0.05% through 2026-08-31,0.0,0.0,REALISED premarket_0400 PDR,0.11000650017502177,-0.14612650017502177,-0.14612650017502177,-0.14612650017502177,-0.16160650017502176,-0.11000650017502177,-0.07388650017502177,HOLD,SUPPRESSED: eligibility snapshot time unpublished,,2026-09-16T23:27:40.187038+00:00,ticker_only,2026-09-17T04:27:30.024688+00:00,ticker_only,exnight-strategy-v1
rSATA-2026-08-27-1,rSATA,RSATAUSDT,2026-08-27,5000,0.0516,0.03612,0.03612,0.0516,False,GROSS,2,100.005,100.005,OBSERVED p_pre,0.0005,DOCUMENTED promotional 0.05% through 2026-08-31,0.0,0.0,REALISED premarket_0400 PDR,,,,,,,,NO_SIGNAL,SUPPRESSED: eligibility snapshot time unpublished,"buy: $5,000 exceeds visible top-of-book ($1,000) on ticker-only symbol",2026-09-16T23:27:40.187038+00:00,ticker_only,2026-09-17T04:27:30.024688+00:00,ticker_only,exnight-strategy-v1
rSATA-2026-08-27-1,rSATA,RSATAUSDT,2026-08-27,25000,0.0516,0.03612,0.03612,0.0516,False,GROSS,2,100.005,100.005,OBSERVED p_pre,0.0005,DOCUMENTED promotional 0.05% through 2026-08-31,0.0,0.0,REALISED premarket_0400 PDR,,,,,,,,NO_SIGNAL,SUPPRESSED: eligibility snapshot time unpublished,"sell: $25,000 exceeds visible top-of-book ($19,996) on ticker-only symbol; buy: $25,000 exceeds visible top-of-book ($1,000) on ticker-only symbol",2026-09-16T23:27:40.187038+00:00,ticker_only,2026-09-17T04:27:30.024688+00:00,ticker_only,exnight-strategy-v1
rSATA-2026-08-28-1,rSATA,RSATAUSDT,2026-08-28,1000,0.0516,0.03612,0.03612,0.0516,False,GROSS,2,100.005,99.578,OBSERVED p_pre,0.0005,DOCUMENTED promotional 0.05% through 2026-08-31,8.275193798449466,0.0,REALISED premarket_0400 PDR,0.10977164910746838,0.28110835089252406,0.28110835089252406,0.28110835089252406,0.26562835089252407,0.31722835089252405,-0.5006516491074608,EXIT,SUPPRESSED: eligibility snapshot time unpublished,,2026-09-16T23:27:40.187038+00:00,ticker_only,2026-09-17T04:27:30.024688+00:00,ticker_only,exnight-strategy-v1
rSATA-2026-08-28-1,rSATA,RSATAUSDT,2026-08-28,5000,0.0516,0.03612,0.03612,0.0516,False,GROSS,2,100.005,99.578,OBSERVED p_pre,0.0005,DOCUMENTED promotional 0.05% through 2026-08-31,8.275193798449466,0.0,REALISED premarket_0400 PDR,,,,,,,,NO_SIGNAL,SUPPRESSED: eligibility snapshot time unpublished,"buy: $5,000 exceeds visible top-of-book ($1,000) on ticker-only symbol",2026-09-16T23:27:40.187038+00:00,ticker_only,2026-09-17T04:27:30.024688+00:00,ticker_only,exnight-strategy-v1
rSATA-2026-08-28-1,rSATA,RSATAUSDT,2026-08-28,25000,0.0516,0.03612,0.03612,0.0516,False,GROSS,2,100.005,99.578,OBSERVED p_pre,0.0005,DOCUMENTED promotional 0.05% through 2026-08-31,8.275193798449466,0.0,REALISED premarket_0400 PDR,,,,,,,,NO_SIGNAL,SUPPRESSED: eligibility snapshot time unpublished,"sell: $25,000 exceeds visible top-of-book ($19,996) on ticker-only symbol; buy: $25,000 exceeds visible top-of-book ($1,000) on ticker-only symbol",2026-09-16T23:27:40.187038+00:00,ticker_only,2026-09-17T04:27:30.024688+00:00,ticker_only,exnight-strategy-v1
rSATA-2026-08-31-1,rSATA,RSATAUSDT,2026-08-31,1000,0.0516,0.03612,0.03612,0.0516,False,GROSS,2,99.7,98.546,OBSERVED p_pre,0.0005,DOCUMENTED promotional 0.05% through 2026-08-31,22.364341085271246,0.0,REALISED premarket_0400 PDR,0.10903629423949618,1.0088437057605002,1.0088437057605002,1.0088437057605002,0.9933637057605,1.0449637057605001,-1.2269162942394927,EXIT,SUPPRESSED: eligibility snapshot time unpublished,,2026-09-16T23:27:40.187038+00:00,ticker_only,2026-09-17T04:27:30.024688+00:00,ticker_only,exnight-strategy-v1
rSATA-2026-08-31-1,rSATA,RSATAUSDT,2026-08-31,5000,0.0516,0.03612,0.03612,0.0516,False,GROSS,2,99.7,98.546,OBSERVED p_pre,0.0005,DOCUMENTED promotional 0.05% through 2026-08-31,22.364341085271246,0.0,REALISED premarket_0400 PDR,,,,,,,,NO_SIGNAL,SUPPRESSED: eligibility snapshot time unpublished,"buy: $5,000 exceeds visible top-of-book ($1,000) on ticker-only symbol",2026-09-16T23:27:40.187038+00:00,ticker_only,2026-09-17T04:27:30.024688+00:00,ticker_only,exnight-strategy-v1
rSATA-2026-08-31-1,rSATA,RSATAUSDT,2026-08-31,25000,0.0516,0.03612,0.03612,0.0516,False,GROSS,2,99.7,98.546,OBSERVED p_pre,0.0005,DOCUMENTED promotional 0.05% through 2026-08-31,22.364341085271246,0.0,REALISED premarket_0400 PDR,,,,,,,,NO_SIGNAL,SUPPRESSED: eligibility snapshot time unpublished,"sell: $25,000 exceeds visible top-of-book ($19,996) on ticker-only symbol; buy: $25,000 exceeds visible top-of-book ($1,000) on ticker-only symbol",2026-09-16T23:27:40.187038+00:00,ticker_only,2026-09-17T04:27:30.024688+00:00,ticker_only,exnight-strategy-v1
rSTRC-2026-08-31-1,rSTRC,RSTRCUSDT,2026-08-31,1000,0.5,0.35,0.35,0.5,False,GROSS,2,97.635,97.36,OBSERVED p_pre,0.0005,DOCUMENTED promotional 0.05% through 2026-08-31,0.5500000000000114,0.0,REALISED premarket_0400 PDR,0.19772731909076263,-0.2727273190907569,-0.2727273190907569,-0.2727273190907569,-0.42272731909075695,0.07727268090924305,-0.12272731909076834,HOLD,SUPPRESSED: eligibility snapshot time unpublished,,2026-09-16T23:27:40.187038+00:00,public_book,2026-09-17T04:27:30.024688+00:00,public_book,exnight-strategy-v1
rSTRC-2026-08-31-1,rSTRC,RSTRCUSDT,2026-08-31,5000,0.5,0.35,0.35,0.5,False,GROSS,2,97.635,97.36,OBSERVED p_pre,0.0005,DOCUMENTED promotional 0.05% through 2026-08-31,0.5500000000000114,0.0,REALISED premarket_0400 PDR,0.40412672477650147,-0.47912672477649576,-0.47912672477649576,-0.47912672477649576,-0.6291267247764958,-0.12912672477649578,-0.3291267247765072,HOLD,SUPPRESSED: eligibility snapshot time unpublished,,2026-09-16T23:27:40.187038+00:00,public_book,2026-09-17T04:27:30.024688+00:00,public_book,exnight-strategy-v1
rSTRC-2026-08-31-1,rSTRC,RSTRCUSDT,2026-08-31,25000,0.5,0.35,0.35,0.5,False,GROSS,2,97.635,97.36,OBSERVED p_pre,0.0005,DOCUMENTED promotional 0.05% through 2026-08-31,0.5500000000000114,0.0,REALISED premarket_0400 PDR,0.7412039594009885,-0.8162039594009828,-0.8162039594009828,-0.8162039594009828,-0.9662039594009828,-0.4662039594009828,-0.6662039594009942,HOLD,SUPPRESSED: eligibility snapshot time unpublished,,2026-09-16T23:27:40.187038+00:00,public_book,2026-09-17T04:27:30.024688+00:00,public_book,exnight-strategy-v1
rBITI-2026-09-01-1,rBITI,RBITIUSDT,2026-09-01,1000,0.376238,0.2633666,0.2633666,0.376238,False,GROSS,2,19.33,18.911,OBSERVED p_pre,0.001,OBSERVED live symbol takerFeeRate,1.1136567810800528,0.0,REALISED premarket_0400 PDR,,,,,,,,NO_SIGNAL,SUPPRESSED: eligibility snapshot time unpublished,"sell: $1,000 exceeds visible top-of-book ($195) on ticker-only symbol",2026-09-16T23:27:40.187038+00:00,ticker_only,2026-09-17T04:27:30.024688+00:00,ticker_only,exnight-strategy-v1
rBITI-2026-09-01-1,rBITI,RBITIUSDT,2026-09-01,5000,0.376238,0.2633666,0.2633666,0.376238,False,GROSS,2,19.33,18.911,OBSERVED p_pre,0.001,OBSERVED live symbol takerFeeRate,1.1136567810800528,0.0,REALISED premarket_0400 PDR,,,,,,,,NO_SIGNAL,SUPPRESSED: eligibility snapshot time unpublished,"sell: $5,000 exceeds visible top-of-book ($195) on ticker-only symbol",2026-09-16T23:27:40.187038+00:00,ticker_only,2026-09-17T04:27:30.024688+00:00,ticker_only,exnight-strategy-v1
rBITI-2026-09-01-1,rBITI,RBITIUSDT,2026-09-01,25000,0.376238,0.2633666,0.2633666,0.376238,False,GROSS,2,19.33,18.911,OBSERVED p_pre,0.001,OBSERVED live symbol takerFeeRate,1.1136567810800528,0.0,REALISED premarket_0400 PDR,,,,,,,,NO_SIGNAL,SUPPRESSED: eligibility snapshot time unpublished,"sell: $25,000 exceeds visible top-of-book ($195) on ticker-only symbol",2026-09-16T23:27:40.187038+00:00,ticker_only,2026-09-17T04:27:30.024688+00:00,ticker_only,exnight-strategy-v1
rBITO-2026-09-01-1,rBITO,RBITOUSDT,2026-09-01,1000,0.01081,0.007567,0.007567,0.01081,False,GROSS,2,10.585,10.585,OBSERVED p_pre,0.001,OBSERVED live symbol takerFeeRate,0.0,0.0,REALISED premarket_0400 PDR,0.03671332610065153,-0.04428032610065153,-0.04428032610065153,-0.04428032610065153,-0.04752332610065153,-0.03671332610065153,-0.029146326100651532,HOLD,SUPPRESSED: eligibility snapshot time unpublished,,2026-09-16T23:27:40.187038+00:00,ticker_only,2026-09-17T04:27:30.024688+00:00,ticker_only,exnight-strategy-v1
rBITO-2026-09-01-1,rBITO,RBITOUSDT,2026-09-01,5000,0.01081,0.007567,0.007567,0.01081,False,GROSS,2,10.585,10.585,OBSERVED p_pre,0.001,OBSERVED live symbol takerFeeRate,0.0,0.0,REALISED premarket_0400 PDR,0.03671332610065153,-0.04428032610065153,-0.04428032610065153,-0.04428032610065153,-0.04752332610065153,-0.03671332610065153,-0.029146326100651532,HOLD,SUPPRESSED: eligibility snapshot time unpublished,,2026-09-16T23:27:40.187038+00:00,ticker_only,2026-09-17T04:27:30.024688+00:00,ticker_only,exnight-strategy-v1
rBITO-2026-09-01-1,rBITO,RBITOUSDT,2026-09-01,25000,0.01081,0.007567,0.007567,0.01081,False,GROSS,2,10.585,10.585,OBSERVED p_pre,0.001,OBSERVED live symbol takerFeeRate,0.0,0.0,REALISED premarket_0400 PDR,0.03671332610065153,-0.04428032610065153,-0.04428032610065153,-0.04428032610065153,-0.04752332610065153,-0.03671332610065153,-0.029146326100651532,HOLD,SUPPRESSED: eligibility snapshot time unpublished,,2026-09-16T23:27:40.187038+00:00,ticker_only,2026-09-17T04:27:30.024688+00:00,ticker_only,exnight-strategy-v1
rCLOI-2026-09-01-1,rCLOI,RCLOIUSDT,2026-09-01,1000,0.2247,0.15729,0.15728999999999999,0.2247,False,GROSS,2,52.98,52.98,OBSERVED p_pre,0.001,OBSERVED live symbol takerFeeRate,0.0,0.0,REALISED premarket_0400 PDR,,,,,,,,NO_SIGNAL,SUPPRESSED: eligibility snapshot time unpublished,"sell: $1,000 exceeds visible top-of-book ($582) on ticker-only symbol",2026-09-16T23:27:40.187038+00:00,ticker_only,2026-09-17T04:27:30.024688+00:00,ticker_only,exnight-strategy-v1
rCLOI-2026-09-01-1,rCLOI,RCLOIUSDT,2026-09-01,5000,0.2247,0.15729,0.15728999999999999,0.2247,False,GROSS,2,52.98,52.98,OBSERVED p_pre,0.001,OBSERVED live symbol takerFeeRate,0.0,0.0,REALISED premarket_0400 PDR,,,,,,,,NO_SIGNAL,SUPPRESSED: eligibility snapshot time unpublished,"sell: $5,000 exceeds visible top-of-book ($582) on ticker-only symbol",2026-09-16T23:27:40.187038+00:00,ticker_only,2026-09-17T04:27:30.024688+00:00,ticker_only,exnight-strategy-v1
rCLOI-2026-09-01-1,rCLOI,RCLOIUSDT,2026-09-01,25000,0.2247,0.15729,0.15728999999999999,0.2247,False,GROSS,2,52.98,52.98,OBSERVED p_pre,0.001,OBSERVED live symbol takerFeeRate,0.0,0.0,REALISED premarket_0400 PDR,,,,,,,,NO_SIGNAL,SUPPRESSED: eligibility snapshot time unpublished,"sell: $25,000 exceeds visible top-of-book ($582) on ticker-only symbol; buy: $25,000 exceeds visible top-of-book ($5,750) on ticker-only symbol",2026-09-16T23:27:40.187038+00:00,ticker_only,2026-09-17T04:27:30.024688+00:00,ticker_only,exnight-strategy-v1
rHYS-2026-09-01-1,rHYS,RHYSUSDT,2026-09-01,1000,0.49,0.343,0.34299999999999997,0.49,False,GROSS,2,93.005,93.005,OBSERVED p_pre,0.001,OBSERVED live symbol takerFeeRate,0.0,0.0,REALISED premarket_0400 PDR,,,,,,,,NO_SIGNAL,SUPPRESSED: eligibility snapshot time unpublished,"sell: $1,000 exceeds visible top-of-book ($91) on ticker-only symbol",2026-09-16T23:27:40.187038+00:00,ticker_only,2026-09-17T04:27:30.024688+00:00,ticker_only,exnight-strategy-v1
rHYS-2026-09-01-1,rHYS,RHYSUSDT,2026-09-01,5000,0.49,0.343,0.34299999999999997,0.49,False,GROSS,2,93.005,93.005,OBSERVED p_pre,0.001,OBSERVED live symbol takerFeeRate,0.0,0.0,REALISED premarket_0400 PDR,,,,,,,,NO_SIGNAL,SUPPRESSED: eligibility snapshot time unpublished,"sell: $5,000 exceeds visible top-of-book ($91) on ticker-only symbol",2026-09-16T23:27:40.187038+00:00,ticker_only,2026-09-17T04:27:30.024688+00:00,ticker_only,exnight-strategy-v1
rHYS-2026-09-01-1,rHYS,RHYSUSDT,2026-09-01,25000,0.49,0.343,0.34299999999999997,0.49,False,GROSS,2,93.005,93.005,OBSERVED p_pre,0.001,OBSERVED live symbol takerFeeRate,0.0,0.0,REALISED premarket_0400 PDR,,,,,,,,NO_SIGNAL,SUPPRESSED: eligibility snapshot time unpublished,"sell: $25,000 exceeds visible top-of-book ($91) on ticker-only symbol; buy: $25,000 exceeds visible top-of-book ($11,217) on ticker-only symbol",2026-09-16T23:27:40.187038+00:00,ticker_only,2026-09-17T04:27:30.024688+00:00,ticker_only,exnight-strategy-v1
rSATA-2026-09-01-1,rSATA,RSATAUSDT,2026-09-01,1000,0.0516,0.03612,0.03612,0.0516,False,GROSS,2,100.005,99.756,OBSERVED p_pre,0.001,OBSERVED live symbol takerFeeRate,4.8255813953487445,0.0,REALISED premarket_0400 PDR,0.2097500495524906,0.003129950447504637,0.003129950447504637,0.003129950447504637,-0.012350049552495385,0.03924995044750462,-0.42263004955248584,NO_SIGNAL,SUPPRESSED: eligibility snapshot time unpublished,net entitlement unresolved: EXIT edge +0.0031/share at net=0.0361 but -0.0124 at net=0.0516,2026-09-16T23:27:40.187038+00:00,ticker_only,2026-09-17T04:27:30.024688+00:00,ticker_only,exnight-strategy-v1
rSATA-2026-09-01-1,rSATA,RSATAUSDT,2026-09-01,5000,0.0516,0.03612,0.03612,0.0516,False,GROSS,2,100.005,99.756,OBSERVED p_pre,0.001,OBSERVED live symbol takerFeeRate,4.8255813953487445,0.0,REALISED premarket_0400 PDR,,,,,,,,NO_SIGNAL,SUPPRESSED: eligibility snapshot time unpublished,"buy: $5,000 exceeds visible top-of-book ($1,000) on ticker-only symbol",2026-09-16T23:27:40.187038+00:00,ticker_only,2026-09-17T04:27:30.024688+00:00,ticker_only,exnight-strategy-v1
rSATA-2026-09-01-1,rSATA,RSATAUSDT,2026-09-01,25000,0.0516,0.03612,0.03612,0.0516,False,GROSS,2,100.005,99.756,OBSERVED p_pre,0.001,OBSERVED live symbol takerFeeRate,4.8255813953487445,0.0,REALISED premarket_0400 PDR,,,,,,,,NO_SIGNAL,SUPPRESSED: eligibility snapshot time unpublished,"sell: $25,000 exceeds visible top-of-book ($19,996) on ticker-only symbol; buy: $25,000 exceeds visible top-of-book ($1,000) on ticker-only symbol",2026-09-16T23:27:40.187038+00:00,ticker_only,2026-09-17T04:27:30.024688+00:00,ticker_only,exnight-strategy-v1
rSGOV-2026-09-01-1,rSGOV,RSGOVUSDT,2026-09-01,1000,0.307098,0.2149686,0.21496859999999998,0.307098,False,GROSS,2,100.68,100.43,OBSERVED p_pre,0.001,OBSERVED live symbol takerFeeRate,0.8140723808035221,0.0,REALISED premarket_0400 PDR,0.31800299757387307,-0.2829715975738731,-0.2829715975738731,-0.282971597573873,-0.37510099757387305,-0.06800299757387307,-0.35303439757387306,HOLD,SUPPRESSED: eligibility snapshot time unpublished,,2026-09-16T23:27:40.187038+00:00,public_book,2026-09-17T04:27:30.024688+00:00,public_book,exnight-strategy-v1
rSGOV-2026-09-01-1,rSGOV,RSGOVUSDT,2026-09-01,5000,0.307098,0.2149686,0.21496859999999998,0.307098,False,GROSS,2,100.68,100.43,OBSERVED p_pre,0.001,OBSERVED live symbol takerFeeRate,0.8140723808035221,0.0,REALISED premarket_0400 PDR,0.464549922806905,-0.429518522806905,-0.429518522806905,-0.42951852280690495,-0.521647922806905,-0.214549922806905,-0.499581322806905,HOLD,SUPPRESSED: eligibility snapshot time unpublished,,2026-09-16T23:27:40.187038+00:00,public_book,2026-09-17T04:27:30.024688+00:00,public_book,exnight-strategy-v1
rSGOV-2026-09-01-1,rSGOV,RSGOVUSDT,2026-09-01,25000,0.307098,0.2149686,0.21496859999999998,0.307098,False,GROSS,2,100.68,100.43,OBSERVED p_pre,0.001,OBSERVED live symbol takerFeeRate,0.8140723808035221,0.0,REALISED premarket_0400 PDR,0.9479352010574329,-0.9129038010574329,-0.9129038010574329,-0.9129038010574329,-1.005033201057433,-0.6979352010574329,-0.9829666010574329,HOLD,SUPPRESSED: eligibility snapshot time unpublished,,2026-09-16T23:27:40.187038+00:00,public_book,2026-09-17T04:27:30.024688+00:00,public_book,exnight-strategy-v1
rTLT-2026-09-01-1,rTLT,RTLTUSDT,2026-09-01,1000,0.314686,0.2202802,0.2202802,0.314686,False,GROSS,2,82.38,81.828,OBSERVED p_pre,0.001,OBSERVED live symbol takerFeeRate,1.7541295132290362,0.0,REALISED premarket_0400 PDR,0.29723399223038893,0.03448580776960353,0.03448580776960353,0.03448580776960353,-0.05991999223039646,0.25476600776960356,-0.6289537922303814,NO_SIGNAL,SUPPRESSED: eligibility snapshot time unpublished,net entitlement unresolved: EXIT edge +0.0345/share at net=0.2203 but -0.0599 at net=0.3147,2026-09-16T23:27:40.187038+00:00,public_book,2026-09-17T04:27:30.024688+00:00,public_book,exnight-strategy-v1
rTLT-2026-09-01-1,rTLT,RTLTUSDT,2026-09-01,5000,0.314686,0.2202802,0.2202802,0.314686,False,GROSS,2,82.38,81.828,OBSERVED p_pre,0.001,OBSERVED live symbol takerFeeRate,1.7541295132290362,0.0,REALISED premarket_0400 PDR,0.5123171782523763,-0.18059737825238387,-0.18059737825238387,-0.18059737825238387,-0.27500317825238385,0.03968282174761617,-0.8440369782523688,HOLD,SUPPRESSED: eligibility snapshot time unpublished,,2026-09-16T23:27:40.187038+00:00,public_book,2026-09-17T04:27:30.024688+00:00,public_book,exnight-strategy-v1
rTLT-2026-09-01-1,rTLT,RTLTUSDT,2026-09-01,25000,0.314686,0.2202802,0.2202802,0.314686,False,GROSS,2,82.38,81.828,OBSERVED p_pre,0.001,OBSERVED live symbol takerFeeRate,1.7541295132290362,0.0,REALISED premarket_0400 PDR,0.8924160161686434,-0.560696216168651,-0.560696216168651,-0.560696216168651,-0.6551020161686509,-0.3404160161686509,-1.2241358161686358,HOLD,SUPPRESSED: eligibility snapshot time unpublished,,2026-09-16T23:27:40.187038+00:00,public_book,2026-09-17T04:27:30.024688+00:00,public_book,exnight-strategy-v1
rSATA-2026-09-02-1,rSATA,RSATAUSDT,2026-09-02,1000,0.0516,0.03612,0.03612,0.0516,False,GROSS,2,100.004,100.005,OBSERVED p_pre,0.001,OBSERVED live symbol takerFeeRate,-0.019379844961057442,0.0,REALISED premarket_0400 PDR,0.21001045016752065,-0.24713045016751123,-0.24713045016751123,-0.24713045016751123,-0.2626104501675112,-0.21101045016751122,-0.17289045016753007,HOLD,SUPPRESSED: eligibility snapshot time unpublished,,2026-09-16T23:27:40.187038+00:00,ticker_only,2026-09-17T04:27:30.024688+00:00,ticker_only,exnight-strategy-v1
rSATA-2026-09-02-1,rSATA,RSATAUSDT,2026-09-02,5000,0.0516,0.03612,0.03612,0.0516,False,GROSS,2,100.004,100.005,OBSERVED p_pre,0.001,OBSERVED live symbol takerFeeRate,-0.019379844961057442,0.0,REALISED premarket_0400 PDR,,,,,,,,NO_SIGNAL,SUPPRESSED: eligibility snapshot time unpublished,"buy: $5,000 exceeds visible top-of-book ($1,000) on ticker-only symbol",2026-09-16T23:27:40.187038+00:00,ticker_only,2026-09-17T04:27:30.024688+00:00,ticker_only,exnight-strategy-v1
rSATA-2026-09-02-1,rSATA,RSATAUSDT,2026-09-02,25000,0.0516,0.03612,0.03612,0.0516,False,GROSS,2,100.004,100.005,OBSERVED p_pre,0.001,OBSERVED live symbol takerFeeRate,-0.019379844961057442,0.0,REALISED premarket_0400 PDR,,,,,,,,NO_SIGNAL,SUPPRESSED: eligibility snapshot time unpublished,"sell: $25,000 exceeds visible top-of-book ($19,996) on ticker-only symbol; buy: $25,000 exceeds visible top-of-book ($1,000) on ticker-only symbol",2026-09-16T23:27:40.187038+00:00,ticker_only,2026-09-17T04:27:30.024688+00:00,ticker_only,exnight-strategy-v1
rSATA-2026-09-03-1,rSATA,RSATAUSDT,2026-09-03,1000,0.0516,0.03612,0.03612,0.0516,False,GROSS,2,100.005,100.005,OBSERVED p_pre,0.001,OBSERVED live symbol takerFeeRate,0.0,0.0,REALISED premarket_0400 PDR,0.21001150017502174,-0.24613150017502172,-0.24613150017502172,-0.24613150017502172,-0.2616115001750217,-0.21001150017502174,-0.17389150017502175,HOLD,SUPPRESSED: eligibility snapshot time unpublished,,2026-09-16T23:27:40.187038+00:00,ticker_only,2026-09-17T04:27:30.024688+00:00,ticker_only,exnight-strategy-v1
rSATA-2026-09-03-1,rSATA,RSATAUSDT,2026-09-03,5000,0.0516,0.03612,0.03612,0.0516,False,GROSS,2,100.005,100.005,OBSERVED p_pre,0.001,OBSERVED live symbol takerFeeRate,0.0,0.0,REALISED premarket_0400 PDR,,,,,,,,NO_SIGNAL,SUPPRESSED: eligibility snapshot time unpublished,"buy: $5,000 exceeds visible top-of-book ($1,000) on ticker-only symbol",2026-09-16T23:27:40.187038+00:00,ticker_only,2026-09-17T04:27:30.024688+00:00,ticker_only,exnight-strategy-v1
rSATA-2026-09-03-1,rSATA,RSATAUSDT,2026-09-03,25000,0.0516,0.03612,0.03612,0.0516,False,GROSS,2,100.005,100.005,OBSERVED p_pre,0.001,OBSERVED live symbol takerFeeRate,0.0,0.0,REALISED premarket_0400 PDR,,,,,,,,NO_SIGNAL,SUPPRESSED: eligibility snapshot time unpublished,"sell: $25,000 exceeds visible top-of-book ($19,996) on ticker-only symbol; buy: $25,000 exceeds visible top-of-book ($1,000) on ticker-only symbol",2026-09-16T23:27:40.187038+00:00,ticker_only,2026-09-17T04:27:30.024688+00:00,ticker_only,exnight-strategy-v1
rSATA-2026-09-04-1,rSATA,RSATAUSDT,2026-09-04,1000,0.0516,0.03612,0.03612,0.0516,False,GROSS,2,100.0,100.0,OBSERVED p_pre,0.001,OBSERVED live symbol takerFeeRate,0.0,0.0,REALISED premarket_0400 PDR,0.21000100012501552,-0.24612100012501553,-0.24612100012501553,-0.24612100012501553,-0.2616010001250155,-0.21000100012501552,-0.1738810001250155,HOLD,SUPPRESSED: eligibility snapshot time unpublished,,2026-09-16T23:27:40.187038+00:00,ticker_only,2026-09-17T04:27:30.024688+00:00,ticker_only,exnight-strategy-v1
rSATA-2026-09-04-1,rSATA,RSATAUSDT,2026-09-04,5000,0.0516,0.03612,0.03612,0.0516,False,GROSS,2,100.0,100.0,OBSERVED p_pre,0.001,OBSERVED live symbol takerFeeRate,0.0,0.0,REALISED premarket_0400 PDR,,,,,,,,NO_SIGNAL,SUPPRESSED: eligibility snapshot time unpublished,"buy: $5,000 exceeds visible top-of-book ($1,000) on ticker-only symbol",2026-09-16T23:27:40.187038+00:00,ticker_only,2026-09-17T04:27:30.024688+00:00,ticker_only,exnight-strategy-v1
rSATA-2026-09-04-1,rSATA,RSATAUSDT,2026-09-04,25000,0.0516,0.03612,0.03612,0.0516,False,GROSS,2,100.0,100.0,OBSERVED p_pre,0.001,OBSERVED live symbol takerFeeRate,0.0,0.0,REALISED premarket_0400 PDR,,,,,,,,NO_SIGNAL,SUPPRESSED: eligibility snapshot time unpublished,"sell: $25,000 exceeds visible top-of-book ($19,996) on ticker-only symbol; buy: $25,000 exceeds visible top-of-book ($1,000) on ticker-only symbol",2026-09-16T23:27:40.187038+00:00,ticker_only,2026-09-17T04:27:30.024688+00:00,ticker_only,exnight-strategy-v1
rSATA-2026-09-08-1,rSATA,RSATAUSDT,2026-09-08,1000,0.0516,0.03612,0.03612,0.0516,False,GROSS,2,100.0002,100.0,OBSERVED p_pre,0.001,OBSERVED live symbol takerFeeRate,0.0038759689923767307,0.0,REALISED premarket_0400 PDR,0.21000121012651574,-0.24592121012650908,-0.24592121012650908,-0.24592121012650908,-0.2614012101265091,-0.2098012101265091,-0.1740812101265224,HOLD,SUPPRESSED: eligibility snapshot time unpublished,,2026-09-16T23:27:40.187038+00:00,ticker_only,2026-09-17T04:27:30.024688+00:00,ticker_only,exnight-strategy-v1
rSATA-2026-09-08-1,rSATA,RSATAUSDT,2026-09-08,5000,0.0516,0.03612,0.03612,0.0516,False,GROSS,2,100.0002,100.0,OBSERVED p_pre,0.001,OBSERVED live symbol takerFeeRate,0.0038759689923767307,0.0,REALISED premarket_0400 PDR,,,,,,,,NO_SIGNAL,SUPPRESSED: eligibility snapshot time unpublished,"buy: $5,000 exceeds visible top-of-book ($1,000) on ticker-only symbol",2026-09-16T23:27:40.187038+00:00,ticker_only,2026-09-17T04:27:30.024688+00:00,ticker_only,exnight-strategy-v1
rSATA-2026-09-08-1,rSATA,RSATAUSDT,2026-09-08,25000,0.0516,0.03612,0.03612,0.0516,False,GROSS,2,100.0002,100.0,OBSERVED p_pre,0.001,OBSERVED live symbol takerFeeRate,0.0038759689923767307,0.0,REALISED premarket_0400 PDR,,,,,,,,NO_SIGNAL,SUPPRESSED: eligibility snapshot time unpublished,"sell: $25,000 exceeds visible top-of-book ($19,996) on ticker-only symbol; buy: $25,000 exceeds visible top-of-book ($1,000) on ticker-only symbol",2026-09-16T23:27:40.187038+00:00,ticker_only,2026-09-17T04:27:30.024688+00:00,ticker_only,exnight-strategy-v1
rSATA-2026-09-09-1,rSATA,RSATAUSDT,2026-09-09,1000,0.0516,0.03612,0.03612,0.0516,False,GROSS,2,99.97,99.99,OBSERVED p_pre,0.001,OBSERVED live symbol takerFeeRate,-0.38759689922472906,0.0,REALISED premarket_0400 PDR,0.20995899987498048,-0.2660789998749765,-0.2660789998749765,-0.2660789998749765,-0.2815589998749765,-0.2299589998749765,-0.15383899987498445,HOLD,SUPPRESSED: eligibility snapshot time unpublished,,2026-09-16T23:27:40.187038+00:00,ticker_only,2026-09-17T04:27:30.024688+00:00,ticker_only,exnight-strategy-v1
rSATA-2026-09-09-1,rSATA,RSATAUSDT,2026-09-09,5000,0.0516,0.03612,0.03612,0.0516,False,GROSS,2,99.97,99.99,OBSERVED p_pre,0.001,OBSERVED live symbol takerFeeRate,-0.38759689922472906,0.0,REALISED premarket_0400 PDR,,,,,,,,NO_SIGNAL,SUPPRESSED: eligibility snapshot time unpublished,"buy: $5,000 exceeds visible top-of-book ($1,000) on ticker-only symbol",2026-09-16T23:27:40.187038+00:00,ticker_only,2026-09-17T04:27:30.024688+00:00,ticker_only,exnight-strategy-v1
rSATA-2026-09-09-1,rSATA,RSATAUSDT,2026-09-09,25000,0.0516,0.03612,0.03612,0.0516,False,GROSS,2,99.97,99.99,OBSERVED p_pre,0.001,OBSERVED live symbol takerFeeRate,-0.38759689922472906,0.0,REALISED premarket_0400 PDR,,,,,,,,NO_SIGNAL,SUPPRESSED: eligibility snapshot time unpublished,"sell: $25,000 exceeds visible top-of-book ($19,996) on ticker-only symbol; buy: $25,000 exceeds visible top-of-book ($1,000) on ticker-only symbol",2026-09-16T23:27:40.187038+00:00,ticker_only,2026-09-17T04:27:30.024688+00:00,ticker_only,exnight-strategy-v1
rSATA-2026-09-10-1,rSATA,RSATAUSDT,2026-09-10,1000,0.0516,0.03612,0.03612,0.0516,False,GROSS,2,100.0023,99.99,OBSERVED p_pre,0.001,OBSERVED live symbol takerFeeRate,0.23837209302345763,0.0,REALISED premarket_0400 PDR,0.20999291511726687,-0.23381291511725644,-0.23381291511725644,-0.23381291511725644,-0.24929291511725646,-0.19769291511725645,-0.1861729151172773,HOLD,SUPPRESSED: eligibility snapshot time unpublished,,2026-09-16T23:27:40.187038+00:00,ticker_only,2026-09-17T04:27:30.024688+00:00,ticker_only,exnight-strategy-v1
rSATA-2026-09-10-1,rSATA,RSATAUSDT,2026-09-10,5000,0.0516,0.03612,0.03612,0.0516,False,GROSS,2,100.0023,99.99,OBSERVED p_pre,0.001,OBSERVED live symbol takerFeeRate,0.23837209302345763,0.0,REALISED premarket_0400 PDR,,,,,,,,NO_SIGNAL,SUPPRESSED: eligibility snapshot time unpublished,"buy: $5,000 exceeds visible top-of-book ($1,000) on ticker-only symbol",2026-09-16T23:27:40.187038+00:00,ticker_only,2026-09-17T04:27:30.024688+00:00,ticker_only,exnight-strategy-v1
rSATA-2026-09-10-1,rSATA,RSATAUSDT,2026-09-10,25000,0.0516,0.03612,0.03612,0.0516,False,GROSS,2,100.0023,99.99,OBSERVED p_pre,0.001,OBSERVED live symbol takerFeeRate,0.23837209302345763,0.0,REALISED premarket_0400 PDR,,,,,,,,NO_SIGNAL,SUPPRESSED: eligibility snapshot time unpublished,"sell: $25,000 exceeds visible top-of-book ($19,996) on ticker-only symbol; buy: $25,000 exceeds visible top-of-book ($1,000) on ticker-only symbol",2026-09-16T23:27:40.187038+00:00,ticker_only,2026-09-17T04:27:30.024688+00:00,ticker_only,exnight-strategy-v1
rSATA-2026-09-11-1,rSATA,RSATAUSDT,2026-09-11,1000,0.0516,0.03612,0.03612,0.0516,False,GROSS,2,100.0007,99.9515,OBSERVED p_pre,0.001,OBSERVED live symbol takerFeeRate,0.9534883720930043,0.0,REALISED premarket_0400 PDR,0.20995081000901022,-0.1968708100090112,-0.1968708100090112,-0.1968708100090112,-0.2123508100090112,-0.1607508100090112,-0.22303081000900926,HOLD,SUPPRESSED: eligibility snapshot time unpublished,,2026-09-16T23:27:40.187038+00:00,ticker_only,2026-09-17T04:27:30.024688+00:00,ticker_only,exnight-strategy-v1
rSATA-2026-09-11-1,rSATA,RSATAUSDT,2026-09-11,5000,0.0516,0.03612,0.03612,0.0516,False,GROSS,2,100.0007,99.9515,OBSERVED p_pre,0.001,OBSERVED live symbol takerFeeRate,0.9534883720930043,0.0,REALISED premarket_0400 PDR,,,,,,,,NO_SIGNAL,SUPPRESSED: eligibility snapshot time unpublished,"buy: $5,000 exceeds visible top-of-book ($1,000) on ticker-only symbol",2026-09-16T23:27:40.187038+00:00,ticker_only,2026-09-17T04:27:30.024688+00:00,ticker_only,exnight-strategy-v1
rSATA-2026-09-11-1,rSATA,RSATAUSDT,2026-09-11,25000,0.0516,0.03612,0.03612,0.0516,False,GROSS,2,100.0007,99.9515,OBSERVED p_pre,0.001,OBSERVED live symbol takerFeeRate,0.9534883720930043,0.0,REALISED premarket_0400 PDR,,,,,,,,NO_SIGNAL,SUPPRESSED: eligibility snapshot time unpublished,"sell: $25,000 exceeds visible top-of-book ($19,996) on ticker-only symbol; buy: $25,000 exceeds visible top-of-book ($1,000) on ticker-only symbol",2026-09-16T23:27:40.187038+00:00,ticker_only,2026-09-17T04:27:30.024688+00:00,ticker_only,exnight-strategy-v1
rSATA-2026-09-14-1,rSATA,RSATAUSDT,2026-09-14,1000,0.0516,0.03612,0.03612,0.0516,False,GROSS,2,99.9,99.9947,OBSERVED p_pre,0.001,OBSERVED live symbol takerFeeRate,-1.8352713178292424,0.0,REALISED premarket_0400 PDR,0.20989043436165236,-0.3407104343616413,-0.3407104343616413,-0.3407104343616413,-0.3561904343616413,-0.30459043436164124,-0.07907043436166347,HOLD,SUPPRESSED: eligibility snapshot time unpublished,,2026-09-16T23:27:40.187038+00:00,ticker_only,2026-09-17T04:27:30.024688+00:00,ticker_only,exnight-strategy-v1
rSATA-2026-09-14-1,rSATA,RSATAUSDT,2026-09-14,5000,0.0516,0.03612,0.03612,0.0516,False,GROSS,2,99.9,99.9947,OBSERVED p_pre,0.001,OBSERVED live symbol takerFeeRate,-1.8352713178292424,0.0,REALISED premarket_0400 PDR,,,,,,,,NO_SIGNAL,SUPPRESSED: eligibility snapshot time unpublished,"buy: $5,000 exceeds visible top-of-book ($1,000) on ticker-only symbol",2026-09-16T23:27:40.187038+00:00,ticker_only,2026-09-17T04:27:30.024688+00:00,ticker_only,exnight-strategy-v1
rSATA-2026-09-14-1,rSATA,RSATAUSDT,2026-09-14,25000,0.0516,0.03612,0.03612,0.0516,False,GROSS,2,99.9,99.9947,OBSERVED p_pre,0.001,OBSERVED live symbol takerFeeRate,-1.8352713178292424,0.0,REALISED premarket_0400 PDR,,,,,,,,NO_SIGNAL,SUPPRESSED: eligibility snapshot time unpublished,"sell: $25,000 exceeds visible top-of-book ($19,996) on ticker-only symbol; buy: $25,000 exceeds visible top-of-book ($1,000) on ticker-only symbol",2026-09-16T23:27:40.187038+00:00,ticker_only,2026-09-17T04:27:30.024688+00:00,ticker_only,exnight-strategy-v1
rKO-2026-09-15-1,rKO,RKOUSDT,2026-09-15,1000,0.53,0.371,0.371,0.53,False,GROSS,2,89.41,88.63,OBSERVED p_pre,0.001,OBSERVED live symbol takerFeeRate,1.4716981132075493,0.0,REALISED premarket_0400 PDR,0.2770038871617611,0.13199611283824003,0.13199611283824003,0.13199611283824003,-0.02700388716176,0.5029961128382401,-0.6860038871617622,NO_SIGNAL,SUPPRESSED: eligibility snapshot time unpublished,net entitlement unresolved: EXIT edge +0.1320/share at net=0.3710 but -0.0270 at net=0.5300,2026-09-16T23:27:40.187038+00:00,public_book,2026-09-17T04:27:30.024688+00:00,public_book,exnight-strategy-v1
rKO-2026-09-15-1,rKO,RKOUSDT,2026-09-15,5000,0.53,0.371,0.371,0.53,False,GROSS,2,89.41,88.63,OBSERVED p_pre,0.001,OBSERVED live symbol takerFeeRate,1.4716981132075493,0.0,REALISED premarket_0400 PDR,0.4940215656472875,-0.08502156564728636,-0.08502156564728636,-0.08502156564728636,-0.2440215656472864,0.28597843435271364,-0.9030215656472886,HOLD,SUPPRESSED: eligibility snapshot time unpublished,,2026-09-16T23:27:40.187038+00:00,public_book,2026-09-17T04:27:30.024688+00:00,public_book,exnight-strategy-v1
rKO-2026-09-15-1,rKO,RKOUSDT,2026-09-15,25000,0.53,0.371,0.371,0.53,False,GROSS,2,89.41,88.63,OBSERVED p_pre,0.001,OBSERVED live symbol takerFeeRate,1.4716981132075493,0.0,REALISED premarket_0400 PDR,0.8146562316692552,-0.405656231669254,-0.405656231669254,-0.405656231669254,-0.564656231669254,-0.03465623166925402,-1.2236562316692563,HOLD,SUPPRESSED: eligibility snapshot time unpublished,,2026-09-16T23:27:40.187038+00:00,public_book,2026-09-17T04:27:30.024688+00:00,public_book,exnight-strategy-v1
rMO-2026-09-15-1,rMO,RMOUSDT,2026-09-15,1000,1.11,0.777,0.777,1.11,False,GROSS,2,70.74,69.59,OBSERVED p_pre,0.001,OBSERVED live symbol takerFeeRate,1.0360360360360283,0.0,REALISED premarket_0400 PDR,,,,,,,,NO_SIGNAL,SUPPRESSED: eligibility snapshot time unpublished,"sell: $1,000 exceeds visible top-of-book ($629) on ticker-only symbol",2026-09-16T23:27:40.187038+00:00,ticker_only,2026-09-17T04:27:30.024688+00:00,ticker_only,exnight-strategy-v1
rMO-2026-09-15-1,rMO,RMOUSDT,2026-09-15,5000,1.11,0.777,0.777,1.11,False,GROSS,2,70.74,69.59,OBSERVED p_pre,0.001,OBSERVED live symbol takerFeeRate,1.0360360360360283,0.0,REALISED premarket_0400 PDR,,,,,,,,NO_SIGNAL,SUPPRESSED: eligibility snapshot time unpublished,"sell: $5,000 exceeds visible top-of-book ($629) on ticker-only symbol; buy: $5,000 exceeds visible top-of-book ($2,874) on ticker-only symbol",2026-09-16T23:27:40.187038+00:00,ticker_only,2026-09-17T04:27:30.024688+00:00,ticker_only,exnight-strategy-v1
rMO-2026-09-15-1,rMO,RMOUSDT,2026-09-15,25000,1.11,0.777,0.777,1.11,False,GROSS,2,70.74,69.59,OBSERVED p_pre,0.001,OBSERVED live symbol takerFeeRate,1.0360360360360283,0.0,REALISED premarket_0400 PDR,,,,,,,,NO_SIGNAL,SUPPRESSED: eligibility snapshot time unpublished,"sell: $25,000 exceeds visible top-of-book ($629) on ticker-only symbol; buy: $25,000 exceeds visible top-of-book ($2,874) on ticker-only symbol",2026-09-16T23:27:40.187038+00:00,ticker_only,2026-09-17T04:27:30.024688+00:00,ticker_only,exnight-strategy-v1
rSATA-2026-09-15-1,rSATA,RSATAUSDT,2026-09-15,1000,0.0516,0.03612,0.03612,0.0516,False,GROSS,2,100.0001,100.0072,OBSERVED p_pre,0.001,OBSERVED live symbol takerFeeRate,-0.13759689922469207,0.0,REALISED premarket_0400 PDR,0.21000866514376654,-0.25322866514376063,-0.25322866514376063,-0.25322866514376063,-0.2687086651437606,-0.21710866514376065,-0.16678866514377244,HOLD,SUPPRESSED: eligibility snapshot time unpublished,,2026-09-16T23:27:40.187038+00:00,ticker_only,2026-09-17T04:27:30.024688+00:00,ticker_only,exnight-strategy-v1
rSATA-2026-09-15-1,rSATA,RSATAUSDT,2026-09-15,5000,0.0516,0.03612,0.03612,0.0516,False,GROSS,2,100.0001,100.0072,OBSERVED p_pre,0.001,OBSERVED live symbol takerFeeRate,-0.13759689922469207,0.0,REALISED premarket_0400 PDR,,,,,,,,NO_SIGNAL,SUPPRESSED: eligibility snapshot time unpublished,"buy: $5,000 exceeds visible top-of-book ($1,000) on ticker-only symbol",2026-09-16T23:27:40.187038+00:00,ticker_only,2026-09-17T04:27:30.024688+00:00,ticker_only,exnight-strategy-v1
rSATA-2026-09-15-1,rSATA,RSATAUSDT,2026-09-15,25000,0.0516,0.03612,0.03612,0.0516,False,GROSS,2,100.0001,100.0072,OBSERVED p_pre,0.001,OBSERVED live symbol takerFeeRate,-0.13759689922469207,0.0,REALISED premarket_0400 PDR,,,,,,,,NO_SIGNAL,SUPPRESSED: eligibility snapshot time unpublished,"sell: $25,000 exceeds visible top-of-book ($19,996) on ticker-only symbol; buy: $25,000 exceeds visible top-of-book ($1,000) on ticker-only symbol",2026-09-16T23:27:40.187038+00:00,ticker_only,2026-09-17T04:27:30.024688+00:00,ticker_only,exnight-strategy-v1
rSTRC-2026-09-15-1,rSTRC,RSTRCUSDT,2026-09-15,1000,0.5,0.35,0.35,0.5,False,GROSS,2,98.94,98.256,OBSERVED p_pre,0.001,OBSERVED live symbol takerFeeRate,1.367999999999995,0.0,REALISED premarket_0400 PDR,0.2985757095267659,0.035424290473231645,0.035424290473231645,0.035424290473231645,-0.11457570952676838,0.3854242904732316,-0.6325757095267635,NO_SIGNAL,SUPPRESSED: eligibility snapshot time unpublished,net entitlement unresolved: EXIT edge +0.0354/share at net=0.3500 but -0.1146 at net=0.5000,2026-09-16T23:27:40.187038+00:00,public_book,2026-09-17T04:27:30.024688+00:00,public_book,exnight-strategy-v1
rSTRC-2026-09-15-1,rSTRC,RSTRCUSDT,2026-09-15,5000,0.5,0.35,0.35,0.5,False,GROSS,2,98.94,98.256,OBSERVED p_pre,0.001,OBSERVED live symbol takerFeeRate,1.367999999999995,0.0,REALISED premarket_0400 PDR,0.5074471377041885,-0.17344713770419096,-0.17344713770419096,-0.17344713770419096,-0.323447137704191,0.17655286229580902,-0.841447137704186,HOLD,SUPPRESSED: eligibility snapshot time unpublished,,2026-09-16T23:27:40.187038+00:00,public_book,2026-09-17T04:27:30.024688+00:00,public_book,exnight-strategy-v1
rSTRC-2026-09-15-1,rSTRC,RSTRCUSDT,2026-09-15,25000,0.5,0.35,0.35,0.5,False,GROSS,2,98.94,98.256,OBSERVED p_pre,0.001,OBSERVED live symbol takerFeeRate,1.367999999999995,0.0,REALISED premarket_0400 PDR,0.8483373729939174,-0.5143373729939199,-0.5143373729939199,-0.5143373729939199,-0.6643373729939199,-0.16433737299391993,-1.1823373729939148,HOLD,SUPPRESSED: eligibility snapshot time unpublished,,2026-09-16T23:27:40.187038+00:00,public_book,2026-09-17T04:27:30.024688+00:00,public_book,exnight-strategy-v1
rNXPI-2026-09-16-1,rNXPI,RNXPIUSDT,2026-09-16,1000,1.014,0.7098,0.7098,1.014,False,GROSS,2,226.96,226.6,OBSERVED p_pre,0.001,OBSERVED live symbol takerFeeRate,0.35502958579883004,0.0,REALISED premarket_0400 PDR,0.7525785185691753,-1.1023785185691617,-1.1023785185691617,-1.1023785185691617,-1.4065785185691617,-0.3925785185691617,-0.402778518569189,HOLD,SUPPRESSED: eligibility snapshot time unpublished,,2026-09-16T23:27:40.187038+00:00,ticker_only,2026-09-17T04:27:30.024688+00:00,ticker_only,exnight-strategy-v1
rNXPI-2026-09-16-1,rNXPI,RNXPIUSDT,2026-09-16,5000,1.014,0.7098,0.7098,1.014,False,GROSS,2,226.96,226.6,OBSERVED p_pre,0.001,OBSERVED live symbol takerFeeRate,0.35502958579883004,0.0,REALISED premarket_0400 PDR,,,,,,,,NO_SIGNAL,SUPPRESSED: eligibility snapshot time unpublished,"sell: $5,000 exceeds visible top-of-book ($2,420) on ticker-only symbol; buy: $5,000 exceeds visible top-of-book ($1,315) on ticker-only symbol",2026-09-16T23:27:40.187038+00:00,ticker_only,2026-09-17T04:27:30.024688+00:00,ticker_only,exnight-strategy-v1
rNXPI-2026-09-16-1,rNXPI,RNXPIUSDT,2026-09-16,25000,1.014,0.7098,0.7098,1.014,False,GROSS,2,226.96,226.6,OBSERVED p_pre,0.001,OBSERVED live symbol takerFeeRate,0.35502958579883004,0.0,REALISED premarket_0400 PDR,,,,,,,,NO_SIGNAL,SUPPRESSED: eligibility snapshot time unpublished,"sell: $25,000 exceeds visible top-of-book ($2,420) on ticker-only symbol; buy: $25,000 exceeds visible top-of-book ($1,315) on ticker-only symbol",2026-09-16T23:27:40.187038+00:00,ticker_only,2026-09-17T04:27:30.024688+00:00,ticker_only,exnight-strategy-v1
rSATA-2026-09-16-1,rSATA,RSATAUSDT,2026-09-16,1000,0.0516,0.03612,0.03612,0.0516,False,GROSS,2,99.99,99.9997,OBSERVED p_pre,0.001,OBSERVED live symbol takerFeeRate,-0.18798449612421256,0.0,REALISED premarket_0400 PDR,0.2099901850492542,-0.25581018504926356,-0.25581018504926356,-0.25581018504926356,-0.27129018504926355,-0.21969018504926358,-0.16417018504924485,HOLD,SUPPRESSED: eligibility snapshot time unpublished,,2026-09-16T23:27:40.187038+00:00,ticker_only,2026-09-17T04:27:30.024688+00:00,ticker_only,exnight-strategy-v1
rSATA-2026-09-16-1,rSATA,RSATAUSDT,2026-09-16,5000,0.0516,0.03612,0.03612,0.0516,False,GROSS,2,99.99,99.9997,OBSERVED p_pre,0.001,OBSERVED live symbol takerFeeRate,-0.18798449612421256,0.0,REALISED premarket_0400 PDR,,,,,,,,NO_SIGNAL,SUPPRESSED: eligibility snapshot time unpublished,"buy: $5,000 exceeds visible top-of-book ($1,000) on ticker-only symbol",2026-09-16T23:27:40.187038+00:00,ticker_only,2026-09-17T04:27:30.024688+00:00,ticker_only,exnight-strategy-v1
rSATA-2026-09-16-1,rSATA,RSATAUSDT,2026-09-16,25000,0.0516,0.03612,0.03612,0.0516,False,GROSS,2,99.99,99.9997,OBSERVED p_pre,0.001,OBSERVED live symbol takerFeeRate,-0.18798449612421256,0.0,REALISED premarket_0400 PDR,,,,,,,,NO_SIGNAL,SUPPRESSED: eligibility snapshot time unpublished,"sell: $25,000 exceeds visible top-of-book ($19,996) on ticker-only symbol; buy: $25,000 exceeds visible top-of-book ($1,000) on ticker-only symbol",2026-09-16T23:27:40.187038+00:00,ticker_only,2026-09-17T04:27:30.024688+00:00,ticker_only,exnight-strategy-v1
