rule,event_id,symbol,spot_symbol,ex_date,decided_at,pdr_hat,pdr_se,estimation_events,lower_ratio,entitlement_tier,w_low,w_high,entitlement_evidence,gross_dividend,notional_usd,price,verdict,reason,sell_book_ts,sell_book_source,buy_book_ts,buy_book_source,cost_per_share,edge_most_kept,edge_least_kept,gross_yield_bp,breakeven_yield_bp
exnight-strategy-v3,rA-2026-10-06-1,rA,RAUSDT,2026-10-06,2026-10-02T23:30:04+00:00,0.9656110633409246,0.18323952822276032,127,0.599132006895404,E0_RANGE,0.0,0.3,no pre-decision precedent,,1000,167.78,NO_SIGNAL,cash basis UNRESOLVED; gross basis required,,,,,,,,,
exnight-strategy-v3,rA-2026-10-06-1,rA,RAUSDT,2026-10-06,2026-10-02T23:30:04+00:00,0.9656110633409246,0.18323952822276032,127,0.599132006895404,E0_RANGE,0.0,0.3,no pre-decision precedent,,5000,167.78,NO_SIGNAL,cash basis UNRESOLVED; gross basis required,,,,,,,,,
exnight-strategy-v3,rA-2026-10-06-1,rA,RAUSDT,2026-10-06,2026-10-02T23:30:04+00:00,0.9656110633409246,0.18323952822276032,127,0.599132006895404,E0_RANGE,0.0,0.3,no pre-decision precedent,,25000,167.78,NO_SIGNAL,cash basis UNRESOLVED; gross basis required,,,,,,,,,
exnight-strategy-v3,rABBV-2026-10-15-1,rABBV,RABBVUSDT,2026-10-15,2026-10-02T23:30:04+00:00,0.9656110633409246,0.18323952822276032,127,0.599132006895404,E0_RANGE,0.0,0.3,no pre-decision precedent,,1000,263.5,NO_SIGNAL,cash basis UNRESOLVED; gross basis required,,,,,,,,,
exnight-strategy-v3,rABBV-2026-10-15-1,rABBV,RABBVUSDT,2026-10-15,2026-10-02T23:30:04+00:00,0.9656110633409246,0.18323952822276032,127,0.599132006895404,E0_RANGE,0.0,0.3,no pre-decision precedent,,5000,263.5,NO_SIGNAL,cash basis UNRESOLVED; gross basis required,,,,,,,,,
exnight-strategy-v3,rABBV-2026-10-15-1,rABBV,RABBVUSDT,2026-10-15,2026-10-02T23:30:04+00:00,0.9656110633409246,0.18323952822276032,127,0.599132006895404,E0_RANGE,0.0,0.3,no pre-decision precedent,,25000,263.5,NO_SIGNAL,cash basis UNRESOLVED; gross basis required,,,,,,,,,
exnight-strategy-v3,rABT-2026-10-15-1,rABT,RABTUSDT,2026-10-15,2026-10-02T23:30:04+00:00,0.9656110633409246,0.18323952822276032,127,0.599132006895404,E0_RANGE,0.0,0.3,no pre-decision precedent,,1000,97.64,NO_SIGNAL,cash basis UNRESOLVED; gross basis required,,,,,,,,,
exnight-strategy-v3,rABT-2026-10-15-1,rABT,RABTUSDT,2026-10-15,2026-10-02T23:30:04+00:00,0.9656110633409246,0.18323952822276032,127,0.599132006895404,E0_RANGE,0.0,0.3,no pre-decision precedent,,5000,97.64,NO_SIGNAL,cash basis UNRESOLVED; gross basis required,,,,,,,,,
exnight-strategy-v3,rABT-2026-10-15-1,rABT,RABTUSDT,2026-10-15,2026-10-02T23:30:04+00:00,0.9656110633409246,0.18323952822276032,127,0.599132006895404,E0_RANGE,0.0,0.3,no pre-decision precedent,,25000,97.64,NO_SIGNAL,cash basis UNRESOLVED; gross basis required,,,,,,,,,
exnight-strategy-v3,rACM-2026-10-14-1,rACM,RACMUSDT,2026-10-14,2026-10-02T23:30:04+00:00,0.9656110633409246,0.18323952822276032,127,0.599132006895404,E0_RANGE,0.0,0.3,no pre-decision precedent,,1000,60.0,NO_SIGNAL,cash basis UNRESOLVED; gross basis required,,,,,,,,,
exnight-strategy-v3,rACM-2026-10-14-1,rACM,RACMUSDT,2026-10-14,2026-10-02T23:30:04+00:00,0.9656110633409246,0.18323952822276032,127,0.599132006895404,E0_RANGE,0.0,0.3,no pre-decision precedent,,5000,60.0,NO_SIGNAL,cash basis UNRESOLVED; gross basis required,,,,,,,,,
exnight-strategy-v3,rACM-2026-10-14-1,rACM,RACMUSDT,2026-10-14,2026-10-02T23:30:04+00:00,0.9656110633409246,0.18323952822276032,127,0.599132006895404,E0_RANGE,0.0,0.3,no pre-decision precedent,,25000,60.0,NO_SIGNAL,cash basis UNRESOLVED; gross basis required,,,,,,,,,
exnight-strategy-v3,rAGX-2026-10-22-1,rAGX,RAGXUSDT,2026-10-22,2026-10-02T23:30:04+00:00,0.9656110633409246,0.18323952822276032,127,0.599132006895404,E0_RANGE,0.0,0.3,no pre-decision precedent,,1000,383.58,NO_SIGNAL,cash basis UNRESOLVED; gross basis required,,,,,,,,,
exnight-strategy-v3,rAGX-2026-10-22-1,rAGX,RAGXUSDT,2026-10-22,2026-10-02T23:30:04+00:00,0.9656110633409246,0.18323952822276032,127,0.599132006895404,E0_RANGE,0.0,0.3,no pre-decision precedent,,5000,383.58,NO_SIGNAL,cash basis UNRESOLVED; gross basis required,,,,,,,,,
exnight-strategy-v3,rAGX-2026-10-22-1,rAGX,RAGXUSDT,2026-10-22,2026-10-02T23:30:04+00:00,0.9656110633409246,0.18323952822276032,127,0.599132006895404,E0_RANGE,0.0,0.3,no pre-decision precedent,,25000,383.58,NO_SIGNAL,cash basis UNRESOLVED; gross basis required,,,,,,,,,
exnight-strategy-v3,rAMAT-2026-11-19-1,rAMAT,RAMATUSDT,2026-11-19,2026-10-02T23:30:04+00:00,0.9656110633409246,0.18323952822276032,127,0.599132006895404,E0_RANGE,0.0,0.3,no pre-decision precedent,0.5300000000000000,1000,539.6,NO_SIGNAL,sell: no depth sample for this symbol/session; buy: no depth sample for this symbol/session,,,,,,,,,
exnight-strategy-v3,rAMAT-2026-11-19-1,rAMAT,RAMATUSDT,2026-11-19,2026-10-02T23:30:04+00:00,0.9656110633409246,0.18323952822276032,127,0.599132006895404,E0_RANGE,0.0,0.3,no pre-decision precedent,0.5300000000000000,5000,539.6,NO_SIGNAL,sell: no depth sample for this symbol/session; buy: no depth sample for this symbol/session,,,,,,,,,
exnight-strategy-v3,rAMAT-2026-11-19-1,rAMAT,RAMATUSDT,2026-11-19,2026-10-02T23:30:04+00:00,0.9656110633409246,0.18323952822276032,127,0.599132006895404,E0_RANGE,0.0,0.3,no pre-decision precedent,0.5300000000000000,25000,539.6,NO_SIGNAL,sell: no depth sample for this symbol/session; buy: no depth sample for this symbol/session,,,,,,,,,
exnight-strategy-v3,rAPA-2026-10-22-1,rAPA,RAPAUSDT,2026-10-22,2026-10-02T23:30:04+00:00,0.9656110633409246,0.18323952822276032,127,0.599132006895404,E0_RANGE,0.0,0.3,no pre-decision precedent,0.2500000000000000,1000,43.7,NO_SIGNAL,sell: no depth sample for this symbol/session; buy: no depth sample for this symbol/session,,,,,,,,,
exnight-strategy-v3,rAPA-2026-10-22-1,rAPA,RAPAUSDT,2026-10-22,2026-10-02T23:30:04+00:00,0.9656110633409246,0.18323952822276032,127,0.599132006895404,E0_RANGE,0.0,0.3,no pre-decision precedent,0.2500000000000000,5000,43.7,NO_SIGNAL,sell: no depth sample for this symbol/session; buy: no depth sample for this symbol/session,,,,,,,,,
exnight-strategy-v3,rAPA-2026-10-22-1,rAPA,RAPAUSDT,2026-10-22,2026-10-02T23:30:04+00:00,0.9656110633409246,0.18323952822276032,127,0.599132006895404,E0_RANGE,0.0,0.3,no pre-decision precedent,0.2500000000000000,25000,43.7,NO_SIGNAL,sell: no depth sample for this symbol/session; buy: no depth sample for this symbol/session,,,,,,,,,
exnight-strategy-v3,rAVAL-2026-11-02-1,rAVAL,RAVALUSDT,2026-11-02,2026-10-02T23:30:04+00:00,0.9656110633409246,0.18323952822276032,127,0.599132006895404,E0_RANGE,0.0,0.3,no pre-decision precedent,,1000,4.78,NO_SIGNAL,cash basis UNRESOLVED; gross basis required,,,,,,,,,
exnight-strategy-v3,rAVAL-2026-11-02-1,rAVAL,RAVALUSDT,2026-11-02,2026-10-02T23:30:04+00:00,0.9656110633409246,0.18323952822276032,127,0.599132006895404,E0_RANGE,0.0,0.3,no pre-decision precedent,,5000,4.78,NO_SIGNAL,cash basis UNRESOLVED; gross basis required,,,,,,,,,
exnight-strategy-v3,rAVAL-2026-11-02-1,rAVAL,RAVALUSDT,2026-11-02,2026-10-02T23:30:04+00:00,0.9656110633409246,0.18323952822276032,127,0.599132006895404,E0_RANGE,0.0,0.3,no pre-decision precedent,,25000,4.78,NO_SIGNAL,cash basis UNRESOLVED; gross basis required,,,,,,,,,
exnight-strategy-v3,rAVAL-2026-12-31-1,rAVAL,RAVALUSDT,2026-12-31,2026-10-02T23:30:04+00:00,0.9656110633409246,0.18323952822276032,127,0.599132006895404,E0_RANGE,0.0,0.3,no pre-decision precedent,,1000,4.78,NO_SIGNAL,cash basis UNRESOLVED; gross basis required,,,,,,,,,
exnight-strategy-v3,rAVAL-2026-12-31-1,rAVAL,RAVALUSDT,2026-12-31,2026-10-02T23:30:04+00:00,0.9656110633409246,0.18323952822276032,127,0.599132006895404,E0_RANGE,0.0,0.3,no pre-decision precedent,,5000,4.78,NO_SIGNAL,cash basis UNRESOLVED; gross basis required,,,,,,,,,
exnight-strategy-v3,rAVAL-2026-12-31-1,rAVAL,RAVALUSDT,2026-12-31,2026-10-02T23:30:04+00:00,0.9656110633409246,0.18323952822276032,127,0.599132006895404,E0_RANGE,0.0,0.3,no pre-decision precedent,,25000,4.78,NO_SIGNAL,cash basis UNRESOLVED; gross basis required,,,,,,,,,
exnight-strategy-v3,rAVAL-2027-01-29-1,rAVAL,RAVALUSDT,2027-01-29,2026-10-02T23:30:04+00:00,0.9656110633409246,0.18323952822276032,127,0.599132006895404,E0_RANGE,0.0,0.3,no pre-decision precedent,,1000,4.78,NO_SIGNAL,cash basis UNRESOLVED; gross basis required,,,,,,,,,
exnight-strategy-v3,rAVAL-2027-01-29-1,rAVAL,RAVALUSDT,2027-01-29,2026-10-02T23:30:04+00:00,0.9656110633409246,0.18323952822276032,127,0.599132006895404,E0_RANGE,0.0,0.3,no pre-decision precedent,,5000,4.78,NO_SIGNAL,cash basis UNRESOLVED; gross basis required,,,,,,,,,
exnight-strategy-v3,rAVAL-2027-01-29-1,rAVAL,RAVALUSDT,2027-01-29,2026-10-02T23:30:04+00:00,0.9656110633409246,0.18323952822276032,127,0.599132006895404,E0_RANGE,0.0,0.3,no pre-decision precedent,,25000,4.78,NO_SIGNAL,cash basis UNRESOLVED; gross basis required,,,,,,,,,
exnight-strategy-v3,rAVAL-2027-02-26-1,rAVAL,RAVALUSDT,2027-02-26,2026-10-02T23:30:04+00:00,0.9656110633409246,0.18323952822276032,127,0.599132006895404,E0_RANGE,0.0,0.3,no pre-decision precedent,,1000,4.78,NO_SIGNAL,cash basis UNRESOLVED; gross basis required,,,,,,,,,
exnight-strategy-v3,rAVAL-2027-02-26-1,rAVAL,RAVALUSDT,2027-02-26,2026-10-02T23:30:04+00:00,0.9656110633409246,0.18323952822276032,127,0.599132006895404,E0_RANGE,0.0,0.3,no pre-decision precedent,,5000,4.78,NO_SIGNAL,cash basis UNRESOLVED; gross basis required,,,,,,,,,
exnight-strategy-v3,rAVAL-2027-02-26-1,rAVAL,RAVALUSDT,2027-02-26,2026-10-02T23:30:04+00:00,0.9656110633409246,0.18323952822276032,127,0.599132006895404,E0_RANGE,0.0,0.3,no pre-decision precedent,,25000,4.78,NO_SIGNAL,cash basis UNRESOLVED; gross basis required,,,,,,,,,
exnight-strategy-v3,rBBD-2026-10-05-1,rBBD,RBBDUSDT,2026-10-05,2026-10-02T23:30:04+00:00,0.9656110633409246,0.18323952822276032,127,0.599132006895404,E0_RANGE,0.0,0.3,no pre-decision precedent,,1000,3.67,NO_SIGNAL,cash basis UNRESOLVED; gross basis required,,,,,,,,,
exnight-strategy-v3,rBBD-2026-10-05-1,rBBD,RBBDUSDT,2026-10-05,2026-10-02T23:30:04+00:00,0.9656110633409246,0.18323952822276032,127,0.599132006895404,E0_RANGE,0.0,0.3,no pre-decision precedent,,5000,3.67,NO_SIGNAL,cash basis UNRESOLVED; gross basis required,,,,,,,,,
exnight-strategy-v3,rBBD-2026-10-05-1,rBBD,RBBDUSDT,2026-10-05,2026-10-02T23:30:04+00:00,0.9656110633409246,0.18323952822276032,127,0.599132006895404,E0_RANGE,0.0,0.3,no pre-decision precedent,,25000,3.67,NO_SIGNAL,cash basis UNRESOLVED; gross basis required,,,,,,,,,
exnight-strategy-v3,rBBDO-2026-10-05-1,rBBDO,RBBDOUSDT,2026-10-05,2026-10-02T23:30:04+00:00,0.9656110633409246,0.18323952822276032,127,0.599132006895404,E0_RANGE,0.0,0.3,no pre-decision precedent,,1000,3.23,NO_SIGNAL,cash basis UNRESOLVED; gross basis required,,,,,,,,,
exnight-strategy-v3,rBBDO-2026-10-05-1,rBBDO,RBBDOUSDT,2026-10-05,2026-10-02T23:30:04+00:00,0.9656110633409246,0.18323952822276032,127,0.599132006895404,E0_RANGE,0.0,0.3,no pre-decision precedent,,5000,3.23,NO_SIGNAL,cash basis UNRESOLVED; gross basis required,,,,,,,,,
exnight-strategy-v3,rBBDO-2026-10-05-1,rBBDO,RBBDOUSDT,2026-10-05,2026-10-02T23:30:04+00:00,0.9656110633409246,0.18323952822276032,127,0.599132006895404,E0_RANGE,0.0,0.3,no pre-decision precedent,,25000,3.23,NO_SIGNAL,cash basis UNRESOLVED; gross basis required,,,,,,,,,
exnight-strategy-v3,rBELFA-2026-10-15-1,rBELFA,RBELFAUSDT,2026-10-15,2026-10-02T23:30:04+00:00,0.9656110633409246,0.18323952822276032,127,0.599132006895404,E0_RANGE,0.0,0.3,no pre-decision precedent,0.0600000000000000,1000,209.31,NO_SIGNAL,sell: no depth sample for this symbol/session; buy: no depth sample for this symbol/session,,,,,,,,,
exnight-strategy-v3,rBELFA-2026-10-15-1,rBELFA,RBELFAUSDT,2026-10-15,2026-10-02T23:30:04+00:00,0.9656110633409246,0.18323952822276032,127,0.599132006895404,E0_RANGE,0.0,0.3,no pre-decision precedent,0.0600000000000000,5000,209.31,NO_SIGNAL,sell: no depth sample for this symbol/session; buy: no depth sample for this symbol/session,,,,,,,,,
exnight-strategy-v3,rBELFA-2026-10-15-1,rBELFA,RBELFAUSDT,2026-10-15,2026-10-02T23:30:04+00:00,0.9656110633409246,0.18323952822276032,127,0.599132006895404,E0_RANGE,0.0,0.3,no pre-decision precedent,0.0600000000000000,25000,209.31,NO_SIGNAL,sell: no depth sample for this symbol/session; buy: no depth sample for this symbol/session,,,,,,,,,
exnight-strategy-v3,rBELFB-2026-10-15-1,rBELFB,RBELFBUSDT,2026-10-15,2026-10-02T23:30:04+00:00,0.9656110633409246,0.18323952822276032,127,0.599132006895404,E0_RANGE,0.0,0.3,no pre-decision precedent,0.0700000000000000,1000,256.94,NO_SIGNAL,sell: no depth sample for this symbol/session; buy: no depth sample for this symbol/session,,,,,,,,,
exnight-strategy-v3,rBELFB-2026-10-15-1,rBELFB,RBELFBUSDT,2026-10-15,2026-10-02T23:30:04+00:00,0.9656110633409246,0.18323952822276032,127,0.599132006895404,E0_RANGE,0.0,0.3,no pre-decision precedent,0.0700000000000000,5000,256.94,NO_SIGNAL,sell: no depth sample for this symbol/session; buy: no depth sample for this symbol/session,,,,,,,,,
exnight-strategy-v3,rBELFB-2026-10-15-1,rBELFB,RBELFBUSDT,2026-10-15,2026-10-02T23:30:04+00:00,0.9656110633409246,0.18323952822276032,127,0.599132006895404,E0_RANGE,0.0,0.3,no pre-decision precedent,0.0700000000000000,25000,256.94,NO_SIGNAL,sell: no depth sample for this symbol/session; buy: no depth sample for this symbol/session,,,,,,,,,
exnight-strategy-v3,rBG-2026-11-17-1,rBG,RBGUSDT,2026-11-17,2026-10-02T23:30:04+00:00,0.9656110633409246,0.18323952822276032,127,0.599132006895404,E0_RANGE,0.0,0.3,no pre-decision precedent,,1000,107.27,NO_SIGNAL,cash basis UNRESOLVED; gross basis required,,,,,,,,,
exnight-strategy-v3,rBG-2026-11-17-1,rBG,RBGUSDT,2026-11-17,2026-10-02T23:30:04+00:00,0.9656110633409246,0.18323952822276032,127,0.599132006895404,E0_RANGE,0.0,0.3,no pre-decision precedent,,5000,107.27,NO_SIGNAL,cash basis UNRESOLVED; gross basis required,,,,,,,,,
exnight-strategy-v3,rBG-2026-11-17-1,rBG,RBGUSDT,2026-11-17,2026-10-02T23:30:04+00:00,0.9656110633409246,0.18323952822276032,127,0.599132006895404,E0_RANGE,0.0,0.3,no pre-decision precedent,,25000,107.27,NO_SIGNAL,cash basis UNRESOLVED; gross basis required,,,,,,,,,
exnight-strategy-v3,rBG-2027-02-16-1,rBG,RBGUSDT,2027-02-16,2026-10-02T23:30:04+00:00,0.9656110633409246,0.18323952822276032,127,0.599132006895404,E0_RANGE,0.0,0.3,no pre-decision precedent,,1000,107.27,NO_SIGNAL,cash basis UNRESOLVED; gross basis required,,,,,,,,,
exnight-strategy-v3,rBG-2027-02-16-1,rBG,RBGUSDT,2027-02-16,2026-10-02T23:30:04+00:00,0.9656110633409246,0.18323952822276032,127,0.599132006895404,E0_RANGE,0.0,0.3,no pre-decision precedent,,5000,107.27,NO_SIGNAL,cash basis UNRESOLVED; gross basis required,,,,,,,,,
exnight-strategy-v3,rBG-2027-02-16-1,rBG,RBGUSDT,2027-02-16,2026-10-02T23:30:04+00:00,0.9656110633409246,0.18323952822276032,127,0.599132006895404,E0_RANGE,0.0,0.3,no pre-decision precedent,,25000,107.27,NO_SIGNAL,cash basis UNRESOLVED; gross basis required,,,,,,,,,
exnight-strategy-v3,rBRC-2026-10-09-1,rBRC,RBRCUSDT,2026-10-09,2026-10-02T23:30:04+00:00,0.9656110633409246,0.18323952822276032,127,0.599132006895404,E0_RANGE,0.0,0.3,no pre-decision precedent,,1000,84.78,NO_SIGNAL,cash basis UNRESOLVED; gross basis required,,,,,,,,,
exnight-strategy-v3,rBRC-2026-10-09-1,rBRC,RBRCUSDT,2026-10-09,2026-10-02T23:30:04+00:00,0.9656110633409246,0.18323952822276032,127,0.599132006895404,E0_RANGE,0.0,0.3,no pre-decision precedent,,5000,84.78,NO_SIGNAL,cash basis UNRESOLVED; gross basis required,,,,,,,,,
exnight-strategy-v3,rBRC-2026-10-09-1,rBRC,RBRCUSDT,2026-10-09,2026-10-02T23:30:04+00:00,0.9656110633409246,0.18323952822276032,127,0.599132006895404,E0_RANGE,0.0,0.3,no pre-decision precedent,,25000,84.78,NO_SIGNAL,cash basis UNRESOLVED; gross basis required,,,,,,,,,
exnight-strategy-v3,rBTI-2026-12-29-1,rBTI,RBTIUSDT,2026-12-29,2026-10-02T23:30:04+00:00,0.9656110633409246,0.18323952822276032,127,0.599132006895404,E0_RANGE,0.0,0.3,no pre-decision precedent,,1000,52.9,NO_SIGNAL,cash basis UNRESOLVED; gross basis required,,,,,,,,,
exnight-strategy-v3,rBTI-2026-12-29-1,rBTI,RBTIUSDT,2026-12-29,2026-10-02T23:30:04+00:00,0.9656110633409246,0.18323952822276032,127,0.599132006895404,E0_RANGE,0.0,0.3,no pre-decision precedent,,5000,52.9,NO_SIGNAL,cash basis UNRESOLVED; gross basis required,,,,,,,,,
exnight-strategy-v3,rBTI-2026-12-29-1,rBTI,RBTIUSDT,2026-12-29,2026-10-02T23:30:04+00:00,0.9656110633409246,0.18323952822276032,127,0.599132006895404,E0_RANGE,0.0,0.3,no pre-decision precedent,,25000,52.9,NO_SIGNAL,cash basis UNRESOLVED; gross basis required,,,,,,,,,
exnight-strategy-v3,rCASY-2026-10-30-1,rCASY,RCASYUSDT,2026-10-30,2026-10-02T23:30:04+00:00,0.9656110633409246,0.18323952822276032,127,0.599132006895404,E0_RANGE,0.0,0.3,no pre-decision precedent,0.6500000000000000,1000,617.67,NO_SIGNAL,sell: no depth sample for this symbol/session; buy: no depth sample for this symbol/session,,,,,,,,,
exnight-strategy-v3,rCASY-2026-10-30-1,rCASY,RCASYUSDT,2026-10-30,2026-10-02T23:30:04+00:00,0.9656110633409246,0.18323952822276032,127,0.599132006895404,E0_RANGE,0.0,0.3,no pre-decision precedent,0.6500000000000000,5000,617.67,NO_SIGNAL,sell: no depth sample for this symbol/session; buy: no depth sample for this symbol/session,,,,,,,,,
exnight-strategy-v3,rCASY-2026-10-30-1,rCASY,RCASYUSDT,2026-10-30,2026-10-02T23:30:04+00:00,0.9656110633409246,0.18323952822276032,127,0.599132006895404,E0_RANGE,0.0,0.3,no pre-decision precedent,0.6500000000000000,25000,617.67,NO_SIGNAL,sell: no depth sample for this symbol/session; buy: no depth sample for this symbol/session,,,,,,,,,
exnight-strategy-v3,rCMCSA-2026-10-07-1,rCMCSA,RCMCSAUSDT,2026-10-07,2026-10-02T23:30:04+00:00,0.9656110633409246,0.18323952822276032,127,0.599132006895404,E1_DOCUMENTED_PRECEDENT,0.3,0.3,"dividends_2026_07_24: rCMCSA ex 2026-07-01 0.33 at 30%, available 2026-09-16T11:09:53+00:00 (primary)",0.3300000000000000,1000,21.59,NO_SIGNAL,"sell: $1,000 exceeds visible top-of-book ($22) on ticker-only symbol",2026-10-02T23:05:03.379854+00:00,ticker_only,2026-10-02T07:05:02.472194+00:00,ticker_only,,,,,
exnight-strategy-v3,rCMCSA-2026-10-07-1,rCMCSA,RCMCSAUSDT,2026-10-07,2026-10-02T23:30:04+00:00,0.9656110633409246,0.18323952822276032,127,0.599132006895404,E1_DOCUMENTED_PRECEDENT,0.3,0.3,"dividends_2026_07_24: rCMCSA ex 2026-07-01 0.33 at 30%, available 2026-09-16T11:09:53+00:00 (primary)",0.3300000000000000,5000,21.59,NO_SIGNAL,"sell: $5,000 exceeds visible top-of-book ($22) on ticker-only symbol",2026-10-02T23:05:03.379854+00:00,ticker_only,2026-10-02T07:05:02.472194+00:00,ticker_only,,,,,
exnight-strategy-v3,rCMCSA-2026-10-07-1,rCMCSA,RCMCSAUSDT,2026-10-07,2026-10-02T23:30:04+00:00,0.9656110633409246,0.18323952822276032,127,0.599132006895404,E1_DOCUMENTED_PRECEDENT,0.3,0.3,"dividends_2026_07_24: rCMCSA ex 2026-07-01 0.33 at 30%, available 2026-09-16T11:09:53+00:00 (primary)",0.3300000000000000,25000,21.59,NO_SIGNAL,"sell: $25,000 exceeds visible top-of-book ($22) on ticker-only symbol; buy: $25,000 exceeds visible top-of-book ($15,063) on ticker-only symbol",2026-10-02T23:05:03.379854+00:00,ticker_only,2026-10-02T07:05:02.472194+00:00,ticker_only,,,,,
exnight-strategy-v3,rCL-2026-10-20-1,rCL,RCLUSDT,2026-10-20,2026-10-02T23:30:04+00:00,0.9656110633409246,0.18323952822276032,127,0.599132006895404,E0_RANGE,0.0,0.3,no pre-decision precedent,,1000,84.3,NO_SIGNAL,cash basis UNRESOLVED; gross basis required,,,,,,,,,
exnight-strategy-v3,rCL-2026-10-20-1,rCL,RCLUSDT,2026-10-20,2026-10-02T23:30:04+00:00,0.9656110633409246,0.18323952822276032,127,0.599132006895404,E0_RANGE,0.0,0.3,no pre-decision precedent,,5000,84.3,NO_SIGNAL,cash basis UNRESOLVED; gross basis required,,,,,,,,,
exnight-strategy-v3,rCL-2026-10-20-1,rCL,RCLUSDT,2026-10-20,2026-10-02T23:30:04+00:00,0.9656110633409246,0.18323952822276032,127,0.599132006895404,E0_RANGE,0.0,0.3,no pre-decision precedent,,25000,84.3,NO_SIGNAL,cash basis UNRESOLVED; gross basis required,,,,,,,,,
exnight-strategy-v3,rCUZ-2026-10-05-1,rCUZ,RCUZUSDT,2026-10-05,2026-10-02T23:30:04+00:00,0.9656110633409246,0.18323952822276032,127,0.599132006895404,E0_RANGE,0.0,0.3,no pre-decision precedent,,1000,28.12,NO_SIGNAL,cash basis UNRESOLVED; gross basis required,,,,,,,,,
exnight-strategy-v3,rCUZ-2026-10-05-1,rCUZ,RCUZUSDT,2026-10-05,2026-10-02T23:30:04+00:00,0.9656110633409246,0.18323952822276032,127,0.599132006895404,E0_RANGE,0.0,0.3,no pre-decision precedent,,5000,28.12,NO_SIGNAL,cash basis UNRESOLVED; gross basis required,,,,,,,,,
exnight-strategy-v3,rCUZ-2026-10-05-1,rCUZ,RCUZUSDT,2026-10-05,2026-10-02T23:30:04+00:00,0.9656110633409246,0.18323952822276032,127,0.599132006895404,E0_RANGE,0.0,0.3,no pre-decision precedent,,25000,28.12,NO_SIGNAL,cash basis UNRESOLVED; gross basis required,,,,,,,,,
exnight-strategy-v3,rDG-2026-10-06-1,rDG,RDGUSDT,2026-10-06,2026-10-02T23:30:04+00:00,0.9656110633409246,0.18323952822276032,127,0.599132006895404,E0_RANGE,0.0,0.3,no pre-decision precedent,,1000,119.0,NO_SIGNAL,cash basis UNRESOLVED; gross basis required,,,,,,,,,
exnight-strategy-v3,rDG-2026-10-06-1,rDG,RDGUSDT,2026-10-06,2026-10-02T23:30:04+00:00,0.9656110633409246,0.18323952822276032,127,0.599132006895404,E0_RANGE,0.0,0.3,no pre-decision precedent,,5000,119.0,NO_SIGNAL,cash basis UNRESOLVED; gross basis required,,,,,,,,,
exnight-strategy-v3,rDG-2026-10-06-1,rDG,RDGUSDT,2026-10-06,2026-10-02T23:30:04+00:00,0.9656110633409246,0.18323952822276032,127,0.599132006895404,E0_RANGE,0.0,0.3,no pre-decision precedent,,25000,119.0,NO_SIGNAL,cash basis UNRESOLVED; gross basis required,,,,,,,,,
exnight-strategy-v3,rDGX-2026-10-06-1,rDGX,RDGXUSDT,2026-10-06,2026-10-02T23:30:04+00:00,0.9656110633409246,0.18323952822276032,127,0.599132006895404,E0_RANGE,0.0,0.3,no pre-decision precedent,,1000,233.0,NO_SIGNAL,cash basis UNRESOLVED; gross basis required,,,,,,,,,
exnight-strategy-v3,rDGX-2026-10-06-1,rDGX,RDGXUSDT,2026-10-06,2026-10-02T23:30:04+00:00,0.9656110633409246,0.18323952822276032,127,0.599132006895404,E0_RANGE,0.0,0.3,no pre-decision precedent,,5000,233.0,NO_SIGNAL,cash basis UNRESOLVED; gross basis required,,,,,,,,,
exnight-strategy-v3,rDGX-2026-10-06-1,rDGX,RDGXUSDT,2026-10-06,2026-10-02T23:30:04+00:00,0.9656110633409246,0.18323952822276032,127,0.599132006895404,E0_RANGE,0.0,0.3,no pre-decision precedent,,25000,233.0,NO_SIGNAL,cash basis UNRESOLVED; gross basis required,,,,,,,,,
exnight-strategy-v3,rDEO-2026-10-16-1,rDEO,RDEOUSDT,2026-10-16,2026-10-02T23:30:04+00:00,0.9656110633409246,0.18323952822276032,127,0.599132006895404,E0_RANGE,0.0,0.3,no pre-decision precedent,,1000,85.25,NO_SIGNAL,cash basis UNRESOLVED; gross basis required,,,,,,,,,
exnight-strategy-v3,rDEO-2026-10-16-1,rDEO,RDEOUSDT,2026-10-16,2026-10-02T23:30:04+00:00,0.9656110633409246,0.18323952822276032,127,0.599132006895404,E0_RANGE,0.0,0.3,no pre-decision precedent,,5000,85.25,NO_SIGNAL,cash basis UNRESOLVED; gross basis required,,,,,,,,,
exnight-strategy-v3,rDEO-2026-10-16-1,rDEO,RDEOUSDT,2026-10-16,2026-10-02T23:30:04+00:00,0.9656110633409246,0.18323952822276032,127,0.599132006895404,E0_RANGE,0.0,0.3,no pre-decision precedent,,25000,85.25,NO_SIGNAL,cash basis UNRESOLVED; gross basis required,,,,,,,,,
exnight-strategy-v3,rDELL-2026-10-20-1,rDELL,RDELLUSDT,2026-10-20,2026-10-02T23:30:04+00:00,0.9656110633409246,0.18323952822276032,127,0.599132006895404,E0_RANGE,0.0,0.3,no pre-decision precedent,,1000,563.31,NO_SIGNAL,cash basis UNRESOLVED; gross basis required,,,,,,,,,
exnight-strategy-v3,rDELL-2026-10-20-1,rDELL,RDELLUSDT,2026-10-20,2026-10-02T23:30:04+00:00,0.9656110633409246,0.18323952822276032,127,0.599132006895404,E0_RANGE,0.0,0.3,no pre-decision precedent,,5000,563.31,NO_SIGNAL,cash basis UNRESOLVED; gross basis required,,,,,,,,,
exnight-strategy-v3,rDELL-2026-10-20-1,rDELL,RDELLUSDT,2026-10-20,2026-10-02T23:30:04+00:00,0.9656110633409246,0.18323952822276032,127,0.599132006895404,E0_RANGE,0.0,0.3,no pre-decision precedent,,25000,563.31,NO_SIGNAL,cash basis UNRESOLVED; gross basis required,,,,,,,,,
exnight-strategy-v3,rERIE-2026-10-05-1,rERIE,RERIEUSDT,2026-10-05,2026-10-02T23:30:04+00:00,0.9656110633409246,0.18323952822276032,127,0.599132006895404,E0_RANGE,0.0,0.3,no pre-decision precedent,1.4625000000000000,1000,222.0,NO_SIGNAL,sell: no depth sample for this symbol/session; buy: no depth sample for this symbol/session,,,,,,,,,
exnight-strategy-v3,rERIE-2026-10-05-1,rERIE,RERIEUSDT,2026-10-05,2026-10-02T23:30:04+00:00,0.9656110633409246,0.18323952822276032,127,0.599132006895404,E0_RANGE,0.0,0.3,no pre-decision precedent,1.4625000000000000,5000,222.0,NO_SIGNAL,sell: no depth sample for this symbol/session; buy: no depth sample for this symbol/session,,,,,,,,,
exnight-strategy-v3,rERIE-2026-10-05-1,rERIE,RERIEUSDT,2026-10-05,2026-10-02T23:30:04+00:00,0.9656110633409246,0.18323952822276032,127,0.599132006895404,E0_RANGE,0.0,0.3,no pre-decision precedent,1.4625000000000000,25000,222.0,NO_SIGNAL,sell: no depth sample for this symbol/session; buy: no depth sample for this symbol/session,,,,,,,,,
exnight-strategy-v3,rESLT-2026-10-13-1,rESLT,RESLTUSDT,2026-10-13,2026-10-02T23:30:04+00:00,0.9656110633409246,0.18323952822276032,127,0.599132006895404,E0_RANGE,0.0,0.3,no pre-decision precedent,1.0000000000000000,1000,696.23,NO_SIGNAL,sell: no depth sample for this symbol/session; buy: no depth sample for this symbol/session,,,,,,,,,
exnight-strategy-v3,rESLT-2026-10-13-1,rESLT,RESLTUSDT,2026-10-13,2026-10-02T23:30:04+00:00,0.9656110633409246,0.18323952822276032,127,0.599132006895404,E0_RANGE,0.0,0.3,no pre-decision precedent,1.0000000000000000,5000,696.23,NO_SIGNAL,sell: no depth sample for this symbol/session; buy: no depth sample for this symbol/session,,,,,,,,,
exnight-strategy-v3,rESLT-2026-10-13-1,rESLT,RESLTUSDT,2026-10-13,2026-10-02T23:30:04+00:00,0.9656110633409246,0.18323952822276032,127,0.599132006895404,E0_RANGE,0.0,0.3,no pre-decision precedent,1.0000000000000000,25000,696.23,NO_SIGNAL,sell: no depth sample for this symbol/session; buy: no depth sample for this symbol/session,,,,,,,,,
exnight-strategy-v3,rEOG-2026-10-16-1,rEOG,REOGUSDT,2026-10-16,2026-10-02T23:30:04+00:00,0.9656110633409246,0.18323952822276032,127,0.599132006895404,E0_RANGE,0.0,0.3,no pre-decision precedent,,1000,141.38,NO_SIGNAL,cash basis UNRESOLVED; gross basis required,,,,,,,,,
exnight-strategy-v3,rEOG-2026-10-16-1,rEOG,REOGUSDT,2026-10-16,2026-10-02T23:30:04+00:00,0.9656110633409246,0.18323952822276032,127,0.599132006895404,E0_RANGE,0.0,0.3,no pre-decision precedent,,5000,141.38,NO_SIGNAL,cash basis UNRESOLVED; gross basis required,,,,,,,,,
exnight-strategy-v3,rEOG-2026-10-16-1,rEOG,REOGUSDT,2026-10-16,2026-10-02T23:30:04+00:00,0.9656110633409246,0.18323952822276032,127,0.599132006895404,E0_RANGE,0.0,0.3,no pre-decision precedent,,25000,141.38,NO_SIGNAL,cash basis UNRESOLVED; gross basis required,,,,,,,,,
exnight-strategy-v3,rGAP-2026-10-07-1,rGAP,RGAPUSDT,2026-10-07,2026-10-02T23:30:04+00:00,0.9656110633409246,0.18323952822276032,127,0.599132006895404,E0_RANGE,0.0,0.3,no pre-decision precedent,,1000,22.48,NO_SIGNAL,cash basis UNRESOLVED; gross basis required,,,,,,,,,
exnight-strategy-v3,rGAP-2026-10-07-1,rGAP,RGAPUSDT,2026-10-07,2026-10-02T23:30:04+00:00,0.9656110633409246,0.18323952822276032,127,0.599132006895404,E0_RANGE,0.0,0.3,no pre-decision precedent,,5000,22.48,NO_SIGNAL,cash basis UNRESOLVED; gross basis required,,,,,,,,,
exnight-strategy-v3,rGAP-2026-10-07-1,rGAP,RGAPUSDT,2026-10-07,2026-10-02T23:30:04+00:00,0.9656110633409246,0.18323952822276032,127,0.599132006895404,E0_RANGE,0.0,0.3,no pre-decision precedent,,25000,22.48,NO_SIGNAL,cash basis UNRESOLVED; gross basis required,,,,,,,,,
exnight-strategy-v3,rGD-2026-10-09-1,rGD,RGDUSDT,2026-10-09,2026-10-02T23:30:04+00:00,0.9656110633409246,0.18323952822276032,127,0.599132006895404,E0_RANGE,0.0,0.3,no pre-decision precedent,,1000,331.1,NO_SIGNAL,cash basis UNRESOLVED; gross basis required,,,,,,,,,
exnight-strategy-v3,rGD-2026-10-09-1,rGD,RGDUSDT,2026-10-09,2026-10-02T23:30:04+00:00,0.9656110633409246,0.18323952822276032,127,0.599132006895404,E0_RANGE,0.0,0.3,no pre-decision precedent,,5000,331.1,NO_SIGNAL,cash basis UNRESOLVED; gross basis required,,,,,,,,,
exnight-strategy-v3,rGD-2026-10-09-1,rGD,RGDUSDT,2026-10-09,2026-10-02T23:30:04+00:00,0.9656110633409246,0.18323952822276032,127,0.599132006895404,E0_RANGE,0.0,0.3,no pre-decision precedent,,25000,331.1,NO_SIGNAL,cash basis UNRESOLVED; gross basis required,,,,,,,,,
exnight-strategy-v3,rGGG-2026-10-19-1,rGGG,RGGGUSDT,2026-10-19,2026-10-02T23:30:04+00:00,0.9656110633409246,0.18323952822276032,127,0.599132006895404,E0_RANGE,0.0,0.3,no pre-decision precedent,,1000,78.0,NO_SIGNAL,cash basis UNRESOLVED; gross basis required,,,,,,,,,
exnight-strategy-v3,rGGG-2026-10-19-1,rGGG,RGGGUSDT,2026-10-19,2026-10-02T23:30:04+00:00,0.9656110633409246,0.18323952822276032,127,0.599132006895404,E0_RANGE,0.0,0.3,no pre-decision precedent,,5000,78.0,NO_SIGNAL,cash basis UNRESOLVED; gross basis required,,,,,,,,,
exnight-strategy-v3,rGGG-2026-10-19-1,rGGG,RGGGUSDT,2026-10-19,2026-10-02T23:30:04+00:00,0.9656110633409246,0.18323952822276032,127,0.599132006895404,E0_RANGE,0.0,0.3,no pre-decision precedent,,25000,78.0,NO_SIGNAL,cash basis UNRESOLVED; gross basis required,,,,,,,,,
exnight-strategy-v3,rGL-2026-10-05-1,rGL,RGLUSDT,2026-10-05,2026-10-02T23:30:04+00:00,0.9656110633409246,0.18323952822276032,127,0.599132006895404,E0_RANGE,0.0,0.3,no pre-decision precedent,,1000,165.68,NO_SIGNAL,cash basis UNRESOLVED; gross basis required,,,,,,,,,
exnight-strategy-v3,rGL-2026-10-05-1,rGL,RGLUSDT,2026-10-05,2026-10-02T23:30:04+00:00,0.9656110633409246,0.18323952822276032,127,0.599132006895404,E0_RANGE,0.0,0.3,no pre-decision precedent,,5000,165.68,NO_SIGNAL,cash basis UNRESOLVED; gross basis required,,,,,,,,,
exnight-strategy-v3,rGL-2026-10-05-1,rGL,RGLUSDT,2026-10-05,2026-10-02T23:30:04+00:00,0.9656110633409246,0.18323952822276032,127,0.599132006895404,E0_RANGE,0.0,0.3,no pre-decision precedent,,25000,165.68,NO_SIGNAL,cash basis UNRESOLVED; gross basis required,,,,,,,,,
exnight-strategy-v3,rGNTX-2026-10-07-1,rGNTX,RGNTXUSDT,2026-10-07,2026-10-02T23:30:04+00:00,0.9656110633409246,0.18323952822276032,127,0.599132006895404,E0_RANGE,0.0,0.3,no pre-decision precedent,0.1200000000000000,1000,22.08,NO_SIGNAL,sell: no depth sample for this symbol/session; buy: no depth sample for this symbol/session,,,,,,,,,
exnight-strategy-v3,rGNTX-2026-10-07-1,rGNTX,RGNTXUSDT,2026-10-07,2026-10-02T23:30:04+00:00,0.9656110633409246,0.18323952822276032,127,0.599132006895404,E0_RANGE,0.0,0.3,no pre-decision precedent,0.1200000000000000,5000,22.08,NO_SIGNAL,sell: no depth sample for this symbol/session; buy: no depth sample for this symbol/session,,,,,,,,,
exnight-strategy-v3,rGNTX-2026-10-07-1,rGNTX,RGNTXUSDT,2026-10-07,2026-10-02T23:30:04+00:00,0.9656110633409246,0.18323952822276032,127,0.599132006895404,E0_RANGE,0.0,0.3,no pre-decision precedent,0.1200000000000000,25000,22.08,NO_SIGNAL,sell: no depth sample for this symbol/session; buy: no depth sample for this symbol/session,,,,,,,,,
exnight-strategy-v3,rGHC-2026-10-15-1,rGHC,RGHCUSDT,2026-10-15,2026-10-02T23:30:04+00:00,0.9656110633409246,0.18323952822276032,127,0.599132006895404,E0_RANGE,0.0,0.3,no pre-decision precedent,,1000,1149.61,NO_SIGNAL,cash basis UNRESOLVED; gross basis required,,,,,,,,,
exnight-strategy-v3,rGHC-2026-10-15-1,rGHC,RGHCUSDT,2026-10-15,2026-10-02T23:30:04+00:00,0.9656110633409246,0.18323952822276032,127,0.599132006895404,E0_RANGE,0.0,0.3,no pre-decision precedent,,5000,1149.61,NO_SIGNAL,cash basis UNRESOLVED; gross basis required,,,,,,,,,
exnight-strategy-v3,rGHC-2026-10-15-1,rGHC,RGHCUSDT,2026-10-15,2026-10-02T23:30:04+00:00,0.9656110633409246,0.18323952822276032,127,0.599132006895404,E0_RANGE,0.0,0.3,no pre-decision precedent,,25000,1149.61,NO_SIGNAL,cash basis UNRESOLVED; gross basis required,,,,,,,,,
exnight-strategy-v3,rGRMN-2026-12-11-1,rGRMN,RGRMNUSDT,2026-12-11,2026-10-02T23:30:04+00:00,0.9656110633409246,0.18323952822276032,127,0.599132006895404,E0_RANGE,0.0,0.3,no pre-decision precedent,,1000,282.0,NO_SIGNAL,cash basis UNRESOLVED; gross basis required,,,,,,,,,
exnight-strategy-v3,rGRMN-2026-12-11-1,rGRMN,RGRMNUSDT,2026-12-11,2026-10-02T23:30:04+00:00,0.9656110633409246,0.18323952822276032,127,0.599132006895404,E0_RANGE,0.0,0.3,no pre-decision precedent,,5000,282.0,NO_SIGNAL,cash basis UNRESOLVED; gross basis required,,,,,,,,,
exnight-strategy-v3,rGRMN-2026-12-11-1,rGRMN,RGRMNUSDT,2026-12-11,2026-10-02T23:30:04+00:00,0.9656110633409246,0.18323952822276032,127,0.599132006895404,E0_RANGE,0.0,0.3,no pre-decision precedent,,25000,282.0,NO_SIGNAL,cash basis UNRESOLVED; gross basis required,,,,,,,,,
exnight-strategy-v3,rGRMN-2027-03-12-1,rGRMN,RGRMNUSDT,2027-03-12,2026-10-02T23:30:04+00:00,0.9656110633409246,0.18323952822276032,127,0.599132006895404,E0_RANGE,0.0,0.3,no pre-decision precedent,,1000,282.0,NO_SIGNAL,cash basis UNRESOLVED; gross basis required,,,,,,,,,
exnight-strategy-v3,rGRMN-2027-03-12-1,rGRMN,RGRMNUSDT,2027-03-12,2026-10-02T23:30:04+00:00,0.9656110633409246,0.18323952822276032,127,0.599132006895404,E0_RANGE,0.0,0.3,no pre-decision precedent,,5000,282.0,NO_SIGNAL,cash basis UNRESOLVED; gross basis required,,,,,,,,,
exnight-strategy-v3,rGRMN-2027-03-12-1,rGRMN,RGRMNUSDT,2027-03-12,2026-10-02T23:30:04+00:00,0.9656110633409246,0.18323952822276032,127,0.599132006895404,E0_RANGE,0.0,0.3,no pre-decision precedent,,25000,282.0,NO_SIGNAL,cash basis UNRESOLVED; gross basis required,,,,,,,,,
exnight-strategy-v3,rHMY-2026-10-09-1,rHMY,RHMYUSDT,2026-10-09,2026-10-02T23:30:04+00:00,0.9656110633409246,0.18323952822276032,127,0.599132006895404,E0_RANGE,0.0,0.3,no pre-decision precedent,,1000,17.32,NO_SIGNAL,cash basis UNRESOLVED; gross basis required,,,,,,,,,
exnight-strategy-v3,rHMY-2026-10-09-1,rHMY,RHMYUSDT,2026-10-09,2026-10-02T23:30:04+00:00,0.9656110633409246,0.18323952822276032,127,0.599132006895404,E0_RANGE,0.0,0.3,no pre-decision precedent,,5000,17.32,NO_SIGNAL,cash basis UNRESOLVED; gross basis required,,,,,,,,,
exnight-strategy-v3,rHMY-2026-10-09-1,rHMY,RHMYUSDT,2026-10-09,2026-10-02T23:30:04+00:00,0.9656110633409246,0.18323952822276032,127,0.599132006895404,E0_RANGE,0.0,0.3,no pre-decision precedent,,25000,17.32,NO_SIGNAL,cash basis UNRESOLVED; gross basis required,,,,,,,,,
exnight-strategy-v3,rHUM-2026-10-30-1,rHUM,RHUMUSDT,2026-10-30,2026-10-02T23:30:04+00:00,0.9656110633409246,0.18323952822276032,127,0.599132006895404,E0_RANGE,0.0,0.3,no pre-decision precedent,,1000,387.7,NO_SIGNAL,cash basis UNRESOLVED; gross basis required,,,,,,,,,
exnight-strategy-v3,rHUM-2026-10-30-1,rHUM,RHUMUSDT,2026-10-30,2026-10-02T23:30:04+00:00,0.9656110633409246,0.18323952822276032,127,0.599132006895404,E0_RANGE,0.0,0.3,no pre-decision precedent,,5000,387.7,NO_SIGNAL,cash basis UNRESOLVED; gross basis required,,,,,,,,,
exnight-strategy-v3,rHUM-2026-10-30-1,rHUM,RHUMUSDT,2026-10-30,2026-10-02T23:30:04+00:00,0.9656110633409246,0.18323952822276032,127,0.599132006895404,E0_RANGE,0.0,0.3,no pre-decision precedent,,25000,387.7,NO_SIGNAL,cash basis UNRESOLVED; gross basis required,,,,,,,,,
exnight-strategy-v3,rICE-2026-12-16-1,rICE,RICEUSDT,2026-12-16,2026-10-02T23:30:04+00:00,0.9656110633409246,0.18323952822276032,127,0.599132006895404,E0_RANGE,0.0,0.3,no pre-decision precedent,,1000,151.1,NO_SIGNAL,cash basis UNRESOLVED; gross basis required,,,,,,,,,
exnight-strategy-v3,rICE-2026-12-16-1,rICE,RICEUSDT,2026-12-16,2026-10-02T23:30:04+00:00,0.9656110633409246,0.18323952822276032,127,0.599132006895404,E0_RANGE,0.0,0.3,no pre-decision precedent,,5000,151.1,NO_SIGNAL,cash basis UNRESOLVED; gross basis required,,,,,,,,,
exnight-strategy-v3,rICE-2026-12-16-1,rICE,RICEUSDT,2026-12-16,2026-10-02T23:30:04+00:00,0.9656110633409246,0.18323952822276032,127,0.599132006895404,E0_RANGE,0.0,0.3,no pre-decision precedent,,25000,151.1,NO_SIGNAL,cash basis UNRESOLVED; gross basis required,,,,,,,,,
exnight-strategy-v3,rIDCC-2026-10-14-1,rIDCC,RIDCCUSDT,2026-10-14,2026-10-02T23:30:04+00:00,0.9656110633409246,0.18323952822276032,127,0.599132006895404,E0_RANGE,0.0,0.3,no pre-decision precedent,0.7500000000000000,1000,334.0,NO_SIGNAL,sell: no depth sample for this symbol/session; buy: no depth sample for this symbol/session,,,,,,,,,
exnight-strategy-v3,rIDCC-2026-10-14-1,rIDCC,RIDCCUSDT,2026-10-14,2026-10-02T23:30:04+00:00,0.9656110633409246,0.18323952822276032,127,0.599132006895404,E0_RANGE,0.0,0.3,no pre-decision precedent,0.7500000000000000,5000,334.0,NO_SIGNAL,sell: no depth sample for this symbol/session; buy: no depth sample for this symbol/session,,,,,,,,,
exnight-strategy-v3,rIDCC-2026-10-14-1,rIDCC,RIDCCUSDT,2026-10-14,2026-10-02T23:30:04+00:00,0.9656110633409246,0.18323952822276032,127,0.599132006895404,E0_RANGE,0.0,0.3,no pre-decision precedent,0.7500000000000000,25000,334.0,NO_SIGNAL,sell: no depth sample for this symbol/session; buy: no depth sample for this symbol/session,,,,,,,,,
exnight-strategy-v3,rINDV-2026-10-30-1,rINDV,RINDVUSDT,2026-10-30,2026-10-02T23:30:04+00:00,0.9656110633409246,0.18323952822276032,127,0.599132006895404,E0_RANGE,0.0,0.3,no pre-decision precedent,,1000,36.01,NO_SIGNAL,cash basis UNRESOLVED; gross basis required,,,,,,,,,
exnight-strategy-v3,rINDV-2026-10-30-1,rINDV,RINDVUSDT,2026-10-30,2026-10-02T23:30:04+00:00,0.9656110633409246,0.18323952822276032,127,0.599132006895404,E0_RANGE,0.0,0.3,no pre-decision precedent,,5000,36.01,NO_SIGNAL,cash basis UNRESOLVED; gross basis required,,,,,,,,,
exnight-strategy-v3,rINDV-2026-10-30-1,rINDV,RINDVUSDT,2026-10-30,2026-10-02T23:30:04+00:00,0.9656110633409246,0.18323952822276032,127,0.599132006895404,E0_RANGE,0.0,0.3,no pre-decision precedent,,25000,36.01,NO_SIGNAL,cash basis UNRESOLVED; gross basis required,,,,,,,,,
exnight-strategy-v3,rINTU-2026-10-08-1,rINTU,RINTUUSDT,2026-10-08,2026-10-02T23:30:04+00:00,0.9656110633409246,0.18323952822276032,127,0.599132006895404,E1_DOCUMENTED_PRECEDENT,0.3,0.3,"dividends_2026_07_24: rINTU ex 2026-07-09 1.2 at 30%, available 2026-09-16T11:09:53+00:00 (primary)",1.3800000000000000,1000,280.01,NO_SIGNAL,"sell: $1,000 exceeds visible top-of-book ($280) on ticker-only symbol",2026-10-02T23:05:03.379854+00:00,ticker_only,2026-10-02T07:05:02.472194+00:00,ticker_only,,,,,
exnight-strategy-v3,rINTU-2026-10-08-1,rINTU,RINTUUSDT,2026-10-08,2026-10-02T23:30:04+00:00,0.9656110633409246,0.18323952822276032,127,0.599132006895404,E1_DOCUMENTED_PRECEDENT,0.3,0.3,"dividends_2026_07_24: rINTU ex 2026-07-09 1.2 at 30%, available 2026-09-16T11:09:53+00:00 (primary)",1.3800000000000000,5000,280.01,NO_SIGNAL,"sell: $5,000 exceeds visible top-of-book ($280) on ticker-only symbol; buy: $5,000 exceeds visible top-of-book ($2,550) on ticker-only symbol",2026-10-02T23:05:03.379854+00:00,ticker_only,2026-10-02T07:05:02.472194+00:00,ticker_only,,,,,
exnight-strategy-v3,rINTU-2026-10-08-1,rINTU,RINTUUSDT,2026-10-08,2026-10-02T23:30:04+00:00,0.9656110633409246,0.18323952822276032,127,0.599132006895404,E1_DOCUMENTED_PRECEDENT,0.3,0.3,"dividends_2026_07_24: rINTU ex 2026-07-09 1.2 at 30%, available 2026-09-16T11:09:53+00:00 (primary)",1.3800000000000000,25000,280.01,NO_SIGNAL,"sell: $25,000 exceeds visible top-of-book ($280) on ticker-only symbol; buy: $25,000 exceeds visible top-of-book ($2,550) on ticker-only symbol",2026-10-02T23:05:03.379854+00:00,ticker_only,2026-10-02T07:05:02.472194+00:00,ticker_only,,,,,
exnight-strategy-v3,rJAN-2026-10-16-1,rJAN,RJANUSDT,2026-10-16,2026-10-02T23:30:04+00:00,0.9656110633409246,0.18323952822276032,127,0.599132006895404,E0_RANGE,0.0,0.3,no pre-decision precedent,,1000,29.05,NO_SIGNAL,cash basis UNRESOLVED; gross basis required,,,,,,,,,
exnight-strategy-v3,rJAN-2026-10-16-1,rJAN,RJANUSDT,2026-10-16,2026-10-02T23:30:04+00:00,0.9656110633409246,0.18323952822276032,127,0.599132006895404,E0_RANGE,0.0,0.3,no pre-decision precedent,,5000,29.05,NO_SIGNAL,cash basis UNRESOLVED; gross basis required,,,,,,,,,
exnight-strategy-v3,rJAN-2026-10-16-1,rJAN,RJANUSDT,2026-10-16,2026-10-02T23:30:04+00:00,0.9656110633409246,0.18323952822276032,127,0.599132006895404,E0_RANGE,0.0,0.3,no pre-decision precedent,,25000,29.05,NO_SIGNAL,cash basis UNRESOLVED; gross basis required,,,,,,,,,
exnight-strategy-v3,rJAN-2026-11-12-1,rJAN,RJANUSDT,2026-11-12,2026-10-02T23:30:04+00:00,0.9656110633409246,0.18323952822276032,127,0.599132006895404,E0_RANGE,0.0,0.3,no pre-decision precedent,,1000,29.05,NO_SIGNAL,cash basis UNRESOLVED; gross basis required,,,,,,,,,
exnight-strategy-v3,rJAN-2026-11-12-1,rJAN,RJANUSDT,2026-11-12,2026-10-02T23:30:04+00:00,0.9656110633409246,0.18323952822276032,127,0.599132006895404,E0_RANGE,0.0,0.3,no pre-decision precedent,,5000,29.05,NO_SIGNAL,cash basis UNRESOLVED; gross basis required,,,,,,,,,
exnight-strategy-v3,rJAN-2026-11-12-1,rJAN,RJANUSDT,2026-11-12,2026-10-02T23:30:04+00:00,0.9656110633409246,0.18323952822276032,127,0.599132006895404,E0_RANGE,0.0,0.3,no pre-decision precedent,,25000,29.05,NO_SIGNAL,cash basis UNRESOLVED; gross basis required,,,,,,,,,
exnight-strategy-v3,rJAN-2026-12-18-1,rJAN,RJANUSDT,2026-12-18,2026-10-02T23:30:04+00:00,0.9656110633409246,0.18323952822276032,127,0.599132006895404,E0_RANGE,0.0,0.3,no pre-decision precedent,,1000,29.05,NO_SIGNAL,cash basis UNRESOLVED; gross basis required,,,,,,,,,
exnight-strategy-v3,rJAN-2026-12-18-1,rJAN,RJANUSDT,2026-12-18,2026-10-02T23:30:04+00:00,0.9656110633409246,0.18323952822276032,127,0.599132006895404,E0_RANGE,0.0,0.3,no pre-decision precedent,,5000,29.05,NO_SIGNAL,cash basis UNRESOLVED; gross basis required,,,,,,,,,
exnight-strategy-v3,rJAN-2026-12-18-1,rJAN,RJANUSDT,2026-12-18,2026-10-02T23:30:04+00:00,0.9656110633409246,0.18323952822276032,127,0.599132006895404,E0_RANGE,0.0,0.3,no pre-decision precedent,,25000,29.05,NO_SIGNAL,cash basis UNRESOLVED; gross basis required,,,,,,,,,
exnight-strategy-v3,rJPM-2026-10-06-1,rJPM,RJPMUSDT,2026-10-06,2026-10-02T23:30:04+00:00,0.9656110633409246,0.18323952822276032,127,0.599132006895404,E0_RANGE,0.0,0.3,no pre-decision precedent,,1000,332.38,NO_SIGNAL,cash basis UNRESOLVED; gross basis required,,,,,,,,,
exnight-strategy-v3,rJPM-2026-10-06-1,rJPM,RJPMUSDT,2026-10-06,2026-10-02T23:30:04+00:00,0.9656110633409246,0.18323952822276032,127,0.599132006895404,E0_RANGE,0.0,0.3,no pre-decision precedent,,5000,332.38,NO_SIGNAL,cash basis UNRESOLVED; gross basis required,,,,,,,,,
exnight-strategy-v3,rJPM-2026-10-06-1,rJPM,RJPMUSDT,2026-10-06,2026-10-02T23:30:04+00:00,0.9656110633409246,0.18323952822276032,127,0.599132006895404,E0_RANGE,0.0,0.3,no pre-decision precedent,,25000,332.38,NO_SIGNAL,cash basis UNRESOLVED; gross basis required,,,,,,,,,
exnight-strategy-v3,rKAI-2026-10-15-1,rKAI,RKAIUSDT,2026-10-15,2026-10-02T23:30:04+00:00,0.9656110633409246,0.18323952822276032,127,0.599132006895404,E0_RANGE,0.0,0.3,no pre-decision precedent,,1000,268.83,NO_SIGNAL,cash basis UNRESOLVED; gross basis required,,,,,,,,,
exnight-strategy-v3,rKAI-2026-10-15-1,rKAI,RKAIUSDT,2026-10-15,2026-10-02T23:30:04+00:00,0.9656110633409246,0.18323952822276032,127,0.599132006895404,E0_RANGE,0.0,0.3,no pre-decision precedent,,5000,268.83,NO_SIGNAL,cash basis UNRESOLVED; gross basis required,,,,,,,,,
exnight-strategy-v3,rKAI-2026-10-15-1,rKAI,RKAIUSDT,2026-10-15,2026-10-02T23:30:04+00:00,0.9656110633409246,0.18323952822276032,127,0.599132006895404,E0_RANGE,0.0,0.3,no pre-decision precedent,,25000,268.83,NO_SIGNAL,cash basis UNRESOLVED; gross basis required,,,,,,,,,
exnight-strategy-v3,rKRG-2026-10-09-1,rKRG,RKRGUSDT,2026-10-09,2026-10-02T23:30:04+00:00,0.9656110633409246,0.18323952822276032,127,0.599132006895404,E0_RANGE,0.0,0.3,no pre-decision precedent,,1000,24.39,NO_SIGNAL,cash basis UNRESOLVED; gross basis required,,,,,,,,,
exnight-strategy-v3,rKRG-2026-10-09-1,rKRG,RKRGUSDT,2026-10-09,2026-10-02T23:30:04+00:00,0.9656110633409246,0.18323952822276032,127,0.599132006895404,E0_RANGE,0.0,0.3,no pre-decision precedent,,5000,24.39,NO_SIGNAL,cash basis UNRESOLVED; gross basis required,,,,,,,,,
exnight-strategy-v3,rKRG-2026-10-09-1,rKRG,RKRGUSDT,2026-10-09,2026-10-02T23:30:04+00:00,0.9656110633409246,0.18323952822276032,127,0.599132006895404,E0_RANGE,0.0,0.3,no pre-decision precedent,,25000,24.39,NO_SIGNAL,cash basis UNRESOLVED; gross basis required,,,,,,,,,
exnight-strategy-v3,rKR-2026-11-16-1,rKR,RKRUSDT,2026-11-16,2026-10-02T23:30:04+00:00,0.9656110633409246,0.18323952822276032,127,0.599132006895404,E0_RANGE,0.0,0.3,no pre-decision precedent,,1000,59.58,NO_SIGNAL,cash basis UNRESOLVED; gross basis required,,,,,,,,,
exnight-strategy-v3,rKR-2026-11-16-1,rKR,RKRUSDT,2026-11-16,2026-10-02T23:30:04+00:00,0.9656110633409246,0.18323952822276032,127,0.599132006895404,E0_RANGE,0.0,0.3,no pre-decision precedent,,5000,59.58,NO_SIGNAL,cash basis UNRESOLVED; gross basis required,,,,,,,,,
exnight-strategy-v3,rKR-2026-11-16-1,rKR,RKRUSDT,2026-11-16,2026-10-02T23:30:04+00:00,0.9656110633409246,0.18323952822276032,127,0.599132006895404,E0_RANGE,0.0,0.3,no pre-decision precedent,,25000,59.58,NO_SIGNAL,cash basis UNRESOLVED; gross basis required,,,,,,,,,
exnight-strategy-v3,rLNC-2026-10-09-1,rLNC,RLNCUSDT,2026-10-09,2026-10-02T23:30:04+00:00,0.9656110633409246,0.18323952822276032,127,0.599132006895404,E0_RANGE,0.0,0.3,no pre-decision precedent,,1000,40.3,NO_SIGNAL,cash basis UNRESOLVED; gross basis required,,,,,,,,,
exnight-strategy-v3,rLNC-2026-10-09-1,rLNC,RLNCUSDT,2026-10-09,2026-10-02T23:30:04+00:00,0.9656110633409246,0.18323952822276032,127,0.599132006895404,E0_RANGE,0.0,0.3,no pre-decision precedent,,5000,40.3,NO_SIGNAL,cash basis UNRESOLVED; gross basis required,,,,,,,,,
exnight-strategy-v3,rLNC-2026-10-09-1,rLNC,RLNCUSDT,2026-10-09,2026-10-02T23:30:04+00:00,0.9656110633409246,0.18323952822276032,127,0.599132006895404,E0_RANGE,0.0,0.3,no pre-decision precedent,,25000,40.3,NO_SIGNAL,cash basis UNRESOLVED; gross basis required,,,,,,,,,
exnight-strategy-v3,rLOW-2026-10-21-1,rLOW,RLOWUSDT,2026-10-21,2026-10-02T23:30:04+00:00,0.9656110633409246,0.18323952822276032,127,0.599132006895404,E0_RANGE,0.0,0.3,no pre-decision precedent,,1000,181.13,NO_SIGNAL,cash basis UNRESOLVED; gross basis required,,,,,,,,,
exnight-strategy-v3,rLOW-2026-10-21-1,rLOW,RLOWUSDT,2026-10-21,2026-10-02T23:30:04+00:00,0.9656110633409246,0.18323952822276032,127,0.599132006895404,E0_RANGE,0.0,0.3,no pre-decision precedent,,5000,181.13,NO_SIGNAL,cash basis UNRESOLVED; gross basis required,,,,,,,,,
exnight-strategy-v3,rLOW-2026-10-21-1,rLOW,RLOWUSDT,2026-10-21,2026-10-02T23:30:04+00:00,0.9656110633409246,0.18323952822276032,127,0.599132006895404,E0_RANGE,0.0,0.3,no pre-decision precedent,,25000,181.13,NO_SIGNAL,cash basis UNRESOLVED; gross basis required,,,,,,,,,
exnight-strategy-v3,rMAIN-2026-10-08-1,rMAIN,RMAINUSDT,2026-10-08,2026-10-02T23:30:04+00:00,0.9656110633409246,0.18323952822276032,127,0.599132006895404,E0_RANGE,0.0,0.3,no pre-decision precedent,,1000,55.41,NO_SIGNAL,cash basis UNRESOLVED; gross basis required,,,,,,,,,
exnight-strategy-v3,rMAIN-2026-10-08-1,rMAIN,RMAINUSDT,2026-10-08,2026-10-02T23:30:04+00:00,0.9656110633409246,0.18323952822276032,127,0.599132006895404,E0_RANGE,0.0,0.3,no pre-decision precedent,,5000,55.41,NO_SIGNAL,cash basis UNRESOLVED; gross basis required,,,,,,,,,
exnight-strategy-v3,rMAIN-2026-10-08-1,rMAIN,RMAINUSDT,2026-10-08,2026-10-02T23:30:04+00:00,0.9656110633409246,0.18323952822276032,127,0.599132006895404,E0_RANGE,0.0,0.3,no pre-decision precedent,,25000,55.41,NO_SIGNAL,cash basis UNRESOLVED; gross basis required,,,,,,,,,
exnight-strategy-v3,rMAIN-2026-11-06-1,rMAIN,RMAINUSDT,2026-11-06,2026-10-02T23:30:04+00:00,0.9656110633409246,0.18323952822276032,127,0.599132006895404,E0_RANGE,0.0,0.3,no pre-decision precedent,,1000,55.41,NO_SIGNAL,cash basis UNRESOLVED; gross basis required,,,,,,,,,
exnight-strategy-v3,rMAIN-2026-11-06-1,rMAIN,RMAINUSDT,2026-11-06,2026-10-02T23:30:04+00:00,0.9656110633409246,0.18323952822276032,127,0.599132006895404,E0_RANGE,0.0,0.3,no pre-decision precedent,,5000,55.41,NO_SIGNAL,cash basis UNRESOLVED; gross basis required,,,,,,,,,
exnight-strategy-v3,rMAIN-2026-11-06-1,rMAIN,RMAINUSDT,2026-11-06,2026-10-02T23:30:04+00:00,0.9656110633409246,0.18323952822276032,127,0.599132006895404,E0_RANGE,0.0,0.3,no pre-decision precedent,,25000,55.41,NO_SIGNAL,cash basis UNRESOLVED; gross basis required,,,,,,,,,
exnight-strategy-v3,rMCD-2026-12-01-1,rMCD,RMCDUSDT,2026-12-01,2026-10-02T23:30:04+00:00,0.9656110633409246,0.18323952822276032,127,0.599132006895404,E0_RANGE,0.0,0.3,no pre-decision precedent,,1000,232.18,NO_SIGNAL,cash basis UNRESOLVED; gross basis required,,,,,,,,,
exnight-strategy-v3,rMCD-2026-12-01-1,rMCD,RMCDUSDT,2026-12-01,2026-10-02T23:30:04+00:00,0.9656110633409246,0.18323952822276032,127,0.599132006895404,E0_RANGE,0.0,0.3,no pre-decision precedent,,5000,232.18,NO_SIGNAL,cash basis UNRESOLVED; gross basis required,,,,,,,,,
exnight-strategy-v3,rMCD-2026-12-01-1,rMCD,RMCDUSDT,2026-12-01,2026-10-02T23:30:04+00:00,0.9656110633409246,0.18323952822276032,127,0.599132006895404,E0_RANGE,0.0,0.3,no pre-decision precedent,,25000,232.18,NO_SIGNAL,cash basis UNRESOLVED; gross basis required,,,,,,,,,
exnight-strategy-v3,rMAIN-2026-12-08-1,rMAIN,RMAINUSDT,2026-12-08,2026-10-02T23:30:04+00:00,0.9656110633409246,0.18323952822276032,127,0.599132006895404,E0_RANGE,0.0,0.3,no pre-decision precedent,,1000,55.41,NO_SIGNAL,cash basis UNRESOLVED; gross basis required,,,,,,,,,
exnight-strategy-v3,rMAIN-2026-12-08-1,rMAIN,RMAINUSDT,2026-12-08,2026-10-02T23:30:04+00:00,0.9656110633409246,0.18323952822276032,127,0.599132006895404,E0_RANGE,0.0,0.3,no pre-decision precedent,,5000,55.41,NO_SIGNAL,cash basis UNRESOLVED; gross basis required,,,,,,,,,
exnight-strategy-v3,rMAIN-2026-12-08-1,rMAIN,RMAINUSDT,2026-12-08,2026-10-02T23:30:04+00:00,0.9656110633409246,0.18323952822276032,127,0.599132006895404,E0_RANGE,0.0,0.3,no pre-decision precedent,,25000,55.41,NO_SIGNAL,cash basis UNRESOLVED; gross basis required,,,,,,,,,
exnight-strategy-v3,rMTCH-2026-10-05-1,rMTCH,RMTCHUSDT,2026-10-05,2026-10-02T23:30:04+00:00,0.9656110633409246,0.18323952822276032,127,0.599132006895404,E0_RANGE,0.0,0.3,no pre-decision precedent,0.2000000000000000,1000,40.32,NO_SIGNAL,sell: no depth sample for this symbol/session; buy: no depth sample for this symbol/session,,,,,,,,,
exnight-strategy-v3,rMTCH-2026-10-05-1,rMTCH,RMTCHUSDT,2026-10-05,2026-10-02T23:30:04+00:00,0.9656110633409246,0.18323952822276032,127,0.599132006895404,E0_RANGE,0.0,0.3,no pre-decision precedent,0.2000000000000000,5000,40.32,NO_SIGNAL,sell: no depth sample for this symbol/session; buy: no depth sample for this symbol/session,,,,,,,,,
exnight-strategy-v3,rMTCH-2026-10-05-1,rMTCH,RMTCHUSDT,2026-10-05,2026-10-02T23:30:04+00:00,0.9656110633409246,0.18323952822276032,127,0.599132006895404,E0_RANGE,0.0,0.3,no pre-decision precedent,0.2000000000000000,25000,40.32,NO_SIGNAL,sell: no depth sample for this symbol/session; buy: no depth sample for this symbol/session,,,,,,,,,
exnight-strategy-v3,rMT-2026-11-13-1,rMT,RMTUSDT,2026-11-13,2026-10-02T23:30:04+00:00,0.9656110633409246,0.18323952822276032,127,0.599132006895404,E0_RANGE,0.0,0.3,no pre-decision precedent,,1000,64.58,NO_SIGNAL,cash basis UNRESOLVED; gross basis required,,,,,,,,,
exnight-strategy-v3,rMT-2026-11-13-1,rMT,RMTUSDT,2026-11-13,2026-10-02T23:30:04+00:00,0.9656110633409246,0.18323952822276032,127,0.599132006895404,E0_RANGE,0.0,0.3,no pre-decision precedent,,5000,64.58,NO_SIGNAL,cash basis UNRESOLVED; gross basis required,,,,,,,,,
exnight-strategy-v3,rMT-2026-11-13-1,rMT,RMTUSDT,2026-11-13,2026-10-02T23:30:04+00:00,0.9656110633409246,0.18323952822276032,127,0.599132006895404,E0_RANGE,0.0,0.3,no pre-decision precedent,,25000,64.58,NO_SIGNAL,cash basis UNRESOLVED; gross basis required,,,,,,,,,
exnight-strategy-v3,rMSFT-2026-11-19-1,rMSFT,RMSFTUSDT,2026-11-19,2026-10-02T23:30:04+00:00,0.9656110633409246,0.18323952822276032,127,0.599132006895404,E0_RANGE,0.0,0.3,no pre-decision precedent,0.9800000000000000,1000,517.05,NO_SIGNAL,sell: no depth sample for this symbol/session; buy: no depth sample for this symbol/session,,,,,,,,,
exnight-strategy-v3,rMSFT-2026-11-19-1,rMSFT,RMSFTUSDT,2026-11-19,2026-10-02T23:30:04+00:00,0.9656110633409246,0.18323952822276032,127,0.599132006895404,E0_RANGE,0.0,0.3,no pre-decision precedent,0.9800000000000000,5000,517.05,NO_SIGNAL,sell: no depth sample for this symbol/session; buy: no depth sample for this symbol/session,,,,,,,,,
exnight-strategy-v3,rMSFT-2026-11-19-1,rMSFT,RMSFTUSDT,2026-11-19,2026-10-02T23:30:04+00:00,0.9656110633409246,0.18323952822276032,127,0.599132006895404,E0_RANGE,0.0,0.3,no pre-decision precedent,0.9800000000000000,25000,517.05,NO_SIGNAL,sell: no depth sample for this symbol/session; buy: no depth sample for this symbol/session,,,,,,,,,
exnight-strategy-v3,rNI-2026-10-30-1,rNI,RNIUSDT,2026-10-30,2026-10-02T23:30:04+00:00,0.9656110633409246,0.18323952822276032,127,0.599132006895404,E0_RANGE,0.0,0.3,no pre-decision precedent,,1000,39.6,NO_SIGNAL,cash basis UNRESOLVED; gross basis required,,,,,,,,,
exnight-strategy-v3,rNI-2026-10-30-1,rNI,RNIUSDT,2026-10-30,2026-10-02T23:30:04+00:00,0.9656110633409246,0.18323952822276032,127,0.599132006895404,E0_RANGE,0.0,0.3,no pre-decision precedent,,5000,39.6,NO_SIGNAL,cash basis UNRESOLVED; gross basis required,,,,,,,,,
exnight-strategy-v3,rNI-2026-10-30-1,rNI,RNIUSDT,2026-10-30,2026-10-02T23:30:04+00:00,0.9656110633409246,0.18323952822276032,127,0.599132006895404,E0_RANGE,0.0,0.3,no pre-decision precedent,,25000,39.6,NO_SIGNAL,cash basis UNRESOLVED; gross basis required,,,,,,,,,
exnight-strategy-v3,rNTAP-2026-10-09-1,rNTAP,RNTAPUSDT,2026-10-09,2026-10-02T23:30:04+00:00,0.9656110633409246,0.18323952822276032,127,0.599132006895404,E0_RANGE,0.0,0.3,no pre-decision precedent,0.5200000000000000,1000,226.32,NO_SIGNAL,sell: no depth sample for this symbol/session; buy: no depth sample for this symbol/session,,,,,,,,,
exnight-strategy-v3,rNTAP-2026-10-09-1,rNTAP,RNTAPUSDT,2026-10-09,2026-10-02T23:30:04+00:00,0.9656110633409246,0.18323952822276032,127,0.599132006895404,E0_RANGE,0.0,0.3,no pre-decision precedent,0.5200000000000000,5000,226.32,NO_SIGNAL,sell: no depth sample for this symbol/session; buy: no depth sample for this symbol/session,,,,,,,,,
exnight-strategy-v3,rNTAP-2026-10-09-1,rNTAP,RNTAPUSDT,2026-10-09,2026-10-02T23:30:04+00:00,0.9656110633409246,0.18323952822276032,127,0.599132006895404,E0_RANGE,0.0,0.3,no pre-decision precedent,0.5200000000000000,25000,226.32,NO_SIGNAL,sell: no depth sample for this symbol/session; buy: no depth sample for this symbol/session,,,,,,,,,
exnight-strategy-v3,rOC-2026-10-19-1,rOC,ROCUSDT,2026-10-19,2026-10-02T23:30:04+00:00,0.9656110633409246,0.18323952822276032,127,0.599132006895404,E0_RANGE,0.0,0.3,no pre-decision precedent,,1000,118.36,NO_SIGNAL,cash basis UNRESOLVED; gross basis required,,,,,,,,,
exnight-strategy-v3,rOC-2026-10-19-1,rOC,ROCUSDT,2026-10-19,2026-10-02T23:30:04+00:00,0.9656110633409246,0.18323952822276032,127,0.599132006895404,E0_RANGE,0.0,0.3,no pre-decision precedent,,5000,118.36,NO_SIGNAL,cash basis UNRESOLVED; gross basis required,,,,,,,,,
exnight-strategy-v3,rOC-2026-10-19-1,rOC,ROCUSDT,2026-10-19,2026-10-02T23:30:04+00:00,0.9656110633409246,0.18323952822276032,127,0.599132006895404,E0_RANGE,0.0,0.3,no pre-decision precedent,,25000,118.36,NO_SIGNAL,cash basis UNRESOLVED; gross basis required,,,,,,,,,
exnight-strategy-v3,rNVT-2026-10-23-1,rNVT,RNVTUSDT,2026-10-23,2026-10-02T23:30:04+00:00,0.9656110633409246,0.18323952822276032,127,0.599132006895404,E0_RANGE,0.0,0.3,no pre-decision precedent,,1000,169.2,NO_SIGNAL,cash basis UNRESOLVED; gross basis required,,,,,,,,,
exnight-strategy-v3,rNVT-2026-10-23-1,rNVT,RNVTUSDT,2026-10-23,2026-10-02T23:30:04+00:00,0.9656110633409246,0.18323952822276032,127,0.599132006895404,E0_RANGE,0.0,0.3,no pre-decision precedent,,5000,169.2,NO_SIGNAL,cash basis UNRESOLVED; gross basis required,,,,,,,,,
exnight-strategy-v3,rNVT-2026-10-23-1,rNVT,RNVTUSDT,2026-10-23,2026-10-02T23:30:04+00:00,0.9656110633409246,0.18323952822276032,127,0.599132006895404,E0_RANGE,0.0,0.3,no pre-decision precedent,,25000,169.2,NO_SIGNAL,cash basis UNRESOLVED; gross basis required,,,,,,,,,
exnight-strategy-v3,rORCL-2026-10-09-1,rORCL,RORCLUSDT,2026-10-09,2026-10-02T23:30:04+00:00,0.9656110633409246,0.18323952822276032,127,0.599132006895404,E0_RANGE,0.0,0.3,no pre-decision precedent,,1000,142.43,NO_SIGNAL,cash basis UNRESOLVED; gross basis required,,,,,,,,,
exnight-strategy-v3,rORCL-2026-10-09-1,rORCL,RORCLUSDT,2026-10-09,2026-10-02T23:30:04+00:00,0.9656110633409246,0.18323952822276032,127,0.599132006895404,E0_RANGE,0.0,0.3,no pre-decision precedent,,5000,142.43,NO_SIGNAL,cash basis UNRESOLVED; gross basis required,,,,,,,,,
exnight-strategy-v3,rORCL-2026-10-09-1,rORCL,RORCLUSDT,2026-10-09,2026-10-02T23:30:04+00:00,0.9656110633409246,0.18323952822276032,127,0.599132006895404,E0_RANGE,0.0,0.3,no pre-decision precedent,,25000,142.43,NO_SIGNAL,cash basis UNRESOLVED; gross basis required,,,,,,,,,
exnight-strategy-v3,rPECO-2026-10-15-1,rPECO,RPECOUSDT,2026-10-15,2026-10-02T23:30:04+00:00,0.9656110633409246,0.18323952822276032,127,0.599132006895404,E0_RANGE,0.0,0.3,no pre-decision precedent,0.1150000000000000,1000,38.0,NO_SIGNAL,sell: no depth sample for this symbol/session; buy: no depth sample for this symbol/session,,,,,,,,,
exnight-strategy-v3,rPECO-2026-10-15-1,rPECO,RPECOUSDT,2026-10-15,2026-10-02T23:30:04+00:00,0.9656110633409246,0.18323952822276032,127,0.599132006895404,E0_RANGE,0.0,0.3,no pre-decision precedent,0.1150000000000000,5000,38.0,NO_SIGNAL,sell: no depth sample for this symbol/session; buy: no depth sample for this symbol/session,,,,,,,,,
exnight-strategy-v3,rPECO-2026-10-15-1,rPECO,RPECOUSDT,2026-10-15,2026-10-02T23:30:04+00:00,0.9656110633409246,0.18323952822276032,127,0.599132006895404,E0_RANGE,0.0,0.3,no pre-decision precedent,0.1150000000000000,25000,38.0,NO_SIGNAL,sell: no depth sample for this symbol/session; buy: no depth sample for this symbol/session,,,,,,,,,
exnight-strategy-v3,rPCAR-2026-11-10-1,rPCAR,RPCARUSDT,2026-11-10,2026-10-02T23:30:04+00:00,0.9656110633409246,0.18323952822276032,127,0.599132006895404,E0_RANGE,0.0,0.3,no pre-decision precedent,0.3499999900000000,1000,109.07,NO_SIGNAL,sell: no depth sample for this symbol/session; buy: no depth sample for this symbol/session,,,,,,,,,
exnight-strategy-v3,rPCAR-2026-11-10-1,rPCAR,RPCARUSDT,2026-11-10,2026-10-02T23:30:04+00:00,0.9656110633409246,0.18323952822276032,127,0.599132006895404,E0_RANGE,0.0,0.3,no pre-decision precedent,0.3499999900000000,5000,109.07,NO_SIGNAL,sell: no depth sample for this symbol/session; buy: no depth sample for this symbol/session,,,,,,,,,
exnight-strategy-v3,rPCAR-2026-11-10-1,rPCAR,RPCARUSDT,2026-11-10,2026-10-02T23:30:04+00:00,0.9656110633409246,0.18323952822276032,127,0.599132006895404,E0_RANGE,0.0,0.3,no pre-decision precedent,0.3499999900000000,25000,109.07,NO_SIGNAL,sell: no depth sample for this symbol/session; buy: no depth sample for this symbol/session,,,,,,,,,
exnight-strategy-v3,rPECO-2026-11-16-1,rPECO,RPECOUSDT,2026-11-16,2026-10-02T23:30:04+00:00,0.9656110633409246,0.18323952822276032,127,0.599132006895404,E0_RANGE,0.0,0.3,no pre-decision precedent,0.1150000000000000,1000,38.0,NO_SIGNAL,sell: no depth sample for this symbol/session; buy: no depth sample for this symbol/session,,,,,,,,,
exnight-strategy-v3,rPECO-2026-11-16-1,rPECO,RPECOUSDT,2026-11-16,2026-10-02T23:30:04+00:00,0.9656110633409246,0.18323952822276032,127,0.599132006895404,E0_RANGE,0.0,0.3,no pre-decision precedent,0.1150000000000000,5000,38.0,NO_SIGNAL,sell: no depth sample for this symbol/session; buy: no depth sample for this symbol/session,,,,,,,,,
exnight-strategy-v3,rPECO-2026-11-16-1,rPECO,RPECOUSDT,2026-11-16,2026-10-02T23:30:04+00:00,0.9656110633409246,0.18323952822276032,127,0.599132006895404,E0_RANGE,0.0,0.3,no pre-decision precedent,0.1150000000000000,25000,38.0,NO_SIGNAL,sell: no depth sample for this symbol/session; buy: no depth sample for this symbol/session,,,,,,,,,
exnight-strategy-v3,rPNR-2026-10-23-1,rPNR,RPNRUSDT,2026-10-23,2026-10-02T23:30:04+00:00,0.9656110633409246,0.18323952822276032,127,0.599132006895404,E0_RANGE,0.0,0.3,no pre-decision precedent,,1000,53.03,NO_SIGNAL,cash basis UNRESOLVED; gross basis required,,,,,,,,,
exnight-strategy-v3,rPNR-2026-10-23-1,rPNR,RPNRUSDT,2026-10-23,2026-10-02T23:30:04+00:00,0.9656110633409246,0.18323952822276032,127,0.599132006895404,E0_RANGE,0.0,0.3,no pre-decision precedent,,5000,53.03,NO_SIGNAL,cash basis UNRESOLVED; gross basis required,,,,,,,,,
exnight-strategy-v3,rPNR-2026-10-23-1,rPNR,RPNRUSDT,2026-10-23,2026-10-02T23:30:04+00:00,0.9656110633409246,0.18323952822276032,127,0.599132006895404,E0_RANGE,0.0,0.3,no pre-decision precedent,,25000,53.03,NO_SIGNAL,cash basis UNRESOLVED; gross basis required,,,,,,,,,
exnight-strategy-v3,rRVTY-2026-10-23-1,rRVTY,RRVTYUSDT,2026-10-23,2026-10-02T23:30:04+00:00,0.9656110633409246,0.18323952822276032,127,0.599132006895404,E0_RANGE,0.0,0.3,no pre-decision precedent,,1000,151.53,NO_SIGNAL,cash basis UNRESOLVED; gross basis required,,,,,,,,,
exnight-strategy-v3,rRVTY-2026-10-23-1,rRVTY,RRVTYUSDT,2026-10-23,2026-10-02T23:30:04+00:00,0.9656110633409246,0.18323952822276032,127,0.599132006895404,E0_RANGE,0.0,0.3,no pre-decision precedent,,5000,151.53,NO_SIGNAL,cash basis UNRESOLVED; gross basis required,,,,,,,,,
exnight-strategy-v3,rRVTY-2026-10-23-1,rRVTY,RRVTYUSDT,2026-10-23,2026-10-02T23:30:04+00:00,0.9656110633409246,0.18323952822276032,127,0.599132006895404,E0_RANGE,0.0,0.3,no pre-decision precedent,,25000,151.53,NO_SIGNAL,cash basis UNRESOLVED; gross basis required,,,,,,,,,
exnight-strategy-v3,rSATA-2026-10-05-1,rSATA,RSATAUSDT,2026-10-05,2026-10-02T23:30:04+00:00,0.9656110633409246,0.18323952822276032,127,0.599132006895404,E1_DOCUMENTED_PRECEDENT,0.3,0.3,"dividends_89_2026_09_23: rSATA ex 2026-08-24 0.0516 at 30%, available 2026-09-23T12:34:33+00:00 (primary)",0.0516000000000000,1000,100.01,NO_SIGNAL,"buy: $1,000 exceeds visible top-of-book ($100) on ticker-only symbol",2026-10-02T23:05:03.379854+00:00,ticker_only,2026-10-02T07:05:02.472194+00:00,ticker_only,,,,,
exnight-strategy-v3,rSATA-2026-10-05-1,rSATA,RSATAUSDT,2026-10-05,2026-10-02T23:30:04+00:00,0.9656110633409246,0.18323952822276032,127,0.599132006895404,E1_DOCUMENTED_PRECEDENT,0.3,0.3,"dividends_89_2026_09_23: rSATA ex 2026-08-24 0.0516 at 30%, available 2026-09-23T12:34:33+00:00 (primary)",0.0516000000000000,5000,100.01,NO_SIGNAL,"buy: $5,000 exceeds visible top-of-book ($100) on ticker-only symbol",2026-10-02T23:05:03.379854+00:00,ticker_only,2026-10-02T07:05:02.472194+00:00,ticker_only,,,,,
exnight-strategy-v3,rSATA-2026-10-05-1,rSATA,RSATAUSDT,2026-10-05,2026-10-02T23:30:04+00:00,0.9656110633409246,0.18323952822276032,127,0.599132006895404,E1_DOCUMENTED_PRECEDENT,0.3,0.3,"dividends_89_2026_09_23: rSATA ex 2026-08-24 0.0516 at 30%, available 2026-09-23T12:34:33+00:00 (primary)",0.0516000000000000,25000,100.01,NO_SIGNAL,"buy: $25,000 exceeds visible top-of-book ($100) on ticker-only symbol",2026-10-02T23:05:03.379854+00:00,ticker_only,2026-10-02T07:05:02.472194+00:00,ticker_only,,,,,
exnight-strategy-v3,rSATA-2026-10-06-1,rSATA,RSATAUSDT,2026-10-06,2026-10-02T23:30:04+00:00,0.9656110633409246,0.18323952822276032,127,0.599132006895404,E1_DOCUMENTED_PRECEDENT,0.3,0.3,"dividends_89_2026_09_23: rSATA ex 2026-08-24 0.0516 at 30%, available 2026-09-23T12:34:33+00:00 (primary)",0.0516000000000000,1000,100.01,NO_SIGNAL,"buy: $1,000 exceeds visible top-of-book ($100) on ticker-only symbol",2026-10-02T23:05:03.379854+00:00,ticker_only,2026-10-02T07:05:02.472194+00:00,ticker_only,,,,,
exnight-strategy-v3,rSATA-2026-10-06-1,rSATA,RSATAUSDT,2026-10-06,2026-10-02T23:30:04+00:00,0.9656110633409246,0.18323952822276032,127,0.599132006895404,E1_DOCUMENTED_PRECEDENT,0.3,0.3,"dividends_89_2026_09_23: rSATA ex 2026-08-24 0.0516 at 30%, available 2026-09-23T12:34:33+00:00 (primary)",0.0516000000000000,5000,100.01,NO_SIGNAL,"buy: $5,000 exceeds visible top-of-book ($100) on ticker-only symbol",2026-10-02T23:05:03.379854+00:00,ticker_only,2026-10-02T07:05:02.472194+00:00,ticker_only,,,,,
exnight-strategy-v3,rSATA-2026-10-06-1,rSATA,RSATAUSDT,2026-10-06,2026-10-02T23:30:04+00:00,0.9656110633409246,0.18323952822276032,127,0.599132006895404,E1_DOCUMENTED_PRECEDENT,0.3,0.3,"dividends_89_2026_09_23: rSATA ex 2026-08-24 0.0516 at 30%, available 2026-09-23T12:34:33+00:00 (primary)",0.0516000000000000,25000,100.01,NO_SIGNAL,"buy: $25,000 exceeds visible top-of-book ($100) on ticker-only symbol",2026-10-02T23:05:03.379854+00:00,ticker_only,2026-10-02T07:05:02.472194+00:00,ticker_only,,,,,
exnight-strategy-v3,rSATA-2026-10-07-1,rSATA,RSATAUSDT,2026-10-07,2026-10-02T23:30:04+00:00,0.9656110633409246,0.18323952822276032,127,0.599132006895404,E1_DOCUMENTED_PRECEDENT,0.3,0.3,"dividends_89_2026_09_23: rSATA ex 2026-08-24 0.0516 at 30%, available 2026-09-23T12:34:33+00:00 (primary)",0.0516000000000000,1000,100.01,NO_SIGNAL,"buy: $1,000 exceeds visible top-of-book ($100) on ticker-only symbol",2026-10-02T23:05:03.379854+00:00,ticker_only,2026-10-02T07:05:02.472194+00:00,ticker_only,,,,,
exnight-strategy-v3,rSATA-2026-10-07-1,rSATA,RSATAUSDT,2026-10-07,2026-10-02T23:30:04+00:00,0.9656110633409246,0.18323952822276032,127,0.599132006895404,E1_DOCUMENTED_PRECEDENT,0.3,0.3,"dividends_89_2026_09_23: rSATA ex 2026-08-24 0.0516 at 30%, available 2026-09-23T12:34:33+00:00 (primary)",0.0516000000000000,5000,100.01,NO_SIGNAL,"buy: $5,000 exceeds visible top-of-book ($100) on ticker-only symbol",2026-10-02T23:05:03.379854+00:00,ticker_only,2026-10-02T07:05:02.472194+00:00,ticker_only,,,,,
exnight-strategy-v3,rSATA-2026-10-07-1,rSATA,RSATAUSDT,2026-10-07,2026-10-02T23:30:04+00:00,0.9656110633409246,0.18323952822276032,127,0.599132006895404,E1_DOCUMENTED_PRECEDENT,0.3,0.3,"dividends_89_2026_09_23: rSATA ex 2026-08-24 0.0516 at 30%, available 2026-09-23T12:34:33+00:00 (primary)",0.0516000000000000,25000,100.01,NO_SIGNAL,"buy: $25,000 exceeds visible top-of-book ($100) on ticker-only symbol",2026-10-02T23:05:03.379854+00:00,ticker_only,2026-10-02T07:05:02.472194+00:00,ticker_only,,,,,
exnight-strategy-v3,rSATA-2026-10-08-1,rSATA,RSATAUSDT,2026-10-08,2026-10-02T23:30:04+00:00,0.9656110633409246,0.18323952822276032,127,0.599132006895404,E1_DOCUMENTED_PRECEDENT,0.3,0.3,"dividends_89_2026_09_23: rSATA ex 2026-08-24 0.0516 at 30%, available 2026-09-23T12:34:33+00:00 (primary)",0.0516000000000000,1000,100.01,NO_SIGNAL,"buy: $1,000 exceeds visible top-of-book ($100) on ticker-only symbol",2026-10-02T23:05:03.379854+00:00,ticker_only,2026-10-02T07:05:02.472194+00:00,ticker_only,,,,,
exnight-strategy-v3,rSATA-2026-10-08-1,rSATA,RSATAUSDT,2026-10-08,2026-10-02T23:30:04+00:00,0.9656110633409246,0.18323952822276032,127,0.599132006895404,E1_DOCUMENTED_PRECEDENT,0.3,0.3,"dividends_89_2026_09_23: rSATA ex 2026-08-24 0.0516 at 30%, available 2026-09-23T12:34:33+00:00 (primary)",0.0516000000000000,5000,100.01,NO_SIGNAL,"buy: $5,000 exceeds visible top-of-book ($100) on ticker-only symbol",2026-10-02T23:05:03.379854+00:00,ticker_only,2026-10-02T07:05:02.472194+00:00,ticker_only,,,,,
exnight-strategy-v3,rSATA-2026-10-08-1,rSATA,RSATAUSDT,2026-10-08,2026-10-02T23:30:04+00:00,0.9656110633409246,0.18323952822276032,127,0.599132006895404,E1_DOCUMENTED_PRECEDENT,0.3,0.3,"dividends_89_2026_09_23: rSATA ex 2026-08-24 0.0516 at 30%, available 2026-09-23T12:34:33+00:00 (primary)",0.0516000000000000,25000,100.01,NO_SIGNAL,"buy: $25,000 exceeds visible top-of-book ($100) on ticker-only symbol",2026-10-02T23:05:03.379854+00:00,ticker_only,2026-10-02T07:05:02.472194+00:00,ticker_only,,,,,
exnight-strategy-v3,rSAIC-2026-10-09-1,rSAIC,RSAICUSDT,2026-10-09,2026-10-02T23:30:04+00:00,0.9656110633409246,0.18323952822276032,127,0.599132006895404,E0_RANGE,0.0,0.3,no pre-decision precedent,0.3700000000000000,1000,125.2,NO_SIGNAL,sell: no depth sample for this symbol/session; buy: no depth sample for this symbol/session,,,,,,,,,
exnight-strategy-v3,rSAIC-2026-10-09-1,rSAIC,RSAICUSDT,2026-10-09,2026-10-02T23:30:04+00:00,0.9656110633409246,0.18323952822276032,127,0.599132006895404,E0_RANGE,0.0,0.3,no pre-decision precedent,0.3700000000000000,5000,125.2,NO_SIGNAL,sell: no depth sample for this symbol/session; buy: no depth sample for this symbol/session,,,,,,,,,
exnight-strategy-v3,rSAIC-2026-10-09-1,rSAIC,RSAICUSDT,2026-10-09,2026-10-02T23:30:04+00:00,0.9656110633409246,0.18323952822276032,127,0.599132006895404,E0_RANGE,0.0,0.3,no pre-decision precedent,0.3700000000000000,25000,125.2,NO_SIGNAL,sell: no depth sample for this symbol/session; buy: no depth sample for this symbol/session,,,,,,,,,
exnight-strategy-v3,rSATA-2026-10-09-1,rSATA,RSATAUSDT,2026-10-09,2026-10-02T23:30:04+00:00,0.9656110633409246,0.18323952822276032,127,0.599132006895404,E1_DOCUMENTED_PRECEDENT,0.3,0.3,"dividends_89_2026_09_23: rSATA ex 2026-08-24 0.0516 at 30%, available 2026-09-23T12:34:33+00:00 (primary)",0.0516000000000000,1000,100.01,NO_SIGNAL,"buy: $1,000 exceeds visible top-of-book ($100) on ticker-only symbol",2026-10-02T23:05:03.379854+00:00,ticker_only,2026-10-02T07:05:02.472194+00:00,ticker_only,,,,,
exnight-strategy-v3,rSATA-2026-10-09-1,rSATA,RSATAUSDT,2026-10-09,2026-10-02T23:30:04+00:00,0.9656110633409246,0.18323952822276032,127,0.599132006895404,E1_DOCUMENTED_PRECEDENT,0.3,0.3,"dividends_89_2026_09_23: rSATA ex 2026-08-24 0.0516 at 30%, available 2026-09-23T12:34:33+00:00 (primary)",0.0516000000000000,5000,100.01,NO_SIGNAL,"buy: $5,000 exceeds visible top-of-book ($100) on ticker-only symbol",2026-10-02T23:05:03.379854+00:00,ticker_only,2026-10-02T07:05:02.472194+00:00,ticker_only,,,,,
exnight-strategy-v3,rSATA-2026-10-09-1,rSATA,RSATAUSDT,2026-10-09,2026-10-02T23:30:04+00:00,0.9656110633409246,0.18323952822276032,127,0.599132006895404,E1_DOCUMENTED_PRECEDENT,0.3,0.3,"dividends_89_2026_09_23: rSATA ex 2026-08-24 0.0516 at 30%, available 2026-09-23T12:34:33+00:00 (primary)",0.0516000000000000,25000,100.01,NO_SIGNAL,"buy: $25,000 exceeds visible top-of-book ($100) on ticker-only symbol",2026-10-02T23:05:03.379854+00:00,ticker_only,2026-10-02T07:05:02.472194+00:00,ticker_only,,,,,
exnight-strategy-v3,rSATA-2026-10-13-1,rSATA,RSATAUSDT,2026-10-13,2026-10-02T23:30:04+00:00,0.9656110633409246,0.18323952822276032,127,0.599132006895404,E1_DOCUMENTED_PRECEDENT,0.3,0.3,"dividends_89_2026_09_23: rSATA ex 2026-08-24 0.0516 at 30%, available 2026-09-23T12:34:33+00:00 (primary)",0.0516000000000000,1000,100.01,NO_SIGNAL,"buy: $1,000 exceeds visible top-of-book ($100) on ticker-only symbol",2026-10-02T23:05:03.379854+00:00,ticker_only,2026-10-02T07:05:02.472194+00:00,ticker_only,,,,,
exnight-strategy-v3,rSATA-2026-10-13-1,rSATA,RSATAUSDT,2026-10-13,2026-10-02T23:30:04+00:00,0.9656110633409246,0.18323952822276032,127,0.599132006895404,E1_DOCUMENTED_PRECEDENT,0.3,0.3,"dividends_89_2026_09_23: rSATA ex 2026-08-24 0.0516 at 30%, available 2026-09-23T12:34:33+00:00 (primary)",0.0516000000000000,5000,100.01,NO_SIGNAL,"buy: $5,000 exceeds visible top-of-book ($100) on ticker-only symbol",2026-10-02T23:05:03.379854+00:00,ticker_only,2026-10-02T07:05:02.472194+00:00,ticker_only,,,,,
exnight-strategy-v3,rSATA-2026-10-13-1,rSATA,RSATAUSDT,2026-10-13,2026-10-02T23:30:04+00:00,0.9656110633409246,0.18323952822276032,127,0.599132006895404,E1_DOCUMENTED_PRECEDENT,0.3,0.3,"dividends_89_2026_09_23: rSATA ex 2026-08-24 0.0516 at 30%, available 2026-09-23T12:34:33+00:00 (primary)",0.0516000000000000,25000,100.01,NO_SIGNAL,"buy: $25,000 exceeds visible top-of-book ($100) on ticker-only symbol",2026-10-02T23:05:03.379854+00:00,ticker_only,2026-10-02T07:05:02.472194+00:00,ticker_only,,,,,
exnight-strategy-v3,rSATA-2026-10-14-1,rSATA,RSATAUSDT,2026-10-14,2026-10-02T23:30:04+00:00,0.9656110633409246,0.18323952822276032,127,0.599132006895404,E1_DOCUMENTED_PRECEDENT,0.3,0.3,"dividends_89_2026_09_23: rSATA ex 2026-08-24 0.0516 at 30%, available 2026-09-23T12:34:33+00:00 (primary)",0.0516000000000000,1000,100.01,NO_SIGNAL,"buy: $1,000 exceeds visible top-of-book ($100) on ticker-only symbol",2026-10-02T23:05:03.379854+00:00,ticker_only,2026-10-02T07:05:02.472194+00:00,ticker_only,,,,,
exnight-strategy-v3,rSATA-2026-10-14-1,rSATA,RSATAUSDT,2026-10-14,2026-10-02T23:30:04+00:00,0.9656110633409246,0.18323952822276032,127,0.599132006895404,E1_DOCUMENTED_PRECEDENT,0.3,0.3,"dividends_89_2026_09_23: rSATA ex 2026-08-24 0.0516 at 30%, available 2026-09-23T12:34:33+00:00 (primary)",0.0516000000000000,5000,100.01,NO_SIGNAL,"buy: $5,000 exceeds visible top-of-book ($100) on ticker-only symbol",2026-10-02T23:05:03.379854+00:00,ticker_only,2026-10-02T07:05:02.472194+00:00,ticker_only,,,,,
exnight-strategy-v3,rSATA-2026-10-14-1,rSATA,RSATAUSDT,2026-10-14,2026-10-02T23:30:04+00:00,0.9656110633409246,0.18323952822276032,127,0.599132006895404,E1_DOCUMENTED_PRECEDENT,0.3,0.3,"dividends_89_2026_09_23: rSATA ex 2026-08-24 0.0516 at 30%, available 2026-09-23T12:34:33+00:00 (primary)",0.0516000000000000,25000,100.01,NO_SIGNAL,"buy: $25,000 exceeds visible top-of-book ($100) on ticker-only symbol",2026-10-02T23:05:03.379854+00:00,ticker_only,2026-10-02T07:05:02.472194+00:00,ticker_only,,,,,
exnight-strategy-v3,rSATA-2026-10-15-1,rSATA,RSATAUSDT,2026-10-15,2026-10-02T23:30:04+00:00,0.9656110633409246,0.18323952822276032,127,0.599132006895404,E1_DOCUMENTED_PRECEDENT,0.3,0.3,"dividends_89_2026_09_23: rSATA ex 2026-08-24 0.0516 at 30%, available 2026-09-23T12:34:33+00:00 (primary)",0.0516000000000000,1000,100.01,NO_SIGNAL,"buy: $1,000 exceeds visible top-of-book ($100) on ticker-only symbol",2026-10-02T23:05:03.379854+00:00,ticker_only,2026-10-02T07:05:02.472194+00:00,ticker_only,,,,,
exnight-strategy-v3,rSATA-2026-10-15-1,rSATA,RSATAUSDT,2026-10-15,2026-10-02T23:30:04+00:00,0.9656110633409246,0.18323952822276032,127,0.599132006895404,E1_DOCUMENTED_PRECEDENT,0.3,0.3,"dividends_89_2026_09_23: rSATA ex 2026-08-24 0.0516 at 30%, available 2026-09-23T12:34:33+00:00 (primary)",0.0516000000000000,5000,100.01,NO_SIGNAL,"buy: $5,000 exceeds visible top-of-book ($100) on ticker-only symbol",2026-10-02T23:05:03.379854+00:00,ticker_only,2026-10-02T07:05:02.472194+00:00,ticker_only,,,,,
exnight-strategy-v3,rSATA-2026-10-15-1,rSATA,RSATAUSDT,2026-10-15,2026-10-02T23:30:04+00:00,0.9656110633409246,0.18323952822276032,127,0.599132006895404,E1_DOCUMENTED_PRECEDENT,0.3,0.3,"dividends_89_2026_09_23: rSATA ex 2026-08-24 0.0516 at 30%, available 2026-09-23T12:34:33+00:00 (primary)",0.0516000000000000,25000,100.01,NO_SIGNAL,"buy: $25,000 exceeds visible top-of-book ($100) on ticker-only symbol",2026-10-02T23:05:03.379854+00:00,ticker_only,2026-10-02T07:05:02.472194+00:00,ticker_only,,,,,
exnight-strategy-v3,rSATA-2026-10-16-1,rSATA,RSATAUSDT,2026-10-16,2026-10-02T23:30:04+00:00,0.9656110633409246,0.18323952822276032,127,0.599132006895404,E1_DOCUMENTED_PRECEDENT,0.3,0.3,"dividends_89_2026_09_23: rSATA ex 2026-08-24 0.0516 at 30%, available 2026-09-23T12:34:33+00:00 (primary)",0.0516000000000000,1000,100.01,NO_SIGNAL,"buy: $1,000 exceeds visible top-of-book ($100) on ticker-only symbol",2026-10-02T23:05:03.379854+00:00,ticker_only,2026-10-02T07:05:02.472194+00:00,ticker_only,,,,,
exnight-strategy-v3,rSATA-2026-10-16-1,rSATA,RSATAUSDT,2026-10-16,2026-10-02T23:30:04+00:00,0.9656110633409246,0.18323952822276032,127,0.599132006895404,E1_DOCUMENTED_PRECEDENT,0.3,0.3,"dividends_89_2026_09_23: rSATA ex 2026-08-24 0.0516 at 30%, available 2026-09-23T12:34:33+00:00 (primary)",0.0516000000000000,5000,100.01,NO_SIGNAL,"buy: $5,000 exceeds visible top-of-book ($100) on ticker-only symbol",2026-10-02T23:05:03.379854+00:00,ticker_only,2026-10-02T07:05:02.472194+00:00,ticker_only,,,,,
exnight-strategy-v3,rSATA-2026-10-16-1,rSATA,RSATAUSDT,2026-10-16,2026-10-02T23:30:04+00:00,0.9656110633409246,0.18323952822276032,127,0.599132006895404,E1_DOCUMENTED_PRECEDENT,0.3,0.3,"dividends_89_2026_09_23: rSATA ex 2026-08-24 0.0516 at 30%, available 2026-09-23T12:34:33+00:00 (primary)",0.0516000000000000,25000,100.01,NO_SIGNAL,"buy: $25,000 exceeds visible top-of-book ($100) on ticker-only symbol",2026-10-02T23:05:03.379854+00:00,ticker_only,2026-10-02T07:05:02.472194+00:00,ticker_only,,,,,
exnight-strategy-v3,rSATA-2026-10-19-1,rSATA,RSATAUSDT,2026-10-19,2026-10-02T23:30:04+00:00,0.9656110633409246,0.18323952822276032,127,0.599132006895404,E1_DOCUMENTED_PRECEDENT,0.3,0.3,"dividends_89_2026_09_23: rSATA ex 2026-08-24 0.0516 at 30%, available 2026-09-23T12:34:33+00:00 (primary)",0.0516000000000000,1000,100.01,NO_SIGNAL,"buy: $1,000 exceeds visible top-of-book ($100) on ticker-only symbol",2026-10-02T23:05:03.379854+00:00,ticker_only,2026-10-02T07:05:02.472194+00:00,ticker_only,,,,,
exnight-strategy-v3,rSATA-2026-10-19-1,rSATA,RSATAUSDT,2026-10-19,2026-10-02T23:30:04+00:00,0.9656110633409246,0.18323952822276032,127,0.599132006895404,E1_DOCUMENTED_PRECEDENT,0.3,0.3,"dividends_89_2026_09_23: rSATA ex 2026-08-24 0.0516 at 30%, available 2026-09-23T12:34:33+00:00 (primary)",0.0516000000000000,5000,100.01,NO_SIGNAL,"buy: $5,000 exceeds visible top-of-book ($100) on ticker-only symbol",2026-10-02T23:05:03.379854+00:00,ticker_only,2026-10-02T07:05:02.472194+00:00,ticker_only,,,,,
exnight-strategy-v3,rSATA-2026-10-19-1,rSATA,RSATAUSDT,2026-10-19,2026-10-02T23:30:04+00:00,0.9656110633409246,0.18323952822276032,127,0.599132006895404,E1_DOCUMENTED_PRECEDENT,0.3,0.3,"dividends_89_2026_09_23: rSATA ex 2026-08-24 0.0516 at 30%, available 2026-09-23T12:34:33+00:00 (primary)",0.0516000000000000,25000,100.01,NO_SIGNAL,"buy: $25,000 exceeds visible top-of-book ($100) on ticker-only symbol",2026-10-02T23:05:03.379854+00:00,ticker_only,2026-10-02T07:05:02.472194+00:00,ticker_only,,,,,
exnight-strategy-v3,rSATA-2026-10-20-1,rSATA,RSATAUSDT,2026-10-20,2026-10-02T23:30:04+00:00,0.9656110633409246,0.18323952822276032,127,0.599132006895404,E1_DOCUMENTED_PRECEDENT,0.3,0.3,"dividends_89_2026_09_23: rSATA ex 2026-08-24 0.0516 at 30%, available 2026-09-23T12:34:33+00:00 (primary)",0.0516000000000000,1000,100.01,NO_SIGNAL,"buy: $1,000 exceeds visible top-of-book ($100) on ticker-only symbol",2026-10-02T23:05:03.379854+00:00,ticker_only,2026-10-02T07:05:02.472194+00:00,ticker_only,,,,,
exnight-strategy-v3,rSATA-2026-10-20-1,rSATA,RSATAUSDT,2026-10-20,2026-10-02T23:30:04+00:00,0.9656110633409246,0.18323952822276032,127,0.599132006895404,E1_DOCUMENTED_PRECEDENT,0.3,0.3,"dividends_89_2026_09_23: rSATA ex 2026-08-24 0.0516 at 30%, available 2026-09-23T12:34:33+00:00 (primary)",0.0516000000000000,5000,100.01,NO_SIGNAL,"buy: $5,000 exceeds visible top-of-book ($100) on ticker-only symbol",2026-10-02T23:05:03.379854+00:00,ticker_only,2026-10-02T07:05:02.472194+00:00,ticker_only,,,,,
exnight-strategy-v3,rSATA-2026-10-20-1,rSATA,RSATAUSDT,2026-10-20,2026-10-02T23:30:04+00:00,0.9656110633409246,0.18323952822276032,127,0.599132006895404,E1_DOCUMENTED_PRECEDENT,0.3,0.3,"dividends_89_2026_09_23: rSATA ex 2026-08-24 0.0516 at 30%, available 2026-09-23T12:34:33+00:00 (primary)",0.0516000000000000,25000,100.01,NO_SIGNAL,"buy: $25,000 exceeds visible top-of-book ($100) on ticker-only symbol",2026-10-02T23:05:03.379854+00:00,ticker_only,2026-10-02T07:05:02.472194+00:00,ticker_only,,,,,
exnight-strategy-v3,rSATA-2026-10-21-1,rSATA,RSATAUSDT,2026-10-21,2026-10-02T23:30:04+00:00,0.9656110633409246,0.18323952822276032,127,0.599132006895404,E1_DOCUMENTED_PRECEDENT,0.3,0.3,"dividends_89_2026_09_23: rSATA ex 2026-08-24 0.0516 at 30%, available 2026-09-23T12:34:33+00:00 (primary)",0.0516000000000000,1000,100.01,NO_SIGNAL,"buy: $1,000 exceeds visible top-of-book ($100) on ticker-only symbol",2026-10-02T23:05:03.379854+00:00,ticker_only,2026-10-02T07:05:02.472194+00:00,ticker_only,,,,,
exnight-strategy-v3,rSATA-2026-10-21-1,rSATA,RSATAUSDT,2026-10-21,2026-10-02T23:30:04+00:00,0.9656110633409246,0.18323952822276032,127,0.599132006895404,E1_DOCUMENTED_PRECEDENT,0.3,0.3,"dividends_89_2026_09_23: rSATA ex 2026-08-24 0.0516 at 30%, available 2026-09-23T12:34:33+00:00 (primary)",0.0516000000000000,5000,100.01,NO_SIGNAL,"buy: $5,000 exceeds visible top-of-book ($100) on ticker-only symbol",2026-10-02T23:05:03.379854+00:00,ticker_only,2026-10-02T07:05:02.472194+00:00,ticker_only,,,,,
exnight-strategy-v3,rSATA-2026-10-21-1,rSATA,RSATAUSDT,2026-10-21,2026-10-02T23:30:04+00:00,0.9656110633409246,0.18323952822276032,127,0.599132006895404,E1_DOCUMENTED_PRECEDENT,0.3,0.3,"dividends_89_2026_09_23: rSATA ex 2026-08-24 0.0516 at 30%, available 2026-09-23T12:34:33+00:00 (primary)",0.0516000000000000,25000,100.01,NO_SIGNAL,"buy: $25,000 exceeds visible top-of-book ($100) on ticker-only symbol",2026-10-02T23:05:03.379854+00:00,ticker_only,2026-10-02T07:05:02.472194+00:00,ticker_only,,,,,
exnight-strategy-v3,rSATA-2026-10-22-1,rSATA,RSATAUSDT,2026-10-22,2026-10-02T23:30:04+00:00,0.9656110633409246,0.18323952822276032,127,0.599132006895404,E1_DOCUMENTED_PRECEDENT,0.3,0.3,"dividends_89_2026_09_23: rSATA ex 2026-08-24 0.0516 at 30%, available 2026-09-23T12:34:33+00:00 (primary)",0.0516000000000000,1000,100.01,NO_SIGNAL,"buy: $1,000 exceeds visible top-of-book ($100) on ticker-only symbol",2026-10-02T23:05:03.379854+00:00,ticker_only,2026-10-02T07:05:02.472194+00:00,ticker_only,,,,,
exnight-strategy-v3,rSATA-2026-10-22-1,rSATA,RSATAUSDT,2026-10-22,2026-10-02T23:30:04+00:00,0.9656110633409246,0.18323952822276032,127,0.599132006895404,E1_DOCUMENTED_PRECEDENT,0.3,0.3,"dividends_89_2026_09_23: rSATA ex 2026-08-24 0.0516 at 30%, available 2026-09-23T12:34:33+00:00 (primary)",0.0516000000000000,5000,100.01,NO_SIGNAL,"buy: $5,000 exceeds visible top-of-book ($100) on ticker-only symbol",2026-10-02T23:05:03.379854+00:00,ticker_only,2026-10-02T07:05:02.472194+00:00,ticker_only,,,,,
exnight-strategy-v3,rSATA-2026-10-22-1,rSATA,RSATAUSDT,2026-10-22,2026-10-02T23:30:04+00:00,0.9656110633409246,0.18323952822276032,127,0.599132006895404,E1_DOCUMENTED_PRECEDENT,0.3,0.3,"dividends_89_2026_09_23: rSATA ex 2026-08-24 0.0516 at 30%, available 2026-09-23T12:34:33+00:00 (primary)",0.0516000000000000,25000,100.01,NO_SIGNAL,"buy: $25,000 exceeds visible top-of-book ($100) on ticker-only symbol",2026-10-02T23:05:03.379854+00:00,ticker_only,2026-10-02T07:05:02.472194+00:00,ticker_only,,,,,
exnight-strategy-v3,rSATA-2026-10-23-1,rSATA,RSATAUSDT,2026-10-23,2026-10-02T23:30:04+00:00,0.9656110633409246,0.18323952822276032,127,0.599132006895404,E1_DOCUMENTED_PRECEDENT,0.3,0.3,"dividends_89_2026_09_23: rSATA ex 2026-08-24 0.0516 at 30%, available 2026-09-23T12:34:33+00:00 (primary)",0.0516000000000000,1000,100.01,NO_SIGNAL,"buy: $1,000 exceeds visible top-of-book ($100) on ticker-only symbol",2026-10-02T23:05:03.379854+00:00,ticker_only,2026-10-02T07:05:02.472194+00:00,ticker_only,,,,,
exnight-strategy-v3,rSATA-2026-10-23-1,rSATA,RSATAUSDT,2026-10-23,2026-10-02T23:30:04+00:00,0.9656110633409246,0.18323952822276032,127,0.599132006895404,E1_DOCUMENTED_PRECEDENT,0.3,0.3,"dividends_89_2026_09_23: rSATA ex 2026-08-24 0.0516 at 30%, available 2026-09-23T12:34:33+00:00 (primary)",0.0516000000000000,5000,100.01,NO_SIGNAL,"buy: $5,000 exceeds visible top-of-book ($100) on ticker-only symbol",2026-10-02T23:05:03.379854+00:00,ticker_only,2026-10-02T07:05:02.472194+00:00,ticker_only,,,,,
exnight-strategy-v3,rSATA-2026-10-23-1,rSATA,RSATAUSDT,2026-10-23,2026-10-02T23:30:04+00:00,0.9656110633409246,0.18323952822276032,127,0.599132006895404,E1_DOCUMENTED_PRECEDENT,0.3,0.3,"dividends_89_2026_09_23: rSATA ex 2026-08-24 0.0516 at 30%, available 2026-09-23T12:34:33+00:00 (primary)",0.0516000000000000,25000,100.01,NO_SIGNAL,"buy: $25,000 exceeds visible top-of-book ($100) on ticker-only symbol",2026-10-02T23:05:03.379854+00:00,ticker_only,2026-10-02T07:05:02.472194+00:00,ticker_only,,,,,
exnight-strategy-v3,rSATA-2026-10-26-1,rSATA,RSATAUSDT,2026-10-26,2026-10-02T23:30:04+00:00,0.9656110633409246,0.18323952822276032,127,0.599132006895404,E1_DOCUMENTED_PRECEDENT,0.3,0.3,"dividends_89_2026_09_23: rSATA ex 2026-08-24 0.0516 at 30%, available 2026-09-23T12:34:33+00:00 (primary)",0.0516000000000000,1000,100.01,NO_SIGNAL,"buy: $1,000 exceeds visible top-of-book ($100) on ticker-only symbol",2026-10-02T23:05:03.379854+00:00,ticker_only,2026-10-02T07:05:02.472194+00:00,ticker_only,,,,,
exnight-strategy-v3,rSATA-2026-10-26-1,rSATA,RSATAUSDT,2026-10-26,2026-10-02T23:30:04+00:00,0.9656110633409246,0.18323952822276032,127,0.599132006895404,E1_DOCUMENTED_PRECEDENT,0.3,0.3,"dividends_89_2026_09_23: rSATA ex 2026-08-24 0.0516 at 30%, available 2026-09-23T12:34:33+00:00 (primary)",0.0516000000000000,5000,100.01,NO_SIGNAL,"buy: $5,000 exceeds visible top-of-book ($100) on ticker-only symbol",2026-10-02T23:05:03.379854+00:00,ticker_only,2026-10-02T07:05:02.472194+00:00,ticker_only,,,,,
exnight-strategy-v3,rSATA-2026-10-26-1,rSATA,RSATAUSDT,2026-10-26,2026-10-02T23:30:04+00:00,0.9656110633409246,0.18323952822276032,127,0.599132006895404,E1_DOCUMENTED_PRECEDENT,0.3,0.3,"dividends_89_2026_09_23: rSATA ex 2026-08-24 0.0516 at 30%, available 2026-09-23T12:34:33+00:00 (primary)",0.0516000000000000,25000,100.01,NO_SIGNAL,"buy: $25,000 exceeds visible top-of-book ($100) on ticker-only symbol",2026-10-02T23:05:03.379854+00:00,ticker_only,2026-10-02T07:05:02.472194+00:00,ticker_only,,,,,
exnight-strategy-v3,rSATA-2026-10-27-1,rSATA,RSATAUSDT,2026-10-27,2026-10-02T23:30:04+00:00,0.9656110633409246,0.18323952822276032,127,0.599132006895404,E1_DOCUMENTED_PRECEDENT,0.3,0.3,"dividends_89_2026_09_23: rSATA ex 2026-08-24 0.0516 at 30%, available 2026-09-23T12:34:33+00:00 (primary)",0.0516000000000000,1000,100.01,NO_SIGNAL,"buy: $1,000 exceeds visible top-of-book ($100) on ticker-only symbol",2026-10-02T23:05:03.379854+00:00,ticker_only,2026-10-02T07:05:02.472194+00:00,ticker_only,,,,,
exnight-strategy-v3,rSATA-2026-10-27-1,rSATA,RSATAUSDT,2026-10-27,2026-10-02T23:30:04+00:00,0.9656110633409246,0.18323952822276032,127,0.599132006895404,E1_DOCUMENTED_PRECEDENT,0.3,0.3,"dividends_89_2026_09_23: rSATA ex 2026-08-24 0.0516 at 30%, available 2026-09-23T12:34:33+00:00 (primary)",0.0516000000000000,5000,100.01,NO_SIGNAL,"buy: $5,000 exceeds visible top-of-book ($100) on ticker-only symbol",2026-10-02T23:05:03.379854+00:00,ticker_only,2026-10-02T07:05:02.472194+00:00,ticker_only,,,,,
exnight-strategy-v3,rSATA-2026-10-27-1,rSATA,RSATAUSDT,2026-10-27,2026-10-02T23:30:04+00:00,0.9656110633409246,0.18323952822276032,127,0.599132006895404,E1_DOCUMENTED_PRECEDENT,0.3,0.3,"dividends_89_2026_09_23: rSATA ex 2026-08-24 0.0516 at 30%, available 2026-09-23T12:34:33+00:00 (primary)",0.0516000000000000,25000,100.01,NO_SIGNAL,"buy: $25,000 exceeds visible top-of-book ($100) on ticker-only symbol",2026-10-02T23:05:03.379854+00:00,ticker_only,2026-10-02T07:05:02.472194+00:00,ticker_only,,,,,
exnight-strategy-v3,rSATA-2026-10-28-1,rSATA,RSATAUSDT,2026-10-28,2026-10-02T23:30:04+00:00,0.9656110633409246,0.18323952822276032,127,0.599132006895404,E1_DOCUMENTED_PRECEDENT,0.3,0.3,"dividends_89_2026_09_23: rSATA ex 2026-08-24 0.0516 at 30%, available 2026-09-23T12:34:33+00:00 (primary)",0.0516000000000000,1000,100.01,NO_SIGNAL,"buy: $1,000 exceeds visible top-of-book ($100) on ticker-only symbol",2026-10-02T23:05:03.379854+00:00,ticker_only,2026-10-02T07:05:02.472194+00:00,ticker_only,,,,,
exnight-strategy-v3,rSATA-2026-10-28-1,rSATA,RSATAUSDT,2026-10-28,2026-10-02T23:30:04+00:00,0.9656110633409246,0.18323952822276032,127,0.599132006895404,E1_DOCUMENTED_PRECEDENT,0.3,0.3,"dividends_89_2026_09_23: rSATA ex 2026-08-24 0.0516 at 30%, available 2026-09-23T12:34:33+00:00 (primary)",0.0516000000000000,5000,100.01,NO_SIGNAL,"buy: $5,000 exceeds visible top-of-book ($100) on ticker-only symbol",2026-10-02T23:05:03.379854+00:00,ticker_only,2026-10-02T07:05:02.472194+00:00,ticker_only,,,,,
exnight-strategy-v3,rSATA-2026-10-28-1,rSATA,RSATAUSDT,2026-10-28,2026-10-02T23:30:04+00:00,0.9656110633409246,0.18323952822276032,127,0.599132006895404,E1_DOCUMENTED_PRECEDENT,0.3,0.3,"dividends_89_2026_09_23: rSATA ex 2026-08-24 0.0516 at 30%, available 2026-09-23T12:34:33+00:00 (primary)",0.0516000000000000,25000,100.01,NO_SIGNAL,"buy: $25,000 exceeds visible top-of-book ($100) on ticker-only symbol",2026-10-02T23:05:03.379854+00:00,ticker_only,2026-10-02T07:05:02.472194+00:00,ticker_only,,,,,
exnight-strategy-v3,rSATA-2026-10-29-1,rSATA,RSATAUSDT,2026-10-29,2026-10-02T23:30:04+00:00,0.9656110633409246,0.18323952822276032,127,0.599132006895404,E1_DOCUMENTED_PRECEDENT,0.3,0.3,"dividends_89_2026_09_23: rSATA ex 2026-08-24 0.0516 at 30%, available 2026-09-23T12:34:33+00:00 (primary)",0.0516000000000000,1000,100.01,NO_SIGNAL,"buy: $1,000 exceeds visible top-of-book ($100) on ticker-only symbol",2026-10-02T23:05:03.379854+00:00,ticker_only,2026-10-02T07:05:02.472194+00:00,ticker_only,,,,,
exnight-strategy-v3,rSATA-2026-10-29-1,rSATA,RSATAUSDT,2026-10-29,2026-10-02T23:30:04+00:00,0.9656110633409246,0.18323952822276032,127,0.599132006895404,E1_DOCUMENTED_PRECEDENT,0.3,0.3,"dividends_89_2026_09_23: rSATA ex 2026-08-24 0.0516 at 30%, available 2026-09-23T12:34:33+00:00 (primary)",0.0516000000000000,5000,100.01,NO_SIGNAL,"buy: $5,000 exceeds visible top-of-book ($100) on ticker-only symbol",2026-10-02T23:05:03.379854+00:00,ticker_only,2026-10-02T07:05:02.472194+00:00,ticker_only,,,,,
exnight-strategy-v3,rSATA-2026-10-29-1,rSATA,RSATAUSDT,2026-10-29,2026-10-02T23:30:04+00:00,0.9656110633409246,0.18323952822276032,127,0.599132006895404,E1_DOCUMENTED_PRECEDENT,0.3,0.3,"dividends_89_2026_09_23: rSATA ex 2026-08-24 0.0516 at 30%, available 2026-09-23T12:34:33+00:00 (primary)",0.0516000000000000,25000,100.01,NO_SIGNAL,"buy: $25,000 exceeds visible top-of-book ($100) on ticker-only symbol",2026-10-02T23:05:03.379854+00:00,ticker_only,2026-10-02T07:05:02.472194+00:00,ticker_only,,,,,
exnight-strategy-v3,rSIG-2026-10-23-1,rSIG,RSIGUSDT,2026-10-23,2026-10-02T23:30:04+00:00,0.9656110633409246,0.18323952822276032,127,0.599132006895404,E0_RANGE,0.0,0.3,no pre-decision precedent,,1000,101.41,NO_SIGNAL,cash basis UNRESOLVED; gross basis required,,,,,,,,,
exnight-strategy-v3,rSIG-2026-10-23-1,rSIG,RSIGUSDT,2026-10-23,2026-10-02T23:30:04+00:00,0.9656110633409246,0.18323952822276032,127,0.599132006895404,E0_RANGE,0.0,0.3,no pre-decision precedent,,5000,101.41,NO_SIGNAL,cash basis UNRESOLVED; gross basis required,,,,,,,,,
exnight-strategy-v3,rSIG-2026-10-23-1,rSIG,RSIGUSDT,2026-10-23,2026-10-02T23:30:04+00:00,0.9656110633409246,0.18323952822276032,127,0.599132006895404,E0_RANGE,0.0,0.3,no pre-decision precedent,,25000,101.41,NO_SIGNAL,cash basis UNRESOLVED; gross basis required,,,,,,,,,
exnight-strategy-v3,rSTM-2026-12-15-1,rSTM,RSTMUSDT,2026-12-15,2026-10-02T23:30:04+00:00,0.9656110633409246,0.18323952822276032,127,0.599132006895404,E1_DOCUMENTED_PRECEDENT,0.3,0.3,"dividends_2026_07_24: rSTM ex 2026-06-23 0.0765 at 30%, available 2026-09-16T11:09:53+00:00 (primary)",,1000,57.32,NO_SIGNAL,cash basis UNRESOLVED; gross basis required,,,,,,,,,
exnight-strategy-v3,rSTM-2026-12-15-1,rSTM,RSTMUSDT,2026-12-15,2026-10-02T23:30:04+00:00,0.9656110633409246,0.18323952822276032,127,0.599132006895404,E1_DOCUMENTED_PRECEDENT,0.3,0.3,"dividends_2026_07_24: rSTM ex 2026-06-23 0.0765 at 30%, available 2026-09-16T11:09:53+00:00 (primary)",,5000,57.32,NO_SIGNAL,cash basis UNRESOLVED; gross basis required,,,,,,,,,
exnight-strategy-v3,rSTM-2026-12-15-1,rSTM,RSTMUSDT,2026-12-15,2026-10-02T23:30:04+00:00,0.9656110633409246,0.18323952822276032,127,0.599132006895404,E1_DOCUMENTED_PRECEDENT,0.3,0.3,"dividends_2026_07_24: rSTM ex 2026-06-23 0.0765 at 30%, available 2026-09-16T11:09:53+00:00 (primary)",,25000,57.32,NO_SIGNAL,cash basis UNRESOLVED; gross basis required,,,,,,,,,
exnight-strategy-v3,rSTM-2027-03-16-1,rSTM,RSTMUSDT,2027-03-16,2026-10-02T23:30:04+00:00,0.9656110633409246,0.18323952822276032,127,0.599132006895404,E1_DOCUMENTED_PRECEDENT,0.3,0.3,"dividends_2026_07_24: rSTM ex 2026-06-23 0.0765 at 30%, available 2026-09-16T11:09:53+00:00 (primary)",,1000,57.32,NO_SIGNAL,cash basis UNRESOLVED; gross basis required,,,,,,,,,
exnight-strategy-v3,rSTM-2027-03-16-1,rSTM,RSTMUSDT,2027-03-16,2026-10-02T23:30:04+00:00,0.9656110633409246,0.18323952822276032,127,0.599132006895404,E1_DOCUMENTED_PRECEDENT,0.3,0.3,"dividends_2026_07_24: rSTM ex 2026-06-23 0.0765 at 30%, available 2026-09-16T11:09:53+00:00 (primary)",,5000,57.32,NO_SIGNAL,cash basis UNRESOLVED; gross basis required,,,,,,,,,
exnight-strategy-v3,rSTM-2027-03-16-1,rSTM,RSTMUSDT,2027-03-16,2026-10-02T23:30:04+00:00,0.9656110633409246,0.18323952822276032,127,0.599132006895404,E1_DOCUMENTED_PRECEDENT,0.3,0.3,"dividends_2026_07_24: rSTM ex 2026-06-23 0.0765 at 30%, available 2026-09-16T11:09:53+00:00 (primary)",,25000,57.32,NO_SIGNAL,cash basis UNRESOLVED; gross basis required,,,,,,,,,
exnight-strategy-v3,rTD-2026-10-09-1,rTD,RTDUSDT,2026-10-09,2026-10-02T23:30:04+00:00,0.9656110633409246,0.18323952822276032,127,0.599132006895404,E0_RANGE,0.0,0.3,no pre-decision precedent,,1000,117.85,NO_SIGNAL,cash basis UNRESOLVED; gross basis required,,,,,,,,,
exnight-strategy-v3,rTD-2026-10-09-1,rTD,RTDUSDT,2026-10-09,2026-10-02T23:30:04+00:00,0.9656110633409246,0.18323952822276032,127,0.599132006895404,E0_RANGE,0.0,0.3,no pre-decision precedent,,5000,117.85,NO_SIGNAL,cash basis UNRESOLVED; gross basis required,,,,,,,,,
exnight-strategy-v3,rTD-2026-10-09-1,rTD,RTDUSDT,2026-10-09,2026-10-02T23:30:04+00:00,0.9656110633409246,0.18323952822276032,127,0.599132006895404,E0_RANGE,0.0,0.3,no pre-decision precedent,,25000,117.85,NO_SIGNAL,cash basis UNRESOLVED; gross basis required,,,,,,,,,
exnight-strategy-v3,rTEL-2026-11-20-1,rTEL,RTELUSDT,2026-11-20,2026-10-02T23:30:04+00:00,0.9656110633409246,0.18323952822276032,127,0.599132006895404,E0_RANGE,0.0,0.3,no pre-decision precedent,,1000,220.9,NO_SIGNAL,cash basis UNRESOLVED; gross basis required,,,,,,,,,
exnight-strategy-v3,rTEL-2026-11-20-1,rTEL,RTELUSDT,2026-11-20,2026-10-02T23:30:04+00:00,0.9656110633409246,0.18323952822276032,127,0.599132006895404,E0_RANGE,0.0,0.3,no pre-decision precedent,,5000,220.9,NO_SIGNAL,cash basis UNRESOLVED; gross basis required,,,,,,,,,
exnight-strategy-v3,rTEL-2026-11-20-1,rTEL,RTELUSDT,2026-11-20,2026-10-02T23:30:04+00:00,0.9656110633409246,0.18323952822276032,127,0.599132006895404,E0_RANGE,0.0,0.3,no pre-decision precedent,,25000,220.9,NO_SIGNAL,cash basis UNRESOLVED; gross basis required,,,,,,,,,
exnight-strategy-v3,rTIGO-2026-10-08-1,rTIGO,RTIGOUSDT,2026-10-08,2026-10-02T23:30:04+00:00,0.9656110633409246,0.18323952822276032,127,0.599132006895404,E0_RANGE,0.0,0.3,no pre-decision precedent,0.7500000000000000,1000,88.99,HOLD,,2026-10-02T23:05:03.379854+00:00,ticker_only,2026-10-02T07:05:02.472194+00:00,ticker_only,8.117946286856746,-8.418597281685193,-8.193597281685193,84.27913248679627,
exnight-strategy-v3,rTIGO-2026-10-08-1,rTIGO,RTIGOUSDT,2026-10-08,2026-10-02T23:30:04+00:00,0.9656110633409246,0.18323952822276032,127,0.599132006895404,E0_RANGE,0.0,0.3,no pre-decision precedent,0.7500000000000000,5000,88.99,NO_SIGNAL,"sell: $5,000 exceeds visible top-of-book ($1,992) on ticker-only symbol; buy: $5,000 exceeds visible top-of-book ($1,950) on ticker-only symbol",2026-10-02T23:05:03.379854+00:00,ticker_only,2026-10-02T07:05:02.472194+00:00,ticker_only,,,,,
exnight-strategy-v3,rTIGO-2026-10-08-1,rTIGO,RTIGOUSDT,2026-10-08,2026-10-02T23:30:04+00:00,0.9656110633409246,0.18323952822276032,127,0.599132006895404,E0_RANGE,0.0,0.3,no pre-decision precedent,0.7500000000000000,25000,88.99,NO_SIGNAL,"sell: $25,000 exceeds visible top-of-book ($1,992) on ticker-only symbol; buy: $25,000 exceeds visible top-of-book ($1,950) on ticker-only symbol",2026-10-02T23:05:03.379854+00:00,ticker_only,2026-10-02T07:05:02.472194+00:00,ticker_only,,,,,
exnight-strategy-v3,rTIGO-2027-01-08-1,rTIGO,RTIGOUSDT,2027-01-08,2026-10-02T23:30:04+00:00,0.9656110633409246,0.18323952822276032,127,0.599132006895404,E0_RANGE,0.0,0.3,no pre-decision precedent,,1000,88.99,NO_SIGNAL,cash basis UNRESOLVED; gross basis required,,,,,,,,,
exnight-strategy-v3,rTIGO-2027-01-08-1,rTIGO,RTIGOUSDT,2027-01-08,2026-10-02T23:30:04+00:00,0.9656110633409246,0.18323952822276032,127,0.599132006895404,E0_RANGE,0.0,0.3,no pre-decision precedent,,5000,88.99,NO_SIGNAL,cash basis UNRESOLVED; gross basis required,,,,,,,,,
exnight-strategy-v3,rTIGO-2027-01-08-1,rTIGO,RTIGOUSDT,2027-01-08,2026-10-02T23:30:04+00:00,0.9656110633409246,0.18323952822276032,127,0.599132006895404,E0_RANGE,0.0,0.3,no pre-decision precedent,,25000,88.99,NO_SIGNAL,cash basis UNRESOLVED; gross basis required,,,,,,,,,
exnight-strategy-v3,rTIGO-2027-04-08-1,rTIGO,RTIGOUSDT,2027-04-08,2026-10-02T23:30:04+00:00,0.9656110633409246,0.18323952822276032,127,0.599132006895404,E0_RANGE,0.0,0.3,no pre-decision precedent,,1000,88.99,NO_SIGNAL,cash basis UNRESOLVED; gross basis required,,,,,,,,,
exnight-strategy-v3,rTIGO-2027-04-08-1,rTIGO,RTIGOUSDT,2027-04-08,2026-10-02T23:30:04+00:00,0.9656110633409246,0.18323952822276032,127,0.599132006895404,E0_RANGE,0.0,0.3,no pre-decision precedent,,5000,88.99,NO_SIGNAL,cash basis UNRESOLVED; gross basis required,,,,,,,,,
exnight-strategy-v3,rTIGO-2027-04-08-1,rTIGO,RTIGOUSDT,2027-04-08,2026-10-02T23:30:04+00:00,0.9656110633409246,0.18323952822276032,127,0.599132006895404,E0_RANGE,0.0,0.3,no pre-decision precedent,,25000,88.99,NO_SIGNAL,cash basis UNRESOLVED; gross basis required,,,,,,,,,
exnight-strategy-v3,rTOL-2026-10-09-1,rTOL,RTOLUSDT,2026-10-09,2026-10-02T23:30:04+00:00,0.9656110633409246,0.18323952822276032,127,0.599132006895404,E0_RANGE,0.0,0.3,no pre-decision precedent,,1000,137.0,NO_SIGNAL,cash basis UNRESOLVED; gross basis required,,,,,,,,,
exnight-strategy-v3,rTOL-2026-10-09-1,rTOL,RTOLUSDT,2026-10-09,2026-10-02T23:30:04+00:00,0.9656110633409246,0.18323952822276032,127,0.599132006895404,E0_RANGE,0.0,0.3,no pre-decision precedent,,5000,137.0,NO_SIGNAL,cash basis UNRESOLVED; gross basis required,,,,,,,,,
exnight-strategy-v3,rTOL-2026-10-09-1,rTOL,RTOLUSDT,2026-10-09,2026-10-02T23:30:04+00:00,0.9656110633409246,0.18323952822276032,127,0.599132006895404,E0_RANGE,0.0,0.3,no pre-decision precedent,,25000,137.0,NO_SIGNAL,cash basis UNRESOLVED; gross basis required,,,,,,,,,
exnight-strategy-v3,rTJX-2026-11-12-1,rTJX,RTJXUSDT,2026-11-12,2026-10-02T23:30:04+00:00,0.9656110633409246,0.18323952822276032,127,0.599132006895404,E0_RANGE,0.0,0.3,no pre-decision precedent,,1000,133.02,NO_SIGNAL,cash basis UNRESOLVED; gross basis required,,,,,,,,,
exnight-strategy-v3,rTJX-2026-11-12-1,rTJX,RTJXUSDT,2026-11-12,2026-10-02T23:30:04+00:00,0.9656110633409246,0.18323952822276032,127,0.599132006895404,E0_RANGE,0.0,0.3,no pre-decision precedent,,5000,133.02,NO_SIGNAL,cash basis UNRESOLVED; gross basis required,,,,,,,,,
exnight-strategy-v3,rTJX-2026-11-12-1,rTJX,RTJXUSDT,2026-11-12,2026-10-02T23:30:04+00:00,0.9656110633409246,0.18323952822276032,127,0.599132006895404,E0_RANGE,0.0,0.3,no pre-decision precedent,,25000,133.02,NO_SIGNAL,cash basis UNRESOLVED; gross basis required,,,,,,,,,
exnight-strategy-v3,rTKC-2026-12-10-1,rTKC,RTKCUSDT,2026-12-10,2026-10-02T23:30:04+00:00,0.9656110633409246,0.18323952822276032,127,0.599132006895404,E0_RANGE,0.0,0.3,no pre-decision precedent,,1000,5.04,NO_SIGNAL,cash basis UNRESOLVED; gross basis required,,,,,,,,,
exnight-strategy-v3,rTKC-2026-12-10-1,rTKC,RTKCUSDT,2026-12-10,2026-10-02T23:30:04+00:00,0.9656110633409246,0.18323952822276032,127,0.599132006895404,E0_RANGE,0.0,0.3,no pre-decision precedent,,5000,5.04,NO_SIGNAL,cash basis UNRESOLVED; gross basis required,,,,,,,,,
exnight-strategy-v3,rTKC-2026-12-10-1,rTKC,RTKCUSDT,2026-12-10,2026-10-02T23:30:04+00:00,0.9656110633409246,0.18323952822276032,127,0.599132006895404,E0_RANGE,0.0,0.3,no pre-decision precedent,,25000,5.04,NO_SIGNAL,cash basis UNRESOLVED; gross basis required,,,,,,,,,
exnight-strategy-v3,rTR-2026-10-07-1,rTR,RTRUSDT,2026-10-07,2026-10-02T23:30:04+00:00,0.9656110633409246,0.18323952822276032,127,0.599132006895404,E0_RANGE,0.0,0.3,no pre-decision precedent,,1000,37.99,NO_SIGNAL,cash basis UNRESOLVED; gross basis required,,,,,,,,,
exnight-strategy-v3,rTR-2026-10-07-1,rTR,RTRUSDT,2026-10-07,2026-10-02T23:30:04+00:00,0.9656110633409246,0.18323952822276032,127,0.599132006895404,E0_RANGE,0.0,0.3,no pre-decision precedent,,5000,37.99,NO_SIGNAL,cash basis UNRESOLVED; gross basis required,,,,,,,,,
exnight-strategy-v3,rTR-2026-10-07-1,rTR,RTRUSDT,2026-10-07,2026-10-02T23:30:04+00:00,0.9656110633409246,0.18323952822276032,127,0.599132006895404,E0_RANGE,0.0,0.3,no pre-decision precedent,,25000,37.99,NO_SIGNAL,cash basis UNRESOLVED; gross basis required,,,,,,,,,
exnight-strategy-v3,rTS-2026-11-24-1,rTS,RTSUSDT,2026-11-24,2026-10-02T23:30:04+00:00,0.9656110633409246,0.18323952822276032,127,0.599132006895404,E0_RANGE,0.0,0.3,no pre-decision precedent,,1000,55.99,NO_SIGNAL,cash basis UNRESOLVED; gross basis required,,,,,,,,,
exnight-strategy-v3,rTS-2026-11-24-1,rTS,RTSUSDT,2026-11-24,2026-10-02T23:30:04+00:00,0.9656110633409246,0.18323952822276032,127,0.599132006895404,E0_RANGE,0.0,0.3,no pre-decision precedent,,5000,55.99,NO_SIGNAL,cash basis UNRESOLVED; gross basis required,,,,,,,,,
exnight-strategy-v3,rTS-2026-11-24-1,rTS,RTSUSDT,2026-11-24,2026-10-02T23:30:04+00:00,0.9656110633409246,0.18323952822276032,127,0.599132006895404,E0_RANGE,0.0,0.3,no pre-decision precedent,,25000,55.99,NO_SIGNAL,cash basis UNRESOLVED; gross basis required,,,,,,,,,
exnight-strategy-v3,rTSN-2026-12-01-1,rTSN,RTSNUSDT,2026-12-01,2026-10-02T23:30:04+00:00,0.9656110633409246,0.18323952822276032,127,0.599132006895404,E0_RANGE,0.0,0.3,no pre-decision precedent,,1000,51.97,NO_SIGNAL,cash basis UNRESOLVED; gross basis required,,,,,,,,,
exnight-strategy-v3,rTSN-2026-12-01-1,rTSN,RTSNUSDT,2026-12-01,2026-10-02T23:30:04+00:00,0.9656110633409246,0.18323952822276032,127,0.599132006895404,E0_RANGE,0.0,0.3,no pre-decision precedent,,5000,51.97,NO_SIGNAL,cash basis UNRESOLVED; gross basis required,,,,,,,,,
exnight-strategy-v3,rTSN-2026-12-01-1,rTSN,RTSNUSDT,2026-12-01,2026-10-02T23:30:04+00:00,0.9656110633409246,0.18323952822276032,127,0.599132006895404,E0_RANGE,0.0,0.3,no pre-decision precedent,,25000,51.97,NO_SIGNAL,cash basis UNRESOLVED; gross basis required,,,,,,,,,
exnight-strategy-v3,rTSM-2026-12-10-1,rTSM,RTSMUSDT,2026-12-10,2026-10-02T23:30:04+00:00,0.9656110633409246,0.18323952822276032,127,0.599132006895404,E1_DOCUMENTED_PRECEDENT,0.3,0.3,"dividends_2026_07_24: rTSM ex 2026-06-11 0.742067 at 30%, available 2026-09-16T11:09:53+00:00 (primary)",,1000,472.96,NO_SIGNAL,cash basis UNRESOLVED; gross basis required,,,,,,,,,
exnight-strategy-v3,rTSM-2026-12-10-1,rTSM,RTSMUSDT,2026-12-10,2026-10-02T23:30:04+00:00,0.9656110633409246,0.18323952822276032,127,0.599132006895404,E1_DOCUMENTED_PRECEDENT,0.3,0.3,"dividends_2026_07_24: rTSM ex 2026-06-11 0.742067 at 30%, available 2026-09-16T11:09:53+00:00 (primary)",,5000,472.96,NO_SIGNAL,cash basis UNRESOLVED; gross basis required,,,,,,,,,
exnight-strategy-v3,rTSM-2026-12-10-1,rTSM,RTSMUSDT,2026-12-10,2026-10-02T23:30:04+00:00,0.9656110633409246,0.18323952822276032,127,0.599132006895404,E1_DOCUMENTED_PRECEDENT,0.3,0.3,"dividends_2026_07_24: rTSM ex 2026-06-11 0.742067 at 30%, available 2026-09-16T11:09:53+00:00 (primary)",,25000,472.96,NO_SIGNAL,cash basis UNRESOLVED; gross basis required,,,,,,,,,
exnight-strategy-v3,rTXN-2026-10-30-1,rTXN,RTXNUSDT,2026-10-30,2026-10-02T23:30:04+00:00,0.9656110633409246,0.18323952822276032,127,0.599132006895404,E0_RANGE,0.0,0.3,no pre-decision precedent,,1000,294.65,NO_SIGNAL,cash basis UNRESOLVED; gross basis required,,,,,,,,,
exnight-strategy-v3,rTXN-2026-10-30-1,rTXN,RTXNUSDT,2026-10-30,2026-10-02T23:30:04+00:00,0.9656110633409246,0.18323952822276032,127,0.599132006895404,E0_RANGE,0.0,0.3,no pre-decision precedent,,5000,294.65,NO_SIGNAL,cash basis UNRESOLVED; gross basis required,,,,,,,,,
exnight-strategy-v3,rTXN-2026-10-30-1,rTXN,RTXNUSDT,2026-10-30,2026-10-02T23:30:04+00:00,0.9656110633409246,0.18323952822276032,127,0.599132006895404,E0_RANGE,0.0,0.3,no pre-decision precedent,,25000,294.65,NO_SIGNAL,cash basis UNRESOLVED; gross basis required,,,,,,,,,
exnight-strategy-v3,rVSEC-2026-10-15-1,rVSEC,RVSECUSDT,2026-10-15,2026-10-02T23:30:04+00:00,0.9656110633409246,0.18323952822276032,127,0.599132006895404,E0_RANGE,0.0,0.3,no pre-decision precedent,0.1000000000000000,1000,167.28,NO_SIGNAL,sell: no depth sample for this symbol/session; buy: no depth sample for this symbol/session,,,,,,,,,
exnight-strategy-v3,rVSEC-2026-10-15-1,rVSEC,RVSECUSDT,2026-10-15,2026-10-02T23:30:04+00:00,0.9656110633409246,0.18323952822276032,127,0.599132006895404,E0_RANGE,0.0,0.3,no pre-decision precedent,0.1000000000000000,5000,167.28,NO_SIGNAL,sell: no depth sample for this symbol/session; buy: no depth sample for this symbol/session,,,,,,,,,
exnight-strategy-v3,rVSEC-2026-10-15-1,rVSEC,RVSECUSDT,2026-10-15,2026-10-02T23:30:04+00:00,0.9656110633409246,0.18323952822276032,127,0.599132006895404,E0_RANGE,0.0,0.3,no pre-decision precedent,0.1000000000000000,25000,167.28,NO_SIGNAL,sell: no depth sample for this symbol/session; buy: no depth sample for this symbol/session,,,,,,,,,
exnight-strategy-v3,rVZ-2026-10-09-1,rVZ,RVZUSDT,2026-10-09,2026-10-02T23:30:04+00:00,0.9656110633409246,0.18323952822276032,127,0.599132006895404,E0_RANGE,0.0,0.3,no pre-decision precedent,,1000,45.96,NO_SIGNAL,cash basis UNRESOLVED; gross basis required,,,,,,,,,
exnight-strategy-v3,rVZ-2026-10-09-1,rVZ,RVZUSDT,2026-10-09,2026-10-02T23:30:04+00:00,0.9656110633409246,0.18323952822276032,127,0.599132006895404,E0_RANGE,0.0,0.3,no pre-decision precedent,,5000,45.96,NO_SIGNAL,cash basis UNRESOLVED; gross basis required,,,,,,,,,
exnight-strategy-v3,rVZ-2026-10-09-1,rVZ,RVZUSDT,2026-10-09,2026-10-02T23:30:04+00:00,0.9656110633409246,0.18323952822276032,127,0.599132006895404,E0_RANGE,0.0,0.3,no pre-decision precedent,,25000,45.96,NO_SIGNAL,cash basis UNRESOLVED; gross basis required,,,,,,,,,
exnight-strategy-v3,rWSM-2026-10-16-1,rWSM,RWSMUSDT,2026-10-16,2026-10-02T23:30:04+00:00,0.9656110633409246,0.18323952822276032,127,0.599132006895404,E0_RANGE,0.0,0.3,no pre-decision precedent,,1000,232.3,NO_SIGNAL,cash basis UNRESOLVED; gross basis required,,,,,,,,,
exnight-strategy-v3,rWSM-2026-10-16-1,rWSM,RWSMUSDT,2026-10-16,2026-10-02T23:30:04+00:00,0.9656110633409246,0.18323952822276032,127,0.599132006895404,E0_RANGE,0.0,0.3,no pre-decision precedent,,5000,232.3,NO_SIGNAL,cash basis UNRESOLVED; gross basis required,,,,,,,,,
exnight-strategy-v3,rWSM-2026-10-16-1,rWSM,RWSMUSDT,2026-10-16,2026-10-02T23:30:04+00:00,0.9656110633409246,0.18323952822276032,127,0.599132006895404,E0_RANGE,0.0,0.3,no pre-decision precedent,,25000,232.3,NO_SIGNAL,cash basis UNRESOLVED; gross basis required,,,,,,,,,
exnight-strategy-v3,rWMT-2026-12-11-1,rWMT,RWMTUSDT,2026-12-11,2026-10-02T23:30:04+00:00,0.9656110633409246,0.18323952822276032,127,0.599132006895404,E0_RANGE,0.0,0.3,no pre-decision precedent,0.2475000000000000,1000,104.33,NO_SIGNAL,sell: no depth sample for this symbol/session; buy: no depth sample for this symbol/session,,,,,,,,,
exnight-strategy-v3,rWMT-2026-12-11-1,rWMT,RWMTUSDT,2026-12-11,2026-10-02T23:30:04+00:00,0.9656110633409246,0.18323952822276032,127,0.599132006895404,E0_RANGE,0.0,0.3,no pre-decision precedent,0.2475000000000000,5000,104.33,NO_SIGNAL,sell: no depth sample for this symbol/session; buy: no depth sample for this symbol/session,,,,,,,,,
exnight-strategy-v3,rWMT-2026-12-11-1,rWMT,RWMTUSDT,2026-12-11,2026-10-02T23:30:04+00:00,0.9656110633409246,0.18323952822276032,127,0.599132006895404,E0_RANGE,0.0,0.3,no pre-decision precedent,0.2475000000000000,25000,104.33,NO_SIGNAL,sell: no depth sample for this symbol/session; buy: no depth sample for this symbol/session,,,,,,,,,
exnight-strategy-v3,rWWD-2026-11-19-1,rWWD,RWWDUSDT,2026-11-19,2026-10-02T23:30:04+00:00,0.9656110633409246,0.18323952822276032,127,0.599132006895404,E0_RANGE,0.0,0.3,no pre-decision precedent,0.3199999900000000,1000,331.62,NO_SIGNAL,sell: no depth sample for this symbol/session; buy: no depth sample for this symbol/session,,,,,,,,,
exnight-strategy-v3,rWWD-2026-11-19-1,rWWD,RWWDUSDT,2026-11-19,2026-10-02T23:30:04+00:00,0.9656110633409246,0.18323952822276032,127,0.599132006895404,E0_RANGE,0.0,0.3,no pre-decision precedent,0.3199999900000000,5000,331.62,NO_SIGNAL,sell: no depth sample for this symbol/session; buy: no depth sample for this symbol/session,,,,,,,,,
exnight-strategy-v3,rWWD-2026-11-19-1,rWWD,RWWDUSDT,2026-11-19,2026-10-02T23:30:04+00:00,0.9656110633409246,0.18323952822276032,127,0.599132006895404,E0_RANGE,0.0,0.3,no pre-decision precedent,0.3199999900000000,25000,331.62,NO_SIGNAL,sell: no depth sample for this symbol/session; buy: no depth sample for this symbol/session,,,,,,,,,
exnight-strategy-v3,rYMM-2026-10-14-1,rYMM,RYMMUSDT,2026-10-14,2026-10-02T23:30:04+00:00,0.9656110633409246,0.18323952822276032,127,0.599132006895404,E0_RANGE,0.0,0.3,no pre-decision precedent,,1000,8.25,NO_SIGNAL,cash basis UNRESOLVED; gross basis required,,,,,,,,,
exnight-strategy-v3,rYMM-2026-10-14-1,rYMM,RYMMUSDT,2026-10-14,2026-10-02T23:30:04+00:00,0.9656110633409246,0.18323952822276032,127,0.599132006895404,E0_RANGE,0.0,0.3,no pre-decision precedent,,5000,8.25,NO_SIGNAL,cash basis UNRESOLVED; gross basis required,,,,,,,,,
exnight-strategy-v3,rYMM-2026-10-14-1,rYMM,RYMMUSDT,2026-10-14,2026-10-02T23:30:04+00:00,0.9656110633409246,0.18323952822276032,127,0.599132006895404,E0_RANGE,0.0,0.3,no pre-decision precedent,,25000,8.25,NO_SIGNAL,cash basis UNRESOLVED; gross basis required,,,,,,,,,
