rule,event_id,symbol,spot_symbol,ex_date,decided_at,pdr_hat,pdr_se,estimation_events,lower_ratio,entitlement_tier,w_low,w_high,entitlement_evidence,gross_dividend,notional_usd,price,verdict,reason,sell_book_ts,sell_book_source,buy_book_ts,buy_book_source,cost_per_share,edge_most_kept,edge_least_kept,gross_yield_bp,breakeven_yield_bp
exnight-strategy-v3,rABCB-2026-09-30-1,rABCB,RABCBUSDT,2026-09-30,2026-09-23T12:41:23.907463+00:00,0.9656110633409246,0.18323952822276032,127,0.599132006895404,E0_RANGE,0.0,0.3,no pre-decision precedent,,1000,82.99,NO_SIGNAL,cash basis UNRESOLVED; gross basis required,,,,,,,,,
exnight-strategy-v3,rABCB-2026-09-30-1,rABCB,RABCBUSDT,2026-09-30,2026-09-23T12:41:23.907463+00:00,0.9656110633409246,0.18323952822276032,127,0.599132006895404,E0_RANGE,0.0,0.3,no pre-decision precedent,,5000,82.99,NO_SIGNAL,cash basis UNRESOLVED; gross basis required,,,,,,,,,
exnight-strategy-v3,rABCB-2026-09-30-1,rABCB,RABCBUSDT,2026-09-30,2026-09-23T12:41:23.907463+00:00,0.9656110633409246,0.18323952822276032,127,0.599132006895404,E0_RANGE,0.0,0.3,no pre-decision precedent,,25000,82.99,NO_SIGNAL,cash basis UNRESOLVED; gross basis required,,,,,,,,,
exnight-strategy-v3,rADC-2026-09-30-1,rADC,RADCUSDT,2026-09-30,2026-09-23T12:41:23.907463+00:00,0.9656110633409246,0.18323952822276032,127,0.599132006895404,E0_RANGE,0.0,0.3,no pre-decision precedent,,1000,67.75,NO_SIGNAL,cash basis UNRESOLVED; gross basis required,,,,,,,,,
exnight-strategy-v3,rADC-2026-09-30-1,rADC,RADCUSDT,2026-09-30,2026-09-23T12:41:23.907463+00:00,0.9656110633409246,0.18323952822276032,127,0.599132006895404,E0_RANGE,0.0,0.3,no pre-decision precedent,,5000,67.75,NO_SIGNAL,cash basis UNRESOLVED; gross basis required,,,,,,,,,
exnight-strategy-v3,rADC-2026-09-30-1,rADC,RADCUSDT,2026-09-30,2026-09-23T12:41:23.907463+00:00,0.9656110633409246,0.18323952822276032,127,0.599132006895404,E0_RANGE,0.0,0.3,no pre-decision precedent,,25000,67.75,NO_SIGNAL,cash basis UNRESOLVED; gross basis required,,,,,,,,,
exnight-strategy-v3,rA-2026-10-06-1,rA,RAUSDT,2026-10-06,2026-09-23T12:41:23.907463+00:00,0.9656110633409246,0.18323952822276032,127,0.599132006895404,E0_RANGE,0.0,0.3,no pre-decision precedent,,1000,167.07,NO_SIGNAL,cash basis UNRESOLVED; gross basis required,,,,,,,,,
exnight-strategy-v3,rA-2026-10-06-1,rA,RAUSDT,2026-10-06,2026-09-23T12:41:23.907463+00:00,0.9656110633409246,0.18323952822276032,127,0.599132006895404,E0_RANGE,0.0,0.3,no pre-decision precedent,,5000,167.07,NO_SIGNAL,cash basis UNRESOLVED; gross basis required,,,,,,,,,
exnight-strategy-v3,rA-2026-10-06-1,rA,RAUSDT,2026-10-06,2026-09-23T12:41:23.907463+00:00,0.9656110633409246,0.18323952822276032,127,0.599132006895404,E0_RANGE,0.0,0.3,no pre-decision precedent,,25000,167.07,NO_SIGNAL,cash basis UNRESOLVED; gross basis required,,,,,,,,,
exnight-strategy-v3,rABBV-2026-10-15-1,rABBV,RABBVUSDT,2026-10-15,2026-09-23T12:41:23.907463+00:00,0.9656110633409246,0.18323952822276032,127,0.599132006895404,E0_RANGE,0.0,0.3,no pre-decision precedent,,1000,266.05,NO_SIGNAL,cash basis UNRESOLVED; gross basis required,,,,,,,,,
exnight-strategy-v3,rABBV-2026-10-15-1,rABBV,RABBVUSDT,2026-10-15,2026-09-23T12:41:23.907463+00:00,0.9656110633409246,0.18323952822276032,127,0.599132006895404,E0_RANGE,0.0,0.3,no pre-decision precedent,,5000,266.05,NO_SIGNAL,cash basis UNRESOLVED; gross basis required,,,,,,,,,
exnight-strategy-v3,rABBV-2026-10-15-1,rABBV,RABBVUSDT,2026-10-15,2026-09-23T12:41:23.907463+00:00,0.9656110633409246,0.18323952822276032,127,0.599132006895404,E0_RANGE,0.0,0.3,no pre-decision precedent,,25000,266.05,NO_SIGNAL,cash basis UNRESOLVED; gross basis required,,,,,,,,,
exnight-strategy-v3,rAGNC-2026-09-30-1,rAGNC,RAGNCUSDT,2026-09-30,2026-09-23T12:41:23.907463+00:00,0.9656110633409246,0.18323952822276032,127,0.599132006895404,E0_RANGE,0.0,0.3,no pre-decision precedent,0.1200000000000000,1000,10.1,NO_SIGNAL,sell: no depth sample for this symbol/session; buy: no depth sample for this symbol/session,,,,,,,,,
exnight-strategy-v3,rAGNC-2026-09-30-1,rAGNC,RAGNCUSDT,2026-09-30,2026-09-23T12:41:23.907463+00:00,0.9656110633409246,0.18323952822276032,127,0.599132006895404,E0_RANGE,0.0,0.3,no pre-decision precedent,0.1200000000000000,5000,10.1,NO_SIGNAL,sell: no depth sample for this symbol/session; buy: no depth sample for this symbol/session,,,,,,,,,
exnight-strategy-v3,rAGNC-2026-09-30-1,rAGNC,RAGNCUSDT,2026-09-30,2026-09-23T12:41:23.907463+00:00,0.9656110633409246,0.18323952822276032,127,0.599132006895404,E0_RANGE,0.0,0.3,no pre-decision precedent,0.1200000000000000,25000,10.1,NO_SIGNAL,sell: no depth sample for this symbol/session; buy: no depth sample for this symbol/session,,,,,,,,,
exnight-strategy-v3,rAGX-2026-10-22-1,rAGX,RAGXUSDT,2026-10-22,2026-09-23T12:41:23.907463+00:00,0.9656110633409246,0.18323952822276032,127,0.599132006895404,E0_RANGE,0.0,0.3,no pre-decision precedent,,1000,372.1,NO_SIGNAL,cash basis UNRESOLVED; gross basis required,,,,,,,,,
exnight-strategy-v3,rAGX-2026-10-22-1,rAGX,RAGXUSDT,2026-10-22,2026-09-23T12:41:23.907463+00:00,0.9656110633409246,0.18323952822276032,127,0.599132006895404,E0_RANGE,0.0,0.3,no pre-decision precedent,,5000,372.1,NO_SIGNAL,cash basis UNRESOLVED; gross basis required,,,,,,,,,
exnight-strategy-v3,rAGX-2026-10-22-1,rAGX,RAGXUSDT,2026-10-22,2026-09-23T12:41:23.907463+00:00,0.9656110633409246,0.18323952822276032,127,0.599132006895404,E0_RANGE,0.0,0.3,no pre-decision precedent,,25000,372.1,NO_SIGNAL,cash basis UNRESOLVED; gross basis required,,,,,,,,,
exnight-strategy-v3,rAMAT-2026-11-19-1,rAMAT,RAMATUSDT,2026-11-19,2026-09-23T12:41:23.907463+00:00,0.9656110633409246,0.18323952822276032,127,0.599132006895404,E0_RANGE,0.0,0.3,no pre-decision precedent,0.5300000000000000,1000,465.55,NO_SIGNAL,sell: no depth sample for this symbol/session; buy: no depth sample for this symbol/session,,,,,,,,,
exnight-strategy-v3,rAMAT-2026-11-19-1,rAMAT,RAMATUSDT,2026-11-19,2026-09-23T12:41:23.907463+00:00,0.9656110633409246,0.18323952822276032,127,0.599132006895404,E0_RANGE,0.0,0.3,no pre-decision precedent,0.5300000000000000,5000,465.55,NO_SIGNAL,sell: no depth sample for this symbol/session; buy: no depth sample for this symbol/session,,,,,,,,,
exnight-strategy-v3,rAMAT-2026-11-19-1,rAMAT,RAMATUSDT,2026-11-19,2026-09-23T12:41:23.907463+00:00,0.9656110633409246,0.18323952822276032,127,0.599132006895404,E0_RANGE,0.0,0.3,no pre-decision precedent,0.5300000000000000,25000,465.55,NO_SIGNAL,sell: no depth sample for this symbol/session; buy: no depth sample for this symbol/session,,,,,,,,,
exnight-strategy-v3,rAPD-2026-10-01-1,rAPD,RAPDUSDT,2026-10-01,2026-09-23T12:41:23.907463+00:00,0.9656110633409246,0.18323952822276032,127,0.599132006895404,E0_RANGE,0.0,0.3,no pre-decision precedent,,1000,288.19,NO_SIGNAL,cash basis UNRESOLVED; gross basis required,,,,,,,,,
exnight-strategy-v3,rAPD-2026-10-01-1,rAPD,RAPDUSDT,2026-10-01,2026-09-23T12:41:23.907463+00:00,0.9656110633409246,0.18323952822276032,127,0.599132006895404,E0_RANGE,0.0,0.3,no pre-decision precedent,,5000,288.19,NO_SIGNAL,cash basis UNRESOLVED; gross basis required,,,,,,,,,
exnight-strategy-v3,rAPD-2026-10-01-1,rAPD,RAPDUSDT,2026-10-01,2026-09-23T12:41:23.907463+00:00,0.9656110633409246,0.18323952822276032,127,0.599132006895404,E0_RANGE,0.0,0.3,no pre-decision precedent,,25000,288.19,NO_SIGNAL,cash basis UNRESOLVED; gross basis required,,,,,,,,,
exnight-strategy-v3,rAQN-2026-09-29-1,rAQN,RAQNUSDT,2026-09-29,2026-09-23T12:41:23.907463+00:00,0.9656110633409246,0.18323952822276032,127,0.599132006895404,E0_RANGE,0.0,0.3,no pre-decision precedent,,1000,5.3,NO_SIGNAL,cash basis UNRESOLVED; gross basis required,,,,,,,,,
exnight-strategy-v3,rAQN-2026-09-29-1,rAQN,RAQNUSDT,2026-09-29,2026-09-23T12:41:23.907463+00:00,0.9656110633409246,0.18323952822276032,127,0.599132006895404,E0_RANGE,0.0,0.3,no pre-decision precedent,,5000,5.3,NO_SIGNAL,cash basis UNRESOLVED; gross basis required,,,,,,,,,
exnight-strategy-v3,rAQN-2026-09-29-1,rAQN,RAQNUSDT,2026-09-29,2026-09-23T12:41:23.907463+00:00,0.9656110633409246,0.18323952822276032,127,0.599132006895404,E0_RANGE,0.0,0.3,no pre-decision precedent,,25000,5.3,NO_SIGNAL,cash basis UNRESOLVED; gross basis required,,,,,,,,,
exnight-strategy-v3,rAVAL-2026-09-30-1,rAVAL,RAVALUSDT,2026-09-30,2026-09-23T12:41:23.907463+00:00,0.9656110633409246,0.18323952822276032,127,0.599132006895404,E0_RANGE,0.0,0.3,no pre-decision precedent,,1000,5.19,NO_SIGNAL,cash basis UNRESOLVED; gross basis required,,,,,,,,,
exnight-strategy-v3,rAVAL-2026-09-30-1,rAVAL,RAVALUSDT,2026-09-30,2026-09-23T12:41:23.907463+00:00,0.9656110633409246,0.18323952822276032,127,0.599132006895404,E0_RANGE,0.0,0.3,no pre-decision precedent,,5000,5.19,NO_SIGNAL,cash basis UNRESOLVED; gross basis required,,,,,,,,,
exnight-strategy-v3,rAVAL-2026-09-30-1,rAVAL,RAVALUSDT,2026-09-30,2026-09-23T12:41:23.907463+00:00,0.9656110633409246,0.18323952822276032,127,0.599132006895404,E0_RANGE,0.0,0.3,no pre-decision precedent,,25000,5.19,NO_SIGNAL,cash basis UNRESOLVED; gross basis required,,,,,,,,,
exnight-strategy-v3,rAVAL-2026-11-02-1,rAVAL,RAVALUSDT,2026-11-02,2026-09-23T12:41:23.907463+00:00,0.9656110633409246,0.18323952822276032,127,0.599132006895404,E0_RANGE,0.0,0.3,no pre-decision precedent,,1000,5.19,NO_SIGNAL,cash basis UNRESOLVED; gross basis required,,,,,,,,,
exnight-strategy-v3,rAVAL-2026-11-02-1,rAVAL,RAVALUSDT,2026-11-02,2026-09-23T12:41:23.907463+00:00,0.9656110633409246,0.18323952822276032,127,0.599132006895404,E0_RANGE,0.0,0.3,no pre-decision precedent,,5000,5.19,NO_SIGNAL,cash basis UNRESOLVED; gross basis required,,,,,,,,,
exnight-strategy-v3,rAVAL-2026-11-02-1,rAVAL,RAVALUSDT,2026-11-02,2026-09-23T12:41:23.907463+00:00,0.9656110633409246,0.18323952822276032,127,0.599132006895404,E0_RANGE,0.0,0.3,no pre-decision precedent,,25000,5.19,NO_SIGNAL,cash basis UNRESOLVED; gross basis required,,,,,,,,,
exnight-strategy-v3,rAVAL-2026-12-31-1,rAVAL,RAVALUSDT,2026-12-31,2026-09-23T12:41:23.907463+00:00,0.9656110633409246,0.18323952822276032,127,0.599132006895404,E0_RANGE,0.0,0.3,no pre-decision precedent,,1000,5.19,NO_SIGNAL,cash basis UNRESOLVED; gross basis required,,,,,,,,,
exnight-strategy-v3,rAVAL-2026-12-31-1,rAVAL,RAVALUSDT,2026-12-31,2026-09-23T12:41:23.907463+00:00,0.9656110633409246,0.18323952822276032,127,0.599132006895404,E0_RANGE,0.0,0.3,no pre-decision precedent,,5000,5.19,NO_SIGNAL,cash basis UNRESOLVED; gross basis required,,,,,,,,,
exnight-strategy-v3,rAVAL-2026-12-31-1,rAVAL,RAVALUSDT,2026-12-31,2026-09-23T12:41:23.907463+00:00,0.9656110633409246,0.18323952822276032,127,0.599132006895404,E0_RANGE,0.0,0.3,no pre-decision precedent,,25000,5.19,NO_SIGNAL,cash basis UNRESOLVED; gross basis required,,,,,,,,,
exnight-strategy-v3,rAVAL-2027-01-29-1,rAVAL,RAVALUSDT,2027-01-29,2026-09-23T12:41:23.907463+00:00,0.9656110633409246,0.18323952822276032,127,0.599132006895404,E0_RANGE,0.0,0.3,no pre-decision precedent,,1000,5.19,NO_SIGNAL,cash basis UNRESOLVED; gross basis required,,,,,,,,,
exnight-strategy-v3,rAVAL-2027-01-29-1,rAVAL,RAVALUSDT,2027-01-29,2026-09-23T12:41:23.907463+00:00,0.9656110633409246,0.18323952822276032,127,0.599132006895404,E0_RANGE,0.0,0.3,no pre-decision precedent,,5000,5.19,NO_SIGNAL,cash basis UNRESOLVED; gross basis required,,,,,,,,,
exnight-strategy-v3,rAVAL-2027-01-29-1,rAVAL,RAVALUSDT,2027-01-29,2026-09-23T12:41:23.907463+00:00,0.9656110633409246,0.18323952822276032,127,0.599132006895404,E0_RANGE,0.0,0.3,no pre-decision precedent,,25000,5.19,NO_SIGNAL,cash basis UNRESOLVED; gross basis required,,,,,,,,,
exnight-strategy-v3,rAVAL-2027-02-26-1,rAVAL,RAVALUSDT,2027-02-26,2026-09-23T12:41:23.907463+00:00,0.9656110633409246,0.18323952822276032,127,0.599132006895404,E0_RANGE,0.0,0.3,no pre-decision precedent,,1000,5.19,NO_SIGNAL,cash basis UNRESOLVED; gross basis required,,,,,,,,,
exnight-strategy-v3,rAVAL-2027-02-26-1,rAVAL,RAVALUSDT,2027-02-26,2026-09-23T12:41:23.907463+00:00,0.9656110633409246,0.18323952822276032,127,0.599132006895404,E0_RANGE,0.0,0.3,no pre-decision precedent,,5000,5.19,NO_SIGNAL,cash basis UNRESOLVED; gross basis required,,,,,,,,,
exnight-strategy-v3,rAVAL-2027-02-26-1,rAVAL,RAVALUSDT,2027-02-26,2026-09-23T12:41:23.907463+00:00,0.9656110633409246,0.18323952822276032,127,0.599132006895404,E0_RANGE,0.0,0.3,no pre-decision precedent,,25000,5.19,NO_SIGNAL,cash basis UNRESOLVED; gross basis required,,,,,,,,,
exnight-strategy-v3,rBEN-2026-09-30-1,rBEN,RBENUSDT,2026-09-30,2026-09-23T12:41:23.907463+00:00,0.9656110633409246,0.18323952822276032,127,0.599132006895404,E0_RANGE,0.0,0.3,no pre-decision precedent,,1000,33.13,NO_SIGNAL,cash basis UNRESOLVED; gross basis required,,,,,,,,,
exnight-strategy-v3,rBEN-2026-09-30-1,rBEN,RBENUSDT,2026-09-30,2026-09-23T12:41:23.907463+00:00,0.9656110633409246,0.18323952822276032,127,0.599132006895404,E0_RANGE,0.0,0.3,no pre-decision precedent,,5000,33.13,NO_SIGNAL,cash basis UNRESOLVED; gross basis required,,,,,,,,,
exnight-strategy-v3,rBEN-2026-09-30-1,rBEN,RBENUSDT,2026-09-30,2026-09-23T12:41:23.907463+00:00,0.9656110633409246,0.18323952822276032,127,0.599132006895404,E0_RANGE,0.0,0.3,no pre-decision precedent,,25000,33.13,NO_SIGNAL,cash basis UNRESOLVED; gross basis required,,,,,,,,,
exnight-strategy-v3,rBBD-2026-10-05-1,rBBD,RBBDUSDT,2026-10-05,2026-09-23T12:41:23.907463+00:00,0.9656110633409246,0.18323952822276032,127,0.599132006895404,E0_RANGE,0.0,0.3,no pre-decision precedent,,1000,3.58,NO_SIGNAL,cash basis UNRESOLVED; gross basis required,,,,,,,,,
exnight-strategy-v3,rBBD-2026-10-05-1,rBBD,RBBDUSDT,2026-10-05,2026-09-23T12:41:23.907463+00:00,0.9656110633409246,0.18323952822276032,127,0.599132006895404,E0_RANGE,0.0,0.3,no pre-decision precedent,,5000,3.58,NO_SIGNAL,cash basis UNRESOLVED; gross basis required,,,,,,,,,
exnight-strategy-v3,rBBD-2026-10-05-1,rBBD,RBBDUSDT,2026-10-05,2026-09-23T12:41:23.907463+00:00,0.9656110633409246,0.18323952822276032,127,0.599132006895404,E0_RANGE,0.0,0.3,no pre-decision precedent,,25000,3.58,NO_SIGNAL,cash basis UNRESOLVED; gross basis required,,,,,,,,,
exnight-strategy-v3,rBBDO-2026-10-05-1,rBBDO,RBBDOUSDT,2026-10-05,2026-09-23T12:41:23.907463+00:00,0.9656110633409246,0.18323952822276032,127,0.599132006895404,E0_RANGE,0.0,0.3,no pre-decision precedent,,1000,3.15,NO_SIGNAL,cash basis UNRESOLVED; gross basis required,,,,,,,,,
exnight-strategy-v3,rBBDO-2026-10-05-1,rBBDO,RBBDOUSDT,2026-10-05,2026-09-23T12:41:23.907463+00:00,0.9656110633409246,0.18323952822276032,127,0.599132006895404,E0_RANGE,0.0,0.3,no pre-decision precedent,,5000,3.15,NO_SIGNAL,cash basis UNRESOLVED; gross basis required,,,,,,,,,
exnight-strategy-v3,rBBDO-2026-10-05-1,rBBDO,RBBDOUSDT,2026-10-05,2026-09-23T12:41:23.907463+00:00,0.9656110633409246,0.18323952822276032,127,0.599132006895404,E0_RANGE,0.0,0.3,no pre-decision precedent,,25000,3.15,NO_SIGNAL,cash basis UNRESOLVED; gross basis required,,,,,,,,,
exnight-strategy-v3,rBG-2026-11-17-1,rBG,RBGUSDT,2026-11-17,2026-09-23T12:41:23.907463+00:00,0.9656110633409246,0.18323952822276032,127,0.599132006895404,E0_RANGE,0.0,0.3,no pre-decision precedent,,1000,110.62,NO_SIGNAL,cash basis UNRESOLVED; gross basis required,,,,,,,,,
exnight-strategy-v3,rBG-2026-11-17-1,rBG,RBGUSDT,2026-11-17,2026-09-23T12:41:23.907463+00:00,0.9656110633409246,0.18323952822276032,127,0.599132006895404,E0_RANGE,0.0,0.3,no pre-decision precedent,,5000,110.62,NO_SIGNAL,cash basis UNRESOLVED; gross basis required,,,,,,,,,
exnight-strategy-v3,rBG-2026-11-17-1,rBG,RBGUSDT,2026-11-17,2026-09-23T12:41:23.907463+00:00,0.9656110633409246,0.18323952822276032,127,0.599132006895404,E0_RANGE,0.0,0.3,no pre-decision precedent,,25000,110.62,NO_SIGNAL,cash basis UNRESOLVED; gross basis required,,,,,,,,,
exnight-strategy-v3,rBG-2027-02-16-1,rBG,RBGUSDT,2027-02-16,2026-09-23T12:41:23.907463+00:00,0.9656110633409246,0.18323952822276032,127,0.599132006895404,E0_RANGE,0.0,0.3,no pre-decision precedent,,1000,110.62,NO_SIGNAL,cash basis UNRESOLVED; gross basis required,,,,,,,,,
exnight-strategy-v3,rBG-2027-02-16-1,rBG,RBGUSDT,2027-02-16,2026-09-23T12:41:23.907463+00:00,0.9656110633409246,0.18323952822276032,127,0.599132006895404,E0_RANGE,0.0,0.3,no pre-decision precedent,,5000,110.62,NO_SIGNAL,cash basis UNRESOLVED; gross basis required,,,,,,,,,
exnight-strategy-v3,rBG-2027-02-16-1,rBG,RBGUSDT,2027-02-16,2026-09-23T12:41:23.907463+00:00,0.9656110633409246,0.18323952822276032,127,0.599132006895404,E0_RANGE,0.0,0.3,no pre-decision precedent,,25000,110.62,NO_SIGNAL,cash basis UNRESOLVED; gross basis required,,,,,,,,,
exnight-strategy-v3,rBMY-2026-10-02-1,rBMY,RBMYUSDT,2026-10-02,2026-09-23T12:41:23.907463+00:00,0.9656110633409246,0.18323952822276032,127,0.599132006895404,E0_RANGE,0.0,0.3,no pre-decision precedent,,1000,62.4,NO_SIGNAL,cash basis UNRESOLVED; gross basis required,,,,,,,,,
exnight-strategy-v3,rBMY-2026-10-02-1,rBMY,RBMYUSDT,2026-10-02,2026-09-23T12:41:23.907463+00:00,0.9656110633409246,0.18323952822276032,127,0.599132006895404,E0_RANGE,0.0,0.3,no pre-decision precedent,,5000,62.4,NO_SIGNAL,cash basis UNRESOLVED; gross basis required,,,,,,,,,
exnight-strategy-v3,rBMY-2026-10-02-1,rBMY,RBMYUSDT,2026-10-02,2026-09-23T12:41:23.907463+00:00,0.9656110633409246,0.18323952822276032,127,0.599132006895404,E0_RANGE,0.0,0.3,no pre-decision precedent,,25000,62.4,NO_SIGNAL,cash basis UNRESOLVED; gross basis required,,,,,,,,,
exnight-strategy-v3,rBRX-2026-10-02-1,rBRX,RBRXUSDT,2026-10-02,2026-09-23T12:41:23.907463+00:00,0.9656110633409246,0.18323952822276032,127,0.599132006895404,E0_RANGE,0.0,0.3,no pre-decision precedent,,1000,27.96,NO_SIGNAL,cash basis UNRESOLVED; gross basis required,,,,,,,,,
exnight-strategy-v3,rBRX-2026-10-02-1,rBRX,RBRXUSDT,2026-10-02,2026-09-23T12:41:23.907463+00:00,0.9656110633409246,0.18323952822276032,127,0.599132006895404,E0_RANGE,0.0,0.3,no pre-decision precedent,,5000,27.96,NO_SIGNAL,cash basis UNRESOLVED; gross basis required,,,,,,,,,
exnight-strategy-v3,rBRX-2026-10-02-1,rBRX,RBRXUSDT,2026-10-02,2026-09-23T12:41:23.907463+00:00,0.9656110633409246,0.18323952822276032,127,0.599132006895404,E0_RANGE,0.0,0.3,no pre-decision precedent,,25000,27.96,NO_SIGNAL,cash basis UNRESOLVED; gross basis required,,,,,,,,,
exnight-strategy-v3,rBRC-2026-10-09-1,rBRC,RBRCUSDT,2026-10-09,2026-09-23T12:41:23.907463+00:00,0.9656110633409246,0.18323952822276032,127,0.599132006895404,E0_RANGE,0.0,0.3,no pre-decision precedent,,1000,84.2,NO_SIGNAL,cash basis UNRESOLVED; gross basis required,,,,,,,,,
exnight-strategy-v3,rBRC-2026-10-09-1,rBRC,RBRCUSDT,2026-10-09,2026-09-23T12:41:23.907463+00:00,0.9656110633409246,0.18323952822276032,127,0.599132006895404,E0_RANGE,0.0,0.3,no pre-decision precedent,,5000,84.2,NO_SIGNAL,cash basis UNRESOLVED; gross basis required,,,,,,,,,
exnight-strategy-v3,rBRC-2026-10-09-1,rBRC,RBRCUSDT,2026-10-09,2026-09-23T12:41:23.907463+00:00,0.9656110633409246,0.18323952822276032,127,0.599132006895404,E0_RANGE,0.0,0.3,no pre-decision precedent,,25000,84.2,NO_SIGNAL,cash basis UNRESOLVED; gross basis required,,,,,,,,,
exnight-strategy-v3,rBZ-2026-09-28-1,rBZ,RBZUSDT,2026-09-28,2026-09-23T12:41:23.907463+00:00,0.9656110633409246,0.18323952822276032,127,0.599132006895404,E0_RANGE,0.0,0.3,no pre-decision precedent,0.5100000000000000,1000,14.6,NO_SIGNAL,sell: no depth sample for this symbol/session; buy: no depth sample for this symbol/session,,,,,,,,,
exnight-strategy-v3,rBZ-2026-09-28-1,rBZ,RBZUSDT,2026-09-28,2026-09-23T12:41:23.907463+00:00,0.9656110633409246,0.18323952822276032,127,0.599132006895404,E0_RANGE,0.0,0.3,no pre-decision precedent,0.5100000000000000,5000,14.6,NO_SIGNAL,sell: no depth sample for this symbol/session; buy: no depth sample for this symbol/session,,,,,,,,,
exnight-strategy-v3,rBZ-2026-09-28-1,rBZ,RBZUSDT,2026-09-28,2026-09-23T12:41:23.907463+00:00,0.9656110633409246,0.18323952822276032,127,0.599132006895404,E0_RANGE,0.0,0.3,no pre-decision precedent,0.5100000000000000,25000,14.6,NO_SIGNAL,sell: no depth sample for this symbol/session; buy: no depth sample for this symbol/session,,,,,,,,,
exnight-strategy-v3,rBXSL-2026-09-30-1,rBXSL,RBXSLUSDT,2026-09-30,2026-09-23T12:41:23.907463+00:00,0.9656110633409246,0.18323952822276032,127,0.599132006895404,E0_RANGE,0.0,0.3,no pre-decision precedent,,1000,24.99,NO_SIGNAL,cash basis UNRESOLVED; gross basis required,,,,,,,,,
exnight-strategy-v3,rBXSL-2026-09-30-1,rBXSL,RBXSLUSDT,2026-09-30,2026-09-23T12:41:23.907463+00:00,0.9656110633409246,0.18323952822276032,127,0.599132006895404,E0_RANGE,0.0,0.3,no pre-decision precedent,,5000,24.99,NO_SIGNAL,cash basis UNRESOLVED; gross basis required,,,,,,,,,
exnight-strategy-v3,rBXSL-2026-09-30-1,rBXSL,RBXSLUSDT,2026-09-30,2026-09-23T12:41:23.907463+00:00,0.9656110633409246,0.18323952822276032,127,0.599132006895404,E0_RANGE,0.0,0.3,no pre-decision precedent,,25000,24.99,NO_SIGNAL,cash basis UNRESOLVED; gross basis required,,,,,,,,,
exnight-strategy-v3,rCAH-2026-10-01-1,rCAH,RCAHUSDT,2026-10-01,2026-09-23T12:41:23.907463+00:00,0.9656110633409246,0.18323952822276032,127,0.599132006895404,E0_RANGE,0.0,0.3,no pre-decision precedent,,1000,220.85,NO_SIGNAL,cash basis UNRESOLVED; gross basis required,,,,,,,,,
exnight-strategy-v3,rCAH-2026-10-01-1,rCAH,RCAHUSDT,2026-10-01,2026-09-23T12:41:23.907463+00:00,0.9656110633409246,0.18323952822276032,127,0.599132006895404,E0_RANGE,0.0,0.3,no pre-decision precedent,,5000,220.85,NO_SIGNAL,cash basis UNRESOLVED; gross basis required,,,,,,,,,
exnight-strategy-v3,rCAH-2026-10-01-1,rCAH,RCAHUSDT,2026-10-01,2026-09-23T12:41:23.907463+00:00,0.9656110633409246,0.18323952822276032,127,0.599132006895404,E0_RANGE,0.0,0.3,no pre-decision precedent,,25000,220.85,NO_SIGNAL,cash basis UNRESOLVED; gross basis required,,,,,,,,,
exnight-strategy-v3,rBTI-2026-10-02-1,rBTI,RBTIUSDT,2026-10-02,2026-09-23T12:41:23.907463+00:00,0.9656110633409246,0.18323952822276032,127,0.599132006895404,E0_RANGE,0.0,0.3,no pre-decision precedent,,1000,55.28,NO_SIGNAL,cash basis UNRESOLVED; gross basis required,,,,,,,,,
exnight-strategy-v3,rBTI-2026-10-02-1,rBTI,RBTIUSDT,2026-10-02,2026-09-23T12:41:23.907463+00:00,0.9656110633409246,0.18323952822276032,127,0.599132006895404,E0_RANGE,0.0,0.3,no pre-decision precedent,,5000,55.28,NO_SIGNAL,cash basis UNRESOLVED; gross basis required,,,,,,,,,
exnight-strategy-v3,rBTI-2026-10-02-1,rBTI,RBTIUSDT,2026-10-02,2026-09-23T12:41:23.907463+00:00,0.9656110633409246,0.18323952822276032,127,0.599132006895404,E0_RANGE,0.0,0.3,no pre-decision precedent,,25000,55.28,NO_SIGNAL,cash basis UNRESOLVED; gross basis required,,,,,,,,,
exnight-strategy-v3,rBTI-2026-12-29-1,rBTI,RBTIUSDT,2026-12-29,2026-09-23T12:41:23.907463+00:00,0.9656110633409246,0.18323952822276032,127,0.599132006895404,E0_RANGE,0.0,0.3,no pre-decision precedent,,1000,55.28,NO_SIGNAL,cash basis UNRESOLVED; gross basis required,,,,,,,,,
exnight-strategy-v3,rBTI-2026-12-29-1,rBTI,RBTIUSDT,2026-12-29,2026-09-23T12:41:23.907463+00:00,0.9656110633409246,0.18323952822276032,127,0.599132006895404,E0_RANGE,0.0,0.3,no pre-decision precedent,,5000,55.28,NO_SIGNAL,cash basis UNRESOLVED; gross basis required,,,,,,,,,
exnight-strategy-v3,rBTI-2026-12-29-1,rBTI,RBTIUSDT,2026-12-29,2026-09-23T12:41:23.907463+00:00,0.9656110633409246,0.18323952822276032,127,0.599132006895404,E0_RANGE,0.0,0.3,no pre-decision precedent,,25000,55.28,NO_SIGNAL,cash basis UNRESOLVED; gross basis required,,,,,,,,,
exnight-strategy-v3,rCASY-2026-10-30-1,rCASY,RCASYUSDT,2026-10-30,2026-09-23T12:41:23.907463+00:00,0.9656110633409246,0.18323952822276032,127,0.599132006895404,E0_RANGE,0.0,0.3,no pre-decision precedent,0.6500000000000000,1000,587.0,NO_SIGNAL,sell: no depth sample for this symbol/session; buy: no depth sample for this symbol/session,,,,,,,,,
exnight-strategy-v3,rCASY-2026-10-30-1,rCASY,RCASYUSDT,2026-10-30,2026-09-23T12:41:23.907463+00:00,0.9656110633409246,0.18323952822276032,127,0.599132006895404,E0_RANGE,0.0,0.3,no pre-decision precedent,0.6500000000000000,5000,587.0,NO_SIGNAL,sell: no depth sample for this symbol/session; buy: no depth sample for this symbol/session,,,,,,,,,
exnight-strategy-v3,rCASY-2026-10-30-1,rCASY,RCASYUSDT,2026-10-30,2026-09-23T12:41:23.907463+00:00,0.9656110633409246,0.18323952822276032,127,0.599132006895404,E0_RANGE,0.0,0.3,no pre-decision precedent,0.6500000000000000,25000,587.0,NO_SIGNAL,sell: no depth sample for this symbol/session; buy: no depth sample for this symbol/session,,,,,,,,,
exnight-strategy-v3,rCIB-2026-09-30-1,rCIB,RCIBUSDT,2026-09-30,2026-09-23T12:41:23.907463+00:00,0.9656110633409246,0.18323952822276032,127,0.599132006895404,E0_RANGE,0.0,0.3,no pre-decision precedent,,1000,97.08,NO_SIGNAL,cash basis UNRESOLVED; gross basis required,,,,,,,,,
exnight-strategy-v3,rCIB-2026-09-30-1,rCIB,RCIBUSDT,2026-09-30,2026-09-23T12:41:23.907463+00:00,0.9656110633409246,0.18323952822276032,127,0.599132006895404,E0_RANGE,0.0,0.3,no pre-decision precedent,,5000,97.08,NO_SIGNAL,cash basis UNRESOLVED; gross basis required,,,,,,,,,
exnight-strategy-v3,rCIB-2026-09-30-1,rCIB,RCIBUSDT,2026-09-30,2026-09-23T12:41:23.907463+00:00,0.9656110633409246,0.18323952822276032,127,0.599132006895404,E0_RANGE,0.0,0.3,no pre-decision precedent,,25000,97.08,NO_SIGNAL,cash basis UNRESOLVED; gross basis required,,,,,,,,,
exnight-strategy-v3,rCMCSA-2026-10-07-1,rCMCSA,RCMCSAUSDT,2026-10-07,2026-09-23T12:41:23.907463+00:00,0.9656110633409246,0.18323952822276032,127,0.599132006895404,E1_DOCUMENTED_PRECEDENT,0.3,0.3,"dividends_2026_07_24: rCMCSA ex 2026-07-01 0.33 at 30%, available 2026-09-16T11:09:53+00:00 (primary)",0.3300000000000000,1000,22.54,NO_SIGNAL,"buy: $1,000 exceeds visible top-of-book ($23) on ticker-only symbol",2026-09-22T23:05:03.214170+00:00,ticker_only,2026-09-23T07:05:04.033204+00:00,ticker_only,,,,,
exnight-strategy-v3,rCMCSA-2026-10-07-1,rCMCSA,RCMCSAUSDT,2026-10-07,2026-09-23T12:41:23.907463+00:00,0.9656110633409246,0.18323952822276032,127,0.599132006895404,E1_DOCUMENTED_PRECEDENT,0.3,0.3,"dividends_2026_07_24: rCMCSA ex 2026-07-01 0.33 at 30%, available 2026-09-16T11:09:53+00:00 (primary)",0.3300000000000000,5000,22.54,NO_SIGNAL,"buy: $5,000 exceeds visible top-of-book ($23) on ticker-only symbol",2026-09-22T23:05:03.214170+00:00,ticker_only,2026-09-23T07:05:04.033204+00:00,ticker_only,,,,,
exnight-strategy-v3,rCMCSA-2026-10-07-1,rCMCSA,RCMCSAUSDT,2026-10-07,2026-09-23T12:41:23.907463+00:00,0.9656110633409246,0.18323952822276032,127,0.599132006895404,E1_DOCUMENTED_PRECEDENT,0.3,0.3,"dividends_2026_07_24: rCMCSA ex 2026-07-01 0.33 at 30%, available 2026-09-16T11:09:53+00:00 (primary)",0.3300000000000000,25000,22.54,NO_SIGNAL,"sell: $25,000 exceeds visible top-of-book ($10,318) on ticker-only symbol; buy: $25,000 exceeds visible top-of-book ($23) on ticker-only symbol",2026-09-22T23:05:03.214170+00:00,ticker_only,2026-09-23T07:05:04.033204+00:00,ticker_only,,,,,
exnight-strategy-v3,rCOLD-2026-09-30-1,rCOLD,RCOLDUSDT,2026-09-30,2026-09-23T12:41:23.907463+00:00,0.9656110633409246,0.18323952822276032,127,0.599132006895404,E0_RANGE,0.0,0.3,no pre-decision precedent,,1000,14.84,NO_SIGNAL,cash basis UNRESOLVED; gross basis required,,,,,,,,,
exnight-strategy-v3,rCOLD-2026-09-30-1,rCOLD,RCOLDUSDT,2026-09-30,2026-09-23T12:41:23.907463+00:00,0.9656110633409246,0.18323952822276032,127,0.599132006895404,E0_RANGE,0.0,0.3,no pre-decision precedent,,5000,14.84,NO_SIGNAL,cash basis UNRESOLVED; gross basis required,,,,,,,,,
exnight-strategy-v3,rCOLD-2026-09-30-1,rCOLD,RCOLDUSDT,2026-09-30,2026-09-23T12:41:23.907463+00:00,0.9656110633409246,0.18323952822276032,127,0.599132006895404,E0_RANGE,0.0,0.3,no pre-decision precedent,,25000,14.84,NO_SIGNAL,cash basis UNRESOLVED; gross basis required,,,,,,,,,
exnight-strategy-v3,rCPT-2026-09-30-1,rCPT,RCPTUSDT,2026-09-30,2026-09-23T12:41:23.907463+00:00,0.9656110633409246,0.18323952822276032,127,0.599132006895404,E0_RANGE,0.0,0.3,no pre-decision precedent,,1000,99.31,NO_SIGNAL,cash basis UNRESOLVED; gross basis required,,,,,,,,,
exnight-strategy-v3,rCPT-2026-09-30-1,rCPT,RCPTUSDT,2026-09-30,2026-09-23T12:41:23.907463+00:00,0.9656110633409246,0.18323952822276032,127,0.599132006895404,E0_RANGE,0.0,0.3,no pre-decision precedent,,5000,99.31,NO_SIGNAL,cash basis UNRESOLVED; gross basis required,,,,,,,,,
exnight-strategy-v3,rCPT-2026-09-30-1,rCPT,RCPTUSDT,2026-09-30,2026-09-23T12:41:23.907463+00:00,0.9656110633409246,0.18323952822276032,127,0.599132006895404,E0_RANGE,0.0,0.3,no pre-decision precedent,,25000,99.31,NO_SIGNAL,cash basis UNRESOLVED; gross basis required,,,,,,,,,
exnight-strategy-v3,rCPB-2026-10-01-1,rCPB,RCPBUSDT,2026-10-01,2026-09-23T12:41:23.907463+00:00,0.9656110633409246,0.18323952822276032,127,0.599132006895404,E0_RANGE,0.0,0.3,no pre-decision precedent,0.2500000000000000,1000,20.32,NO_SIGNAL,sell: no depth sample for this symbol/session; buy: no depth sample for this symbol/session,,,,,,,,,
exnight-strategy-v3,rCPB-2026-10-01-1,rCPB,RCPBUSDT,2026-10-01,2026-09-23T12:41:23.907463+00:00,0.9656110633409246,0.18323952822276032,127,0.599132006895404,E0_RANGE,0.0,0.3,no pre-decision precedent,0.2500000000000000,5000,20.32,NO_SIGNAL,sell: no depth sample for this symbol/session; buy: no depth sample for this symbol/session,,,,,,,,,
exnight-strategy-v3,rCPB-2026-10-01-1,rCPB,RCPBUSDT,2026-10-01,2026-09-23T12:41:23.907463+00:00,0.9656110633409246,0.18323952822276032,127,0.599132006895404,E0_RANGE,0.0,0.3,no pre-decision precedent,0.2500000000000000,25000,20.32,NO_SIGNAL,sell: no depth sample for this symbol/session; buy: no depth sample for this symbol/session,,,,,,,,,
exnight-strategy-v3,rCTRE-2026-09-30-1,rCTRE,RCTREUSDT,2026-09-30,2026-09-23T12:41:23.907463+00:00,0.9656110633409246,0.18323952822276032,127,0.599132006895404,E0_RANGE,0.0,0.3,no pre-decision precedent,,1000,37.6,NO_SIGNAL,cash basis UNRESOLVED; gross basis required,,,,,,,,,
exnight-strategy-v3,rCTRE-2026-09-30-1,rCTRE,RCTREUSDT,2026-09-30,2026-09-23T12:41:23.907463+00:00,0.9656110633409246,0.18323952822276032,127,0.599132006895404,E0_RANGE,0.0,0.3,no pre-decision precedent,,5000,37.6,NO_SIGNAL,cash basis UNRESOLVED; gross basis required,,,,,,,,,
exnight-strategy-v3,rCTRE-2026-09-30-1,rCTRE,RCTREUSDT,2026-09-30,2026-09-23T12:41:23.907463+00:00,0.9656110633409246,0.18323952822276032,127,0.599132006895404,E0_RANGE,0.0,0.3,no pre-decision precedent,,25000,37.6,NO_SIGNAL,cash basis UNRESOLVED; gross basis required,,,,,,,,,
exnight-strategy-v3,rCUBE-2026-10-01-1,rCUBE,RCUBEUSDT,2026-10-01,2026-09-23T12:41:23.907463+00:00,0.9656110633409246,0.18323952822276032,127,0.599132006895404,E0_RANGE,0.0,0.3,no pre-decision precedent,,1000,39.24,NO_SIGNAL,cash basis UNRESOLVED; gross basis required,,,,,,,,,
exnight-strategy-v3,rCUBE-2026-10-01-1,rCUBE,RCUBEUSDT,2026-10-01,2026-09-23T12:41:23.907463+00:00,0.9656110633409246,0.18323952822276032,127,0.599132006895404,E0_RANGE,0.0,0.3,no pre-decision precedent,,5000,39.24,NO_SIGNAL,cash basis UNRESOLVED; gross basis required,,,,,,,,,
exnight-strategy-v3,rCUBE-2026-10-01-1,rCUBE,RCUBEUSDT,2026-10-01,2026-09-23T12:41:23.907463+00:00,0.9656110633409246,0.18323952822276032,127,0.599132006895404,E0_RANGE,0.0,0.3,no pre-decision precedent,,25000,39.24,NO_SIGNAL,cash basis UNRESOLVED; gross basis required,,,,,,,,,
exnight-strategy-v3,rCSCO-2026-10-02-1,rCSCO,RCSCOUSDT,2026-10-02,2026-09-23T12:41:23.907463+00:00,0.9656110633409246,0.18323952822276032,127,0.599132006895404,E1_DOCUMENTED_PRECEDENT,0.3,0.3,"dividends_2026_07_24: rCSCO ex 2026-07-06 0.42 at 30%, available 2026-09-16T11:09:53+00:00 (primary)",0.4200000000000000,1000,106.53,HOLD,,2026-09-22T23:05:03.214170+00:00,public_book,2026-09-23T07:05:04.033204+00:00,public_book,0.4047796579051936,-0.4471442150091239,-0.4471442150091239,39.42551393973528,
exnight-strategy-v3,rCSCO-2026-10-02-1,rCSCO,RCSCOUSDT,2026-10-02,2026-09-23T12:41:23.907463+00:00,0.9656110633409246,0.18323952822276032,127,0.599132006895404,E1_DOCUMENTED_PRECEDENT,0.3,0.3,"dividends_2026_07_24: rCSCO ex 2026-07-06 0.42 at 30%, available 2026-09-16T11:09:53+00:00 (primary)",0.4200000000000000,5000,106.53,HOLD,,2026-09-22T23:05:03.214170+00:00,public_book,2026-09-23T07:05:04.033204+00:00,public_book,0.6686486534065414,-0.7110132105104717,-0.7110132105104717,39.42551393973528,
exnight-strategy-v3,rCSCO-2026-10-02-1,rCSCO,RCSCOUSDT,2026-10-02,2026-09-23T12:41:23.907463+00:00,0.9656110633409246,0.18323952822276032,127,0.599132006895404,E1_DOCUMENTED_PRECEDENT,0.3,0.3,"dividends_2026_07_24: rCSCO ex 2026-07-06 0.42 at 30%, available 2026-09-16T11:09:53+00:00 (primary)",0.4200000000000000,25000,106.53,HOLD,,2026-09-22T23:05:03.214170+00:00,public_book,2026-09-23T07:05:04.033204+00:00,public_book,1.199473952153678,-1.241838509257608,-1.241838509257608,39.42551393973528,
exnight-strategy-v3,rCW-2026-09-25-1,rCW,RCWUSDT,2026-09-25,2026-09-23T12:41:23.907463+00:00,0.9656110633409246,0.18323952822276032,127,0.599132006895404,E0_RANGE,0.0,0.3,no pre-decision precedent,,1000,548.0,NO_SIGNAL,cash basis UNRESOLVED; gross basis required,,,,,,,,,
exnight-strategy-v3,rCW-2026-09-25-1,rCW,RCWUSDT,2026-09-25,2026-09-23T12:41:23.907463+00:00,0.9656110633409246,0.18323952822276032,127,0.599132006895404,E0_RANGE,0.0,0.3,no pre-decision precedent,,5000,548.0,NO_SIGNAL,cash basis UNRESOLVED; gross basis required,,,,,,,,,
exnight-strategy-v3,rCW-2026-09-25-1,rCW,RCWUSDT,2026-09-25,2026-09-23T12:41:23.907463+00:00,0.9656110633409246,0.18323952822276032,127,0.599132006895404,E0_RANGE,0.0,0.3,no pre-decision precedent,,25000,548.0,NO_SIGNAL,cash basis UNRESOLVED; gross basis required,,,,,,,,,
exnight-strategy-v3,rDDS-2026-09-30-1,rDDS,RDDSUSDT,2026-09-30,2026-09-23T12:41:23.907463+00:00,0.9656110633409246,0.18323952822276032,127,0.599132006895404,E0_RANGE,0.0,0.3,no pre-decision precedent,,1000,650.96,NO_SIGNAL,cash basis UNRESOLVED; gross basis required,,,,,,,,,
exnight-strategy-v3,rDDS-2026-09-30-1,rDDS,RDDSUSDT,2026-09-30,2026-09-23T12:41:23.907463+00:00,0.9656110633409246,0.18323952822276032,127,0.599132006895404,E0_RANGE,0.0,0.3,no pre-decision precedent,,5000,650.96,NO_SIGNAL,cash basis UNRESOLVED; gross basis required,,,,,,,,,
exnight-strategy-v3,rDDS-2026-09-30-1,rDDS,RDDSUSDT,2026-09-30,2026-09-23T12:41:23.907463+00:00,0.9656110633409246,0.18323952822276032,127,0.599132006895404,E0_RANGE,0.0,0.3,no pre-decision precedent,,25000,650.96,NO_SIGNAL,cash basis UNRESOLVED; gross basis required,,,,,,,,,
exnight-strategy-v3,rDE-2026-09-30-1,rDE,RDEUSDT,2026-09-30,2026-09-23T12:41:23.907463+00:00,0.9656110633409246,0.18323952822276032,127,0.599132006895404,E0_RANGE,0.0,0.3,no pre-decision precedent,,1000,700.09,NO_SIGNAL,cash basis UNRESOLVED; gross basis required,,,,,,,,,
exnight-strategy-v3,rDE-2026-09-30-1,rDE,RDEUSDT,2026-09-30,2026-09-23T12:41:23.907463+00:00,0.9656110633409246,0.18323952822276032,127,0.599132006895404,E0_RANGE,0.0,0.3,no pre-decision precedent,,5000,700.09,NO_SIGNAL,cash basis UNRESOLVED; gross basis required,,,,,,,,,
exnight-strategy-v3,rDE-2026-09-30-1,rDE,RDEUSDT,2026-09-30,2026-09-23T12:41:23.907463+00:00,0.9656110633409246,0.18323952822276032,127,0.599132006895404,E0_RANGE,0.0,0.3,no pre-decision precedent,,25000,700.09,NO_SIGNAL,cash basis UNRESOLVED; gross basis required,,,,,,,,,
exnight-strategy-v3,rDHR-2026-09-30-1,rDHR,RDHRUSDT,2026-09-30,2026-09-23T12:41:23.907463+00:00,0.9656110633409246,0.18323952822276032,127,0.599132006895404,E0_RANGE,0.0,0.3,no pre-decision precedent,,1000,220.02,NO_SIGNAL,cash basis UNRESOLVED; gross basis required,,,,,,,,,
exnight-strategy-v3,rDHR-2026-09-30-1,rDHR,RDHRUSDT,2026-09-30,2026-09-23T12:41:23.907463+00:00,0.9656110633409246,0.18323952822276032,127,0.599132006895404,E0_RANGE,0.0,0.3,no pre-decision precedent,,5000,220.02,NO_SIGNAL,cash basis UNRESOLVED; gross basis required,,,,,,,,,
exnight-strategy-v3,rDHR-2026-09-30-1,rDHR,RDHRUSDT,2026-09-30,2026-09-23T12:41:23.907463+00:00,0.9656110633409246,0.18323952822276032,127,0.599132006895404,E0_RANGE,0.0,0.3,no pre-decision precedent,,25000,220.02,NO_SIGNAL,cash basis UNRESOLVED; gross basis required,,,,,,,,,
exnight-strategy-v3,rDG-2026-10-06-1,rDG,RDGUSDT,2026-10-06,2026-09-23T12:41:23.907463+00:00,0.9656110633409246,0.18323952822276032,127,0.599132006895404,E0_RANGE,0.0,0.3,no pre-decision precedent,,1000,123.0,NO_SIGNAL,cash basis UNRESOLVED; gross basis required,,,,,,,,,
exnight-strategy-v3,rDG-2026-10-06-1,rDG,RDGUSDT,2026-10-06,2026-09-23T12:41:23.907463+00:00,0.9656110633409246,0.18323952822276032,127,0.599132006895404,E0_RANGE,0.0,0.3,no pre-decision precedent,,5000,123.0,NO_SIGNAL,cash basis UNRESOLVED; gross basis required,,,,,,,,,
exnight-strategy-v3,rDG-2026-10-06-1,rDG,RDGUSDT,2026-10-06,2026-09-23T12:41:23.907463+00:00,0.9656110633409246,0.18323952822276032,127,0.599132006895404,E0_RANGE,0.0,0.3,no pre-decision precedent,,25000,123.0,NO_SIGNAL,cash basis UNRESOLVED; gross basis required,,,,,,,,,
exnight-strategy-v3,rDGX-2026-10-06-1,rDGX,RDGXUSDT,2026-10-06,2026-09-23T12:41:23.907463+00:00,0.9656110633409246,0.18323952822276032,127,0.599132006895404,E0_RANGE,0.0,0.3,no pre-decision precedent,,1000,233.34,NO_SIGNAL,cash basis UNRESOLVED; gross basis required,,,,,,,,,
exnight-strategy-v3,rDGX-2026-10-06-1,rDGX,RDGXUSDT,2026-10-06,2026-09-23T12:41:23.907463+00:00,0.9656110633409246,0.18323952822276032,127,0.599132006895404,E0_RANGE,0.0,0.3,no pre-decision precedent,,5000,233.34,NO_SIGNAL,cash basis UNRESOLVED; gross basis required,,,,,,,,,
exnight-strategy-v3,rDGX-2026-10-06-1,rDGX,RDGXUSDT,2026-10-06,2026-09-23T12:41:23.907463+00:00,0.9656110633409246,0.18323952822276032,127,0.599132006895404,E0_RANGE,0.0,0.3,no pre-decision precedent,,25000,233.34,NO_SIGNAL,cash basis UNRESOLVED; gross basis required,,,,,,,,,
exnight-strategy-v3,rDEO-2026-10-16-1,rDEO,RDEOUSDT,2026-10-16,2026-09-23T12:41:23.907463+00:00,0.9656110633409246,0.18323952822276032,127,0.599132006895404,E0_RANGE,0.0,0.3,no pre-decision precedent,,1000,86.66,NO_SIGNAL,cash basis UNRESOLVED; gross basis required,,,,,,,,,
exnight-strategy-v3,rDEO-2026-10-16-1,rDEO,RDEOUSDT,2026-10-16,2026-09-23T12:41:23.907463+00:00,0.9656110633409246,0.18323952822276032,127,0.599132006895404,E0_RANGE,0.0,0.3,no pre-decision precedent,,5000,86.66,NO_SIGNAL,cash basis UNRESOLVED; gross basis required,,,,,,,,,
exnight-strategy-v3,rDEO-2026-10-16-1,rDEO,RDEOUSDT,2026-10-16,2026-09-23T12:41:23.907463+00:00,0.9656110633409246,0.18323952822276032,127,0.599132006895404,E0_RANGE,0.0,0.3,no pre-decision precedent,,25000,86.66,NO_SIGNAL,cash basis UNRESOLVED; gross basis required,,,,,,,,,
exnight-strategy-v3,rDELL-2026-10-20-1,rDELL,RDELLUSDT,2026-10-20,2026-09-23T12:41:23.907463+00:00,0.9656110633409246,0.18323952822276032,127,0.599132006895404,E0_RANGE,0.0,0.3,no pre-decision precedent,,1000,552.0,NO_SIGNAL,cash basis UNRESOLVED; gross basis required,,,,,,,,,
exnight-strategy-v3,rDELL-2026-10-20-1,rDELL,RDELLUSDT,2026-10-20,2026-09-23T12:41:23.907463+00:00,0.9656110633409246,0.18323952822276032,127,0.599132006895404,E0_RANGE,0.0,0.3,no pre-decision precedent,,5000,552.0,NO_SIGNAL,cash basis UNRESOLVED; gross basis required,,,,,,,,,
exnight-strategy-v3,rDELL-2026-10-20-1,rDELL,RDELLUSDT,2026-10-20,2026-09-23T12:41:23.907463+00:00,0.9656110633409246,0.18323952822276032,127,0.599132006895404,E0_RANGE,0.0,0.3,no pre-decision precedent,,25000,552.0,NO_SIGNAL,cash basis UNRESOLVED; gross basis required,,,,,,,,,
exnight-strategy-v3,rDOO-2026-09-29-1,rDOO,RDOOUSDT,2026-09-29,2026-09-23T12:41:23.907463+00:00,0.9656110633409246,0.18323952822276032,127,0.599132006895404,E0_RANGE,0.0,0.3,no pre-decision precedent,,1000,57.98,NO_SIGNAL,cash basis UNRESOLVED; gross basis required,,,,,,,,,
exnight-strategy-v3,rDOO-2026-09-29-1,rDOO,RDOOUSDT,2026-09-29,2026-09-23T12:41:23.907463+00:00,0.9656110633409246,0.18323952822276032,127,0.599132006895404,E0_RANGE,0.0,0.3,no pre-decision precedent,,5000,57.98,NO_SIGNAL,cash basis UNRESOLVED; gross basis required,,,,,,,,,
exnight-strategy-v3,rDOO-2026-09-29-1,rDOO,RDOOUSDT,2026-09-29,2026-09-23T12:41:23.907463+00:00,0.9656110633409246,0.18323952822276032,127,0.599132006895404,E0_RANGE,0.0,0.3,no pre-decision precedent,,25000,57.98,NO_SIGNAL,cash basis UNRESOLVED; gross basis required,,,,,,,,,
exnight-strategy-v3,rDOX-2026-09-30-1,rDOX,RDOXUSDT,2026-09-30,2026-09-23T12:41:23.907463+00:00,0.9656110633409246,0.18323952822276032,127,0.599132006895404,E0_RANGE,0.0,0.3,no pre-decision precedent,0.5690000000000000,1000,58.95,NO_SIGNAL,sell: no depth sample for this symbol/session; buy: no depth sample for this symbol/session,,,,,,,,,
exnight-strategy-v3,rDOX-2026-09-30-1,rDOX,RDOXUSDT,2026-09-30,2026-09-23T12:41:23.907463+00:00,0.9656110633409246,0.18323952822276032,127,0.599132006895404,E0_RANGE,0.0,0.3,no pre-decision precedent,0.5690000000000000,5000,58.95,NO_SIGNAL,sell: no depth sample for this symbol/session; buy: no depth sample for this symbol/session,,,,,,,,,
exnight-strategy-v3,rDOX-2026-09-30-1,rDOX,RDOXUSDT,2026-09-30,2026-09-23T12:41:23.907463+00:00,0.9656110633409246,0.18323952822276032,127,0.599132006895404,E0_RANGE,0.0,0.3,no pre-decision precedent,0.5690000000000000,25000,58.95,NO_SIGNAL,sell: no depth sample for this symbol/session; buy: no depth sample for this symbol/session,,,,,,,,,
exnight-strategy-v3,rELS-2026-09-25-1,rELS,RELSUSDT,2026-09-25,2026-09-23T12:41:23.907463+00:00,0.9656110633409246,0.18323952822276032,127,0.599132006895404,E0_RANGE,0.0,0.3,no pre-decision precedent,,1000,60.26,NO_SIGNAL,cash basis UNRESOLVED; gross basis required,,,,,,,,,
exnight-strategy-v3,rELS-2026-09-25-1,rELS,RELSUSDT,2026-09-25,2026-09-23T12:41:23.907463+00:00,0.9656110633409246,0.18323952822276032,127,0.599132006895404,E0_RANGE,0.0,0.3,no pre-decision precedent,,5000,60.26,NO_SIGNAL,cash basis UNRESOLVED; gross basis required,,,,,,,,,
exnight-strategy-v3,rELS-2026-09-25-1,rELS,RELSUSDT,2026-09-25,2026-09-23T12:41:23.907463+00:00,0.9656110633409246,0.18323952822276032,127,0.599132006895404,E0_RANGE,0.0,0.3,no pre-decision precedent,,25000,60.26,NO_SIGNAL,cash basis UNRESOLVED; gross basis required,,,,,,,,,
exnight-strategy-v3,rEGP-2026-09-30-1,rEGP,REGPUSDT,2026-09-30,2026-09-23T12:41:23.907463+00:00,0.9656110633409246,0.18323952822276032,127,0.599132006895404,E0_RANGE,0.0,0.3,no pre-decision precedent,,1000,204.21,NO_SIGNAL,cash basis UNRESOLVED; gross basis required,,,,,,,,,
exnight-strategy-v3,rEGP-2026-09-30-1,rEGP,REGPUSDT,2026-09-30,2026-09-23T12:41:23.907463+00:00,0.9656110633409246,0.18323952822276032,127,0.599132006895404,E0_RANGE,0.0,0.3,no pre-decision precedent,,5000,204.21,NO_SIGNAL,cash basis UNRESOLVED; gross basis required,,,,,,,,,
exnight-strategy-v3,rEGP-2026-09-30-1,rEGP,REGPUSDT,2026-09-30,2026-09-23T12:41:23.907463+00:00,0.9656110633409246,0.18323952822276032,127,0.599132006895404,E0_RANGE,0.0,0.3,no pre-decision precedent,,25000,204.21,NO_SIGNAL,cash basis UNRESOLVED; gross basis required,,,,,,,,,
exnight-strategy-v3,rEHC-2026-10-01-1,rEHC,REHCUSDT,2026-10-01,2026-09-23T12:41:23.907463+00:00,0.9656110633409246,0.18323952822276032,127,0.599132006895404,E0_RANGE,0.0,0.3,no pre-decision precedent,,1000,122.76,NO_SIGNAL,cash basis UNRESOLVED; gross basis required,,,,,,,,,
exnight-strategy-v3,rEHC-2026-10-01-1,rEHC,REHCUSDT,2026-10-01,2026-09-23T12:41:23.907463+00:00,0.9656110633409246,0.18323952822276032,127,0.599132006895404,E0_RANGE,0.0,0.3,no pre-decision precedent,,5000,122.76,NO_SIGNAL,cash basis UNRESOLVED; gross basis required,,,,,,,,,
exnight-strategy-v3,rEHC-2026-10-01-1,rEHC,REHCUSDT,2026-10-01,2026-09-23T12:41:23.907463+00:00,0.9656110633409246,0.18323952822276032,127,0.599132006895404,E0_RANGE,0.0,0.3,no pre-decision precedent,,25000,122.76,NO_SIGNAL,cash basis UNRESOLVED; gross basis required,,,,,,,,,
exnight-strategy-v3,rERIC-2026-09-29-1,rERIC,RERICUSDT,2026-09-29,2026-09-23T12:41:23.907463+00:00,0.9656110633409246,0.18323952822276032,127,0.599132006895404,E0_RANGE,0.0,0.3,no pre-decision precedent,0.1579200000000000,1000,9.73,NO_SIGNAL,sell: no depth sample for this symbol/session; buy: no depth sample for this symbol/session,,,,,,,,,
exnight-strategy-v3,rERIC-2026-09-29-1,rERIC,RERICUSDT,2026-09-29,2026-09-23T12:41:23.907463+00:00,0.9656110633409246,0.18323952822276032,127,0.599132006895404,E0_RANGE,0.0,0.3,no pre-decision precedent,0.1579200000000000,5000,9.73,NO_SIGNAL,sell: no depth sample for this symbol/session; buy: no depth sample for this symbol/session,,,,,,,,,
exnight-strategy-v3,rERIC-2026-09-29-1,rERIC,RERICUSDT,2026-09-29,2026-09-23T12:41:23.907463+00:00,0.9656110633409246,0.18323952822276032,127,0.599132006895404,E0_RANGE,0.0,0.3,no pre-decision precedent,0.1579200000000000,25000,9.73,NO_SIGNAL,sell: no depth sample for this symbol/session; buy: no depth sample for this symbol/session,,,,,,,,,
exnight-strategy-v3,rEPR-2026-09-30-1,rEPR,REPRUSDT,2026-09-30,2026-09-23T12:41:23.907463+00:00,0.9656110633409246,0.18323952822276032,127,0.599132006895404,E0_RANGE,0.0,0.3,no pre-decision precedent,,1000,58.1,NO_SIGNAL,cash basis UNRESOLVED; gross basis required,,,,,,,,,
exnight-strategy-v3,rEPR-2026-09-30-1,rEPR,REPRUSDT,2026-09-30,2026-09-23T12:41:23.907463+00:00,0.9656110633409246,0.18323952822276032,127,0.599132006895404,E0_RANGE,0.0,0.3,no pre-decision precedent,,5000,58.1,NO_SIGNAL,cash basis UNRESOLVED; gross basis required,,,,,,,,,
exnight-strategy-v3,rEPR-2026-09-30-1,rEPR,REPRUSDT,2026-09-30,2026-09-23T12:41:23.907463+00:00,0.9656110633409246,0.18323952822276032,127,0.599132006895404,E0_RANGE,0.0,0.3,no pre-decision precedent,,25000,58.1,NO_SIGNAL,cash basis UNRESOLVED; gross basis required,,,,,,,,,
exnight-strategy-v3,rEPRT-2026-09-30-1,rEPRT,REPRTUSDT,2026-09-30,2026-09-23T12:41:23.907463+00:00,0.9656110633409246,0.18323952822276032,127,0.599132006895404,E0_RANGE,0.0,0.3,no pre-decision precedent,,1000,26.97,NO_SIGNAL,cash basis UNRESOLVED; gross basis required,,,,,,,,,
exnight-strategy-v3,rEPRT-2026-09-30-1,rEPRT,REPRTUSDT,2026-09-30,2026-09-23T12:41:23.907463+00:00,0.9656110633409246,0.18323952822276032,127,0.599132006895404,E0_RANGE,0.0,0.3,no pre-decision precedent,,5000,26.97,NO_SIGNAL,cash basis UNRESOLVED; gross basis required,,,,,,,,,
exnight-strategy-v3,rEPRT-2026-09-30-1,rEPRT,REPRTUSDT,2026-09-30,2026-09-23T12:41:23.907463+00:00,0.9656110633409246,0.18323952822276032,127,0.599132006895404,E0_RANGE,0.0,0.3,no pre-decision precedent,,25000,26.97,NO_SIGNAL,cash basis UNRESOLVED; gross basis required,,,,,,,,,
exnight-strategy-v3,rESE-2026-10-01-1,rESE,RESEUSDT,2026-10-01,2026-09-23T12:41:23.907463+00:00,0.9656110633409246,0.18323952822276032,127,0.599132006895404,E0_RANGE,0.0,0.3,no pre-decision precedent,,1000,261.25,NO_SIGNAL,cash basis UNRESOLVED; gross basis required,,,,,,,,,
exnight-strategy-v3,rESE-2026-10-01-1,rESE,RESEUSDT,2026-10-01,2026-09-23T12:41:23.907463+00:00,0.9656110633409246,0.18323952822276032,127,0.599132006895404,E0_RANGE,0.0,0.3,no pre-decision precedent,,5000,261.25,NO_SIGNAL,cash basis UNRESOLVED; gross basis required,,,,,,,,,
exnight-strategy-v3,rESE-2026-10-01-1,rESE,RESEUSDT,2026-10-01,2026-09-23T12:41:23.907463+00:00,0.9656110633409246,0.18323952822276032,127,0.599132006895404,E0_RANGE,0.0,0.3,no pre-decision precedent,,25000,261.25,NO_SIGNAL,cash basis UNRESOLVED; gross basis required,,,,,,,,,
exnight-strategy-v3,rESAB-2026-10-02-1,rESAB,RESABUSDT,2026-10-02,2026-09-23T12:41:23.907463+00:00,0.9656110633409246,0.18323952822276032,127,0.599132006895404,E0_RANGE,0.0,0.3,no pre-decision precedent,,1000,68.44,NO_SIGNAL,cash basis UNRESOLVED; gross basis required,,,,,,,,,
exnight-strategy-v3,rESAB-2026-10-02-1,rESAB,RESABUSDT,2026-10-02,2026-09-23T12:41:23.907463+00:00,0.9656110633409246,0.18323952822276032,127,0.599132006895404,E0_RANGE,0.0,0.3,no pre-decision precedent,,5000,68.44,NO_SIGNAL,cash basis UNRESOLVED; gross basis required,,,,,,,,,
exnight-strategy-v3,rESAB-2026-10-02-1,rESAB,RESABUSDT,2026-10-02,2026-09-23T12:41:23.907463+00:00,0.9656110633409246,0.18323952822276032,127,0.599132006895404,E0_RANGE,0.0,0.3,no pre-decision precedent,,25000,68.44,NO_SIGNAL,cash basis UNRESOLVED; gross basis required,,,,,,,,,
exnight-strategy-v3,rERIE-2026-10-05-1,rERIE,RERIEUSDT,2026-10-05,2026-09-23T12:41:23.907463+00:00,0.9656110633409246,0.18323952822276032,127,0.599132006895404,E0_RANGE,0.0,0.3,no pre-decision precedent,1.4625000000000000,1000,234.01,NO_SIGNAL,sell: no depth sample for this symbol/session; buy: no depth sample for this symbol/session,,,,,,,,,
exnight-strategy-v3,rERIE-2026-10-05-1,rERIE,RERIEUSDT,2026-10-05,2026-09-23T12:41:23.907463+00:00,0.9656110633409246,0.18323952822276032,127,0.599132006895404,E0_RANGE,0.0,0.3,no pre-decision precedent,1.4625000000000000,5000,234.01,NO_SIGNAL,sell: no depth sample for this symbol/session; buy: no depth sample for this symbol/session,,,,,,,,,
exnight-strategy-v3,rERIE-2026-10-05-1,rERIE,RERIEUSDT,2026-10-05,2026-09-23T12:41:23.907463+00:00,0.9656110633409246,0.18323952822276032,127,0.599132006895404,E0_RANGE,0.0,0.3,no pre-decision precedent,1.4625000000000000,25000,234.01,NO_SIGNAL,sell: no depth sample for this symbol/session; buy: no depth sample for this symbol/session,,,,,,,,,
exnight-strategy-v3,rEOG-2026-10-16-1,rEOG,REOGUSDT,2026-10-16,2026-09-23T12:41:23.907463+00:00,0.9656110633409246,0.18323952822276032,127,0.599132006895404,E0_RANGE,0.0,0.3,no pre-decision precedent,,1000,139.81,NO_SIGNAL,cash basis UNRESOLVED; gross basis required,,,,,,,,,
exnight-strategy-v3,rEOG-2026-10-16-1,rEOG,REOGUSDT,2026-10-16,2026-09-23T12:41:23.907463+00:00,0.9656110633409246,0.18323952822276032,127,0.599132006895404,E0_RANGE,0.0,0.3,no pre-decision precedent,,5000,139.81,NO_SIGNAL,cash basis UNRESOLVED; gross basis required,,,,,,,,,
exnight-strategy-v3,rEOG-2026-10-16-1,rEOG,REOGUSDT,2026-10-16,2026-09-23T12:41:23.907463+00:00,0.9656110633409246,0.18323952822276032,127,0.599132006895404,E0_RANGE,0.0,0.3,no pre-decision precedent,,25000,139.81,NO_SIGNAL,cash basis UNRESOLVED; gross basis required,,,,,,,,,
exnight-strategy-v3,rESS-2026-09-30-1,rESS,RESSUSDT,2026-09-30,2026-09-23T12:41:23.907463+00:00,0.9656110633409246,0.18323952822276032,127,0.599132006895404,E0_RANGE,0.0,0.3,no pre-decision precedent,,1000,274.76,NO_SIGNAL,cash basis UNRESOLVED; gross basis required,,,,,,,,,
exnight-strategy-v3,rESS-2026-09-30-1,rESS,RESSUSDT,2026-09-30,2026-09-23T12:41:23.907463+00:00,0.9656110633409246,0.18323952822276032,127,0.599132006895404,E0_RANGE,0.0,0.3,no pre-decision precedent,,5000,274.76,NO_SIGNAL,cash basis UNRESOLVED; gross basis required,,,,,,,,,
exnight-strategy-v3,rESS-2026-09-30-1,rESS,RESSUSDT,2026-09-30,2026-09-23T12:41:23.907463+00:00,0.9656110633409246,0.18323952822276032,127,0.599132006895404,E0_RANGE,0.0,0.3,no pre-decision precedent,,25000,274.76,NO_SIGNAL,cash basis UNRESOLVED; gross basis required,,,,,,,,,
exnight-strategy-v3,rESLT-2026-10-13-1,rESLT,RESLTUSDT,2026-10-13,2026-09-23T12:41:23.907463+00:00,0.9656110633409246,0.18323952822276032,127,0.599132006895404,E0_RANGE,0.0,0.3,no pre-decision precedent,1.0000000000000000,1000,746.15,NO_SIGNAL,sell: no depth sample for this symbol/session; buy: no depth sample for this symbol/session,,,,,,,,,
exnight-strategy-v3,rESLT-2026-10-13-1,rESLT,RESLTUSDT,2026-10-13,2026-09-23T12:41:23.907463+00:00,0.9656110633409246,0.18323952822276032,127,0.599132006895404,E0_RANGE,0.0,0.3,no pre-decision precedent,1.0000000000000000,5000,746.15,NO_SIGNAL,sell: no depth sample for this symbol/session; buy: no depth sample for this symbol/session,,,,,,,,,
exnight-strategy-v3,rESLT-2026-10-13-1,rESLT,RESLTUSDT,2026-10-13,2026-09-23T12:41:23.907463+00:00,0.9656110633409246,0.18323952822276032,127,0.599132006895404,E0_RANGE,0.0,0.3,no pre-decision precedent,1.0000000000000000,25000,746.15,NO_SIGNAL,sell: no depth sample for this symbol/session; buy: no depth sample for this symbol/session,,,,,,,,,
exnight-strategy-v3,rFLS-2026-09-25-1,rFLS,RFLSUSDT,2026-09-25,2026-09-23T12:41:23.907463+00:00,0.9656110633409246,0.18323952822276032,127,0.599132006895404,E0_RANGE,0.0,0.3,no pre-decision precedent,,1000,75.82,NO_SIGNAL,cash basis UNRESOLVED; gross basis required,,,,,,,,,
exnight-strategy-v3,rFLS-2026-09-25-1,rFLS,RFLSUSDT,2026-09-25,2026-09-23T12:41:23.907463+00:00,0.9656110633409246,0.18323952822276032,127,0.599132006895404,E0_RANGE,0.0,0.3,no pre-decision precedent,,5000,75.82,NO_SIGNAL,cash basis UNRESOLVED; gross basis required,,,,,,,,,
exnight-strategy-v3,rFLS-2026-09-25-1,rFLS,RFLSUSDT,2026-09-25,2026-09-23T12:41:23.907463+00:00,0.9656110633409246,0.18323952822276032,127,0.599132006895404,E0_RANGE,0.0,0.3,no pre-decision precedent,,25000,75.82,NO_SIGNAL,cash basis UNRESOLVED; gross basis required,,,,,,,,,
exnight-strategy-v3,rFR-2026-09-30-1,rFR,RFRUSDT,2026-09-30,2026-09-23T12:41:23.907463+00:00,0.9656110633409246,0.18323952822276032,127,0.599132006895404,E0_RANGE,0.0,0.3,no pre-decision precedent,,1000,61.89,NO_SIGNAL,cash basis UNRESOLVED; gross basis required,,,,,,,,,
exnight-strategy-v3,rFR-2026-09-30-1,rFR,RFRUSDT,2026-09-30,2026-09-23T12:41:23.907463+00:00,0.9656110633409246,0.18323952822276032,127,0.599132006895404,E0_RANGE,0.0,0.3,no pre-decision precedent,,5000,61.89,NO_SIGNAL,cash basis UNRESOLVED; gross basis required,,,,,,,,,
exnight-strategy-v3,rFR-2026-09-30-1,rFR,RFRUSDT,2026-09-30,2026-09-23T12:41:23.907463+00:00,0.9656110633409246,0.18323952822276032,127,0.599132006895404,E0_RANGE,0.0,0.3,no pre-decision precedent,,25000,61.89,NO_SIGNAL,cash basis UNRESOLVED; gross basis required,,,,,,,,,
exnight-strategy-v3,rFRT-2026-10-01-1,rFRT,RFRTUSDT,2026-10-01,2026-09-23T12:41:23.907463+00:00,0.9656110633409246,0.18323952822276032,127,0.599132006895404,E0_RANGE,0.0,0.3,no pre-decision precedent,,1000,111.06,NO_SIGNAL,cash basis UNRESOLVED; gross basis required,,,,,,,,,
exnight-strategy-v3,rFRT-2026-10-01-1,rFRT,RFRTUSDT,2026-10-01,2026-09-23T12:41:23.907463+00:00,0.9656110633409246,0.18323952822276032,127,0.599132006895404,E0_RANGE,0.0,0.3,no pre-decision precedent,,5000,111.06,NO_SIGNAL,cash basis UNRESOLVED; gross basis required,,,,,,,,,
exnight-strategy-v3,rFRT-2026-10-01-1,rFRT,RFRTUSDT,2026-10-01,2026-09-23T12:41:23.907463+00:00,0.9656110633409246,0.18323952822276032,127,0.599132006895404,E0_RANGE,0.0,0.3,no pre-decision precedent,,25000,111.06,NO_SIGNAL,cash basis UNRESOLVED; gross basis required,,,,,,,,,
exnight-strategy-v3,rFULT-2026-10-01-1,rFULT,RFULTUSDT,2026-10-01,2026-09-23T12:41:23.907463+00:00,0.9656110633409246,0.18323952822276032,127,0.599132006895404,E0_RANGE,0.0,0.3,no pre-decision precedent,0.1900000000000000,1000,23.02,NO_SIGNAL,sell: no depth sample for this symbol/session; buy: no depth sample for this symbol/session,,,,,,,,,
exnight-strategy-v3,rFULT-2026-10-01-1,rFULT,RFULTUSDT,2026-10-01,2026-09-23T12:41:23.907463+00:00,0.9656110633409246,0.18323952822276032,127,0.599132006895404,E0_RANGE,0.0,0.3,no pre-decision precedent,0.1900000000000000,5000,23.02,NO_SIGNAL,sell: no depth sample for this symbol/session; buy: no depth sample for this symbol/session,,,,,,,,,
exnight-strategy-v3,rFULT-2026-10-01-1,rFULT,RFULTUSDT,2026-10-01,2026-09-23T12:41:23.907463+00:00,0.9656110633409246,0.18323952822276032,127,0.599132006895404,E0_RANGE,0.0,0.3,no pre-decision precedent,0.1900000000000000,25000,23.02,NO_SIGNAL,sell: no depth sample for this symbol/session; buy: no depth sample for this symbol/session,,,,,,,,,
exnight-strategy-v3,rGAP-2026-10-07-1,rGAP,RGAPUSDT,2026-10-07,2026-09-23T12:41:23.907463+00:00,0.9656110633409246,0.18323952822276032,127,0.599132006895404,E0_RANGE,0.0,0.3,no pre-decision precedent,,1000,21.5,NO_SIGNAL,cash basis UNRESOLVED; gross basis required,,,,,,,,,
exnight-strategy-v3,rGAP-2026-10-07-1,rGAP,RGAPUSDT,2026-10-07,2026-09-23T12:41:23.907463+00:00,0.9656110633409246,0.18323952822276032,127,0.599132006895404,E0_RANGE,0.0,0.3,no pre-decision precedent,,5000,21.5,NO_SIGNAL,cash basis UNRESOLVED; gross basis required,,,,,,,,,
exnight-strategy-v3,rGAP-2026-10-07-1,rGAP,RGAPUSDT,2026-10-07,2026-09-23T12:41:23.907463+00:00,0.9656110633409246,0.18323952822276032,127,0.599132006895404,E0_RANGE,0.0,0.3,no pre-decision precedent,,25000,21.5,NO_SIGNAL,cash basis UNRESOLVED; gross basis required,,,,,,,,,
exnight-strategy-v3,rGD-2026-10-09-1,rGD,RGDUSDT,2026-10-09,2026-09-23T12:41:23.907463+00:00,0.9656110633409246,0.18323952822276032,127,0.599132006895404,E0_RANGE,0.0,0.3,no pre-decision precedent,,1000,344.5,NO_SIGNAL,cash basis UNRESOLVED; gross basis required,,,,,,,,,
exnight-strategy-v3,rGD-2026-10-09-1,rGD,RGDUSDT,2026-10-09,2026-09-23T12:41:23.907463+00:00,0.9656110633409246,0.18323952822276032,127,0.599132006895404,E0_RANGE,0.0,0.3,no pre-decision precedent,,5000,344.5,NO_SIGNAL,cash basis UNRESOLVED; gross basis required,,,,,,,,,
exnight-strategy-v3,rGD-2026-10-09-1,rGD,RGDUSDT,2026-10-09,2026-09-23T12:41:23.907463+00:00,0.9656110633409246,0.18323952822276032,127,0.599132006895404,E0_RANGE,0.0,0.3,no pre-decision precedent,,25000,344.5,NO_SIGNAL,cash basis UNRESOLVED; gross basis required,,,,,,,,,
exnight-strategy-v3,rGHC-2026-10-15-1,rGHC,RGHCUSDT,2026-10-15,2026-09-23T12:41:23.907463+00:00,0.9656110633409246,0.18323952822276032,127,0.599132006895404,E0_RANGE,0.0,0.3,no pre-decision precedent,,1000,1157.5,NO_SIGNAL,cash basis UNRESOLVED; gross basis required,,,,,,,,,
exnight-strategy-v3,rGHC-2026-10-15-1,rGHC,RGHCUSDT,2026-10-15,2026-09-23T12:41:23.907463+00:00,0.9656110633409246,0.18323952822276032,127,0.599132006895404,E0_RANGE,0.0,0.3,no pre-decision precedent,,5000,1157.5,NO_SIGNAL,cash basis UNRESOLVED; gross basis required,,,,,,,,,
exnight-strategy-v3,rGHC-2026-10-15-1,rGHC,RGHCUSDT,2026-10-15,2026-09-23T12:41:23.907463+00:00,0.9656110633409246,0.18323952822276032,127,0.599132006895404,E0_RANGE,0.0,0.3,no pre-decision precedent,,25000,1157.5,NO_SIGNAL,cash basis UNRESOLVED; gross basis required,,,,,,,,,
exnight-strategy-v3,rGGG-2026-10-19-1,rGGG,RGGGUSDT,2026-10-19,2026-09-23T12:41:23.907463+00:00,0.9656110633409246,0.18323952822276032,127,0.599132006895404,E0_RANGE,0.0,0.3,no pre-decision precedent,,1000,77.69,NO_SIGNAL,cash basis UNRESOLVED; gross basis required,,,,,,,,,
exnight-strategy-v3,rGGG-2026-10-19-1,rGGG,RGGGUSDT,2026-10-19,2026-09-23T12:41:23.907463+00:00,0.9656110633409246,0.18323952822276032,127,0.599132006895404,E0_RANGE,0.0,0.3,no pre-decision precedent,,5000,77.69,NO_SIGNAL,cash basis UNRESOLVED; gross basis required,,,,,,,,,
exnight-strategy-v3,rGGG-2026-10-19-1,rGGG,RGGGUSDT,2026-10-19,2026-09-23T12:41:23.907463+00:00,0.9656110633409246,0.18323952822276032,127,0.599132006895404,E0_RANGE,0.0,0.3,no pre-decision precedent,,25000,77.69,NO_SIGNAL,cash basis UNRESOLVED; gross basis required,,,,,,,,,
exnight-strategy-v3,rGL-2026-10-05-1,rGL,RGLUSDT,2026-10-05,2026-09-23T12:41:23.907463+00:00,0.9656110633409246,0.18323952822276032,127,0.599132006895404,E0_RANGE,0.0,0.3,no pre-decision precedent,,1000,169.43,NO_SIGNAL,cash basis UNRESOLVED; gross basis required,,,,,,,,,
exnight-strategy-v3,rGL-2026-10-05-1,rGL,RGLUSDT,2026-10-05,2026-09-23T12:41:23.907463+00:00,0.9656110633409246,0.18323952822276032,127,0.599132006895404,E0_RANGE,0.0,0.3,no pre-decision precedent,,5000,169.43,NO_SIGNAL,cash basis UNRESOLVED; gross basis required,,,,,,,,,
exnight-strategy-v3,rGL-2026-10-05-1,rGL,RGLUSDT,2026-10-05,2026-09-23T12:41:23.907463+00:00,0.9656110633409246,0.18323952822276032,127,0.599132006895404,E0_RANGE,0.0,0.3,no pre-decision precedent,,25000,169.43,NO_SIGNAL,cash basis UNRESOLVED; gross basis required,,,,,,,,,
exnight-strategy-v3,rGNTX-2026-10-07-1,rGNTX,RGNTXUSDT,2026-10-07,2026-09-23T12:41:23.907463+00:00,0.9656110633409246,0.18323952822276032,127,0.599132006895404,E0_RANGE,0.0,0.3,no pre-decision precedent,0.1200000000000000,1000,22.3,NO_SIGNAL,sell: no depth sample for this symbol/session; buy: no depth sample for this symbol/session,,,,,,,,,
exnight-strategy-v3,rGNTX-2026-10-07-1,rGNTX,RGNTXUSDT,2026-10-07,2026-09-23T12:41:23.907463+00:00,0.9656110633409246,0.18323952822276032,127,0.599132006895404,E0_RANGE,0.0,0.3,no pre-decision precedent,0.1200000000000000,5000,22.3,NO_SIGNAL,sell: no depth sample for this symbol/session; buy: no depth sample for this symbol/session,,,,,,,,,
exnight-strategy-v3,rGNTX-2026-10-07-1,rGNTX,RGNTXUSDT,2026-10-07,2026-09-23T12:41:23.907463+00:00,0.9656110633409246,0.18323952822276032,127,0.599132006895404,E0_RANGE,0.0,0.3,no pre-decision precedent,0.1200000000000000,25000,22.3,NO_SIGNAL,sell: no depth sample for this symbol/session; buy: no depth sample for this symbol/session,,,,,,,,,
exnight-strategy-v3,rGRMN-2026-12-11-1,rGRMN,RGRMNUSDT,2026-12-11,2026-09-23T12:41:23.907463+00:00,0.9656110633409246,0.18323952822276032,127,0.599132006895404,E0_RANGE,0.0,0.3,no pre-decision precedent,,1000,284.67,NO_SIGNAL,cash basis UNRESOLVED; gross basis required,,,,,,,,,
exnight-strategy-v3,rGRMN-2026-12-11-1,rGRMN,RGRMNUSDT,2026-12-11,2026-09-23T12:41:23.907463+00:00,0.9656110633409246,0.18323952822276032,127,0.599132006895404,E0_RANGE,0.0,0.3,no pre-decision precedent,,5000,284.67,NO_SIGNAL,cash basis UNRESOLVED; gross basis required,,,,,,,,,
exnight-strategy-v3,rGRMN-2026-12-11-1,rGRMN,RGRMNUSDT,2026-12-11,2026-09-23T12:41:23.907463+00:00,0.9656110633409246,0.18323952822276032,127,0.599132006895404,E0_RANGE,0.0,0.3,no pre-decision precedent,,25000,284.67,NO_SIGNAL,cash basis UNRESOLVED; gross basis required,,,,,,,,,
exnight-strategy-v3,rGRMN-2027-03-12-1,rGRMN,RGRMNUSDT,2027-03-12,2026-09-23T12:41:23.907463+00:00,0.9656110633409246,0.18323952822276032,127,0.599132006895404,E0_RANGE,0.0,0.3,no pre-decision precedent,,1000,284.67,NO_SIGNAL,cash basis UNRESOLVED; gross basis required,,,,,,,,,
exnight-strategy-v3,rGRMN-2027-03-12-1,rGRMN,RGRMNUSDT,2027-03-12,2026-09-23T12:41:23.907463+00:00,0.9656110633409246,0.18323952822276032,127,0.599132006895404,E0_RANGE,0.0,0.3,no pre-decision precedent,,5000,284.67,NO_SIGNAL,cash basis UNRESOLVED; gross basis required,,,,,,,,,
exnight-strategy-v3,rGRMN-2027-03-12-1,rGRMN,RGRMNUSDT,2027-03-12,2026-09-23T12:41:23.907463+00:00,0.9656110633409246,0.18323952822276032,127,0.599132006895404,E0_RANGE,0.0,0.3,no pre-decision precedent,,25000,284.67,NO_SIGNAL,cash basis UNRESOLVED; gross basis required,,,,,,,,,
exnight-strategy-v3,rGVA-2026-09-30-1,rGVA,RGVAUSDT,2026-09-30,2026-09-23T12:41:23.907463+00:00,0.9656110633409246,0.18323952822276032,127,0.599132006895404,E0_RANGE,0.0,0.3,no pre-decision precedent,,1000,114.33,NO_SIGNAL,cash basis UNRESOLVED; gross basis required,,,,,,,,,
exnight-strategy-v3,rGVA-2026-09-30-1,rGVA,RGVAUSDT,2026-09-30,2026-09-23T12:41:23.907463+00:00,0.9656110633409246,0.18323952822276032,127,0.599132006895404,E0_RANGE,0.0,0.3,no pre-decision precedent,,5000,114.33,NO_SIGNAL,cash basis UNRESOLVED; gross basis required,,,,,,,,,
exnight-strategy-v3,rGVA-2026-09-30-1,rGVA,RGVAUSDT,2026-09-30,2026-09-23T12:41:23.907463+00:00,0.9656110633409246,0.18323952822276032,127,0.599132006895404,E0_RANGE,0.0,0.3,no pre-decision precedent,,25000,114.33,NO_SIGNAL,cash basis UNRESOLVED; gross basis required,,,,,,,,,
exnight-strategy-v3,rHASI-2026-10-02-1,rHASI,RHASIUSDT,2026-10-02,2026-09-23T12:41:23.907463+00:00,0.9656110633409246,0.18323952822276032,127,0.599132006895404,E0_RANGE,0.0,0.3,no pre-decision precedent,,1000,37.21,NO_SIGNAL,cash basis UNRESOLVED; gross basis required,,,,,,,,,
exnight-strategy-v3,rHASI-2026-10-02-1,rHASI,RHASIUSDT,2026-10-02,2026-09-23T12:41:23.907463+00:00,0.9656110633409246,0.18323952822276032,127,0.599132006895404,E0_RANGE,0.0,0.3,no pre-decision precedent,,5000,37.21,NO_SIGNAL,cash basis UNRESOLVED; gross basis required,,,,,,,,,
exnight-strategy-v3,rHASI-2026-10-02-1,rHASI,RHASIUSDT,2026-10-02,2026-09-23T12:41:23.907463+00:00,0.9656110633409246,0.18323952822276032,127,0.599132006895404,E0_RANGE,0.0,0.3,no pre-decision precedent,,25000,37.21,NO_SIGNAL,cash basis UNRESOLVED; gross basis required,,,,,,,,,
exnight-strategy-v3,rHST-2026-09-30-1,rHST,RHSTUSDT,2026-09-30,2026-09-23T12:41:23.907463+00:00,0.9656110633409246,0.18323952822276032,127,0.599132006895404,E0_RANGE,0.0,0.3,no pre-decision precedent,0.2000000000000000,1000,22.11,NO_SIGNAL,sell: no depth sample for this symbol/session; buy: no depth sample for this symbol/session,,,,,,,,,
exnight-strategy-v3,rHST-2026-09-30-1,rHST,RHSTUSDT,2026-09-30,2026-09-23T12:41:23.907463+00:00,0.9656110633409246,0.18323952822276032,127,0.599132006895404,E0_RANGE,0.0,0.3,no pre-decision precedent,0.2000000000000000,5000,22.11,NO_SIGNAL,sell: no depth sample for this symbol/session; buy: no depth sample for this symbol/session,,,,,,,,,
exnight-strategy-v3,rHST-2026-09-30-1,rHST,RHSTUSDT,2026-09-30,2026-09-23T12:41:23.907463+00:00,0.9656110633409246,0.18323952822276032,127,0.599132006895404,E0_RANGE,0.0,0.3,no pre-decision precedent,0.2000000000000000,25000,22.11,NO_SIGNAL,sell: no depth sample for this symbol/session; buy: no depth sample for this symbol/session,,,,,,,,,
exnight-strategy-v3,rHUM-2026-10-30-1,rHUM,RHUMUSDT,2026-10-30,2026-09-23T12:41:23.907463+00:00,0.9656110633409246,0.18323952822276032,127,0.599132006895404,E0_RANGE,0.0,0.3,no pre-decision precedent,,1000,371.2,NO_SIGNAL,cash basis UNRESOLVED; gross basis required,,,,,,,,,
exnight-strategy-v3,rHUM-2026-10-30-1,rHUM,RHUMUSDT,2026-10-30,2026-09-23T12:41:23.907463+00:00,0.9656110633409246,0.18323952822276032,127,0.599132006895404,E0_RANGE,0.0,0.3,no pre-decision precedent,,5000,371.2,NO_SIGNAL,cash basis UNRESOLVED; gross basis required,,,,,,,,,
exnight-strategy-v3,rHUM-2026-10-30-1,rHUM,RHUMUSDT,2026-10-30,2026-09-23T12:41:23.907463+00:00,0.9656110633409246,0.18323952822276032,127,0.599132006895404,E0_RANGE,0.0,0.3,no pre-decision precedent,,25000,371.2,NO_SIGNAL,cash basis UNRESOLVED; gross basis required,,,,,,,,,
exnight-strategy-v3,rICE-2026-12-16-1,rICE,RICEUSDT,2026-12-16,2026-09-23T12:41:23.907463+00:00,0.9656110633409246,0.18323952822276032,127,0.599132006895404,E0_RANGE,0.0,0.3,no pre-decision precedent,,1000,153.2,NO_SIGNAL,cash basis UNRESOLVED; gross basis required,,,,,,,,,
exnight-strategy-v3,rICE-2026-12-16-1,rICE,RICEUSDT,2026-12-16,2026-09-23T12:41:23.907463+00:00,0.9656110633409246,0.18323952822276032,127,0.599132006895404,E0_RANGE,0.0,0.3,no pre-decision precedent,,5000,153.2,NO_SIGNAL,cash basis UNRESOLVED; gross basis required,,,,,,,,,
exnight-strategy-v3,rICE-2026-12-16-1,rICE,RICEUSDT,2026-12-16,2026-09-23T12:41:23.907463+00:00,0.9656110633409246,0.18323952822276032,127,0.599132006895404,E0_RANGE,0.0,0.3,no pre-decision precedent,,25000,153.2,NO_SIGNAL,cash basis UNRESOLVED; gross basis required,,,,,,,,,
exnight-strategy-v3,rIEX-2026-10-02-1,rIEX,RIEXUSDT,2026-10-02,2026-09-23T12:41:23.907463+00:00,0.9656110633409246,0.18323952822276032,127,0.599132006895404,E0_RANGE,0.0,0.3,no pre-decision precedent,,1000,224.51,NO_SIGNAL,cash basis UNRESOLVED; gross basis required,,,,,,,,,
exnight-strategy-v3,rIEX-2026-10-02-1,rIEX,RIEXUSDT,2026-10-02,2026-09-23T12:41:23.907463+00:00,0.9656110633409246,0.18323952822276032,127,0.599132006895404,E0_RANGE,0.0,0.3,no pre-decision precedent,,5000,224.51,NO_SIGNAL,cash basis UNRESOLVED; gross basis required,,,,,,,,,
exnight-strategy-v3,rIEX-2026-10-02-1,rIEX,RIEXUSDT,2026-10-02,2026-09-23T12:41:23.907463+00:00,0.9656110633409246,0.18323952822276032,127,0.599132006895404,E0_RANGE,0.0,0.3,no pre-decision precedent,,25000,224.51,NO_SIGNAL,cash basis UNRESOLVED; gross basis required,,,,,,,,,
exnight-strategy-v3,rIDCC-2026-10-14-1,rIDCC,RIDCCUSDT,2026-10-14,2026-09-23T12:41:23.907463+00:00,0.9656110633409246,0.18323952822276032,127,0.599132006895404,E0_RANGE,0.0,0.3,no pre-decision precedent,0.7500000000000000,1000,335.01,NO_SIGNAL,sell: no depth sample for this symbol/session; buy: no depth sample for this symbol/session,,,,,,,,,
exnight-strategy-v3,rIDCC-2026-10-14-1,rIDCC,RIDCCUSDT,2026-10-14,2026-09-23T12:41:23.907463+00:00,0.9656110633409246,0.18323952822276032,127,0.599132006895404,E0_RANGE,0.0,0.3,no pre-decision precedent,0.7500000000000000,5000,335.01,NO_SIGNAL,sell: no depth sample for this symbol/session; buy: no depth sample for this symbol/session,,,,,,,,,
exnight-strategy-v3,rIDCC-2026-10-14-1,rIDCC,RIDCCUSDT,2026-10-14,2026-09-23T12:41:23.907463+00:00,0.9656110633409246,0.18323952822276032,127,0.599132006895404,E0_RANGE,0.0,0.3,no pre-decision precedent,0.7500000000000000,25000,335.01,NO_SIGNAL,sell: no depth sample for this symbol/session; buy: no depth sample for this symbol/session,,,,,,,,,
exnight-strategy-v3,rINVH-2026-09-24-1,rINVH,RINVHUSDT,2026-09-24,2026-09-23T12:41:23.907463+00:00,0.9656110633409246,0.18323952822276032,127,0.599132006895404,E0_RANGE,0.0,0.3,no pre-decision precedent,,1000,27.27,NO_SIGNAL,cash basis UNRESOLVED; gross basis required,,,,,,,,,
exnight-strategy-v3,rINVH-2026-09-24-1,rINVH,RINVHUSDT,2026-09-24,2026-09-23T12:41:23.907463+00:00,0.9656110633409246,0.18323952822276032,127,0.599132006895404,E0_RANGE,0.0,0.3,no pre-decision precedent,,5000,27.27,NO_SIGNAL,cash basis UNRESOLVED; gross basis required,,,,,,,,,
exnight-strategy-v3,rINVH-2026-09-24-1,rINVH,RINVHUSDT,2026-09-24,2026-09-23T12:41:23.907463+00:00,0.9656110633409246,0.18323952822276032,127,0.599132006895404,E0_RANGE,0.0,0.3,no pre-decision precedent,,25000,27.27,NO_SIGNAL,cash basis UNRESOLVED; gross basis required,,,,,,,,,
exnight-strategy-v3,rITW-2026-09-30-1,rITW,RITWUSDT,2026-09-30,2026-09-23T12:41:23.907463+00:00,0.9656110633409246,0.18323952822276032,127,0.599132006895404,E0_RANGE,0.0,0.3,no pre-decision precedent,,1000,271.48,NO_SIGNAL,cash basis UNRESOLVED; gross basis required,,,,,,,,,
exnight-strategy-v3,rITW-2026-09-30-1,rITW,RITWUSDT,2026-09-30,2026-09-23T12:41:23.907463+00:00,0.9656110633409246,0.18323952822276032,127,0.599132006895404,E0_RANGE,0.0,0.3,no pre-decision precedent,,5000,271.48,NO_SIGNAL,cash basis UNRESOLVED; gross basis required,,,,,,,,,
exnight-strategy-v3,rITW-2026-09-30-1,rITW,RITWUSDT,2026-09-30,2026-09-23T12:41:23.907463+00:00,0.9656110633409246,0.18323952822276032,127,0.599132006895404,E0_RANGE,0.0,0.3,no pre-decision precedent,,25000,271.48,NO_SIGNAL,cash basis UNRESOLVED; gross basis required,,,,,,,,,
exnight-strategy-v3,rINTU-2026-10-08-1,rINTU,RINTUUSDT,2026-10-08,2026-09-23T12:41:23.907463+00:00,0.9656110633409246,0.18323952822276032,127,0.599132006895404,E1_DOCUMENTED_PRECEDENT,0.3,0.3,"dividends_2026_07_24: rINTU ex 2026-07-09 1.2 at 30%, available 2026-09-16T11:09:53+00:00 (primary)",1.3800000000000000,1000,294.3,HOLD,,2026-09-22T23:05:03.214170+00:00,ticker_only,2026-09-23T07:05:04.033204+00:00,ticker_only,0.868099041542025,-1.0072968720263673,-1.0072968720263673,46.89092762487257,
exnight-strategy-v3,rINTU-2026-10-08-1,rINTU,RINTUUSDT,2026-10-08,2026-09-23T12:41:23.907463+00:00,0.9656110633409246,0.18323952822276032,127,0.599132006895404,E1_DOCUMENTED_PRECEDENT,0.3,0.3,"dividends_2026_07_24: rINTU ex 2026-07-09 1.2 at 30%, available 2026-09-16T11:09:53+00:00 (primary)",1.3800000000000000,5000,294.3,HOLD,,2026-09-22T23:05:03.214170+00:00,ticker_only,2026-09-23T07:05:04.033204+00:00,ticker_only,0.868099041542025,-1.0072968720263673,-1.0072968720263673,46.89092762487257,
exnight-strategy-v3,rINTU-2026-10-08-1,rINTU,RINTUUSDT,2026-10-08,2026-09-23T12:41:23.907463+00:00,0.9656110633409246,0.18323952822276032,127,0.599132006895404,E1_DOCUMENTED_PRECEDENT,0.3,0.3,"dividends_2026_07_24: rINTU ex 2026-07-09 1.2 at 30%, available 2026-09-16T11:09:53+00:00 (primary)",1.3800000000000000,25000,294.3,NO_SIGNAL,"sell: $25,000 exceeds visible top-of-book ($10,235) on ticker-only symbol; buy: $25,000 exceeds visible top-of-book ($5,273) on ticker-only symbol",2026-09-22T23:05:03.214170+00:00,ticker_only,2026-09-23T07:05:04.033204+00:00,ticker_only,,,,,
exnight-strategy-v3,rJPM-2026-10-06-1,rJPM,RJPMUSDT,2026-10-06,2026-09-23T12:41:23.907463+00:00,0.9656110633409246,0.18323952822276032,127,0.599132006895404,E0_RANGE,0.0,0.3,no pre-decision precedent,,1000,337.71,NO_SIGNAL,cash basis UNRESOLVED; gross basis required,,,,,,,,,
exnight-strategy-v3,rJPM-2026-10-06-1,rJPM,RJPMUSDT,2026-10-06,2026-09-23T12:41:23.907463+00:00,0.9656110633409246,0.18323952822276032,127,0.599132006895404,E0_RANGE,0.0,0.3,no pre-decision precedent,,5000,337.71,NO_SIGNAL,cash basis UNRESOLVED; gross basis required,,,,,,,,,
exnight-strategy-v3,rJPM-2026-10-06-1,rJPM,RJPMUSDT,2026-10-06,2026-09-23T12:41:23.907463+00:00,0.9656110633409246,0.18323952822276032,127,0.599132006895404,E0_RANGE,0.0,0.3,no pre-decision precedent,,25000,337.71,NO_SIGNAL,cash basis UNRESOLVED; gross basis required,,,,,,,,,
exnight-strategy-v3,rJAN-2026-10-16-1,rJAN,RJANUSDT,2026-10-16,2026-09-23T12:41:23.907463+00:00,0.9656110633409246,0.18323952822276032,127,0.599132006895404,E0_RANGE,0.0,0.3,no pre-decision precedent,,1000,29.77,NO_SIGNAL,cash basis UNRESOLVED; gross basis required,,,,,,,,,
exnight-strategy-v3,rJAN-2026-10-16-1,rJAN,RJANUSDT,2026-10-16,2026-09-23T12:41:23.907463+00:00,0.9656110633409246,0.18323952822276032,127,0.599132006895404,E0_RANGE,0.0,0.3,no pre-decision precedent,,5000,29.77,NO_SIGNAL,cash basis UNRESOLVED; gross basis required,,,,,,,,,
exnight-strategy-v3,rJAN-2026-10-16-1,rJAN,RJANUSDT,2026-10-16,2026-09-23T12:41:23.907463+00:00,0.9656110633409246,0.18323952822276032,127,0.599132006895404,E0_RANGE,0.0,0.3,no pre-decision precedent,,25000,29.77,NO_SIGNAL,cash basis UNRESOLVED; gross basis required,,,,,,,,,
exnight-strategy-v3,rJAN-2026-11-12-1,rJAN,RJANUSDT,2026-11-12,2026-09-23T12:41:23.907463+00:00,0.9656110633409246,0.18323952822276032,127,0.599132006895404,E0_RANGE,0.0,0.3,no pre-decision precedent,,1000,29.77,NO_SIGNAL,cash basis UNRESOLVED; gross basis required,,,,,,,,,
exnight-strategy-v3,rJAN-2026-11-12-1,rJAN,RJANUSDT,2026-11-12,2026-09-23T12:41:23.907463+00:00,0.9656110633409246,0.18323952822276032,127,0.599132006895404,E0_RANGE,0.0,0.3,no pre-decision precedent,,5000,29.77,NO_SIGNAL,cash basis UNRESOLVED; gross basis required,,,,,,,,,
exnight-strategy-v3,rJAN-2026-11-12-1,rJAN,RJANUSDT,2026-11-12,2026-09-23T12:41:23.907463+00:00,0.9656110633409246,0.18323952822276032,127,0.599132006895404,E0_RANGE,0.0,0.3,no pre-decision precedent,,25000,29.77,NO_SIGNAL,cash basis UNRESOLVED; gross basis required,,,,,,,,,
exnight-strategy-v3,rJAN-2026-12-18-1,rJAN,RJANUSDT,2026-12-18,2026-09-23T12:41:23.907463+00:00,0.9656110633409246,0.18323952822276032,127,0.599132006895404,E0_RANGE,0.0,0.3,no pre-decision precedent,,1000,29.77,NO_SIGNAL,cash basis UNRESOLVED; gross basis required,,,,,,,,,
exnight-strategy-v3,rJAN-2026-12-18-1,rJAN,RJANUSDT,2026-12-18,2026-09-23T12:41:23.907463+00:00,0.9656110633409246,0.18323952822276032,127,0.599132006895404,E0_RANGE,0.0,0.3,no pre-decision precedent,,5000,29.77,NO_SIGNAL,cash basis UNRESOLVED; gross basis required,,,,,,,,,
exnight-strategy-v3,rJAN-2026-12-18-1,rJAN,RJANUSDT,2026-12-18,2026-09-23T12:41:23.907463+00:00,0.9656110633409246,0.18323952822276032,127,0.599132006895404,E0_RANGE,0.0,0.3,no pre-decision precedent,,25000,29.77,NO_SIGNAL,cash basis UNRESOLVED; gross basis required,,,,,,,,,
exnight-strategy-v3,rKRC-2026-09-30-1,rKRC,RKRCUSDT,2026-09-30,2026-09-23T12:41:23.907463+00:00,0.9656110633409246,0.18323952822276032,127,0.599132006895404,E0_RANGE,0.0,0.3,no pre-decision precedent,,1000,34.79,NO_SIGNAL,cash basis UNRESOLVED; gross basis required,,,,,,,,,
exnight-strategy-v3,rKRC-2026-09-30-1,rKRC,RKRCUSDT,2026-09-30,2026-09-23T12:41:23.907463+00:00,0.9656110633409246,0.18323952822276032,127,0.599132006895404,E0_RANGE,0.0,0.3,no pre-decision precedent,,5000,34.79,NO_SIGNAL,cash basis UNRESOLVED; gross basis required,,,,,,,,,
exnight-strategy-v3,rKRC-2026-09-30-1,rKRC,RKRCUSDT,2026-09-30,2026-09-23T12:41:23.907463+00:00,0.9656110633409246,0.18323952822276032,127,0.599132006895404,E0_RANGE,0.0,0.3,no pre-decision precedent,,25000,34.79,NO_SIGNAL,cash basis UNRESOLVED; gross basis required,,,,,,,,,
exnight-strategy-v3,rKRG-2026-10-09-1,rKRG,RKRGUSDT,2026-10-09,2026-09-23T12:41:23.907463+00:00,0.9656110633409246,0.18323952822276032,127,0.599132006895404,E0_RANGE,0.0,0.3,no pre-decision precedent,,1000,24.95,NO_SIGNAL,cash basis UNRESOLVED; gross basis required,,,,,,,,,
exnight-strategy-v3,rKRG-2026-10-09-1,rKRG,RKRGUSDT,2026-10-09,2026-09-23T12:41:23.907463+00:00,0.9656110633409246,0.18323952822276032,127,0.599132006895404,E0_RANGE,0.0,0.3,no pre-decision precedent,,5000,24.95,NO_SIGNAL,cash basis UNRESOLVED; gross basis required,,,,,,,,,
exnight-strategy-v3,rKRG-2026-10-09-1,rKRG,RKRGUSDT,2026-10-09,2026-09-23T12:41:23.907463+00:00,0.9656110633409246,0.18323952822276032,127,0.599132006895404,E0_RANGE,0.0,0.3,no pre-decision precedent,,25000,24.95,NO_SIGNAL,cash basis UNRESOLVED; gross basis required,,,,,,,,,
exnight-strategy-v3,rLECO-2026-09-30-1,rLECO,RLECOUSDT,2026-09-30,2026-09-23T12:41:23.907463+00:00,0.9656110633409246,0.18323952822276032,127,0.599132006895404,E0_RANGE,0.0,0.3,no pre-decision precedent,0.7900000000000000,1000,262.0,NO_SIGNAL,sell: no depth sample for this symbol/session; buy: no depth sample for this symbol/session,,,,,,,,,
exnight-strategy-v3,rLECO-2026-09-30-1,rLECO,RLECOUSDT,2026-09-30,2026-09-23T12:41:23.907463+00:00,0.9656110633409246,0.18323952822276032,127,0.599132006895404,E0_RANGE,0.0,0.3,no pre-decision precedent,0.7900000000000000,5000,262.0,NO_SIGNAL,sell: no depth sample for this symbol/session; buy: no depth sample for this symbol/session,,,,,,,,,
exnight-strategy-v3,rLECO-2026-09-30-1,rLECO,RLECOUSDT,2026-09-30,2026-09-23T12:41:23.907463+00:00,0.9656110633409246,0.18323952822276032,127,0.599132006895404,E0_RANGE,0.0,0.3,no pre-decision precedent,0.7900000000000000,25000,262.0,NO_SIGNAL,sell: no depth sample for this symbol/session; buy: no depth sample for this symbol/session,,,,,,,,,
exnight-strategy-v3,rLNC-2026-10-09-1,rLNC,RLNCUSDT,2026-10-09,2026-09-23T12:41:23.907463+00:00,0.9656110633409246,0.18323952822276032,127,0.599132006895404,E0_RANGE,0.0,0.3,no pre-decision precedent,,1000,41.34,NO_SIGNAL,cash basis UNRESOLVED; gross basis required,,,,,,,,,
exnight-strategy-v3,rLNC-2026-10-09-1,rLNC,RLNCUSDT,2026-10-09,2026-09-23T12:41:23.907463+00:00,0.9656110633409246,0.18323952822276032,127,0.599132006895404,E0_RANGE,0.0,0.3,no pre-decision precedent,,5000,41.34,NO_SIGNAL,cash basis UNRESOLVED; gross basis required,,,,,,,,,
exnight-strategy-v3,rLNC-2026-10-09-1,rLNC,RLNCUSDT,2026-10-09,2026-09-23T12:41:23.907463+00:00,0.9656110633409246,0.18323952822276032,127,0.599132006895404,E0_RANGE,0.0,0.3,no pre-decision precedent,,25000,41.34,NO_SIGNAL,cash basis UNRESOLVED; gross basis required,,,,,,,,,
exnight-strategy-v3,rLOW-2026-10-21-1,rLOW,RLOWUSDT,2026-10-21,2026-09-23T12:41:23.907463+00:00,0.9656110633409246,0.18323952822276032,127,0.599132006895404,E0_RANGE,0.0,0.3,no pre-decision precedent,,1000,195.44,NO_SIGNAL,cash basis UNRESOLVED; gross basis required,,,,,,,,,
exnight-strategy-v3,rLOW-2026-10-21-1,rLOW,RLOWUSDT,2026-10-21,2026-09-23T12:41:23.907463+00:00,0.9656110633409246,0.18323952822276032,127,0.599132006895404,E0_RANGE,0.0,0.3,no pre-decision precedent,,5000,195.44,NO_SIGNAL,cash basis UNRESOLVED; gross basis required,,,,,,,,,
exnight-strategy-v3,rLOW-2026-10-21-1,rLOW,RLOWUSDT,2026-10-21,2026-09-23T12:41:23.907463+00:00,0.9656110633409246,0.18323952822276032,127,0.599132006895404,E0_RANGE,0.0,0.3,no pre-decision precedent,,25000,195.44,NO_SIGNAL,cash basis UNRESOLVED; gross basis required,,,,,,,,,
exnight-strategy-v3,rMAIN-2026-10-08-1,rMAIN,RMAINUSDT,2026-10-08,2026-09-23T12:41:23.907463+00:00,0.9656110633409246,0.18323952822276032,127,0.599132006895404,E0_RANGE,0.0,0.3,no pre-decision precedent,,1000,56.4,NO_SIGNAL,cash basis UNRESOLVED; gross basis required,,,,,,,,,
exnight-strategy-v3,rMAIN-2026-10-08-1,rMAIN,RMAINUSDT,2026-10-08,2026-09-23T12:41:23.907463+00:00,0.9656110633409246,0.18323952822276032,127,0.599132006895404,E0_RANGE,0.0,0.3,no pre-decision precedent,,5000,56.4,NO_SIGNAL,cash basis UNRESOLVED; gross basis required,,,,,,,,,
exnight-strategy-v3,rMAIN-2026-10-08-1,rMAIN,RMAINUSDT,2026-10-08,2026-09-23T12:41:23.907463+00:00,0.9656110633409246,0.18323952822276032,127,0.599132006895404,E0_RANGE,0.0,0.3,no pre-decision precedent,,25000,56.4,NO_SIGNAL,cash basis UNRESOLVED; gross basis required,,,,,,,,,
exnight-strategy-v3,rMAIN-2026-11-06-1,rMAIN,RMAINUSDT,2026-11-06,2026-09-23T12:41:23.907463+00:00,0.9656110633409246,0.18323952822276032,127,0.599132006895404,E0_RANGE,0.0,0.3,no pre-decision precedent,,1000,56.4,NO_SIGNAL,cash basis UNRESOLVED; gross basis required,,,,,,,,,
exnight-strategy-v3,rMAIN-2026-11-06-1,rMAIN,RMAINUSDT,2026-11-06,2026-09-23T12:41:23.907463+00:00,0.9656110633409246,0.18323952822276032,127,0.599132006895404,E0_RANGE,0.0,0.3,no pre-decision precedent,,5000,56.4,NO_SIGNAL,cash basis UNRESOLVED; gross basis required,,,,,,,,,
exnight-strategy-v3,rMAIN-2026-11-06-1,rMAIN,RMAINUSDT,2026-11-06,2026-09-23T12:41:23.907463+00:00,0.9656110633409246,0.18323952822276032,127,0.599132006895404,E0_RANGE,0.0,0.3,no pre-decision precedent,,25000,56.4,NO_SIGNAL,cash basis UNRESOLVED; gross basis required,,,,,,,,,
exnight-strategy-v3,rMAIN-2026-12-08-1,rMAIN,RMAINUSDT,2026-12-08,2026-09-23T12:41:23.907463+00:00,0.9656110633409246,0.18323952822276032,127,0.599132006895404,E0_RANGE,0.0,0.3,no pre-decision precedent,,1000,56.4,NO_SIGNAL,cash basis UNRESOLVED; gross basis required,,,,,,,,,
exnight-strategy-v3,rMAIN-2026-12-08-1,rMAIN,RMAINUSDT,2026-12-08,2026-09-23T12:41:23.907463+00:00,0.9656110633409246,0.18323952822276032,127,0.599132006895404,E0_RANGE,0.0,0.3,no pre-decision precedent,,5000,56.4,NO_SIGNAL,cash basis UNRESOLVED; gross basis required,,,,,,,,,
exnight-strategy-v3,rMAIN-2026-12-08-1,rMAIN,RMAINUSDT,2026-12-08,2026-09-23T12:41:23.907463+00:00,0.9656110633409246,0.18323952822276032,127,0.599132006895404,E0_RANGE,0.0,0.3,no pre-decision precedent,,25000,56.4,NO_SIGNAL,cash basis UNRESOLVED; gross basis required,,,,,,,,,
exnight-strategy-v3,rMDT-2026-09-25-1,rMDT,RMDTUSDT,2026-09-25,2026-09-23T12:41:23.907463+00:00,0.9656110633409246,0.18323952822276032,127,0.599132006895404,E0_RANGE,0.0,0.3,no pre-decision precedent,,1000,91.2,NO_SIGNAL,cash basis UNRESOLVED; gross basis required,,,,,,,,,
exnight-strategy-v3,rMDT-2026-09-25-1,rMDT,RMDTUSDT,2026-09-25,2026-09-23T12:41:23.907463+00:00,0.9656110633409246,0.18323952822276032,127,0.599132006895404,E0_RANGE,0.0,0.3,no pre-decision precedent,,5000,91.2,NO_SIGNAL,cash basis UNRESOLVED; gross basis required,,,,,,,,,
exnight-strategy-v3,rMDT-2026-09-25-1,rMDT,RMDTUSDT,2026-09-25,2026-09-23T12:41:23.907463+00:00,0.9656110633409246,0.18323952822276032,127,0.599132006895404,E0_RANGE,0.0,0.3,no pre-decision precedent,,25000,91.2,NO_SIGNAL,cash basis UNRESOLVED; gross basis required,,,,,,,,,
exnight-strategy-v3,rMDLZ-2026-09-30-1,rMDLZ,RMDLZUSDT,2026-09-30,2026-09-23T12:41:23.907463+00:00,0.9656110633409246,0.18323952822276032,127,0.599132006895404,E0_RANGE,0.0,0.3,no pre-decision precedent,0.5200000000000000,1000,61.0,NO_SIGNAL,sell: no depth sample for this symbol/session; buy: no depth sample for this symbol/session,,,,,,,,,
exnight-strategy-v3,rMDLZ-2026-09-30-1,rMDLZ,RMDLZUSDT,2026-09-30,2026-09-23T12:41:23.907463+00:00,0.9656110633409246,0.18323952822276032,127,0.599132006895404,E0_RANGE,0.0,0.3,no pre-decision precedent,0.5200000000000000,5000,61.0,NO_SIGNAL,sell: no depth sample for this symbol/session; buy: no depth sample for this symbol/session,,,,,,,,,
exnight-strategy-v3,rMDLZ-2026-09-30-1,rMDLZ,RMDLZUSDT,2026-09-30,2026-09-23T12:41:23.907463+00:00,0.9656110633409246,0.18323952822276032,127,0.599132006895404,E0_RANGE,0.0,0.3,no pre-decision precedent,0.5200000000000000,25000,61.0,NO_SIGNAL,sell: no depth sample for this symbol/session; buy: no depth sample for this symbol/session,,,,,,,,,
exnight-strategy-v3,rMPWR-2026-09-30-1,rMPWR,RMPWRUSDT,2026-09-30,2026-09-23T12:41:23.907463+00:00,0.9656110633409246,0.18323952822276032,127,0.599132006895404,E1_DOCUMENTED_PRECEDENT,0.3,0.3,"dividends_2026_07_24: rMPWR ex 2026-06-30 2 at 30%, available 2026-09-16T11:09:53+00:00 (primary)",2.0000000000000000,1000,1362.6,HOLD,,2026-09-22T23:05:03.214170+00:00,ticker_only,2026-09-23T07:05:04.033204+00:00,ticker_only,12.030129763893562,-12.231865750102754,-12.231865750102754,14.677821811243213,
exnight-strategy-v3,rMPWR-2026-09-30-1,rMPWR,RMPWRUSDT,2026-09-30,2026-09-23T12:41:23.907463+00:00,0.9656110633409246,0.18323952822276032,127,0.599132006895404,E1_DOCUMENTED_PRECEDENT,0.3,0.3,"dividends_2026_07_24: rMPWR ex 2026-06-30 2 at 30%, available 2026-09-16T11:09:53+00:00 (primary)",2.0000000000000000,5000,1362.6,HOLD,,2026-09-22T23:05:03.214170+00:00,ticker_only,2026-09-23T07:05:04.033204+00:00,ticker_only,12.030129763893562,-12.231865750102754,-12.231865750102754,14.677821811243213,
exnight-strategy-v3,rMPWR-2026-09-30-1,rMPWR,RMPWRUSDT,2026-09-30,2026-09-23T12:41:23.907463+00:00,0.9656110633409246,0.18323952822276032,127,0.599132006895404,E1_DOCUMENTED_PRECEDENT,0.3,0.3,"dividends_2026_07_24: rMPWR ex 2026-06-30 2 at 30%, available 2026-09-16T11:09:53+00:00 (primary)",2.0000000000000000,25000,1362.6,NO_SIGNAL,"sell: $25,000 exceeds visible top-of-book ($6,885) on ticker-only symbol; buy: $25,000 exceeds visible top-of-book ($5,520) on ticker-only symbol",2026-09-22T23:05:03.214170+00:00,ticker_only,2026-09-23T07:05:04.033204+00:00,ticker_only,,,,,
exnight-strategy-v3,rMORN-2026-10-02-1,rMORN,RMORNUSDT,2026-10-02,2026-09-23T12:41:23.907463+00:00,0.9656110633409246,0.18323952822276032,127,0.599132006895404,E0_RANGE,0.0,0.3,no pre-decision precedent,,1000,195.23,NO_SIGNAL,cash basis UNRESOLVED; gross basis required,,,,,,,,,
exnight-strategy-v3,rMORN-2026-10-02-1,rMORN,RMORNUSDT,2026-10-02,2026-09-23T12:41:23.907463+00:00,0.9656110633409246,0.18323952822276032,127,0.599132006895404,E0_RANGE,0.0,0.3,no pre-decision precedent,,5000,195.23,NO_SIGNAL,cash basis UNRESOLVED; gross basis required,,,,,,,,,
exnight-strategy-v3,rMORN-2026-10-02-1,rMORN,RMORNUSDT,2026-10-02,2026-09-23T12:41:23.907463+00:00,0.9656110633409246,0.18323952822276032,127,0.599132006895404,E0_RANGE,0.0,0.3,no pre-decision precedent,,25000,195.23,NO_SIGNAL,cash basis UNRESOLVED; gross basis required,,,,,,,,,
exnight-strategy-v3,rMSFT-2026-11-19-1,rMSFT,RMSFTUSDT,2026-11-19,2026-09-23T12:41:23.907463+00:00,0.9656110633409246,0.18323952822276032,127,0.599132006895404,E0_RANGE,0.0,0.3,no pre-decision precedent,0.9800000000000000,1000,502.09,NO_SIGNAL,sell: no depth sample for this symbol/session; buy: no depth sample for this symbol/session,,,,,,,,,
exnight-strategy-v3,rMSFT-2026-11-19-1,rMSFT,RMSFTUSDT,2026-11-19,2026-09-23T12:41:23.907463+00:00,0.9656110633409246,0.18323952822276032,127,0.599132006895404,E0_RANGE,0.0,0.3,no pre-decision precedent,0.9800000000000000,5000,502.09,NO_SIGNAL,sell: no depth sample for this symbol/session; buy: no depth sample for this symbol/session,,,,,,,,,
exnight-strategy-v3,rMSFT-2026-11-19-1,rMSFT,RMSFTUSDT,2026-11-19,2026-09-23T12:41:23.907463+00:00,0.9656110633409246,0.18323952822276032,127,0.599132006895404,E0_RANGE,0.0,0.3,no pre-decision precedent,0.9800000000000000,25000,502.09,NO_SIGNAL,sell: no depth sample for this symbol/session; buy: no depth sample for this symbol/session,,,,,,,,,
exnight-strategy-v3,rMTCH-2026-10-05-1,rMTCH,RMTCHUSDT,2026-10-05,2026-09-23T12:41:23.907463+00:00,0.9656110633409246,0.18323952822276032,127,0.599132006895404,E0_RANGE,0.0,0.3,no pre-decision precedent,0.2000000000000000,1000,41.7,NO_SIGNAL,sell: no depth sample for this symbol/session; buy: no depth sample for this symbol/session,,,,,,,,,
exnight-strategy-v3,rMTCH-2026-10-05-1,rMTCH,RMTCHUSDT,2026-10-05,2026-09-23T12:41:23.907463+00:00,0.9656110633409246,0.18323952822276032,127,0.599132006895404,E0_RANGE,0.0,0.3,no pre-decision precedent,0.2000000000000000,5000,41.7,NO_SIGNAL,sell: no depth sample for this symbol/session; buy: no depth sample for this symbol/session,,,,,,,,,
exnight-strategy-v3,rMTCH-2026-10-05-1,rMTCH,RMTCHUSDT,2026-10-05,2026-09-23T12:41:23.907463+00:00,0.9656110633409246,0.18323952822276032,127,0.599132006895404,E0_RANGE,0.0,0.3,no pre-decision precedent,0.2000000000000000,25000,41.7,NO_SIGNAL,sell: no depth sample for this symbol/session; buy: no depth sample for this symbol/session,,,,,,,,,
exnight-strategy-v3,rMT-2026-11-13-1,rMT,RMTUSDT,2026-11-13,2026-09-23T12:41:23.907463+00:00,0.9656110633409246,0.18323952822276032,127,0.599132006895404,E0_RANGE,0.0,0.3,no pre-decision precedent,,1000,72.44,NO_SIGNAL,cash basis UNRESOLVED; gross basis required,,,,,,,,,
exnight-strategy-v3,rMT-2026-11-13-1,rMT,RMTUSDT,2026-11-13,2026-09-23T12:41:23.907463+00:00,0.9656110633409246,0.18323952822276032,127,0.599132006895404,E0_RANGE,0.0,0.3,no pre-decision precedent,,5000,72.44,NO_SIGNAL,cash basis UNRESOLVED; gross basis required,,,,,,,,,
exnight-strategy-v3,rMT-2026-11-13-1,rMT,RMTUSDT,2026-11-13,2026-09-23T12:41:23.907463+00:00,0.9656110633409246,0.18323952822276032,127,0.599132006895404,E0_RANGE,0.0,0.3,no pre-decision precedent,,25000,72.44,NO_SIGNAL,cash basis UNRESOLVED; gross basis required,,,,,,,,,
exnight-strategy-v3,rNJR-2026-09-24-1,rNJR,RNJRUSDT,2026-09-24,2026-09-23T12:41:23.907463+00:00,0.9656110633409246,0.18323952822276032,127,0.599132006895404,E0_RANGE,0.0,0.3,no pre-decision precedent,,1000,52.72,NO_SIGNAL,cash basis UNRESOLVED; gross basis required,,,,,,,,,
exnight-strategy-v3,rNJR-2026-09-24-1,rNJR,RNJRUSDT,2026-09-24,2026-09-23T12:41:23.907463+00:00,0.9656110633409246,0.18323952822276032,127,0.599132006895404,E0_RANGE,0.0,0.3,no pre-decision precedent,,5000,52.72,NO_SIGNAL,cash basis UNRESOLVED; gross basis required,,,,,,,,,
exnight-strategy-v3,rNJR-2026-09-24-1,rNJR,RNJRUSDT,2026-09-24,2026-09-23T12:41:23.907463+00:00,0.9656110633409246,0.18323952822276032,127,0.599132006895404,E0_RANGE,0.0,0.3,no pre-decision precedent,,25000,52.72,NO_SIGNAL,cash basis UNRESOLVED; gross basis required,,,,,,,,,
exnight-strategy-v3,rNLY-2026-09-30-1,rNLY,RNLYUSDT,2026-09-30,2026-09-23T12:41:23.907463+00:00,0.9656110633409246,0.18323952822276032,127,0.599132006895404,E0_RANGE,0.0,0.3,no pre-decision precedent,,1000,21.51,NO_SIGNAL,cash basis UNRESOLVED; gross basis required,,,,,,,,,
exnight-strategy-v3,rNLY-2026-09-30-1,rNLY,RNLYUSDT,2026-09-30,2026-09-23T12:41:23.907463+00:00,0.9656110633409246,0.18323952822276032,127,0.599132006895404,E0_RANGE,0.0,0.3,no pre-decision precedent,,5000,21.51,NO_SIGNAL,cash basis UNRESOLVED; gross basis required,,,,,,,,,
exnight-strategy-v3,rNLY-2026-09-30-1,rNLY,RNLYUSDT,2026-09-30,2026-09-23T12:41:23.907463+00:00,0.9656110633409246,0.18323952822276032,127,0.599132006895404,E0_RANGE,0.0,0.3,no pre-decision precedent,,25000,21.51,NO_SIGNAL,cash basis UNRESOLVED; gross basis required,,,,,,,,,
exnight-strategy-v3,rNI-2026-10-30-1,rNI,RNIUSDT,2026-10-30,2026-09-23T12:41:23.907463+00:00,0.9656110633409246,0.18323952822276032,127,0.599132006895404,E0_RANGE,0.0,0.3,no pre-decision precedent,,1000,40.0,NO_SIGNAL,cash basis UNRESOLVED; gross basis required,,,,,,,,,
exnight-strategy-v3,rNI-2026-10-30-1,rNI,RNIUSDT,2026-10-30,2026-09-23T12:41:23.907463+00:00,0.9656110633409246,0.18323952822276032,127,0.599132006895404,E0_RANGE,0.0,0.3,no pre-decision precedent,,5000,40.0,NO_SIGNAL,cash basis UNRESOLVED; gross basis required,,,,,,,,,
exnight-strategy-v3,rNI-2026-10-30-1,rNI,RNIUSDT,2026-10-30,2026-09-23T12:41:23.907463+00:00,0.9656110633409246,0.18323952822276032,127,0.599132006895404,E0_RANGE,0.0,0.3,no pre-decision precedent,,25000,40.0,NO_SIGNAL,cash basis UNRESOLVED; gross basis required,,,,,,,,,
exnight-strategy-v3,rNTAP-2026-10-09-1,rNTAP,RNTAPUSDT,2026-10-09,2026-09-23T12:41:23.907463+00:00,0.9656110633409246,0.18323952822276032,127,0.599132006895404,E0_RANGE,0.0,0.3,no pre-decision precedent,0.5200000000000000,1000,192.0,NO_SIGNAL,sell: no depth sample for this symbol/session; buy: no depth sample for this symbol/session,,,,,,,,,
exnight-strategy-v3,rNTAP-2026-10-09-1,rNTAP,RNTAPUSDT,2026-10-09,2026-09-23T12:41:23.907463+00:00,0.9656110633409246,0.18323952822276032,127,0.599132006895404,E0_RANGE,0.0,0.3,no pre-decision precedent,0.5200000000000000,5000,192.0,NO_SIGNAL,sell: no depth sample for this symbol/session; buy: no depth sample for this symbol/session,,,,,,,,,
exnight-strategy-v3,rNTAP-2026-10-09-1,rNTAP,RNTAPUSDT,2026-10-09,2026-09-23T12:41:23.907463+00:00,0.9656110633409246,0.18323952822276032,127,0.599132006895404,E0_RANGE,0.0,0.3,no pre-decision precedent,0.5200000000000000,25000,192.0,NO_SIGNAL,sell: no depth sample for this symbol/session; buy: no depth sample for this symbol/session,,,,,,,,,
exnight-strategy-v3,rO-2026-09-30-1,rO,ROUSDT,2026-09-30,2026-09-23T12:41:23.907463+00:00,0.9656110633409246,0.18323952822276032,127,0.599132006895404,E0_RANGE,0.0,0.3,no pre-decision precedent,,1000,56.48,NO_SIGNAL,cash basis UNRESOLVED; gross basis required,,,,,,,,,
exnight-strategy-v3,rO-2026-09-30-1,rO,ROUSDT,2026-09-30,2026-09-23T12:41:23.907463+00:00,0.9656110633409246,0.18323952822276032,127,0.599132006895404,E0_RANGE,0.0,0.3,no pre-decision precedent,,5000,56.48,NO_SIGNAL,cash basis UNRESOLVED; gross basis required,,,,,,,,,
exnight-strategy-v3,rO-2026-09-30-1,rO,ROUSDT,2026-09-30,2026-09-23T12:41:23.907463+00:00,0.9656110633409246,0.18323952822276032,127,0.599132006895404,E0_RANGE,0.0,0.3,no pre-decision precedent,,25000,56.48,NO_SIGNAL,cash basis UNRESOLVED; gross basis required,,,,,,,,,
exnight-strategy-v3,rOBDC-2026-09-30-1,rOBDC,ROBDCUSDT,2026-09-30,2026-09-23T12:41:23.907463+00:00,0.9656110633409246,0.18323952822276032,127,0.599132006895404,E0_RANGE,0.0,0.3,no pre-decision precedent,,1000,11.12,NO_SIGNAL,cash basis UNRESOLVED; gross basis required,,,,,,,,,
exnight-strategy-v3,rOBDC-2026-09-30-1,rOBDC,ROBDCUSDT,2026-09-30,2026-09-23T12:41:23.907463+00:00,0.9656110633409246,0.18323952822276032,127,0.599132006895404,E0_RANGE,0.0,0.3,no pre-decision precedent,,5000,11.12,NO_SIGNAL,cash basis UNRESOLVED; gross basis required,,,,,,,,,
exnight-strategy-v3,rOBDC-2026-09-30-1,rOBDC,ROBDCUSDT,2026-09-30,2026-09-23T12:41:23.907463+00:00,0.9656110633409246,0.18323952822276032,127,0.599132006895404,E0_RANGE,0.0,0.3,no pre-decision precedent,,25000,11.12,NO_SIGNAL,cash basis UNRESOLVED; gross basis required,,,,,,,,,
exnight-strategy-v3,rOR-2026-09-29-1,rOR,RORUSDT,2026-09-29,2026-09-23T12:41:23.907463+00:00,0.9656110633409246,0.18323952822276032,127,0.599132006895404,E0_RANGE,0.0,0.3,no pre-decision precedent,,1000,37.7,NO_SIGNAL,cash basis UNRESOLVED; gross basis required,,,,,,,,,
exnight-strategy-v3,rOR-2026-09-29-1,rOR,RORUSDT,2026-09-29,2026-09-23T12:41:23.907463+00:00,0.9656110633409246,0.18323952822276032,127,0.599132006895404,E0_RANGE,0.0,0.3,no pre-decision precedent,,5000,37.7,NO_SIGNAL,cash basis UNRESOLVED; gross basis required,,,,,,,,,
exnight-strategy-v3,rOR-2026-09-29-1,rOR,RORUSDT,2026-09-29,2026-09-23T12:41:23.907463+00:00,0.9656110633409246,0.18323952822276032,127,0.599132006895404,E0_RANGE,0.0,0.3,no pre-decision precedent,,25000,37.7,NO_SIGNAL,cash basis UNRESOLVED; gross basis required,,,,,,,,,
exnight-strategy-v3,rOR-2026-09-30-1,rOR,RORUSDT,2026-09-30,2026-09-23T12:41:23.907463+00:00,0.9656110633409246,0.18323952822276032,127,0.599132006895404,E0_RANGE,0.0,0.3,no pre-decision precedent,,1000,37.7,NO_SIGNAL,cash basis UNRESOLVED; gross basis required,,,,,,,,,
exnight-strategy-v3,rOR-2026-09-30-1,rOR,RORUSDT,2026-09-30,2026-09-23T12:41:23.907463+00:00,0.9656110633409246,0.18323952822276032,127,0.599132006895404,E0_RANGE,0.0,0.3,no pre-decision precedent,,5000,37.7,NO_SIGNAL,cash basis UNRESOLVED; gross basis required,,,,,,,,,
exnight-strategy-v3,rOR-2026-09-30-1,rOR,RORUSDT,2026-09-30,2026-09-23T12:41:23.907463+00:00,0.9656110633409246,0.18323952822276032,127,0.599132006895404,E0_RANGE,0.0,0.3,no pre-decision precedent,,25000,37.7,NO_SIGNAL,cash basis UNRESOLVED; gross basis required,,,,,,,,,
exnight-strategy-v3,rOTF-2026-09-30-1,rOTF,ROTFUSDT,2026-09-30,2026-09-23T12:41:23.907463+00:00,0.9656110633409246,0.18323952822276032,127,0.599132006895404,E0_RANGE,0.0,0.3,no pre-decision precedent,,1000,10.6,NO_SIGNAL,cash basis UNRESOLVED; gross basis required,,,,,,,,,
exnight-strategy-v3,rOTF-2026-09-30-1,rOTF,ROTFUSDT,2026-09-30,2026-09-23T12:41:23.907463+00:00,0.9656110633409246,0.18323952822276032,127,0.599132006895404,E0_RANGE,0.0,0.3,no pre-decision precedent,,5000,10.6,NO_SIGNAL,cash basis UNRESOLVED; gross basis required,,,,,,,,,
exnight-strategy-v3,rOTF-2026-09-30-1,rOTF,ROTFUSDT,2026-09-30,2026-09-23T12:41:23.907463+00:00,0.9656110633409246,0.18323952822276032,127,0.599132006895404,E0_RANGE,0.0,0.3,no pre-decision precedent,,25000,10.6,NO_SIGNAL,cash basis UNRESOLVED; gross basis required,,,,,,,,,
exnight-strategy-v3,rORCL-2026-10-09-1,rORCL,RORCLUSDT,2026-10-09,2026-09-23T12:41:23.907463+00:00,0.9656110633409246,0.18323952822276032,127,0.599132006895404,E0_RANGE,0.0,0.3,no pre-decision precedent,,1000,148.91,NO_SIGNAL,cash basis UNRESOLVED; gross basis required,,,,,,,,,
exnight-strategy-v3,rORCL-2026-10-09-1,rORCL,RORCLUSDT,2026-10-09,2026-09-23T12:41:23.907463+00:00,0.9656110633409246,0.18323952822276032,127,0.599132006895404,E0_RANGE,0.0,0.3,no pre-decision precedent,,5000,148.91,NO_SIGNAL,cash basis UNRESOLVED; gross basis required,,,,,,,,,
exnight-strategy-v3,rORCL-2026-10-09-1,rORCL,RORCLUSDT,2026-10-09,2026-09-23T12:41:23.907463+00:00,0.9656110633409246,0.18323952822276032,127,0.599132006895404,E0_RANGE,0.0,0.3,no pre-decision precedent,,25000,148.91,NO_SIGNAL,cash basis UNRESOLVED; gross basis required,,,,,,,,,
exnight-strategy-v3,rPEGA-2026-10-01-1,rPEGA,RPEGAUSDT,2026-10-01,2026-09-23T12:41:23.907463+00:00,0.9656110633409246,0.18323952822276032,127,0.599132006895404,E0_RANGE,0.0,0.3,no pre-decision precedent,0.0300000000000000,1000,34.71,NO_SIGNAL,sell: no depth sample for this symbol/session; buy: no depth sample for this symbol/session,,,,,,,,,
exnight-strategy-v3,rPEGA-2026-10-01-1,rPEGA,RPEGAUSDT,2026-10-01,2026-09-23T12:41:23.907463+00:00,0.9656110633409246,0.18323952822276032,127,0.599132006895404,E0_RANGE,0.0,0.3,no pre-decision precedent,0.0300000000000000,5000,34.71,NO_SIGNAL,sell: no depth sample for this symbol/session; buy: no depth sample for this symbol/session,,,,,,,,,
exnight-strategy-v3,rPEGA-2026-10-01-1,rPEGA,RPEGAUSDT,2026-10-01,2026-09-23T12:41:23.907463+00:00,0.9656110633409246,0.18323952822276032,127,0.599132006895404,E0_RANGE,0.0,0.3,no pre-decision precedent,0.0300000000000000,25000,34.71,NO_SIGNAL,sell: no depth sample for this symbol/session; buy: no depth sample for this symbol/session,,,,,,,,,
exnight-strategy-v3,rPGR-2026-10-01-1,rPGR,RPGRUSDT,2026-10-01,2026-09-23T12:41:23.907463+00:00,0.9656110633409246,0.18323952822276032,127,0.599132006895404,E0_RANGE,0.0,0.3,no pre-decision precedent,,1000,206.94,NO_SIGNAL,cash basis UNRESOLVED; gross basis required,,,,,,,,,
exnight-strategy-v3,rPGR-2026-10-01-1,rPGR,RPGRUSDT,2026-10-01,2026-09-23T12:41:23.907463+00:00,0.9656110633409246,0.18323952822276032,127,0.599132006895404,E0_RANGE,0.0,0.3,no pre-decision precedent,,5000,206.94,NO_SIGNAL,cash basis UNRESOLVED; gross basis required,,,,,,,,,
exnight-strategy-v3,rPGR-2026-10-01-1,rPGR,RPGRUSDT,2026-10-01,2026-09-23T12:41:23.907463+00:00,0.9656110633409246,0.18323952822276032,127,0.599132006895404,E0_RANGE,0.0,0.3,no pre-decision precedent,,25000,206.94,NO_SIGNAL,cash basis UNRESOLVED; gross basis required,,,,,,,,,
exnight-strategy-v3,rPECO-2026-10-15-1,rPECO,RPECOUSDT,2026-10-15,2026-09-23T12:41:23.907463+00:00,0.9656110633409246,0.18323952822276032,127,0.599132006895404,E0_RANGE,0.0,0.3,no pre-decision precedent,0.1150000000000000,1000,37.34,NO_SIGNAL,sell: no depth sample for this symbol/session; buy: no depth sample for this symbol/session,,,,,,,,,
exnight-strategy-v3,rPECO-2026-10-15-1,rPECO,RPECOUSDT,2026-10-15,2026-09-23T12:41:23.907463+00:00,0.9656110633409246,0.18323952822276032,127,0.599132006895404,E0_RANGE,0.0,0.3,no pre-decision precedent,0.1150000000000000,5000,37.34,NO_SIGNAL,sell: no depth sample for this symbol/session; buy: no depth sample for this symbol/session,,,,,,,,,
exnight-strategy-v3,rPECO-2026-10-15-1,rPECO,RPECOUSDT,2026-10-15,2026-09-23T12:41:23.907463+00:00,0.9656110633409246,0.18323952822276032,127,0.599132006895404,E0_RANGE,0.0,0.3,no pre-decision precedent,0.1150000000000000,25000,37.34,NO_SIGNAL,sell: no depth sample for this symbol/session; buy: no depth sample for this symbol/session,,,,,,,,,
exnight-strategy-v3,rPECO-2026-11-16-1,rPECO,RPECOUSDT,2026-11-16,2026-09-23T12:41:23.907463+00:00,0.9656110633409246,0.18323952822276032,127,0.599132006895404,E0_RANGE,0.0,0.3,no pre-decision precedent,0.1150000000000000,1000,37.34,NO_SIGNAL,sell: no depth sample for this symbol/session; buy: no depth sample for this symbol/session,,,,,,,,,
exnight-strategy-v3,rPECO-2026-11-16-1,rPECO,RPECOUSDT,2026-11-16,2026-09-23T12:41:23.907463+00:00,0.9656110633409246,0.18323952822276032,127,0.599132006895404,E0_RANGE,0.0,0.3,no pre-decision precedent,0.1150000000000000,5000,37.34,NO_SIGNAL,sell: no depth sample for this symbol/session; buy: no depth sample for this symbol/session,,,,,,,,,
exnight-strategy-v3,rPECO-2026-11-16-1,rPECO,RPECOUSDT,2026-11-16,2026-09-23T12:41:23.907463+00:00,0.9656110633409246,0.18323952822276032,127,0.599132006895404,E0_RANGE,0.0,0.3,no pre-decision precedent,0.1150000000000000,25000,37.34,NO_SIGNAL,sell: no depth sample for this symbol/session; buy: no depth sample for this symbol/session,,,,,,,,,
exnight-strategy-v3,rPOR-2026-09-25-1,rPOR,RPORUSDT,2026-09-25,2026-09-23T12:41:23.907463+00:00,0.9656110633409246,0.18323952822276032,127,0.599132006895404,E0_RANGE,0.0,0.3,no pre-decision precedent,,1000,47.24,NO_SIGNAL,cash basis UNRESOLVED; gross basis required,,,,,,,,,
exnight-strategy-v3,rPOR-2026-09-25-1,rPOR,RPORUSDT,2026-09-25,2026-09-23T12:41:23.907463+00:00,0.9656110633409246,0.18323952822276032,127,0.599132006895404,E0_RANGE,0.0,0.3,no pre-decision precedent,,5000,47.24,NO_SIGNAL,cash basis UNRESOLVED; gross basis required,,,,,,,,,
exnight-strategy-v3,rPOR-2026-09-25-1,rPOR,RPORUSDT,2026-09-25,2026-09-23T12:41:23.907463+00:00,0.9656110633409246,0.18323952822276032,127,0.599132006895404,E0_RANGE,0.0,0.3,no pre-decision precedent,,25000,47.24,NO_SIGNAL,cash basis UNRESOLVED; gross basis required,,,,,,,,,
exnight-strategy-v3,rPRIM-2026-09-30-1,rPRIM,RPRIMUSDT,2026-09-30,2026-09-23T12:41:23.907463+00:00,0.9656110633409246,0.18323952822276032,127,0.599132006895404,E0_RANGE,0.0,0.3,no pre-decision precedent,,1000,76.32,NO_SIGNAL,cash basis UNRESOLVED; gross basis required,,,,,,,,,
exnight-strategy-v3,rPRIM-2026-09-30-1,rPRIM,RPRIMUSDT,2026-09-30,2026-09-23T12:41:23.907463+00:00,0.9656110633409246,0.18323952822276032,127,0.599132006895404,E0_RANGE,0.0,0.3,no pre-decision precedent,,5000,76.32,NO_SIGNAL,cash basis UNRESOLVED; gross basis required,,,,,,,,,
exnight-strategy-v3,rPRIM-2026-09-30-1,rPRIM,RPRIMUSDT,2026-09-30,2026-09-23T12:41:23.907463+00:00,0.9656110633409246,0.18323952822276032,127,0.599132006895404,E0_RANGE,0.0,0.3,no pre-decision precedent,,25000,76.32,NO_SIGNAL,cash basis UNRESOLVED; gross basis required,,,,,,,,,
exnight-strategy-v3,rPWR-2026-10-01-1,rPWR,RPWRUSDT,2026-10-01,2026-09-23T12:41:23.907463+00:00,0.9656110633409246,0.18323952822276032,127,0.599132006895404,E1_DOCUMENTED_PRECEDENT,0.3,0.3,"dividends_2026_07_24: rPWR ex 2026-07-01 0.11 at 30%, available 2026-09-16T11:09:53+00:00 (primary)",,1000,638.97,NO_SIGNAL,cash basis UNRESOLVED; gross basis required,,,,,,,,,
exnight-strategy-v3,rPWR-2026-10-01-1,rPWR,RPWRUSDT,2026-10-01,2026-09-23T12:41:23.907463+00:00,0.9656110633409246,0.18323952822276032,127,0.599132006895404,E1_DOCUMENTED_PRECEDENT,0.3,0.3,"dividends_2026_07_24: rPWR ex 2026-07-01 0.11 at 30%, available 2026-09-16T11:09:53+00:00 (primary)",,5000,638.97,NO_SIGNAL,cash basis UNRESOLVED; gross basis required,,,,,,,,,
exnight-strategy-v3,rPWR-2026-10-01-1,rPWR,RPWRUSDT,2026-10-01,2026-09-23T12:41:23.907463+00:00,0.9656110633409246,0.18323952822276032,127,0.599132006895404,E1_DOCUMENTED_PRECEDENT,0.3,0.3,"dividends_2026_07_24: rPWR ex 2026-07-01 0.11 at 30%, available 2026-09-16T11:09:53+00:00 (primary)",,25000,638.97,NO_SIGNAL,cash basis UNRESOLVED; gross basis required,,,,,,,,,
exnight-strategy-v3,rREXR-2026-09-30-1,rREXR,RREXRUSDT,2026-09-30,2026-09-23T12:41:23.907463+00:00,0.9656110633409246,0.18323952822276032,127,0.599132006895404,E0_RANGE,0.0,0.3,no pre-decision precedent,,1000,38.23,NO_SIGNAL,cash basis UNRESOLVED; gross basis required,,,,,,,,,
exnight-strategy-v3,rREXR-2026-09-30-1,rREXR,RREXRUSDT,2026-09-30,2026-09-23T12:41:23.907463+00:00,0.9656110633409246,0.18323952822276032,127,0.599132006895404,E0_RANGE,0.0,0.3,no pre-decision precedent,,5000,38.23,NO_SIGNAL,cash basis UNRESOLVED; gross basis required,,,,,,,,,
exnight-strategy-v3,rREXR-2026-09-30-1,rREXR,RREXRUSDT,2026-09-30,2026-09-23T12:41:23.907463+00:00,0.9656110633409246,0.18323952822276032,127,0.599132006895404,E0_RANGE,0.0,0.3,no pre-decision precedent,,25000,38.23,NO_SIGNAL,cash basis UNRESOLVED; gross basis required,,,,,,,,,
exnight-strategy-v3,rRL-2026-09-25-1,rRL,RRLUSDT,2026-09-25,2026-09-23T12:41:23.907463+00:00,0.9656110633409246,0.18323952822276032,127,0.599132006895404,E0_RANGE,0.0,0.3,no pre-decision precedent,,1000,346.02,NO_SIGNAL,cash basis UNRESOLVED; gross basis required,,,,,,,,,
exnight-strategy-v3,rRL-2026-09-25-1,rRL,RRLUSDT,2026-09-25,2026-09-23T12:41:23.907463+00:00,0.9656110633409246,0.18323952822276032,127,0.599132006895404,E0_RANGE,0.0,0.3,no pre-decision precedent,,5000,346.02,NO_SIGNAL,cash basis UNRESOLVED; gross basis required,,,,,,,,,
exnight-strategy-v3,rRL-2026-09-25-1,rRL,RRLUSDT,2026-09-25,2026-09-23T12:41:23.907463+00:00,0.9656110633409246,0.18323952822276032,127,0.599132006895404,E0_RANGE,0.0,0.3,no pre-decision precedent,,25000,346.02,NO_SIGNAL,cash basis UNRESOLVED; gross basis required,,,,,,,,,
exnight-strategy-v3,rRHP-2026-09-30-1,rRHP,RRHPUSDT,2026-09-30,2026-09-23T12:41:23.907463+00:00,0.9656110633409246,0.18323952822276032,127,0.599132006895404,E0_RANGE,0.0,0.3,no pre-decision precedent,,1000,121.21,NO_SIGNAL,cash basis UNRESOLVED; gross basis required,,,,,,,,,
exnight-strategy-v3,rRHP-2026-09-30-1,rRHP,RRHPUSDT,2026-09-30,2026-09-23T12:41:23.907463+00:00,0.9656110633409246,0.18323952822276032,127,0.599132006895404,E0_RANGE,0.0,0.3,no pre-decision precedent,,5000,121.21,NO_SIGNAL,cash basis UNRESOLVED; gross basis required,,,,,,,,,
exnight-strategy-v3,rRHP-2026-09-30-1,rRHP,RRHPUSDT,2026-09-30,2026-09-23T12:41:23.907463+00:00,0.9656110633409246,0.18323952822276032,127,0.599132006895404,E0_RANGE,0.0,0.3,no pre-decision precedent,,25000,121.21,NO_SIGNAL,cash basis UNRESOLVED; gross basis required,,,,,,,,,
exnight-strategy-v3,rRJF-2026-10-01-1,rRJF,RRJFUSDT,2026-10-01,2026-09-23T12:41:23.907463+00:00,0.9656110633409246,0.18323952822276032,127,0.599132006895404,E0_RANGE,0.0,0.3,no pre-decision precedent,,1000,159.39,NO_SIGNAL,cash basis UNRESOLVED; gross basis required,,,,,,,,,
exnight-strategy-v3,rRJF-2026-10-01-1,rRJF,RRJFUSDT,2026-10-01,2026-09-23T12:41:23.907463+00:00,0.9656110633409246,0.18323952822276032,127,0.599132006895404,E0_RANGE,0.0,0.3,no pre-decision precedent,,5000,159.39,NO_SIGNAL,cash basis UNRESOLVED; gross basis required,,,,,,,,,
exnight-strategy-v3,rRJF-2026-10-01-1,rRJF,RRJFUSDT,2026-10-01,2026-09-23T12:41:23.907463+00:00,0.9656110633409246,0.18323952822276032,127,0.599132006895404,E0_RANGE,0.0,0.3,no pre-decision precedent,,25000,159.39,NO_SIGNAL,cash basis UNRESOLVED; gross basis required,,,,,,,,,
exnight-strategy-v3,rROP-2026-10-02-1,rROP,RROPUSDT,2026-10-02,2026-09-23T12:41:23.907463+00:00,0.9656110633409246,0.18323952822276032,127,0.599132006895404,E0_RANGE,0.0,0.3,no pre-decision precedent,0.9100000000000000,1000,363.85,NO_SIGNAL,sell: no depth sample for this symbol/session; buy: no depth sample for this symbol/session,,,,,,,,,
exnight-strategy-v3,rROP-2026-10-02-1,rROP,RROPUSDT,2026-10-02,2026-09-23T12:41:23.907463+00:00,0.9656110633409246,0.18323952822276032,127,0.599132006895404,E0_RANGE,0.0,0.3,no pre-decision precedent,0.9100000000000000,5000,363.85,NO_SIGNAL,sell: no depth sample for this symbol/session; buy: no depth sample for this symbol/session,,,,,,,,,
exnight-strategy-v3,rROP-2026-10-02-1,rROP,RROPUSDT,2026-10-02,2026-09-23T12:41:23.907463+00:00,0.9656110633409246,0.18323952822276032,127,0.599132006895404,E0_RANGE,0.0,0.3,no pre-decision precedent,0.9100000000000000,25000,363.85,NO_SIGNAL,sell: no depth sample for this symbol/session; buy: no depth sample for this symbol/session,,,,,,,,,
exnight-strategy-v3,rRRX-2026-09-30-1,rRRX,RRRXUSDT,2026-09-30,2026-09-23T12:41:23.907463+00:00,0.9656110633409246,0.18323952822276032,127,0.599132006895404,E0_RANGE,0.0,0.3,no pre-decision precedent,,1000,152.26,NO_SIGNAL,cash basis UNRESOLVED; gross basis required,,,,,,,,,
exnight-strategy-v3,rRRX-2026-09-30-1,rRRX,RRRXUSDT,2026-09-30,2026-09-23T12:41:23.907463+00:00,0.9656110633409246,0.18323952822276032,127,0.599132006895404,E0_RANGE,0.0,0.3,no pre-decision precedent,,5000,152.26,NO_SIGNAL,cash basis UNRESOLVED; gross basis required,,,,,,,,,
exnight-strategy-v3,rRRX-2026-09-30-1,rRRX,RRRXUSDT,2026-09-30,2026-09-23T12:41:23.907463+00:00,0.9656110633409246,0.18323952822276032,127,0.599132006895404,E0_RANGE,0.0,0.3,no pre-decision precedent,,25000,152.26,NO_SIGNAL,cash basis UNRESOLVED; gross basis required,,,,,,,,,
exnight-strategy-v3,rRSG-2026-10-02-1,rRSG,RRSGUSDT,2026-10-02,2026-09-23T12:41:23.907463+00:00,0.9656110633409246,0.18323952822276032,127,0.599132006895404,E0_RANGE,0.0,0.3,no pre-decision precedent,,1000,213.9,NO_SIGNAL,cash basis UNRESOLVED; gross basis required,,,,,,,,,
exnight-strategy-v3,rRSG-2026-10-02-1,rRSG,RRSGUSDT,2026-10-02,2026-09-23T12:41:23.907463+00:00,0.9656110633409246,0.18323952822276032,127,0.599132006895404,E0_RANGE,0.0,0.3,no pre-decision precedent,,5000,213.9,NO_SIGNAL,cash basis UNRESOLVED; gross basis required,,,,,,,,,
exnight-strategy-v3,rRSG-2026-10-02-1,rRSG,RRSGUSDT,2026-10-02,2026-09-23T12:41:23.907463+00:00,0.9656110633409246,0.18323952822276032,127,0.599132006895404,E0_RANGE,0.0,0.3,no pre-decision precedent,,25000,213.9,NO_SIGNAL,cash basis UNRESOLVED; gross basis required,,,,,,,,,
exnight-strategy-v3,rSAIC-2026-10-09-1,rSAIC,RSAICUSDT,2026-10-09,2026-09-23T12:41:23.907463+00:00,0.9656110633409246,0.18323952822276032,127,0.599132006895404,E0_RANGE,0.0,0.3,no pre-decision precedent,0.3700000000000000,1000,130.0,NO_SIGNAL,sell: no depth sample for this symbol/session; buy: no depth sample for this symbol/session,,,,,,,,,
exnight-strategy-v3,rSAIC-2026-10-09-1,rSAIC,RSAICUSDT,2026-10-09,2026-09-23T12:41:23.907463+00:00,0.9656110633409246,0.18323952822276032,127,0.599132006895404,E0_RANGE,0.0,0.3,no pre-decision precedent,0.3700000000000000,5000,130.0,NO_SIGNAL,sell: no depth sample for this symbol/session; buy: no depth sample for this symbol/session,,,,,,,,,
exnight-strategy-v3,rSAIC-2026-10-09-1,rSAIC,RSAICUSDT,2026-10-09,2026-09-23T12:41:23.907463+00:00,0.9656110633409246,0.18323952822276032,127,0.599132006895404,E0_RANGE,0.0,0.3,no pre-decision precedent,0.3700000000000000,25000,130.0,NO_SIGNAL,sell: no depth sample for this symbol/session; buy: no depth sample for this symbol/session,,,,,,,,,
exnight-strategy-v3,rRVTY-2026-10-23-1,rRVTY,RRVTYUSDT,2026-10-23,2026-09-23T12:41:23.907463+00:00,0.9656110633409246,0.18323952822276032,127,0.599132006895404,E0_RANGE,0.0,0.3,no pre-decision precedent,,1000,143.31,NO_SIGNAL,cash basis UNRESOLVED; gross basis required,,,,,,,,,
exnight-strategy-v3,rRVTY-2026-10-23-1,rRVTY,RRVTYUSDT,2026-10-23,2026-09-23T12:41:23.907463+00:00,0.9656110633409246,0.18323952822276032,127,0.599132006895404,E0_RANGE,0.0,0.3,no pre-decision precedent,,5000,143.31,NO_SIGNAL,cash basis UNRESOLVED; gross basis required,,,,,,,,,
exnight-strategy-v3,rRVTY-2026-10-23-1,rRVTY,RRVTYUSDT,2026-10-23,2026-09-23T12:41:23.907463+00:00,0.9656110633409246,0.18323952822276032,127,0.599132006895404,E0_RANGE,0.0,0.3,no pre-decision precedent,,25000,143.31,NO_SIGNAL,cash basis UNRESOLVED; gross basis required,,,,,,,,,
exnight-strategy-v3,rSATA-2026-09-24-1,rSATA,RSATAUSDT,2026-09-24,2026-09-23T12:41:23.907463+00:00,0.9656110633409246,0.18323952822276032,127,0.599132006895404,E1_DOCUMENTED_PRECEDENT,0.3,0.3,"dividends_89_2026_09_23: rSATA ex 2026-08-24 0.0516 at 30%, available 2026-09-23T12:34:33+00:00 (primary)",0.0516000000000000,1000,100.01,NO_SIGNAL,"sell: $1,000 exceeds visible top-of-book ($100) on ticker-only symbol",2026-09-22T23:05:03.214170+00:00,ticker_only,2026-09-23T07:05:04.033204+00:00,ticker_only,,,,,
exnight-strategy-v3,rSATA-2026-09-24-1,rSATA,RSATAUSDT,2026-09-24,2026-09-23T12:41:23.907463+00:00,0.9656110633409246,0.18323952822276032,127,0.599132006895404,E1_DOCUMENTED_PRECEDENT,0.3,0.3,"dividends_89_2026_09_23: rSATA ex 2026-08-24 0.0516 at 30%, available 2026-09-23T12:34:33+00:00 (primary)",0.0516000000000000,5000,100.01,NO_SIGNAL,"sell: $5,000 exceeds visible top-of-book ($100) on ticker-only symbol",2026-09-22T23:05:03.214170+00:00,ticker_only,2026-09-23T07:05:04.033204+00:00,ticker_only,,,,,
exnight-strategy-v3,rSATA-2026-09-24-1,rSATA,RSATAUSDT,2026-09-24,2026-09-23T12:41:23.907463+00:00,0.9656110633409246,0.18323952822276032,127,0.599132006895404,E1_DOCUMENTED_PRECEDENT,0.3,0.3,"dividends_89_2026_09_23: rSATA ex 2026-08-24 0.0516 at 30%, available 2026-09-23T12:34:33+00:00 (primary)",0.0516000000000000,25000,100.01,NO_SIGNAL,"sell: $25,000 exceeds visible top-of-book ($100) on ticker-only symbol",2026-09-22T23:05:03.214170+00:00,ticker_only,2026-09-23T07:05:04.033204+00:00,ticker_only,,,,,
exnight-strategy-v3,rSATA-2026-09-25-1,rSATA,RSATAUSDT,2026-09-25,2026-09-23T12:41:23.907463+00:00,0.9656110633409246,0.18323952822276032,127,0.599132006895404,E1_DOCUMENTED_PRECEDENT,0.3,0.3,"dividends_89_2026_09_23: rSATA ex 2026-08-24 0.0516 at 30%, available 2026-09-23T12:34:33+00:00 (primary)",0.0516000000000000,1000,100.01,NO_SIGNAL,"sell: $1,000 exceeds visible top-of-book ($100) on ticker-only symbol",2026-09-22T23:05:03.214170+00:00,ticker_only,2026-09-23T07:05:04.033204+00:00,ticker_only,,,,,
exnight-strategy-v3,rSATA-2026-09-25-1,rSATA,RSATAUSDT,2026-09-25,2026-09-23T12:41:23.907463+00:00,0.9656110633409246,0.18323952822276032,127,0.599132006895404,E1_DOCUMENTED_PRECEDENT,0.3,0.3,"dividends_89_2026_09_23: rSATA ex 2026-08-24 0.0516 at 30%, available 2026-09-23T12:34:33+00:00 (primary)",0.0516000000000000,5000,100.01,NO_SIGNAL,"sell: $5,000 exceeds visible top-of-book ($100) on ticker-only symbol",2026-09-22T23:05:03.214170+00:00,ticker_only,2026-09-23T07:05:04.033204+00:00,ticker_only,,,,,
exnight-strategy-v3,rSATA-2026-09-25-1,rSATA,RSATAUSDT,2026-09-25,2026-09-23T12:41:23.907463+00:00,0.9656110633409246,0.18323952822276032,127,0.599132006895404,E1_DOCUMENTED_PRECEDENT,0.3,0.3,"dividends_89_2026_09_23: rSATA ex 2026-08-24 0.0516 at 30%, available 2026-09-23T12:34:33+00:00 (primary)",0.0516000000000000,25000,100.01,NO_SIGNAL,"sell: $25,000 exceeds visible top-of-book ($100) on ticker-only symbol",2026-09-22T23:05:03.214170+00:00,ticker_only,2026-09-23T07:05:04.033204+00:00,ticker_only,,,,,
exnight-strategy-v3,rSATA-2026-09-28-1,rSATA,RSATAUSDT,2026-09-28,2026-09-23T12:41:23.907463+00:00,0.9656110633409246,0.18323952822276032,127,0.599132006895404,E1_DOCUMENTED_PRECEDENT,0.3,0.3,"dividends_89_2026_09_23: rSATA ex 2026-08-24 0.0516 at 30%, available 2026-09-23T12:34:33+00:00 (primary)",0.0516000000000000,1000,100.01,NO_SIGNAL,"sell: $1,000 exceeds visible top-of-book ($100) on ticker-only symbol",2026-09-22T23:05:03.214170+00:00,ticker_only,2026-09-23T07:05:04.033204+00:00,ticker_only,,,,,
exnight-strategy-v3,rSATA-2026-09-28-1,rSATA,RSATAUSDT,2026-09-28,2026-09-23T12:41:23.907463+00:00,0.9656110633409246,0.18323952822276032,127,0.599132006895404,E1_DOCUMENTED_PRECEDENT,0.3,0.3,"dividends_89_2026_09_23: rSATA ex 2026-08-24 0.0516 at 30%, available 2026-09-23T12:34:33+00:00 (primary)",0.0516000000000000,5000,100.01,NO_SIGNAL,"sell: $5,000 exceeds visible top-of-book ($100) on ticker-only symbol",2026-09-22T23:05:03.214170+00:00,ticker_only,2026-09-23T07:05:04.033204+00:00,ticker_only,,,,,
exnight-strategy-v3,rSATA-2026-09-28-1,rSATA,RSATAUSDT,2026-09-28,2026-09-23T12:41:23.907463+00:00,0.9656110633409246,0.18323952822276032,127,0.599132006895404,E1_DOCUMENTED_PRECEDENT,0.3,0.3,"dividends_89_2026_09_23: rSATA ex 2026-08-24 0.0516 at 30%, available 2026-09-23T12:34:33+00:00 (primary)",0.0516000000000000,25000,100.01,NO_SIGNAL,"sell: $25,000 exceeds visible top-of-book ($100) on ticker-only symbol",2026-09-22T23:05:03.214170+00:00,ticker_only,2026-09-23T07:05:04.033204+00:00,ticker_only,,,,,
exnight-strategy-v3,rSATA-2026-09-29-1,rSATA,RSATAUSDT,2026-09-29,2026-09-23T12:41:23.907463+00:00,0.9656110633409246,0.18323952822276032,127,0.599132006895404,E1_DOCUMENTED_PRECEDENT,0.3,0.3,"dividends_89_2026_09_23: rSATA ex 2026-08-24 0.0516 at 30%, available 2026-09-23T12:34:33+00:00 (primary)",0.0516000000000000,1000,100.01,NO_SIGNAL,"sell: $1,000 exceeds visible top-of-book ($100) on ticker-only symbol",2026-09-22T23:05:03.214170+00:00,ticker_only,2026-09-23T07:05:04.033204+00:00,ticker_only,,,,,
exnight-strategy-v3,rSATA-2026-09-29-1,rSATA,RSATAUSDT,2026-09-29,2026-09-23T12:41:23.907463+00:00,0.9656110633409246,0.18323952822276032,127,0.599132006895404,E1_DOCUMENTED_PRECEDENT,0.3,0.3,"dividends_89_2026_09_23: rSATA ex 2026-08-24 0.0516 at 30%, available 2026-09-23T12:34:33+00:00 (primary)",0.0516000000000000,5000,100.01,NO_SIGNAL,"sell: $5,000 exceeds visible top-of-book ($100) on ticker-only symbol",2026-09-22T23:05:03.214170+00:00,ticker_only,2026-09-23T07:05:04.033204+00:00,ticker_only,,,,,
exnight-strategy-v3,rSATA-2026-09-29-1,rSATA,RSATAUSDT,2026-09-29,2026-09-23T12:41:23.907463+00:00,0.9656110633409246,0.18323952822276032,127,0.599132006895404,E1_DOCUMENTED_PRECEDENT,0.3,0.3,"dividends_89_2026_09_23: rSATA ex 2026-08-24 0.0516 at 30%, available 2026-09-23T12:34:33+00:00 (primary)",0.0516000000000000,25000,100.01,NO_SIGNAL,"sell: $25,000 exceeds visible top-of-book ($100) on ticker-only symbol",2026-09-22T23:05:03.214170+00:00,ticker_only,2026-09-23T07:05:04.033204+00:00,ticker_only,,,,,
exnight-strategy-v3,rSATA-2026-09-30-1,rSATA,RSATAUSDT,2026-09-30,2026-09-23T12:41:23.907463+00:00,0.9656110633409246,0.18323952822276032,127,0.599132006895404,E1_DOCUMENTED_PRECEDENT,0.3,0.3,"dividends_89_2026_09_23: rSATA ex 2026-08-24 0.0516 at 30%, available 2026-09-23T12:34:33+00:00 (primary)",,1000,100.01,NO_SIGNAL,cash basis UNRESOLVED; gross basis required,,,,,,,,,
exnight-strategy-v3,rSATA-2026-09-30-1,rSATA,RSATAUSDT,2026-09-30,2026-09-23T12:41:23.907463+00:00,0.9656110633409246,0.18323952822276032,127,0.599132006895404,E1_DOCUMENTED_PRECEDENT,0.3,0.3,"dividends_89_2026_09_23: rSATA ex 2026-08-24 0.0516 at 30%, available 2026-09-23T12:34:33+00:00 (primary)",,5000,100.01,NO_SIGNAL,cash basis UNRESOLVED; gross basis required,,,,,,,,,
exnight-strategy-v3,rSATA-2026-09-30-1,rSATA,RSATAUSDT,2026-09-30,2026-09-23T12:41:23.907463+00:00,0.9656110633409246,0.18323952822276032,127,0.599132006895404,E1_DOCUMENTED_PRECEDENT,0.3,0.3,"dividends_89_2026_09_23: rSATA ex 2026-08-24 0.0516 at 30%, available 2026-09-23T12:34:33+00:00 (primary)",,25000,100.01,NO_SIGNAL,cash basis UNRESOLVED; gross basis required,,,,,,,,,
exnight-strategy-v3,rSATA-2026-10-01-1,rSATA,RSATAUSDT,2026-10-01,2026-09-23T12:41:23.907463+00:00,0.9656110633409246,0.18323952822276032,127,0.599132006895404,E1_DOCUMENTED_PRECEDENT,0.3,0.3,"dividends_89_2026_09_23: rSATA ex 2026-08-24 0.0516 at 30%, available 2026-09-23T12:34:33+00:00 (primary)",,1000,100.01,NO_SIGNAL,cash basis UNRESOLVED; gross basis required,,,,,,,,,
exnight-strategy-v3,rSATA-2026-10-01-1,rSATA,RSATAUSDT,2026-10-01,2026-09-23T12:41:23.907463+00:00,0.9656110633409246,0.18323952822276032,127,0.599132006895404,E1_DOCUMENTED_PRECEDENT,0.3,0.3,"dividends_89_2026_09_23: rSATA ex 2026-08-24 0.0516 at 30%, available 2026-09-23T12:34:33+00:00 (primary)",,5000,100.01,NO_SIGNAL,cash basis UNRESOLVED; gross basis required,,,,,,,,,
exnight-strategy-v3,rSATA-2026-10-01-1,rSATA,RSATAUSDT,2026-10-01,2026-09-23T12:41:23.907463+00:00,0.9656110633409246,0.18323952822276032,127,0.599132006895404,E1_DOCUMENTED_PRECEDENT,0.3,0.3,"dividends_89_2026_09_23: rSATA ex 2026-08-24 0.0516 at 30%, available 2026-09-23T12:34:33+00:00 (primary)",,25000,100.01,NO_SIGNAL,cash basis UNRESOLVED; gross basis required,,,,,,,,,
exnight-strategy-v3,rSATA-2026-10-02-1,rSATA,RSATAUSDT,2026-10-02,2026-09-23T12:41:23.907463+00:00,0.9656110633409246,0.18323952822276032,127,0.599132006895404,E1_DOCUMENTED_PRECEDENT,0.3,0.3,"dividends_89_2026_09_23: rSATA ex 2026-08-24 0.0516 at 30%, available 2026-09-23T12:34:33+00:00 (primary)",,1000,100.01,NO_SIGNAL,cash basis UNRESOLVED; gross basis required,,,,,,,,,
exnight-strategy-v3,rSATA-2026-10-02-1,rSATA,RSATAUSDT,2026-10-02,2026-09-23T12:41:23.907463+00:00,0.9656110633409246,0.18323952822276032,127,0.599132006895404,E1_DOCUMENTED_PRECEDENT,0.3,0.3,"dividends_89_2026_09_23: rSATA ex 2026-08-24 0.0516 at 30%, available 2026-09-23T12:34:33+00:00 (primary)",,5000,100.01,NO_SIGNAL,cash basis UNRESOLVED; gross basis required,,,,,,,,,
exnight-strategy-v3,rSATA-2026-10-02-1,rSATA,RSATAUSDT,2026-10-02,2026-09-23T12:41:23.907463+00:00,0.9656110633409246,0.18323952822276032,127,0.599132006895404,E1_DOCUMENTED_PRECEDENT,0.3,0.3,"dividends_89_2026_09_23: rSATA ex 2026-08-24 0.0516 at 30%, available 2026-09-23T12:34:33+00:00 (primary)",,25000,100.01,NO_SIGNAL,cash basis UNRESOLVED; gross basis required,,,,,,,,,
exnight-strategy-v3,rSATA-2026-10-05-1,rSATA,RSATAUSDT,2026-10-05,2026-09-23T12:41:23.907463+00:00,0.9656110633409246,0.18323952822276032,127,0.599132006895404,E1_DOCUMENTED_PRECEDENT,0.3,0.3,"dividends_89_2026_09_23: rSATA ex 2026-08-24 0.0516 at 30%, available 2026-09-23T12:34:33+00:00 (primary)",,1000,100.01,NO_SIGNAL,cash basis UNRESOLVED; gross basis required,,,,,,,,,
exnight-strategy-v3,rSATA-2026-10-05-1,rSATA,RSATAUSDT,2026-10-05,2026-09-23T12:41:23.907463+00:00,0.9656110633409246,0.18323952822276032,127,0.599132006895404,E1_DOCUMENTED_PRECEDENT,0.3,0.3,"dividends_89_2026_09_23: rSATA ex 2026-08-24 0.0516 at 30%, available 2026-09-23T12:34:33+00:00 (primary)",,5000,100.01,NO_SIGNAL,cash basis UNRESOLVED; gross basis required,,,,,,,,,
exnight-strategy-v3,rSATA-2026-10-05-1,rSATA,RSATAUSDT,2026-10-05,2026-09-23T12:41:23.907463+00:00,0.9656110633409246,0.18323952822276032,127,0.599132006895404,E1_DOCUMENTED_PRECEDENT,0.3,0.3,"dividends_89_2026_09_23: rSATA ex 2026-08-24 0.0516 at 30%, available 2026-09-23T12:34:33+00:00 (primary)",,25000,100.01,NO_SIGNAL,cash basis UNRESOLVED; gross basis required,,,,,,,,,
exnight-strategy-v3,rSATA-2026-10-06-1,rSATA,RSATAUSDT,2026-10-06,2026-09-23T12:41:23.907463+00:00,0.9656110633409246,0.18323952822276032,127,0.599132006895404,E1_DOCUMENTED_PRECEDENT,0.3,0.3,"dividends_89_2026_09_23: rSATA ex 2026-08-24 0.0516 at 30%, available 2026-09-23T12:34:33+00:00 (primary)",,1000,100.01,NO_SIGNAL,cash basis UNRESOLVED; gross basis required,,,,,,,,,
exnight-strategy-v3,rSATA-2026-10-06-1,rSATA,RSATAUSDT,2026-10-06,2026-09-23T12:41:23.907463+00:00,0.9656110633409246,0.18323952822276032,127,0.599132006895404,E1_DOCUMENTED_PRECEDENT,0.3,0.3,"dividends_89_2026_09_23: rSATA ex 2026-08-24 0.0516 at 30%, available 2026-09-23T12:34:33+00:00 (primary)",,5000,100.01,NO_SIGNAL,cash basis UNRESOLVED; gross basis required,,,,,,,,,
exnight-strategy-v3,rSATA-2026-10-06-1,rSATA,RSATAUSDT,2026-10-06,2026-09-23T12:41:23.907463+00:00,0.9656110633409246,0.18323952822276032,127,0.599132006895404,E1_DOCUMENTED_PRECEDENT,0.3,0.3,"dividends_89_2026_09_23: rSATA ex 2026-08-24 0.0516 at 30%, available 2026-09-23T12:34:33+00:00 (primary)",,25000,100.01,NO_SIGNAL,cash basis UNRESOLVED; gross basis required,,,,,,,,,
exnight-strategy-v3,rSATA-2026-10-07-1,rSATA,RSATAUSDT,2026-10-07,2026-09-23T12:41:23.907463+00:00,0.9656110633409246,0.18323952822276032,127,0.599132006895404,E1_DOCUMENTED_PRECEDENT,0.3,0.3,"dividends_89_2026_09_23: rSATA ex 2026-08-24 0.0516 at 30%, available 2026-09-23T12:34:33+00:00 (primary)",,1000,100.01,NO_SIGNAL,cash basis UNRESOLVED; gross basis required,,,,,,,,,
exnight-strategy-v3,rSATA-2026-10-07-1,rSATA,RSATAUSDT,2026-10-07,2026-09-23T12:41:23.907463+00:00,0.9656110633409246,0.18323952822276032,127,0.599132006895404,E1_DOCUMENTED_PRECEDENT,0.3,0.3,"dividends_89_2026_09_23: rSATA ex 2026-08-24 0.0516 at 30%, available 2026-09-23T12:34:33+00:00 (primary)",,5000,100.01,NO_SIGNAL,cash basis UNRESOLVED; gross basis required,,,,,,,,,
exnight-strategy-v3,rSATA-2026-10-07-1,rSATA,RSATAUSDT,2026-10-07,2026-09-23T12:41:23.907463+00:00,0.9656110633409246,0.18323952822276032,127,0.599132006895404,E1_DOCUMENTED_PRECEDENT,0.3,0.3,"dividends_89_2026_09_23: rSATA ex 2026-08-24 0.0516 at 30%, available 2026-09-23T12:34:33+00:00 (primary)",,25000,100.01,NO_SIGNAL,cash basis UNRESOLVED; gross basis required,,,,,,,,,
exnight-strategy-v3,rSATA-2026-10-08-1,rSATA,RSATAUSDT,2026-10-08,2026-09-23T12:41:23.907463+00:00,0.9656110633409246,0.18323952822276032,127,0.599132006895404,E1_DOCUMENTED_PRECEDENT,0.3,0.3,"dividends_89_2026_09_23: rSATA ex 2026-08-24 0.0516 at 30%, available 2026-09-23T12:34:33+00:00 (primary)",,1000,100.01,NO_SIGNAL,cash basis UNRESOLVED; gross basis required,,,,,,,,,
exnight-strategy-v3,rSATA-2026-10-08-1,rSATA,RSATAUSDT,2026-10-08,2026-09-23T12:41:23.907463+00:00,0.9656110633409246,0.18323952822276032,127,0.599132006895404,E1_DOCUMENTED_PRECEDENT,0.3,0.3,"dividends_89_2026_09_23: rSATA ex 2026-08-24 0.0516 at 30%, available 2026-09-23T12:34:33+00:00 (primary)",,5000,100.01,NO_SIGNAL,cash basis UNRESOLVED; gross basis required,,,,,,,,,
exnight-strategy-v3,rSATA-2026-10-08-1,rSATA,RSATAUSDT,2026-10-08,2026-09-23T12:41:23.907463+00:00,0.9656110633409246,0.18323952822276032,127,0.599132006895404,E1_DOCUMENTED_PRECEDENT,0.3,0.3,"dividends_89_2026_09_23: rSATA ex 2026-08-24 0.0516 at 30%, available 2026-09-23T12:34:33+00:00 (primary)",,25000,100.01,NO_SIGNAL,cash basis UNRESOLVED; gross basis required,,,,,,,,,
exnight-strategy-v3,rSATA-2026-10-09-1,rSATA,RSATAUSDT,2026-10-09,2026-09-23T12:41:23.907463+00:00,0.9656110633409246,0.18323952822276032,127,0.599132006895404,E1_DOCUMENTED_PRECEDENT,0.3,0.3,"dividends_89_2026_09_23: rSATA ex 2026-08-24 0.0516 at 30%, available 2026-09-23T12:34:33+00:00 (primary)",,1000,100.01,NO_SIGNAL,cash basis UNRESOLVED; gross basis required,,,,,,,,,
exnight-strategy-v3,rSATA-2026-10-09-1,rSATA,RSATAUSDT,2026-10-09,2026-09-23T12:41:23.907463+00:00,0.9656110633409246,0.18323952822276032,127,0.599132006895404,E1_DOCUMENTED_PRECEDENT,0.3,0.3,"dividends_89_2026_09_23: rSATA ex 2026-08-24 0.0516 at 30%, available 2026-09-23T12:34:33+00:00 (primary)",,5000,100.01,NO_SIGNAL,cash basis UNRESOLVED; gross basis required,,,,,,,,,
exnight-strategy-v3,rSATA-2026-10-09-1,rSATA,RSATAUSDT,2026-10-09,2026-09-23T12:41:23.907463+00:00,0.9656110633409246,0.18323952822276032,127,0.599132006895404,E1_DOCUMENTED_PRECEDENT,0.3,0.3,"dividends_89_2026_09_23: rSATA ex 2026-08-24 0.0516 at 30%, available 2026-09-23T12:34:33+00:00 (primary)",,25000,100.01,NO_SIGNAL,cash basis UNRESOLVED; gross basis required,,,,,,,,,
exnight-strategy-v3,rSATA-2026-10-13-1,rSATA,RSATAUSDT,2026-10-13,2026-09-23T12:41:23.907463+00:00,0.9656110633409246,0.18323952822276032,127,0.599132006895404,E1_DOCUMENTED_PRECEDENT,0.3,0.3,"dividends_89_2026_09_23: rSATA ex 2026-08-24 0.0516 at 30%, available 2026-09-23T12:34:33+00:00 (primary)",,1000,100.01,NO_SIGNAL,cash basis UNRESOLVED; gross basis required,,,,,,,,,
exnight-strategy-v3,rSATA-2026-10-13-1,rSATA,RSATAUSDT,2026-10-13,2026-09-23T12:41:23.907463+00:00,0.9656110633409246,0.18323952822276032,127,0.599132006895404,E1_DOCUMENTED_PRECEDENT,0.3,0.3,"dividends_89_2026_09_23: rSATA ex 2026-08-24 0.0516 at 30%, available 2026-09-23T12:34:33+00:00 (primary)",,5000,100.01,NO_SIGNAL,cash basis UNRESOLVED; gross basis required,,,,,,,,,
exnight-strategy-v3,rSATA-2026-10-13-1,rSATA,RSATAUSDT,2026-10-13,2026-09-23T12:41:23.907463+00:00,0.9656110633409246,0.18323952822276032,127,0.599132006895404,E1_DOCUMENTED_PRECEDENT,0.3,0.3,"dividends_89_2026_09_23: rSATA ex 2026-08-24 0.0516 at 30%, available 2026-09-23T12:34:33+00:00 (primary)",,25000,100.01,NO_SIGNAL,cash basis UNRESOLVED; gross basis required,,,,,,,,,
exnight-strategy-v3,rSATA-2026-10-14-1,rSATA,RSATAUSDT,2026-10-14,2026-09-23T12:41:23.907463+00:00,0.9656110633409246,0.18323952822276032,127,0.599132006895404,E1_DOCUMENTED_PRECEDENT,0.3,0.3,"dividends_89_2026_09_23: rSATA ex 2026-08-24 0.0516 at 30%, available 2026-09-23T12:34:33+00:00 (primary)",,1000,100.01,NO_SIGNAL,cash basis UNRESOLVED; gross basis required,,,,,,,,,
exnight-strategy-v3,rSATA-2026-10-14-1,rSATA,RSATAUSDT,2026-10-14,2026-09-23T12:41:23.907463+00:00,0.9656110633409246,0.18323952822276032,127,0.599132006895404,E1_DOCUMENTED_PRECEDENT,0.3,0.3,"dividends_89_2026_09_23: rSATA ex 2026-08-24 0.0516 at 30%, available 2026-09-23T12:34:33+00:00 (primary)",,5000,100.01,NO_SIGNAL,cash basis UNRESOLVED; gross basis required,,,,,,,,,
exnight-strategy-v3,rSATA-2026-10-14-1,rSATA,RSATAUSDT,2026-10-14,2026-09-23T12:41:23.907463+00:00,0.9656110633409246,0.18323952822276032,127,0.599132006895404,E1_DOCUMENTED_PRECEDENT,0.3,0.3,"dividends_89_2026_09_23: rSATA ex 2026-08-24 0.0516 at 30%, available 2026-09-23T12:34:33+00:00 (primary)",,25000,100.01,NO_SIGNAL,cash basis UNRESOLVED; gross basis required,,,,,,,,,
exnight-strategy-v3,rSATA-2026-10-15-1,rSATA,RSATAUSDT,2026-10-15,2026-09-23T12:41:23.907463+00:00,0.9656110633409246,0.18323952822276032,127,0.599132006895404,E1_DOCUMENTED_PRECEDENT,0.3,0.3,"dividends_89_2026_09_23: rSATA ex 2026-08-24 0.0516 at 30%, available 2026-09-23T12:34:33+00:00 (primary)",,1000,100.01,NO_SIGNAL,cash basis UNRESOLVED; gross basis required,,,,,,,,,
exnight-strategy-v3,rSATA-2026-10-15-1,rSATA,RSATAUSDT,2026-10-15,2026-09-23T12:41:23.907463+00:00,0.9656110633409246,0.18323952822276032,127,0.599132006895404,E1_DOCUMENTED_PRECEDENT,0.3,0.3,"dividends_89_2026_09_23: rSATA ex 2026-08-24 0.0516 at 30%, available 2026-09-23T12:34:33+00:00 (primary)",,5000,100.01,NO_SIGNAL,cash basis UNRESOLVED; gross basis required,,,,,,,,,
exnight-strategy-v3,rSATA-2026-10-15-1,rSATA,RSATAUSDT,2026-10-15,2026-09-23T12:41:23.907463+00:00,0.9656110633409246,0.18323952822276032,127,0.599132006895404,E1_DOCUMENTED_PRECEDENT,0.3,0.3,"dividends_89_2026_09_23: rSATA ex 2026-08-24 0.0516 at 30%, available 2026-09-23T12:34:33+00:00 (primary)",,25000,100.01,NO_SIGNAL,cash basis UNRESOLVED; gross basis required,,,,,,,,,
exnight-strategy-v3,rSATA-2026-10-16-1,rSATA,RSATAUSDT,2026-10-16,2026-09-23T12:41:23.907463+00:00,0.9656110633409246,0.18323952822276032,127,0.599132006895404,E1_DOCUMENTED_PRECEDENT,0.3,0.3,"dividends_89_2026_09_23: rSATA ex 2026-08-24 0.0516 at 30%, available 2026-09-23T12:34:33+00:00 (primary)",,1000,100.01,NO_SIGNAL,cash basis UNRESOLVED; gross basis required,,,,,,,,,
exnight-strategy-v3,rSATA-2026-10-16-1,rSATA,RSATAUSDT,2026-10-16,2026-09-23T12:41:23.907463+00:00,0.9656110633409246,0.18323952822276032,127,0.599132006895404,E1_DOCUMENTED_PRECEDENT,0.3,0.3,"dividends_89_2026_09_23: rSATA ex 2026-08-24 0.0516 at 30%, available 2026-09-23T12:34:33+00:00 (primary)",,5000,100.01,NO_SIGNAL,cash basis UNRESOLVED; gross basis required,,,,,,,,,
exnight-strategy-v3,rSATA-2026-10-16-1,rSATA,RSATAUSDT,2026-10-16,2026-09-23T12:41:23.907463+00:00,0.9656110633409246,0.18323952822276032,127,0.599132006895404,E1_DOCUMENTED_PRECEDENT,0.3,0.3,"dividends_89_2026_09_23: rSATA ex 2026-08-24 0.0516 at 30%, available 2026-09-23T12:34:33+00:00 (primary)",,25000,100.01,NO_SIGNAL,cash basis UNRESOLVED; gross basis required,,,,,,,,,
exnight-strategy-v3,rSATA-2026-10-19-1,rSATA,RSATAUSDT,2026-10-19,2026-09-23T12:41:23.907463+00:00,0.9656110633409246,0.18323952822276032,127,0.599132006895404,E1_DOCUMENTED_PRECEDENT,0.3,0.3,"dividends_89_2026_09_23: rSATA ex 2026-08-24 0.0516 at 30%, available 2026-09-23T12:34:33+00:00 (primary)",,1000,100.01,NO_SIGNAL,cash basis UNRESOLVED; gross basis required,,,,,,,,,
exnight-strategy-v3,rSATA-2026-10-19-1,rSATA,RSATAUSDT,2026-10-19,2026-09-23T12:41:23.907463+00:00,0.9656110633409246,0.18323952822276032,127,0.599132006895404,E1_DOCUMENTED_PRECEDENT,0.3,0.3,"dividends_89_2026_09_23: rSATA ex 2026-08-24 0.0516 at 30%, available 2026-09-23T12:34:33+00:00 (primary)",,5000,100.01,NO_SIGNAL,cash basis UNRESOLVED; gross basis required,,,,,,,,,
exnight-strategy-v3,rSATA-2026-10-19-1,rSATA,RSATAUSDT,2026-10-19,2026-09-23T12:41:23.907463+00:00,0.9656110633409246,0.18323952822276032,127,0.599132006895404,E1_DOCUMENTED_PRECEDENT,0.3,0.3,"dividends_89_2026_09_23: rSATA ex 2026-08-24 0.0516 at 30%, available 2026-09-23T12:34:33+00:00 (primary)",,25000,100.01,NO_SIGNAL,cash basis UNRESOLVED; gross basis required,,,,,,,,,
exnight-strategy-v3,rSATA-2026-10-20-1,rSATA,RSATAUSDT,2026-10-20,2026-09-23T12:41:23.907463+00:00,0.9656110633409246,0.18323952822276032,127,0.599132006895404,E1_DOCUMENTED_PRECEDENT,0.3,0.3,"dividends_89_2026_09_23: rSATA ex 2026-08-24 0.0516 at 30%, available 2026-09-23T12:34:33+00:00 (primary)",,1000,100.01,NO_SIGNAL,cash basis UNRESOLVED; gross basis required,,,,,,,,,
exnight-strategy-v3,rSATA-2026-10-20-1,rSATA,RSATAUSDT,2026-10-20,2026-09-23T12:41:23.907463+00:00,0.9656110633409246,0.18323952822276032,127,0.599132006895404,E1_DOCUMENTED_PRECEDENT,0.3,0.3,"dividends_89_2026_09_23: rSATA ex 2026-08-24 0.0516 at 30%, available 2026-09-23T12:34:33+00:00 (primary)",,5000,100.01,NO_SIGNAL,cash basis UNRESOLVED; gross basis required,,,,,,,,,
exnight-strategy-v3,rSATA-2026-10-20-1,rSATA,RSATAUSDT,2026-10-20,2026-09-23T12:41:23.907463+00:00,0.9656110633409246,0.18323952822276032,127,0.599132006895404,E1_DOCUMENTED_PRECEDENT,0.3,0.3,"dividends_89_2026_09_23: rSATA ex 2026-08-24 0.0516 at 30%, available 2026-09-23T12:34:33+00:00 (primary)",,25000,100.01,NO_SIGNAL,cash basis UNRESOLVED; gross basis required,,,,,,,,,
exnight-strategy-v3,rSATA-2026-10-21-1,rSATA,RSATAUSDT,2026-10-21,2026-09-23T12:41:23.907463+00:00,0.9656110633409246,0.18323952822276032,127,0.599132006895404,E1_DOCUMENTED_PRECEDENT,0.3,0.3,"dividends_89_2026_09_23: rSATA ex 2026-08-24 0.0516 at 30%, available 2026-09-23T12:34:33+00:00 (primary)",,1000,100.01,NO_SIGNAL,cash basis UNRESOLVED; gross basis required,,,,,,,,,
exnight-strategy-v3,rSATA-2026-10-21-1,rSATA,RSATAUSDT,2026-10-21,2026-09-23T12:41:23.907463+00:00,0.9656110633409246,0.18323952822276032,127,0.599132006895404,E1_DOCUMENTED_PRECEDENT,0.3,0.3,"dividends_89_2026_09_23: rSATA ex 2026-08-24 0.0516 at 30%, available 2026-09-23T12:34:33+00:00 (primary)",,5000,100.01,NO_SIGNAL,cash basis UNRESOLVED; gross basis required,,,,,,,,,
exnight-strategy-v3,rSATA-2026-10-21-1,rSATA,RSATAUSDT,2026-10-21,2026-09-23T12:41:23.907463+00:00,0.9656110633409246,0.18323952822276032,127,0.599132006895404,E1_DOCUMENTED_PRECEDENT,0.3,0.3,"dividends_89_2026_09_23: rSATA ex 2026-08-24 0.0516 at 30%, available 2026-09-23T12:34:33+00:00 (primary)",,25000,100.01,NO_SIGNAL,cash basis UNRESOLVED; gross basis required,,,,,,,,,
exnight-strategy-v3,rSATA-2026-10-22-1,rSATA,RSATAUSDT,2026-10-22,2026-09-23T12:41:23.907463+00:00,0.9656110633409246,0.18323952822276032,127,0.599132006895404,E1_DOCUMENTED_PRECEDENT,0.3,0.3,"dividends_89_2026_09_23: rSATA ex 2026-08-24 0.0516 at 30%, available 2026-09-23T12:34:33+00:00 (primary)",,1000,100.01,NO_SIGNAL,cash basis UNRESOLVED; gross basis required,,,,,,,,,
exnight-strategy-v3,rSATA-2026-10-22-1,rSATA,RSATAUSDT,2026-10-22,2026-09-23T12:41:23.907463+00:00,0.9656110633409246,0.18323952822276032,127,0.599132006895404,E1_DOCUMENTED_PRECEDENT,0.3,0.3,"dividends_89_2026_09_23: rSATA ex 2026-08-24 0.0516 at 30%, available 2026-09-23T12:34:33+00:00 (primary)",,5000,100.01,NO_SIGNAL,cash basis UNRESOLVED; gross basis required,,,,,,,,,
exnight-strategy-v3,rSATA-2026-10-22-1,rSATA,RSATAUSDT,2026-10-22,2026-09-23T12:41:23.907463+00:00,0.9656110633409246,0.18323952822276032,127,0.599132006895404,E1_DOCUMENTED_PRECEDENT,0.3,0.3,"dividends_89_2026_09_23: rSATA ex 2026-08-24 0.0516 at 30%, available 2026-09-23T12:34:33+00:00 (primary)",,25000,100.01,NO_SIGNAL,cash basis UNRESOLVED; gross basis required,,,,,,,,,
exnight-strategy-v3,rSATA-2026-10-23-1,rSATA,RSATAUSDT,2026-10-23,2026-09-23T12:41:23.907463+00:00,0.9656110633409246,0.18323952822276032,127,0.599132006895404,E1_DOCUMENTED_PRECEDENT,0.3,0.3,"dividends_89_2026_09_23: rSATA ex 2026-08-24 0.0516 at 30%, available 2026-09-23T12:34:33+00:00 (primary)",,1000,100.01,NO_SIGNAL,cash basis UNRESOLVED; gross basis required,,,,,,,,,
exnight-strategy-v3,rSATA-2026-10-23-1,rSATA,RSATAUSDT,2026-10-23,2026-09-23T12:41:23.907463+00:00,0.9656110633409246,0.18323952822276032,127,0.599132006895404,E1_DOCUMENTED_PRECEDENT,0.3,0.3,"dividends_89_2026_09_23: rSATA ex 2026-08-24 0.0516 at 30%, available 2026-09-23T12:34:33+00:00 (primary)",,5000,100.01,NO_SIGNAL,cash basis UNRESOLVED; gross basis required,,,,,,,,,
exnight-strategy-v3,rSATA-2026-10-23-1,rSATA,RSATAUSDT,2026-10-23,2026-09-23T12:41:23.907463+00:00,0.9656110633409246,0.18323952822276032,127,0.599132006895404,E1_DOCUMENTED_PRECEDENT,0.3,0.3,"dividends_89_2026_09_23: rSATA ex 2026-08-24 0.0516 at 30%, available 2026-09-23T12:34:33+00:00 (primary)",,25000,100.01,NO_SIGNAL,cash basis UNRESOLVED; gross basis required,,,,,,,,,
exnight-strategy-v3,rSATA-2026-10-26-1,rSATA,RSATAUSDT,2026-10-26,2026-09-23T12:41:23.907463+00:00,0.9656110633409246,0.18323952822276032,127,0.599132006895404,E1_DOCUMENTED_PRECEDENT,0.3,0.3,"dividends_89_2026_09_23: rSATA ex 2026-08-24 0.0516 at 30%, available 2026-09-23T12:34:33+00:00 (primary)",,1000,100.01,NO_SIGNAL,cash basis UNRESOLVED; gross basis required,,,,,,,,,
exnight-strategy-v3,rSATA-2026-10-26-1,rSATA,RSATAUSDT,2026-10-26,2026-09-23T12:41:23.907463+00:00,0.9656110633409246,0.18323952822276032,127,0.599132006895404,E1_DOCUMENTED_PRECEDENT,0.3,0.3,"dividends_89_2026_09_23: rSATA ex 2026-08-24 0.0516 at 30%, available 2026-09-23T12:34:33+00:00 (primary)",,5000,100.01,NO_SIGNAL,cash basis UNRESOLVED; gross basis required,,,,,,,,,
exnight-strategy-v3,rSATA-2026-10-26-1,rSATA,RSATAUSDT,2026-10-26,2026-09-23T12:41:23.907463+00:00,0.9656110633409246,0.18323952822276032,127,0.599132006895404,E1_DOCUMENTED_PRECEDENT,0.3,0.3,"dividends_89_2026_09_23: rSATA ex 2026-08-24 0.0516 at 30%, available 2026-09-23T12:34:33+00:00 (primary)",,25000,100.01,NO_SIGNAL,cash basis UNRESOLVED; gross basis required,,,,,,,,,
exnight-strategy-v3,rSOBO-2026-09-29-1,rSOBO,RSOBOUSDT,2026-09-29,2026-09-23T12:41:23.907463+00:00,0.9656110633409246,0.18323952822276032,127,0.599132006895404,E0_RANGE,0.0,0.3,no pre-decision precedent,,1000,34.6,NO_SIGNAL,cash basis UNRESOLVED; gross basis required,,,,,,,,,
exnight-strategy-v3,rSOBO-2026-09-29-1,rSOBO,RSOBOUSDT,2026-09-29,2026-09-23T12:41:23.907463+00:00,0.9656110633409246,0.18323952822276032,127,0.599132006895404,E0_RANGE,0.0,0.3,no pre-decision precedent,,5000,34.6,NO_SIGNAL,cash basis UNRESOLVED; gross basis required,,,,,,,,,
exnight-strategy-v3,rSOBO-2026-09-29-1,rSOBO,RSOBOUSDT,2026-09-29,2026-09-23T12:41:23.907463+00:00,0.9656110633409246,0.18323952822276032,127,0.599132006895404,E0_RANGE,0.0,0.3,no pre-decision precedent,,25000,34.6,NO_SIGNAL,cash basis UNRESOLVED; gross basis required,,,,,,,,,
exnight-strategy-v3,rSNN-2026-10-02-1,rSNN,RSNNUSDT,2026-10-02,2026-09-23T12:41:23.907463+00:00,0.9656110633409246,0.18323952822276032,127,0.599132006895404,E0_RANGE,0.0,0.3,no pre-decision precedent,,1000,27.0,NO_SIGNAL,cash basis UNRESOLVED; gross basis required,,,,,,,,,
exnight-strategy-v3,rSNN-2026-10-02-1,rSNN,RSNNUSDT,2026-10-02,2026-09-23T12:41:23.907463+00:00,0.9656110633409246,0.18323952822276032,127,0.599132006895404,E0_RANGE,0.0,0.3,no pre-decision precedent,,5000,27.0,NO_SIGNAL,cash basis UNRESOLVED; gross basis required,,,,,,,,,
exnight-strategy-v3,rSNN-2026-10-02-1,rSNN,RSNNUSDT,2026-10-02,2026-09-23T12:41:23.907463+00:00,0.9656110633409246,0.18323952822276032,127,0.599132006895404,E0_RANGE,0.0,0.3,no pre-decision precedent,,25000,27.0,NO_SIGNAL,cash basis UNRESOLVED; gross basis required,,,,,,,,,
exnight-strategy-v3,rSRE-2026-09-24-1,rSRE,RSREUSDT,2026-09-24,2026-09-23T12:41:23.907463+00:00,0.9656110633409246,0.18323952822276032,127,0.599132006895404,E0_RANGE,0.0,0.3,no pre-decision precedent,,1000,80.74,NO_SIGNAL,cash basis UNRESOLVED; gross basis required,,,,,,,,,
exnight-strategy-v3,rSRE-2026-09-24-1,rSRE,RSREUSDT,2026-09-24,2026-09-23T12:41:23.907463+00:00,0.9656110633409246,0.18323952822276032,127,0.599132006895404,E0_RANGE,0.0,0.3,no pre-decision precedent,,5000,80.74,NO_SIGNAL,cash basis UNRESOLVED; gross basis required,,,,,,,,,
exnight-strategy-v3,rSRE-2026-09-24-1,rSRE,RSREUSDT,2026-09-24,2026-09-23T12:41:23.907463+00:00,0.9656110633409246,0.18323952822276032,127,0.599132006895404,E0_RANGE,0.0,0.3,no pre-decision precedent,,25000,80.74,NO_SIGNAL,cash basis UNRESOLVED; gross basis required,,,,,,,,,
exnight-strategy-v3,rSTAG-2026-09-30-1,rSTAG,RSTAGUSDT,2026-09-30,2026-09-23T12:41:23.907463+00:00,0.9656110633409246,0.18323952822276032,127,0.599132006895404,E0_RANGE,0.0,0.3,no pre-decision precedent,,1000,37.32,NO_SIGNAL,cash basis UNRESOLVED; gross basis required,,,,,,,,,
exnight-strategy-v3,rSTAG-2026-09-30-1,rSTAG,RSTAGUSDT,2026-09-30,2026-09-23T12:41:23.907463+00:00,0.9656110633409246,0.18323952822276032,127,0.599132006895404,E0_RANGE,0.0,0.3,no pre-decision precedent,,5000,37.32,NO_SIGNAL,cash basis UNRESOLVED; gross basis required,,,,,,,,,
exnight-strategy-v3,rSTAG-2026-09-30-1,rSTAG,RSTAGUSDT,2026-09-30,2026-09-23T12:41:23.907463+00:00,0.9656110633409246,0.18323952822276032,127,0.599132006895404,E0_RANGE,0.0,0.3,no pre-decision precedent,,25000,37.32,NO_SIGNAL,cash basis UNRESOLVED; gross basis required,,,,,,,,,
exnight-strategy-v3,rSSD-2026-10-01-1,rSSD,RSSDUSDT,2026-10-01,2026-09-23T12:41:23.907463+00:00,0.9656110633409246,0.18323952822276032,127,0.599132006895404,E0_RANGE,0.0,0.3,no pre-decision precedent,,1000,176.7,NO_SIGNAL,cash basis UNRESOLVED; gross basis required,,,,,,,,,
exnight-strategy-v3,rSSD-2026-10-01-1,rSSD,RSSDUSDT,2026-10-01,2026-09-23T12:41:23.907463+00:00,0.9656110633409246,0.18323952822276032,127,0.599132006895404,E0_RANGE,0.0,0.3,no pre-decision precedent,,5000,176.7,NO_SIGNAL,cash basis UNRESOLVED; gross basis required,,,,,,,,,
exnight-strategy-v3,rSSD-2026-10-01-1,rSSD,RSSDUSDT,2026-10-01,2026-09-23T12:41:23.907463+00:00,0.9656110633409246,0.18323952822276032,127,0.599132006895404,E0_RANGE,0.0,0.3,no pre-decision precedent,,25000,176.7,NO_SIGNAL,cash basis UNRESOLVED; gross basis required,,,,,,,,,
exnight-strategy-v3,rSTX-2026-09-24-1,rSTX,RSTXUSDT,2026-09-24,2026-09-23T12:41:23.907463+00:00,0.9656110633409246,0.18323952822276032,127,0.599132006895404,E1_DOCUMENTED_PRECEDENT,0.3,0.3,"dividends_2026_07_24: rSTX ex 2026-06-24 0.74 at 30%, available 2026-09-16T11:09:53+00:00 (primary)",0.7400000000000000,1000,906.9,HOLD,,2026-09-22T23:05:03.214170+00:00,public_book,2026-09-23T07:05:04.033204+00:00,public_book,5.140250758350927,-5.214893073248328,-5.214893073248328,8.15966479214908,
exnight-strategy-v3,rSTX-2026-09-24-1,rSTX,RSTXUSDT,2026-09-24,2026-09-23T12:41:23.907463+00:00,0.9656110633409246,0.18323952822276032,127,0.599132006895404,E1_DOCUMENTED_PRECEDENT,0.3,0.3,"dividends_2026_07_24: rSTX ex 2026-06-24 0.74 at 30%, available 2026-09-16T11:09:53+00:00 (primary)",0.7400000000000000,5000,906.9,HOLD,,2026-09-22T23:05:03.214170+00:00,public_book,2026-09-23T07:05:04.033204+00:00,public_book,5.140250758350725,-5.214893073248127,-5.214893073248127,8.15966479214908,
exnight-strategy-v3,rSTX-2026-09-24-1,rSTX,RSTXUSDT,2026-09-24,2026-09-23T12:41:23.907463+00:00,0.9656110633409246,0.18323952822276032,127,0.599132006895404,E1_DOCUMENTED_PRECEDENT,0.3,0.3,"dividends_2026_07_24: rSTX ex 2026-06-24 0.74 at 30%, available 2026-09-16T11:09:53+00:00 (primary)",0.7400000000000000,25000,906.9,HOLD,,2026-09-22T23:05:03.214170+00:00,public_book,2026-09-23T07:05:04.033204+00:00,public_book,5.2249528323637735,-5.299595147261175,-5.299595147261175,8.15966479214908,
exnight-strategy-v3,rSTN-2026-09-29-1,rSTN,RSTNUSDT,2026-09-29,2026-09-23T12:41:23.907463+00:00,0.9656110633409246,0.18323952822276032,127,0.599132006895404,E0_RANGE,0.0,0.3,no pre-decision precedent,,1000,71.0,NO_SIGNAL,cash basis UNRESOLVED; gross basis required,,,,,,,,,
exnight-strategy-v3,rSTN-2026-09-29-1,rSTN,RSTNUSDT,2026-09-29,2026-09-23T12:41:23.907463+00:00,0.9656110633409246,0.18323952822276032,127,0.599132006895404,E0_RANGE,0.0,0.3,no pre-decision precedent,,5000,71.0,NO_SIGNAL,cash basis UNRESOLVED; gross basis required,,,,,,,,,
exnight-strategy-v3,rSTN-2026-09-29-1,rSTN,RSTNUSDT,2026-09-29,2026-09-23T12:41:23.907463+00:00,0.9656110633409246,0.18323952822276032,127,0.599132006895404,E0_RANGE,0.0,0.3,no pre-decision precedent,,25000,71.0,NO_SIGNAL,cash basis UNRESOLVED; gross basis required,,,,,,,,,
exnight-strategy-v3,rSTLD-2026-09-30-1,rSTLD,RSTLDUSDT,2026-09-30,2026-09-23T12:41:23.907463+00:00,0.9656110633409246,0.18323952822276032,127,0.599132006895404,E0_RANGE,0.0,0.3,no pre-decision precedent,0.5300000000000000,1000,233.0,NO_SIGNAL,sell: no depth sample for this symbol/session; buy: no depth sample for this symbol/session,,,,,,,,,
exnight-strategy-v3,rSTLD-2026-09-30-1,rSTLD,RSTLDUSDT,2026-09-30,2026-09-23T12:41:23.907463+00:00,0.9656110633409246,0.18323952822276032,127,0.599132006895404,E0_RANGE,0.0,0.3,no pre-decision precedent,0.5300000000000000,5000,233.0,NO_SIGNAL,sell: no depth sample for this symbol/session; buy: no depth sample for this symbol/session,,,,,,,,,
exnight-strategy-v3,rSTLD-2026-09-30-1,rSTLD,RSTLDUSDT,2026-09-30,2026-09-23T12:41:23.907463+00:00,0.9656110633409246,0.18323952822276032,127,0.599132006895404,E0_RANGE,0.0,0.3,no pre-decision precedent,0.5300000000000000,25000,233.0,NO_SIGNAL,sell: no depth sample for this symbol/session; buy: no depth sample for this symbol/session,,,,,,,,,
exnight-strategy-v3,rSTRC-2026-09-30-1,rSTRC,RSTRCUSDT,2026-09-30,2026-09-23T12:41:23.907463+00:00,0.9656110633409246,0.18323952822276032,127,0.599132006895404,E1_DOCUMENTED_PRECEDENT,0.3,0.3,"dividends_89_2026_09_23: rSTRC ex 2026-07-31 0.5 at 30%, available 2026-09-23T12:34:33+00:00 (primary)",0.5000000000000000,1000,98.98,HOLD,,2026-09-22T23:05:03.214170+00:00,public_book,2026-09-23T07:05:04.033204+00:00,public_book,0.34360980804647606,-0.39404380459877403,-0.39404380459877403,50.51525560719337,
exnight-strategy-v3,rSTRC-2026-09-30-1,rSTRC,RSTRCUSDT,2026-09-30,2026-09-23T12:41:23.907463+00:00,0.9656110633409246,0.18323952822276032,127,0.599132006895404,E1_DOCUMENTED_PRECEDENT,0.3,0.3,"dividends_89_2026_09_23: rSTRC ex 2026-07-31 0.5 at 30%, available 2026-09-23T12:34:33+00:00 (primary)",0.5000000000000000,5000,98.98,HOLD,,2026-09-22T23:05:03.214170+00:00,public_book,2026-09-23T07:05:04.033204+00:00,public_book,0.5590688817488064,-0.6095028783011044,-0.6095028783011044,50.51525560719337,
exnight-strategy-v3,rSTRC-2026-09-30-1,rSTRC,RSTRCUSDT,2026-09-30,2026-09-23T12:41:23.907463+00:00,0.9656110633409246,0.18323952822276032,127,0.599132006895404,E1_DOCUMENTED_PRECEDENT,0.3,0.3,"dividends_89_2026_09_23: rSTRC ex 2026-07-31 0.5 at 30%, available 2026-09-23T12:34:33+00:00 (primary)",0.5000000000000000,25000,98.98,HOLD,,2026-09-22T23:05:03.214170+00:00,public_book,2026-09-23T07:05:04.033204+00:00,public_book,0.884695163953579,-0.9351291605058769,-0.9351291605058769,50.51525560719337,
exnight-strategy-v3,rSUI-2026-09-30-1,rSUI,RSUIUSDT,2026-09-30,2026-09-23T12:41:23.907463+00:00,0.9656110633409246,0.18323952822276032,127,0.599132006895404,E0_RANGE,0.0,0.3,no pre-decision precedent,,1000,114.0,NO_SIGNAL,cash basis UNRESOLVED; gross basis required,,,,,,,,,
exnight-strategy-v3,rSUI-2026-09-30-1,rSUI,RSUIUSDT,2026-09-30,2026-09-23T12:41:23.907463+00:00,0.9656110633409246,0.18323952822276032,127,0.599132006895404,E0_RANGE,0.0,0.3,no pre-decision precedent,,5000,114.0,NO_SIGNAL,cash basis UNRESOLVED; gross basis required,,,,,,,,,
exnight-strategy-v3,rSUI-2026-09-30-1,rSUI,RSUIUSDT,2026-09-30,2026-09-23T12:41:23.907463+00:00,0.9656110633409246,0.18323952822276032,127,0.599132006895404,E0_RANGE,0.0,0.3,no pre-decision precedent,,25000,114.0,NO_SIGNAL,cash basis UNRESOLVED; gross basis required,,,,,,,,,
exnight-strategy-v3,rSYK-2026-09-30-1,rSYK,RSYKUSDT,2026-09-30,2026-09-23T12:41:23.907463+00:00,0.9656110633409246,0.18323952822276032,127,0.599132006895404,E0_RANGE,0.0,0.3,no pre-decision precedent,,1000,275.35,NO_SIGNAL,cash basis UNRESOLVED; gross basis required,,,,,,,,,
exnight-strategy-v3,rSYK-2026-09-30-1,rSYK,RSYKUSDT,2026-09-30,2026-09-23T12:41:23.907463+00:00,0.9656110633409246,0.18323952822276032,127,0.599132006895404,E0_RANGE,0.0,0.3,no pre-decision precedent,,5000,275.35,NO_SIGNAL,cash basis UNRESOLVED; gross basis required,,,,,,,,,
exnight-strategy-v3,rSYK-2026-09-30-1,rSYK,RSYKUSDT,2026-09-30,2026-09-23T12:41:23.907463+00:00,0.9656110633409246,0.18323952822276032,127,0.599132006895404,E0_RANGE,0.0,0.3,no pre-decision precedent,,25000,275.35,NO_SIGNAL,cash basis UNRESOLVED; gross basis required,,,,,,,,,
exnight-strategy-v3,rSTT-2026-10-01-1,rSTT,RSTTUSDT,2026-10-01,2026-09-23T12:41:23.907463+00:00,0.9656110633409246,0.18323952822276032,127,0.599132006895404,E0_RANGE,0.0,0.3,no pre-decision precedent,,1000,179.24,NO_SIGNAL,cash basis UNRESOLVED; gross basis required,,,,,,,,,
exnight-strategy-v3,rSTT-2026-10-01-1,rSTT,RSTTUSDT,2026-10-01,2026-09-23T12:41:23.907463+00:00,0.9656110633409246,0.18323952822276032,127,0.599132006895404,E0_RANGE,0.0,0.3,no pre-decision precedent,,5000,179.24,NO_SIGNAL,cash basis UNRESOLVED; gross basis required,,,,,,,,,
exnight-strategy-v3,rSTT-2026-10-01-1,rSTT,RSTTUSDT,2026-10-01,2026-09-23T12:41:23.907463+00:00,0.9656110633409246,0.18323952822276032,127,0.599132006895404,E0_RANGE,0.0,0.3,no pre-decision precedent,,25000,179.24,NO_SIGNAL,cash basis UNRESOLVED; gross basis required,,,,,,,,,
exnight-strategy-v3,rSTM-2026-12-15-1,rSTM,RSTMUSDT,2026-12-15,2026-09-23T12:41:23.907463+00:00,0.9656110633409246,0.18323952822276032,127,0.599132006895404,E1_DOCUMENTED_PRECEDENT,0.3,0.3,"dividends_2026_07_24: rSTM ex 2026-06-23 0.0765 at 30%, available 2026-09-16T11:09:53+00:00 (primary)",,1000,52.36,NO_SIGNAL,cash basis UNRESOLVED; gross basis required,,,,,,,,,
exnight-strategy-v3,rSTM-2026-12-15-1,rSTM,RSTMUSDT,2026-12-15,2026-09-23T12:41:23.907463+00:00,0.9656110633409246,0.18323952822276032,127,0.599132006895404,E1_DOCUMENTED_PRECEDENT,0.3,0.3,"dividends_2026_07_24: rSTM ex 2026-06-23 0.0765 at 30%, available 2026-09-16T11:09:53+00:00 (primary)",,5000,52.36,NO_SIGNAL,cash basis UNRESOLVED; gross basis required,,,,,,,,,
exnight-strategy-v3,rSTM-2026-12-15-1,rSTM,RSTMUSDT,2026-12-15,2026-09-23T12:41:23.907463+00:00,0.9656110633409246,0.18323952822276032,127,0.599132006895404,E1_DOCUMENTED_PRECEDENT,0.3,0.3,"dividends_2026_07_24: rSTM ex 2026-06-23 0.0765 at 30%, available 2026-09-16T11:09:53+00:00 (primary)",,25000,52.36,NO_SIGNAL,cash basis UNRESOLVED; gross basis required,,,,,,,,,
exnight-strategy-v3,rSTM-2027-03-16-1,rSTM,RSTMUSDT,2027-03-16,2026-09-23T12:41:23.907463+00:00,0.9656110633409246,0.18323952822276032,127,0.599132006895404,E1_DOCUMENTED_PRECEDENT,0.3,0.3,"dividends_2026_07_24: rSTM ex 2026-06-23 0.0765 at 30%, available 2026-09-16T11:09:53+00:00 (primary)",,1000,52.36,NO_SIGNAL,cash basis UNRESOLVED; gross basis required,,,,,,,,,
exnight-strategy-v3,rSTM-2027-03-16-1,rSTM,RSTMUSDT,2027-03-16,2026-09-23T12:41:23.907463+00:00,0.9656110633409246,0.18323952822276032,127,0.599132006895404,E1_DOCUMENTED_PRECEDENT,0.3,0.3,"dividends_2026_07_24: rSTM ex 2026-06-23 0.0765 at 30%, available 2026-09-16T11:09:53+00:00 (primary)",,5000,52.36,NO_SIGNAL,cash basis UNRESOLVED; gross basis required,,,,,,,,,
exnight-strategy-v3,rSTM-2027-03-16-1,rSTM,RSTMUSDT,2027-03-16,2026-09-23T12:41:23.907463+00:00,0.9656110633409246,0.18323952822276032,127,0.599132006895404,E1_DOCUMENTED_PRECEDENT,0.3,0.3,"dividends_2026_07_24: rSTM ex 2026-06-23 0.0765 at 30%, available 2026-09-16T11:09:53+00:00 (primary)",,25000,52.36,NO_SIGNAL,cash basis UNRESOLVED; gross basis required,,,,,,,,,
exnight-strategy-v3,rSYY-2026-10-02-1,rSYY,RSYYUSDT,2026-10-02,2026-09-23T12:41:23.907463+00:00,0.9656110633409246,0.18323952822276032,127,0.599132006895404,E0_RANGE,0.0,0.3,no pre-decision precedent,,1000,78.67,NO_SIGNAL,cash basis UNRESOLVED; gross basis required,,,,,,,,,
exnight-strategy-v3,rSYY-2026-10-02-1,rSYY,RSYYUSDT,2026-10-02,2026-09-23T12:41:23.907463+00:00,0.9656110633409246,0.18323952822276032,127,0.599132006895404,E0_RANGE,0.0,0.3,no pre-decision precedent,,5000,78.67,NO_SIGNAL,cash basis UNRESOLVED; gross basis required,,,,,,,,,
exnight-strategy-v3,rSYY-2026-10-02-1,rSYY,RSYYUSDT,2026-10-02,2026-09-23T12:41:23.907463+00:00,0.9656110633409246,0.18323952822276032,127,0.599132006895404,E0_RANGE,0.0,0.3,no pre-decision precedent,,25000,78.67,NO_SIGNAL,cash basis UNRESOLVED; gross basis required,,,,,,,,,
exnight-strategy-v3,rTD-2026-10-09-1,rTD,RTDUSDT,2026-10-09,2026-09-23T12:41:23.907463+00:00,0.9656110633409246,0.18323952822276032,127,0.599132006895404,E0_RANGE,0.0,0.3,no pre-decision precedent,,1000,122.65,NO_SIGNAL,cash basis UNRESOLVED; gross basis required,,,,,,,,,
exnight-strategy-v3,rTD-2026-10-09-1,rTD,RTDUSDT,2026-10-09,2026-09-23T12:41:23.907463+00:00,0.9656110633409246,0.18323952822276032,127,0.599132006895404,E0_RANGE,0.0,0.3,no pre-decision precedent,,5000,122.65,NO_SIGNAL,cash basis UNRESOLVED; gross basis required,,,,,,,,,
exnight-strategy-v3,rTD-2026-10-09-1,rTD,RTDUSDT,2026-10-09,2026-09-23T12:41:23.907463+00:00,0.9656110633409246,0.18323952822276032,127,0.599132006895404,E0_RANGE,0.0,0.3,no pre-decision precedent,,25000,122.65,NO_SIGNAL,cash basis UNRESOLVED; gross basis required,,,,,,,,,
exnight-strategy-v3,rTFII-2026-09-30-1,rTFII,RTFIIUSDT,2026-09-30,2026-09-23T12:41:23.907463+00:00,0.9656110633409246,0.18323952822276032,127,0.599132006895404,E0_RANGE,0.0,0.3,no pre-decision precedent,,1000,125.01,NO_SIGNAL,cash basis UNRESOLVED; gross basis required,,,,,,,,,
exnight-strategy-v3,rTFII-2026-09-30-1,rTFII,RTFIIUSDT,2026-09-30,2026-09-23T12:41:23.907463+00:00,0.9656110633409246,0.18323952822276032,127,0.599132006895404,E0_RANGE,0.0,0.3,no pre-decision precedent,,5000,125.01,NO_SIGNAL,cash basis UNRESOLVED; gross basis required,,,,,,,,,
exnight-strategy-v3,rTFII-2026-09-30-1,rTFII,RTFIIUSDT,2026-09-30,2026-09-23T12:41:23.907463+00:00,0.9656110633409246,0.18323952822276032,127,0.599132006895404,E0_RANGE,0.0,0.3,no pre-decision precedent,,25000,125.01,NO_SIGNAL,cash basis UNRESOLVED; gross basis required,,,,,,,,,
exnight-strategy-v3,rTIGO-2026-10-08-1,rTIGO,RTIGOUSDT,2026-10-08,2026-09-23T12:41:23.907463+00:00,0.9656110633409246,0.18323952822276032,127,0.599132006895404,E0_RANGE,0.0,0.3,no pre-decision precedent,0.7500000000000000,1000,94.41,NO_SIGNAL,sell: no depth sample for this symbol/session; buy: no depth sample for this symbol/session,,,,,,,,,
exnight-strategy-v3,rTIGO-2026-10-08-1,rTIGO,RTIGOUSDT,2026-10-08,2026-09-23T12:41:23.907463+00:00,0.9656110633409246,0.18323952822276032,127,0.599132006895404,E0_RANGE,0.0,0.3,no pre-decision precedent,0.7500000000000000,5000,94.41,NO_SIGNAL,sell: no depth sample for this symbol/session; buy: no depth sample for this symbol/session,,,,,,,,,
exnight-strategy-v3,rTIGO-2026-10-08-1,rTIGO,RTIGOUSDT,2026-10-08,2026-09-23T12:41:23.907463+00:00,0.9656110633409246,0.18323952822276032,127,0.599132006895404,E0_RANGE,0.0,0.3,no pre-decision precedent,0.7500000000000000,25000,94.41,NO_SIGNAL,sell: no depth sample for this symbol/session; buy: no depth sample for this symbol/session,,,,,,,,,
exnight-strategy-v3,rTJX-2026-11-12-1,rTJX,RTJXUSDT,2026-11-12,2026-09-23T12:41:23.907463+00:00,0.9656110633409246,0.18323952822276032,127,0.599132006895404,E0_RANGE,0.0,0.3,no pre-decision precedent,,1000,131.06,NO_SIGNAL,cash basis UNRESOLVED; gross basis required,,,,,,,,,
exnight-strategy-v3,rTJX-2026-11-12-1,rTJX,RTJXUSDT,2026-11-12,2026-09-23T12:41:23.907463+00:00,0.9656110633409246,0.18323952822276032,127,0.599132006895404,E0_RANGE,0.0,0.3,no pre-decision precedent,,5000,131.06,NO_SIGNAL,cash basis UNRESOLVED; gross basis required,,,,,,,,,
exnight-strategy-v3,rTJX-2026-11-12-1,rTJX,RTJXUSDT,2026-11-12,2026-09-23T12:41:23.907463+00:00,0.9656110633409246,0.18323952822276032,127,0.599132006895404,E0_RANGE,0.0,0.3,no pre-decision precedent,,25000,131.06,NO_SIGNAL,cash basis UNRESOLVED; gross basis required,,,,,,,,,
exnight-strategy-v3,rTIGO-2027-01-08-1,rTIGO,RTIGOUSDT,2027-01-08,2026-09-23T12:41:23.907463+00:00,0.9656110633409246,0.18323952822276032,127,0.599132006895404,E0_RANGE,0.0,0.3,no pre-decision precedent,,1000,94.41,NO_SIGNAL,cash basis UNRESOLVED; gross basis required,,,,,,,,,
exnight-strategy-v3,rTIGO-2027-01-08-1,rTIGO,RTIGOUSDT,2027-01-08,2026-09-23T12:41:23.907463+00:00,0.9656110633409246,0.18323952822276032,127,0.599132006895404,E0_RANGE,0.0,0.3,no pre-decision precedent,,5000,94.41,NO_SIGNAL,cash basis UNRESOLVED; gross basis required,,,,,,,,,
exnight-strategy-v3,rTIGO-2027-01-08-1,rTIGO,RTIGOUSDT,2027-01-08,2026-09-23T12:41:23.907463+00:00,0.9656110633409246,0.18323952822276032,127,0.599132006895404,E0_RANGE,0.0,0.3,no pre-decision precedent,,25000,94.41,NO_SIGNAL,cash basis UNRESOLVED; gross basis required,,,,,,,,,
exnight-strategy-v3,rTIGO-2027-04-08-1,rTIGO,RTIGOUSDT,2027-04-08,2026-09-23T12:41:23.907463+00:00,0.9656110633409246,0.18323952822276032,127,0.599132006895404,E0_RANGE,0.0,0.3,no pre-decision precedent,,1000,94.41,NO_SIGNAL,cash basis UNRESOLVED; gross basis required,,,,,,,,,
exnight-strategy-v3,rTIGO-2027-04-08-1,rTIGO,RTIGOUSDT,2027-04-08,2026-09-23T12:41:23.907463+00:00,0.9656110633409246,0.18323952822276032,127,0.599132006895404,E0_RANGE,0.0,0.3,no pre-decision precedent,,5000,94.41,NO_SIGNAL,cash basis UNRESOLVED; gross basis required,,,,,,,,,
exnight-strategy-v3,rTIGO-2027-04-08-1,rTIGO,RTIGOUSDT,2027-04-08,2026-09-23T12:41:23.907463+00:00,0.9656110633409246,0.18323952822276032,127,0.599132006895404,E0_RANGE,0.0,0.3,no pre-decision precedent,,25000,94.41,NO_SIGNAL,cash basis UNRESOLVED; gross basis required,,,,,,,,,
exnight-strategy-v3,rTRP-2026-09-29-1,rTRP,RTRPUSDT,2026-09-29,2026-09-23T12:41:23.907463+00:00,0.9656110633409246,0.18323952822276032,127,0.599132006895404,E0_RANGE,0.0,0.3,no pre-decision precedent,,1000,59.9,NO_SIGNAL,cash basis UNRESOLVED; gross basis required,,,,,,,,,
exnight-strategy-v3,rTRP-2026-09-29-1,rTRP,RTRPUSDT,2026-09-29,2026-09-23T12:41:23.907463+00:00,0.9656110633409246,0.18323952822276032,127,0.599132006895404,E0_RANGE,0.0,0.3,no pre-decision precedent,,5000,59.9,NO_SIGNAL,cash basis UNRESOLVED; gross basis required,,,,,,,,,
exnight-strategy-v3,rTRP-2026-09-29-1,rTRP,RTRPUSDT,2026-09-29,2026-09-23T12:41:23.907463+00:00,0.9656110633409246,0.18323952822276032,127,0.599132006895404,E0_RANGE,0.0,0.3,no pre-decision precedent,,25000,59.9,NO_SIGNAL,cash basis UNRESOLVED; gross basis required,,,,,,,,,
exnight-strategy-v3,rTRNO-2026-09-30-1,rTRNO,RTRNOUSDT,2026-09-30,2026-09-23T12:41:23.907463+00:00,0.9656110633409246,0.18323952822276032,127,0.599132006895404,E0_RANGE,0.0,0.3,no pre-decision precedent,,1000,66.4,NO_SIGNAL,cash basis UNRESOLVED; gross basis required,,,,,,,,,
exnight-strategy-v3,rTRNO-2026-09-30-1,rTRNO,RTRNOUSDT,2026-09-30,2026-09-23T12:41:23.907463+00:00,0.9656110633409246,0.18323952822276032,127,0.599132006895404,E0_RANGE,0.0,0.3,no pre-decision precedent,,5000,66.4,NO_SIGNAL,cash basis UNRESOLVED; gross basis required,,,,,,,,,
exnight-strategy-v3,rTRNO-2026-09-30-1,rTRNO,RTRNOUSDT,2026-09-30,2026-09-23T12:41:23.907463+00:00,0.9656110633409246,0.18323952822276032,127,0.599132006895404,E0_RANGE,0.0,0.3,no pre-decision precedent,,25000,66.4,NO_SIGNAL,cash basis UNRESOLVED; gross basis required,,,,,,,,,
exnight-strategy-v3,rTS-2026-11-24-1,rTS,RTSUSDT,2026-11-24,2026-09-23T12:41:23.907463+00:00,0.9656110633409246,0.18323952822276032,127,0.599132006895404,E0_RANGE,0.0,0.3,no pre-decision precedent,,1000,55.63,NO_SIGNAL,cash basis UNRESOLVED; gross basis required,,,,,,,,,
exnight-strategy-v3,rTS-2026-11-24-1,rTS,RTSUSDT,2026-11-24,2026-09-23T12:41:23.907463+00:00,0.9656110633409246,0.18323952822276032,127,0.599132006895404,E0_RANGE,0.0,0.3,no pre-decision precedent,,5000,55.63,NO_SIGNAL,cash basis UNRESOLVED; gross basis required,,,,,,,,,
exnight-strategy-v3,rTS-2026-11-24-1,rTS,RTSUSDT,2026-11-24,2026-09-23T12:41:23.907463+00:00,0.9656110633409246,0.18323952822276032,127,0.599132006895404,E0_RANGE,0.0,0.3,no pre-decision precedent,,25000,55.63,NO_SIGNAL,cash basis UNRESOLVED; gross basis required,,,,,,,,,
exnight-strategy-v3,rTSN-2026-12-01-1,rTSN,RTSNUSDT,2026-12-01,2026-09-23T12:41:23.907463+00:00,0.9656110633409246,0.18323952822276032,127,0.599132006895404,E0_RANGE,0.0,0.3,no pre-decision precedent,,1000,52.15,NO_SIGNAL,cash basis UNRESOLVED; gross basis required,,,,,,,,,
exnight-strategy-v3,rTSN-2026-12-01-1,rTSN,RTSNUSDT,2026-12-01,2026-09-23T12:41:23.907463+00:00,0.9656110633409246,0.18323952822276032,127,0.599132006895404,E0_RANGE,0.0,0.3,no pre-decision precedent,,5000,52.15,NO_SIGNAL,cash basis UNRESOLVED; gross basis required,,,,,,,,,
exnight-strategy-v3,rTSN-2026-12-01-1,rTSN,RTSNUSDT,2026-12-01,2026-09-23T12:41:23.907463+00:00,0.9656110633409246,0.18323952822276032,127,0.599132006895404,E0_RANGE,0.0,0.3,no pre-decision precedent,,25000,52.15,NO_SIGNAL,cash basis UNRESOLVED; gross basis required,,,,,,,,,
exnight-strategy-v3,rTSM-2026-12-10-1,rTSM,RTSMUSDT,2026-12-10,2026-09-23T12:41:23.907463+00:00,0.9656110633409246,0.18323952822276032,127,0.599132006895404,E1_DOCUMENTED_PRECEDENT,0.3,0.3,"dividends_2026_07_24: rTSM ex 2026-06-11 0.742067 at 30%, available 2026-09-16T11:09:53+00:00 (primary)",,1000,447.5,NO_SIGNAL,cash basis UNRESOLVED; gross basis required,,,,,,,,,
exnight-strategy-v3,rTSM-2026-12-10-1,rTSM,RTSMUSDT,2026-12-10,2026-09-23T12:41:23.907463+00:00,0.9656110633409246,0.18323952822276032,127,0.599132006895404,E1_DOCUMENTED_PRECEDENT,0.3,0.3,"dividends_2026_07_24: rTSM ex 2026-06-11 0.742067 at 30%, available 2026-09-16T11:09:53+00:00 (primary)",,5000,447.5,NO_SIGNAL,cash basis UNRESOLVED; gross basis required,,,,,,,,,
exnight-strategy-v3,rTSM-2026-12-10-1,rTSM,RTSMUSDT,2026-12-10,2026-09-23T12:41:23.907463+00:00,0.9656110633409246,0.18323952822276032,127,0.599132006895404,E1_DOCUMENTED_PRECEDENT,0.3,0.3,"dividends_2026_07_24: rTSM ex 2026-06-11 0.742067 at 30%, available 2026-09-16T11:09:53+00:00 (primary)",,25000,447.5,NO_SIGNAL,cash basis UNRESOLVED; gross basis required,,,,,,,,,
exnight-strategy-v3,rUSB-2026-09-30-1,rUSB,RUSBUSDT,2026-09-30,2026-09-23T12:41:23.907463+00:00,0.9656110633409246,0.18323952822276032,127,0.599132006895404,E0_RANGE,0.0,0.3,no pre-decision precedent,,1000,59.69,NO_SIGNAL,cash basis UNRESOLVED; gross basis required,,,,,,,,,
exnight-strategy-v3,rUSB-2026-09-30-1,rUSB,RUSBUSDT,2026-09-30,2026-09-23T12:41:23.907463+00:00,0.9656110633409246,0.18323952822276032,127,0.599132006895404,E0_RANGE,0.0,0.3,no pre-decision precedent,,5000,59.69,NO_SIGNAL,cash basis UNRESOLVED; gross basis required,,,,,,,,,
exnight-strategy-v3,rUSB-2026-09-30-1,rUSB,RUSBUSDT,2026-09-30,2026-09-23T12:41:23.907463+00:00,0.9656110633409246,0.18323952822276032,127,0.599132006895404,E0_RANGE,0.0,0.3,no pre-decision precedent,,25000,59.69,NO_SIGNAL,cash basis UNRESOLVED; gross basis required,,,,,,,,,
exnight-strategy-v3,rVIV-2026-09-28-1,rVIV,RVIVUSDT,2026-09-28,2026-09-23T12:41:23.907463+00:00,0.9656110633409246,0.18323952822276032,127,0.599132006895404,E0_RANGE,0.0,0.3,no pre-decision precedent,,1000,12.0,NO_SIGNAL,cash basis UNRESOLVED; gross basis required,,,,,,,,,
exnight-strategy-v3,rVIV-2026-09-28-1,rVIV,RVIVUSDT,2026-09-28,2026-09-23T12:41:23.907463+00:00,0.9656110633409246,0.18323952822276032,127,0.599132006895404,E0_RANGE,0.0,0.3,no pre-decision precedent,,5000,12.0,NO_SIGNAL,cash basis UNRESOLVED; gross basis required,,,,,,,,,
exnight-strategy-v3,rVIV-2026-09-28-1,rVIV,RVIVUSDT,2026-09-28,2026-09-23T12:41:23.907463+00:00,0.9656110633409246,0.18323952822276032,127,0.599132006895404,E0_RANGE,0.0,0.3,no pre-decision precedent,,25000,12.0,NO_SIGNAL,cash basis UNRESOLVED; gross basis required,,,,,,,,,
exnight-strategy-v3,rVMI-2026-09-25-1,rVMI,RVMIUSDT,2026-09-25,2026-09-23T12:41:23.907463+00:00,0.9656110633409246,0.18323952822276032,127,0.599132006895404,E0_RANGE,0.0,0.3,no pre-decision precedent,,1000,469.45,NO_SIGNAL,cash basis UNRESOLVED; gross basis required,,,,,,,,,
exnight-strategy-v3,rVMI-2026-09-25-1,rVMI,RVMIUSDT,2026-09-25,2026-09-23T12:41:23.907463+00:00,0.9656110633409246,0.18323952822276032,127,0.599132006895404,E0_RANGE,0.0,0.3,no pre-decision precedent,,5000,469.45,NO_SIGNAL,cash basis UNRESOLVED; gross basis required,,,,,,,,,
exnight-strategy-v3,rVMI-2026-09-25-1,rVMI,RVMIUSDT,2026-09-25,2026-09-23T12:41:23.907463+00:00,0.9656110633409246,0.18323952822276032,127,0.599132006895404,E0_RANGE,0.0,0.3,no pre-decision precedent,,25000,469.45,NO_SIGNAL,cash basis UNRESOLVED; gross basis required,,,,,,,,,
exnight-strategy-v3,rVSNT-2026-10-01-1,rVSNT,RVSNTUSDT,2026-10-01,2026-09-23T12:41:23.907463+00:00,0.9656110633409246,0.18323952822276032,127,0.599132006895404,E0_RANGE,0.0,0.3,no pre-decision precedent,0.3750000000000000,1000,33.82,NO_SIGNAL,sell: no depth sample for this symbol/session; buy: no depth sample for this symbol/session,,,,,,,,,
exnight-strategy-v3,rVSNT-2026-10-01-1,rVSNT,RVSNTUSDT,2026-10-01,2026-09-23T12:41:23.907463+00:00,0.9656110633409246,0.18323952822276032,127,0.599132006895404,E0_RANGE,0.0,0.3,no pre-decision precedent,0.3750000000000000,5000,33.82,NO_SIGNAL,sell: no depth sample for this symbol/session; buy: no depth sample for this symbol/session,,,,,,,,,
exnight-strategy-v3,rVSNT-2026-10-01-1,rVSNT,RVSNTUSDT,2026-10-01,2026-09-23T12:41:23.907463+00:00,0.9656110633409246,0.18323952822276032,127,0.599132006895404,E0_RANGE,0.0,0.3,no pre-decision precedent,0.3750000000000000,25000,33.82,NO_SIGNAL,sell: no depth sample for this symbol/session; buy: no depth sample for this symbol/session,,,,,,,,,
exnight-strategy-v3,rVZ-2026-10-09-1,rVZ,RVZUSDT,2026-10-09,2026-09-23T12:41:23.907463+00:00,0.9656110633409246,0.18323952822276032,127,0.599132006895404,E0_RANGE,0.0,0.3,no pre-decision precedent,,1000,46.83,NO_SIGNAL,cash basis UNRESOLVED; gross basis required,,,,,,,,,
exnight-strategy-v3,rVZ-2026-10-09-1,rVZ,RVZUSDT,2026-10-09,2026-09-23T12:41:23.907463+00:00,0.9656110633409246,0.18323952822276032,127,0.599132006895404,E0_RANGE,0.0,0.3,no pre-decision precedent,,5000,46.83,NO_SIGNAL,cash basis UNRESOLVED; gross basis required,,,,,,,,,
exnight-strategy-v3,rVZ-2026-10-09-1,rVZ,RVZUSDT,2026-10-09,2026-09-23T12:41:23.907463+00:00,0.9656110633409246,0.18323952822276032,127,0.599132006895404,E0_RANGE,0.0,0.3,no pre-decision precedent,,25000,46.83,NO_SIGNAL,cash basis UNRESOLVED; gross basis required,,,,,,,,,
exnight-strategy-v3,rVSEC-2026-10-15-1,rVSEC,RVSECUSDT,2026-10-15,2026-09-23T12:41:23.907463+00:00,0.9656110633409246,0.18323952822276032,127,0.599132006895404,E0_RANGE,0.0,0.3,no pre-decision precedent,0.1000000000000000,1000,183.42,NO_SIGNAL,sell: no depth sample for this symbol/session; buy: no depth sample for this symbol/session,,,,,,,,,
exnight-strategy-v3,rVSEC-2026-10-15-1,rVSEC,RVSECUSDT,2026-10-15,2026-09-23T12:41:23.907463+00:00,0.9656110633409246,0.18323952822276032,127,0.599132006895404,E0_RANGE,0.0,0.3,no pre-decision precedent,0.1000000000000000,5000,183.42,NO_SIGNAL,sell: no depth sample for this symbol/session; buy: no depth sample for this symbol/session,,,,,,,,,
exnight-strategy-v3,rVSEC-2026-10-15-1,rVSEC,RVSECUSDT,2026-10-15,2026-09-23T12:41:23.907463+00:00,0.9656110633409246,0.18323952822276032,127,0.599132006895404,E0_RANGE,0.0,0.3,no pre-decision precedent,0.1000000000000000,25000,183.42,NO_SIGNAL,sell: no depth sample for this symbol/session; buy: no depth sample for this symbol/session,,,,,,,,,
exnight-strategy-v3,rWTW-2026-09-30-1,rWTW,RWTWUSDT,2026-09-30,2026-09-23T12:41:23.907463+00:00,0.9656110633409246,0.18323952822276032,127,0.599132006895404,E0_RANGE,0.0,0.3,no pre-decision precedent,0.9600000000000000,1000,301.73,NO_SIGNAL,sell: no depth sample for this symbol/session; buy: no depth sample for this symbol/session,,,,,,,,,
exnight-strategy-v3,rWTW-2026-09-30-1,rWTW,RWTWUSDT,2026-09-30,2026-09-23T12:41:23.907463+00:00,0.9656110633409246,0.18323952822276032,127,0.599132006895404,E0_RANGE,0.0,0.3,no pre-decision precedent,0.9600000000000000,5000,301.73,NO_SIGNAL,sell: no depth sample for this symbol/session; buy: no depth sample for this symbol/session,,,,,,,,,
exnight-strategy-v3,rWTW-2026-09-30-1,rWTW,RWTWUSDT,2026-09-30,2026-09-23T12:41:23.907463+00:00,0.9656110633409246,0.18323952822276032,127,0.599132006895404,E0_RANGE,0.0,0.3,no pre-decision precedent,0.9600000000000000,25000,301.73,NO_SIGNAL,sell: no depth sample for this symbol/session; buy: no depth sample for this symbol/session,,,,,,,,,
exnight-strategy-v3,rWMT-2026-12-11-1,rWMT,RWMTUSDT,2026-12-11,2026-09-23T12:41:23.907463+00:00,0.9656110633409246,0.18323952822276032,127,0.599132006895404,E0_RANGE,0.0,0.3,no pre-decision precedent,0.2475000000000000,1000,110.78,NO_SIGNAL,sell: no depth sample for this symbol/session; buy: no depth sample for this symbol/session,,,,,,,,,
exnight-strategy-v3,rWMT-2026-12-11-1,rWMT,RWMTUSDT,2026-12-11,2026-09-23T12:41:23.907463+00:00,0.9656110633409246,0.18323952822276032,127,0.599132006895404,E0_RANGE,0.0,0.3,no pre-decision precedent,0.2475000000000000,5000,110.78,NO_SIGNAL,sell: no depth sample for this symbol/session; buy: no depth sample for this symbol/session,,,,,,,,,
exnight-strategy-v3,rWMT-2026-12-11-1,rWMT,RWMTUSDT,2026-12-11,2026-09-23T12:41:23.907463+00:00,0.9656110633409246,0.18323952822276032,127,0.599132006895404,E0_RANGE,0.0,0.3,no pre-decision precedent,0.2475000000000000,25000,110.78,NO_SIGNAL,sell: no depth sample for this symbol/session; buy: no depth sample for this symbol/session,,,,,,,,,
exnight-strategy-v3,rZBH-2026-09-30-1,rZBH,RZBHUSDT,2026-09-30,2026-09-23T12:41:23.907463+00:00,0.9656110633409246,0.18323952822276032,127,0.599132006895404,E0_RANGE,0.0,0.3,no pre-decision precedent,,1000,94.0,NO_SIGNAL,cash basis UNRESOLVED; gross basis required,,,,,,,,,
exnight-strategy-v3,rZBH-2026-09-30-1,rZBH,RZBHUSDT,2026-09-30,2026-09-23T12:41:23.907463+00:00,0.9656110633409246,0.18323952822276032,127,0.599132006895404,E0_RANGE,0.0,0.3,no pre-decision precedent,,5000,94.0,NO_SIGNAL,cash basis UNRESOLVED; gross basis required,,,,,,,,,
exnight-strategy-v3,rZBH-2026-09-30-1,rZBH,RZBHUSDT,2026-09-30,2026-09-23T12:41:23.907463+00:00,0.9656110633409246,0.18323952822276032,127,0.599132006895404,E0_RANGE,0.0,0.3,no pre-decision precedent,,25000,94.0,NO_SIGNAL,cash basis UNRESOLVED; gross basis required,,,,,,,,,
exnight-strategy-v3,rYMM-2026-10-14-1,rYMM,RYMMUSDT,2026-10-14,2026-09-23T12:41:23.907463+00:00,0.9656110633409246,0.18323952822276032,127,0.599132006895404,E0_RANGE,0.0,0.3,no pre-decision precedent,,1000,8.41,NO_SIGNAL,cash basis UNRESOLVED; gross basis required,,,,,,,,,
exnight-strategy-v3,rYMM-2026-10-14-1,rYMM,RYMMUSDT,2026-10-14,2026-09-23T12:41:23.907463+00:00,0.9656110633409246,0.18323952822276032,127,0.599132006895404,E0_RANGE,0.0,0.3,no pre-decision precedent,,5000,8.41,NO_SIGNAL,cash basis UNRESOLVED; gross basis required,,,,,,,,,
exnight-strategy-v3,rYMM-2026-10-14-1,rYMM,RYMMUSDT,2026-10-14,2026-09-23T12:41:23.907463+00:00,0.9656110633409246,0.18323952822276032,127,0.599132006895404,E0_RANGE,0.0,0.3,no pre-decision precedent,,25000,8.41,NO_SIGNAL,cash basis UNRESOLVED; gross basis required,,,,,,,,,
